0	0.0	0.22321124200706777	([920], [920, 919])
0	0.0	0.22914162718155215	([10], [10, 9])
0	0.0	0.24502000461712642	([413], [413, 412])
0	0.0	0.24615323246708115	([239], [239, 238])
0	0.0	0.2462516883497998	([383], [383, 382])
0	0.0	0.24729199356526024	([727], [727, 726])
0	0.0	0.24754293302005356	([17], [17, 16])
0	0.0	0.25096080332996246	([932], [932, 931])
0	0.0	0.2515231281638659	([763], [763, 762])
0	0.0	0.25210364968637783	([929], [929, 928])
0	0.0	0.252215168537346	([23], [23, 22])
0	0.0	0.2526223367161114	([795], [795, 794])
0	0.0	0.2538506364482939	([128], [128, 127])
0	0.0	0.25541870174416453	([916], [916, 915])
0	0.0	0.2560628838648098	([9], [9, 8])
0	0.0	0.257591849674346	([776], [776, 775])
0	0.0	0.25799169754238865	([322], [322, 321])
0	0.0	0.25812021980687727	([594], [594, 593])
0	0.0	0.25830359304685885	([947], [947, 946])
0	0.0	0.2585471231862156	([860], [860, 859])
0	0.0	0.2586109488619215	([541], [541, 540])
0	0.0	0.258858134861886	([608], [608, 607])
0	0.0	0.2591289623518506	([761], [761, 760])
0	0.0	0.2594953159694784	([24], [24, 23])
0	0.0	0.25950867543962597	([6], [6, 5])
0	0.0	0.2597744380931516	([846], [846, 845])
0	0.0	0.2607389425457952	([270], [270, 269])
0	0.0	0.2609338998729333	([599], [599, 598])
0	0.0	0.2612266773714371	([37], [37, 36])
0	0.0	0.2612612125688329	([364], [364, 363])
0	0.0	0.26134039194313735	([124], [124, 123])
0	0.0	0.26225521339470587	([442], [442, 441])
0	0.0	0.26227221732906203	([408], [408, 407])
0	0.0	0.26233796040506546	([387], [387, 386])
0	0.0	0.2625567076335013	([922], [922, 921])
0	0.0	0.2635027384336572	([35], [35, 34])
0	0.0	0.26420924477296764	([369], [369, 368])
0	0.0	0.26449296455811394	([521], [521, 520])
0	0.0	0.2644968451761613	([844], [844, 843])
0	0.0	0.26453621400112715	([924], [924, 923])
0	0.0	0.2646319399610499	([38], [38, 37])
0	0.0	0.2649555594623685	([596], [596, 595])
0	0.0	0.26496458580509524	([357], [357, 356])
0	0.0	0.2649960283536682	([875], [875, 874])
0	0.0	0.26508274474746873	([778], [778, 777])
0	0.0	0.2652743603899902	([551], [551, 550])
0	0.0	0.2653198795971568	([404], [404, 403])
0	0.0	0.26539932978469766	([869], [869, 868])
0	0.0	0.26554537525046623	([131], [131, 130])
0	0.0	0.2660410129092193	([31], [31, 30])
0	0.0	0.2662812173605452	([198], [198, 197])
0	0.0	0.26675870335421287	([770], [770, 769])
0	0.0	0.26695745457612646	([352], [352, 351])
0	0.0	0.26703965309902916	([8], [8, 7])
0	0.0	0.26769576092878433	([628], [628, 627])
0	0.0	0.26862127105930167	([183], [183, 182])
0	0.0	0.2686515179396944	([273], [273, 272])
0	0.0	0.2690277301507522	([397], [397, 396])
0	0.0	0.2691140359444155	([883], [883, 882])
0	0.0	0.26917497073565094	([350], [350, 349])
0	0.0	0.26926816801423425	([948], [948, 947])
0	0.0	0.26927380598226913	([416], [416, 415])
0	0.0	0.2698545062912705	([108], [108, 107])
0	0.0	0.2699835562099109	([554], [554, 553])
0	0.0	0.27005287541472134	([821], [821, 820])
0	0.0	0.27023951196391016	([28], [28, 27])
0	0.0	0.27032943732028564	([545], [545, 544])
0	0.0	0.2704019755098493	([123], [123, 122])
0	0.0	0.27051678446381794	([435], [435, 434])
0	0.0	0.2705486582680837	([552], [552, 551])
0	0.0	0.27062964069609785	([110], [110, 109])
0	0.0	0.2707658207726501	([571], [571, 570])
0	0.0	0.27098430080149455	([375], [375, 374])
0	0.0	0.271074299618972	([907], [907, 906])
0	0.0	0.27147018377768156	([760], [760, 759])
0	0.0	0.2715451834094695	([41], [41, 40])
0	0.0	0.271581490546609	([345], [345, 344])
0	0.0	0.27158275325174974	([687], [687, 686])
0	0.0	0.2719536066734669	([517], [517, 516])
0	0.0	0.27199278242528063	([428], [428, 427])
0	0.0	0.2723226967170269	([381], [381, 380])
0	0.0	0.27238408049312485	([354], [354, 353])
0	0.0	0.27288076486889956	([945], [945, 944])
0	0.0	0.2729534929160004	([410], [410, 409])
0	0.0	0.2729918056264845	([734], [734, 733])
0	0.0	0.273104571416436	([523], [523, 522])
0	0.0	0.2731085911249226	([61], [61, 60])
0	0.0	0.2731095784077819	([722], [722, 721])
0	0.0	0.2732099630134287	([868], [868, 867])
0	0.0	0.27325215357974947	([705], [705, 704])
0	0.0	0.273265284438213	([363], [363, 362])
0	0.0	0.2733998150547658	([694], [694, 693])
0	0.0	0.2734844043851102	([546], [546, 545])
0	0.0	0.27364062964155195	([445], [445, 444])
0	0.0	0.2736443617427496	([437], [437, 436])
0	0.0	0.2737428268543586	([367], [367, 366])
0	0.0	0.27375539853021125	([201], [201, 200])
0	0.0	0.2741141549901765	([559], [559, 558])
0	0.0	0.27423064937320474	([4], [4, 3])
0	0.0	0.27434852143112587	([894], [894, 893])
0	0.0	0.2745874827356124	([12], [12, 11])
0	0.0	0.27460744154935623	([42], [42, 41])
0	0.0	0.2746335424591667	([561], [561, 560])
0	0.0	0.2746391098421324	([557], [557, 556])
0	0.0	0.27475014600134273	([533], [533, 532])
0	0.0	0.27484266578508965	([753], [753, 752])
0	0.0	0.27492503848049604	([7], [7, 6])
0	0.0	0.27504726316872913	([379], [379, 378])
0	0.0	0.275061640948456	([643], [643, 642])
0	0.0	0.275154481043326	([573], [573, 572])
0	0.0	0.27525179230183017	([518], [518, 517])
0	0.0	0.2753908198810676	([54], [54, 53])
0	0.0	0.2754574360873867	([474], [474, 473])
0	0.0	0.2755864253110644	([673], [673, 672])
0	0.0	0.27567417058834753	([658], [658, 657])
0	0.0	0.2756819765545986	([634], [634, 633])
0	0.0	0.27569867478837873	([739], [739, 738])
0	0.0	0.2758004261980781	([737], [737, 736])
0	0.0	0.27591827825950144	([562], [562, 561])
0	0.0	0.27594183078900303	([111], [111, 110])
0	0.0	0.27596629069132234	([936], [936, 935])
0	0.0	0.2760645809655139	([939], [939, 938])
0	0.0	0.2763108927622687	([819], [819, 818])
0	0.0	0.27655131151794604	([36], [36, 35])
0	0.0	0.2767867036950654	([373], [373, 372])
0	0.0	0.27689808721374853	([842], [842, 841])
0	0.0	0.2769186257256678	([699], [699, 698])
0	0.0	0.2769713677422316	([372], [372, 371])
0	0.0	0.27707812927490666	([233], [233, 232])
0	0.0	0.2770931899893001	([857], [857, 856])
0	0.0	0.27717099515146953	([447], [447, 446])
0	0.0	0.2771989843293925	([226], [226, 225])
0	0.0	0.27735574636052357	([16], [16, 15])
0	0.0	0.27744521612926254	([289], [289, 288])
0	0.0	0.27753611481461926	([501], [501, 500])
0	0.0	0.27775577085443925	([853], [853, 852])
0	0.0	0.2780116200130775	([508], [508, 507])
0	0.0	0.2780749866709046	([281], [281, 280])
0	0.0	0.2780855510391086	([514], [514, 513])
0	0.0	0.27829345649321496	([498], [498, 497])
0	0.0	0.27842210781121307	([528], [528, 527])
0	0.0	0.27847550900045703	([532], [532, 531])
0	0.0	0.27864576253145856	([839], [839, 838])
0	0.0	0.27869339759342443	([19], [19, 18])
0	0.0	0.2787580686784446	([5], [5, 4])
0	0.0	0.2788041382124172	([519], [519, 518])
0	0.0	0.2792341942347533	([274], [274, 273])
0	0.0	0.2792704497025306	([713], [713, 712])
0	0.0	0.27927531393223315	([784], [784, 783])
0	0.0	0.27932658117933723	([603], [603, 602])
0	0.0	0.2793879010575583	([510], [510, 509])
0	0.0	0.2794158736519184	([732], [732, 731])
0	0.0	0.2796588721911765	([870], [870, 869])
0	0.0	0.2797284245604703	([578], [578, 577])
0	0.0	0.27973737210721716	([95], [95, 94])
0	0.0	0.27982817575016283	([503], [503, 502])
0	0.0	0.279833655346785	([229], [229, 228])
0	0.0	0.27995675577457313	([743], [743, 742])
0	0.0	0.2799989424182491	([32], [32, 31])
0	0.0	0.2800518265136048	([542], [542, 540])
0	0.0	0.2801522484781494	([602], [602, 601])
0	0.0	0.2802518884010262	([847], [847, 846])
0	0.0	0.2802597506122278	([789], [789, 788])
0	0.0	0.2803426055869192	([424], [424, 423])
0	0.0	0.2804073031987664	([415], [415, 414])
0	0.0	0.28046811227521373	([433], [433, 432])
0	0.0	0.2804802105150099	([202], [202, 201])
0	0.0	0.2805551594502373	([203], [203, 202])
0	0.0	0.28057088046648826	([205], [205, 204])
0	0.0	0.28062856925712326	([748], [748, 747])
0	0.0	0.28064919671625904	([454], [454, 453])
0	0.0	0.2807837868821273	([218], [218, 217])
0	0.0	0.28104578844542755	([268], [268, 267])
0	0.0	0.28119348998173666	([388], [388, 387])
0	0.0	0.281336786437973	([667], [667, 666])
0	0.0	0.28135984523560825	([385], [385, 384])
0	0.0	0.28142869778706475	([105], [105, 104])
0	0.0	0.2814700686874294	([610], [610, 609])
0	0.0	0.28149561015853164	([21], [21, 20])
0	0.0	0.2815649389001527	([676], [676, 675])
0	0.0	0.281642696652691	([481], [481, 480])
0	0.0	0.2817376833282481	([116], [116, 115])
0	0.0	0.2817803472633641	([814], [814, 813])
0	0.0	0.28188723901270674	([66], [66, 65])
0	0.0	0.2819525367381111	([901], [901, 900])
0	0.0	0.2821122525446899	([577], [577, 576])
0	0.0	0.2822137742157203	([696], [696, 695])
0	0.0	0.28222554682261997	([630], [630, 629])
0	0.0	0.28225395510861345	([121], [121, 120])
0	0.0	0.28236189221285574	([730], [730, 729])
0	0.0	0.28236914876309044	([787], [787, 786])
0	0.0	0.28241813764707835	([193], [193, 191])
0	0.0	0.28259895604978164	([717], [717, 716])
0	0.0	0.2827101373815302	([635], [635, 634])
0	0.0	0.28273415707482874	([539], [539, 538])
0	0.0	0.2827780623143445	([56], [56, 55])
0	0.0	0.28289962424627174	([2], [2, 1])
0	0.0	0.28299439036563306	([199], [199, 198])
0	0.0	0.2831505420098181	([889], [889, 888])
0	0.0	0.28328539444033146	([192], [192, 191])
0	0.0	0.28328542397897943	([707], [707, 706])
0	0.0	0.2833208538028969	([570], [570, 569])
0	0.0	0.2833375474801188	([526], [526, 525])
0	0.0	0.2833607796926803	([788], [788, 787])
0	0.0	0.28346431084899126	([549], [549, 548])
0	0.0	0.28360930394342787	([918], [918, 917])
0	0.0	0.28368576543279306	([44], [44, 43])
0	0.0	0.2838912192005077	([556], [556, 555])
0	0.0	0.2839286186522487	([746], [746, 745])
0	0.0	0.28398583648611075	([384], [384, 383])
0	0.0	0.2840850344150996	([862], [862, 861])
0	0.0	0.284180619292431	([949], [949, 948])
0	0.0	0.28420457369887	([810], [810, 809])
0	0.0	0.28444626011742924	([344], [344, 343])
0	0.0	0.28452796728081065	([881], [881, 880])
0	0.0	0.28462378382317643	([896], [896, 895])
0	0.0	0.284806640759139	([822], [822, 821])
0	0.0	0.2852060880005247	([184], [184, 183])
0	0.0	0.2852180390958937	([618], [618, 617])
0	0.0	0.2852282135426004	([67], [67, 66])
0	0.0	0.2853256465819085	([771], [771, 770])
0	0.0	0.28546613754917466	([816], [816, 815])
0	0.0	0.28546809859051886	([548], [548, 547])
0	0.0	0.28551325150998175	([327], [327, 326])
0	0.0	0.28559782458397726	([185], [185, 184])
0	0.0	0.2856081493187872	([376], [376, 375])
0	0.0	0.28565515929647617	([195], [195, 194])
0	0.0	0.28578421626020944	([221], [221, 220])
0	0.0	0.28579742989573614	([94], [94, 93])
0	0.0	0.2858617466849452	([565], [565, 564])
0	0.0	0.2859996274941109	([911], [911, 910])
0	0.0	0.28629136761098506	([175], [175, 174])
0	0.0	0.2866578101783943	([863], [863, 862])
0	0.0	0.28668764821630016	([453], [453, 452])
0	0.0	0.28687129752793017	([396], [396, 395])
0	0.0	0.28693370553007386	([286], [286, 285])
0	0.0	0.2869697316008813	([451], [451, 450])
0	0.0	0.28702528945805283	([560], [560, 559])
0	0.0	0.2870725521867128	([564], [564, 563])
0	0.0	0.28710120528302185	([115], [115, 114])
0	0.0	0.2871684832877878	([701], [701, 700])
0	0.0	0.2872018844401795	([877], [877, 876])
0	0.0	0.2874126365188655	([818], [818, 817])
0	0.0	0.28755071476157207	([943], [943, 942])
0	0.0	0.2875830491370772	([772], [772, 771])
0	0.0	0.2877734786058271	([692], [692, 691])
0	0.0	0.2877980744644681	([113], [113, 112])
0	0.0	0.2878368666058378	([624], [624, 623])
0	0.0	0.2878707831542816	([913], [913, 912])
0	0.0	0.28790089752126236	([928], [928, 927])
0	0.0	0.2879016459748969	([3], [3, 2])
0	0.0	0.2879109971871364	([170], [170, 169])
0	0.0	0.2879509717829808	([140], [140, 139])
0	0.0	0.28806840935943384	([937], [937, 936])
0	0.0	0.2882759342663161	([380], [380, 379])
0	0.0	0.2883723220585171	([1], [1, 0])
0	0.0	0.28847448733613945	([214], [214, 213])
0	0.0	0.28849820183567054	([904], [904, 903])
0	0.0	0.28854149924618894	([620], [620, 619])
0	0.0	0.28861718243135787	([305], [305, 304])
0	0.0	0.2886953935608595	([604], [604, 603])
0	0.0	0.2887502110830492	([850], [850, 849])
0	0.0	0.288951441255264	([834], [834, 833])
0	0.0	0.2889535386010382	([934], [934, 933])
0	0.0	0.2889913562343794	([208], [208, 206])
0	0.0	0.28904491019004475	([759], [759, 758])
0	0.0	0.2891922431697848	([362], [362, 361])
0	0.0	0.28927041452681024	([879], [879, 878])
0	0.0	0.28931715642084627	([712], [712, 711])
0	0.0	0.2893383117860499	([485], [485, 484])
0	0.0	0.2893734793827532	([26], [26, 25])
0	0.0	0.2894136067484444	([829], [829, 828])
0	0.0	0.2895060680598814	([236], [236, 235])
0	0.0	0.28952620708969096	([438], [438, 437])
0	0.0	0.289548186737875	([439], [439, 438])
0	0.0	0.28961595141718377	([792], [792, 791])
0	0.0	0.2896180869430991	([464], [464, 463])
0	0.0	0.28964694032508825	([98], [98, 97])
0	0.0	0.28971769452261203	([79], [79, 78])
0	0.0	0.2897498333738576	([605], [605, 604])
0	0.0	0.289899965940914	([715], [715, 714])
0	0.0	0.2899075594409385	([457], [457, 456])
0	0.0	0.2899779501259437	([905], [905, 904])
0	0.0	0.2900100041703916	([885], [885, 884])
0	0.0	0.29029873756481533	([749], [749, 748])
0	0.0	0.2903731042157709	([272], [272, 271])
0	0.0	0.29040927539610534	([744], [744, 743])
0	0.0	0.29055113597802723	([854], [854, 853])
0	0.0	0.2906243969832038	([809], [809, 808])
0	0.0	0.2907179659338393	([794], [794, 793])
0	0.0	0.2907208612147745	([897], [897, 896])
0	0.0	0.29073059304269516	([765], [765, 764])
0	0.0	0.29073621812336986	([660], [660, 659])
0	0.0	0.29078127123908576	([941], [941, 940])
0	0.0	0.2907852258737344	([487], [487, 486])
0	0.0	0.2908200342431487	([334], [334, 333])
0	0.0	0.29084134940179196	([78], [78, 77])
0	0.0	0.29088567046162095	([536], [536, 535])
0	0.0	0.29090667410610616	([368], [368, 367])
0	0.0	0.29100215992350253	([74], [74, 73])
0	0.0	0.29101732647054557	([767], [767, 766])
0	0.0	0.29103283925080264	([530], [530, 529])
0	0.0	0.29104305455156493	([39], [39, 38])
0	0.0	0.29105506056859765	([697], [697, 696])
0	0.0	0.29115316133349867	([418], [418, 417])
0	0.0	0.2912212799595621	([625], [625, 624])
0	0.0	0.29146477789138603	([465], [465, 464])
0	0.0	0.29150478571362914	([757], [757, 756])
0	0.0	0.29154574357906765	([607], [607, 606])
0	0.0	0.2917223682478715	([295], [295, 294])
0	0.0	0.2917554376521237	([756], [756, 755])
0	0.0	0.2917681981399699	([614], [614, 613])
0	0.0	0.29182879175758497	([186], [186, 185])
0	0.0	0.2918410237302517	([900], [900, 899])
0	0.0	0.29201976292578535	([343], [343, 342])
0	0.0	0.29202268109448515	([338], [338, 337])
0	0.0	0.2920419750899428	([225], [225, 224])
0	0.0	0.2921536600994704	([349], [349, 348])
0	0.0	0.29224445812416755	([681], [681, 680])
0	0.0	0.2924131485128157	([191], [193, 190])
0	0.0	0.29247947997028734	([876], [876, 875])
0	0.0	0.29269909730779564	([891], [891, 890])
0	0.0	0.29275048738662074	([167], [167, 166])
0	0.0	0.2927732535427803	([940], [940, 939])
0	0.0	0.29279601540487404	([419], [419, 418])
0	0.0	0.2928839834291112	([823], [823, 822])
0	0.0	0.29290894799816886	([467], [467, 466])
0	0.0	0.2929123724926164	([441], [441, 440])
0	0.0	0.29293237078902923	([51], [51, 50])
0	0.0	0.2929414010360574	([263], [263, 262])
0	0.0	0.2930018007750325	([62], [62, 61])
0	0.0	0.29308999410164377	([631], [631, 630])
0	0.0	0.2931226628080665	([830], [830, 829])
0	0.0	0.29320667295457326	([118], [118, 117])
0	0.0	0.2933579996980857	([158], [158, 157])
0	0.0	0.2935098688430026	([636], [636, 635])
0	0.0	0.2935800490922341	([480], [480, 479])
0	0.0	0.29368078940476033	([409], [409, 408])
0	0.0	0.29371051977610274	([151], [151, 150])
0	0.0	0.29390247297609207	([645], [645, 644])
0	0.0	0.29398433792137635	([884], [884, 883])
0	0.0	0.29398997783348485	([923], [923, 922])
0	0.0	0.2939914382533538	([302], [302, 301])
0	0.0	0.2940088831670698	([719], [719, 718])
0	0.0	0.29404598153587275	([136], [136, 135])
0	0.0	0.29410344262188676	([360], [360, 359])
0	0.0	0.2941172511355529	([484], [484, 483])
0	0.0	0.29411793894525207	([298], [298, 297])
0	0.0	0.29427785979484283	([178], [178, 177])
0	0.0	0.2943496511328803	([813], [813, 812])
0	0.0	0.2945815100757902	([587], [587, 586])
0	0.0	0.29458750339393786	([828], [828, 827])
0	0.0	0.29470550834139947	([488], [488, 487])
0	0.0	0.2947426331350087	([513], [513, 512])
0	0.0	0.29484593403975096	([426], [426, 425])
0	0.0	0.29493454683402603	([589], [589, 588])
0	0.0	0.2949607807525347	([316], [316, 315])
0	0.0	0.2950161641714352	([290], [290, 289])
0	0.0	0.29505184952019375	([188], [188, 187])
0	0.0	0.295142916508588	([400], [400, 399])
0	0.0	0.29530379371359056	([448], [448, 447])
0	0.0	0.29548590939566494	([802], [802, 801])
0	0.0	0.29564561063121314	([708], [708, 707])
0	0.0	0.2958148582273921	([326], [326, 325])
0	0.0	0.2958344757323727	([525], [525, 524])
0	0.0	0.2958469366489047	([278], [278, 277])
0	0.0	0.29592462584125834	([443], [443, 442])
0	0.0	0.29593991560087834	([825], [825, 824])
0	0.0	0.29605941099091776	([892], [892, 891])
0	0.0	0.29616107136616693	([616], [616, 615])
0	0.0	0.2962185445707286	([171], [171, 170])
0	0.0	0.2962205361885715	([399], [399, 398])
0	0.0	0.2962312725043123	([700], [700, 699])
0	0.0	0.296247108204474	([537], [537, 536])
0	0.0	0.29628716210067074	([678], [678, 677])
0	0.0	0.29630798353822924	([40], [40, 39])
0	0.0	0.29632668749489177	([99], [99, 98])
0	0.0	0.2964358009995868	([640], [640, 639])
0	0.0	0.296518335241392	([18], [18, 17])
0	0.0	0.29662731414536914	([493], [493, 492])
0	0.0	0.29677106692739574	([555], [555, 554])
0	0.0	0.2967790243670679	([133], [133, 132])
0	0.0	0.2968019254336203	([92], [92, 91])
0	0.0	0.2968468390209281	([332], [332, 331])
0	0.0	0.29684747518776256	([895], [895, 894])
0	0.0	0.2968629403068777	([709], [709, 708])
0	0.0	0.29694507979043716	([781], [781, 780])
0	0.0	0.29699564838042847	([43], [43, 42])
0	0.0	0.2969981173965455	([361], [361, 360])
0	0.0	0.2970954729481776	([880], [880, 879])
0	0.0	0.2972029921457239	([309], [309, 308])
0	0.0	0.29723360836059115	([898], [898, 897])
0	0.0	0.29731090144501343	([34], [34, 33])
0	0.0	0.29734246365377676	([522], [522, 521])
0	0.0	0.2973674495307868	([13], [13, 12])
0	0.0	0.29741996254658143	([890], [890, 889])
0	0.0	0.2974748780403327	([642], [642, 641])
0	0.0	0.2974819389928305	([944], [944, 943])
0	0.0	0.29750198670141104	([307], [307, 306])
0	0.0	0.2975411430439527	([458], [458, 457])
0	0.0	0.29754728008662606	([619], [619, 618])
0	0.0	0.2975689412542235	([680], [680, 679])
0	0.0	0.29758247409734806	([899], [899, 898])
0	0.0	0.29768238743980674	([150], [150, 149])
0	0.0	0.2976878655641739	([475], [475, 473])
0	0.0	0.2978337772958331	([534], [534, 533])
0	0.0	0.2978710286791713	([280], [280, 279])
0	0.0	0.2979258885453373	([394], [394, 393])
0	0.0	0.2979447072063769	([840], [840, 838])
0	0.0	0.2979993230598552	([858], [858, 857])
0	0.0	0.2980762210605703	([690], [690, 689])
0	0.0	0.298161497382362	([623], [623, 622])
0	0.0	0.2982357973441474	([925], [925, 924])
0	0.0	0.29824680085930366	([470], [470, 469])
0	0.0	0.2982926212448559	([483], [483, 482])
0	0.0	0.2983393785709943	([143], [143, 142])
0	0.0	0.2983405221229989	([723], [723, 722])
0	0.0	0.2984270148507269	([632], [632, 631])
0	0.0	0.2984495208200308	([588], [588, 587])
0	0.0	0.29848895547452103	([538], [538, 537])
0	0.0	0.2985027917358024	([887], [887, 886])
0	0.0	0.2986689795262465	([267], [267, 266])
0	0.0	0.29870442174260775	([494], [494, 493])
0	0.0	0.2987588542024297	([489], [489, 488])
0	0.0	0.2987860520382943	([15], [15, 14])
0	0.0	0.299023149933653	([173], [173, 172])
0	0.0	0.29907062176160115	([86], [86, 85])
0	0.0	0.2990897628071803	([370], [370, 369])
0	0.0	0.29910071146211603	([688], [688, 687])
0	0.0	0.2991194345939178	([798], [798, 797])
0	0.0	0.2991294547752169	([421], [421, 420])
0	0.0	0.2992412525027772	([156], [156, 155])
0	0.0	0.2993745780657917	([472], [472, 471])
0	0.0	0.299477958393249	([386], [386, 385])
0	0.0	0.2995095360568874	([269], [269, 268])
0	0.0	0.2996606408636356	([420], [420, 419])
0	0.0	0.2996812105214589	([22], [22, 21])
0	0.0	0.2997095926595946	([580], [580, 579])
0	0.0	0.29975512193734305	([679], [679, 678])
0	0.0	0.2998050563472977	([91], [91, 90])
0	0.0	0.2999373927568432	([312], [312, 311])
0	0.0	0.29996966638324063	([505], [505, 504])
0	0.0	0.2999858284304516	([766], [766, 765])
0	0.0	0.30005506937952897	([333], [333, 332])
0	0.0	0.30013746630467	([912], [912, 911])
0	0.0	0.3001603582056096	([436], [436, 435])
0	0.0	0.30028878587527386	([130], [130, 129])
0	0.0	0.3003849652320986	([909], [909, 908])
0	0.0	0.30042048165502155	([906], [906, 905])
0	0.0	0.30042256033572023	([733], [733, 732])
0	0.0	0.30049805770004906	([217], [217, 216])
0	0.0	0.30055822324720094	([910], [910, 909])
0	0.0	0.30057964464780984	([477], [477, 476])
0	0.0	0.30060182377241357	([237], [237, 236])
0	0.0	0.30061580549072114	([303], [303, 302])
0	0.0	0.30075843542945946	([866], [866, 865])
0	0.0	0.3008072697290686	([741], [741, 740])
0	0.0	0.30089229174162985	([585], [585, 584])
0	0.0	0.30097742589346127	([754], [754, 753])
0	0.0	0.3010878838826513	([736], [736, 735])
0	0.0	0.30117912797368146	([88], [88, 87])
0	0.0	0.3012348676734153	([297], [297, 296])
0	0.0	0.3013393394393658	([48], [48, 47])
0	0.0	0.3013599636080073	([807], [807, 806])
0	0.0	0.3013978718301412	([391], [391, 390])
0	0.0	0.30154718001148045	([805], [805, 804])
0	0.0	0.301610406657362	([665], [665, 664])
0	0.0	0.3018489696418295	([874], [874, 873])
0	0.0	0.30190820336831115	([639], [639, 638])
0	0.0	0.30195544532862995	([154], [154, 153])
0	0.0	0.3019628165251858	([724], [724, 723])
0	0.0	0.3021494212238976	([511], [511, 510])
0	0.0	0.30219126874833413	([504], [504, 503])
0	0.0	0.30223992914952663	([204], [204, 203])
0	0.0	0.3023352040350325	([87], [87, 86])
0	0.0	0.3024067836012383	([102], [102, 101])
0	0.0	0.3024535626611401	([358], [358, 357])
0	0.0	0.30246713296394534	([950], [950, 949])
0	0.0	0.3024682267983153	([306], [306, 305])
0	0.0	0.30252115202106755	([179], [179, 178])
0	0.0	0.30256460997985707	([422], [422, 421])
0	0.0	0.3026136935392303	([197], [197, 196])
0	0.0	0.30265974339348384	([119], [119, 118])
0	0.0	0.3028858459912981	([55], [55, 54])
0	0.0	0.3029296878615549	([207], [207, 206])
0	0.0	0.3029726553578173	([142], [142, 141])
0	0.0	0.30306282736025403	([29], [29, 28])
0	0.0	0.3031319288392551	([398], [398, 397])
0	0.0	0.3032056695542319	([878], [878, 877])
0	0.0	0.30340660280981174	([935], [935, 934])
0	0.0	0.30346154344739174	([826], [826, 825])
0	0.0	0.3035216808108787	([758], [758, 757])
0	0.0	0.3035474275961423	([827], [827, 826])
0	0.0	0.30357305016167496	([529], [529, 528])
0	0.0	0.3037583251416786	([657], [657, 656])
0	0.0	0.30375862530254655	([120], [120, 119])
0	0.0	0.3038341399332668	([729], [729, 728])
0	0.0	0.30400517858604215	([507], [507, 506])
0	0.0	0.30406516772788217	([444], [444, 443])
0	0.0	0.304170532189579	([566], [566, 565])
0	0.0	0.30418603370675673	([575], [575, 574])
0	0.0	0.3042200731953085	([172], [172, 171])
0	0.0	0.30423739685494283	([342], [342, 341])
0	0.0	0.304288343409789	([190], [190, 189])
0	0.0	0.3043008351540767	([873], [873, 872])
0	0.0	0.30435191276474494	([431], [431, 430])
0	0.0	0.30445147133526407	([671], [671, 670])
0	0.0	0.30463970783788874	([637], [637, 636])
0	0.0	0.3046638538689574	([714], [714, 713])
0	0.0	0.3048074446152504	([71], [71, 70])
0	0.0	0.3050280920658302	([209], [209, 208])
0	0.0	0.3051130677436263	([356], [356, 355])
0	0.0	0.30513009999252194	([838], [838, 837])
0	0.0	0.30524655513038235	([651], [651, 650])
0	0.0	0.3053249217800065	([351], [351, 350])
0	0.0	0.3053475754224946	([919], [919, 918])
0	0.0	0.30540400158927256	([669], [669, 668])
0	0.0	0.305670325515977	([831], [831, 830])
0	0.0	0.3056733875609445	([359], [359, 358])
0	0.0	0.3057455721651765	([527], [527, 526])
0	0.0	0.3057749841692452	([655], [655, 654])
0	0.0	0.305790989533355	([670], [670, 669])
0	0.0	0.3058172734225224	([824], [824, 823])
0	0.0	0.306053117148745	([145], [145, 144])
0	0.0	0.30608368675894027	([144], [144, 143])
0	0.0	0.3062421728747344	([535], [535, 534])
0	0.0	0.3062468674286359	([389], [389, 388])
0	0.0	0.30634427540074755	([731], [731, 730])
0	0.0	0.30635149189438715	([606], [606, 605])
0	0.0	0.306513281663754	([70], [70, 69])
0	0.0	0.30655461760484654	([576], [576, 575])
0	0.0	0.3066397038321056	([747], [747, 746])
0	0.0	0.3066496130857346	([872], [872, 871])
0	0.0	0.3068585791749475	([656], [656, 655])
0	0.0	0.3070304587031999	([429], [429, 428])
0	0.0	0.307031088814107	([355], [355, 354])
0	0.0	0.3071502894162536	([97], [97, 96])
0	0.0	0.3071605433412759	([417], [417, 416])
0	0.0	0.3072198045143496	([903], [903, 902])
0	0.0	0.3072290340259923	([677], [677, 676])
0	0.0	0.30723035822522166	([160], [160, 159])
0	0.0	0.3073078465545425	([366], [366, 365])
0	0.0	0.30730836619867935	([584], [584, 583])
0	0.0	0.3073243384764795	([180], [180, 179])
0	0.0	0.3073480211849989	([649], [649, 648])
0	0.0	0.30754685429034423	([684], [684, 683])
0	0.0	0.30762872775930267	([621], [621, 620])
0	0.0	0.307659064752076	([330], [330, 329])
0	0.0	0.30768271598006713	([134], [134, 133])
0	0.0	0.3079294534752866	([279], [279, 278])
0	0.0	0.3080355128816713	([114], [114, 113])
0	0.0	0.3082842338611361	([152], [152, 151])
0	0.0	0.3084178126372974	([33], [33, 32])
0	0.0	0.30842295307428014	([137], [137, 136])
0	0.0	0.3086698123674424	([843], [843, 842])
0	0.0	0.3087112081542914	([14], [14, 13])
0	0.0	0.30881971049897733	([581], [581, 580])
0	0.0	0.3089634838047984	([491], [491, 490])
0	0.0	0.30904468479961794	([752], [752, 751])
0	0.0	0.30909169936199793	([820], [820, 819])
0	0.0	0.3091225497318935	([742], [742, 741])
0	0.0	0.30939763767094525	([52], [52, 51])
0	0.0	0.309552166689522	([864], [864, 863])
0	0.0	0.30956194876469906	([774], [774, 773])
0	0.0	0.30965181138125425	([149], [149, 148])
0	0.0	0.30968557912012645	([927], [927, 926])
0	0.0	0.3098776106058099	([73], [73, 72])
0	0.0	0.30998343752070967	([915], [915, 914])
0	0.0	0.3099837874143889	([499], [499, 498])
0	0.0	0.3100054895135873	([768], [768, 767])
0	0.0	0.310011803529705	([430], [430, 429])
0	0.0	0.3100704509608532	([926], [926, 925])
0	0.0	0.3102035345887379	([852], [852, 851])
0	0.0	0.31024180159903103	([468], [468, 467])
0	0.0	0.31032588994080307	([672], [672, 671])
0	0.0	0.3104028225552838	([801], [801, 800])
0	0.0	0.3104913419936111	([27], [27, 26])
0	0.0	0.3105507552402225	([117], [117, 116])
0	0.0	0.3105577287264638	([455], [455, 454])
0	0.0	0.31078587149409903	([463], [463, 462])
0	0.0	0.3108376096497124	([693], [693, 692])
0	0.0	0.31084393302780106	([478], [478, 477])
0	0.0	0.3110333318955724	([427], [427, 426])
0	0.0	0.31111740415026523	([177], [177, 176])
0	0.0	0.3111708574255705	([83], [83, 82])
0	0.0	0.3111786831478692	([129], [129, 128])
0	0.0	0.31126822625868	([479], [479, 478])
0	0.0	0.3112808084034722	([138], [138, 137])
0	0.0	0.31133201952591283	([65], [65, 64])
0	0.0	0.31145402693727603	([440], [440, 439])
0	0.0	0.3115746571070684	([496], [496, 495])
0	0.0	0.31202748458497087	([412], [412, 411])
0	0.0	0.31205188003623163	([716], [716, 715])
0	0.0	0.3122280035782254	([775], [775, 774])
0	0.0	0.31227321806209357	([653], [653, 652])
0	0.0	0.31228320654532227	([492], [492, 491])
0	0.0	0.31232122210936775	([886], [886, 885])
0	0.0	0.31237084099789975	([58], [58, 57])
0	0.0	0.312377051923618	([698], [698, 697])
0	0.0	0.3126357372225338	([141], [141, 140])
0	0.0	0.3126369512989983	([466], [466, 465])
0	0.0	0.31274501360913803	([745], [745, 744])
0	0.0	0.31282948797057786	([348], [348, 347])
0	0.0	0.3129638921720363	([686], [686, 685])
0	0.0	0.3129859427749524	([176], [176, 175])
0	0.0	0.3131447178272315	([735], [735, 734])
0	0.0	0.31327487442622187	([308], [308, 307])
0	0.0	0.3133302066616536	([888], [888, 887])
0	0.0	0.3133474539099047	([563], [563, 562])
0	0.0	0.3133613156015538	([132], [132, 131])
0	0.0	0.31342850904101643	([240], [240, 239])
0	0.0	0.3135676068472061	([157], [157, 156])
0	0.0	0.31360462938959127	([377], [377, 376])
0	0.0	0.3137140734877261	([849], [849, 848])
0	0.0	0.31379557968313093	([82], [82, 81])
0	0.0	0.31390826901778146	([300], [300, 299])
0	0.0	0.31395914761565735	([942], [942, 941])
0	0.0	0.31406080927496943	([650], [650, 649])
0	0.0	0.3141908443350963	([786], [786, 785])
0	0.0	0.31428560026353497	([139], [139, 138])
0	0.0	0.31431158171575535	([815], [815, 814])
0	0.0	0.3143504827979111	([331], [331, 330])
0	0.0	0.31440754626633555	([59], [59, 58])
0	0.0	0.3144795104406972	([174], [174, 173])
0	0.0	0.31450002460945375	([196], [196, 195])
0	0.0	0.31453465137599207	([664], [664, 663])
0	0.0	0.31457703908350476	([371], [371, 370])
0	0.0	0.31457981651708833	([674], [674, 673])
0	0.0	0.3146483502079843	([262], [262, 261])
0	0.0	0.31476000808258614	([153], [153, 152])
0	0.0	0.3147681392274899	([785], [785, 784])
0	0.0	0.3152122238504356	([627], [627, 626])
0	0.0	0.315227456083105	([793], [793, 792])
0	0.0	0.31546032876950386	([583], [583, 582])
0	0.0	0.3154878134554807	([90], [90, 89])
0	0.0	0.3155676977883732	([60], [60, 59])
0	0.0	0.3155769090615442	([782], [782, 781])
0	0.0	0.31564560373296524	([161], [161, 160])
0	0.0	0.3157492209476065	([710], [710, 709])
0	0.0	0.3157847928503522	([917], [917, 916])
0	0.0	0.31580398191128617	([432], [432, 431])
0	0.0	0.31584379146700753	([57], [57, 56])
0	0.0	0.31586636627648845	([393], [393, 392])
0	0.0	0.3161446265068199	([459], [459, 458])
0	0.0	0.3162411786321282	([579], [579, 578])
0	0.0	0.31625046669949103	([392], [392, 391])
0	0.0	0.31631553716874533	([780], [780, 779])
0	0.0	0.31637557436282937	([799], [799, 798])
0	0.0	0.3163820516616081	([155], [155, 154])
0	0.0	0.3164643689550038	([851], [851, 850])
0	0.0	0.3164998476410471	([96], [96, 95])
0	0.0	0.31651481141448623	([702], [702, 701])
0	0.0	0.3165358312275986	([871], [871, 870])
0	0.0	0.31653925105319763	([292], [292, 291])
0	0.0	0.31661932059945724	([921], [921, 920])
0	0.0	0.3167537754975184	([166], [166, 165])
0	0.0	0.3167902562341013	([69], [69, 68])
0	0.0	0.31687586986460603	([691], [692, 690])
0	0.0	0.31691932225007036	([626], [626, 625])
0	0.0	0.3170222442802786	([592], [592, 591])
0	0.0	0.3172133031498029	([456], [456, 455])
0	0.0	0.31723909400618266	([791], [791, 790])
0	0.0	0.31732309877042464	([231], [231, 230])
0	0.0	0.3173969097932882	([502], [502, 501])
0	0.0	0.31745856208315776	([291], [291, 290])
0	0.0	0.3174659617504879	([933], [933, 932])
0	0.0	0.3174919806552583	([668], [668, 667])
0	0.0	0.3175689726435593	([227], [227, 226])
0	0.0	0.31761315902077	([720], [720, 719])
0	0.0	0.31761522597621233	([50], [50, 48])
0	0.0	0.3176173048107228	([689], [689, 688])
0	0.0	0.31767951722033666	([162], [162, 161])
0	0.0	0.3177838863353612	([169], [169, 168])
0	0.0	0.31781945514604	([740], [740, 739])
0	0.0	0.3178552604651578	([524], [524, 523])
0	0.0	0.3178706240606215	([230], [230, 229])
0	0.0	0.3179668619456539	([72], [72, 71])
0	0.0	0.3181440974333938	([296], [296, 295])
0	0.0	0.3181888079759098	([165], [165, 164])
0	0.0	0.3182898732177955	([241], [241, 240])
0	0.0	0.3184633868420207	([908], [908, 907])
0	0.0	0.31848409037919195	([313], [313, 312])
0	0.0	0.3185319025797884	([181], [181, 180])
0	0.0	0.3185827129253434	([654], [654, 653])
0	0.0	0.318641406893572	([817], [817, 816])
0	0.0	0.3187257568031405	([590], [590, 589])
0	0.0	0.3187440826116562	([593], [593, 592])
0	0.0	0.3187726537724123	([796], [796, 795])
0	0.0	0.3188480285097729	([622], [622, 621])
0	0.0	0.3188659200712969	([159], [159, 158])
0	0.0	0.3189113283742371	([189], [189, 188])
0	0.0	0.31899228707002636	([812], [812, 811])
0	0.0	0.31902547424617494	([811], [811, 810])
0	0.0	0.31904277198750863	([806], [806, 805])
0	0.0	0.3190628784508179	([591], [591, 590])
0	0.0	0.319101604988964	([930], [930, 929])
0	0.0	0.32016832732572076	([574], [574, 573])
0	0.0	0.3202123154819542	([808], [808, 807])
0	0.0	0.32025820416134626	([750], [750, 749])
0	0.0	0.3203169792532348	([783], [783, 782])
0	0.0	0.3204088209962962	([893], [893, 892])
0	0.0	0.3204855100706811	([232], [232, 231])
0	0.0	0.32049879147138116	([75], [75, 74])
0	0.0	0.3206235825771491	([773], [773, 772])
0	0.0	0.3208150549676591	([277], [277, 276])
0	0.0	0.3209725182569318	([402], [402, 401])
0	0.0	0.3210036796647839	([544], [544, 543])
0	0.0	0.3210732831206377	([902], [902, 901])
0	0.0	0.32120936102292424	([390], [390, 389])
0	0.0	0.3215059657128289	([146], [146, 145])
0	0.0	0.321526222577205	([764], [764, 763])
0	0.0	0.32156539293882397	([434], [434, 433])
0	0.0	0.32156731862343996	([299], [299, 298])
0	0.0	0.32159009024236046	([617], [617, 616])
0	0.0	0.32164624348816423	([615], [615, 614])
0	0.0	0.321734546934265	([497], [497, 496])
0	0.0	0.3218093396398391	([703], [703, 702])
0	0.0	0.3218529155858582	([211], [211, 210])
0	0.0	0.321855375359438	([721], [721, 720])
0	0.0	0.32195562382019266	([506], [506, 505])
0	0.0	0.32203779914071745	([751], [751, 750])
0	0.0	0.3222785239173253	([586], [586, 585])
0	0.0	0.3223412271118982	([711], [711, 710])
0	0.0	0.3227904444347885	([378], [378, 377])
0	0.0	0.3229725061960329	([423], [423, 422])
0	0.0	0.32312646260605193	([914], [914, 913])
0	0.0	0.3232057250715162	([25], [25, 24])
0	0.0	0.32325888032840017	([103], [103, 102])
0	0.0	0.3233483332846859	([568], [568, 567])
0	0.0	0.3235430324590843	([800], [800, 799])
0	0.0	0.3237870345998076	([473], [473, 472])
0	0.0	0.32391982609986997	([582], [582, 581])
0	0.0	0.32395363725645593	([486], [486, 485])
0	0.0	0.32432752667632514	([725], [725, 724])
0	0.0	0.32446992550583487	([321], [321, 320])
0	0.0	0.32449867113212816	([663], [663, 662])
0	0.0	0.32459554370876026	([471], [471, 470])
0	0.0	0.3246832190655512	([859], [859, 858])
0	0.0	0.3247038639898422	([646], [646, 645])
0	0.0	0.3247727391757385	([613], [613, 612])
0	0.0	0.3251150485209075	([704], [704, 703])
0	0.0	0.32520243723678016	([569], [569, 567])
0	0.0	0.325258789433189	([206], [206, 204])
0	0.0	0.3253822860880838	([446], [446, 445])
0	0.0	0.325394386942129	([629], [629, 628])
0	0.0	0.3254051870412464	([601], [601, 600])
0	0.0	0.32558859963155234	([867], [867, 866])
0	0.0	0.32565523886953823	([194], [194, 193])
1	0.31273867895999324	0.32568683917444424	([67, 64], [67, 66, 65])
0	0.0	0.32573916385259605	([228], [228, 227])
0	0.0	0.32587734918770167	([803], [803, 802])
0	0.0	0.32617294430305016	([832], [832, 831])
0	0.0	0.32673211855284123	([512], [512, 511])
0	0.0	0.3268030174176257	([374], [374, 373])
0	0.0	0.32705015296003676	([600], [600, 599])
0	0.0	0.32751761253268113	([685], [685, 684])
0	0.0	0.32769869841718385	([135], [135, 134])
0	0.0	0.3277686130570915	([509], [509, 508])
0	0.0	0.3279458479292802	([414], [414, 413])
0	0.0	0.32806355791890796	([256], [256, 252])
0	0.0	0.3280964466064734	([648], [648, 647])
0	0.0	0.3282940354016314	([515], [515, 514])
0	0.0	0.3283489100981597	([47], [47, 45])
0	0.0	0.32837222607348276	([797], [797, 796])
0	0.0	0.3288646325626862	([200], [200, 199])
0	0.0	0.3290244978359403	([411], [411, 410])
0	0.0	0.32906041724987334	([11], [11, 10])
0	0.0	0.3290929641722893	([543], [543, 542])
0	0.0	0.32923852725729563	([833], [833, 831])
0	0.0	0.32923871468533605	([804], [804, 803])
0	0.0	0.3293240539738781	([89], [89, 88])
0	0.0	0.3294460613540272	([406], [406, 405])
0	0.0	0.3295707131126418	([401], [401, 400])
0	0.0	0.3296146324683376	([567], [567, 566])
0	0.0	0.32962577995072173	([675], [675, 674])
0	0.0	0.3299741229837219	([304], [304, 303])
0	0.0	0.3301475303671751	([112], [112, 111])
0	0.0	0.33015653495745306	([45], [45, 44])
0	0.0	0.3302397961497875	([222], [222, 221])
0	0.0	0.3303497672889416	([882], [882, 881])
0	0.0	0.33049400400169227	([382], [382, 381])
0	0.0	0.330561040956099	([77], [77, 76])
0	0.0	0.3305948837522699	([76], [76, 75])
0	0.0	0.3306358059281712	([325], [325, 324])
0	0.0	0.33096127228305455	([285], [285, 284])
0	0.0	0.3314057593345509	([261], [261, 260])
0	0.0	0.33151754515588416	([861], [861, 860])
0	0.0	0.3317304133944305	([931], [931, 930])
0	0.0	0.3318617597840024	([30], [30, 29])
0	0.0	0.3318735843813039	([168], [168, 167])
0	0.0	0.3319221661962761	([301], [301, 300])
0	0.0	0.3322459583669152	([644], [644, 642])
0	0.0	0.33282170405156913	([738], [738, 737])
0	0.0	0.3329628105613977	([365], [365, 364])
0	0.0	0.33300699219435653	([633], [633, 632])
0	0.0	0.3333070697743716	([104], [104, 103])
0	0.0	0.3333093425457746	([460], [460, 459])
0	0.0	0.33332000145351637	([728], [728, 727])
0	0.0	0.33348722160399197	([216], [216, 215])
0	0.0	0.3335607210713733	([641], [641, 640])
0	0.0	0.333592903079669	([835], [835, 834])
0	0.0	0.3343541012635617	([652], [652, 651])
0	0.0	0.33454744603668324	([706], [706, 705])
0	0.0	0.3347141030455399	([845], [845, 844])
0	0.0	0.33492422260717597	([276], [276, 274])
0	0.0	0.3349459041376521	([85], [85, 83])
0	0.0	0.3353180990480724	([284], [284, 282])
0	0.0	0.3354155312402498	([790], [790, 789])
0	0.0	0.3356903044361594	([282], [282, 281])
0	0.0	0.3361248141554466	([938], [938, 937])
0	0.0	0.33630117842380414	([122], [122, 121])
0	0.0	0.3367225755457381	([495], [495, 494])
0	0.0	0.3369354236159858	([63], [63, 62])
0	0.0	0.33738957787379154	([841], [841, 840])
1	0.3208272750662148	0.33745458564475	([830, 827], [830, 829, 827])
0	0.0	0.337604433721021	([127], [127, 126])
0	0.0	0.3378289075303346	([755], [755, 754])
0	0.0	0.3379854219747431	([49], [49, 48])
0	0.0	0.33805787048363345	([718], [718, 717])
1	0.32670459588408474	0.3381558887686124	([754, 751], [754, 753, 752])
0	0.0	0.3391666669467902	([531], [531, 530])
0	0.0	0.3392346570428548	([340], [340, 339])
0	0.0	0.3393469319403205	([242], [242, 241])
0	0.0	0.33972139477216184	([865], [865, 864])
0	0.0	0.34001518749377635	([769], [769, 768])
0	0.0	0.34006678892232467	([452], [452, 451])
0	0.0	0.34032323943060283	([341], [341, 340])
0	0.0	0.34035805183912893	([762], [762, 761])
0	0.0	0.34036350512436225	([638], [638, 637])
0	0.0	0.3403825869918891	([647], [647, 646])
0	0.0	0.3408023029500989	([336], [336, 335])
0	0.0	0.3411679652628661	([271], [271, 270])
0	0.0	0.34138842678495496	([210], [210, 209])
0	0.0	0.3415140662020974	([482], [482, 481])
0	0.0	0.3419789511881813	([595], [595, 594])
0	0.0	0.34198473783939204	([126], [126, 125])
0	0.0	0.3420761612752333	([187], [187, 186])
0	0.0	0.3433642663638523	([572], [572, 571])
0	0.0	0.34346827522233747	([666], [666, 665])
0	0.0	0.3436639783609442	([558], [558, 557])
0	0.0	0.34408275287292545	([779], [779, 778])
0	0.0	0.34460654086427667	([726], [726, 725])
0	0.0	0.34468190053658954	([946], [946, 945])
0	0.0	0.3453200789058196	([220], [222, 215])
0	0.0	0.3454185434961745	([612], [612, 609])
1	0.31964817663020606	0.34667078556336123	([524, 520], [524, 523, 520])
0	0.0	0.34729558685050554	([182], [182, 181])
0	0.0	0.34746312656211775	([107], [107, 105])
0	0.0	0.3483942585098699	([264], [264, 263])
0	0.0	0.3486199491244753	([848], [848, 847])
0	0.0	0.34865608237238543	([238], [238, 237])
0	0.0	0.34948693069369985	([64], [64, 63])
0	0.0	0.34954401002780733	([490], [490, 489])
0	0.0	0.3498700695704536	([395], [395, 394])
0	0.0	0.35030310798420966	([403], [404, 402])
0	0.0	0.35051279434294125	([347], [347, 346])
0	0.0	0.35071641564773876	([81], [81, 79])
0	0.0	0.35147643673455004	([109], [109, 108])
0	0.0	0.351652649286105	([125], [125, 124])
0	0.0	0.35176676319520545	([320], [320, 318])
0	0.0	0.35204485406246705	([244], [244, 242])
0	0.0	0.3524021121161175	([215], [215, 214])
0	0.0	0.35357356224260256	([662], [662, 661])
0	0.0	0.354008349185216	([337], [337, 336])
0	0.0	0.3542403600928274	([288], [288, 287])
0	0.0	0.354249371568824	([339], [339, 338])
0	0.0	0.3542925611270849	([329], [329, 328])
0	0.0	0.3545588921129271	([318], [318, 316])
0	0.0	0.35478472802806715	([500], [500, 499])
0	0.0	0.35529522380809714	([856], [856, 854])
0	0.0	0.3556851991883566	([837], [837, 835])
0	0.0	0.35586354688885424	([469], [469, 468])
0	0.0	0.3565968754669589	([547], [547, 546])
0	0.0	0.35662357938769584	([243], [243, 242])
0	0.0	0.35676916055507657	([20], [20, 19])
0	0.0	0.35692184037616576	([777], [777, 776])
1	0.34671503372170615	0.3569874792513508	([620, 615], [620, 618, 616])
1	0.3575902524777769	0.35784183795312197	([86, 82], [86, 85, 83])
1	0.3450048035888138	0.3579869204640257	([579, 575], [579, 578, 575])
0	0.0	0.35836924748888693	([328], [328, 327])
0	0.0	0.35870057044091025	([659], [659, 658])
0	0.0	0.36080721936477833	([283], [283, 282])
0	0.0	0.36143948681853966	([335], [335, 334])
0	0.0	0.36169006182698776	([516], [519, 515])
0	0.0	0.36233494283455914	([683], [683, 681])
0	0.0	0.36237036634608727	([213], [213, 211])
0	0.0	0.3628320011946056	([101], [101, 99])
1	0.3544313018111751	0.36344841206082734	([590, 585], [590, 588, 585])
0	0.0	0.3638248351814115	([148], [148, 146])
0	0.0	0.36401078498118355	([224], [224, 223])
0	0.0	0.36420560862682666	([609], [609, 608])
0	0.0	0.36642218462868176	([661], [661, 660])
0	0.0	0.3664526807750253	([476], [476, 475])
0	0.0	0.36677499913791833	([695], [695, 694])
0	0.0	0.36840463633590076	([425], [425, 424])
0	0.0	0.36842842018977473	([164], [164, 162])
0	0.0	0.3692910957110053	([520], [520, 519])
0	0.0	0.3693802083856913	([553], [553, 552])
0	0.0	0.37001106075436324	([462], [462, 461])
0	0.0	0.37056355395245094	([235], [235, 234])
0	0.0	0.37142033406294284	([266], [276, 275])
0	0.0	0.37154521056477235	([223], [223, 222])
0	0.0	0.3715680111338148	([346], [347, 345])
0	0.0	0.37178943640082956	([550], [550, 549])
0	0.0	0.37318385637609564	([598], [612, 611])
0	0.0	0.3735998661758308	([294], [294, 292])
0	0.0	0.3738424773929185	([405], [405, 401])
0	0.0	0.3741750326127475	([611], [856, 855])
0	0.0	0.3743985305251395	([93], [93, 92])
1	0.35516148268022124	0.37487546010431133	([220, 218], [222, 221, 215])
0	0.0	0.374876875392741	([407], [407, 406])
0	0.0	0.3773781956975259	([234], [235, 233])
0	0.0	0.37746060969035644	([212], [212, 211])
0	0.0	0.37876767274722145	([287], [287, 286])
0	0.0	0.3787850226029418	([219], [219, 218])
0	0.0	0.3795466433979897	([461], [461, 460])
0	0.0	0.37963008863163067	([353], [353, 352])
0	0.0	0.38173490617428374	([53], [53, 52])
0	0.0	0.38406373393217297	([275], [294, 293])
0	0.0	0.38426134479399876	([540], [540, 539])
0	0.0	0.3844800020777977	([315], [315, 314])
0	0.0	0.38504936184810706	([68], [68, 67])
0	0.0	0.3855976530002005	([836], [836, 835])
0	0.0	0.3859360483154835	([311], [311, 309])
0	0.0	0.3865037475955176	([317], [317, 316])
0	0.0	0.3871551496071417	([0], [148, 147])
0	0.0	0.3876616876865828	([163], [163, 162])
0	0.0	0.38885623364497224	([251], [251, 248])
0	0.0	0.38923898273687946	([449], [449, 448])
0	0.0	0.39160221817117713	([314], [315, 313])
0	0.0	0.39311097928006017	([450], [450, 447])
0	0.0	0.39449731960213597	([324], [324, 323])
0	0.0	0.39730956950892704	([147], [85, 84])
0	0.0	0.4009752971720854	([855], [598, 597])
0	0.0	0.4029922788610257	([597], [683, 682])
0	0.0	0.40312517078695553	([293], [311, 310])
0	0.0	0.40469471543351165	([106], [106, 105])
0	0.0	0.41171470357004797	([319], [319, 318])
0	0.0	0.41353944583368524	([100], [100, 99])
0	0.0	0.41510369694815924	([310], [266, 265])
0	0.0	0.4159536822247137	([682], [597, 596])
0	0.0	0.4237049626848605	([84], [48, 46])
0	0.0	0.42990817658224145	([247], [247, 246])
0	0.0	0.4303727090976665	([258], [258, 245])
0	0.0	0.4341721339895918	([260], [260, 259])
1	0.4297241338916528	0.4347002438428441	([313, 304], [313, 311, 309])
0	0.0	0.4398332322865181	([265], [266, 262])
0	0.0	0.44198021926712394	([323], [323, 322])
0	0.0	0.44524236112012083	([255], [255, 248])
0	0.0	0.4475636738297298	([259], [259, 254])
0	0.0	0.4491654293412907	([46], [81, 80])
1	0.4479747659437918	0.4494106645404509	([265, 261], [266, 265, 262])
0	0.0	0.4643721515620591	([248], [255, 46])
0	0.0	0.4696782778644244	([245], [245, 244])
0	0.0	0.4747156606042586	([250], [250, 80])
1	0.46302306377237157	0.47490302926800837	([663, 646], [663, 655, 653])
0	0.0	0.4927334110403059	([249], [249, 80])
0	0.0	0.503626037433347	([254], [254, 100])
0	0.0	0.5057033594099279	([253], [253, 106])
0	0.0	0.5160333691040269	([246], [246, 245])
1	0.5113941126046971	0.5207558720758596	([250, 84], [250, 84, 80])
0	0.0	0.5255575797633697	([257], [257, 245])
0	0.0	0.571382874982325	([80], [265, 252])
1	0.5201834835152431	0.5890655040811243	([310, 253], [317, 311, 310])
1	0.5801464296936625	0.5917572126290401	([413, 393], [413, 406, 393])
1	0.5920022294738667	0.5998366673909595	([21, 5], [21, 14, 13])
1	0.5880295859460299	0.5999219736503411	([287, 255], [287, 283, 282])
1	0.5970538378322827	0.6010506682187138	([846, 825], [846, 843, 825])
1	0.5985539431034177	0.6046378650918992	([47, 27], [43, 35, 30])
1	0.5994293988323635	0.6055363727200251	([755, 738], [755, 749, 738])
1	0.5941845105238955	0.6095065705781685	([412, 391], [412, 402, 393])
1	0.6001398816798874	0.6097155105913372	([15, 1], [15, 8, 5])
1	0.6176919959863075	0.6215660415315728	([76, 46], [76, 62, 55])
1	0.6146989527726918	0.6219459686907184	([261, 244], [261, 259, 243])
1	0.6106829551166593	0.6280908208278357	([474, 444], [474, 470, 444])
1	0.6241793248131322	0.6286505831980178	([824, 793], [824, 815, 793])
1	0.5932057096622213	0.6307069042792173	([259, 243], [259, 246, 244])
1	0.577244786250671	0.6336065057520872	([264, 255], [283, 268, 264])
1	0.6172282502372919	0.6384098193070112	([137, 117], [137, 136, 117])
1	0.6359459872116286	0.641675216618887	([190, 154], [190, 184, 154])
1	0.638192769938658	0.6419094599967978	([950, 910], [950, 910, 887])
1	0.6222025735235793	0.641990244524781	([771, 752], [771, 764, 755])
1	0.6275755446855427	0.6426822066780683	([769, 749], [769, 761, 753])
1	0.6381238703325333	0.6432194390677862	([120, 87], [120, 107, 103])
1	0.6447759669589718	0.6476112415973736	([592, 557], [592, 572, 568])
1	0.6024870631832887	0.6488076798410025	([46, 20], [46, 42, 26])
1	0.6446368041395073	0.6496703967668922	([124, 78], [124, 112, 85])
1	0.6430376213425713	0.6510149290536239	([417, 382], [417, 412, 382])
1	0.6454570005617186	0.6523457859644541	([195, 131], [195, 188, 131])
1	0.6465926020138565	0.6523708107944408	([557, 532], [557, 544, 543])
1	0.6236079920083196	0.6531406296493172	([45, 10], [45, 40, 10])
1	0.6297080171492808	0.6555772691014529	([192, 129], [192, 188, 129])
1	0.587584634721108	0.6558027884909576	([335, 255], [328, 319, 316])
1	0.634177944282229	0.6597254262832362	([707, 685], [708, 707, 686])
1	0.6572511248625666	0.6609199790789201	([322, 282], [322, 308, 282])
1	0.6442082052745665	0.6628304881151277	([247, 222], [246, 229, 209])
1	0.6650434657142926	0.6653072184722202	([45, 1], [45, 14, 10])
1	0.6474964962051558	0.6653738972042439	([415, 378], [415, 388, 384])
1	0.6591218084337668	0.6667758949104211	([907, 871], [907, 885, 871])
1	0.6509399458351884	0.6681392883138427	([760, 729], [760, 750, 739])
1	0.6603825945477851	0.668158578872801	([243, 209], [243, 235, 209])
1	0.6620953488195667	0.6692415554458055	([44, 0], [44, 35, 0])
1	0.6141074703647414	0.6709643846613197	([592, 542], [592, 557, 539])
1	0.6640701126160001	0.6718780178371463	([77, 42], [77, 64, 42])
1	0.6582474429596427	0.6724260294919677	([942, 906], [942, 921, 915])
1	0.6715336438117172	0.6729713434149276	([925, 895], [925, 914, 911])
1	0.6718916985713427	0.6729731385544687	([919, 866], [919, 910, 866])
1	0.667912989392175	0.674162546976122	([205, 126], [205, 154, 131])
1	0.6561572363365669	0.6751996050455091	([950, 875], [950, 887, 875])
1	0.6650261647240266	0.6755209108292124	([243, 48], [243, 240, 46])
1	0.6600601442583464	0.6756558139030545	([918, 868], [918, 905, 887])
1	0.6705215724813459	0.6757587034936047	([379, 284], [390, 381, 284])
1	0.6552645581932158	0.6763422564727335	([246, 126], [246, 209, 126])
1	0.6537845677098149	0.6764878773757101	([543, 513], [543, 541, 513])
1	0.6647369879948337	0.6777867376564682	([246, 19], [246, 49, 33])
1	0.6534436077705789	0.6780385967030819	([246, 49], [246, 103, 85])
1	0.6214247645859924	0.6780385967030819	([246, 106], [246, 126, 85])
1	0.6751882024867533	0.6783307641154731	([202, 128], [202, 190, 128])
1	0.6761286891292232	0.6790584395306022	([128, 82], [128, 113, 86])
1	0.67515795796882	0.6790784248035833	([384, 281], [384, 379, 284])
1	0.6616377699419859	0.679263611441002	([918, 845], [918, 868, 848])
1	0.6519113403688062	0.6794307373142385	([246, 168], [246, 189, 168])
1	0.6610568040488599	0.682251246412605	([240, 46], [259, 244, 45])
1	0.6081975963389774	0.6824557124753966	([950, 898], [950, 924, 917])
1	0.6633389768353535	0.6830335933496827	([934, 904], [934, 921, 908])
1	0.6606242792083596	0.6836335630371325	([260, 45], [246, 244, 49])
1	0.6600238918332713	0.6836485342091351	([125, 84], [125, 112, 82])
1	0.6844651810103011	0.6849957386808553	([239, 191], [244, 239, 191])
1	0.6820098525867979	0.685091047568047	([244, 202], [239, 213, 191])
1	0.6780324724329025	0.6853435843130333	([194, 133], [194, 181, 127])
1	0.6774896391260244	0.6858973073937871	([926, 869], [926, 917, 869])
1	0.5460169136958778	0.6864290154717778	([259, 257], [259, 257, 245])
1	0.6794827370157639	0.6870939572625986	([424, 377], [424, 411, 380])
1	0.6360148027351875	0.6875829098541132	([950, 848], [950, 875, 848])
1	0.6642039518607563	0.6878857065973034	([935, 881], [935, 928, 881])
1	0.6883235137809508	0.6883743575710319	([210, 134], [210, 185, 154])
1	0.6849616857378793	0.6886219045666319	([944, 901], [944, 937, 901])
1	0.6771036444143755	0.6887492478618245	([750, 246], [750, 741, 246])
1	0.6756150597491438	0.6887492478618245	([768, 246], [768, 741, 246])
1	0.682618599200229	0.6901298500472317	([707, 659], [707, 685, 659])
1	0.6815166364159289	0.6902943487945022	([414, 354], [414, 379, 378])
1	0.5442847509673036	0.6906296728440565	([249, 234], [249, 234, 212])
1	0.6562401269128395	0.6909879710660003	([765, 699], [765, 763, 699])
1	0.6830811943590213	0.6914178098792922	([262, 47], [262, 244, 47])
1	0.6727332074033714	0.6917420060872663	([824, 768], [824, 795, 793])
1	0.6875428480321861	0.6920072702625556	([185, 114], [185, 138, 136])
1	0.6904759017469667	0.692264973198106	([924, 871], [924, 919, 866])
1	0.6908228700311934	0.6925236573444791	([131, 49], [246, 126, 49])
1	0.6778872869965424	0.6926630004497596	([422, 246], [420, 414, 377])
1	0.6688590150815023	0.6933469847283509	([547, 514], [547, 536, 535])
1	0.6893211037790983	0.6937347319745972	([622, 246], [651, 633, 632])
1	0.6566859142822123	0.6937966108526783	([103, 46], [103, 75, 60])
1	0.6280894259168617	0.6945580663305456	([275, 46], [275, 260, 243])
1	0.6938471784411572	0.6947507165113319	([938, 888], [939, 938, 888])
1	0.6863636722878362	0.694791702463181	([915, 846], [915, 869, 846])
1	0.677107554421342	0.6949113390840937	([168, 47], [168, 156, 47])
1	0.6823175756780185	0.6962309849275952	([210, 47], [243, 237, 47])
1	0.685056244282395	0.6962792094032422	([380, 282], [384, 380, 282])
1	0.6602720103552187	0.6963352283604615	([146, 45], [129, 87, 45])
1	0.6921467766907164	0.6963602603192661	([214, 137], [214, 185, 137])
1	0.6629176598879187	0.6966435485092574	([950, 807], [950, 826, 823])
1	0.6942924423840943	0.6967679061497607	([829, 775], [829, 798, 775])
1	0.6884371042794292	0.6975146291176867	([800, 755], [825, 807, 800])
1	0.6960600023720506	0.6979406404150384	([921, 849], [929, 921, 849])
1	0.6818331967892022	0.6981492373736085	([825, 755], [843, 825, 755])
1	0.6888382458353287	0.6981492373736085	([866, 755], [866, 843, 755])
1	0.6953199676526262	0.6993554112175095	([315, 260], [315, 281, 260])
1	0.681547623232321	0.6995458883745015	([194, 45], [194, 129, 125])
1	0.6994546369919193	0.6997728419816706	([739, 691], [739, 721, 691])
1	0.6930736939983718	0.6999178880761014	([205, 75], [205, 126, 83])
1	0.6824104069293235	0.6999178880761014	([203, 83], [205, 203, 83])
1	0.6930875505539397	0.7003173987572697	([88, 44], [88, 55, 43])
1	0.6777894746726759	0.7005597881512664	([843, 763], [825, 800, 794])
1	0.6885259468810156	0.700974441575511	([921, 795], [921, 849, 795])
1	0.6947799696879563	0.7011441776715864	([385, 338], [385, 338, 322])
1	0.6870769409470235	0.7015766940455367	([910, 719], [908, 877, 719])
1	0.6728699343490039	0.701606338050575	([320, 246], [318, 283, 282])
1	0.674160703335514	0.70168451786603	([130, 47], [130, 79, 78])
1	0.6699561454367591	0.7018616475329706	([354, 285], [384, 354, 283])
1	0.6749231829278738	0.7018616475329706	([383, 276], [384, 382, 283])
1	0.6982047117122292	0.7018790331280669	([193, 81], [193, 131, 81])
1	0.6794820143956191	0.7019524044606784	([918, 762], [925, 918, 762])
1	0.6917051981477339	0.7021966888591449	([200, 47], [200, 194, 47])
1	0.6972277910279726	0.7030897717606925	([592, 381], [592, 541, 435])
1	0.6807690136068272	0.7034773216350274	([939, 865], [939, 927, 865])
1	0.6928525641460938	0.7043285533832999	([105, 47], [105, 83, 47])
1	0.6974284878690712	0.7050308096382308	([829, 246], [851, 829, 827])
1	0.6629917668948458	0.7054592667660762	([390, 284], [385, 361, 338])
1	0.6907510230180176	0.7063499138937609	([756, 695], [756, 736, 695])
1	0.6905472954613697	0.7072356474144658	([608, 547], [608, 593, 561])
1	0.7026955005476385	0.7077052134649876	([763, 643], [763, 699, 643])
1	0.6802059951424275	0.7079475035049645	([270, 205], [270, 241, 205])
1	0.6724112566505941	0.7082392274233452	([922, 764], [926, 925, 767])
1	0.7071849699494567	0.708311921522227	([346, 306], [346, 337, 306])
1	0.6952207241036341	0.7084030014294064	([498, 426], [498, 470, 426])
1	0.6904691400906651	0.7085619759479647	([902, 832], [902, 869, 839])
1	0.6576932792637028	0.7090280061148363	([926, 767], [926, 846, 843])
1	0.701138275734259	0.7093224380438541	([909, 812], [950, 924, 826])
1	0.6916511302183943	0.7100544257056757	([399, 246], [420, 399, 389])
1	0.6576756742686425	0.7101598894401336	([192, 44], [192, 130, 39])
1	0.6911357904036324	0.7102323508105279	([541, 440], [541, 493, 440])
1	0.703081078162653	0.7109912533350806	([930, 867], [930, 928, 867])
1	0.596657398576236	0.7110203179900818	([255, 242], [264, 255, 242])
1	0.7061155175506382	0.7115795987281702	([205, 40], [261, 241, 40])
1	0.709218930535163	0.711772153965856	([172, 46], [172, 137, 46])
1	0.7022641872507778	0.712009785968846	([419, 46], [419, 402, 46])
1	0.6759849928959227	0.7120396283455093	([116, 66], [123, 116, 66])
1	0.7076715284170538	0.7124485268210098	([423, 285], [424, 423, 285])
1	0.6919811251595738	0.7125985819867512	([695, 592], [689, 639, 592])
1	0.694086141192238	0.7131801576213591	([939, 824], [939, 918, 888])
1	0.7108467247572788	0.7132208237440181	([212, 157], [212, 204, 157])
1	0.7024032465089666	0.7132616991291698	([243, 87], [243, 87, 78])
1	0.6921227599480634	0.7134903182914099	([529, 246], [537, 504, 493])
1	0.6967464381262796	0.7136862465135662	([280, 201], [280, 239, 201])
1	0.7122621275858311	0.7143240028253491	([176, 60], [176, 131, 56])
1	0.6796591222275339	0.7145791621874129	([208, 76], [208, 192, 83])
1	0.7015077101543106	0.7148146646812549	([712, 639], [712, 689, 677])
1	0.7031365180420157	0.7150368099698765	([438, 46], [438, 428, 46])
1	0.7081263916113323	0.7153213371425301	([430, 372], [430, 407, 406])
1	0.7074407384055944	0.7155850386075905	([824, 725], [824, 756, 725])
1	0.6922986612594935	0.7156496478153875	([444, 346], [444, 430, 346])
1	0.6918524801858399	0.7156693194620164	([196, 46], [208, 196, 76])
1	0.6987325488079801	0.7157592280665165	([402, 326], [402, 373, 372])
1	0.6926490005799303	0.7161418950032431	([198, 48], [198, 124, 85])
1	0.7085602717736349	0.7162488354784202	([837, 736], [843, 837, 736])
1	0.7063808947212785	0.7166659651760855	([868, 753], [868, 839, 825])
1	0.7157164381340231	0.7167127326236128	([283, 198], [283, 243, 198])
1	0.706110572161649	0.7169644846161527	([852, 752], [852, 828, 824])
1	0.7159484595425887	0.7171320578856638	([438, 322], [438, 338, 322])
1	0.7014437071885838	0.7173510270813837	([756, 642], [756, 697, 695])
1	0.6917416049921796	0.7176202909466032	([207, 20], [243, 203, 20])
1	0.6886085348826166	0.7176202909466032	([269, 20], [269, 243, 20])
1	0.6938656819371083	0.7181683818809774	([950, 765], [950, 792, 765])
1	0.7154417165620965	0.7186323544725371	([213, 112], [213, 207, 112])
1	0.7074832855150263	0.7186619465081017	([207, 72], [207, 205, 72])
1	0.707332351949567	0.7191663676653384	([920, 759], [929, 920, 759])
1	0.6961146316927386	0.7192134405088849	([202, 21], [202, 49, 29])
1	0.7190734618318486	0.7192172302210633	([916, 793], [916, 847, 824])
1	0.7162532148518919	0.7193077950583551	([556, 480], [556, 525, 495])
1	0.7070270958556958	0.7193181975037476	([587, 530], [592, 587, 530])
1	0.7045045965053168	0.7197570473061112	([418, 280], [418, 411, 280])
1	0.7022607260772208	0.7199478332505391	([204, 43], [189, 83, 43])
1	0.6982114770459417	0.7201423268820631	([261, 19], [205, 56, 37])
1	0.7007496724934053	0.7201593338113115	([197, 0], [241, 197, 42])
1	0.7020330691734372	0.7201593338113115	([263, 42], [263, 241, 42])
1	0.7200109123402394	0.720373658147047	([211, 74], [211, 126, 74])
1	0.7151284114037709	0.7204584526250724	([495, 417], [495, 469, 444])
1	0.710403685101224	0.7211681214556406	([281, 195], [281, 243, 207])
1	0.720178471376173	0.7213647218521184	([432, 336], [432, 385, 383])
1	0.7180434278297737	0.7214982725603817	([201, 32], [203, 201, 20])
1	0.7093016729901289	0.7215351981532637	([430, 286], [412, 378, 284])
1	0.6637792795211617	0.7216224341095193	([247, 90], [247, 90, 75])
1	0.7168990863018752	0.7216364957385422	([182, 54], [189, 182, 54])
1	0.7093487195498677	0.7216442162568665	([378, 241], [385, 378, 241])
1	0.6936943287946893	0.7218574077734744	([182, 91], [178, 133, 104])
1	0.705258712243759	0.7220153924526536	([563, 412], [563, 541, 440])
1	0.710809763756212	0.722219474338214	([321, 200], [284, 282, 200])
1	0.6957751806098119	0.7222973434152651	([370, 20], [370, 349, 46])
1	0.7214681133571068	0.7224565739419763	([237, 104], [237, 220, 104])
1	0.7091146663339218	0.7224565739419763	([225, 110], [246, 220, 104])
1	0.6780226142571131	0.7225605942222774	([849, 719], [849, 824, 719])
1	0.7167449904403507	0.7225689880008055	([280, 187], [280, 239, 187])
1	0.6939553602325492	0.7227694097554478	([440, 281], [439, 424, 281])
1	0.6600399703712072	0.7228491138707176	([299, 256], [299, 279, 260])
1	0.6983076203093782	0.7229311290354374	([291, 48], [291, 283, 48])
1	0.6981969906091542	0.7230942671328385	([950, 677], [950, 708, 677])
1	0.7145639662044124	0.7231316591811343	([83, 12], [83, 43, 33])
1	0.715848070539743	0.7234659188760822	([273, 21], [273, 270, 39])
1	0.7223872196691297	0.72353162049024	([799, 741], [799, 775, 766])
1	0.7160448537312951	0.7239304545126728	([353, 262], [381, 367, 262])
1	0.7237481099884953	0.7240102970282285	([429, 360], [429, 392, 369])
1	0.7028705808722014	0.7243113902084026	([235, 111], [235, 210, 111])
1	0.7115197625114873	0.7244125408323567	([497, 423], [497, 470, 437])
1	0.7054426125107115	0.7244186977792538	([240, 0], [282, 268, 0])
1	0.7097050172993276	0.724436946971658	([592, 475], [592, 513, 509])
1	0.6778101457710201	0.7245673118710418	([915, 757], [912, 846, 825])
1	0.7053836930645726	0.7245673118710418	([942, 825], [942, 912, 825])
1	0.6883349344821289	0.7245852804854525	([125, 31], [125, 64, 50])
1	0.7207741796610481	0.7246160923552755	([445, 284], [445, 416, 284])
1	0.7238116480269408	0.7246956265559382	([945, 795], [945, 928, 795])
1	0.7200350079843065	0.7247346790474645	([267, 71], [267, 201, 71])
1	0.7023960904309774	0.7248466940690239	([948, 842], [944, 943, 861])
1	0.708931619610845	0.7253171852627173	([691, 618], [691, 646, 634])
1	0.7229262278742277	0.725476217362178	([240, 88], [240, 88, 78])
1	0.6687019630510697	0.7255521435973634	([248, 45], [248, 245, 47])
1	0.7157339561881498	0.7256694964372172	([725, 639], [725, 712, 688])
1	0.7002318290819225	0.7257031336323325	([949, 822], [949, 869, 841])
1	0.7123357591675813	0.7257355236476791	([754, 650], [754, 717, 695])
1	0.7142247934177323	0.7259208932488975	([629, 567], [629, 613, 567])
1	0.6923781948584891	0.7259816983224727	([587, 246], [587, 537, 530])
1	0.6962286935709201	0.7261023211833657	([930, 761], [930, 920, 759])
1	0.7203538110771721	0.7267656759719509	([181, 57], [181, 121, 89])
1	0.7254047359108012	0.7268345137800691	([796, 695], [796, 729, 695])
1	0.714690985000401	0.7268920308042514	([849, 696], [849, 719, 696])
1	0.6984953377830926	0.7269590738711899	([216, 89], [216, 183, 117])
1	0.7147161398135953	0.7269875047630558	([906, 773], [902, 846, 832])
1	0.7009925565605468	0.7271865379338007	([499, 46], [491, 440, 438])
1	0.7203768182052872	0.7272176975306901	([942, 756], [942, 930, 756])
1	0.7049999878231135	0.7272179818301208	([448, 45], [448, 416, 393])
1	0.7107507654884787	0.7274218891835643	([601, 46], [601, 562, 541])
1	0.7064889117041626	0.7278515164286822	([409, 343], [398, 371, 364])
1	0.7252713459626311	0.7280305284943308	([839, 748], [839, 814, 743])
1	0.7206053240842455	0.7281067354462714	([805, 718], [805, 772, 719])
1	0.725898512734714	0.7282033325716348	([385, 20], [385, 384, 20])
1	0.722481928272731	0.7282865561179166	([936, 851], [936, 886, 884])
1	0.7280011769169122	0.7283967651869085	([947, 839], [947, 882, 878])
1	0.7133465711513566	0.7284023953393081	([472, 388], [472, 427, 420])
1	0.5877290638372836	0.7284061526529182	([248, 245], [255, 248, 242])
1	0.712864156485072	0.7288946816776977	([285, 191], [285, 260, 241])
1	0.7217574006258085	0.7289744147544699	([278, 27], [274, 243, 20])
1	0.7286050465420697	0.729046585575871	([547, 385], [547, 385, 270])
1	0.703477040042436	0.7290586718514253	([461, 378], [461, 444, 378])
1	0.7226096748361167	0.7290826773473423	([865, 798], [865, 824, 798])
1	0.7246539761752696	0.7292565225884926	([577, 500], [577, 536, 524])
1	0.6811595147305259	0.7294415033214025	([242, 2], [242, 196, 41])
1	0.7262716993533301	0.7294697678260195	([950, 200], [950, 200, 198])
1	0.7160274143276699	0.7295489522015299	([618, 540], [618, 600, 563])
1	0.7243922705633005	0.7295734219599385	([592, 307], [592, 381, 284])
1	0.6836709068251224	0.7296516438267653	([785, 246], [785, 750, 740])
1	0.7259100954394856	0.7296696403520074	([814, 716], [814, 743, 716])
1	0.7275433770028	0.7301763967951598	([563, 474], [563, 474, 440])
1	0.7125219603990971	0.7302783766397986	([471, 353], [471, 434, 353])
1	0.7069581869806963	0.7303404115858447	([547, 270], [547, 541, 440])
1	0.7080406413660177	0.7304810178909165	([442, 283], [442, 438, 283])
1	0.7183316304315998	0.7304952217293299	([923, 700], [923, 764, 700])
1	0.7113970869366693	0.7305030467613018	([913, 760], [921, 913, 760])
1	0.7263651571335482	0.7305204941096538	([225, 136], [225, 191, 175])
1	0.7270376507310528	0.7306804060810701	([719, 630], [719, 651, 630])
1	0.7277058770042284	0.7309262031928339	([370, 306], [370, 337, 336])
1	0.7182538933112211	0.7310228852208195	([514, 367], [514, 383, 367])
1	0.7210817768935867	0.7310662325498217	([375, 260], [378, 375, 260])
1	0.7234980398741703	0.7311082812518307	([421, 307], [421, 372, 307])
1	0.6961481729448795	0.7311084717068337	([383, 240], [383, 276, 240])
1	0.7236068728580415	0.7312455737293586	([753, 639], [753, 716, 639])
1	0.7243300369282369	0.7313058398227529	([844, 760], [845, 844, 760])
1	0.7264403280395196	0.7313170622216205	([219, 116], [219, 170, 167])
1	0.6929160088252654	0.7313816254820014	([545, 432], [545, 511, 423])
1	0.6942441364592045	0.7315577966033451	([950, 724], [950, 792, 724])
1	0.728555221479678	0.7316106390774924	([204, 68], [238, 204, 68])
1	0.7245040698375168	0.7316226269763191	([238, 95], [238, 237, 95])
1	0.7304355701310593	0.7316530086640644	([493, 336], [493, 471, 353])
1	0.7230600705416207	0.7318055285570868	([368, 300], [368, 321, 302])
1	0.7308864675884896	0.7318891161964959	([413, 239], [413, 284, 263])
1	0.7216244077026936	0.7318891161964959	([393, 263], [413, 393, 263])
1	0.7169796311990908	0.7321019569422764	([368, 266], [368, 300, 266])
1	0.7179687243892973	0.7321356661437671	([444, 320], [444, 378, 284])
1	0.703625021847585	0.7321743764525572	([337, 244], [337, 274, 260])
1	0.7115029538986483	0.7322253290009604	([753, 683], [753, 716, 707])
1	0.7297017320054054	0.7324149579684521	([272, 54], [272, 54, 39])
1	0.5620356339283897	0.7326944325561218	([283, 255], [335, 308, 287])
1	0.7297512691492624	0.7327728201931657	([941, 701], [941, 924, 701])
1	0.7268641359607037	0.7333141031568458	([333, 238], [333, 315, 238])
1	0.7319422440309432	0.7333424322379245	([944, 753], [944, 922, 753])
1	0.7241800787104313	0.7337083183894285	([427, 315], [430, 427, 286])
1	0.729557272398356	0.7337300423500904	([212, 113], [212, 157, 154])
1	0.7327468066119807	0.7339077120836772	([508, 439], [508, 483, 469])
1	0.7320519355136716	0.7339166076614013	([726, 640], [726, 716, 640])
1	0.7185947680286882	0.733931441686788	([862, 784], [862, 831, 784])
1	0.7327726185672083	0.7339466805988447	([767, 637], [767, 698, 643])
1	0.728730526629222	0.7339580378162183	([260, 107], [260, 237, 107])
1	0.722103229175844	0.7341373297996222	([839, 686], [839, 748, 686])
1	0.7122285856367947	0.7341716840207269	([915, 697], [925, 915, 697])
1	0.720276917129394	0.7341750683345302	([408, 348], [408, 369, 348])
1	0.7282421051761193	0.7342171283173727	([493, 408], [493, 435, 417])
1	0.7262923719122096	0.7344585343119511	([209, 51], [209, 78, 75])
1	0.6491963140967587	0.7344585343119511	([247, 75], [247, 209, 75])
1	0.7149307071206692	0.7345076629183003	([720, 647], [720, 696, 653])
1	0.7330524196437054	0.7345214815213646	([473, 368], [473, 431, 415])
1	0.733388007767264	0.7346511459951396	([562, 439], [563, 562, 439])
1	0.7226828882809693	0.7346563892900451	([820, 707], [820, 786, 770])
1	0.7124104040037437	0.7347043423111992	([404, 327], [404, 371, 341])
1	0.728526332170718	0.7347580246733844	([727, 672], [727, 707, 672])
1	0.7266290734945009	0.7348317039799711	([886, 770], [886, 878, 770])
1	0.7269382241655902	0.7348534179298422	([523, 377], [537, 523, 377])
1	0.6892166772020167	0.7349000853432328	([950, 213], [950, 213, 204])
1	0.7332575865844893	0.7349000853432328	([948, 204], [950, 948, 204])
1	0.7334835838100855	0.7349744611436372	([928, 693], [928, 917, 698])
1	0.7298152053168582	0.7352576712460884	([857, 721], [828, 794, 721])
1	0.735073233208016	0.7355091403050475	([626, 555], [626, 599, 555])
1	0.7245467710112563	0.7356043674604088	([245, 1], [245, 47, 44])
1	0.7328157799488175	0.7356348246959877	([889, 778], [889, 865, 778])
1	0.7347129963058463	0.7362398630421539	([431, 344], [431, 416, 344])
1	0.7035214001166569	0.7363084545741454	([757, 595], [763, 757, 617])
1	0.7349241910886382	0.7363554460382913	([873, 749], [873, 866, 754])
1	0.7145943869187935	0.7364617749918624	([419, 274], [423, 419, 274])
1	0.7309383046489272	0.7365470701414626	([561, 424], [562, 561, 439])
1	0.7291381297642212	0.7365587356126353	([901, 769], [901, 875, 837])
1	0.6594931027670382	0.7365692767374844	([773, 247], [803, 782, 771])
1	0.7258436619526375	0.7366667764992229	([236, 91], [236, 229, 91])
1	0.7348857601050328	0.7367274457084253	([789, 704], [789, 752, 704])
1	0.7300866441109988	0.7372042311944921	([400, 309], [400, 380, 309])
1	0.7351099079150863	0.7374985985526717	([384, 210], [384, 210, 20])
1	0.7251046030811344	0.7376201527650548	([565, 497], [565, 531, 529])
1	0.7276447095443266	0.7379818454306827	([284, 32], [284, 268, 32])
1	0.7314307406545516	0.7380081934173373	([881, 775], [881, 823, 774])
1	0.7301294400677266	0.7380677363110464	([703, 607], [703, 667, 628])
1	0.7331990988931466	0.7381216751642571	([910, 753], [910, 764, 753])
1	0.6077162435247938	0.7381851169288577	([257, 125], [257, 215, 125])
1	0.7056784661877441	0.7381964391984681	([506, 416], [506, 474, 471])
1	0.7259075158797449	0.738223542297283	([261, 119], [261, 239, 131])
1	0.7226928187094264	0.7382347530608372	([541, 378], [541, 435, 433])
1	0.732328774999659	0.7382483936355018	([534, 431], [534, 512, 424])
1	0.7268024916613411	0.7382672476755894	([608, 461], [608, 563, 542])
1	0.7243148525508165	0.738393596186168	([199, 17], [199, 69, 2])
1	0.7265176789767923	0.7385934672569332	([417, 309], [417, 381, 337])
1	0.7225181045000432	0.7387026914791041	([645, 533], [659, 645, 533])
1	0.7177199764081971	0.7388391410486157	([719, 609], [719, 630, 609])
1	0.6708646640599952	0.738992697587549	([377, 246], [399, 331, 320])
1	0.7126047061209818	0.7393810166552334	([912, 592], [915, 912, 592])
1	0.7376164400785091	0.7394092084406201	([750, 655], [750, 722, 655])
1	0.7323578923396339	0.7394599297915934	([419, 308], [419, 366, 308])
1	0.7354186476432616	0.7396070271450205	([642, 544], [642, 617, 544])
1	0.7097783402820933	0.7396351319659077	([562, 46], [562, 542, 529])
1	0.7219384981568163	0.7399087687316617	([548, 446], [548, 540, 432])
1	0.7197853934694227	0.7400725617513229	([366, 261], [381, 366, 261])
1	0.7296499933061269	0.7402250260742516	([386, 273], [386, 337, 316])
1	0.7390365151756338	0.7402437204073676	([288, 192], [288, 261, 259])
1	0.7353153997798838	0.7402662208494618	([542, 285], [542, 423, 413])
1	0.7373612661335818	0.7404799431831692	([732, 612], [732, 680, 640])
1	0.7369685618336123	0.7406473540107873	([696, 541], [698, 696, 541])
1	0.7342482019608874	0.7406479781821627	([595, 512], [595, 555, 539])
1	0.7045696823191371	0.7407133829094348	([948, 772], [948, 814, 772])
1	0.7377508387391696	0.7408685158474916	([913, 728], [913, 910, 728])
1	0.6797796777403489	0.7409331156396888	([470, 246], [700, 642, 587])
1	0.7112591675772075	0.7409896434628702	([271, 12], [271, 264, 198])
1	0.7382887188544728	0.7409944065031301	([934, 768], [934, 887, 759])
1	0.7261982971040669	0.7410758738074091	([719, 536], [719, 595, 561])
1	0.7176265043595682	0.7411096576822906	([507, 428], [507, 500, 428])
1	0.7089770897462919	0.7411098940242173	([491, 346], [491, 444, 436])
1	0.7401052399133908	0.7414292318458451	([457, 397], [457, 447, 397])
1	0.7158438730590452	0.7414524597291782	([947, 788], [947, 942, 794])
1	0.7328358267327865	0.7419933484894883	([533, 465], [533, 493, 491])
1	0.7358217198441802	0.7420974970661093	([707, 632], [707, 659, 632])
1	0.734535962503847	0.7421170749241394	([586, 502], [586, 557, 502])
1	0.7407502367764335	0.7422172496498434	([869, 699], [920, 867, 699])
1	0.7414947994778995	0.7423253086299226	([426, 304], [426, 423, 290])
1	0.7379558334492584	0.7424839543141594	([195, 10], [195, 50, 33])
1	0.7358245573640301	0.7426374240356212	([868, 643], [868, 755, 751])
1	0.7403708243195769	0.7426416274124263	([212, 69], [212, 190, 69])
1	0.6465820203435775	0.7426436323537046	([256, 210], [260, 256, 210])
1	0.7369739044757911	0.7426701176213871	([950, 87], [950, 87, 68])
1	0.7409910975176954	0.7427851121624084	([601, 495], [601, 541, 504])
1	0.736083012755527	0.7432270576996616	([423, 325], [423, 325, 308])
1	0.7140168524617165	0.7433446094890335	([702, 605], [719, 702, 605])
1	0.7247219869421656	0.7433715936278639	([634, 553], [634, 607, 566])
1	0.7137387393447046	0.7437166147934791	([822, 659], [822, 779, 718])
1	0.7292021707932671	0.743738847336926	([467, 398], [467, 447, 397])
1	0.7239429625115353	0.7438828313767928	([134, 28], [134, 52, 37])
1	0.7345190838894748	0.7439160016938601	([702, 551], [702, 639, 605])
1	0.7432636605386821	0.7440211310215753	([670, 590], [670, 659, 590])
1	0.7281814139508184	0.744029644561712	([691, 567], [691, 618, 606])
1	0.7140658014209949	0.744333837221033	([658, 579], [658, 633, 579])
1	0.7384602766910772	0.7444293597971199	([460, 342], [460, 445, 342])
1	0.7373926071856584	0.7448060714917711	([510, 402], [483, 446, 402])
1	0.7443883602002852	0.7448848671522236	([378, 77], [378, 241, 77])
1	0.7381992790237464	0.745042515247998	([554, 485], [554, 540, 443])
1	0.7364406812962774	0.745066587359807	([899, 782], [880, 832, 782])
1	0.7322303779907812	0.7450938343267367	([405, 294], [405, 371, 328])
1	0.7239778493514694	0.7453220169538484	([700, 540], [700, 666, 540])
1	0.7324942946535687	0.7455370731637235	([853, 750], [853, 816, 814])
1	0.6744009323755937	0.7456462415151471	([728, 246], [493, 425, 408])
1	0.7298251522048245	0.7457657170885004	([437, 20], [437, 390, 370])
1	0.730044616425701	0.745878141272317	([949, 769], [949, 819, 811])
1	0.7408304084440298	0.7459824497186586	([353, 202], [353, 262, 202])
1	0.7325761766871299	0.7462178851752499	([459, 348], [441, 408, 378])
1	0.7445138732389056	0.7462708387671443	([646, 545], [691, 646, 545])
1	0.7176483092844834	0.7462877070172365	([949, 47], [948, 47, 0])
1	0.7427514775990529	0.7464822170285299	([378, 47], [378, 375, 47])
1	0.7385695450289042	0.7465213367013197	([397, 299], [397, 375, 360])
1	0.7381969192182687	0.7465762772743983	([231, 142], [231, 206, 186])
1	0.7285572095026237	0.7466148545570269	([240, 27], [240, 47, 27])
1	0.7219103967733571	0.7466224650026214	([478, 387], [478, 443, 387])
1	0.7400380867091272	0.7467409813987005	([610, 514], [638, 610, 514])
1	0.7444871361558357	0.7467589470894127	([882, 745], [882, 780, 770])
1	0.7366960346886966	0.7467589470894127	([882, 780], [882, 861, 770])
1	0.7328181588519276	0.7469918250462212	([354, 43], [354, 264, 43])
1	0.7420780591591633	0.7471709688654907	([525, 403], [525, 488, 403])
1	0.7171783214666835	0.7471876043475625	([659, 520], [645, 576, 569])
1	0.7236591591325117	0.747232712753426	([276, 6], [276, 273, 34])
1	0.7348033653309888	0.747325621200808	([616, 522], [616, 606, 522])
1	0.7302436134706506	0.7473313001697499	([544, 437], [544, 540, 437])
1	0.7457515069473859	0.7473973593250786	([607, 408], [607, 550, 408])
1	0.7446396615486944	0.7474555994552716	([606, 471], [606, 471, 439])
1	0.7235620048858113	0.7474626766619323	([469, 47], [469, 438, 47])
1	0.7416505114868777	0.7475541543355404	([487, 404], [477, 469, 404])
1	0.7463834963758704	0.7476117715308538	([856, 720], [856, 795, 776])
1	0.7425687050939146	0.7480293538540677	([713, 602], [713, 681, 602])
1	0.7438919426319113	0.7480488993914169	([940, 836], [940, 872, 843])
1	0.7443306391660021	0.7481674350163058	([845, 666], [845, 728, 704])
1	0.7474393880157069	0.7483388399416129	([541, 272], [541, 286, 260])
1	0.7453883684570527	0.7483388399416129	([541, 286], [541, 378, 260])
1	0.7216785389082168	0.7485384149881897	([852, 592], [912, 846, 592])
1	0.7437501426438821	0.7486473747824194	([906, 810], [906, 810, 773])
1	0.742109689344718	0.7491875081165942	([950, 370], [950, 411, 370])
1	0.743187936681859	0.7492222933835327	([396, 305], [396, 368, 285])
1	0.7180429701563859	0.7492768947983585	([801, 592], [800, 730, 592])
1	0.7478833725159288	0.7493604738252049	([883, 698], [917, 865, 698])
1	0.7476584919035479	0.7494238048084919	([611, 499], [611, 563, 558])
1	0.6857578674771241	0.7495319371426031	([651, 246], [632, 594, 557])
1	0.7460390002927029	0.749557789012259	([816, 711], [816, 756, 747])
1	0.7434977347646539	0.7496189356511547	([269, 5], [269, 24, 20])
1	0.7322401726679427	0.7497953577457833	([604, 448], [604, 561, 448])
1	0.7497370544281783	0.7498231458679973	([950, 522], [950, 522, 448])
1	0.7323350811491303	0.7498910179857952	([285, 122], [285, 243, 47])
1	0.7462223280230434	0.7499640713298695	([294, 223], [294, 270, 259])
1	0.7450944439300521	0.7500125746193635	([513, 283], [540, 513, 283])
1	0.7357769107337312	0.7501096038687987	([409, 300], [409, 372, 309])
1	0.7221784134388723	0.750132358173933	([378, 9], [378, 199, 9])
1	0.7461830090006706	0.7501605667221445	([594, 427], [594, 565, 427])
1	0.7465350560027504	0.7502076966044523	([696, 579], [696, 579, 563])
1	0.7342751866400126	0.7502511227206372	([587, 508], [587, 536, 530])
1	0.7468340810976186	0.7503686354953875	([688, 570], [722, 715, 570])
1	0.6981061772653161	0.7508403424672475	([379, 45], [393, 263, 260])
1	0.735819548370286	0.7508730337999582	([475, 280], [475, 435, 423])
1	0.7482453243275656	0.7509131573557776	([765, 618], [765, 729, 618])
1	0.7434004776349666	0.7511231761985357	([919, 666], [919, 845, 763])
1	0.7407968400251429	0.7513664321074605	([896, 735], [896, 784, 750])
1	0.7328789436721019	0.7515560802302821	([299, 218], [299, 261, 235])
1	0.7211886152571928	0.751598624259071	([560, 422], [560, 542, 415])
1	0.740414545037225	0.7517284788862909	([355, 192], [355, 353, 192])
1	0.7457299901914378	0.7517905156298875	([872, 653], [872, 839, 720])
1	0.7497349040577407	0.7518530862170995	([551, 445], [551, 541, 455])
1	0.7333305587641891	0.7519031562787938	([742, 635], [742, 719, 635])
1	0.7477850623638059	0.7519850402119918	([372, 237], [372, 295, 241])
1	0.749181718521298	0.7519850402119918	([326, 241], [372, 326, 241])
1	0.6969438914695761	0.7520487098050944	([440, 40], [440, 282, 40])
1	0.7356079578663044	0.7521574640144153	([876, 727], [876, 748, 721])
1	0.7434271396489255	0.7522926321438079	([548, 375], [548, 434, 432])
1	0.7465806043644825	0.7522952792289574	([729, 435], [729, 693, 643])
1	0.7508669304998913	0.7523343208067579	([336, 236], [336, 268, 244])
1	0.748843709593669	0.7523607107749579	([566, 462], [566, 514, 498])
1	0.7406305738737261	0.752523589235179	([533, 418], [548, 533, 418])
1	0.7453984247800588	0.7529764911509773	([501, 352], [501, 420, 380])
1	0.7430890985993225	0.752980711830338	([880, 718], [880, 852, 719])
1	0.6532624823697697	0.7529847311774872	([568, 247], [647, 611, 568])
1	0.7522654023251275	0.7530758384280828	([482, 376], [482, 444, 432])
1	0.7433988685360192	0.7531018450507315	([381, 56], [381, 261, 56])
1	0.7522100547618931	0.7531920971604465	([342, 126], [342, 276, 241])
1	0.7284119241719107	0.7532227927305152	([739, 607], [739, 696, 607])
1	0.7486526031669853	0.7532528489251366	([573, 430], [573, 554, 443])
1	0.733312768191611	0.7533781133507572	([407, 124], [407, 202, 124])
1	0.7190252241001447	0.7535549007924266	([943, 785], [943, 825, 813])
1	0.7331688050293144	0.7535574745288051	([504, 390], [504, 474, 390])
1	0.7385481884660297	0.7535654782986873	([539, 406], [539, 486, 472])
1	0.7281736540187407	0.753597830321749	([470, 264], [470, 424, 264])
1	0.7430161352860022	0.7538051794126476	([793, 650], [793, 748, 737])
1	0.7346143099829398	0.7538075959564272	([387, 244], [387, 305, 292])
1	0.7534402267247141	0.7539140570268262	([503, 374], [503, 474, 374])
1	0.7357767141927126	0.7541070776283617	([604, 346], [604, 573, 346])
1	0.7395826437107033	0.7541270156485101	([569, 425], [592, 569, 425])
1	0.7333984146177369	0.7543533403329732	([506, 285], [506, 417, 397])
1	0.7148183749923034	0.7544045380765653	([719, 5], [950, 924, 1])
1	0.719598748520498	0.7544101444026591	([644, 536], [644, 603, 542])
1	0.7500425515385064	0.7544105491298227	([660, 577], [660, 625, 577])
1	0.6946967674930962	0.754513519829264	([950, 614], [950, 929, 642])
1	0.7512451119508348	0.7545229316740929	([760, 593], [760, 699, 602])
1	0.7377188502921688	0.7546356917399744	([460, 292], [460, 439, 292])
1	0.7402724834320884	0.7546713341956536	([569, 478], [604, 569, 478])
1	0.733284830521577	0.7547126274286737	([381, 208], [381, 188, 0])
1	0.7193362417121297	0.7548002755120161	([543, 379], [543, 435, 432])
1	0.7438293440564776	0.7548187350280474	([909, 739], [909, 777, 760])
1	0.744714251338994	0.7548218408230116	([722, 570], [688, 638, 565])
1	0.7421237766276649	0.754861158673728	([891, 789], [891, 864, 800])
1	0.7535813039210724	0.7552282259392368	([639, 438], [639, 602, 438])
1	0.7462896752323804	0.7554751784337129	([431, 287], [431, 336, 308])
1	0.7521542340857826	0.7556562102121345	([678, 581], [709, 678, 578])
1	0.7486075490510048	0.7556578071368097	([511, 375], [511, 431, 423])
1	0.7459320691333502	0.7556613224860845	([921, 607], [934, 921, 607])
1	0.7527579946812648	0.755817888941242	([365, 209], [365, 337, 197])
1	0.7472729965058064	0.7558912617334617	([756, 549], [756, 639, 617])
1	0.7547465252783102	0.7559442459797936	([694, 504], [694, 609, 541])
1	0.5354665107364364	0.756041047022812	([293, 250], [319, 293, 285])
1	0.7474940928110807	0.7560424962543981	([359, 41], [381, 359, 208])
1	0.752744295906664	0.7563623961545355	([513, 205], [513, 384, 283])
1	0.7479169881883835	0.7563761119295326	([614, 500], [614, 560, 500])
1	0.7531264410263007	0.7563823205763958	([724, 583], [724, 703, 593])
1	0.7471151982240362	0.7564027859402387	([709, 572], [709, 637, 598])
1	0.7383353573097864	0.7564264382867351	([645, 505], [645, 533, 505])
1	0.7426544845173844	0.756463083100648	([894, 732], [894, 866, 855])
1	0.7481985174890332	0.756484813074256	([617, 423], [617, 543, 435])
1	0.7472753714725393	0.7565018203687143	([422, 48], [422, 283, 282])
1	0.7421064598297957	0.756548729062273	([534, 389], [534, 431, 389])
1	0.7544038007368346	0.7565873467733513	([283, 7], [283, 269, 7])
1	0.7387647862717249	0.7568020664698641	([659, 452], [659, 533, 452])
1	0.7327334127730465	0.7569442131072172	([274, 66], [274, 271, 83])
1	0.7391780216945808	0.7571122808382893	([578, 491], [578, 537, 530])
1	0.7515408002530892	0.7571393338078917	([603, 491], [603, 542, 535])
1	0.7466860846575808	0.7573729123242124	([187, 7], [187, 45, 44])
1	0.7508925121420039	0.7574503017197349	([934, 654], [934, 699, 654])
1	0.7446575172088873	0.7574984386162201	([738, 542], [757, 738, 542])
1	0.7535984149605566	0.7577807419903273	([768, 548], [768, 642, 604])
1	0.7377262471561123	0.7579215249823793	([751, 636], [751, 694, 617])
1	0.7548402036156647	0.7579269422479599	([512, 354], [512, 424, 354])
1	0.7575208669978715	0.7582594919887091	([813, 690], [950, 813, 690])
1	0.745612753165465	0.7583638173485473	([675, 548], [675, 653, 548])
1	0.7579877663354425	0.7585005819564417	([823, 685], [823, 806, 714])
1	0.7504546269920285	0.7586264462622165	([582, 438], [582, 554, 438])
1	0.7489039994356564	0.7587646742757408	([531, 334], [531, 417, 404])
1	0.7530691906052065	0.7587805916089653	([950, 291], [950, 335, 305])
1	0.7460502017010726	0.75918600346957	([687, 554], [687, 592, 554])
1	0.7540369439070074	0.7592661352254743	([308, 217], [328, 308, 217])
1	0.6969443612813675	0.759424718864556	([950, 424], [950, 597, 582])
1	0.7523449929804152	0.7596818171835094	([292, 234], [292, 261, 234])
1	0.7540838599494459	0.759697064130081	([338, 112], [338, 259, 238])
1	0.7567056050760476	0.7597187589699083	([623, 520], [623, 596, 520])
1	0.7520041155346986	0.7597637229877527	([290, 225], [299, 290, 235])
1	0.7520067416270569	0.7599596066635371	([143, 1], [143, 90, 1])
1	0.7517483836315295	0.7600319002968114	([484, 359], [501, 484, 359])
1	0.7574195239853128	0.7603300962326667	([933, 717], [940, 933, 717])
1	0.7514486203268671	0.7605013966231322	([743, 596], [743, 731, 596])
1	0.7585834274435166	0.7605601126762535	([359, 74], [433, 359, 320])
1	0.7493376073260696	0.7605922330518315	([463, 332], [463, 402, 395])
1	0.7394027920340508	0.7606099414464472	([800, 540], [800, 755, 540])
1	0.7555981972044633	0.7607756227914055	([480, 360], [545, 480, 360])
1	0.7571412926828085	0.7608475789113641	([385, 81], [385, 243, 81])
1	0.7520826611864112	0.7610886647733254	([433, 74], [359, 276, 74])
1	0.7393921488125812	0.7611646584678918	([636, 448], [636, 619, 448])
1	0.7250180426977776	0.7612864072068599	([758, 616], [758, 697, 645])
1	0.7540511723345261	0.7613345667239613	([625, 511], [625, 557, 549])
1	0.7454107310363711	0.7615425884179601	([453, 333], [453, 432, 330])
1	0.7400485371176961	0.761658596806319	([810, 691], [818, 810, 691])
1	0.7579066072319098	0.761658596806319	([837, 691], [837, 818, 691])
1	0.7532783617025742	0.7616819550170151	([924, 282], [924, 435, 432])
1	0.7411581041380476	0.7616941807670942	([719, 275], [719, 275, 270])
1	0.7304034487092026	0.7617552212008469	([637, 498], [637, 546, 543])
1	0.7544579018440917	0.7617839890991245	([693, 506], [693, 549, 546])
1	0.7609879512509625	0.7620805984852556	([707, 576], [707, 632, 576])
1	0.7590298605173842	0.7621278516894282	([667, 538], [667, 596, 563])
1	0.7581730678479048	0.7622209811448493	([559, 321], [559, 380, 321])
1	0.7608439914832306	0.762227434598033	([651, 531], [651, 603, 531])
1	0.7601110633727209	0.7624098194128659	([628, 506], [628, 561, 513])
1	0.7558097754681213	0.7624903899861146	([467, 312], [467, 451, 312])
1	0.7596586002224442	0.7624938400144307	([489, 343], [489, 456, 343])
1	0.7615556282443366	0.7625603505010876	([382, 135], [382, 208, 135])
1	0.7578632469190792	0.7627068923162351	([595, 377], [595, 539, 377])
1	0.7545137829038675	0.7627884237995249	([462, 363], [462, 451, 363])
1	0.7534580685834282	0.7629168897377887	([641, 489], [641, 637, 489])
1	0.7580983817810709	0.7630325494482952	([848, 667], [848, 724, 697])
1	0.7615006521040557	0.763087989714158	([518, 340], [518, 419, 340])
1	0.7621638644384019	0.7633042784023615	([653, 408], [653, 609, 408])
1	0.7465621357661335	0.7634298235549728	([354, 235], [354, 343, 235])
1	0.7488697096566298	0.7634746387100936	([627, 508], [635, 609, 501])
1	0.7513472472160165	0.763480548171659	([416, 78], [416, 270, 78])
1	0.7330586121449116	0.7634933704986726	([461, 268], [461, 435, 390])
1	0.7622274293602701	0.7635230369107752	([797, 625], [797, 755, 643])
1	0.7573239538341794	0.7635880939054908	([582, 406], [592, 582, 406])
1	0.7435352852035336	0.7638223558187752	([617, 462], [617, 549, 462])
1	0.7487321617528059	0.7638585826393475	([641, 417], [641, 513, 384])
1	0.7481754892044306	0.7639067458197165	([767, 415], [767, 638, 415])
1	0.7615639496180145	0.7639240624388248	([289, 220], [289, 261, 226])
1	0.7523320035031574	0.763984169519583	([911, 711], [911, 765, 723])
1	0.7592052783657698	0.7639861393147728	([592, 185], [592, 160, 117])
1	0.7617905787189309	0.7640986310723296	([696, 389], [696, 558, 389])
1	0.7572374501179475	0.764160658169317	([561, 47], [561, 424, 392])
1	0.7589727642388814	0.764193349583283	([918, 18], [918, 47, 11])
1	0.7489039811621172	0.764193349583283	([922, 41], [922, 918, 11])
1	0.7500123996565115	0.7643007459508256	([653, 496], [653, 496, 431])
1	0.7296611148646641	0.7643271158679593	([648, 528], [648, 624, 528])
1	0.7413084601532852	0.7643529802116532	([915, 659], [915, 659, 650])
1	0.7382300578868333	0.7643942546335087	([868, 48], [922, 868, 48])
1	0.7638005669139044	0.764572935391896	([926, 10], [930, 926, 5])
1	0.747214841386879	0.7648012698990238	([536, 349], [536, 516, 337])
1	0.7585194090235579	0.7648565014823426	([902, 710], [902, 880, 710])
1	0.7638723986330284	0.7648956954427638	([763, 390], [763, 666, 641])
1	0.7545602171433232	0.7649581884003183	([610, 477], [610, 514, 380])
1	0.7478152624587695	0.7649845679975366	([659, 407], [659, 594, 407])
1	0.7573242700484825	0.7650930088275919	([592, 232], [592, 232, 226])
1	0.6578779023901444	0.7651343339035128	([391, 256], [391, 299, 263])
1	0.754031340431315	0.7651408772908878	([584, 467], [584, 529, 494])
1	0.7556465962126946	0.7651928261912685	([367, 225], [332, 225, 192])
1	0.7545022397660187	0.7651928261912685	([332, 177], [332, 246, 192])
1	0.7627944300990345	0.7652628740746777	([598, 354], [598, 443, 420])
1	0.7530471395932069	0.7652976737853383	([326, 187], [326, 280, 241])
1	0.762577503930986	0.7659785416057092	([701, 384], [701, 643, 384])
1	0.7580050609001807	0.7662597343634251	([701, 21], [726, 701, 640])
1	0.7579922965745755	0.7665695480420464	([413, 195], [413, 278, 263])
1	0.7572114203512083	0.7668848847201339	([479, 373], [479, 420, 377])
1	0.7635874140321285	0.7669710848784339	([617, 353], [617, 434, 423])
1	0.7623561181265309	0.7671797294583413	([525, 304], [525, 426, 403])
1	0.72887100886284	0.7672608882167009	([596, 388], [596, 440, 388])
1	0.7453614029370774	0.7673722212385296	([719, 399], [719, 399, 385])
1	0.7650414874432238	0.7674863263375927	([606, 341], [606, 593, 341])
1	0.7610742713705645	0.7674995347479874	([580, 451], [580, 536, 451])
1	0.5486373921604157	0.7676885020275369	([319, 255], [404, 335, 312])
1	0.7612729571780957	0.7677663697157416	([568, 344], [568, 446, 344])
1	0.6807077223046866	0.767870613431848	([851, 246], [829, 785, 745])
1	0.7610773304281816	0.7678927037722005	([930, 5], [930, 925, 14])
1	0.7613329278291019	0.7680816406515348	([926, 413], [926, 695, 413])
1	0.7665036227180565	0.768103650008194	([316, 56], [316, 262, 56])
1	0.7565981570591932	0.7681052320969295	([435, 125], [435, 281, 268])
1	0.7446499764331882	0.7681368110142729	([340, 232], [355, 340, 232])
1	0.7536548573103815	0.7681431307504192	([367, 125], [367, 225, 207])
1	0.7671742481142808	0.7684338893890135	([563, 12], [563, 354, 12])
1	0.7606224831742429	0.7685507537296485	([424, 233], [424, 340, 233])
1	0.7298430993024014	0.7685526850143528	([549, 416], [549, 476, 439])
1	0.7393445169147588	0.7686663230046952	([454, 324], [454, 426, 324])
1	0.7620589413134122	0.7689397660000193	([562, 206], [562, 378, 206])
1	0.7643954894946953	0.7690250031662557	([939, 639], [939, 758, 722])
1	0.7634683137243425	0.7690319313640425	([759, 19], [762, 759, 19])
1	0.764502792985747	0.76919946504404	([824, 613], [824, 697, 608])
1	0.7594074414245904	0.7692123880281031	([706, 577], [720, 691, 614])
1	0.7670972102887343	0.7694680114745708	([607, 275], [719, 607, 545])
1	0.7675911942100592	0.7696591925094849	([805, 623], [805, 754, 695])
1	0.5746820653538268	0.7697840112291945	([461, 255], [461, 403, 390])
1	0.7584681724160879	0.7701072572979833	([546, 322], [546, 474, 403])
1	0.5455565916214322	0.7701735811528486	([403, 255], [255, 242, 49])
1	0.7436145991486971	0.7702063669212604	([346, 221], [399, 346, 221])
1	0.7643662130097602	0.7703960326897161	([700, 444], [700, 639, 562])
1	0.7390574920825376	0.7705628893856573	([450, 303], [450, 343, 329])
1	0.7605421025445749	0.7707323159043444	([907, 673], [907, 824, 673])
1	0.70907635523709	0.770747655817255	([542, 46], [528, 391, 376])
1	0.6598318803552704	0.770775810719332	([866, 247], [866, 773, 732])
1	0.7473395374389257	0.7709580565531395	([929, 433], [929, 696, 433])
1	0.7588708921720936	0.7710704921491567	([717, 588], [717, 697, 586])
1	0.7429195828683363	0.7710972500546024	([501, 20], [501, 393, 354])
1	0.7681725802762587	0.7713588583141763	([897, 715], [897, 788, 780])
1	0.7339159957951761	0.7713894753775439	([927, 550], [927, 796, 550])
1	0.7485372709512312	0.7713910381394321	([549, 341], [549, 439, 281])
1	0.765253142050952	0.7714070379753886	([703, 442], [703, 549, 522])
1	0.7399853473976511	0.7714211009587989	([377, 57], [377, 204, 57])
1	0.6982904259301256	0.7714431643195789	([825, 45], [946, 939, 45])
1	0.7522910301102598	0.7716402342281247	([638, 48], [922, 695, 48])
1	0.7672105874447257	0.7716572091796935	([725, 553], [725, 704, 552])
1	0.7695719967859203	0.7721031087589626	([931, 692], [931, 736, 692])
1	0.7683410231298272	0.7721044687032512	([665, 20], [702, 665, 639])
1	0.7637862795452188	0.7722597514070586	([532, 387], [533, 532, 387])
1	0.7408568934517449	0.7723646630905536	([666, 393], [666, 542, 540])
1	0.7683493584805223	0.7724442861207785	([791, 564], [791, 728, 564])
1	0.7584834039166262	0.772509625404535	([441, 16], [415, 266, 243])
1	0.7720581152256639	0.7725245700019493	([570, 312], [570, 463, 431])
1	0.7656554817287134	0.7727382502780357	([452, 331], [492, 452, 418])
1	0.7719181465564698	0.7727519453568656	([511, 298], [511, 431, 298])
1	0.7651050436499806	0.7727534768545683	([450, 236], [450, 343, 236])
1	0.7459017516426253	0.7727936727476017	([751, 522], [751, 617, 538])
1	0.764957801951357	0.7728350274369462	([608, 243], [608, 385, 374])
1	0.6273026733499376	0.7728350274369462	([950, 2], [719, 608, 385])
1	0.7669028499868576	0.7728677727390013	([656, 495], [656, 543, 532])
1	0.7515592049945297	0.7728822426177339	([849, 390], [849, 763, 696])
1	0.7597412237979434	0.7728835861986045	([733, 376], [781, 733, 709])
1	0.7538279206836785	0.7729300501703418	([859, 617], [859, 753, 722])
1	0.7719559328605659	0.7729665450459664	([761, 45], [761, 691, 45])
1	0.7680350915877581	0.7730317005368347	([738, 392], [738, 541, 494])
1	0.7654522167117435	0.7730317005368347	([738, 494], [738, 542, 541])
1	0.7706117710749941	0.7730592760514056	([825, 416], [825, 697, 416])
1	0.7673051221367204	0.7730707550395826	([439, 88], [439, 272, 240])
1	0.7714705202826333	0.7731852114970736	([914, 543], [914, 696, 543])
1	0.7653392178343343	0.7734745226435886	([653, 282], [653, 408, 282])
1	0.7732454293026979	0.7735260026857846	([691, 430], [691, 430, 45])
1	0.7463878698875797	0.7735440133210788	([923, 548], [923, 757, 548])
1	0.7679712590432319	0.7736157189899323	([409, 26], [409, 283, 244])
1	0.7710500385338843	0.7737411799833351	([333, 118], [333, 241, 238])
1	0.7659894497814813	0.7738405839819407	([568, 405], [568, 445, 402])
1	0.7737984218757121	0.7739241848499419	([563, 154], [563, 154, 12])
1	0.7508318641032199	0.7739511070369738	([455, 82], [455, 433, 82])
1	0.740326014774726	0.7741366078127162	([614, 464], [614, 546, 464])
1	0.7520614117588362	0.7743113003755713	([757, 125], [699, 433, 390])
1	0.7724967521224897	0.7743235470862694	([704, 383], [825, 704, 383])
1	0.76080788128018	0.7744674079030446	([173, 27], [173, 65, 55])
1	0.7546759219247363	0.7744714611911462	([417, 17], [417, 336, 130])
1	0.7747207845929774	0.7749280935362415	([416, 28], [416, 413, 28])
1	0.7551290752218196	0.7751892124768841	([720, 489], [720, 592, 577])
1	0.7700598260970276	0.7753732077115951	([595, 264], [595, 541, 439])
1	0.7708355546594419	0.7754719274219326	([730, 45], [691, 545, 430])
1	0.7678808891940871	0.7755193795577797	([768, 23], [768, 761, 45])
1	0.7747487958023584	0.775522825278468	([578, 371], [578, 503, 371])
1	0.7655882045852181	0.775557809013747	([552, 279], [719, 552, 536])
1	0.7719156394292566	0.7756198642282961	([643, 34], [695, 643, 34])
1	0.7504098573577821	0.7756265864962077	([582, 20], [582, 501, 478])
1	0.7446237762843086	0.7756345549127698	([618, 409], [618, 540, 443])
1	0.6602666587684549	0.7756771225718804	([710, 247], [782, 710, 697])
1	0.7739551330395101	0.775919870908138	([544, 316], [544, 437, 286])
1	0.7668941873809568	0.7759396731434675	([554, 345], [554, 429, 345])
1	0.7661341879936251	0.7759888371937249	([932, 593], [932, 849, 593])
1	0.7656009378682738	0.7759949718457998	([660, 439], [660, 606, 572])
1	0.7660370194878179	0.7761074223259106	([418, 30], [418, 413, 30])
1	0.7724045500309181	0.776265537265351	([793, 0], [845, 793, 650])
1	0.7741734291549355	0.7762890163592906	([948, 385], [948, 444, 385])
1	0.7694750979666991	0.776557189290132	([726, 419], [726, 643, 419])
1	0.7682267916083796	0.7767479217871699	([678, 523], [678, 641, 523])
1	0.7649860570958289	0.7767776131386035	([526, 294], [548, 526, 294])
1	0.7692176641098278	0.7767776131386035	([576, 294], [576, 548, 294])
1	0.7757732260160992	0.7768163138002461	([483, 311], [483, 334, 311])
1	0.7753528657563582	0.7770858058903951	([772, 433], [772, 729, 433])
1	0.7255356686804354	0.7771226519004547	([592, 42], [592, 338, 185])
1	0.7684632865014389	0.7772540418298981	([942, 551], [942, 756, 551])
1	0.7479598586783919	0.7772912092590072	([728, 411], [728, 541, 411])
1	0.76839779009477	0.7774219662473525	([604, 403], [604, 403, 378])
1	0.7769243865932118	0.7774712440756326	([306, 113], [306, 123, 113])
1	0.7529333612742264	0.7776780814027885	([380, 13], [380, 277, 13])
1	0.7732294556562986	0.7777472473087635	([654, 494], [654, 547, 521])
1	0.7612571981868239	0.7778757432941711	([727, 441], [727, 542, 441])
1	0.7479124528198747	0.7778873370704681	([839, 616], [839, 743, 616])
1	0.7636335554127919	0.7780824407733307	([359, 136], [359, 136, 125])
1	0.7527964356439568	0.7781802293932251	([636, 20], [665, 636, 599])
1	0.7238804128487599	0.7783153930068282	([893, 45], [893, 867, 45])
1	0.762073951665512	0.7783611485291859	([524, 351], [524, 483, 406])
1	0.5941709984209934	0.7783752515269905	([257, 223], [257, 245, 215])
1	0.7390871223211023	0.7784061454938871	([418, 1], [418, 278, 270])
1	0.7778089663912273	0.7784361286601357	([753, 474], [753, 738, 474])
1	0.7734258698767603	0.7784845250725889	([700, 205], [700, 444, 437])
1	0.7739217662862065	0.778673713966391	([711, 510], [711, 625, 601])
1	0.7648421576908784	0.7789175141619037	([788, 567], [794, 788, 567])
1	0.7750333413838152	0.7790425608563724	([871, 541], [871, 750, 728])
1	0.7705734114743955	0.779068391448584	([391, 54], [391, 359, 282])
1	0.7646944903143584	0.7794129394497648	([683, 470], [683, 590, 470])
1	0.7635923195888293	0.779539208039525	([739, 199], [762, 739, 267])
1	0.7739526383938848	0.779547230196591	([765, 380], [765, 698, 424])
1	0.7731382298750862	0.7795936751033324	([798, 622], [798, 784, 622])
1	0.7628568500620534	0.7798237735957051	([742, 531], [742, 592, 526])
1	0.769039146922157	0.7799866204450048	([530, 298], [530, 450, 442])
1	0.7784857952374836	0.7802173380534724	([897, 24], [916, 897, 24])
1	0.7793806602914526	0.7802778181218466	([932, 415], [932, 928, 415])
1	0.7795918005109687	0.7803054733826801	([900, 440], [900, 760, 744])
1	0.7552966723083488	0.7803273254545432	([346, 109], [346, 230, 221])
1	0.7735681945687836	0.7803558249503721	([737, 431], [737, 638, 613])
1	0.7695565277597196	0.7804187484616486	([706, 523], [706, 641, 565])
1	0.7754669811718555	0.7804201337956386	([913, 662], [913, 757, 662])
1	0.7759084467566686	0.7804574460391652	([776, 597], [776, 767, 597])
1	0.7804229539931355	0.7805282167817523	([471, 206], [471, 353, 206])
1	0.7786490363188705	0.7805489183738022	([727, 356], [727, 441, 393])
1	0.7569640657438103	0.7805898545825399	([415, 248], [415, 260, 248])
1	0.7503004104783536	0.7806506038941816	([795, 444], [795, 764, 435])
1	0.7689855257999254	0.7808696120305356	([493, 2], [493, 415, 2])
1	0.768259034878658	0.7810146056715139	([552, 67], [552, 279, 48])
1	0.7649196852994659	0.7810859564505297	([693, 425], [693, 422, 387])
1	0.7793335022772836	0.7810859564505297	([732, 422], [732, 693, 422])
1	0.7770696220475382	0.781183035373574	([928, 559], [928, 608, 544])
1	0.7613048163913142	0.7812303521501317	([919, 382], [919, 382, 244])
1	0.7804584894938574	0.7813939260574673	([730, 394], [730, 394, 393])
1	0.7269751910139824	0.7814091495482296	([760, 440], [762, 562, 440])
1	0.7655164442730403	0.7814891653639077	([374, 224], [374, 267, 224])
1	0.7745676485714749	0.7815674796009063	([828, 561], [828, 700, 677])
1	0.7721107615922465	0.7815760258523157	([408, 118], [408, 333, 260])
1	0.7560823293519294	0.7815877374965793	([370, 111], [370, 97, 86])
1	0.6566456419407595	0.7817270648904154	([703, 46], [703, 542, 442])
1	0.7630360874412646	0.7819163188824169	([658, 372], [658, 574, 372])
1	0.7817888410063054	0.7820533849774838	([568, 306], [568, 514, 306])
1	0.7737979243809072	0.7821522525479477	([737, 3], [918, 737, 3])
1	0.7522449402355044	0.7821967934098258	([410, 219], [410, 329, 219])
1	0.7786458817375443	0.7823207898672218	([906, 498], [906, 723, 563])
1	0.7414479159260594	0.7824019466958548	([752, 432], [752, 639, 432])
1	0.7544755294763709	0.7827039811186272	([767, 204], [761, 274, 48])
1	0.7766146590118089	0.7828556630678309	([938, 7], [938, 923, 7])
1	0.7705013421978814	0.7828595090973898	([699, 18], [867, 699, 18])
1	0.7523438015132409	0.7829407175115648	([493, 203], [493, 413, 203])
1	0.6685675718622877	0.7829821778989564	([751, 46], [751, 562, 522])
1	0.7684980835855881	0.7831138889454208	([778, 384], [778, 737, 384])
1	0.7511407028553956	0.7831559070946374	([925, 16], [926, 205, 38])
1	0.7796878896268203	0.7831663324434976	([602, 201], [602, 438, 382])
1	0.7768989445900467	0.7831676924400893	([557, 299], [532, 346, 299])
1	0.777072943069577	0.7832044372641457	([561, 197], [561, 392, 241])
1	0.7738686616509636	0.7833892836374609	([723, 426], [733, 723, 426])
1	0.7756504136353984	0.7834349550750682	([406, 213], [514, 406, 342])
1	0.7345320060942822	0.7834425655995972	([702, 20], [924, 762, 20])
1	0.7826461026880333	0.7834457108176014	([630, 351], [630, 577, 351])
1	0.7781486331724226	0.7834644225882376	([404, 232], [404, 372, 232])
1	0.7794172832035627	0.7836290437622179	([479, 327], [479, 463, 327])
1	0.7714421876612778	0.7836770247355853	([930, 243], [930, 243, 20])
1	0.7650051950054217	0.7839329738558343	([853, 434], [919, 853, 564])
1	0.7413317761827047	0.7839651471907378	([948, 444], [948, 921, 385])
1	0.7536632219411084	0.784053149903731	([397, 216], [397, 216, 45])
1	0.7634095314300897	0.784102267615088	([298, 99], [298, 229, 99])
1	0.7784042087105497	0.7841198343222476	([512, 239], [512, 424, 239])
1	0.7736763994039733	0.7842468647362482	([944, 571], [944, 743, 719])
1	0.779720966579787	0.7843516340581654	([850, 596], [850, 650, 596])
1	0.7710669494794488	0.7844054390977764	([670, 397], [670, 643, 397])
1	0.7750261229777582	0.7844376154100384	([808, 620], [808, 748, 724])
1	0.7729955085394102	0.7844825492857707	([817, 610], [842, 817, 610])
1	0.7681581715513455	0.7846678231858835	([746, 580], [746, 631, 615])
1	0.7695818731137497	0.7847805701653617	([701, 77], [701, 384, 279])
1	0.7792537629405423	0.7848174724985804	([824, 580], [824, 754, 580])
1	0.7778131791842382	0.7848194869928505	([519, 287], [519, 426, 320])
1	0.7387086834291955	0.7848400463556117	([929, 268], [929, 381, 268])
1	0.7720231231447261	0.7849264632064435	([731, 421], [731, 697, 637])
1	0.7686508583940634	0.7851234022189019	([720, 423], [720, 423, 385])
1	0.7815323428684396	0.7851590518549084	([887, 558], [887, 719, 558])
1	0.6634528064974213	0.7851628302910859	([930, 246], [930, 700, 562])
1	0.7781309647544229	0.7851776838135488	([923, 73], [923, 73, 27])
1	0.7719508377845676	0.7853404946015672	([928, 9], [937, 928, 9])
1	0.7800692526004893	0.7853456646895692	([401, 3], [401, 303, 3])
1	0.7848835925855359	0.7853591516774089	([720, 74], [720, 74, 17])
1	0.7736595483711616	0.7854150449532042	([917, 22], [917, 699, 22])
1	0.7689461027669247	0.7855037141730233	([766, 243], [766, 568, 243])
1	0.7148955045494196	0.7855095977686297	([609, 45], [603, 582, 45])
1	0.7832665023348354	0.7855245935602937	([725, 377], [725, 666, 377])
1	0.7769382155100885	0.7855856700514068	([726, 462], [726, 462, 420])
1	0.7626617269882819	0.7855935043346026	([471, 43], [471, 278, 262])
1	0.7718931201945707	0.7857335062575295	([920, 23], [937, 920, 23])
1	0.7838322909213598	0.7857378619597846	([767, 466], [767, 612, 597])
1	0.7821973389975788	0.7857649183997544	([498, 236], [498, 343, 315])
1	0.7794816977550262	0.7857703231357905	([762, 391], [762, 440, 407])
1	0.7809320325716084	0.7859166310209604	([793, 360], [793, 606, 563])
1	0.7616591220518305	0.7859413281786889	([659, 300], [659, 452, 300])
1	0.7850022801899186	0.7859699366669165	([757, 499], [757, 617, 499])
1	0.7708382346148002	0.7860393910555953	([770, 517], [770, 592, 541])
1	0.7831705919712919	0.7861863426358633	([514, 188], [514, 240, 213])
1	0.7542044821303657	0.7862983785494221	([726, 21], [701, 77, 34])
1	0.78629304510789	0.7865581987114312	([917, 343], [917, 383, 343])
1	0.7840449344518874	0.7866563131941442	([668, 488], [668, 566, 488])
1	0.7619755933806253	0.7868093809028047	([694, 192], [694, 424, 192])
1	0.7823128461953585	0.7868264010722262	([814, 201], [814, 696, 201])
1	0.7851497512487898	0.7868343211201744	([833, 539], [833, 645, 615])
1	0.7794036202728686	0.7869169913467616	([652, 23], [652, 609, 45])
1	0.7865983682562302	0.787139864974077	([796, 497], [796, 550, 433])
1	0.7676788418634988	0.7872280429188943	([920, 628], [920, 701, 617])
1	0.77407419869697	0.7872953922563879	([314, 149], [286, 212, 149])
1	0.7843644179795582	0.7873151266713676	([845, 387], [924, 845, 387])
1	0.7649008142876755	0.7874128738217865	([918, 437], [918, 437, 20])
1	0.751135548663204	0.7874128738217865	([817, 20], [918, 817, 20])
1	0.7818221329674887	0.7874647954668488	([434, 90], [434, 320, 90])
1	0.7816931866284897	0.787612010263757	([529, 198], [542, 529, 198])
1	0.7840770189781228	0.7876131653887214	([914, 281], [914, 760, 281])
1	0.7434600052995941	0.7878251953056947	([403, 131], [403, 378, 131])
1	0.7825408195247948	0.7878688006916174	([431, 6], [618, 431, 409])
1	0.772382268975624	0.7879736838013929	([462, 125], [462, 392, 211])
1	0.7878189285194998	0.7880663084642928	([757, 229], [757, 229, 89])
1	0.785900236319943	0.7882600133889769	([921, 50], [921, 50, 4])
1	0.7861624581113651	0.7883899313941635	([933, 56], [933, 767, 56])
1	0.7654899424611504	0.7886294163037384	([894, 568], [925, 894, 568])
1	0.7805962045669013	0.7887227522675904	([920, 501], [920, 699, 501])
1	0.7876673192668316	0.7887273320502216	([740, 417], [740, 693, 375])
1	0.7881498769965369	0.7889240541262544	([824, 194], [824, 608, 607])
1	0.7833490416094271	0.7889425408872491	([698, 36], [698, 270, 267])
1	0.7713475309940289	0.7890151049100341	([551, 53], [551, 415, 202])
1	0.5212108860573287	0.7891078905112076	([250, 163], [250, 163, 84])
1	0.7841739428388985	0.7891497119184999	([667, 266], [667, 538, 45])
1	0.7829783624281644	0.7892201322916778	([856, 585], [856, 685, 683])
1	0.7509002784254629	0.7892932680395981	([781, 376], [815, 592, 435])
1	0.7761343558829757	0.7893588735461616	([492, 228], [492, 436, 228])
1	0.7777948333355339	0.7894200533017163	([942, 473], [942, 564, 437])
1	0.7036431253416743	0.7896401908091042	([802, 46], [802, 751, 613])
1	0.7776742634687775	0.789656294932142	([558, 22], [558, 552, 22])
1	0.7784075996074921	0.7896716177702434	([650, 451], [650, 568, 538])
1	0.7876905388590114	0.789771157140981	([564, 11], [592, 564, 11])
1	0.7659198985310589	0.7897897705713779	([921, 277], [921, 920, 277])
1	0.7890052661728547	0.7899172860143044	([473, 58], [473, 383, 23])
1	0.7759726285634564	0.7899617348239127	([364, 159], [364, 243, 239])
1	0.7714093188711272	0.7901403339420703	([507, 125], [507, 462, 292])
1	0.7863010016101332	0.7902712196645848	([925, 207], [925, 207, 20])
1	0.7803401151239098	0.7904576882527559	([926, 503], [926, 503, 414])
1	0.7778763335352997	0.7906127297994755	([900, 523], [900, 750, 523])
1	0.7816194685495	0.7906328172120556	([427, 70], [427, 384, 70])
1	0.7817477875593893	0.7906877611869687	([866, 602], [866, 750, 602])
1	0.7863674491612977	0.7907136034491539	([941, 477], [941, 772, 433])
1	0.784820126181639	0.7907157181407349	([932, 211], [928, 380, 211])
1	0.7868050386692123	0.7907393423099167	([919, 476], [919, 476, 411])
1	0.7848355820303656	0.7908257401346807	([796, 382], [794, 753, 382])
1	0.7859343071936513	0.7908827833325038	([872, 181], [872, 181, 48])
1	0.7876955351626727	0.790918503325274	([714, 511], [714, 643, 572])
1	0.7632822654959219	0.7909399636932601	([758, 284], [758, 728, 472])
1	0.7786151710765769	0.7910645280016986	([697, 15], [924, 697, 15])
1	0.7884434178598014	0.7910877591785845	([703, 200], [703, 701, 197])
1	0.7865512100277103	0.7912226915926411	([599, 287], [599, 567, 287])
1	0.7776130048193448	0.7913298588246935	([607, 30], [607, 564, 30])
1	0.7835361359289131	0.7913847205591762	([701, 461], [701, 549, 498])
1	0.7884252935949494	0.7913879745617561	([891, 586], [891, 614, 588])
1	0.7508033209980856	0.7915660795666348	([759, 278], [759, 697, 278])
1	0.781624277826179	0.7916244877632699	([809, 393], [809, 773, 393])
1	0.7891636678515862	0.7916685237075776	([866, 453], [866, 696, 453])
1	0.7749293088445062	0.791735899938853	([709, 410], [716, 709, 410])
1	0.7807822195858652	0.7918575396546331	([909, 566], [909, 792, 747])
1	0.785267977473702	0.791895711162807	([799, 394], [799, 394, 196])
1	0.7898000086979737	0.7919788496833319	([700, 269], [702, 700, 269])
1	0.7728753606168121	0.7921671004968072	([362, 93], [362, 93, 69])
1	0.786594469114333	0.7923795087636948	([614, 313], [614, 391, 284])
1	0.7844702893791282	0.7924102438008217	([760, 500], [930, 760, 500])
1	0.7760069826229224	0.7924464258341223	([350, 231], [350, 339, 231])
1	0.7886543130490818	0.792543589875278	([698, 90], [766, 698, 90])
1	0.7880888018084073	0.79256494928106	([504, 220], [504, 286, 239])
1	0.7703051305405055	0.7925887725680126	([617, 78], [617, 549, 128])
1	0.7844718195999831	0.7926243485383833	([572, 90], [572, 90, 34])
1	0.7796723108149121	0.792894116208033	([517, 19], [517, 410, 288])
1	0.7736732791585182	0.7930495243814522	([480, 123], [480, 368, 123])
1	0.7721517387686293	0.7930705508554287	([607, 194], [607, 275, 188])
1	0.7848514017050471	0.793218201056566	([921, 189], [921, 189, 50])
1	0.7899430990480991	0.7933993398938679	([492, 25], [492, 418, 25])
1	0.5317462520546695	0.7936784425728579	([249, 212], [249, 212, 80])
1	0.7774401136661239	0.7937449810792592	([782, 367], [950, 782, 341])
1	0.7934761624069961	0.7939588973877435	([763, 62], [763, 514, 20])
1	0.7664954020387115	0.7942862020442706	([618, 41], [618, 523, 41])
1	0.7945078863355344	0.7945491771991776	([704, 231], [704, 268, 231])
1	0.772486692718714	0.7945517963501634	([544, 37], [544, 380, 24])
1	0.7862197930765876	0.7945517963501634	([549, 24], [549, 544, 24])
1	0.7898952829720269	0.7945845214191833	([763, 129], [763, 129, 62])
1	0.7861796506324367	0.7945976493360064	([895, 664], [895, 748, 664])
1	0.7866840791810149	0.7946188564348599	([845, 475], [845, 564, 434])
1	0.7897134062914749	0.7946708801096625	([469, 204], [469, 435, 204])
1	0.7801988261584865	0.7946778851033786	([486, 291], [486, 362, 289])
1	0.7928405040627564	0.7946851524784847	([744, 355], [760, 694, 355])
1	0.7859180181446683	0.7947821631568209	([425, 14], [425, 270, 14])
1	0.7850331494376278	0.7949166371241537	([635, 332], [635, 530, 471])
1	0.7946722394459851	0.7949958788271274	([659, 103], [659, 572, 90])
1	0.7730159632302865	0.7950050024074993	([815, 35], [924, 815, 35])
1	0.791098976766363	0.7952054788019304	([843, 276], [843, 559, 276])
1	0.773964265479325	0.79523116787271	([768, 511], [768, 511, 448])
1	0.7829252260912408	0.7952481532284256	([550, 170], [550, 266, 194])
1	0.7891646090814907	0.7952709945464046	([780, 392], [780, 738, 605])
1	0.7745587616264493	0.7953166067559772	([356, 155], [366, 356, 155])
1	0.7856240860493291	0.7953643187134577	([807, 529], [807, 690, 529])
1	0.7847797206273334	0.7954310553667362	([693, 207], [693, 623, 207])
1	0.7625407095966991	0.7957004133058332	([946, 656], [946, 716, 656])
1	0.7025963135934169	0.7958102943862075	([850, 46], [850, 802, 738])
1	0.7395033180856162	0.7958868199551088	([346, 15], [346, 269, 15])
1	0.7874069791191837	0.7959700893205808	([799, 13], [926, 799, 698])
1	0.7861719890742814	0.7961499671800942	([754, 354], [754, 728, 354])
1	0.7946175690260897	0.7963351341864884	([334, 101], [334, 232, 144])
1	0.784476746134431	0.7963460586306875	([826, 279], [950, 826, 198])
1	0.7827316662421525	0.7964757496809464	([756, 32], [793, 756, 32])
1	0.7964852958857851	0.7965107978915046	([340, 89], [340, 241, 222])
1	0.767895309029618	0.796557874910361	([345, 61], [345, 303, 61])
1	0.7868963982538	0.7967093581707737	([758, 534], [758, 606, 600])
1	0.7931228723408004	0.7967191762534762	([758, 70], [762, 758, 70])
1	0.793962092091512	0.7967945383728388	([935, 373], [940, 935, 373])
1	0.7880430068011641	0.7970094075150072	([740, 57], [740, 697, 57])
1	0.7857106188498576	0.7970715191626877	([824, 320], [824, 424, 389])
1	0.7889699995726832	0.7972766254455753	([885, 549], [915, 885, 549])
1	0.7438888739458976	0.7973426918847563	([919, 17], [919, 77, 23])
1	0.7947159897723977	0.7974495685187866	([897, 436], [934, 897, 436])
1	0.7640594575622826	0.7974598914644205	([738, 63], [738, 437, 20])
1	0.7963042119540718	0.7975012455717065	([839, 521], [839, 572, 521])
1	0.7836804535128163	0.7975116868466087	([603, 131], [560, 378, 344])
1	0.788979846940135	0.797569575029805	([925, 280], [925, 280, 18])
1	0.7814607187370106	0.7976745663760505	([907, 72], [930, 907, 25])
1	0.783976335142442	0.7976798527378529	([395, 107], [395, 271, 82])
1	0.796486653660446	0.7976819217248479	([631, 369], [631, 428, 369])
1	0.7863323658128265	0.797691767961352	([547, 36], [547, 270, 241])
1	0.7683359199822875	0.7979623611535639	([940, 464], [935, 794, 382])
1	0.7852481177555634	0.7981538675679616	([646, 0], [646, 548, 0])
1	0.7923493668233212	0.7981714332315382	([503, 61], [550, 503, 61])
1	0.7907450207507284	0.7982335046786566	([815, 342], [815, 514, 376])
1	0.7764574288955267	0.7983564055077104	([497, 55], [503, 497, 55])
1	0.7974405632674785	0.7984130786597412	([791, 126], [791, 730, 126])
1	0.7646873155636461	0.798554880799661	([606, 57], [697, 57, 20])
1	0.7796915083275522	0.7985582233884291	([888, 35], [926, 888, 35])
1	0.7986185636869767	0.7986200574719655	([893, 578], [893, 722, 709])
1	0.7564759025356362	0.7992851070320338	([603, 32], [603, 200, 131])
1	0.7808861765761986	0.7994089454801037	([623, 294], [623, 622, 294])
1	0.7935483286434223	0.7994450352916717	([748, 456], [748, 702, 456])
1	0.7916321394075255	0.7994793676938091	([809, 337], [809, 754, 337])
1	0.7858450316165945	0.7994899421074027	([530, 218], [530, 372, 218])
1	0.7937596637332991	0.7995437635055367	([849, 51], [849, 51, 20])
1	0.7798912141025128	0.799549248421376	([803, 442], [803, 541, 442])
1	0.7995196684267714	0.7996896287001749	([838, 399], [861, 838, 399])
1	0.7970073935059514	0.7998985755813849	([914, 21], [916, 914, 21])
1	0.7999675052748377	0.8000060347022905	([847, 347], [847, 733, 376])
1	0.7840395696084087	0.8002163337997986	([940, 62], [940, 602, 47])
1	0.7972864357931899	0.8002294704345579	([685, 19], [696, 685, 19])
1	0.7959926289938366	0.8004290935691304	([399, 148], [399, 243, 190])
1	0.7928171478181819	0.8004323101451384	([593, 216], [593, 533, 216])
1	0.769380874824503	0.8006165919137483	([862, 375], [943, 842, 375])
1	0.7923296757063919	0.8006352791364808	([555, 229], [555, 500, 229])
1	0.7614316545393013	0.8008074383528838	([845, 33], [845, 434, 33])
1	0.7784888382668115	0.8008906843695822	([738, 290], [738, 392, 359])
1	0.7980159516420118	0.8011887006997849	([734, 418], [734, 695, 418])
1	0.7829547681233313	0.8011980692487435	([865, 43], [865, 696, 43])
1	0.7902110355621118	0.8012772215995968	([526, 201], [526, 504, 201])
1	0.782594192332304	0.8013411116126143	([811, 429], [792, 723, 429])
1	0.8000117659396778	0.8013849704642287	([851, 575], [851, 765, 575])
1	0.7741344825296161	0.8015352329394269	([921, 360], [921, 793, 360])
1	0.7943658396064971	0.8015770999739723	([613, 239], [613, 499, 406])
1	0.779976567612081	0.8015814899594533	([711, 316], [711, 606, 587])
1	0.8012151998533616	0.8016956535725744	([823, 22], [823, 47, 22])
1	0.7876835071210281	0.8018297113974826	([935, 36], [935, 384, 0])
1	0.7965336727687851	0.802069485578091	([574, 70], [574, 561, 70])
1	0.7848700613963167	0.8023748568060133	([799, 196], [799, 695, 422])
1	0.7979903929042446	0.8026138326334445	([763, 239], [763, 239, 62])
1	0.7928488305662311	0.8027600032573696	([554, 175], [554, 308, 221])
1	0.7953539586960005	0.8031996412355381	([912, 203], [919, 912, 203])
1	0.8017241444048637	0.8032926849749944	([727, 76], [727, 701, 76])
1	0.8009927064737082	0.8035352101207932	([909, 202], [923, 909, 202])
1	0.7932259420311053	0.8036621279750359	([908, 528], [877, 788, 707])
1	0.8037698278266444	0.8038033027299312	([454, 42], [454, 432, 42])
1	0.7832473392421675	0.8038268068664354	([874, 611], [874, 813, 714])
1	0.799336979668908	0.8039775911074395	([664, 363], [664, 502, 363])
1	0.7766020404880507	0.8040841941133446	([634, 262], [634, 494, 445])
1	0.7946253838270854	0.8041292419887144	([746, 112], [746, 728, 112])
1	0.7981006015015403	0.8041292419887144	([915, 112], [915, 728, 112])
1	0.8011406755165692	0.8044719993206595	([838, 8], [838, 728, 687])
1	0.7862145085189531	0.8044866580116573	([598, 303], [598, 445, 394])
1	0.7947743483995505	0.8045636109550806	([537, 5], [548, 537, 5])
1	0.7996994429787151	0.8046497119770325	([798, 421], [798, 708, 421])
1	0.7893534280598533	0.8050673911935741	([553, 69], [553, 498, 69])
1	0.8038456224756685	0.8053312948259946	([451, 26], [451, 433, 26])
1	0.7628576193425123	0.8053618091393835	([593, 9], [593, 80, 9])
1	0.7922964956708948	0.8054230064377533	([737, 120], [737, 698, 120])
1	0.7999775460641818	0.8058456698036334	([722, 203], [817, 722, 203])
1	0.6518213871453788	0.8059405101994122	([803, 247], [710, 647, 560])
1	0.7815505353802473	0.8060445739428054	([945, 342], [881, 699, 342])
1	0.650237759345082	0.8062618585376721	([495, 247], [568, 495, 278])
1	0.8009592386999714	0.8062694221138667	([736, 99], [736, 699, 88])
1	0.7668760918512653	0.806444704793286	([614, 76], [614, 284, 20])
1	0.8041524631134586	0.8065656852558952	([445, 152], [445, 429, 152])
1	0.7902268583187524	0.806589840549969	([616, 189], [616, 443, 189])
1	0.7662076798710858	0.8066222542445914	([946, 496], [876, 593, 562])
1	0.8027766035524964	0.8066521135725904	([683, 128], [683, 379, 128])
1	0.8052451948852939	0.8070230038026961	([665, 344], [665, 619, 344])
1	0.8050891183954041	0.8071046601827359	([650, 7], [650, 544, 7])
1	0.7948716347259014	0.8073351672975445	([714, 467], [724, 714, 467])
1	0.7954980281273979	0.8073536028048792	([466, 84], [466, 440, 84])
1	0.7918213698716916	0.8074209498289202	([499, 9], [499, 46, 1])
1	0.6551027344025879	0.8074435655291247	([247, 13], [247, 75, 13])
1	0.7945935888795537	0.8074739871360105	([760, 69], [760, 440, 40])
1	0.7959003347852973	0.8075221097500077	([910, 467], [910, 590, 438])
1	0.8058249966753588	0.8077219649223427	([618, 177], [618, 177, 41])
1	0.7823821390113562	0.8077637196518174	([910, 78], [940, 908, 78])
1	0.7943215018925955	0.8081280750993906	([658, 144], [658, 243, 202])
1	0.8008192234470112	0.8081783331277312	([771, 240], [771, 604, 430])
1	0.8009452004735919	0.8083521215733672	([774, 26], [921, 774, 637])
1	0.7991284894284116	0.8086438903907343	([787, 309], [787, 783, 309])
1	0.8026325208780137	0.808801093609498	([744, 41], [744, 707, 41])
1	0.8043466329454378	0.8089393830361931	([755, 118], [755, 561, 192])
1	0.8073354525869078	0.8090476272378464	([889, 508], [902, 889, 508])
1	0.795354367315536	0.8090955664848222	([637, 110], [637, 110, 54])
1	0.7870301741437354	0.8091986724333065	([942, 194], [942, 264, 194])
1	0.8092856769271005	0.8094739808352	([733, 140], [733, 376, 140])
1	0.7998634585787027	0.8094844656558187	([778, 128], [778, 128, 20])
1	0.7895741907612106	0.8094844656558187	([778, 28], [778, 384, 20])
1	0.7860480388786759	0.8095278902101116	([633, 24], [697, 658, 24])
1	0.7972128057257326	0.8099760339575807	([745, 242], [745, 609, 566])
1	0.806642575122803	0.8100321178103846	([534, 42], [534, 424, 42])
1	0.788280503168731	0.8106229889203719	([596, 224], [596, 500, 388])
1	0.7960225521278707	0.8106301081020053	([466, 169], [466, 402, 169])
1	0.8059289753149447	0.8106808126270493	([485, 104], [485, 271, 243])
1	0.8020902291320826	0.8108717952711546	([886, 425], [886, 879, 425])
1	0.8109120918391676	0.8111242143882297	([541, 110], [541, 433, 110])
1	0.8082357003211024	0.8115126141113419	([866, 102], [866, 138, 128])
1	0.8108506547595962	0.8118923937464856	([890, 499], [890, 613, 601])
1	0.7744512439561996	0.8119295626209391	([853, 121], [853, 564, 121])
1	0.8047314787964452	0.8121500624656016	([863, 502], [863, 580, 570])
1	0.7991286400641476	0.8123830788728459	([891, 81], [924, 891, 81])
1	0.8099696768297004	0.8124444057812199	([756, 228], [756, 229, 228])
1	0.8066644107171508	0.8127662644686868	([654, 244], [697, 654, 244])
1	0.8104304552636418	0.8128811655937798	([458, 106], [458, 106, 64])
1	0.8109355540378484	0.8135562876107079	([903, 352], [903, 634, 628])
1	0.8125405605910461	0.813614161980403	([503, 149], [503, 320, 149])
1	0.8133485378507936	0.8136174459715962	([647, 233], [647, 536, 233])
1	0.7264148031721229	0.813697987669942	([694, 248], [694, 248, 47])
1	0.7935105961849682	0.8137286046802842	([669, 2], [669, 651, 2])
1	0.8066897019109671	0.8139066940189964	([821, 307], [821, 676, 431])
1	0.7766086844464967	0.814281201921511	([686, 112], [686, 506, 112])
1	0.8131002365852308	0.814352091649031	([621, 199], [696, 621, 199])
1	0.8011881861140221	0.8145510210642769	([834, 206], [834, 738, 392])
1	0.7974424681084482	0.8146151215105454	([620, 115], [619, 390, 206])
1	0.8048900855008834	0.8146307372556127	([827, 60], [827, 826, 60])
1	0.5375857283793928	0.8154142630877479	([249, 147], [249, 212, 147])
1	0.8041332555965708	0.8154374677382512	([818, 59], [947, 818, 59])
1	0.8001846578019143	0.8157909254164808	([519, 115], [551, 519, 156])
1	0.8154870923026484	0.816081544113578	([807, 397], [807, 710, 397])
1	0.8079628547767113	0.8162369185739415	([765, 99], [765, 180, 145])
1	0.8079668411187165	0.8162397513054853	([678, 171], [678, 171, 2])
1	0.7924053483966301	0.8163807377017178	([790, 216], [790, 346, 216])
1	0.8164510930346717	0.8165935162523463	([497, 8], [497, 460, 8])
1	0.7903613146267078	0.8168740380594021	([796, 245], [796, 719, 245])
1	0.8132272576276294	0.817358921101499	([748, 184], [748, 602, 530])
1	0.7969114887551646	0.8173766684164893	([677, 74], [677, 354, 74])
1	0.8013254418432637	0.8175328671363596	([758, 170], [758, 170, 116])
1	0.8174120851697331	0.8177995525045483	([844, 221], [844, 725, 221])
1	0.6059652822397203	0.8178633969520793	([405, 252], [405, 265, 252])
1	0.818202406805267	0.8182210469116917	([784, 302], [795, 784, 302])
1	0.8156330913451866	0.8182750716993845	([681, 61], [681, 539, 61])
1	0.8143386347826704	0.8189633013018116	([685, 311], [685, 527, 311])
1	0.80954030422754	0.8192646864220445	([770, 166], [770, 166, 20])
1	0.8042460862677073	0.8192785336118499	([829, 321], [917, 829, 321])
1	0.8079198712519322	0.81999855338851	([871, 49], [911, 871, 49])
1	0.8100938969763906	0.8200442371131442	([816, 131], [816, 543, 66])
1	0.8108797306348134	0.8208012846538996	([769, 157], [769, 567, 65])
1	0.81747012780235	0.8208532299923365	([898, 67], [898, 755, 118])
1	0.8135859612363736	0.8208971526109337	([914, 149], [914, 149, 123])
1	0.648812459703519	0.8210048450766106	([647, 247], [647, 247, 231])
1	0.8188325387972328	0.8210326918658718	([731, 91], [731, 203, 91])
1	0.8200293219018175	0.8217833285181642	([627, 161], [627, 370, 328])
1	0.8054416371350096	0.8224310083187479	([941, 173], [941, 930, 173])
1	0.819677614225587	0.8229588232384856	([635, 139], [635, 349, 139])
1	0.8165041119356634	0.8234326048839533	([795, 153], [869, 795, 153])
1	0.8084235269166101	0.8235921199120909	([809, 111], [809, 743, 111])
1	0.8149746997570367	0.8246319148860295	([841, 183], [841, 695, 132])
1	0.8179014490257758	0.8247232871082814	([844, 94], [844, 422, 390])
1	0.8177437432141373	0.8250600604162126	([798, 212], [798, 421, 212])
1	0.8021461741352534	0.8250760146431249	([944, 220], [944, 220, 102])
1	0.8117554175695053	0.8255605399537719	([889, 161], [889, 198, 186])
1	0.8255672296555705	0.825716803655605	([812, 350], [812, 659, 490])
1	0.8224548436255126	0.8280905546986802	([847, 91], [950, 847, 172])
1	0.8281806170778528	0.828586490153973	([839, 175], [839, 735, 230])
1	0.8287892833922936	0.830382044688476	([833, 228], [833, 592, 539])
1	0.8190943180324632	0.8311078365905114	([831, 176], [831, 825, 118])
1	0.6582035035975164	0.8312279460286347	([582, 256], [582, 459, 288])
1	0.8306893141731632	0.8325481436396844	([903, 114], [914, 903, 114])
1	0.8208990330083197	0.8331100139200843	([906, 159], [906, 159, 74])
1	0.7158490989507877	0.8332425259610247	([901, 46], [901, 802, 686])
1	0.8332547968594276	0.836462475240098	([803, 227], [803, 568, 227])
1	0.6548401999726978	0.8375320086881337	([459, 256], [582, 299, 256])
1	0.5199976984395756	0.8431092262122722	([317, 253], [317, 265, 253])
1	0.5422544324244026	0.8494043339322909	([259, 246], [611, 249, 234])
1	0.532778248529507	0.8512823627895394	([611, 249], [259, 254, 100])
1	0.547497470619598	0.8576706310291011	([855, 249], [855, 611, 249])
1	0.5871870263317727	0.8578191318472373	([346, 257], [346, 257, 125])
1	0.5890627893398269	0.8635992586272102	([661, 255], [661, 335, 255])
1	0.5208455181284283	0.8773577653195569	([323, 249], [323, 249, 212])
1	0.6143733827073117	0.8887778872836765	([832, 257], [832, 257, 215])
1	0.5114729447511113	0.8897681370421817	([449, 254], [449, 260, 254])
1	0.5503968178089986	0.8914813396320447	([251, 219], [276, 275, 251])
1	0.6313075602360954	0.8991962763490031	([264, 256], [265, 260, 256])
1	0.5165579611584821	0.8994305266768887	([836, 258], [836, 258, 244])
1	0.5135148224647701	0.901402076634028	([682, 258], [836, 835, 258])
1	0.512119418178353	0.9031068804583421	([265, 253], [265, 253, 106])
1	0.5196841469844701	0.9053590175888945	([319, 250], [293, 250, 80])
1	0.5202761634171456	0.9075427984252228	([275, 251], [275, 251, 248])
1	0.5230242583377791	0.9169416463835813	([597, 250], [597, 250, 83])
0	0.0	inf	([252], [])
