0	0.0	0.23697633120797512	([177], [177, 176])
0	0.0	0.24033752472671513	([2], [2, 1])
0	0.0	0.24657661059095864	([674], [674, 673])
0	0.0	0.2515578714975762	([668], [668, 667])
0	0.0	0.25277457194457137	([3], [3, 2])
0	0.0	0.25559214403137026	([127], [127, 126])
0	0.0	0.256350227892634	([144], [144, 143])
0	0.0	0.2565730214808185	([22], [22, 21])
0	0.0	0.2568913328134556	([184], [184, 183])
0	0.0	0.257717957513368	([692], [692, 691])
0	0.0	0.25955205271142623	([149], [149, 148])
0	0.0	0.25968375373105956	([9], [9, 8])
0	0.0	0.25983024291177004	([440], [440, 439])
0	0.0	0.26013006977106634	([412], [412, 411])
0	0.0	0.26148059130660967	([18], [18, 17])
0	0.0	0.2618211085493008	([82], [82, 81])
0	0.0	0.26296827494451136	([128], [128, 127])
0	0.0	0.26298438226305143	([183], [183, 182])
0	0.0	0.2630896945056687	([145], [145, 144])
0	0.0	0.2635902325402825	([146], [146, 145])
0	0.0	0.26412149551588116	([152], [152, 151])
0	0.0	0.2654365050678751	([380], [380, 379])
0	0.0	0.2656481114282995	([179], [179, 178])
0	0.0	0.266083692050734	([102], [102, 101])
0	0.0	0.266104978320471	([683], [683, 682])
0	0.0	0.2677155828311986	([653], [653, 652])
0	0.0	0.2678294447943272	([81], [81, 80])
0	0.0	0.26797316571319085	([693], [693, 692])
0	0.0	0.26901897832211014	([89], [89, 88])
0	0.0	0.2690502380077365	([689], [689, 688])
0	0.0	0.26911865486861875	([143], [143, 142])
0	0.0	0.26979947704527596	([21], [21, 20])
0	0.0	0.26998675225312563	([27], [27, 26])
0	0.0	0.2704880855323373	([794], [794, 793])
0	0.0	0.27050317832260506	([200], [200, 199])
0	0.0	0.2705532907023396	([28], [28, 27])
0	0.0	0.27083173566981883	([520], [520, 519])
0	0.0	0.2712304596928777	([185], [185, 184])
0	0.0	0.27134763505295967	([111], [111, 110])
0	0.0	0.2720290771991709	([681], [681, 680])
0	0.0	0.2722248668664988	([207], [207, 206])
0	0.0	0.2723481926871109	([79], [79, 78])
0	0.0	0.2724777103616797	([64], [64, 63])
0	0.0	0.2725417437141108	([187], [187, 186])
0	0.0	0.27299800197545815	([58], [58, 57])
0	0.0	0.2733072573511925	([423], [423, 422])
0	0.0	0.27410305100681714	([13], [13, 12])
0	0.0	0.274286560972478	([403], [403, 402])
0	0.0	0.2743728255607229	([657], [657, 656])
0	0.0	0.27469687845869034	([645], [645, 644])
0	0.0	0.27471102186048796	([5], [5, 4])
0	0.0	0.27524938822712736	([691], [691, 690])
0	0.0	0.27602898310877816	([720], [720, 719])
0	0.0	0.27646642417814066	([757], [757, 756])
0	0.0	0.27648257040331686	([218], [218, 217])
0	0.0	0.27662981127596853	([727], [727, 726])
0	0.0	0.27705673459933694	([735], [735, 734])
0	0.0	0.27711782409226426	([204], [204, 203])
0	0.0	0.2771213054163741	([60], [60, 59])
0	0.0	0.2771797173148553	([744], [744, 743])
0	0.0	0.2773637391912157	([26], [26, 25])
0	0.0	0.27743580164923276	([94], [94, 93])
0	0.0	0.277684343626568	([428], [428, 427])
0	0.0	0.277743198141594	([585], [585, 584])
0	0.0	0.27779050238501724	([717], [717, 716])
0	0.0	0.27785588395514177	([91], [91, 90])
0	0.0	0.27793046728801446	([11], [11, 8])
0	0.0	0.2782326423690009	([101], [101, 100])
0	0.0	0.27832774428105633	([17], [17, 16])
0	0.0	0.27854825090518504	([40], [40, 39])
0	0.0	0.27866659041259967	([165], [165, 164])
0	0.0	0.27874990289179025	([206], [206, 205])
0	0.0	0.27878994047349787	([682], [682, 681])
0	0.0	0.27888418413046573	([662], [662, 661])
0	0.0	0.2790245793358359	([105], [105, 104])
0	0.0	0.27935205329149465	([205], [205, 204])
0	0.0	0.27941291485744	([424], [424, 423])
0	0.0	0.27976447330768583	([279], [279, 278])
0	0.0	0.2798920362550758	([139], [139, 138])
0	0.0	0.28006198261773124	([470], [470, 469])
0	0.0	0.2800753609317311	([623], [623, 621])
0	0.0	0.28011069859901977	([90], [91, 89])
0	0.0	0.28039483009184146	([231], [231, 230])
0	0.0	0.28040962743815273	([510], [510, 509])
0	0.0	0.28042548605059286	([728], [728, 727])
0	0.0	0.28064289142925847	([652], [653, 651])
0	0.0	0.28067348596951625	([135], [135, 134])
0	0.0	0.2807356472001152	([147], [147, 146])
0	0.0	0.28082791103211896	([142], [143, 141])
0	0.0	0.2809715500483696	([167], [167, 166])
0	0.0	0.28122353157643304	([511], [511, 508])
0	0.0	0.281647973021501	([456], [456, 455])
0	0.0	0.28169442655027693	([508], [511, 510])
0	0.0	0.28177325689345745	([107], [107, 106])
0	0.0	0.2818374731300188	([16], [16, 15])
0	0.0	0.28210114002634573	([729], [729, 728])
0	0.0	0.2822436005338223	([687], [687, 686])
0	0.0	0.2822582683431991	([739], [739, 738])
0	0.0	0.282747194326745	([212], [212, 211])
0	0.0	0.2828517260214851	([39], [39, 38])
0	0.0	0.2829665716636158	([123], [123, 122])
0	0.0	0.2831086518806969	([219], [219, 218])
0	0.0	0.28312274230150275	([661], [661, 660])
0	0.0	0.2831760032061306	([238], [238, 237])
0	0.0	0.2836016902255953	([230], [230, 229])
0	0.0	0.28419645758460443	([367], [367, 366])
0	0.0	0.2842775219463188	([160], [160, 159])
0	0.0	0.2848662657976855	([8], [8, 7])
0	0.0	0.284933733013588	([427], [427, 426])
0	0.0	0.2850965677560375	([509], [511, 507])
0	0.0	0.28517335008356454	([151], [151, 150])
0	0.0	0.2852919075348405	([526], [526, 525])
0	0.0	0.28541146251781846	([349], [349, 348])
0	0.0	0.28544536600350945	([43], [43, 42])
0	0.0	0.2854694975731195	([353], [353, 352])
0	0.0	0.2856383531947535	([61], [61, 60])
0	0.0	0.2858668231149334	([352], [352, 351])
0	0.0	0.2862693958609843	([699], [699, 698])
0	0.0	0.2862729125487496	([65], [65, 64])
0	0.0	0.2863423698057507	([680], [680, 679])
0	0.0	0.2864828164301649	([134], [134, 133])
0	0.0	0.2866865983990702	([268], [268, 267])
0	0.0	0.2867300237181119	([59], [59, 58])
0	0.0	0.28678582392553575	([758], [758, 757])
0	0.0	0.2870824533384061	([213], [213, 212])
0	0.0	0.28722263738651554	([12], [12, 11])
0	0.0	0.2873061700524262	([265], [265, 264])
0	0.0	0.28742827730609705	([743], [743, 742])
0	0.0	0.28746666906518864	([100], [100, 99])
0	0.0	0.28762510844204775	([501], [501, 500])
0	0.0	0.2876596005555081	([36], [36, 35])
0	0.0	0.28784611028956036	([197], [197, 196])
0	0.0	0.2880325746941485	([644], [644, 643])
0	0.0	0.2883438915229961	([31], [31, 30])
0	0.0	0.28856606317752415	([473], [473, 472])
0	0.0	0.28857782099857054	([665], [665, 664])
0	0.0	0.288642072257053	([649], [649, 648])
0	0.0	0.28872128579264994	([469], [469, 468])
0	0.0	0.28882626738685624	([399], [399, 398])
0	0.0	0.28905243124499264	([700], [700, 699])
0	0.0	0.2890937721257773	([762], [762, 761])
0	0.0	0.2894359499524989	([78], [78, 77])
0	0.0	0.28945039915828064	([507], [507, 506])
0	0.0	0.2896489978951861	([148], [148, 147])
0	0.0	0.2896677884837852	([409], [409, 408])
0	0.0	0.28992189159757015	([357], [357, 356])
0	0.0	0.29006234063730824	([527], [527, 526])
0	0.0	0.290068256639111	([225], [225, 224])
0	0.0	0.2900908854026978	([77], [77, 76])
0	0.0	0.2900993675690303	([669], [669, 668])
0	0.0	0.29011599340583033	([198], [198, 197])
0	0.0	0.29015472776099316	([582], [582, 581])
0	0.0	0.29028923399969303	([119], [119, 118])
0	0.0	0.2904915773842617	([660], [660, 659])
0	0.0	0.29091496375999143	([246], [246, 245])
0	0.0	0.29092253149581265	([667], [667, 666])
0	0.0	0.2910311392523944	([640], [640, 638])
0	0.0	0.2913059317603696	([651], [653, 650])
0	0.0	0.2913619252085226	([69], [69, 68])
0	0.0	0.291397939141505	([589], [589, 588])
0	0.0	0.2914042276836779	([41], [41, 40])
0	0.0	0.2914387972956462	([211], [211, 210])
0	0.0	0.2917023868311961	([169], [169, 166])
0	0.0	0.291793029997401	([120], [120, 119])
0	0.0	0.2917962109102035	([706], [706, 705])
0	0.0	0.29183759832868933	([648], [648, 647])
0	0.0	0.2920434601260115	([74], [74, 73])
0	0.0	0.2921652566754489	([7], [7, 5])
0	0.0	0.2922630859471265	([395], [395, 394])
0	0.0	0.2923285534309327	([671], [671, 670])
0	0.0	0.29237289929046434	([601], [601, 600])
0	0.0	0.2924263539388539	([418], [418, 417])
0	0.0	0.29251713336086854	([208], [208, 207])
0	0.0	0.29259521469619354	([638], [640, 639])
0	0.0	0.29284934022346887	([677], [677, 676])
0	0.0	0.2929026109532361	([666], [666, 665])
0	0.0	0.2929424884646644	([398], [398, 397])
0	0.0	0.2929450924617092	([647], [647, 646])
0	0.0	0.29301023373059376	([471], [471, 470])
0	0.0	0.2930758067803119	([619], [619, 618])
0	0.0	0.29308238221949184	([75], [75, 74])
0	0.0	0.2930989680723982	([131], [131, 130])
0	0.0	0.29343849037693015	([571], [571, 570])
0	0.0	0.2935197217879976	([457], [457, 456])
0	0.0	0.2936177450508517	([506], [506, 505])
0	0.0	0.2936609916198665	([742], [742, 741])
0	0.0	0.293794617842069	([113], [113, 112])
0	0.0	0.2940010685579679	([723], [723, 722])
0	0.0	0.29400564827430314	([475], [475, 474])
0	0.0	0.29411956730091177	([499], [499, 498])
0	0.0	0.2941367530341566	([80], [80, 79])
0	0.0	0.2944208992471568	([237], [237, 236])
0	0.0	0.29446850332845625	([247], [247, 246])
0	0.0	0.2944770061922514	([675], [675, 674])
0	0.0	0.29452475256855243	([70], [70, 69])
0	0.0	0.2947107483791758	([703], [703, 702])
0	0.0	0.29483206543538365	([248], [248, 247])
0	0.0	0.29511675967706275	([150], [150, 149])
0	0.0	0.295339343836033	([37], [37, 36])
0	0.0	0.2953412977329629	([401], [401, 400])
0	0.0	0.2954230196534655	([737], [737, 736])
0	0.0	0.29543081975077096	([707], [707, 706])
0	0.0	0.2954496240652885	([29], [29, 28])
0	0.0	0.29558882881724424	([676], [676, 675])
0	0.0	0.2959841898396076	([178], [178, 177])
0	0.0	0.2961020485026607	([715], [715, 714])
0	0.0	0.2961377584518557	([763], [763, 762])
0	0.0	0.29614764476890587	([71], [71, 70])
0	0.0	0.2961538646374485	([772], [772, 771])
0	0.0	0.29625797861110953	([402], [402, 401])
0	0.0	0.2964552076892745	([535], [535, 534])
0	0.0	0.29656041446342896	([641], [641, 640])
0	0.0	0.29692562453976995	([496], [496, 495])
0	0.0	0.2970425439960016	([32], [32, 31])
0	0.0	0.2970451959276341	([588], [588, 587])
0	0.0	0.2971394898170231	([698], [699, 697])
0	0.0	0.2974099744753195	([92], [92, 91])
0	0.0	0.29743983293859744	([504], [504, 503])
0	0.0	0.29749612829483796	([235], [235, 234])
0	0.0	0.2974978516778077	([51], [51, 50])
0	0.0	0.2976489272727727	([593], [593, 592])
0	0.0	0.2976950492302763	([106], [106, 105])
0	0.0	0.29771030267763093	([733], [733, 732])
0	0.0	0.2977382360786868	([538], [538, 537])
0	0.0	0.29781003294191677	([684], [684, 683])
0	0.0	0.29782666687187764	([694], [694, 693])
0	0.0	0.29784217149886866	([776], [776, 775])
0	0.0	0.29791313191585966	([181], [181, 179])
0	0.0	0.2979189125203299	([789], [789, 788])
0	0.0	0.2982167531749977	([72], [72, 70])
0	0.0	0.29823801523106086	([442], [442, 441])
0	0.0	0.2982432712149823	([659], [659, 658])
0	0.0	0.2982578621650532	([664], [664, 663])
0	0.0	0.2982946192357833	([386], [386, 385])
0	0.0	0.2983053456121428	([761], [761, 760])
0	0.0	0.2983590421061143	([590], [590, 589])
0	0.0	0.298453307705567	([546], [546, 545])
0	0.0	0.29850174301212096	([199], [199, 198])
0	0.0	0.2985308940278476	([701], [701, 700])
0	0.0	0.2986782774105019	([33], [33, 32])
0	0.0	0.2987037086105961	([512], [512, 511])
0	0.0	0.29872820288193774	([572], [572, 571])
0	0.0	0.2988419120100499	([351], [352, 350])
0	0.0	0.29934538324810545	([73], [73, 72])
0	0.0	0.299349360289961	([239], [239, 238])
0	0.0	0.29939696323763515	([580], [580, 579])
0	0.0	0.2994732819620322	([130], [130, 129])
0	0.0	0.29963255232832914	([747], [747, 746])
0	0.0	0.299635581520457	([594], [594, 593])
0	0.0	0.29968566073024006	([616], [616, 615])
0	0.0	0.2997858619211481	([534], [534, 533])
0	0.0	0.29997371968663283	([732], [732, 731])
0	0.0	0.30019361455085336	([140], [140, 139])
0	0.0	0.3003831707503815	([563], [563, 562])
0	0.0	0.3004590200861255	([505], [505, 504])
0	0.0	0.3004608091591198	([1], [1, 0])
0	0.0	0.30063602910154325	([411], [412, 410])
0	0.0	0.3007117604507302	([4], [4, 3])
0	0.0	0.3007970648136837	([334], [334, 333])
0	0.0	0.3008816556413721	([430], [430, 429])
0	0.0	0.30098221595829305	([622], [622, 621])
0	0.0	0.301142745262037	([85], [85, 84])
0	0.0	0.3015990707108039	([48], [48, 47])
0	0.0	0.3016047356147884	([138], [138, 136])
0	0.0	0.3016101458788125	([565], [565, 564])
0	0.0	0.3016938941073532	([759], [759, 758])
0	0.0	0.3017367896790817	([620], [620, 619])
0	0.0	0.30174882229191863	([227], [227, 226])
0	0.0	0.30176848097272674	([714], [714, 713])
0	0.0	0.3019053239658948	([795], [795, 794])
0	0.0	0.30203419472866017	([372], [372, 370])
0	0.0	0.30208664915344835	([740], [740, 739])
0	0.0	0.3021019643501257	([115], [115, 114])
0	0.0	0.30217439971979426	([607], [607, 606])
0	0.0	0.30221794955112424	([522], [522, 521])
0	0.0	0.3023828739082034	([778], [778, 777])
0	0.0	0.3024104080067241	([464], [464, 463])
0	0.0	0.30249318526615054	([658], [658, 657])
0	0.0	0.3027429770452863	([481], [481, 480])
0	0.0	0.3028113397980631	([125], [125, 124])
0	0.0	0.3028648794643443	([25], [25, 24])
0	0.0	0.30299952755001547	([406], [406, 405])
0	0.0	0.30313495062073587	([584], [584, 583])
0	0.0	0.3031630331987269	([260], [260, 259])
0	0.0	0.30331163883082457	([196], [196, 194])
0	0.0	0.3034243199141307	([564], [564, 563])
0	0.0	0.3034467120987134	([583], [583, 582])
0	0.0	0.303496372962665	([110], [110, 109])
0	0.0	0.30350031898262647	([342], [342, 341])
0	0.0	0.3036757465602048	([49], [49, 48])
0	0.0	0.3037180802053975	([474], [475, 473])
0	0.0	0.3038725143487204	([224], [224, 223])
0	0.0	0.30391677089543656	([97], [97, 95])
0	0.0	0.30404570415941523	([112], [112, 111])
0	0.0	0.30410670057439887	([422], [422, 421])
0	0.0	0.3042607683572187	([614], [614, 613])
0	0.0	0.30429182642043623	([539], [539, 538])
0	0.0	0.3044175987773424	([254], [254, 253])
0	0.0	0.3044396843436103	([592], [592, 591])
0	0.0	0.3044408818457394	([796], [796, 795])
0	0.0	0.304506613193507	([202], [202, 201])
0	0.0	0.30451874925257516	([95], [95, 94])
0	0.0	0.304547872952767	([626], [626, 625])
0	0.0	0.3047138866438704	([636], [636, 635])
0	0.0	0.3047158018038168	([646], [646, 645])
0	0.0	0.30472206392554396	([346], [346, 345])
0	0.0	0.30475040819872273	([578], [578, 577])
0	0.0	0.3047790326441363	([472], [472, 471])
0	0.0	0.3049999893746962	([577], [577, 576])
0	0.0	0.3050041347707784	([84], [84, 83])
0	0.0	0.30503423724974665	([690], [690, 689])
0	0.0	0.3051891964624287	([748], [748, 747])
0	0.0	0.3053210873372881	([529], [529, 528])
0	0.0	0.3053649086770636	([710], [710, 709])
0	0.0	0.3053889223520278	([234], [235, 229])
0	0.0	0.30548654503096606	([338], [338, 337])
0	0.0	0.3055819194159035	([30], [31, 29])
0	0.0	0.3056531783982697	([88], [88, 87])
0	0.0	0.30570531651372834	([738], [738, 737])
0	0.0	0.30570820819972955	([397], [398, 396])
0	0.0	0.30570954332463357	([595], [595, 594])
0	0.0	0.305954392363827	([258], [258, 257])
0	0.0	0.3061146237452897	([226], [226, 225])
0	0.0	0.3061315385669465	([141], [141, 140])
0	0.0	0.3063636537927544	([573], [573, 572])
0	0.0	0.30650239378618704	([68], [68, 67])
0	0.0	0.306554882041943	([777], [777, 776])
0	0.0	0.3065562199994273	([252], [252, 251])
0	0.0	0.3065681385136703	([786], [786, 784])
0	0.0	0.306584371667967	([602], [602, 601])
0	0.0	0.30666928685441214	([635], [635, 634])
0	0.0	0.306677384003801	([467], [467, 466])
0	0.0	0.30676883108208863	([391], [391, 390])
0	0.0	0.306824357132319	([621], [621, 620])
0	0.0	0.30702169160155096	([114], [114, 113])
0	0.0	0.30749635835989075	([63], [63, 62])
0	0.0	0.307669625139745	([50], [50, 49])
0	0.0	0.30782891057757206	([133], [133, 131])
0	0.0	0.3080301892579253	([608], [608, 607])
0	0.0	0.3081111590143091	([615], [615, 613])
0	0.0	0.30812927097668114	([350], [350, 349])
0	0.0	0.30825757735111564	([695], [695, 694])
0	0.0	0.30827340688805155	([439], [439, 438])
0	0.0	0.30860025764735977	([93], [93, 92])
0	0.0	0.30872294181775917	([345], [345, 344])
0	0.0	0.3087845702177446	([555], [555, 554])
0	0.0	0.30887321036939597	([164], [164, 163])
0	0.0	0.3088934429036844	([348], [348, 347])
0	0.0	0.3091875391129398	([566], [566, 565])
0	0.0	0.3094970911820709	([56], [56, 55])
0	0.0	0.3095468913254442	([347], [347, 346])
0	0.0	0.3097422140531108	([574], [574, 573])
0	0.0	0.30981768143632116	([736], [736, 735])
0	0.0	0.30982256622688786	([453], [453, 452])
0	0.0	0.309843594214195	([229], [234, 232])
0	0.0	0.30994539165260715	([245], [245, 244])
0	0.0	0.3100301788759916	([482], [482, 481])
0	0.0	0.3100425460937178	([711], [711, 710])
0	0.0	0.31016829317273276	([343], [343, 342])
0	0.0	0.31018173197810167	([741], [741, 740])
0	0.0	0.3101958033786385	([392], [392, 390])
0	0.0	0.3102363547818489	([612], [612, 611])
0	0.0	0.31038263134455113	([203], [203, 201])
0	0.0	0.31052400710391775	([449], [449, 448])
0	0.0	0.3107456756449512	([708], [708, 707])
0	0.0	0.31085550991053723	([686], [687, 684])
0	0.0	0.310899187474566	([240], [240, 239])
0	0.0	0.3111458338070353	([173], [173, 172])
0	0.0	0.3112321130883362	([611], [612, 610])
0	0.0	0.31124000445706007	([394], [394, 392])
0	0.0	0.31132591743687554	([370], [370, 368])
0	0.0	0.3114048465711574	([241], [241, 240])
0	0.0	0.31142944221377955	([483], [483, 482])
0	0.0	0.31163173580572445	([174], [174, 173])
0	0.0	0.3117467904100113	([416], [416, 415])
0	0.0	0.3118755200795367	([613], [613, 612])
0	0.0	0.3119731578346371	([255], [255, 254])
0	0.0	0.3120041014384079	([579], [579, 578])
0	0.0	0.31233732667829844	([458], [458, 456])
0	0.0	0.312348456326199	([752], [752, 751])
0	0.0	0.31237018665706484	([194], [194, 193])
0	0.0	0.3123929219671876	([341], [341, 340])
0	0.0	0.31242842150502936	([159], [160, 158])
0	0.0	0.3124427236796493	([429], [429, 428])
0	0.0	0.31251339931794087	([228], [228, 227])
0	0.0	0.3125835404569232	([24], [25, 23])
0	0.0	0.3126827062045854	([558], [558, 557])
0	0.0	0.3127826336497146	([379], [379, 377])
0	0.0	0.3129331382837081	([129], [133, 132])
0	0.0	0.3130434189610521	([344], [344, 343])
0	0.0	0.3131314157230861	([175], [175, 174])
0	0.0	0.3132249218359836	([109], [109, 107])
0	0.0	0.3133467307449122	([765], [765, 764])
0	0.0	0.3133682184696209	([132], [129, 128])
0	0.0	0.31343763982157985	([760], [760, 759])
0	0.0	0.3134677149246095	([161], [161, 160])
0	0.0	0.31356764713064483	([569], [569, 568])
0	0.0	0.3137910805328077	([201], [201, 200])
0	0.0	0.31404010920444553	([650], [650, 649])
0	0.0	0.31417575766064143	([52], [52, 51])
0	0.0	0.31431094579456115	([450], [450, 449])
0	0.0	0.3143818323034203	([561], [561, 559])
0	0.0	0.3144175809999656	([576], [576, 574])
0	0.0	0.31443582802997505	([587], [587, 586])
0	0.0	0.31444953585811947	([497], [497, 496])
0	0.0	0.31446449091145406	([766], [766, 765])
0	0.0	0.3145788536444074	([83], [83, 82])
0	0.0	0.31458506135929204	([679], [679, 678])
0	0.0	0.3147136848311228	([454], [454, 452])
0	0.0	0.31485982055190864	([87], [87, 85])
0	0.0	0.3149644061323715	([503], [503, 502])
0	0.0	0.315079215678148	([266], [266, 265])
0	0.0	0.3157125741914751	([552], [552, 551])
0	0.0	0.31574637217677926	([176], [177, 175])
1	0.31421431821231066	0.3158509326814874	([248, 245], [248, 247, 246])
0	0.0	0.31594115905655223	([34], [34, 32])
0	0.0	0.3160223095498935	([0], [7, 6])
0	0.0	0.31623283311445466	([792], [792, 791])
0	0.0	0.3163289295683351	([267], [267, 266])
0	0.0	0.31634283207115194	([215], [215, 214])
0	0.0	0.3164679659254644	([122], [122, 120])
0	0.0	0.3166542574515644	([62], [62, 61])
0	0.0	0.3167731914274054	([704], [704, 703])
0	0.0	0.31684931385656184	([124], [124, 123])
0	0.0	0.31693591870170074	([570], [570, 569])
0	0.0	0.31714192919983847	([548], [548, 547])
0	0.0	0.31727626853963087	([642], [642, 641])
0	0.0	0.31729275491838477	([415], [416, 414])
0	0.0	0.31731976920788757	([432], [432, 431])
0	0.0	0.31743352072452163	([433], [433, 432])
0	0.0	0.3174512053402986	([493], [493, 492])
0	0.0	0.3176300613859605	([387], [387, 386])
0	0.0	0.31771115464566807	([98], [98, 97])
0	0.0	0.3177928573696445	([484], [484, 483])
0	0.0	0.31806129685721884	([210], [210, 209])
0	0.0	0.31816746951855507	([524], [524, 523])
0	0.0	0.3182047844795855	([244], [244, 243])
0	0.0	0.31820939404382015	([417], [417, 416])
0	0.0	0.31824354374852565	([99], [99, 98])
0	0.0	0.31838842465175654	([716], [716, 715])
0	0.0	0.31846292446890007	([400], [400, 399])
0	0.0	0.3185436325383279	([35], [36, 34])
0	0.0	0.31863592421870546	([557], [557, 556])
0	0.0	0.3192053164325325	([554], [554, 553])
0	0.0	0.3192302132383723	([331], [331, 330])
0	0.0	0.31977103473381224	([525], [525, 524])
0	0.0	0.319957909718779	([104], [104, 103])
1	0.3107906007354127	0.3199815543557188	([232, 231], [235, 232, 231])
0	0.0	0.32004640076010316	([410], [410, 409])
0	0.0	0.320114943967929	([705], [705, 704])
0	0.0	0.32016143489235854	([479], [479, 478])
0	0.0	0.3202090156190311	([168], [168, 167])
0	0.0	0.32036651275510614	([38], [38, 37])
0	0.0	0.32065900049322116	([170], [170, 169])
0	0.0	0.3206929041271149	([637], [637, 636])
0	0.0	0.3207450213834739	([670], [670, 669])
0	0.0	0.3209324842925398	([269], [269, 268])
0	0.0	0.3209970716894165	([272], [272, 271])
0	0.0	0.32135812896315397	([191], [191, 190])
0	0.0	0.3216068148127422	([528], [528, 527])
0	0.0	0.3216315581584505	([696], [696, 695])
0	0.0	0.3216786270107717	([722], [722, 721])
0	0.0	0.321737980710228	([775], [776, 774])
0	0.0	0.32204936300130493	([356], [357, 354])
0	0.0	0.32208399418299516	([540], [540, 539])
0	0.0	0.3220847352447323	([358], [358, 357])
0	0.0	0.32239293243666195	([500], [500, 499])
0	0.0	0.3225067002326081	([460], [460, 459])
0	0.0	0.3227498213829052	([462], [462, 460])
0	0.0	0.3228732774154152	([547], [547, 546])
0	0.0	0.32289021968309367	([556], [556, 555])
0	0.0	0.3230722932906581	([754], [754, 751])
0	0.0	0.32310217467146507	([519], [520, 517])
0	0.0	0.3231125275904379	([498], [498, 497])
0	0.0	0.32331379529431026	([222], [222, 221])
0	0.0	0.3233260226252504	([243], [244, 241])
0	0.0	0.3233611907057449	([559], [559, 558])
0	0.0	0.323370502332113	([793], [793, 792])
0	0.0	0.3234385617098978	([217], [217, 215])
0	0.0	0.3234397779396977	([489], [489, 485])
0	0.0	0.32349192831578166	([437], [437, 436])
0	0.0	0.3235600659210601	([476], [476, 475])
0	0.0	0.3238686343366516	([251], [251, 250])
0	0.0	0.32390552179779214	([542], [542, 541])
0	0.0	0.323954906166138	([158], [158, 156])
0	0.0	0.3240375775875318	([431], [431, 430])
0	0.0	0.32446883679132904	([421], [421, 420])
0	0.0	0.3246063912826172	([20], [20, 18])
0	0.0	0.3246306290967193	([468], [468, 467])
1	0.3131025748134741	0.32495550117471267	([72, 68], [72, 70, 69])
0	0.0	0.3249805262943157	([274], [274, 273])
0	0.0	0.3249895379140686	([455], [455, 454])
0	0.0	0.32502422078585014	([385], [386, 383])
0	0.0	0.3251007596015496	([791], [791, 789])
0	0.0	0.3252594933281216	([685], [685, 684])
0	0.0	0.3255458954350658	([734], [734, 733])
0	0.0	0.3257409132249935	([523], [523, 521])
0	0.0	0.3257557563019717	([436], [436, 435])
0	0.0	0.3258013609388215	([631], [631, 630])
0	0.0	0.32614982424055916	([209], [209, 208])
0	0.0	0.32643702028318544	([756], [756, 755])
0	0.0	0.32657603955167885	([396], [396, 395])
0	0.0	0.3268498132065755	([492], [492, 491])
0	0.0	0.32693509894951356	([654], [654, 653])
0	0.0	0.3269508105494822	([330], [330, 328])
0	0.0	0.32737909629369466	([413], [413, 412])
0	0.0	0.32740477751743213	([172], [172, 170])
0	0.0	0.3274144543541389	([233], [233, 232])
0	0.0	0.32752619687179213	([463], [463, 462])
0	0.0	0.32807558599385384	([643], [643, 642])
1	0.31410668919378154	0.3282860027698878	([763, 760], [763, 762, 761])
0	0.0	0.3283989064295198	([390], [390, 389])
0	0.0	0.3286507027437867	([103], [103, 100])
0	0.0	0.32872153470181453	([603], [603, 602])
0	0.0	0.32877388110053063	([597], [597, 596])
0	0.0	0.329448256885532	([746], [746, 745])
0	0.0	0.3298288111534932	([426], [427, 425])
0	0.0	0.32993439906425054	([625], [625, 624])
0	0.0	0.33008718822111266	([388], [388, 387])
0	0.0	0.3305066373610205	([253], [253, 252])
0	0.0	0.33072809873190856	([697], [697, 696])
0	0.0	0.33104617801198516	([480], [480, 479])
0	0.0	0.3313217443011571	([672], [672, 671])
0	0.0	0.3317631161403394	([76], [76, 75])
0	0.0	0.33179209581662883	([214], [214, 213])
0	0.0	0.3318783051175201	([389], [389, 388])
0	0.0	0.3318958397674602	([598], [598, 597])
0	0.0	0.33190575998585403	([405], [405, 403])
0	0.0	0.33195566693416506	([726], [726, 725])
0	0.0	0.33196656651710293	([745], [745, 744])
0	0.0	0.3323413785623001	([438], [438, 437])
0	0.0	0.3324016493393191	([549], [549, 548])
0	0.0	0.33253362768865663	([136], [136, 135])
0	0.0	0.3326370366934666	([673], [673, 672])
0	0.0	0.3327727538781328	([420], [420, 419])
0	0.0	0.33282950597166455	([459], [459, 455])
0	0.0	0.3328581748664549	([749], [749, 748])
0	0.0	0.3329057790646111	([23], [23, 22])
0	0.0	0.3331796195853528	([362], [362, 361])
0	0.0	0.3333602415236782	([259], [259, 258])
0	0.0	0.3334469884658375	([137], [137, 136])
0	0.0	0.333931061789028	([10], [10, 9])
0	0.0	0.334065520655115	([663], [663, 662])
0	0.0	0.33420179108633113	([782], [782, 779])
0	0.0	0.33440759546824456	([562], [562, 559])
0	0.0	0.33485560107483536	([678], [678, 677])
0	0.0	0.3349788086797299	([414], [414, 413])
0	0.0	0.3351722297221539	([581], [581, 580])
0	0.0	0.3352402495368879	([363], [363, 362])
0	0.0	0.33530877060439396	([517], [517, 516])
0	0.0	0.33532765880944077	([633], [633, 631])
0	0.0	0.3355173998813666	([487], [487, 486])
0	0.0	0.335918092655168	([333], [334, 330])
0	0.0	0.33635337927561465	([688], [688, 687])
0	0.0	0.33645968197746184	([639], [638, 637])
0	0.0	0.3365352125817935	([537], [537, 536])
0	0.0	0.33686829227996357	([335], [335, 334])
0	0.0	0.33739599759275885	([536], [537, 535])
0	0.0	0.33766974158378127	([45], [45, 43])
0	0.0	0.3376962353885373	([609], [609, 608])
0	0.0	0.33814571191327003	([586], [586, 585])
0	0.0	0.33831996950053944	([553], [554, 552])
0	0.0	0.3386311089783878	([166], [166, 165])
0	0.0	0.3387307251808533	([340], [340, 338])
0	0.0	0.3387359371357346	([502], [503, 501])
0	0.0	0.3389149464235297	([634], [634, 633])
0	0.0	0.3389363760503534	([223], [223, 221])
0	0.0	0.3389873613610282	([355], [355, 354])
0	0.0	0.33928220956945804	([236], [236, 235])
0	0.0	0.33930207316445954	([533], [533, 531])
0	0.0	0.3393741455271741	([753], [753, 752])
0	0.0	0.3394109222401479	([336], [336, 335])
0	0.0	0.33941957728117383	([419], [419, 418])
0	0.0	0.33960571465043954	([751], [751, 749])
0	0.0	0.33977648051221265	([541], [542, 540])
0	0.0	0.34040589260791865	([596], [596, 595])
0	0.0	0.34085694150981666	([381], [381, 380])
0	0.0	0.3409786081555691	([383], [405, 404])
0	0.0	0.3412168353216762	([769], [769, 768])
0	0.0	0.3414568882513375	([624], [624, 623])
0	0.0	0.34176206917153185	([755], [755, 754])
0	0.0	0.3419532008218046	([702], [702, 701])
1	0.3402331765403213	0.3426268020011549	([686, 685], [687, 686, 685])
0	0.0	0.342801756953952	([768], [769, 766])
0	0.0	0.34284377612183825	([447], [447, 446])
0	0.0	0.34287396126588066	([485], [489, 487])
0	0.0	0.34335898442079704	([86], [86, 85])
0	0.0	0.3436607447930912	([516], [516, 515])
0	0.0	0.3437413115628712	([478], [478, 477])
0	0.0	0.3449288457499373	([446], [447, 445])
0	0.0	0.34509032262164707	([771], [771, 770])
0	0.0	0.34537197242378476	([750], [750, 749])
0	0.0	0.345390294893847	([788], [788, 787])
0	0.0	0.3459967824614916	([551], [551, 549])
0	0.0	0.3460478140765138	([591], [591, 590])
0	0.0	0.3462741055951728	([560], [560, 559])
0	0.0	0.34628453794877023	([374], [374, 372])
0	0.0	0.3464921804213411	([46], [46, 45])
0	0.0	0.34651198787818205	([271], [271, 269])
0	0.0	0.3469259222584612	([719], [719, 718])
0	0.0	0.3470601509285004	([515], [515, 514])
0	0.0	0.3471744989000833	([193], [193, 191])
0	0.0	0.3472707130640143	([67], [67, 66])
0	0.0	0.34742324263813384	([329], [329, 328])
0	0.0	0.3477372027282524	([656], [656, 655])
0	0.0	0.34809021845660093	([655], [656, 654])
0	0.0	0.34849723736024507	([384], [384, 383])
0	0.0	0.34860574165961067	([544], [544, 543])
0	0.0	0.3488763515953911	([47], [47, 46])
0	0.0	0.3489557372431411	([126], [126, 125])
0	0.0	0.34952888711618824	([444], [444, 441])
0	0.0	0.34971852746675575	([445], [446, 444])
0	0.0	0.34990739236305335	([156], [158, 157])
0	0.0	0.34995028116228477	([232], [243, 242])
0	0.0	0.3499695507944436	([767], [767, 766])
0	0.0	0.34998104117823686	([19], [19, 18])
0	0.0	0.3500518095198373	([514], [515, 513])
0	0.0	0.3505141969703289	([163], [172, 171])
0	0.0	0.35136526432171783	([486], [485, 484])
0	0.0	0.35185712008852976	([186], [186, 183])
0	0.0	0.35284386822455044	([632], [632, 631])
0	0.0	0.3529194789428292	([171], [163, 162])
0	0.0	0.35335459032347805	([465], [465, 464])
0	0.0	0.3534789915011058	([15], [15, 14])
1	0.3423109892358475	0.35361433416347426	([432, 429], [432, 431, 430])
0	0.0	0.35362729301743534	([155], [155, 154])
0	0.0	0.3539207025680121	([188], [188, 187])
0	0.0	0.35457681543603103	([531], [533, 532])
0	0.0	0.3550643287881981	([724], [724, 723])
0	0.0	0.35569203529013815	([628], [628, 625])
0	0.0	0.35593373224335917	([162], [181, 180])
0	0.0	0.35596192049829617	([448], [448, 446])
0	0.0	0.3563125752248121	([42], [45, 44])
0	0.0	0.3564725680864123	([605], [605, 604])
0	0.0	0.35649611940279835	([182], [182, 181])
0	0.0	0.35696683715904265	([278], [279, 277])
0	0.0	0.35738545923845516	([441], [444, 443])
0	0.0	0.357483075722358	([157], [156, 155])
0	0.0	0.3576260864465171	([361], [361, 360])
0	0.0	0.35791383455653186	([216], [216, 215])
0	0.0	0.3580763981866765	([408], [408, 407])
0	0.0	0.35834478574354717	([604], [604, 603])
0	0.0	0.3584675699927014	([443], [441, 440])
0	0.0	0.3588722655064621	([264], [271, 270])
0	0.0	0.35894507680253135	([364], [364, 363])
0	0.0	0.3593054680975999	([568], [576, 575])
1	0.35695805491710647	0.3594685900122043	([485, 479], [485, 484, 479])
0	0.0	0.3595335971076798	([382], [382, 381])
0	0.0	0.3597031896044777	([779], [779, 778])
0	0.0	0.36023885256020355	([337], [337, 336])
0	0.0	0.3606324428030042	([221], [221, 220])
0	0.0	0.36065328019353704	([477], [477, 476])
0	0.0	0.3607598327388902	([599], [599, 598])
0	0.0	0.3610241981339079	([368], [372, 371])
0	0.0	0.36205775314164806	([575], [568, 566])
0	0.0	0.36247042199065216	([242], [229, 228])
0	0.0	0.3630679248140743	([14], [14, 13])
0	0.0	0.3636806428693589	([521], [521, 520])
0	0.0	0.36378408743322443	([600], [600, 597])
0	0.0	0.36439116828114376	([180], [162, 161])
0	0.0	0.36452970384261896	([273], [273, 272])
1	0.36311966981462873	0.3649204289652844	([486, 485], [489, 487, 486])
1	0.3615576343998654	0.36521173933414375	([579, 570], [579, 578, 570])
0	0.0	0.36530933426470064	([495], [495, 494])
0	0.0	0.365418347903373	([44], [42, 41])
0	0.0	0.36546502387254515	([116], [116, 115])
0	0.0	0.36561301646981503	([66], [66, 63])
0	0.0	0.3657761173158568	([627], [627, 626])
0	0.0	0.3658257740640211	([261], [261, 260])
0	0.0	0.36661913695913295	([275], [275, 274])
0	0.0	0.3668401925781173	([360], [362, 358])
0	0.0	0.36689506781025116	([617], [617, 616])
0	0.0	0.36753271808970017	([359], [359, 358])
0	0.0	0.3677550760790264	([425], [425, 423])
0	0.0	0.36787824583934886	([618], [618, 617])
0	0.0	0.3682285733745835	([709], [709, 708])
0	0.0	0.36837127916848444	([630], [630, 629])
0	0.0	0.36944028884575303	([629], [629, 628])
0	0.0	0.3700221995336439	([530], [530, 529])
0	0.0	0.37017539344557276	([375], [375, 374])
0	0.0	0.37021621431812285	([545], [545, 543])
0	0.0	0.37045567498345683	([713], [713, 712])
0	0.0	0.3707528804424563	([328], [333, 332])
0	0.0	0.37079140314526265	([543], [568, 567])
0	0.0	0.37096726832433785	([725], [725, 724])
0	0.0	0.3713052124373676	([718], [718, 717])
0	0.0	0.37156957483322756	([731], [731, 730])
0	0.0	0.37194208822772495	([461], [461, 460])
0	0.0	0.3720931723297501	([327], [327, 325])
1	0.3707958093360273	0.37230801388077955	([547, 543], [547, 546, 543])
0	0.0	0.3727248280726505	([53], [53, 52])
0	0.0	0.37317259909521455	([339], [339, 338])
1	0.36496979754429787	0.3733004268293764	([600, 599], [600, 599, 598])
0	0.0	0.37344643092022006	([550], [550, 549])
0	0.0	0.3737952756282154	([784], [786, 785])
0	0.0	0.3740039983132011	([712], [712, 711])
0	0.0	0.374108676187245	([249], [249, 248])
0	0.0	0.37414762901521603	([610], [610, 609])
0	0.0	0.37453702160165664	([780], [780, 779])
0	0.0	0.3748833451968744	([371], [370, 369])
0	0.0	0.3763848550342709	([770], [770, 769])
0	0.0	0.3765480051987686	([190], [193, 192])
0	0.0	0.37766408289274783	([787], [791, 790])
0	0.0	0.37779333565667056	([407], [407, 406])
0	0.0	0.3783064391581244	([494], [494, 492])
0	0.0	0.3783108898314199	([55], [56, 52])
0	0.0	0.37909504515523096	([192], [190, 189])
0	0.0	0.37909995050837514	([488], [488, 487])
0	0.0	0.37925542963083697	([57], [97, 96])
0	0.0	0.3794434155225586	([606], [606, 605])
0	0.0	0.3797297321985069	([532], [531, 529])
0	0.0	0.3809294081742996	([284], [284, 278])
0	0.0	0.38124358870828223	([96], [57, 56])
0	0.0	0.3813472607425375	([721], [721, 719])
0	0.0	0.38372290334744497	([567], [543, 542])
0	0.0	0.383964764463838	([377], [377, 375])
0	0.0	0.3847460503037308	([466], [466, 465])
0	0.0	0.38523951370441034	([404], [394, 393])
0	0.0	0.3854766060032506	([369], [368, 367])
0	0.0	0.3861142143555524	([435], [435, 433])
0	0.0	0.3864442044397833	([790], [788, 786])
0	0.0	0.3877392582673794	([785], [784, 778])
0	0.0	0.3878247376435501	([452], [452, 450])
0	0.0	0.3885559104154685	([730], [730, 729])
0	0.0	0.38879020191008773	([154], [154, 152])
1	0.3813913197597149	0.3890239085539781	([249, 244], [249, 248, 244])
0	0.0	0.3891370165320323	([256], [256, 255])
0	0.0	0.3901760126834744	([250], [250, 249])
1	0.3893530563939503	0.3907524362698038	([792, 788], [792, 791, 789])
0	0.0	0.39116053584255245	([491], [491, 489])
0	0.0	0.39169031050902275	([189], [190, 187])
0	0.0	0.39177028555752536	([6], [55, 54])
0	0.0	0.39236392761045297	([773], [773, 772])
0	0.0	0.39253664629144525	([277], [277, 274])
0	0.0	0.3928263981340751	([332], [328, 327])
0	0.0	0.3932342118743264	([774], [784, 783])
0	0.0	0.3935144553871245	([764], [764, 763])
0	0.0	0.39400553419272605	([393], [435, 434])
1	0.3851701687431749	0.3951770139436496	([52, 42], [52, 47, 45])
0	0.0	0.39583210649535056	([325], [327, 326])
0	0.0	0.39646037268067186	([270], [277, 276])
0	0.0	0.39714826043819995	([276], [264, 263])
0	0.0	0.39771367939164354	([373], [373, 372])
0	0.0	0.39840557221266654	([451], [451, 450])
0	0.0	0.3987965949805702	([434], [383, 382])
0	0.0	0.400077680812772	([317], [317, 316])
0	0.0	0.4003673278538927	([118], [118, 117])
1	0.3939546180399393	0.40119650622985215	([784, 782], [784, 782, 778])
0	0.0	0.40149850988828717	([117], [154, 153])
0	0.0	0.40201808435826947	([220], [221, 219])
0	0.0	0.4021792643175591	([153], [117, 116])
0	0.0	0.40318761749322807	([121], [121, 120])
0	0.0	0.40406040017955547	([263], [264, 260])
0	0.0	0.40418178187376275	([321], [321, 320])
0	0.0	0.4049248896439926	([290], [290, 289])
0	0.0	0.40700591852595136	([378], [378, 377])
0	0.0	0.4074700384539509	([354], [354, 353])
0	0.0	0.41150298105730987	([108], [108, 107])
0	0.0	0.4124826737976152	([366], [379, 365])
0	0.0	0.4133895682075039	([783], [774, 773])
1	0.41388150686630604	0.4142490833766347	([269, 258], [269, 267, 259])
0	0.0	0.41558266350940737	([490], [490, 293])
1	0.3986793852732808	0.4173529049840539	([557, 548], [557, 552, 548])
0	0.0	0.41991534043846707	([280], [280, 279])
0	0.0	0.4200653401499581	([365], [367, 364])
0	0.0	0.4205768085913075	([310], [310, 304])
0	0.0	0.42304925987567077	([287], [287, 286])
0	0.0	0.4250355764823819	([513], [513, 511])
1	0.41132774407630207	0.425684267829892	([267, 259], [269, 264, 261])
0	0.0	0.4258070595381307	([320], [320, 319])
0	0.0	0.42638078905167504	([326], [325, 324])
0	0.0	0.42704705768244455	([288], [288, 286])
0	0.0	0.42742156654704927	([54], [196, 195])
1	0.41376889441404213	0.4277461645302043	([271, 260], [271, 269, 260])
1	0.42424000606765483	0.42938691849715427	([272, 257], [268, 267, 258])
0	0.0	0.43082032090439687	([324], [324, 321])
1	0.43030476233561427	0.43084821374327725	([774, 770], [774, 773, 772])
0	0.0	0.431558595435912	([318], [318, 294])
0	0.0	0.43360426938264246	([286], [286, 285])
0	0.0	0.4337529160319231	([311], [311, 310])
0	0.0	0.4341718429820844	([316], [316, 313])
1	0.41095039046777665	0.4346652554218368	([378, 374], [378, 377, 375])
0	0.0	0.4349920920857432	([257], [257, 252])
0	0.0	0.4372139549407596	([322], [322, 321])
0	0.0	0.437946242838599	([323], [323, 321])
0	0.0	0.43807714278166654	([195], [284, 283])
0	0.0	0.43829400204226004	([319], [519, 518])
0	0.0	0.44062719871350764	([289], [289, 286])
0	0.0	0.4423348334552663	([313], [316, 315])
0	0.0	0.4449364663027545	([285], [286, 283])
1	0.4423535642146025	0.4449567186319819	([789, 779], [789, 786, 785])
0	0.0	0.44579114687699495	([315], [313, 302])
0	0.0	0.4463128631709718	([305], [305, 304])
0	0.0	0.4477940431389	([300], [300, 282])
0	0.0	0.44941482042536807	([309], [309, 304])
0	0.0	0.4494606093802682	([304], [310, 289])
0	0.0	0.44973048099794444	([518], [322, 296])
0	0.0	0.45047698952970255	([283], [286, 281])
0	0.0	0.4529393250631621	([308], [308, 292])
0	0.0	0.45460052408820445	([296], [518, 300])
0	0.0	0.4555338782032151	([282], [320, 316])
0	0.0	0.4558283298518124	([302], [319, 297])
0	0.0	0.45687169524502386	([297], [317, 284])
0	0.0	0.4598883002163652	([281], [323, 299])
0	0.0	0.4609372206309149	([307], [307, 305])
0	0.0	0.4613827206679424	([262], [262, 261])
0	0.0	0.4644472623350559	([299], [782, 781])
0	0.0	0.4648614124916363	([312], [312, 298])
0	0.0	0.46676301395509373	([781], [309, 294])
0	0.0	0.46702568168134767	([298], [312, 297])
1	0.46358700146413057	0.46763699491223193	([373, 365], [377, 375, 365])
1	0.4543997439427987	0.46874776686850733	([525, 513], [526, 525, 513])
1	0.46526622498688897	0.4689821258265568	([284, 281], [286, 281, 278])
0	0.0	0.46944066804952406	([291], [291, 282])
0	0.0	0.4695567769552715	([314], [314, 296])
1	0.44835981837709926	0.4740185969194757	([286, 278], [286, 283, 281])
0	0.0	0.47499422765716337	([292], [292, 288])
1	0.4611737846053102	0.4761463908737923	([323, 296], [323, 322, 321])
1	0.4619226509861627	0.4763691645101211	([493, 487], [492, 491, 487])
0	0.0	0.47815227856011217	([294], [312, 295])
0	0.0	0.4796065006598124	([295], [314, 301])
1	0.46574964103738	0.4801686266514844	([285, 284], [286, 285, 283])
0	0.0	0.4804864418904979	([301], [314, 303])
0	0.0	0.4808547428124908	([293], [293, 262])
1	0.4780114361813052	0.4827725294862104	([287, 284], [287, 286, 285])
0	0.0	0.4840160295361708	([376], [376, 373])
1	0.46641082258571437	0.48557416824147787	([304, 290], [304, 290, 288])
1	0.4521932356828876	0.48557416824147787	([309, 286], [311, 304, 288])
0	0.0	0.4856657300502057	([303], [322, 306])
1	0.48716343517709093	0.4896642692291541	([290, 284], [290, 287, 286])
1	0.4733761140866696	0.4915348261638151	([305, 302], [309, 305, 302])
1	0.4704678192344336	0.4915348261638151	([305, 294], [309, 305, 304])
1	0.4702079720671433	0.49249460995778904	([309, 302], [305, 304, 289])
1	0.4456057991179456	0.4998709349092491	([366, 365], [373, 371, 365])
1	0.4973111427350092	0.5018543382838719	([283, 282], [291, 282, 281])
1	0.41876600687952337	0.505775634212142	([363, 335], [363, 353, 335])
1	0.49254560126328656	0.5059221446123118	([378, 376], [378, 376, 373])
1	0.49577981240090485	0.5070585647847393	([322, 302], [322, 319, 306])
1	0.49104587745671596	0.5070585647847393	([319, 306], [322, 320, 319])
1	0.4818910097945679	0.5143829713090843	([294, 285], [309, 294, 285])
1	0.5121132012680015	0.5172784301345354	([314, 310], [318, 314, 313])
1	0.47941384384983315	0.524728175804756	([308, 286], [308, 292, 287])
1	0.4744407583217629	0.5259293213627853	([770, 750], [764, 759, 750])
1	0.4987297803994748	0.5271758325496095	([314, 292], [314, 312, 301])
1	0.5135014470245888	0.5271758325496095	([312, 311], [314, 312, 310])
1	0.49504882080762047	0.5271758325496095	([312, 301], [314, 313, 312])
1	0.5058082969928223	0.5276394170530943	([791, 765], [791, 780, 773])
1	0.4944924195195434	0.5318302614685517	([318, 310], [313, 312, 311])
1	0.4573933308627377	0.5341361972177591	([302, 290], [316, 302, 290])
1	0.5286806116114597	0.5371017023711383	([315, 308], [315, 313, 308])
1	0.5382010416305414	0.5409632023167097	([790, 766], [790, 780, 766])
1	0.4670137862101484	0.5448963160317407	([315, 294], [315, 309, 294])
1	0.536806887826407	0.5535048764635973	([281, 272], [281, 277, 274])
1	0.5345722671591443	0.5546445562708587	([750, 736], [750, 744, 736])
1	0.5323339522572924	0.5582410395834747	([745, 721], [745, 744, 721])
1	0.5367254307741622	0.5583381226999264	([301, 276], [301, 281, 276])
1	0.5576589791191179	0.5613983312880032	([306, 188], [306, 195, 188])
1	0.483169575212453	0.5618760156500574	([315, 314], [322, 314, 313])
1	0.4976867762526158	0.5632224373835834	([312, 292], [312, 304, 288])
1	0.5629386471335968	0.5725759927927915	([277, 256], [277, 276, 256])
1	0.5257809834099364	0.5738077084796852	([790, 303], [790, 783, 775])
1	0.5648095588660416	0.5746913880624984	([465, 441], [465, 459, 441])
1	0.4794653637479906	0.5774480194155727	([312, 302], [320, 312, 309])
1	0.5596621317894139	0.5808633055442938	([795, 750], [795, 792, 750])
1	0.5614932550318121	0.5817274315166663	([310, 257], [310, 278, 257])
1	0.5628134870973679	0.5855486701579193	([743, 717], [743, 724, 723])
1	0.583887612901051	0.5858447524197596	([786, 758], [786, 774, 759])
1	0.5872884657255877	0.5881784896995156	([778, 754], [778, 763, 762])
1	0.5792716337711593	0.5888507832961712	([503, 366], [503, 374, 366])
1	0.5892985617541601	0.5894088173853492	([767, 729], [767, 765, 727])
1	0.571573407705331	0.5904717576013764	([302, 261], [302, 276, 261])
1	0.582688982340446	0.5927059581272845	([768, 727], [768, 766, 728])
1	0.5613551156734816	0.5940266160364753	([34, 21], [34, 28, 25])
1	0.4700846030784077	0.5955715047412034	([314, 299], [323, 314, 299])
1	0.5591663458507773	0.5959451911663393	([766, 728], [768, 750, 729])
1	0.5595875502742773	0.5964301059816922	([301, 242], [301, 270, 249])
1	0.5890235377999612	0.597230124320686	([467, 448], [467, 466, 448])
1	0.5991841015559985	0.5994044718242997	([695, 645], [697, 695, 643])
1	0.5866554261587392	0.6010185451884483	([154, 126], [154, 146, 126])
1	0.5840030366670753	0.6012019956144685	([772, 726], [772, 766, 728])
1	0.570143071001464	0.6016632245162886	([325, 279], [321, 308, 279])
1	0.5850912948379515	0.6020155322610843	([190, 160], [190, 181, 173])
1	0.4888873593893226	0.6044150751079598	([301, 281], [315, 301, 285])
1	0.5858072812571192	0.6069962140990321	([202, 175], [202, 197, 175])
1	0.6020921009563057	0.6077564768985553	([750, 705], [750, 729, 720])
1	0.5011237144291113	0.608360148371442	([307, 280], [311, 307, 280])
1	0.6081427929794762	0.611076825753251	([157, 134], [157, 149, 134])
1	0.5965170936140978	0.6112549432596583	([771, 710], [771, 769, 710])
1	0.6149104932902876	0.6150166537254325	([791, 715], [791, 766, 715])
1	0.5718073861453192	0.6151132610472706	([306, 171], [306, 188, 171])
1	0.6078781149468122	0.615661891995923	([778, 744], [778, 763, 744])
1	0.6135405535076568	0.6157460375501765	([696, 644], [697, 696, 644])
1	0.5902876149094365	0.6165746266666876	([782, 718], [782, 768, 718])
1	0.6015378110372005	0.618564883275085	([702, 642], [702, 691, 673])
1	0.6179209342360483	0.6205730708428105	([198, 152], [198, 180, 179])
1	0.5979537894366913	0.6206009319231619	([697, 643], [696, 665, 655])
1	0.5541132449085836	0.6206170431834844	([302, 276], [302, 289, 276])
1	0.6163726545484187	0.6229150008143135	([234, 198], [234, 220, 198])
1	0.6086694892051061	0.6243641311290066	([526, 509], [526, 514, 509])
1	0.6016704034346941	0.6247197941960188	([547, 522], [547, 541, 522])
1	0.6253402582074983	0.6266225951654552	([764, 708], [764, 746, 715])
1	0.5230275004304702	0.6284088688248844	([307, 256], [307, 280, 256])
1	0.6006381836704189	0.6291048798192777	([777, 721], [777, 763, 721])
1	0.6249006220683524	0.6292366157562528	([372, 334], [372, 368, 334])
1	0.6274010029228122	0.6293451254606555	([718, 622], [718, 622, 605])
1	0.6220556401791351	0.6307074745271619	([385, 351], [385, 367, 362])
1	0.6203830004955279	0.6308033523244304	([715, 629], [750, 715, 631])
1	0.6222326280578956	0.6312303389033802	([36, 22], [36, 33, 22])
1	0.6211605613239787	0.6319247484325576	([361, 317], [361, 336, 317])
1	0.5721398516805578	0.6320675910787046	([730, 292], [730, 717, 712])
1	0.6019611960311448	0.632521458480696	([545, 513], [545, 538, 523])
1	0.6257749264732209	0.6335382886419637	([443, 317], [446, 443, 317])
1	0.6269535105442378	0.6343454064927057	([385, 325], [385, 377, 328])
1	0.626246494204146	0.6347968738689955	([383, 329], [385, 383, 333])
1	0.6306825047937442	0.6350053289336708	([751, 703], [751, 716, 703])
1	0.6161733488520399	0.6365879448749101	([517, 489], [517, 498, 489])
1	0.6274292103234038	0.6368730660295957	([513, 337], [513, 337, 327])
1	0.6305188379225684	0.6389923158883664	([207, 176], [207, 191, 185])
1	0.6283990367441397	0.6390413217078322	([521, 317], [521, 489, 486])
1	0.5823667203785008	0.6390413217078322	([523, 488], [523, 521, 486])
1	0.5790693567327658	0.6396067019720222	([292, 137], [292, 137, 116])
1	0.6395416617889904	0.6408691842415917	([788, 714], [788, 765, 710])
1	0.6365552143396039	0.6409009404044602	([520, 492], [523, 520, 492])
1	0.6365434112748151	0.6409337464673107	([513, 453], [513, 469, 459])
1	0.6318263617275216	0.6412015341692664	([481, 432], [481, 465, 432])
1	0.6048617100654955	0.6424424252191699	([718, 600], [718, 715, 631])
1	0.6420888582293	0.6425260264765787	([709, 632], [715, 709, 629])
1	0.6237458912847712	0.6432335688038028	([161, 122], [161, 156, 119])
1	0.6211184355421666	0.6433940214126436	([105, 61], [105, 87, 79])
1	0.6402490250040521	0.6455670429665187	([277, 232], [277, 253, 232])
1	0.6421597733872694	0.6457195530782657	([564, 524], [564, 539, 524])
1	0.6166632916198913	0.6457696409004445	([575, 513], [604, 581, 513])
1	0.6190373597339238	0.646336364680267	([513, 469], [513, 459, 437])
1	0.5992997578523153	0.6464981310611677	([365, 168], [365, 189, 168])
1	0.6400946980649503	0.6465356671315298	([618, 584], [618, 604, 584])
1	0.645128078978964	0.6477877168511683	([104, 47], [104, 99, 47])
1	0.6450340197825271	0.6485459903543327	([387, 331], [387, 385, 362])
1	0.6415827776097265	0.6487945199844468	([388, 335], [388, 380, 364])
1	0.6457575847718541	0.6490086900785381	([582, 529], [582, 574, 529])
1	0.645487336914454	0.6499556800066045	([707, 641], [709, 707, 632])
1	0.6432586884293491	0.6501594243110387	([721, 586], [721, 604, 586])
1	0.6273168871626188	0.650474804528003	([535, 499], [535, 516, 515])
1	0.6060601739956993	0.6510952571991343	([721, 635], [721, 634, 607])
1	0.6359401236327238	0.6519256791842752	([705, 635], [711, 705, 635])
1	0.6391405119891498	0.6521488752979122	([308, 243], [308, 261, 243])
1	0.5888276221358278	0.6527079690312003	([767, 302], [767, 724, 709])
1	0.6272864013458073	0.6532798845792795	([219, 164], [219, 198, 180])
1	0.5942403495914746	0.6535531458522187	([750, 637], [707, 702, 641])
1	0.6498810351484694	0.6545923355961525	([486, 310], [498, 486, 479])
1	0.6230649091213325	0.6548164762911803	([749, 641], [751, 712, 641])
1	0.6450122116080692	0.6561581757245434	([387, 317], [387, 381, 317])
1	0.6400293379980709	0.6567320307010143	([723, 637], [723, 713, 637])
1	0.5822861974440312	0.6569662342179021	([609, 302], [627, 609, 599])
1	0.6414358889310019	0.6583648333047463	([540, 491], [537, 519, 491])
1	0.6468661542164582	0.658365093992679	([719, 626], [719, 712, 626])
1	0.6427546627038861	0.6585171695240465	([174, 139], [174, 155, 148])
1	0.6022280037698466	0.6586239260960938	([604, 513], [581, 556, 513])
1	0.6404953558748944	0.6586330896223039	([786, 719], [786, 778, 719])
1	0.6101475716984147	0.6586907379378971	([581, 535], [581, 556, 535])
1	0.6444573359142488	0.658868166652642	([374, 214], [374, 223, 214])
1	0.6555616013946212	0.6590686943233967	([714, 638], [714, 708, 639])
1	0.6309724621817651	0.6592655661525861	([796, 706], [796, 721, 717])
1	0.6507011018409115	0.6594329009786066	([210, 151], [210, 181, 180])
1	0.6365534040212046	0.6596629821182766	([710, 609], [710, 628, 621])
1	0.6595552825054295	0.6601740392575798	([584, 527], [584, 581, 527])
1	0.649742769028697	0.6601939600057117	([759, 702], [759, 755, 702])
1	0.6341703831601242	0.6606472593050775	([513, 407], [513, 430, 407])
1	0.6468366645287323	0.6607041805332738	([745, 638], [785, 755, 702])
1	0.6598705877624452	0.6607531103196245	([310, 85], [310, 85, 55])
1	0.6469401060344153	0.6614478591344801	([599, 310], [711, 631, 310])
1	0.6597623519695709	0.6615444467344163	([750, 663], [750, 696, 664])
1	0.655804546365993	0.6618288609818448	([466, 384], [493, 486, 384])
1	0.6501595748956899	0.6620581446653829	([116, 64], [116, 109, 64])
1	0.651152673942017	0.6621041362109926	([486, 327], [486, 327, 315])
1	0.6589583559111352	0.6625094491217257	([527, 485], [527, 508, 496])
1	0.660864621973394	0.6627181627551115	([369, 284], [369, 361, 284])
1	0.6463721938604656	0.6631773784088061	([125, 29], [150, 125, 116])
1	0.6540577166602122	0.6634080091920652	([696, 310], [709, 701, 310])
1	0.6323077406064558	0.6655859645436007	([718, 522], [718, 516, 329])
1	0.6417916935595877	0.66575575479942	([536, 318], [547, 536, 531])
1	0.6577693481720545	0.6660411343234248	([641, 384], [642, 641, 384])
1	0.6463335130312307	0.6660411343234248	([697, 384], [697, 642, 384])
1	0.6612673099394655	0.6661134643453797	([613, 564], [613, 589, 585])
1	0.6617592875286308	0.6661550452362279	([786, 325], [786, 747, 325])
1	0.6485720115931389	0.6662690549100999	([223, 152], [223, 209, 198])
1	0.6647411148103254	0.6664619204751863	([513, 372], [513, 502, 372])
1	0.6591810054962299	0.666547623728897	([750, 594], [750, 624, 608])
1	0.6601365388316611	0.6666482730160082	([750, 521], [750, 521, 512])
1	0.663884045846467	0.6666482730160082	([759, 512], [759, 750, 512])
1	0.662134380023719	0.6667124797975216	([82, 33], [82, 56, 55])
1	0.6661499523679489	0.666826998156192	([758, 700], [758, 700, 643])
1	0.6668503691722483	0.667009463900643	([393, 363], [393, 386, 363])
1	0.6474439279122101	0.6670875416594828	([310, 157], [310, 157, 132])
1	0.6668035752844149	0.6675340646761956	([583, 519], [583, 559, 534])
1	0.6420514498333648	0.6675593088318794	([750, 501], [754, 750, 501])
1	0.6586639877568612	0.668217095036362	([384, 226], [384, 364, 223])
1	0.6557547104741707	0.668217095036362	([383, 223], [384, 383, 223])
1	0.6415941678285471	0.6684673625069536	([718, 688], [718, 703, 696])
1	0.6674453324840105	0.6684859019894881	([196, 111], [196, 156, 127])
1	0.6664670587697421	0.6689382128730161	([751, 493], [751, 501, 493])
1	0.664228807602432	0.6691587189471396	([757, 504], [757, 756, 504])
1	0.6693500855068395	0.6695278543375229	([162, 115], [176, 162, 115])
1	0.6676970273742713	0.6697662546858419	([775, 633], [775, 714, 633])
1	0.668134472291044	0.6703089651038838	([770, 642], [770, 642, 631])
1	0.6507594532503729	0.6705296875026177	([642, 374], [646, 642, 374])
1	0.652082016660476	0.6705296875026177	([749, 374], [749, 646, 374])
1	0.6683107826148964	0.6711043187285477	([245, 193], [254, 245, 193])
1	0.5302524075327366	0.671401723314505	([306, 153], [306, 171, 153])
1	0.667538606688472	0.6714405034001576	([275, 125], [284, 275, 125])
1	0.655978965495989	0.6715345385839611	([310, 228], [310, 255, 251])
1	0.6369987188023618	0.6716808210111785	([553, 310], [598, 565, 549])
1	0.658255260359373	0.6717419229657619	([449, 308], [449, 431, 310])
1	0.6320337149892457	0.6718594008390594	([754, 643], [758, 744, 641])
1	0.6461900625616603	0.6722168203259883	([310, 191], [310, 191, 173])
1	0.6355680900793703	0.6726173016292005	([176, 102], [162, 129, 124])
1	0.6362649464304844	0.6726918364881268	([755, 503], [756, 750, 504])
1	0.5881885561255886	0.6727691578899838	([502, 365], [502, 500, 372])
1	0.6048699055341832	0.6728030620784231	([113, 33], [116, 64, 34])
1	0.6245027519062465	0.6733010623069796	([646, 501], [642, 502, 374])
1	0.485325311269433	0.673613000083492	([299, 290], [314, 299, 290])
1	0.6715539642275116	0.6736838600740707	([793, 642], [793, 719, 642])
1	0.6708095723202622	0.6741392354466849	([750, 544], [750, 579, 559])
1	0.6295112358626771	0.6742691124021458	([512, 371], [512, 500, 381])
1	0.667567264982875	0.6743184678550426	([487, 284], [517, 492, 284])
1	0.6732677784588915	0.6744747884132329	([602, 541], [602, 578, 541])
1	0.6736577622256803	0.6746786285502825	([482, 364], [496, 482, 364])
1	0.6619819854309775	0.6746786285502825	([478, 328], [501, 496, 364])
1	0.670167543442004	0.6747646922069037	([576, 310], [576, 573, 310])
1	0.6743118672546302	0.6747712599393544	([453, 390], [453, 408, 390])
1	0.6707660914670902	0.675182247856574	([222, 32], [222, 32, 0])
1	0.6748168819209628	0.6754125170500782	([383, 35], [383, 223, 29])
1	0.6538700921283986	0.6754125170500782	([381, 29], [383, 381, 29])
1	0.661493031675142	0.6757100859704009	([254, 200], [254, 239, 238])
1	0.5602855093524229	0.6757912934065227	([306, 216], [306, 216, 195])
1	0.5774395036903697	0.6758922605919101	([477, 301], [477, 443, 437])
1	0.6272263316961899	0.6759147236252292	([702, 513], [702, 643, 513])
1	0.6481863692667991	0.6761173400011393	([647, 509], [647, 646, 503])
1	0.6715197939264098	0.676558032531852	([601, 546], [601, 572, 546])
1	0.6694765753174146	0.6768481833617913	([149, 31], [176, 149, 124])
1	0.664127043306164	0.6769291091839333	([716, 589], [716, 637, 604])
1	0.6536813350875883	0.6769643590687693	([431, 310], [481, 479, 310])
1	0.6682864991886364	0.6770403442294941	([510, 334], [510, 500, 368])
1	0.6706675974348911	0.67707478049809	([641, 539], [642, 641, 512])
1	0.49670022889864796	0.6771062928407022	([295, 283], [312, 295, 283])
1	0.6552906121495561	0.6771405010591355	([206, 145], [206, 180, 153])
1	0.6724124886218225	0.6771528111435074	([198, 113], [198, 157, 113])
1	0.6753125794870639	0.6772061998601496	([643, 317], [678, 672, 317])
1	0.6224747375646001	0.6773685034524568	([431, 317], [431, 411, 317])
1	0.6276002713992116	0.6776994820600694	([374, 223], [383, 377, 223])
1	0.6362979818126222	0.6778939069526937	([501, 364], [512, 501, 333])
1	0.609686051144013	0.6779631305046396	([513, 327], [513, 372, 371])
1	0.6759762859394413	0.6780658891953741	([200, 124], [200, 181, 124])
1	0.647453152206545	0.6781281388064541	([513, 389], [513, 389, 387])
1	0.6385131556282625	0.6783724045637334	([642, 385], [642, 384, 379])
1	0.6556197058286527	0.6784452962067531	([677, 374], [677, 650, 374])
1	0.6752829392760208	0.6785105991113703	([726, 598], [726, 720, 598])
1	0.6699381904378813	0.6786031021491453	([317, 65], [317, 65, 47])
1	0.667051066968426	0.6786562005982882	([310, 209], [310, 209, 194])
1	0.6677227082061726	0.6786858584024076	([220, 148], [220, 178, 148])
1	0.6101093286115472	0.6788273235376242	([513, 435], [516, 481, 477])
1	0.6610190162260725	0.6788683760718202	([579, 486], [579, 522, 486])
1	0.6189179202029663	0.6791961342329357	([310, 41], [310, 232, 209])
1	0.6630162797001355	0.6792111959221375	([703, 528], [703, 702, 513])
1	0.6217414736784208	0.6792111959221375	([770, 513], [749, 703, 513])
1	0.6211624315276871	0.6792377915688876	([486, 317], [493, 438, 432])
1	0.678706909096408	0.679518479189864	([707, 284], [711, 707, 284])
1	0.6676914004394737	0.679518479189864	([633, 284], [766, 711, 284])
1	0.605200560862415	0.679554787548036	([375, 317], [391, 381, 317])
1	0.6593864981241102	0.6796408569324568	([527, 387], [527, 513, 506])
1	0.663609149137761	0.6797082055392261	([763, 364], [763, 754, 364])
1	0.6782044044598681	0.6797254806935903	([463, 385], [463, 446, 436])
1	0.5743100917785268	0.6797732533906616	([503, 374], [513, 407, 389])
1	0.6587622377483152	0.6798276181952526	([549, 284], [552, 551, 317])
1	0.6499710157601285	0.6798591268322804	([425, 374], [420, 386, 374])
1	0.6458708859693063	0.6798909477775108	([517, 284], [551, 522, 284])
1	0.676330624438055	0.6799700611845613	([239, 150], [239, 182, 178])
1	0.6631742249714463	0.6800348029830046	([507, 380], [500, 497, 374])
1	0.6700149848862541	0.6800829898243954	([758, 495], [758, 643, 495])
1	0.6590076491163508	0.680305353455975	([123, 58], [123, 105, 58])
1	0.6595336668185959	0.6806019557085333	([727, 596], [727, 710, 597])
1	0.6801926379198088	0.6808499146400788	([718, 436], [718, 436, 432])
1	0.6733697361068696	0.680944874547847	([202, 139], [202, 175, 139])
1	0.6777624447116557	0.6810106749299113	([457, 382], [457, 442, 401])
1	0.6636885040122298	0.6810703386846908	([274, 194], [249, 243, 194])
1	0.6722004842200849	0.6813500336326747	([761, 617], [761, 704, 617])
1	0.5964239223098735	0.6814614154208838	([642, 512], [755, 503, 502])
1	0.6784548365319338	0.6815859999561177	([224, 4], [374, 224, 214])
1	0.67701225916867	0.6815859999561177	([336, 224], [374, 336, 224])
1	0.6646344087653377	0.6816977505244521	([701, 500], [757, 701, 500])
1	0.6725619534516774	0.6818858523586162	([721, 484], [721, 512, 498])
1	0.6766480453273451	0.6819332789390402	([410, 325], [433, 422, 325])
1	0.6806756839083666	0.6819483182499159	([145, 30], [176, 148, 145])
1	0.6784060444944747	0.6821071329377546	([685, 513], [695, 685, 513])
1	0.676762871312401	0.682251433779848	([253, 199], [253, 232, 199])
1	0.6806705127232492	0.6822665180582775	([551, 479], [551, 522, 479])
1	0.6715077137320743	0.6823171050642148	([382, 250], [385, 382, 34])
1	0.6670732109115874	0.6823171050642148	([385, 34], [531, 382, 34])
1	0.6778647013324008	0.6823981724734174	([144, 32], [154, 144, 126])
1	0.6504339081266279	0.682489636299627	([514, 384], [531, 514, 382])
1	0.6728747795957688	0.6825706096034845	([241, 189], [241, 228, 189])
1	0.6573314338537276	0.6827156228756152	([425, 284], [416, 411, 317])
1	0.6412015894058477	0.6828115205130173	([796, 625], [796, 715, 624])
1	0.6580823038778186	0.6828355843945696	([714, 610], [716, 714, 610])
1	0.6783488886422853	0.682916212309398	([317, 190], [317, 190, 159])
1	0.4963134278862486	0.682962983438771	([303, 287], [314, 303, 287])
1	0.6792920202899103	0.6830034845944084	([335, 221], [374, 366, 221])
1	0.6497314653936548	0.68309351854874	([284, 132], [284, 125, 95])
1	0.679758716474286	0.6831475704646717	([734, 613], [734, 714, 613])
1	0.6520651178324575	0.6832483660647974	([654, 310], [654, 639, 310])
1	0.6425923904581721	0.6832596774896775	([718, 492], [718, 572, 540])
1	0.6794883129025933	0.6834156597882906	([125, 40], [125, 100, 44])
1	0.6463604655644148	0.6836532541202096	([487, 288], [487, 325, 288])
1	0.6456742899307468	0.6838753834086732	([525, 463], [525, 501, 463])
1	0.6554328614908438	0.6840215215656944	([126, 71], [126, 109, 71])
1	0.6805290478330017	0.6840355803978796	([748, 644], [748, 745, 644])
1	0.6732631714327726	0.684048516469983	([218, 28], [219, 218, 29])
1	0.6566222602956513	0.6840639458622848	([796, 313], [796, 710, 313])
1	0.6803143151380149	0.6840994016578328	([233, 177], [233, 178, 177])
1	0.6792290561622105	0.6844614846135988	([630, 316], [710, 630, 317])
1	0.6633134366617632	0.6845384443895361	([704, 588], [704, 617, 611])
1	0.5805365028659827	0.6847369171881231	([536, 365], [560, 536, 515])
1	0.6721408394804333	0.6848308133459582	([537, 440], [537, 472, 440])
1	0.6347886971073463	0.6848383335635133	([219, 29], [224, 218, 29])
1	0.6591418372312646	0.6849022910832808	([753, 284], [611, 590, 284])
1	0.6824552883755862	0.684953047693568	([718, 125], [718, 180, 125])
1	0.6415992744564858	0.685030286949108	([433, 325], [410, 406, 325])
1	0.6717771713419697	0.6850370687928006	([426, 331], [426, 400, 284])
1	0.6704566724558219	0.685050039486124	([236, 184], [236, 210, 184])
1	0.6752092099468178	0.6851287746724374	([246, 171], [246, 228, 189])
1	0.5999006790389986	0.6852058861975897	([767, 310], [523, 432, 317])
1	0.6613349891409463	0.6852316833993561	([176, 30], [131, 116, 31])
1	0.6759249971339738	0.6852813799897167	([385, 228], [385, 325, 226])
1	0.6130859985100201	0.6852813799897167	([364, 219], [385, 384, 226])
1	0.6723377513462246	0.6853367120381075	([284, 170], [317, 284, 170])
1	0.670543148305844	0.6853658982334613	([663, 384], [697, 663, 644])
1	0.648048401637752	0.6854758175523982	([531, 382], [514, 496, 382])
1	0.634326550443876	0.6855692319094748	([220, 7], [220, 218, 28])
1	0.6853604051764216	0.685684268361006	([462, 374], [462, 435, 374])
1	0.6096649776836007	0.6857259677974734	([718, 321], [718, 521, 516])
1	0.677780885306452	0.6857581271381796	([328, 266], [328, 313, 287])
1	0.6659518844103817	0.6859992425832085	([752, 614], [752, 716, 614])
1	0.6786927550777805	0.686022568780303	([586, 325], [636, 603, 602])
1	0.6334021137261635	0.6860320596961141	([718, 406], [718, 492, 464])
1	0.6566124373425739	0.6861705711934636	([240, 162], [240, 198, 193])
1	0.6849459305923628	0.6862813522680798	([791, 492], [791, 710, 492])
1	0.6645036203066468	0.6863104903317432	([382, 24], [382, 34, 24])
1	0.6863157689714002	0.6863168155993168	([247, 111], [247, 156, 119])
1	0.6355873647688263	0.6863253829756658	([284, 75], [284, 45, 37])
1	0.6490016509694768	0.6865338466311149	([230, 176], [237, 230, 176])
1	0.6762049750672359	0.6865338466311149	([256, 176], [256, 237, 176])
1	0.670914175377686	0.6865492508777165	([219, 149], [219, 209, 149])
1	0.6571358593392744	0.6865893555851152	([594, 489], [611, 522, 489])
1	0.6699250476896385	0.6866193339224205	([317, 33], [317, 284, 95])
1	0.6542704701627757	0.6867068149840411	([163, 33], [152, 114, 107])
1	0.6673676765811565	0.6868393019672058	([460, 284], [457, 456, 382])
1	0.6716336881008876	0.6873364346765612	([603, 524], [603, 561, 538])
1	0.6803156999861321	0.6874380275250367	([318, 131], [317, 159, 136])
1	0.6620020798504527	0.6878140969853185	([437, 318], [437, 416, 317])
1	0.6650813253529431	0.6881139046808311	([317, 159], [284, 158, 132])
1	0.6668142540505363	0.6883333419504549	([240, 94], [279, 240, 109])
1	0.680027148783959	0.6883760853934888	([166, 99], [166, 155, 99])
1	0.6789757226501251	0.6886247093332537	([257, 166], [257, 256, 175])
1	0.6710397017465065	0.6886247093332537	([311, 175], [311, 257, 175])
1	0.6820799109232631	0.6886989757323995	([707, 385], [707, 696, 385])
1	0.6880469818427073	0.6888483634879646	([489, 410], [489, 439, 436])
1	0.6506393587709232	0.688893084781836	([721, 336], [721, 496, 484])
1	0.5821522777589156	0.688893084781836	([755, 365], [721, 718, 496])
1	0.677849849851804	0.6893290774259359	([645, 507], [645, 643, 513])
1	0.6776415630787445	0.6893881986865948	([154, 32], [149, 144, 32])
1	0.682934985316087	0.6895564372003069	([671, 498], [671, 648, 498])
1	0.6496039671875526	0.6901198267901609	([317, 220], [317, 240, 226])
1	0.6413471587178302	0.6902279788740849	([672, 317], [643, 495, 317])
1	0.6170889530601227	0.690368877870735	([770, 317], [597, 578, 317])
1	0.6901664828353	0.6905253807438024	([382, 178], [382, 364, 222])
1	0.6743873206817033	0.690572611648245	([221, 31], [221, 218, 28])
1	0.6879657295604551	0.6908605120995571	([698, 506], [698, 641, 506])
1	0.6379307065553962	0.691031411739966	([721, 552], [721, 561, 527])
1	0.6580467037813906	0.6912871440931347	([325, 190], [385, 229, 226])
1	0.6644478540136546	0.6913798701778853	([513, 31], [513, 222, 214])
1	0.6316685244987175	0.6914637292284773	([436, 327], [513, 444, 425])
1	0.6903104111278952	0.691480327108219	([250, 105], [250, 157, 105])
1	0.6774364637325746	0.691560606325978	([394, 327], [394, 359, 327])
1	0.6821819015166676	0.6918572839477649	([768, 599], [775, 714, 610])
1	0.6557286447098613	0.6919153377092309	([284, 202], [278, 277, 219])
1	0.6479553421109168	0.6919411485532541	([190, 34], [190, 132, 124])
1	0.6572742240930424	0.6921433123891799	([697, 366], [645, 385, 366])
1	0.6520034161473953	0.692165125710515	([566, 374], [566, 539, 374])
1	0.6778835756496844	0.6922171426581631	([607, 551], [607, 591, 551])
1	0.6495807386735488	0.6923586052897883	([498, 310], [631, 592, 486])
1	0.605027204964519	0.6924044305508609	([374, 6], [219, 149, 28])
1	0.6817306735549136	0.69242924577293	([216, 129], [219, 216, 129])
1	0.6902864919525118	0.6924727771998097	([794, 494], [763, 494, 364])
1	0.6884126719949474	0.6925029910608137	([260, 84], [317, 260, 251])
1	0.6621708510492321	0.692532841530841	([247, 156], [257, 247, 156])
1	0.6708922930148187	0.6932150388914071	([374, 140], [374, 173, 124])
1	0.689581743719649	0.6933526729986365	([176, 71], [176, 102, 71])
1	0.6913366474210669	0.6933588002743086	([175, 72], [175, 72, 35])
1	0.6930115491729094	0.6934181877198801	([606, 520], [606, 561, 549])
1	0.6751003039105388	0.6935674051984088	([715, 383], [715, 714, 383])
1	0.6826756431726699	0.6937440391757331	([508, 335], [513, 508, 369])
1	0.6731835857818496	0.6937672108413238	([792, 311], [792, 766, 311])
1	0.6868406171947667	0.6937728800641686	([718, 161], [718, 161, 130])
1	0.6867446341835489	0.693793504579919	([425, 335], [454, 425, 401])
1	0.6896014634212333	0.6938757114636924	([308, 234], [308, 243, 235])
1	0.6808246016786113	0.694012549983565	([755, 585], [755, 585, 512])
1	0.6864671702760093	0.6942189891111104	([613, 525], [613, 598, 513])
1	0.6843863212318891	0.6942641572277591	([156, 49], [156, 119, 49])
1	0.6745171324558009	0.6943708637933215	([188, 29], [219, 182, 29])
1	0.689737906437139	0.6944829624557625	([500, 330], [500, 368, 367])
1	0.689792343152165	0.6946808476125121	([681, 634], [681, 656, 634])
1	0.6444851994338296	0.6946873609205059	([540, 383], [540, 514, 489])
1	0.675415696234969	0.6947928940777254	([374, 283], [363, 338, 304])
1	0.6736791719444244	0.6948592057440951	([642, 537], [648, 642, 537])
1	0.6615413857756439	0.6950849784989063	([639, 538], [618, 582, 542])
1	0.6165238281520244	0.6950909827673973	([284, 19], [317, 255, 159])
1	0.6694444195752127	0.695190846647643	([236, 143], [236, 223, 143])
1	0.6515433012324842	0.6952404626035742	([245, 99], [245, 243, 160])
1	0.6737237829846398	0.6952597073943335	([458, 393], [458, 412, 393])
1	0.6496451654989258	0.6952932362320493	([385, 278], [385, 325, 279])
1	0.6881526859213284	0.6954127263627311	([597, 468], [566, 513, 468])
1	0.6653476691665166	0.6958348767346721	([746, 328], [746, 643, 495])
1	0.6791544134719857	0.6959485014349646	([783, 384], [783, 717, 640])
1	0.6949181724843541	0.6960085601385987	([232, 25], [232, 221, 25])
1	0.6600920056028518	0.6960340259985728	([383, 149], [383, 149, 148])
1	0.6884506069389866	0.6960610142924742	([625, 468], [625, 611, 468])
1	0.6662129515947298	0.6961220070361945	([310, 24], [310, 40, 24])
1	0.6697701939573408	0.6963202860732298	([648, 375], [648, 498, 317])
1	0.6550547511659929	0.6963278082231353	([513, 114], [513, 114, 113])
1	0.6670691479147445	0.6963312807105232	([269, 172], [317, 269, 120])
1	0.6758103726576937	0.6965406787192951	([364, 33], [364, 219, 33])
1	0.6780031354941778	0.6967219126919939	([254, 33], [317, 279, 33])
1	0.6741116544680333	0.6967829628462983	([609, 534], [609, 588, 534])
1	0.6810011062012223	0.6968511311233652	([512, 452], [513, 512, 452])
1	0.6886229080527148	0.6968895142278263	([607, 462], [607, 581, 513])
1	0.679897134666697	0.6971419453906997	([532, 478], [532, 521, 478])
1	0.6568417976756885	0.6973817328402059	([459, 335], [459, 409, 388])
1	0.6971268027846775	0.6974623700247362	([498, 363], [506, 498, 363])
1	0.6750872749887796	0.697480666442598	([511, 375], [511, 497, 381])
1	0.6890715355019338	0.6975827897318931	([705, 327], [776, 765, 327])
1	0.6843326101214087	0.6976415135571938	([666, 618], [677, 666, 618])
1	0.6516401234760243	0.6979202774050604	([531, 34], [385, 175, 35])
1	0.6776243133940326	0.698147580860184	([384, 9], [223, 29, 24])
1	0.6744608749422083	0.6982098318475152	([238, 116], [243, 238, 120])
1	0.6857774116017343	0.6982283043444062	([513, 159], [513, 159, 158])
1	0.6891113694991041	0.6982687194872821	([522, 385], [522, 505, 492])
1	0.6235685037378601	0.69837911728619	([716, 325], [786, 766, 316])
1	0.6818096862872012	0.6985938544709296	([562, 463], [562, 521, 513])
1	0.667268061417795	0.6988229002670611	([141, 41], [141, 126, 41])
1	0.5903689119709662	0.6988710102797654	([544, 302], [609, 544, 534])
1	0.6815636840750883	0.698965358076776	([152, 65], [152, 114, 65])
1	0.6984121293284208	0.6990572220444491	([650, 460], [650, 460, 385])
1	0.6917218498419935	0.6990777629390057	([770, 304], [770, 317, 287])
1	0.6889602259281645	0.6991675882394845	([721, 459], [721, 482, 459])
1	0.6979927230911919	0.6992520036936067	([328, 130], [328, 130, 0])
1	0.6819650844116828	0.6994553137900368	([175, 0], [175, 31, 30])
1	0.6991634800000509	0.6994672293653701	([266, 110], [266, 247, 110])
1	0.6212379802172135	0.6994681127369821	([150, 29], [218, 148, 141])
1	0.6686665735959872	0.6994909963871677	([318, 163], [318, 276, 163])
1	0.6657851264337116	0.6995454903736439	([358, 310], [358, 329, 317])
1	0.695982095526693	0.6995471587771852	([368, 5], [370, 368, 5])
1	0.6918060250437179	0.6996704815576631	([513, 257], [513, 276, 257])
1	0.6546053841232078	0.6996943946721482	([513, 214], [385, 370, 31])
1	0.6598902634640754	0.6998194523899791	([501, 220], [643, 501, 220])
1	0.6960719966887454	0.7000511891179211	([752, 650], [752, 705, 699])
1	0.6809155774554965	0.7001392846795735	([248, 47], [246, 113, 47])
1	0.6999046343340702	0.700410457222635	([616, 537], [616, 591, 542])
1	0.6986881707345338	0.700433884362556	([779, 489], [779, 731, 706])
1	0.6884608402288708	0.7006939851533048	([606, 488], [631, 606, 592])
1	0.6951946319078909	0.7007386109485649	([158, 44], [158, 125, 102])
1	0.6708100292749269	0.7008937180066628	([264, 206], [264, 206, 194])
1	0.699022179737003	0.700937416133911	([604, 308], [750, 604, 594])
1	0.6533516521178729	0.7009697813593243	([241, 123], [241, 171, 163])
1	0.6841670548803577	0.7009883595352194	([277, 122], [277, 250, 122])
1	0.6984390913311901	0.7010893339614652	([513, 77], [513, 77, 44])
1	0.6349654986435818	0.7013510628678501	([493, 384], [514, 493, 485])
1	0.6904733823175794	0.701391472916397	([572, 487], [572, 546, 487])
1	0.6967037338117755	0.7014118687031602	([505, 308], [537, 534, 308])
1	0.6726127897753619	0.7015791374140955	([308, 0], [308, 131, 0])
1	0.6635809079754394	0.7016487372852525	([384, 253], [384, 266, 226])
1	0.6746548213773927	0.7016825104870267	([541, 325], [603, 541, 524])
1	0.7006589212557662	0.7016964102081942	([199, 110], [199, 159, 110])
1	0.6849809352603231	0.7017477496755801	([505, 385], [648, 505, 385])
1	0.6837596889436499	0.7017725130836473	([568, 474], [569, 546, 487])
1	0.6887808837237094	0.7017729565438987	([775, 493], [791, 775, 493])
1	0.692024690031945	0.7018267217192906	([637, 493], [637, 513, 493])
1	0.6864202307577769	0.7018322614637758	([252, 35], [252, 235, 35])
1	0.663884299503681	0.7019897006175648	([718, 30], [718, 71, 30])
1	0.6937301962823809	0.7020705139797058	([182, 39], [182, 39, 33])
1	0.6872347592508474	0.7021918735943794	([278, 20], [278, 119, 114])
1	0.6827111483067986	0.7021918735943794	([278, 114], [278, 156, 119])
1	0.6806312682531116	0.7022698332880766	([718, 180], [718, 107, 90])
1	0.6840981725297255	0.7023191611036143	([288, 161], [268, 244, 241])
1	0.6656489081537137	0.7023789817162774	([593, 484], [721, 593, 567])
1	0.6740879574217691	0.7024233280746645	([758, 540], [758, 540, 495])
1	0.6201923986009403	0.7024985674610913	([308, 163], [308, 243, 120])
1	0.6846789863817625	0.7025074823417526	([714, 515], [707, 624, 513])
1	0.6780618673495071	0.7026975587207124	([752, 581], [752, 614, 581])
1	0.7017594343555581	0.7027882922607688	([200, 32], [200, 125, 32])
1	0.682206791952645	0.7028054956036471	([745, 582], [745, 613, 582])
1	0.7006239574489168	0.7028120440291483	([582, 454], [582, 568, 454])
1	0.6800034592761752	0.7029040263363069	([232, 92], [238, 116, 92])
1	0.6655512934767103	0.7029259981134415	([638, 529], [721, 638, 604])
1	0.6922583428966431	0.7030857324202676	([537, 308], [604, 575, 308])
1	0.691741051180179	0.7030923305838854	([585, 329], [585, 513, 474])
1	0.690275052701391	0.7031291149762742	([713, 494], [721, 713, 494])
1	0.693475487735332	0.7032194642552717	([596, 467], [596, 569, 474])
1	0.7000583144974335	0.7032205745496584	([252, 115], [252, 230, 227])
1	0.7025031969641241	0.7034957485408284	([162, 42], [162, 42, 38])
1	0.7012361949659951	0.7036020978367339	([408, 316], [432, 408, 316])
1	0.5745176573495083	0.7037170229443196	([560, 365], [536, 514, 382])
1	0.6984475940451074	0.7037622683833941	([582, 421], [582, 454, 453])
1	0.6947444439322865	0.7040160711984714	([663, 335], [695, 503, 335])
1	0.6915788417616608	0.7041367827507435	([718, 224], [718, 230, 224])
1	0.571478234928893	0.7041546001235285	([365, 222], [375, 365, 222])
1	0.6904560945329192	0.7041785670778942	([701, 382], [701, 640, 382])
1	0.6857321797571172	0.7043470563220212	([142, 70], [154, 142, 70])
1	0.6998591189857978	0.7044668946244952	([142, 26], [148, 142, 26])
1	0.6819419085382185	0.7045509273098102	([248, 121], [248, 121, 109])
1	0.6765234107296237	0.7045660256364866	([718, 277], [718, 273, 238])
1	0.6614931512251094	0.7046082082187852	([328, 25], [328, 275, 249])
1	0.6778593772512831	0.7047422166706234	([637, 304], [637, 304, 285])
1	0.6831043384341129	0.7048239433444576	([288, 49], [317, 288, 68])
1	0.6935945365651691	0.7048392093336637	([509, 325], [509, 377, 374])
1	0.6763424238573924	0.7048535415691324	([330, 219], [330, 315, 278])
1	0.681110300637135	0.7049477212927109	([721, 265], [721, 336, 252])
1	0.6773383536953609	0.7049556634166344	([225, 15], [225, 222, 6])
1	0.700563097891433	0.7049646336963847	([185, 81], [185, 118, 81])
1	0.6892260081826831	0.7051320707333366	([418, 326], [418, 390, 326])
1	0.6972350196408679	0.7052899854361172	([731, 489], [731, 710, 489])
1	0.6976159746536059	0.7053374262093116	([750, 490], [750, 490, 486])
1	0.7005464441583416	0.7055988821548609	([433, 315], [433, 431, 308])
1	0.6287984664388693	0.7056378467400483	([500, 31], [500, 374, 28])
1	0.6879149914775423	0.7060418614414193	([368, 318], [368, 347, 318])
1	0.5302410978893725	0.7060761562364	([297, 96], [297, 117, 96])
1	0.7006093458965582	0.7061527676996437	([385, 112], [385, 278, 114])
1	0.6556141906752645	0.7061644327009005	([718, 67], [718, 324, 277])
1	0.7057996402574213	0.7065193458908314	([184, 37], [184, 159, 34])
1	0.6830500088767052	0.7065208467959958	([325, 47], [325, 47, 35])
1	0.7061421723035554	0.7065208467959958	([318, 35], [325, 318, 35])
1	0.6611456831867363	0.7066072398788352	([745, 335], [745, 695, 513])
1	0.6937347501297824	0.7067421963323333	([326, 34], [326, 279, 34])
1	0.6739995189717786	0.7068197817848983	([235, 30], [235, 219, 23])
1	0.6241338664131124	0.7068534468923295	([750, 308], [537, 472, 308])
1	0.6736836458890169	0.7069520480280138	([260, 118], [274, 260, 118])
1	0.703920701708652	0.7070264226845178	([512, 12], [513, 512, 12])
1	0.683167961808816	0.7074384890215901	([374, 71], [374, 142, 135])
1	0.7025342708640719	0.7074384890215901	([363, 142], [374, 363, 142])
1	0.6991366663426056	0.7076317439919289	([191, 90], [191, 154, 90])
1	0.5306615988673954	0.7077188258245832	([443, 301], [445, 433, 315])
1	0.6935392029106489	0.7082400203401947	([606, 328], [722, 606, 587])
1	0.7040352719371897	0.7083250645842072	([318, 83], [318, 277, 83])
1	0.6985500763310375	0.7087835696922461	([247, 46], [247, 110, 88])
1	0.7050804762428534	0.708990755920266	([723, 543], [723, 634, 601])
1	0.6941856610383212	0.7090162529211921	([726, 573], [726, 598, 597])
1	0.7042916156721152	0.7091735385464976	([752, 366], [752, 697, 650])
1	0.7055023940248345	0.7093521812258173	([713, 520], [770, 713, 520])
1	0.7038262245618733	0.7095046809375013	([221, 83], [221, 83, 13])
1	0.7094795560561927	0.7096179465889342	([325, 77], [325, 109, 77])
1	0.6933415878211125	0.709770170341827	([266, 188], [266, 188, 110])
1	0.7008205876379584	0.7097957393660899	([194, 89], [194, 164, 116])
1	0.6851309853113144	0.7098128913237906	([285, 193], [285, 265, 193])
1	0.6958125074379061	0.7098128913237906	([721, 193], [721, 265, 193])
1	0.6490134253224102	0.7098777830973457	([382, 146], [382, 220, 178])
1	0.7042449033243207	0.7100257547171501	([165, 25], [165, 150, 25])
1	0.7039025239946941	0.7102909912680567	([760, 385], [760, 639, 385])
1	0.7045022558164334	0.7103663740951809	([612, 473], [612, 593, 484])
1	0.6808762083891078	0.7106992310364583	([709, 483], [709, 493, 483])
1	0.7078055265343187	0.7108731743021609	([699, 392], [699, 392, 325])
1	0.7038174468540289	0.7108731743021609	([699, 334], [699, 673, 325])
1	0.7016419542471294	0.7108731743021609	([674, 325], [713, 699, 325])
1	0.7039596903439485	0.7109278681328931	([178, 4], [220, 178, 4])
1	0.7038471079897194	0.7113761457881985	([207, 91], [207, 163, 91])
1	0.7067346691961286	0.7115591181050123	([327, 43], [327, 316, 48])
1	0.6842406068333584	0.7118614420619007	([529, 316], [529, 521, 316])
1	0.709918527362737	0.712081096027404	([541, 456], [559, 541, 456])
1	0.7102492371196804	0.7120862700509448	([304, 224], [304, 244, 234])
1	0.6789685956345843	0.7121418660611549	([555, 384], [555, 514, 384])
1	0.7103793602903937	0.7121479508337659	([466, 281], [466, 327, 318])
1	0.7110860650491226	0.7121784284536029	([626, 318], [626, 604, 318])
1	0.7110803529954326	0.7122478801091435	([729, 488], [729, 630, 488])
1	0.7115204631286552	0.712312726130427	([455, 350], [455, 401, 385])
1	0.6959318912889585	0.712339412832146	([489, 320], [489, 331, 320])
1	0.689389902068969	0.712339412832146	([489, 254], [489, 462, 331])
1	0.6980462498946968	0.7123987865363475	([535, 333], [535, 511, 333])
1	0.5292767608204849	0.7126825953937437	([306, 275], [306, 282, 275])
1	0.7125946022343165	0.7129836328677538	([254, 103], [254, 156, 154])
1	0.6519967164105829	0.7130132805941207	([200, 70], [200, 167, 70])
1	0.673136660321427	0.7130700227737151	([717, 519], [717, 597, 565])
1	0.7102948076493408	0.7132395452143067	([603, 440], [603, 440, 422])
1	0.7087689931260247	0.7134234586959356	([516, 311], [631, 516, 486])
1	0.6834657346565262	0.7134414310342471	([618, 458], [618, 582, 458])
1	0.6903663082347772	0.7135180272875172	([327, 94], [327, 97, 94])
1	0.6893194648594934	0.7135778597278107	([383, 11], [383, 29, 11])
1	0.6448685309038417	0.7136487481688492	([655, 383], [644, 638, 387])
1	0.6610422481463667	0.713705889101395	([250, 34], [250, 242, 34])
1	0.6753729710250594	0.7137684354104646	([364, 174], [364, 225, 174])
1	0.6752280717345416	0.7139850628806955	([765, 327], [706, 382, 327])
1	0.6840384327885984	0.713996400463801	([421, 304], [421, 397, 304])
1	0.7075466223668645	0.7141771327083011	([590, 439], [590, 439, 325])
1	0.6881002069953563	0.7143900925706782	([593, 444], [593, 484, 444])
1	0.6980286228227659	0.7144495215311818	([695, 462], [695, 462, 331])
1	0.6888351894971708	0.7146597670144341	([793, 677], [793, 702, 677])
1	0.7115228431267976	0.7152107869087144	([430, 342], [430, 342, 327])
1	0.7152923845771302	0.7153979316732261	([304, 134], [304, 134, 118])
1	0.7127565907933769	0.7154702113893399	([693, 527], [693, 643, 527])
1	0.7066086941819623	0.7156123226217241	([646, 532], [646, 639, 532])
1	0.7031362145721808	0.7156527695253011	([185, 17], [374, 185, 17])
1	0.7137788628986778	0.7156694954845911	([724, 308], [750, 724, 625])
1	0.6912082534618811	0.7157466544341611	([585, 411], [585, 474, 408])
1	0.7155273063384545	0.7164102857376166	([267, 203], [267, 203, 192])
1	0.713922448003832	0.7167366294353934	([569, 414], [569, 482, 430])
1	0.7101086814832575	0.7170089614177132	([524, 426], [524, 513, 435])
1	0.7102280590173361	0.7173191925289467	([239, 102], [239, 165, 144])
1	0.7075312002688618	0.7173372904933071	([761, 527], [761, 618, 527])
1	0.7138324927730222	0.7174615407234453	([206, 40], [218, 206, 40])
1	0.7171756956189496	0.7176506765581611	([241, 62], [241, 97, 34])
1	0.6919203336329586	0.7177109172148143	([750, 31], [750, 146, 129])
1	0.7013479403786271	0.7178566474522245	([497, 33], [509, 497, 33])
1	0.5742823434551744	0.7178985696337974	([301, 155], [301, 249, 155])
1	0.6760521551684946	0.7179169710545495	([384, 163], [384, 223, 199])
1	0.7163994428778463	0.7179374283940158	([720, 526], [720, 704, 526])
1	0.6937665767090025	0.7184948850421774	([721, 65], [721, 113, 65])
1	0.6994117427960534	0.7185338060162976	([565, 465], [565, 465, 385])
1	0.6717463746670123	0.718563459627667	([304, 50], [310, 304, 41])
1	0.6854184868783304	0.7187606202436624	([279, 174], [279, 174, 169])
1	0.7182059351361365	0.718928126662548	([548, 452], [575, 548, 452])
1	0.700175528314565	0.7192218578041627	([252, 93], [269, 252, 93])
1	0.7065793530795804	0.719313006875522	([286, 123], [286, 274, 123])
1	0.694592608192688	0.7194908791939035	([328, 52], [328, 52, 22])
1	0.7075070943171266	0.7195903576738849	([382, 104], [382, 104, 22])
1	0.6945631213360492	0.7195993380135289	([794, 280], [794, 325, 280])
1	0.7019619376421806	0.7196961681221185	([442, 311], [442, 336, 325])
1	0.7179122609569532	0.7197819451066393	([372, 8], [372, 220, 28])
1	0.712062081961677	0.7198636337337861	([482, 278], [482, 327, 320])
1	0.7132585977143537	0.7199304523939037	([627, 288], [796, 729, 315])
1	0.7181472671902471	0.7200885603463004	([217, 86], [217, 192, 86])
1	0.7091369253400513	0.72013808902767	([281, 63], [281, 260, 118])
1	0.6824712327383974	0.7203761127483826	([688, 539], [688, 674, 536])
1	0.6856549435517758	0.7205255406340593	([364, 137], [364, 174, 162])
1	0.7152590021270657	0.7206128025109032	([716, 437], [716, 606, 437])
1	0.7068006738625222	0.7206167310025071	([470, 386], [470, 457, 425])
1	0.7027172937020327	0.7206609535506338	([702, 332], [702, 495, 332])
1	0.6989709291976335	0.7206806595101557	([309, 181], [309, 252, 250])
1	0.7118980589181916	0.7207693462123276	([344, 309], [344, 329, 326])
1	0.7036171039802451	0.7209022200220324	([546, 438], [546, 523, 487])
1	0.7148822114667511	0.7210355439162323	([255, 39], [278, 255, 39])
1	0.7162039351410622	0.7211160989271714	([304, 90], [304, 99, 90])
1	0.7170916745280278	0.7212231514181043	([675, 364], [675, 645, 364])
1	0.7039378221302256	0.7214757146430472	([588, 382], [588, 534, 531])
1	0.6913436154666234	0.7215288946181131	([265, 135], [265, 196, 156])
1	0.5649264646089057	0.7215421441840129	([617, 292], [712, 617, 591])
1	0.699936135104047	0.7217736343056981	([788, 335], [788, 335, 327])
1	0.7200951525138654	0.7221069393319023	([230, 17], [230, 138, 13])
1	0.7130537693083769	0.7221164759402262	([201, 98], [201, 146, 125])
1	0.705958892774717	0.7222520854467491	([659, 29], [699, 659, 29])
1	0.7071278614643415	0.7222666555126885	([271, 52], [271, 170, 157])
1	0.6839877710515444	0.7224038761636853	([244, 76], [244, 107, 104])
1	0.7004598329368866	0.7224259207657907	([538, 398], [565, 538, 519])
1	0.7220334462983169	0.7224467155911193	([464, 356], [464, 408, 356])
1	0.6993929883701427	0.7224801299780226	([795, 511], [795, 718, 492])
1	0.7120554450628636	0.7224924315928863	([289, 43], [289, 259, 43])
1	0.7166210167986047	0.7226758712450064	([496, 304], [641, 637, 304])
1	0.6945287995567818	0.723007484386556	([328, 92], [328, 130, 112])
1	0.7099742478055593	0.7230379914216823	([698, 333], [698, 509, 384])
1	0.7211035616422976	0.7230562876997151	([333, 239], [366, 333, 325])
1	0.7227731902254725	0.7230707575998542	([622, 335], [647, 637, 335])
1	0.6792481049576388	0.7231511517623822	([776, 363], [776, 751, 363])
1	0.7206821782357983	0.7231951218014359	([441, 330], [441, 408, 330])
1	0.6694554678598117	0.7236515166762062	([578, 328], [578, 521, 328])
1	0.7187815291732109	0.7238686898278986	([665, 175], [665, 661, 175])
1	0.7203659908977348	0.723962446570173	([237, 57], [237, 57, 36])
1	0.6451299836863855	0.7241424654730648	([383, 288], [383, 324, 274])
1	0.7018450731760514	0.7245500149027825	([123, 21], [152, 123, 21])
1	0.7060766401450304	0.7247428958266913	([114, 18], [114, 38, 29])
1	0.7055536155200653	0.7248875677238118	([725, 450], [725, 626, 591])
1	0.7038801360515545	0.7250770342775102	([579, 433], [586, 579, 433])
1	0.7247469929235717	0.7250947162407914	([511, 219], [585, 511, 219])
1	0.5907343288582676	0.7251939875053228	([404, 302], [719, 609, 404])
1	0.5225227432164827	0.7252539757081906	([297, 54], [297, 96, 54])
1	0.7204419859379029	0.7254313900339091	([332, 151], [375, 151, 27])
1	0.6769573171868991	0.7256639707350938	([384, 67], [384, 90, 67])
1	0.7180679475833921	0.7257721470268704	([387, 164], [387, 382, 145])
1	0.715797721844035	0.7258096154336852	([703, 559], [703, 589, 559])
1	0.7156472783801012	0.7260394476656746	([560, 473], [560, 519, 473])
1	0.7084652821967504	0.7260620434940112	([682, 594], [684, 682, 594])
1	0.7064470091505926	0.7264322635622642	([639, 456], [639, 488, 481])
1	0.7102944999184532	0.7264592182586621	([265, 81], [265, 237, 57])
1	0.6953938187488349	0.7265590770601698	([503, 316], [503, 368, 316])
1	0.6977929472178174	0.7268833478009936	([678, 456], [692, 678, 456])
1	0.7129682545651923	0.7271607462057693	([335, 128], [335, 196, 128])
1	0.7252690244664853	0.7272472404220037	([336, 152], [336, 152, 83])
1	0.7104126589848435	0.7272472404220037	([761, 83], [761, 336, 83])
1	0.7192248248938424	0.7273815981378317	([720, 333], [720, 526, 384])
1	0.6945310783725595	0.7275232648152758	([761, 336], [761, 758, 336])
1	0.7236916448161352	0.7275320736440141	([730, 556], [730, 712, 556])
1	0.7276802399629511	0.7277976957801807	([364, 102], [364, 169, 137])
1	0.7195492821767365	0.7283693149742657	([699, 560], [699, 560, 515])
1	0.7240308608776896	0.7283924405969887	([582, 394], [582, 421, 413])
1	0.7100880616350858	0.7285393576036602	([427, 341], [427, 417, 341])
1	0.721934504224492	0.728547045748736	([754, 7], [754, 503, 495])
1	0.712800305398427	0.7286398020683253	([599, 457], [599, 582, 457])
1	0.6722554772923353	0.7289618996456091	([582, 336], [758, 650, 640])
1	0.7275548150428345	0.7290878613573498	([717, 457], [717, 457, 383])
1	0.719172922779782	0.7290943662215706	([161, 18], [161, 51, 18])
1	0.718669673002865	0.7291274384925357	([590, 34], [590, 487, 284])
1	0.7285289505310312	0.7300038033711239	([746, 477], [746, 496, 475])
1	0.7118246030075539	0.730041609277965	([613, 363], [613, 514, 513])
1	0.7287463726795556	0.7300522888157768	([213, 77], [243, 213, 173])
1	0.6691908242639332	0.7300701949646784	([375, 308], [375, 357, 332])
1	0.7105291147430094	0.7304240373686758	([204, 88], [247, 204, 156])
1	0.7238683151552177	0.730677947659251	([512, 142], [512, 387, 145])
1	0.7136303484159836	0.7308833689511622	([331, 29], [497, 353, 29])
1	0.7249597746635169	0.7309779272999395	([283, 102], [289, 283, 102])
1	0.7251075532102857	0.7312811274939084	([761, 279], [776, 761, 279])
1	0.6565339143332644	0.731352064198727	([384, 309], [464, 384, 356])
1	0.7257183455635111	0.7313865478558432	([397, 207], [397, 384, 207])
1	0.7090829790005019	0.7314954084404555	([438, 34], [487, 438, 304])
1	0.7187030066755061	0.7316382306370998	([326, 222], [326, 244, 239])
1	0.7183607053668932	0.7317097390056052	([782, 288], [790, 782, 288])
1	0.7254150688481565	0.7318466447838644	([754, 403], [754, 463, 453])
1	0.7261802774240086	0.7321701793624003	([595, 392], [595, 456, 426])
1	0.7060344722797511	0.7324275327613354	([589, 402], [589, 446, 441])
1	0.7242199017791365	0.7326104369706334	([690, 533], [690, 533, 382])
1	0.727573228094136	0.7326251766773232	([512, 124], [512, 145, 124])
1	0.7198372389989023	0.7327380331881723	([560, 427], [560, 427, 393])
1	0.6947993479963522	0.7329076185393528	([369, 11], [369, 366, 11])
1	0.6922449317582864	0.7331428168799891	([703, 362], [703, 509, 330])
1	0.7193902702193853	0.7332812975528041	([696, 179], [750, 696, 179])
1	0.7145358683511149	0.7334790642904881	([592, 418], [635, 592, 418])
1	0.7031824362329593	0.7336671808074133	([751, 222], [751, 502, 222])
1	0.7110295507580331	0.7342301204342488	([667, 531], [667, 661, 382])
1	0.7244484728116465	0.7344523431722607	([402, 240], [402, 328, 240])
1	0.5707109518550951	0.7344743743624998	([599, 306], [629, 599, 523])
1	0.7320904748805789	0.734528657934784	([332, 24], [380, 332, 24])
1	0.7192635706073921	0.734590582613442	([273, 85], [273, 191, 173])
1	0.7330665620891949	0.7346482665855213	([356, 246], [356, 246, 235])
1	0.7269810590121196	0.734797358850179	([747, 530], [747, 530, 511])
1	0.6911340297330065	0.7348784558288508	([672, 585], [672, 634, 632])
1	0.6861853943373841	0.734955813372391	([177, 62], [247, 177, 62])
1	0.7301941212460497	0.7351348707620305	([204, 35], [204, 169, 35])
1	0.7317271921115328	0.7352920619048994	([763, 682], [763, 682, 676])
1	0.7116671448275836	0.735339981664267	([285, 16], [285, 260, 46])
1	0.7225573209472889	0.736210727564148	([379, 181], [379, 366, 181])
1	0.6828625016435883	0.7363917112346478	([596, 399], [596, 467, 435])
1	0.7118672776501964	0.7365708869612134	([794, 1], [794, 325, 1])
1	0.72351157703934	0.7365908680044575	([514, 418], [514, 481, 418])
1	0.7140727352774103	0.7366618281355009	([317, 8], [381, 317, 8])
1	0.6942580729502852	0.7368196400373487	([591, 326], [591, 454, 436])
1	0.7137167493650103	0.736983183943322	([363, 98], [363, 186, 142])
1	0.7301554598365919	0.7370923340874709	([703, 27], [703, 644, 27])
1	0.7268314810243587	0.7378597278183152	([170, 14], [170, 40, 36])
1	0.7342696775829768	0.7379253693720197	([386, 118], [415, 386, 118])
1	0.6961113240749326	0.7381079629753756	([662, 34], [702, 647, 34])
1	0.7189599303027273	0.7385429388128381	([681, 565], [681, 565, 382])
1	0.566869504753238	0.7387675931769873	([365, 189], [365, 222, 168])
1	0.7362430766100816	0.7388698500898657	([677, 541], [677, 639, 541])
1	0.7214736062882745	0.7394314638317221	([763, 458], [763, 638, 458])
1	0.7336894245681587	0.739743499164805	([351, 242], [351, 284, 277])
1	0.665503390509296	0.7398178760385644	([795, 0], [795, 325, 1])
1	0.7357457628544674	0.7398268745622916	([434, 279], [434, 431, 308])
1	0.7359352753919194	0.7403239344568028	([666, 347], [666, 509, 388])
1	0.7210089357426915	0.7403440079784835	([388, 179], [388, 385, 179])
1	0.5576920563462526	0.7408318309756896	([514, 365], [536, 502, 382])
1	0.7312455435226536	0.7410829615755601	([423, 275], [423, 364, 275])
1	0.7173329571393485	0.7411492274012265	([689, 148], [689, 383, 329])
1	0.7208513528431384	0.7412042509775117	([516, 226], [532, 516, 226])
1	0.6182956482925139	0.7415439301086547	([718, 373], [718, 373, 357])
1	0.7307524813388258	0.7417031190534173	([548, 323], [548, 480, 328])
1	0.6709909568082516	0.7433755109001927	([721, 113], [721, 247, 74])
1	0.5776330943171288	0.7443504172575345	([724, 302], [767, 627, 486])
1	0.7165128648442146	0.7445203457244748	([335, 36], [335, 153, 28])
1	0.5711052571220779	0.7448697585904702	([627, 302], [767, 313, 308])
1	0.7156556231011676	0.7448765860904598	([377, 139], [377, 237, 139])
1	0.7431108184515596	0.7449740530646569	([721, 4], [721, 691, 647])
1	0.7395344308924489	0.7449745251763302	([457, 198], [457, 420, 239])
1	0.7386320577316398	0.7451268307641885	([390, 168], [390, 363, 168])
1	0.5247716350293552	0.7454400257185404	([783, 303], [790, 314, 303])
1	0.6979201557265542	0.7454630312908928	([584, 316], [723, 584, 543])
1	0.7417281690041356	0.7455470204708947	([602, 285], [793, 602, 492])
1	0.7451183858923974	0.7458540997678648	([529, 351], [529, 346, 316])
1	0.7426659921281702	0.7463202012872604	([537, 198], [537, 384, 152])
1	0.7215055607013424	0.7466437438990243	([569, 366], [793, 569, 366])
1	0.7401464814046776	0.746893155237819	([782, 428], [782, 493, 428])
1	0.7379215343917936	0.7471353648324863	([639, 4], [693, 639, 4])
1	0.7310375802071755	0.7471353648324863	([691, 4], [693, 691, 4])
1	0.7327277601533789	0.7472633061395384	([549, 419], [549, 487, 427])
1	0.7390869498160476	0.7474490389960593	([651, 316], [671, 651, 316])
1	0.7290994285007066	0.7487125020451229	([474, 29], [474, 383, 357])
1	0.7351973544983014	0.7487143839686125	([464, 116], [464, 422, 34])
1	0.7361606175409514	0.7488730629200633	([703, 423], [715, 703, 423])
1	0.7370671766987865	0.7489753318068358	([368, 123], [368, 123, 12])
1	0.7433664682659453	0.7490435625092575	([698, 143], [698, 237, 215])
1	0.7404810183028226	0.7490931937995283	([650, 553], [712, 650, 553])
1	0.734929405017743	0.7491289512122501	([752, 432], [752, 709, 432])
1	0.7364226882293208	0.7493206456956492	([405, 252], [405, 328, 252])
1	0.7376171065444884	0.7499027854053506	([456, 3], [456, 382, 34])
1	0.7415784819503377	0.7502621966533098	([650, 218], [696, 674, 179])
1	0.7220051527167642	0.7504283346871286	([759, 422], [759, 716, 422])
1	0.7363486671477417	0.750448269676077	([508, 139], [508, 139, 5])
1	0.568692248826271	0.7506278839541327	([532, 301], [532, 443, 421])
1	0.7130346994988944	0.750950553835336	([750, 58], [750, 43, 31])
1	0.7281686723317141	0.7513405102022782	([515, 151], [515, 375, 151])
1	0.7233100583656624	0.7521836420843439	([700, 236], [700, 501, 236])
1	0.5538342998038374	0.7524436246093834	([712, 292], [781, 730, 632])
1	0.7262659385829842	0.7529768664451724	([729, 52], [729, 328, 309])
1	0.7493011930967963	0.7535640320275941	([710, 259], [710, 290, 267])
1	0.7437776600689369	0.7536167508499503	([394, 125], [394, 388, 125])
1	0.7526971265544582	0.7539577063920498	([754, 150], [754, 221, 150])
1	0.7299637464903603	0.7540042457144671	([659, 405], [659, 405, 381])
1	0.5782347656961605	0.7541088044809581	([465, 302], [609, 465, 449])
1	0.732796840096056	0.755420469093054	([453, 176], [453, 336, 163])
1	0.5438973335670574	0.755568465703555	([301, 108], [301, 249, 108])
1	0.7445812553423515	0.7557222576716423	([744, 388], [744, 666, 604])
1	0.542460504885283	0.7558486005746832	([302, 153], [302, 289, 162])
1	0.7544415523231143	0.7561566096674157	([512, 191], [512, 191, 124])
1	0.7355191165591919	0.7566594261621622	([456, 81], [456, 436, 81])
1	0.7518799789938236	0.7567648223462534	([351, 141], [370, 351, 141])
1	0.7498144371957514	0.7568445726297451	([776, 111], [776, 279, 111])
1	0.5383139057484018	0.7570677742009086	([295, 263], [295, 283, 263])
1	0.7533038001001503	0.7570815905654872	([639, 133], [639, 174, 164])
1	0.7485284750711018	0.7575191030721677	([795, 102], [795, 102, 47])
1	0.7553583426993327	0.7576782375292102	([753, 360], [753, 360, 333])
1	0.7507250060971908	0.7578358731072435	([553, 231], [585, 553, 231])
1	0.7472895357861389	0.7579036929722964	([735, 152], [749, 735, 152])
1	0.7576446347474692	0.7585367343000421	([787, 2], [794, 787, 2])
1	0.7539996949603052	0.7585660213045465	([435, 199], [435, 327, 238])
1	0.7308653100126187	0.7585786463202018	([751, 19], [751, 498, 31])
1	0.5813387321706258	0.7586135599883542	([575, 301], [575, 532, 452])
1	0.7520541339336422	0.7586786870229064	([688, 19], [688, 505, 19])
1	0.759047913914877	0.7595013878965082	([644, 144], [644, 214, 144])
1	0.5739554463399978	0.7597497353588205	([407, 291], [407, 328, 326])
1	0.7422749903762471	0.759774928186392	([687, 210], [721, 687, 210])
1	0.7465266344089887	0.7604525207030416	([788, 163], [762, 515, 308])
1	0.7399656478495706	0.7605087411752884	([362, 60], [362, 60, 33])
1	0.7529897128768077	0.760870134003761	([372, 275], [372, 275, 30])
1	0.7471649819440598	0.7609789875418571	([511, 167], [511, 219, 164])
1	0.7448554907487623	0.7611969979336731	([691, 200], [691, 663, 207])
1	0.7501251925032735	0.7613368412577942	([430, 21], [430, 356, 316])
1	0.7496289108002481	0.7619152243918188	([514, 286], [721, 514, 286])
1	0.7610091170695653	0.7623477449912295	([619, 124], [750, 637, 198])
1	0.748668821537874	0.7626676791722128	([629, 35], [629, 316, 305])
1	0.753905354520755	0.7628802768049668	([447, 196], [447, 288, 241])
1	0.7595184601337779	0.763026978652662	([409, 245], [398, 316, 279])
1	0.7589711725902767	0.7632388751703484	([584, 197], [584, 453, 176])
1	0.7588572250582615	0.7633695246487301	([674, 308], [674, 308, 218])
1	0.5962551710543162	0.7635295826689316	([301, 66], [301, 108, 66])
1	0.7611109561794042	0.7636577761484633	([613, 269], [613, 569, 118])
1	0.7480749593630618	0.7636577761484633	([569, 118], [700, 613, 118])
1	0.605016715265934	0.7642488153260409	([685, 292], [685, 674, 308])
1	0.761290872965342	0.7646456249661291	([530, 115], [716, 273, 128])
1	0.5080458263094704	0.7649932155087847	([306, 195], [306, 275, 216])
1	0.7418037928499133	0.7654057355014714	([686, 0], [795, 686, 325])
1	0.5260983669673727	0.7655523105415593	([773, 295], [773, 295, 283])
1	0.7603411065240933	0.7659797336862979	([428, 232], [428, 336, 206])
1	0.763200062589265	0.7661559747027563	([625, 268], [625, 485, 268])
1	0.7414230601355888	0.7663805641671253	([796, 176], [796, 754, 176])
1	0.7486472377310198	0.7667126491979432	([520, 271], [520, 417, 318])
1	0.7339145524641892	0.7673378862130851	([745, 124], [745, 326, 150])
1	0.7479958937919138	0.7674447375390471	([583, 235], [583, 463, 364])
1	0.7622506558694633	0.7675288476902414	([389, 156], [389, 341, 156])
1	0.7440797771092059	0.7676547762539933	([700, 33], [700, 378, 330])
1	0.7624485101842801	0.7680024137392033	([719, 81], [719, 134, 81])
1	0.7350599182380704	0.7681122939672641	([670, 163], [762, 670, 493])
1	0.7498814907104557	0.7684042661628784	([405, 44], [405, 218, 83])
1	0.7659309039157709	0.7690047558413261	([768, 32], [768, 756, 32])
1	0.7669902869751042	0.769170229786064	([426, 85], [426, 274, 85])
1	0.7537881143630986	0.7697864875649825	([357, 39], [357, 329, 39])
1	0.765057348645024	0.7700374466037953	([524, 211], [721, 524, 211])
1	0.7664119217035205	0.7701705376442056	([579, 148], [579, 450, 119])
1	0.7687734649254266	0.7710982673663679	([583, 95], [583, 414, 410])
1	0.7653870851641172	0.7711075529577962	([319, 167], [350, 319, 277])
1	0.505117874145735	0.7712279308340931	([326, 291], [326, 291, 281])
1	0.7599536572670265	0.771285552536814	([554, 255], [554, 482, 279])
1	0.7537237979918425	0.7713296155219286	([551, 233], [582, 551, 233])
1	0.7505194582973197	0.771454416174208	([575, 250], [547, 310, 309])
1	0.7621158116296132	0.7717358758198517	([538, 212], [538, 212, 29])
1	0.7630792105157788	0.7717668289672825	([684, 89], [684, 164, 89])
1	0.5868001495393489	0.77207235387701	([655, 365], [655, 502, 368])
1	0.767824824312389	0.7721116483075939	([536, 38], [536, 515, 38])
1	0.7596688262897379	0.7726337679705972	([664, 343], [664, 379, 343])
1	0.7562122453944113	0.7727288326141156	([411, 93], [411, 278, 255])
1	0.4946438219815438	0.7730723797132228	([291, 281], [322, 306, 282])
1	0.5660807395661478	0.7730747202108254	([632, 294], [632, 321, 315])
1	0.7725939258937267	0.7731783293988269	([419, 126], [419, 374, 120])
1	0.7419431131278704	0.7731783293988269	([468, 120], [468, 419, 120])
1	0.5290547442275514	0.7731926578590694	([365, 280], [365, 280, 168])
1	0.7702698838858255	0.7732257278798386	([551, 193], [721, 551, 390])
1	0.7592862070715448	0.7733623405561048	([552, 241], [552, 484, 241])
1	0.5672873729129465	0.7735594918693228	([787, 301], [787, 326, 315])
1	0.7715278544897987	0.7736723738934649	([737, 123], [794, 737, 123])
1	0.7433332224912226	0.7737309450296074	([681, 445], [681, 676, 445])
1	0.549329617383799	0.7739988726955768	([307, 53], [307, 256, 53])
1	0.7554930467925189	0.7741037208349661	([468, 86], [468, 326, 313])
1	0.7463723138139994	0.7742220061623888	([409, 185], [475, 409, 185])
1	0.7472559143524664	0.7743546998952154	([577, 156], [577, 522, 156])
1	0.7665238912813157	0.7743929659887103	([360, 199], [360, 333, 208])
1	0.7742356418922366	0.7748359187247544	([791, 154], [791, 750, 154])
1	0.7719283350195644	0.7759188844547272	([681, 185], [681, 372, 185])
1	0.7378913436852645	0.7760747678827644	([562, 174], [562, 407, 326])
1	0.5106783667261674	0.7761301650436225	([781, 292], [617, 308, 292])
1	0.7675483204096872	0.7773776105615181	([682, 15], [682, 384, 368])
1	0.7665383249792953	0.7774813108394016	([595, 253], [595, 253, 233])
1	0.7765404960444563	0.7775251499754259	([679, 427], [679, 427, 393])
1	0.7711902110140461	0.7776313175631656	([620, 355], [620, 441, 355])
1	0.759955178954882	0.7781245392376366	([542, 234], [542, 460, 335])
1	0.7770266415057624	0.7782108947977686	([561, 189], [721, 561, 189])
1	0.7671166534739178	0.7784270207214339	([677, 95], [677, 676, 151])
1	0.7631635949873534	0.7788204898747306	([753, 24], [753, 284, 4])
1	0.5784793123771169	0.7794114427859816	([494, 292], [494, 393, 339])
1	0.7677673358978624	0.7795832119869263	([396, 151], [396, 278, 151])
1	0.7795216600461236	0.77971016267809	([427, 174], [569, 515, 174])
1	0.7544213632653222	0.7800172061111297	([404, 110], [404, 264, 73])
1	0.7352872913895813	0.7801275229904446	([560, 58], [574, 560, 58])
1	0.7760601449941822	0.7811160004572282	([741, 57], [741, 224, 185])
1	0.5292640953245028	0.7811879522971502	([307, 220], [307, 256, 220])
1	0.7701513772583015	0.7817646361238049	([395, 167], [395, 387, 167])
1	0.7814819849643814	0.7821364890695656	([566, 79], [566, 426, 79])
1	0.7620826611977567	0.7822125696080345	([587, 162], [587, 481, 162])
1	0.5602889901395679	0.7830875161450386	([292, 189], [308, 292, 189])
1	0.7783492865460067	0.7832586504859826	([727, 78], [749, 727, 59])
1	0.77033219872397	0.7833668952367663	([566, 216], [566, 288, 216])
1	0.7686969968148325	0.7844151365166988	([560, 206], [560, 327, 206])
1	0.7834193949615608	0.785253004513622	([604, 72], [604, 566, 405])
1	0.5597400690807747	0.785423835037448	([629, 306], [785, 629, 321])
1	0.7407050373410078	0.7856874696732787	([796, 67], [796, 721, 89])
1	0.5515881717378319	0.7858255147165598	([550, 295], [773, 550, 487])
1	0.5588438186770908	0.7859119621328758	([306, 44], [319, 306, 44])
1	0.7845441669531634	0.7866163670244224	([605, 103], [605, 475, 117])
1	0.7816669566209804	0.7866776515708755	([564, 88], [564, 415, 88])
1	0.7667395341802639	0.7872487185941826	([654, 165], [654, 361, 325])
1	0.5565632826678915	0.7877234281622996	([393, 292], [494, 292, 288])
1	0.7733517082684016	0.7888200945205502	([667, 261], [667, 612, 491])
1	0.7638456073289244	0.7889220507460649	([558, 84], [558, 133, 84])
1	0.7778830924032002	0.7889582982998703	([779, 19], [779, 652, 2])
1	0.7783396794928407	0.7891071290622741	([621, 139], [700, 621, 139])
1	0.7805258999523534	0.7901227696488552	([549, 101], [549, 310, 304])
1	0.7856144417447732	0.7909558695823037	([407, 102], [484, 407, 102])
1	0.7738078382233298	0.7910782522801669	([680, 205], [680, 659, 205])
1	0.5154292735989344	0.7919516520282035	([488, 303], [790, 488, 303])
1	0.7766820359420257	0.7921055968750282	([683, 168], [683, 168, 119])
1	0.543735274185297	0.7922345457050236	([785, 306], [629, 322, 306])
1	0.5494362612978417	0.792340535806069	([393, 306], [393, 306, 188])
1	0.7916103238037641	0.7925694561597109	([612, 94], [674, 612, 94])
1	0.7825757020343261	0.7933399568888801	([556, 102], [556, 456, 137])
1	0.7704437758969401	0.7945288057073698	([413, 75], [413, 164, 81])
1	0.5263799709451675	0.8001520472491683	([461, 291], [461, 326, 291])
1	0.594368185470183	0.8006705691639883	([302, 6], [302, 276, 6])
1	0.561206620112843	0.8014078219986227	([360, 291], [360, 326, 291])
1	0.5361125806558736	0.8071692703513047	([530, 376], [530, 376, 369])
1	0.5477850767796145	0.808460230552462	([339, 295], [773, 339, 295])
1	0.5470731970496657	0.8107773170404606	([753, 307], [753, 307, 220])
1	0.5606889528426767	0.8149489467596669	([295, 14], [295, 263, 14])
1	0.536674911728527	0.8150908206087467	([332, 303], [783, 332, 303])
1	0.6031333593362569	0.8157071540394356	([294, 233], [305, 294, 233])
1	0.586537934674755	0.8166919367342701	([292, 46], [292, 137, 46])
1	0.52858381773031	0.8167618815729024	([291, 180], [360, 291, 180])
1	0.5469254744362552	0.8169062337182037	([292, 116], [292, 189, 137])
1	0.5481799452978784	0.8189399512616936	([605, 307], [753, 605, 307])
1	0.5799070567740254	0.8200267632720848	([294, 86], [632, 294, 86])
1	0.5085182431923053	0.8202110014239228	([434, 298], [781, 434, 298])
1	0.566312442255573	0.828142159058612	([371, 301], [575, 371, 301])
1	0.49707374870693116	0.8304514201945533	([296, 195], [323, 296, 195])
1	0.510864441412801	0.8309955096106832	([299, 192], [324, 299, 192])
1	0.553883903128706	0.8395762175053989	([376, 10], [378, 376, 10])
1	0.5271890776270867	0.8399356533641271	([780, 291], [780, 360, 291])
1	0.5808584708675925	0.8423821270064329	([291, 19], [291, 180, 19])
1	0.551002442723179	0.8477189508124282	([567, 291], [567, 461, 291])
1	0.4822117280633781	0.8516623900778968	([781, 296], [781, 322, 296])
1	0.5261960138819705	0.8661541007841378	([303, 108], [488, 303, 108])
1	0.47042159302757947	0.8703963100601136	([781, 298], [434, 312, 298])
1	0.5062477620365966	0.87530421558842	([451, 296], [781, 451, 296])
1	0.5058434902064936	0.8767712710764669	([297, 117], [320, 297, 117])
1	0.5046221530077499	0.8827624929097536	([298, 121], [312, 298, 121])
1	0.4914409170340998	0.894011010013108	([491, 490], [490, 293, 262])
1	0.4873401130250388	0.8993860373500756	([306, 282], [518, 300, 282])
0	0.0	inf	([306], [])
