0	0.0	0.023294515980841615	([1087], [1087, 23])
0	0.0	0.03063186815509902	([427], [427, 24])
0	0.0	0.28082528752554464	([516], [516, 515])
0	0.0	0.28142213648348585	([1194], [1194, 1193])
0	0.0	0.28982702957123546	([512], [512, 511])
0	0.0	0.3000049763391662	([135], [135, 134])
0	0.0	0.3076584217234729	([1161], [1161, 1160])
0	0.0	0.3076752401926301	([1195], [1195, 1194])
0	0.0	0.30881406270580664	([554], [554, 553])
0	0.0	0.30951232407960244	([514], [514, 513])
0	0.0	0.31022359507566116	([555], [555, 554])
0	0.0	0.3107456693620854	([706], [706, 705])
0	0.0	0.3108059909499754	([292], [292, 291])
0	0.0	0.31466755432943544	([1193], [1194, 1192])
0	0.0	0.3172531919939513	([517], [517, 513])
0	0.0	0.3194802920717397	([1179], [1179, 1178])
0	0.0	0.320301368497353	([552], [552, 551])
0	0.0	0.32044106215297213	([1187], [1187, 1186])
0	0.0	0.32097058376230236	([291], [291, 290])
0	0.0	0.32198531307986183	([625], [625, 624])
0	0.0	0.32221643352668816	([544], [544, 543])
0	0.0	0.32601973740424856	([1191], [1191, 1190])
0	0.0	0.32624216009146273	([1010], [1010, 1009])
0	0.0	0.3272870069999407	([510], [510, 509])
0	0.0	0.3274105939625654	([119], [119, 118])
0	0.0	0.3288877743514475	([707], [707, 705])
0	0.0	0.32897674846061253	([521], [521, 520])
0	0.0	0.32932715376717425	([533], [533, 532])
0	0.0	0.329967544151881	([768], [768, 767])
0	0.0	0.3301458272097474	([513], [517, 515])
0	0.0	0.3304863182820987	([525], [525, 524])
0	0.0	0.33079865018504967	([729], [729, 728])
0	0.0	0.3314364790073773	([515], [513, 512])
0	0.0	0.33263503952157	([294], [294, 293])
0	0.0	0.3331739235092515	([185], [185, 184])
0	0.0	0.333209078663113	([293], [293, 292])
0	0.0	0.33406171529610035	([251], [251, 250])
0	0.0	0.33417700774668185	([535], [535, 534])
0	0.0	0.3345388100769749	([1188], [1188, 1187])
0	0.0	0.33613833151748906	([1180], [1180, 1179])
0	0.0	0.3363964192082027	([553], [553, 552])
0	0.0	0.3365888665617019	([672], [672, 671])
0	0.0	0.3366615262344858	([726], [726, 725])
0	0.0	0.33668077568194965	([590], [590, 589])
0	0.0	0.3378266884673488	([545], [545, 544])
0	0.0	0.3387517418804922	([1178], [1178, 1177])
0	0.0	0.3387977129861766	([1177], [1177, 1176])
0	0.0	0.33942031551894497	([139], [139, 137])
0	0.0	0.33949530567907865	([728], [728, 727])
0	0.0	0.3404241170289995	([1055], [1055, 1054])
0	0.0	0.34046344494416136	([526], [526, 525])
0	0.0	0.3404988069152729	([593], [593, 592])
0	0.0	0.3406213432713278	([725], [725, 724])
0	0.0	0.3418479965304402	([1220], [1220, 1219])
0	0.0	0.34240515177555286	([520], [520, 518])
0	0.0	0.34242512855491114	([252], [252, 250])
0	0.0	0.34312750573162437	([1192], [1192, 1191])
0	0.0	0.34355012376000915	([1204], [1204, 1203])
0	0.0	0.34381665178810367	([1006], [1006, 1005])
0	0.0	0.34390831840776964	([705], [705, 704])
0	0.0	0.3441094670613581	([1219], [1219, 1218])
0	0.0	0.3454392271571291	([1206], [1206, 1205])
0	0.0	0.3463062394800977	([534], [534, 533])
0	0.0	0.3465649477463519	([1205], [1205, 1204])
0	0.0	0.3483296870414618	([290], [290, 289])
0	0.0	0.34834258885000463	([285], [285, 284])
0	0.0	0.3485423806694637	([543], [543, 542])
0	0.0	0.3486583268397628	([235], [235, 234])
0	0.0	0.34924072927328453	([708], [708, 707])
0	0.0	0.3492484710911448	([140], [140, 139])
0	0.0	0.3499563197293147	([673], [673, 672])
0	0.0	0.3504301101669121	([519], [519, 518])
0	0.0	0.3510581857025191	([295], [295, 294])
0	0.0	0.35156136083645934	([289], [289, 288])
0	0.0	0.3520548817963278	([141], [141, 140])
0	0.0	0.35205609237699326	([761], [761, 760])
0	0.0	0.3526909206000439	([1197], [1197, 1196])
0	0.0	0.35320249633926004	([190], [190, 189])
0	0.0	0.3537089877245796	([497], [497, 496])
0	0.0	0.35451924449328837	([325], [325, 324])
0	0.0	0.3546099679857589	([626], [626, 625])
0	0.0	0.3546974406560629	([461], [461, 460])
0	0.0	0.35531295677486596	([1090], [1090, 1089])
0	0.0	0.355405849987995	([286], [286, 285])
0	0.0	0.3564211853798924	([1059], [1059, 1058])
0	0.0	0.35666783320309237	([1199], [1199, 1198])
0	0.0	0.356729012944407	([674], [674, 673])
0	0.0	0.3568565168401964	([752], [752, 751])
0	0.0	0.3570548038397418	([281], [281, 280])
0	0.0	0.35720179280476844	([727], [727, 726])
0	0.0	0.3572732326209792	([137], [137, 135])
0	0.0	0.357371703100204	([675], [675, 672])
0	0.0	0.3576601614680978	([573], [573, 572])
0	0.0	0.35789820897712027	([583], [583, 581])
0	0.0	0.3579903711163456	([596], [596, 592])
0	0.0	0.3585085724709116	([730], [730, 729])
0	0.0	0.3585203533784008	([627], [627, 626])
0	0.0	0.35867412592198256	([504], [504, 503])
0	0.0	0.3586848150927943	([1196], [1196, 1195])
0	0.0	0.3587849740298332	([136], [136, 135])
0	0.0	0.35895085675494703	([753], [753, 752])
0	0.0	0.35897049183887614	([597], [597, 596])
0	0.0	0.3589792302989037	([532], [532, 531])
0	0.0	0.35898286765104265	([1190], [1190, 1189])
0	0.0	0.3589928165600616	([1056], [1056, 1055])
0	0.0	0.3591564941552918	([676], [676, 675])
0	0.0	0.35944068150041303	([1185], [1185, 1184])
0	0.0	0.35952024502611707	([604], [604, 603])
0	0.0	0.3597123675656771	([766], [766, 765])
0	0.0	0.3599668139092706	([1005], [1005, 1004])
0	0.0	0.36037789858929925	([1139], [1139, 1138])
0	0.0	0.3608260629663977	([518], [518, 511])
0	0.0	0.36091629961328286	([769], [769, 768])
0	0.0	0.3610296577067343	([1137], [1137, 1136])
0	0.0	0.3613796340833369	([598], [598, 597])
0	0.0	0.36138338737700165	([767], [767, 766])
0	0.0	0.361591855085258	([701], [701, 700])
0	0.0	0.3617292918130543	([737], [737, 736])
0	0.0	0.3617294795633855	([758], [758, 757])
0	0.0	0.36191421981995503	([619], [619, 618])
0	0.0	0.3619531281449991	([142], [142, 141])
0	0.0	0.36227582468531544	([1160], [1160, 1159])
0	0.0	0.3623856046221197	([300], [300, 299])
0	0.0	0.362451774924637	([1100], [1100, 1099])
0	0.0	0.3629381737281117	([186], [186, 185])
0	0.0	0.36337804912611144	([1213], [1213, 1212])
0	0.0	0.36367416347886344	([1065], [1065, 1064])
0	0.0	0.3637831483640575	([522], [522, 520])
0	0.0	0.36389081979825494	([592], [596, 595])
0	0.0	0.36424785234952595	([757], [758, 756])
0	0.0	0.36425977858447334	([657], [657, 656])
0	0.0	0.3643356607095256	([81], [81, 80])
0	0.0	0.36456533693788734	([1026], [1026, 1025])
0	0.0	0.36458923443741226	([1007], [1007, 1005])
0	0.0	0.36460872428571917	([1060], [1060, 1059])
1	0.3626256001291181	0.3647983005959771	([675, 674], [675, 674, 673])
0	0.0	0.36490118237795216	([1198], [1198, 1197])
0	0.0	0.36504195966861	([966], [966, 965])
0	0.0	0.3651095276307848	([578], [578, 577])
0	0.0	0.3653190024626003	([468], [468, 467])
0	0.0	0.3653431060362471	([990], [990, 989])
0	0.0	0.36549015437270516	([82], [82, 81])
1	0.3644334188013567	0.3656194024572037	([522, 519], [522, 520, 519])
0	0.0	0.36580048211457705	([1189], [1189, 1188])
0	0.0	0.3660140544388382	([1186], [1186, 1185])
0	0.0	0.36607151635278073	([669], [669, 668])
0	0.0	0.36625421135166886	([587], [587, 586])
0	0.0	0.3671744077551005	([1202], [1202, 1201])
0	0.0	0.3682078413986384	([760], [760, 759])
0	0.0	0.36832577905413866	([527], [527, 526])
0	0.0	0.3689111257351925	([630], [630, 629])
0	0.0	0.36891631522014046	([732], [732, 731])
0	0.0	0.36898184029031705	([704], [704, 703])
0	0.0	0.3689946307057263	([184], [184, 183])
0	0.0	0.3690519895660397	([1164], [1164, 1163])
0	0.0	0.36917797873063135	([733], [733, 732])
0	0.0	0.36967427090535276	([686], [686, 685])
0	0.0	0.3699222137615982	([740], [740, 739])
0	0.0	0.3699777411773299	([738], [738, 737])
0	0.0	0.3701084394285539	([1008], [1008, 1007])
0	0.0	0.37012979036743865	([1159], [1159, 1158])
0	0.0	0.37046981383595845	([230], [230, 229])
0	0.0	0.3707824413706735	([1111], [1111, 1110])
0	0.0	0.3712514008659738	([551], [551, 550])
0	0.0	0.37130406191238835	([485], [485, 484])
0	0.0	0.37138226863418955	([496], [496, 495])
0	0.0	0.3715511203670267	([1064], [1064, 1063])
0	0.0	0.3718665989641727	([989], [989, 988])
0	0.0	0.37196920873083894	([134], [134, 133])
0	0.0	0.3724332724162022	([486], [486, 484])
0	0.0	0.3724914125785751	([949], [949, 948])
0	0.0	0.37268949553787106	([1184], [1184, 1183])
0	0.0	0.37292054142036224	([183], [183, 182])
0	0.0	0.3730227855157848	([1138], [1138, 1137])
0	0.0	0.3730286626419213	([693], [693, 692])
0	0.0	0.3735679377721212	([280], [280, 279])
0	0.0	0.3739602569632469	([1203], [1203, 1202])
0	0.0	0.3741803677214787	([182], [182, 181])
0	0.0	0.3743442609515551	([449], [449, 448])
0	0.0	0.37450976198602137	([680], [680, 679])
0	0.0	0.37451628695770217	([550], [550, 549])
0	0.0	0.3746241567360558	([842], [842, 841])
0	0.0	0.37482841603515704	([539], [539, 538])
0	0.0	0.3748482239842552	([574], [574, 573])
0	0.0	0.3749049859336894	([448], [448, 447])
0	0.0	0.37508137604645564	([1080], [1080, 1079])
0	0.0	0.37522105274792544	([950], [950, 949])
0	0.0	0.37526268784818934	([231], [231, 230])
0	0.0	0.37533617959192206	([572], [572, 571])
0	0.0	0.3756510963431637	([1003], [1003, 1002])
0	0.0	0.37584188410023767	([323], [323, 322])
0	0.0	0.37588528136834776	([762], [762, 761])
0	0.0	0.37589215718163727	([233], [233, 232])
0	0.0	0.37591999176686136	([133], [133, 132])
0	0.0	0.375927086033598	([736], [736, 735])
0	0.0	0.3772166285023956	([654], [654, 653])
0	0.0	0.3776630115940048	([575], [575, 574])
0	0.0	0.37776790582322184	([450], [450, 449])
0	0.0	0.37790623363512704	([191], [191, 190])
0	0.0	0.3781207184390621	([1163], [1163, 1162])
0	0.0	0.37813088218368895	([571], [571, 568])
0	0.0	0.3784339233327262	([132], [139, 138])
0	0.0	0.37882003644516676	([1181], [1181, 1180])
0	0.0	0.37932068079787007	([282], [282, 279])
0	0.0	0.3794582848819589	([677], [677, 676])
0	0.0	0.3794827736319568	([83], [83, 82])
0	0.0	0.37951196420237765	([232], [232, 231])
0	0.0	0.37951893240265294	([1127], [1127, 1126])
0	0.0	0.3795468732121482	([1091], [1091, 1090])
0	0.0	0.37998343700995946	([965], [965, 964])
0	0.0	0.37999748190234206	([1089], [1089, 1088])
0	0.0	0.38002805083518393	([759], [759, 758])
0	0.0	0.38044736881600016	([1153], [1153, 1152])
0	0.0	0.3805286206495215	([1092], [1092, 1091])
0	0.0	0.3805665617847482	([608], [608, 606])
0	0.0	0.38068930798125916	([908], [908, 907])
0	0.0	0.38068979737103764	([703], [703, 701])
0	0.0	0.3807464937341029	([584], [584, 583])
0	0.0	0.3807716173550331	([731], [731, 730])
0	0.0	0.38094493873156393	([1162], [1163, 1161])
0	0.0	0.38104060327263384	([605], [605, 604])
0	0.0	0.3810812934818934	([1133], [1133, 1132])
0	0.0	0.3811433024784478	([194], [194, 193])
0	0.0	0.3812917450756764	([234], [234, 233])
0	0.0	0.381297732699204	([80], [80, 79])
0	0.0	0.3813940457580563	([542], [542, 541])
0	0.0	0.38140283435238365	([1132], [1132, 1131])
0	0.0	0.38143744001822394	([1066], [1066, 1065])
0	0.0	0.38153267973350485	([180], [180, 179])
0	0.0	0.38156341018270135	([602], [602, 601])
0	0.0	0.38159517424083594	([157], [157, 156])
0	0.0	0.3816628451209162	([861], [861, 860])
0	0.0	0.3817295461621652	([620], [620, 619])
0	0.0	0.3818268634374436	([248], [248, 247])
0	0.0	0.3818723710842065	([763], [763, 762])
0	0.0	0.3819880019727736	([1069], [1069, 1068])
1	0.3804695322825794	0.3822755077728259	([282, 281], [282, 281, 279])
0	0.0	0.38234346480414105	([845], [845, 844])
0	0.0	0.38240273519051654	([568], [571, 570])
0	0.0	0.382440613230684	([841], [841, 840])
0	0.0	0.3824626008879309	([84], [84, 83])
0	0.0	0.3824632783483496	([599], [599, 598])
0	0.0	0.3826328632492742	([189], [189, 188])
0	0.0	0.38271875002975453	([586], [587, 584])
0	0.0	0.3829880064926839	([581], [586, 585])
0	0.0	0.38301611582729383	([131], [131, 130])
0	0.0	0.3830592101051366	([623], [623, 622])
0	0.0	0.38317351092788005	([622], [622, 621])
0	0.0	0.38322193067493676	([603], [603, 602])
0	0.0	0.38328481139559134	([594], [594, 593])
0	0.0	0.3833321558064809	([1061], [1061, 1060])
0	0.0	0.3833340045205204	([702], [702, 701])
0	0.0	0.38355861772618094	([764], [764, 762])
0	0.0	0.3835872314856192	([624], [624, 622])
1	0.383182473190631	0.38370399586956616	([84, 81], [84, 83, 81])
0	0.0	0.3839636987840555	([1209], [1209, 1208])
0	0.0	0.38429024737110956	([1218], [1218, 1217])
0	0.0	0.3843351839300566	([1009], [1009, 1008])
0	0.0	0.3844707188882776	([994], [994, 993])
0	0.0	0.3844756788050744	([1183], [1183, 1182])
0	0.0	0.38458306725786734	([1094], [1094, 1093])
0	0.0	0.3846078162697746	([388], [388, 387])
0	0.0	0.3846699373302357	([1063], [1063, 1062])
0	0.0	0.38467765979082513	([1134], [1134, 1133])
0	0.0	0.38477659451647234	([138], [132, 131])
0	0.0	0.3848786377832894	([588], [588, 587])
0	0.0	0.3849734254848981	([60], [60, 59])
0	0.0	0.38500947945999314	([279], [279, 278])
0	0.0	0.38520210191257953	([167], [167, 166])
0	0.0	0.38523686016203623	([59], [59, 58])
0	0.0	0.3853767055351024	([166], [166, 165])
0	0.0	0.3854474188687979	([1207], [1207, 1206])
0	0.0	0.3855016723326835	([85], [85, 84])
0	0.0	0.38571815250450414	([647], [647, 646])
0	0.0	0.38601512206148125	([991], [991, 990])
0	0.0	0.38601969816984427	([1118], [1118, 1117])
0	0.0	0.3860209968211377	([1201], [1202, 1196])
0	0.0	0.38604938940041766	([193], [193, 191])
0	0.0	0.386081353446793	([844], [844, 843])
0	0.0	0.3860912724699553	([1126], [1126, 1125])
0	0.0	0.38622450533684977	([754], [754, 753])
0	0.0	0.3865872110727779	([249], [249, 248])
0	0.0	0.38661426028786244	([884], [884, 883])
0	0.0	0.38661884699256804	([324], [324, 323])
0	0.0	0.3866982387952808	([1174], [1174, 1173])
0	0.0	0.38672035058010773	([796], [796, 795])
0	0.0	0.38711885278264413	([639], [639, 637])
0	0.0	0.38712388674057263	([637], [637, 636])
0	0.0	0.3871737353318939	([1147], [1147, 1146])
0	0.0	0.38717380350873365	([1148], [1148, 1147])
0	0.0	0.38719118250713896	([432], [432, 431])
0	0.0	0.38729208316938646	([929], [929, 928])
0	0.0	0.38729281876139965	([683], [683, 682])
0	0.0	0.3873070233630444	([995], [995, 994])
0	0.0	0.38767160348644386	([1165], [1165, 1164])
0	0.0	0.38773303770502493	([244], [244, 243])
0	0.0	0.3877855747161976	([1114], [1114, 1113])
0	0.0	0.38799735776743005	([118], [118, 117])
0	0.0	0.38801798082655903	([1169], [1169, 1168])
0	0.0	0.38809414785530044	([895], [895, 894])
0	0.0	0.388142094700862	([569], [569, 568])
0	0.0	0.3882232254705075	([1125], [1125, 1124])
0	0.0	0.3882399901308307	([1124], [1125, 1123])
0	0.0	0.38835058224461794	([487], [487, 484])
0	0.0	0.38843060313327277	([1146], [1146, 1145])
0	0.0	0.38846121988368126	([765], [765, 760])
1	0.3881004436751253	0.3884791366813771	([1202, 1199], [1202, 1199, 1198])
0	0.0	0.3886059799005559	([977], [977, 976])
0	0.0	0.3886758493131571	([76], [76, 75])
0	0.0	0.38868514609007054	([879], [879, 878])
0	0.0	0.38879561397586654	([1119], [1119, 1118])
0	0.0	0.38900335048619694	([589], [589, 588])
0	0.0	0.38908955385988536	([451], [451, 450])
0	0.0	0.38916337224673175	([816], [816, 815])
0	0.0	0.3892211130613325	([1047], [1047, 1046])
0	0.0	0.38941034093389587	([570], [568, 567])
0	0.0	0.38950915725404917	([656], [656, 655])
0	0.0	0.38973637122302013	([942], [942, 941])
0	0.0	0.3898560706584587	([978], [978, 977])
0	0.0	0.38991241840847485	([467], [467, 466])
0	0.0	0.3899989908515208	([1099], [1099, 1098])
0	0.0	0.3900920711886716	([749], [749, 748])
0	0.0	0.3901949967797617	([86], [86, 85])
0	0.0	0.3902552911831861	([297], [297, 296])
1	0.38789653411380703	0.3902714327954992	([140, 131], [140, 137, 131])
0	0.0	0.3902752875007813	([920], [920, 919])
0	0.0	0.39050875637615107	([1030], [1030, 1029])
1	0.3864492264279997	0.39057820804627863	([137, 132], [137, 135, 134])
0	0.0	0.3906880337123953	([980], [980, 979])
0	0.0	0.3907190773527082	([1128], [1128, 1127])
0	0.0	0.39074469436395737	([187], [187, 186])
0	0.0	0.39081607134363755	([932], [932, 931])
0	0.0	0.39088836835344803	([537], [537, 536])
0	0.0	0.390996622258474	([969], [969, 968])
0	0.0	0.3911645765854789	([1117], [1117, 1116])
0	0.0	0.39118062867381215	([1048], [1048, 1047])
0	0.0	0.3914692958531064	([681], [681, 680])
0	0.0	0.39157881427165814	([907], [907, 906])
0	0.0	0.39166948989865763	([1029], [1029, 1028])
0	0.0	0.39173608102371976	([462], [462, 461])
0	0.0	0.39186407549633967	([1166], [1166, 1165])
0	0.0	0.39220590088501317	([188], [188, 186])
0	0.0	0.39223861626270135	([1109], [1109, 1108])
0	0.0	0.3924152827354671	([921], [921, 920])
0	0.0	0.39244605892730205	([466], [466, 465])
0	0.0	0.39266305513042193	([1136], [1136, 1135])
0	0.0	0.3926747886671623	([885], [885, 884])
0	0.0	0.39269322667577855	([165], [165, 164])
0	0.0	0.3928172390195795	([1098], [1098, 1097])
0	0.0	0.39290630419535383	([1144], [1144, 1143])
0	0.0	0.39305308997792715	([1112], [1112, 1111])
0	0.0	0.39312044465688106	([1085], [1085, 1084])
0	0.0	0.3932797108656857	([1001], [1001, 1000])
0	0.0	0.3933191932760277	([178], [178, 177])
0	0.0	0.39351771159526266	([78], [78, 77])
0	0.0	0.3935498895805853	([1130], [1130, 1129])
0	0.0	0.393557930153557	([88], [88, 87])
0	0.0	0.3935789639697367	([424], [424, 423])
0	0.0	0.39359259172188416	([168], [168, 167])
0	0.0	0.39362149629522986	([770], [770, 769])
0	0.0	0.39363134335715316	([843], [843, 842])
0	0.0	0.39376419629762865	([1152], [1152, 1151])
1	0.38953773799195157	0.39380407901644476	([570, 569], [571, 570, 569])
0	0.0	0.39390669099063413	([498], [498, 497])
0	0.0	0.3939097329457482	([298], [298, 297])
0	0.0	0.393949429775045	([296], [296, 294])
0	0.0	0.39411287779765464	([499], [499, 498])
0	0.0	0.3944464979541262	([1208], [1208, 1207])
0	0.0	0.39466226138474403	([538], [538, 537])
0	0.0	0.3946711095115388	([1058], [1058, 1057])
0	0.0	0.394687824906003	([748], [748, 747])
0	0.0	0.3946888064175854	([433], [433, 432])
0	0.0	0.3947464758559437	([636], [636, 635])
0	0.0	0.394777884102715	([79], [79, 78])
0	0.0	0.3948093172139299	([717], [717, 716])
0	0.0	0.39490375162039726	([126], [126, 124])
0	0.0	0.39491845562017686	([651], [651, 650])
0	0.0	0.39500913835929297	([634], [634, 633])
0	0.0	0.39511949162768295	([531], [531, 530])
0	0.0	0.39523942719189314	([1011], [1011, 1009])
0	0.0	0.3953785516473579	([1013], [1013, 1012])
0	0.0	0.39545794881542357	([1140], [1140, 1139])
0	0.0	0.39576473128949957	([751], [751, 750])
0	0.0	0.3957996882449766	([854], [854, 853])
0	0.0	0.39586134569842824	([745], [745, 744])
0	0.0	0.3958808984113282	([1145], [1145, 1144])
0	0.0	0.3959220851009048	([1014], [1014, 1013])
0	0.0	0.39597434619808974	([606], [606, 605])
0	0.0	0.3962049440522266	([371], [371, 370])
0	0.0	0.39620556686283837	([284], [284, 283])
0	0.0	0.3962814945619564	([77], [77, 76])
0	0.0	0.3964373547929151	([930], [930, 929])
0	0.0	0.39645658647786014	([718], [718, 717])
0	0.0	0.3966180860347986	([1113], [1113, 1112])
0	0.0	0.3967276149675629	([723], [723, 722])
0	0.0	0.39676518427842217	([1002], [1002, 1001])
0	0.0	0.3969032854883548	([694], [694, 693])
0	0.0	0.3969768657041783	([87], [87, 86])
0	0.0	0.3969808858261686	([855], [855, 854])
0	0.0	0.3970641434141029	([1175], [1175, 1174])
0	0.0	0.39729017243426173	([600], [600, 599])
0	0.0	0.39731775107380324	([607], [607, 606])
0	0.0	0.3973360857616661	([973], [973, 972])
0	0.0	0.3974251969372536	([250], [250, 249])
0	0.0	0.39749773618697976	([1057], [1057, 1056])
0	0.0	0.3975049652842774	([1024], [1024, 1023])
0	0.0	0.39757132377444326	([1049], [1049, 1048])
0	0.0	0.3976735639995635	([579], [579, 578])
0	0.0	0.39767566903029256	([981], [981, 980])
0	0.0	0.3976785619142719	([150], [150, 149])
0	0.0	0.39772277820609575	([905], [905, 904])
0	0.0	0.39782340461411936	([1182], [1182, 1181])
0	0.0	0.3978727655804095	([853], [853, 852])
0	0.0	0.3978765318544247	([1093], [1093, 1092])
0	0.0	0.3979260975054897	([826], [826, 825])
0	0.0	0.39797889847534756	([682], [682, 681])
0	0.0	0.397987329080498	([1108], [1108, 1107])
0	0.0	0.3981115476777504	([1044], [1044, 1043])
0	0.0	0.39821485525239314	([979], [979, 978])
0	0.0	0.39828994520486166	([1131], [1131, 1130])
0	0.0	0.3984513525187349	([511], [511, 510])
0	0.0	0.3985239414108494	([1129], [1129, 1128])
0	0.0	0.3987599380666457	([722], [722, 721])
0	0.0	0.3991219499059126	([164], [165, 163])
0	0.0	0.3991612773931425	([1110], [1110, 1109])
0	0.0	0.39923641116455016	([1123], [1123, 1122])
0	0.0	0.3993566577640551	([635], [639, 638])
0	0.0	0.3993684308907351	([1012], [1012, 1011])
0	0.0	0.3993696946269034	([1135], [1135, 1134])
0	0.0	0.3994085223563652	([866], [866, 865])
0	0.0	0.39945549961222654	([633], [633, 632])
0	0.0	0.39952317498589857	([1141], [1141, 1140])
0	0.0	0.39956968712440577	([1068], [1068, 1067])
0	0.0	0.39970998230314764	([459], [459, 458])
0	0.0	0.39972604911571363	([695], [695, 694])
0	0.0	0.3997423373819805	([1101], [1101, 1100])
0	0.0	0.3998532933901998	([124], [124, 123])
0	0.0	0.39993922252563946	([655], [655, 654])
0	0.0	0.4000297303314451	([840], [840, 839])
0	0.0	0.4000630332548248	([253], [253, 249])
0	0.0	0.40030891327246143	([1173], [1173, 1172])
0	0.0	0.40030958339688305	([312], [312, 311])
0	0.0	0.4003442047760358	([453], [453, 452])
0	0.0	0.40037174071648246	([125], [125, 124])
0	0.0	0.4006549341207197	([117], [117, 116])
0	0.0	0.40091958492517726	([1105], [1105, 1104])
0	0.0	0.40095425459782297	([1172], [1172, 1171])
0	0.0	0.400976921152523	([1171], [1171, 1170])
0	0.0	0.40100082314922086	([484], [484, 483])
0	0.0	0.40109509919754077	([556], [556, 555])
0	0.0	0.4011013466647044	([1004], [1004, 1003])
0	0.0	0.4011661711881477	([179], [179, 178])
0	0.0	0.4012096442904522	([387], [387, 386])
0	0.0	0.40133240415276045	([813], [813, 812])
0	0.0	0.40140730928662643	([925], [925, 924])
0	0.0	0.4014461251246469	([876], [876, 875])
0	0.0	0.4014717336432356	([130], [130, 129])
0	0.0	0.40148164266753555	([621], [621, 620])
0	0.0	0.4015957786868251	([1158], [1158, 1157])
0	0.0	0.4016572528639189	([463], [463, 462])
0	0.0	0.4017429855920384	([609], [609, 608])
0	0.0	0.40182320601023996	([306], [306, 305])
0	0.0	0.40199079820083045	([822], [822, 821])
0	0.0	0.4020892661109983	([1027], [1027, 1026])
0	0.0	0.40214519660217923	([436], [436, 435])
0	0.0	0.40217111737281425	([1107], [1107, 1106])
0	0.0	0.40229115153371053	([1149], [1149, 1148])
0	0.0	0.4023586142493772	([192], [192, 191])
0	0.0	0.40254857964970925	([957], [957, 956])
0	0.0	0.40262797092575553	([335], [335, 334])
0	0.0	0.4028256199448573	([882], [882, 881])
0	0.0	0.4028539835957801	([540], [540, 537])
0	0.0	0.40304040257024204	([1028], [1028, 1027])
0	0.0	0.4030498440913006	([734], [734, 733])
0	0.0	0.40308466045190666	([595], [592, 591])
0	0.0	0.40317675416720883	([692], [692, 691])
0	0.0	0.4032095021278133	([919], [919, 918])
0	0.0	0.4032147652108228	([582], [582, 581])
0	0.0	0.40326070064923253	([856], [856, 855])
0	0.0	0.40329522134215784	([299], [299, 298])
0	0.0	0.4033507071686262	([177], [178, 176])
0	0.0	0.40337819234336175	([643], [643, 642])
0	0.0	0.40338996576270764	([993], [993, 992])
0	0.0	0.40341246319071405	([75], [75, 74])
0	0.0	0.4035026456126443	([982], [982, 981])
0	0.0	0.40350737482299864	([567], [567, 566])
0	0.0	0.403640319173255	([566], [566, 565])
0	0.0	0.40367412102074374	([664], [664, 663])
0	0.0	0.40373224410065855	([629], [629, 628])
0	0.0	0.4037663376047858	([906], [906, 905])
0	0.0	0.40389316288284344	([931], [931, 930])
0	0.0	0.40392696591843363	([491], [491, 490])
0	0.0	0.40393132829851014	([1115], [1115, 1114])
0	0.0	0.40394159640829996	([958], [958, 957])
0	0.0	0.4042113352321989	([89], [89, 88])
0	0.0	0.40430901797586255	([867], [867, 866])
0	0.0	0.4043391298065525	([1157], [1157, 1156])
0	0.0	0.4044940861837098	([195], [195, 194])
0	0.0	0.40455183828763575	([541], [541, 540])
0	0.0	0.4046151077483985	([741], [741, 740])
0	0.0	0.40465507103925186	([750], [750, 749])
0	0.0	0.4048357399364369	([724], [724, 723])
0	0.0	0.4049076089455081	([1062], [1062, 1061])
0	0.0	0.40501047730447265	([739], [739, 738])
0	0.0	0.4050394103222689	([1070], [1070, 1069])
0	0.0	0.40503988787948525	([1167], [1167, 1166])
0	0.0	0.40531180436747655	([558], [558, 557])
0	0.0	0.4053497254748723	([1116], [1116, 1115])
0	0.0	0.4054017064678857	([129], [129, 128])
0	0.0	0.40541124738333073	([666], [666, 665])
0	0.0	0.40541972243446517	([918], [918, 917])
0	0.0	0.40552890599550917	([1097], [1097, 1096])
0	0.0	0.4055361509503326	([1079], [1079, 1078])
0	0.0	0.4056445387764154	([155], [155, 154])
0	0.0	0.4057379940898233	([700], [700, 699])
0	0.0	0.4057989389840431	([742], [742, 739])
0	0.0	0.40582739198914763	([648], [648, 647])
1	0.3937449148858378	0.40588943974173947	([1009, 1004], [1009, 1008, 1004])
0	0.0	0.40590204898378585	([161], [161, 160])
0	0.0	0.40607588191258576	([474], [474, 473])
0	0.0	0.4060796197828358	([1151], [1151, 1150])
0	0.0	0.4060913623889688	([1217], [1217, 1216])
0	0.0	0.4062430952429114	([616], [616, 615])
0	0.0	0.4062689464871638	([95], [95, 94])
0	0.0	0.40629458021935844	([1168], [1168, 1167])
0	0.0	0.4063150806618943	([799], [799, 798])
0	0.0	0.40633707426889243	([992], [992, 991])
0	0.0	0.40650016388935273	([823], [823, 822])
0	0.0	0.40650570130294966	([428], [428, 426])
0	0.0	0.4065841243707828	([1150], [1150, 1149])
0	0.0	0.4067560688182392	([90], [90, 89])
0	0.0	0.406778231686142	([283], [283, 282])
0	0.0	0.40678029554520123	([1025], [1025, 1024])
0	0.0	0.40679678261331803	([976], [976, 975])
0	0.0	0.4067969258377338	([275], [275, 274])
0	0.0	0.4069194887375425	([646], [646, 644])
0	0.0	0.40696978901295633	([149], [149, 148])
0	0.0	0.40700664253514796	([122], [122, 121])
0	0.0	0.40701281341284107	([875], [875, 874])
0	0.0	0.40706182695848	([873], [873, 872])
0	0.0	0.40727401499260923	([827], [827, 826])
0	0.0	0.40729450601367384	([691], [691, 690])
0	0.0	0.4072969575710817	([662], [662, 661])
0	0.0	0.4073711553902157	([123], [123, 122])
0	0.0	0.40737712299250023	([196], [196, 195])
0	0.0	0.40745826132469526	([924], [924, 923])
0	0.0	0.4075081892246612	([169], [169, 168])
0	0.0	0.4075902868402778	([959], [959, 958])
0	0.0	0.4076731445946162	([697], [697, 696])
0	0.0	0.4076897849048679	([878], [878, 877])
0	0.0	0.4077968647985238	([678], [678, 677])
0	0.0	0.40780283927029876	([1081], [1081, 1080])
0	0.0	0.40787784039177377	([1104], [1104, 1103])
0	0.0	0.4078872684998694	([1102], [1102, 1101])
0	0.0	0.40804101700015954	([1077], [1077, 1076])
0	0.0	0.408233729656621	([601], [601, 600])
0	0.0	0.4082874913996419	([985], [985, 984])
0	0.0	0.40829515657376353	([307], [307, 306])
0	0.0	0.40833333582961395	([814], [814, 813])
0	0.0	0.40835410506624487	([825], [825, 824])
0	0.0	0.4084353893661589	([828], [828, 827])
0	0.0	0.408471267676827	([716], [716, 715])
0	0.0	0.4084873139346647	([746], [746, 745])
0	0.0	0.4085455880905004	([821], [821, 820])
0	0.0	0.4085815705582477	([807], [807, 806])
0	0.0	0.40860538813202735	([452], [452, 451])
0	0.0	0.40886888262477844	([349], [349, 348])
0	0.0	0.4088814626894691	([288], [288, 287])
0	0.0	0.408987656139818	([665], [665, 664])
0	0.0	0.40900949692742333	([820], [820, 819])
0	0.0	0.40908581382522774	([860], [860, 859])
0	0.0	0.40917629614015855	([644], [644, 643])
0	0.0	0.40920222358983344	([1050], [1050, 1049])
0	0.0	0.4092262221961318	([690], [690, 689])
0	0.0	0.4092537201514009	([1210], [1210, 1209])
0	0.0	0.40932886507325866	([501], [501, 500])
0	0.0	0.4094228586239687	([1106], [1106, 1105])
0	0.0	0.40945542294833387	([824], [824, 823])
0	0.0	0.4094606416473468	([345], [345, 344])
0	0.0	0.409464424536406	([473], [473, 472])
0	0.0	0.40960497816766217	([1176], [1176, 1175])
0	0.0	0.40965506330535956	([557], [557, 556])
0	0.0	0.409820904145771	([857], [857, 856])
0	0.0	0.409918934860925	([709], [709, 708])
0	0.0	0.4100368832072282	([1042], [1042, 1041])
0	0.0	0.4100911257528496	([893], [893, 892])
0	0.0	0.41014382397565413	([685], [685, 684])
0	0.0	0.41021122171424057	([156], [156, 155])
0	0.0	0.410240356910019	([447], [447, 446])
0	0.0	0.4103631236210839	([500], [500, 499])
0	0.0	0.410372226681865	([162], [162, 161])
0	0.0	0.4104255943965723	([1212], [1212, 1211])
0	0.0	0.41049800674336984	([483], [483, 482])
0	0.0	0.4105735912029745	([163], [163, 162])
0	0.0	0.4105988760674562	([287], [287, 286])
0	0.0	0.4107488455117782	([1067], [1067, 1066])
0	0.0	0.4107688092567487	([877], [877, 876])
0	0.0	0.4108634915290335	([74], [74, 73])
0	0.0	0.41093425129246325	([711], [711, 710])
0	0.0	0.41093565788404574	([247], [247, 244])
0	0.0	0.41095425402201496	([645], [645, 644])
0	0.0	0.4111731630399624	([548], [548, 547])
0	0.0	0.41122614221998893	([465], [465, 464])
0	0.0	0.4112454895384815	([1043], [1043, 1042])
0	0.0	0.4113535717640502	([1019], [1019, 1018])
0	0.0	0.41139645381304063	([1170], [1170, 1169])
0	0.0	0.41176807476414085	([721], [721, 720])
0	0.0	0.41181233700124864	([938], [938, 937])
0	0.0	0.41182980090427335	([464], [464, 463])
0	0.0	0.4119267445302032	([747], [747, 746])
0	0.0	0.41200196400430195	([101], [101, 100])
0	0.0	0.41206737929613874	([591], [591, 590])
0	0.0	0.4120889590787383	([127], [127, 126])
0	0.0	0.4121713707716567	([837], [837, 836])
0	0.0	0.4121983729465902	([1142], [1142, 1141])
0	0.0	0.41221807626563006	([327], [327, 326])
0	0.0	0.41224775704988226	([58], [58, 57])
0	0.0	0.4123179246229471	([429], [429, 428])
0	0.0	0.41243585204545513	([1082], [1082, 1081])
0	0.0	0.41243943627276614	([426], [426, 425])
0	0.0	0.4124839079985048	([917], [917, 916])
0	0.0	0.41257592631142265	([810], [810, 809])
0	0.0	0.41262790006462124	([883], [883, 882])
0	0.0	0.4127207937206154	([996], [996, 995])
0	0.0	0.4127404511327132	([386], [386, 385])
0	0.0	0.41280800498469783	([1143], [1143, 1142])
0	0.0	0.4128258371629334	([431], [431, 430])
0	0.0	0.4130142678499169	([618], [618, 617])
0	0.0	0.4130201305702275	([819], [819, 818])
0	0.0	0.41313694045228905	([806], [806, 805])
0	0.0	0.41321310953786117	([809], [809, 808])
0	0.0	0.4134936479394797	([698], [698, 697])
0	0.0	0.41357076084429695	([1103], [1103, 1102])
0	0.0	0.4136214644924246	([1214], [1214, 1213])
0	0.0	0.4137000809505481	([864], [864, 863])
0	0.0	0.4138843432574493	([368], [368, 367])
0	0.0	0.41405875824103844	([613], [613, 612])
0	0.0	0.4142310334566744	([831], [831, 830])
0	0.0	0.4143676857594821	([444], [444, 443])
0	0.0	0.41440651225159164	([970], [970, 969])
0	0.0	0.4146354441669969	([154], [154, 153])
0	0.0	0.41466447863928785	([430], [430, 428])
0	0.0	0.41466875422247645	([835], [835, 834])
0	0.0	0.41471765965779456	([503], [503, 502])
0	0.0	0.4147323682918586	([858], [858, 857])
0	0.0	0.4147521115951995	([488], [488, 487])
0	0.0	0.41482127284198345	([795], [795, 794])
0	0.0	0.41486175098195827	([454], [454, 453])
0	0.0	0.41510171672985446	([1215], [1215, 1214])
0	0.0	0.4151375806877474	([144], [144, 143])
0	0.0	0.41514529256768135	([425], [425, 424])
0	0.0	0.4151796052975022	([815], [815, 814])
0	0.0	0.41532345323003056	([997], [997, 996])
0	0.0	0.4153335929940743	([735], [735, 734])
0	0.0	0.41535995384603225	([259], [259, 258])
0	0.0	0.4153822508402663	([128], [128, 127])
0	0.0	0.4153834008550348	([460], [460, 459])
0	0.0	0.4153884456480359	([696], [696, 695])
0	0.0	0.4153898213953778	([797], [797, 796])
0	0.0	0.41551210296199165	([311], [311, 310])
0	0.0	0.41555698075714315	([817], [817, 816])
0	0.0	0.41566557256395237	([274], [274, 273])
0	0.0	0.4156823062703839	([549], [549, 548])
0	0.0	0.41578295977842794	([684], [684, 683])
0	0.0	0.4158851774569759	([679], [679, 678])
0	0.0	0.4160800375796286	([612], [612, 611])
0	0.0	0.41608314068709873	([988], [988, 987])
0	0.0	0.41612589982569365	([153], [153, 152])
0	0.0	0.4163001234608011	([317], [317, 316])
0	0.0	0.4163029259487527	([984], [984, 983])
0	0.0	0.4163396785566988	([158], [158, 157])
0	0.0	0.4165977215632191	([846], [846, 845])
0	0.0	0.41667279411737307	([838], [838, 837])
0	0.0	0.4167470790616921	([1122], [1122, 1121])
0	0.0	0.4167688000836877	([628], [629, 626])
0	0.0	0.41689184217823355	([896], [896, 895])
0	0.0	0.41692331255857246	([176], [178, 175])
0	0.0	0.4169633569546832	([530], [530, 529])
0	0.0	0.41698178101834615	([986], [986, 985])
0	0.0	0.41701378115073445	([181], [181, 180])
0	0.0	0.41703264122672395	([536], [536, 535])
0	0.0	0.4170868603993575	([852], [852, 851])
0	0.0	0.41708750643193276	([744], [744, 743])
0	0.0	0.4171322914585948	([479], [479, 478])
0	0.0	0.4173737427134764	([1031], [1031, 1030])
0	0.0	0.4173847610919515	([547], [547, 546])
0	0.0	0.4175579957731837	([200], [200, 199])
0	0.0	0.41757975138651965	([898], [898, 897])
0	0.0	0.4177303001303327	([798], [798, 797])
0	0.0	0.41785574010113463	([834], [834, 833])
0	0.0	0.4178755078648912	([528], [528, 527])
0	0.0	0.4179262669402933	([650], [650, 649])
0	0.0	0.417988156506873	([1041], [1041, 1040])
0	0.0	0.4180919151511829	([967], [967, 966])
0	0.0	0.418132117921802	([57], [57, 56])
0	0.0	0.41817681656686817	([897], [897, 896])
0	0.0	0.418220281451299	([276], [276, 275])
0	0.0	0.41829286819788053	([832], [832, 831])
0	0.0	0.41840702896198717	([577], [577, 576])
0	0.0	0.4184288400425367	([743], [743, 742])
0	0.0	0.4184482697376228	([983], [983, 982])
0	0.0	0.4185258152463548	([808], [808, 807])
0	0.0	0.41871172274999785	([892], [892, 891])
0	0.0	0.4187993720702224	([863], [863, 862])
0	0.0	0.41891306819474133	([348], [348, 347])
0	0.0	0.41892308284893354	([352], [352, 351])
0	0.0	0.41893477304019894	([836], [836, 835])
0	0.0	0.4190914577179568	([476], [476, 475])
0	0.0	0.41917159227611916	([1086], [1086, 1085])
0	0.0	0.4191945583395704	([851], [851, 850])
0	0.0	0.41923604531491027	([580], [580, 579])
0	0.0	0.4192589857879224	([953], [953, 952])
0	0.0	0.4193911156833659	([922], [922, 921])
1	0.4106328596713921	0.41945677628741146	([1203, 1195], [1203, 1199, 1195])
0	0.0	0.4195217608598784	([1156], [1156, 1155])
0	0.0	0.4195571338449455	([159], [159, 158])
0	0.0	0.41965292099791557	([585], [581, 580])
0	0.0	0.4197052856846748	([801], [801, 800])
0	0.0	0.4197655813949758	([859], [859, 858])
0	0.0	0.41978270954799196	([346], [346, 345])
0	0.0	0.419853803989016	([380], [380, 379])
0	0.0	0.4200631911580977	([886], [886, 885])
0	0.0	0.4202327931355861	([818], [818, 817])
0	0.0	0.4202335257429801	([954], [954, 953])
0	0.0	0.420331854975165	([301], [301, 300])
0	0.0	0.42046943180617374	([116], [116, 115])
0	0.0	0.4206080521303108	([872], [872, 871])
0	0.0	0.42062160141209326	([347], [348, 346])
0	0.0	0.4207210773912062	([955], [955, 954])
0	0.0	0.4208419603890727	([830], [830, 829])
0	0.0	0.4209006327039663	([437], [437, 436])
0	0.0	0.4209648823177081	([369], [369, 368])
0	0.0	0.4209722285151731	([787], [787, 786])
0	0.0	0.4210760784170798	([916], [916, 915])
0	0.0	0.42126043288108156	([712], [712, 711])
0	0.0	0.42148256611981144	([610], [610, 609])
0	0.0	0.4214890690525191	([909], [909, 908])
0	0.0	0.42156693121136374	([775], [775, 774])
0	0.0	0.4215815724982124	([1000], [1000, 999])
0	0.0	0.4216014384174118	([689], [689, 688])
0	0.0	0.4216579385840337	([874], [874, 873])
0	0.0	0.4217799200323567	([968], [968, 967])
0	0.0	0.4218967821008873	([894], [894, 893])
0	0.0	0.42206314012373847	([652], [652, 651])
0	0.0	0.4221216754356863	([771], [771, 770])
0	0.0	0.4222532953557246	([160], [160, 159])
0	0.0	0.42225698713188636	([939], [939, 938])
0	0.0	0.42238947505993324	([271], [271, 270])
0	0.0	0.4223968234573083	([1154], [1154, 1153])
0	0.0	0.4225155583623869	([1216], [1216, 1215])
0	0.0	0.42255674724515646	([812], [812, 811])
0	0.0	0.42275938706897226	([1045], [1045, 1044])
0	0.0	0.42277392627151567	([1054], [1054, 1053])
0	0.0	0.42278977136991946	([1078], [1078, 1077])
0	0.0	0.4228141331380881	([640], [640, 639])
0	0.0	0.4229058009532164	([862], [862, 861])
0	0.0	0.4229158065980093	([890], [890, 889])
0	0.0	0.4229245710141299	([1211], [1211, 1210])
0	0.0	0.4230517561714059	([470], [470, 469])
0	0.0	0.4230549402066417	([576], [576, 575])
0	0.0	0.4230955532181901	([370], [370, 369])
0	0.0	0.4230985128673005	([951], [951, 950])
0	0.0	0.4231582734435339	([1040], [1040, 1039])
0	0.0	0.423166825545386	([379], [379, 378])
0	0.0	0.42325808023706796	([839], [839, 838])
0	0.0	0.42342132442396574	([381], [381, 380])
0	0.0	0.42342598219093186	([475], [475, 474])
0	0.0	0.4239771226406053	([848], [848, 847])
0	0.0	0.4241276877514511	([1020], [1020, 1019])
0	0.0	0.42422962303445727	([245], [245, 244])
0	0.0	0.42434928190058535	([1023], [1023, 1022])
0	0.0	0.4243759960385473	([791], [791, 790])
0	0.0	0.42437999797434234	([1039], [1039, 1038])
0	0.0	0.42442322241902725	([899], [899, 898])
0	0.0	0.4244483215197152	([829], [829, 828])
0	0.0	0.42451682429658016	([889], [889, 888])
0	0.0	0.4245603684207791	([881], [881, 879])
0	0.0	0.4245858292285682	([439], [439, 438])
0	0.0	0.4246569685595173	([865], [865, 864])
0	0.0	0.4246806030766871	([413], [413, 412])
0	0.0	0.42472184551327136	([720], [720, 719])
1	0.39623888799192153	0.424779586578761	([731, 726], [731, 730, 727])
0	0.0	0.4250167581432204	([121], [121, 119])
0	0.0	0.4250587565703151	([948], [948, 947])
0	0.0	0.42506889048112245	([529], [529, 528])
0	0.0	0.42512341845868024	([472], [472, 471])
0	0.0	0.4252404751975782	([446], [446, 445])
0	0.0	0.42527924398929257	([699], [699, 698])
0	0.0	0.4253244555882806	([617], [617, 616])
0	0.0	0.4253246266586603	([971], [971, 970])
0	0.0	0.4253671009183844	([888], [888, 887])
0	0.0	0.42563926449497713	([507], [507, 506])
0	0.0	0.4256854956910957	([151], [151, 150])
0	0.0	0.4256886452694873	([804], [804, 803])
0	0.0	0.4260591908516493	([480], [480, 479])
0	0.0	0.4262446888933593	([342], [342, 341])
0	0.0	0.4262561452434956	([1073], [1073, 1072])
0	0.0	0.42634039584892897	([360], [360, 359])
0	0.0	0.42634707972609204	([774], [774, 773])
0	0.0	0.42639780803779787	([911], [911, 910])
0	0.0	0.42640374914021684	([1096], [1096, 1095])
0	0.0	0.42640792275138356	([670], [670, 669])
0	0.0	0.42640815676072324	([455], [455, 454])
0	0.0	0.4264084069211551	([260], [260, 259])
0	0.0	0.42654783433848137	([756], [756, 755])
0	0.0	0.4265869784580819	([481], [481, 480])
0	0.0	0.42665708769131655	([1155], [1155, 1154])
0	0.0	0.42671538503021866	([56], [56, 55])
0	0.0	0.42674849623854966	([710], [710, 709])
0	0.0	0.42681259185705	([987], [987, 986])
0	0.0	0.4268950616714375	([998], [998, 997])
0	0.0	0.4269800955271173	([956], [956, 955])
1	0.4174297312788864	0.4271011682095241	([735, 732], [735, 734, 732])
0	0.0	0.42711312036966353	([1084], [1084, 1082])
0	0.0	0.42721623163995054	([803], [803, 802])
0	0.0	0.42728029077969215	([107], [107, 106])
0	0.0	0.42732808391895616	([382], [382, 381])
0	0.0	0.427343040600232	([443], [443, 442])
0	0.0	0.42739640934528467	([964], [964, 963])
0	0.0	0.4276593598632658	([358], [358, 357])
1	0.42235586993005353	0.4277879707324148	([60, 57], [60, 59, 58])
0	0.0	0.42787987065348104	([278], [278, 277])
0	0.0	0.427891387044593	([901], [901, 900])
0	0.0	0.4279654826789068	([114], [114, 113])
0	0.0	0.42797699521976706	([1095], [1095, 1094])
0	0.0	0.42801445405610344	([914], [914, 913])
0	0.0	0.4280301139785179	([667], [667, 666])
0	0.0	0.4280338665692099	([631], [631, 630])
0	0.0	0.4281525646620117	([649], [649, 648])
0	0.0	0.4281561147212401	([98], [98, 97])
0	0.0	0.42837459852237736	([653], [653, 652])
0	0.0	0.4284133973444119	([355], [355, 354])
0	0.0	0.4284198147169607	([502], [502, 501])
0	0.0	0.4286020412737091	([713], [713, 712])
0	0.0	0.4286693578120295	([910], [910, 909])
0	0.0	0.4286775613162412	([904], [904, 903])
0	0.0	0.4289804291329579	([509], [518, 507])
0	0.0	0.4291918664498537	([1120], [1120, 1119])
0	0.0	0.4293181642748082	([560], [560, 559])
0	0.0	0.42934430627549025	([378], [378, 377])
0	0.0	0.42936233563063747	([308], [308, 40])
0	0.0	0.4293898520546619	([350], [350, 349])
0	0.0	0.4294412718602195	([868], [868, 867])
0	0.0	0.42956531870976616	([357], [357, 356])
0	0.0	0.4297893319369806	([891], [891, 890])
0	0.0	0.4298336416095149	([912], [912, 911])
0	0.0	0.4298662329013431	([915], [915, 914])
0	0.0	0.43007749883756596	([152], [152, 151])
0	0.0	0.43011226238838207	([319], [319, 318])
0	0.0	0.4301180125881084	([1052], [1052, 1051])
0	0.0	0.43013510570924496	([783], [783, 782])
0	0.0	0.4301568812452497	([334], [334, 333])
0	0.0	0.43018595235263224	([523], [523, 522])
0	0.0	0.43018810678455144	([343], [343, 240])
0	0.0	0.4302094431914055	([611], [611, 610])
0	0.0	0.4302771278687459	([256], [256, 255])
0	0.0	0.4304673461077431	([880], [880, 879])
0	0.0	0.4305459664239945	([1074], [1074, 1073])
0	0.0	0.4305539811832843	([811], [811, 810])
0	0.0	0.4305689057584127	([870], [870, 869])
0	0.0	0.43068466609509387	([91], [91, 90])
0	0.0	0.43076679027293163	([785], [785, 784])
0	0.0	0.4310210170799051	([372], [372, 371])
0	0.0	0.4313324436647084	([565], [565, 564])
0	0.0	0.4314179405400625	([632], [632, 631])
0	0.0	0.43144234125927233	([850], [850, 849])
0	0.0	0.431526470087413	([338], [338, 337])
0	0.0	0.4315334431752323	([869], [869, 868])
0	0.0	0.4315803260486753	([802], [802, 801])
0	0.0	0.431630340981953	([900], [900, 899])
0	0.0	0.43165464350298227	([441], [441, 440])
0	0.0	0.4318996478153	([778], [778, 777])
0	0.0	0.43190428232653993	([71], [71, 70])
0	0.0	0.431987886347282	([719], [719, 718])
0	0.0	0.4320422833425711	([937], [937, 936])
0	0.0	0.4321556710910181	([847], [847, 846])
0	0.0	0.4322730710344463	([438], [438, 437])
0	0.0	0.43229259975681017	([458], [458, 457])
0	0.0	0.4323284114955419	([199], [199, 198])
0	0.0	0.43236152576445913	([786], [786, 785])
0	0.0	0.4324335017627595	([92], [92, 91])
0	0.0	0.4324665952245911	([833], [833, 832])
0	0.0	0.43247618878989674	([849], [849, 848])
0	0.0	0.4324958974822783	([148], [148, 147])
0	0.0	0.43250447117025514	([171], [171, 170])
0	0.0	0.4325900411500364	([800], [800, 799])
0	0.0	0.43276548634622874	([928], [928, 927])
0	0.0	0.4327747129569301	([952], [952, 951])
0	0.0	0.4329580099341999	([962], [962, 961])
0	0.0	0.4330363770855426	([1051], [1051, 1050])
0	0.0	0.43305061560290575	([330], [330, 329])
1	0.4201635272820457	0.43316815423879335	([744, 738], [744, 743, 739])
0	0.0	0.43325583162518655	([203], [203, 202])
0	0.0	0.43351698703962516	([328], [328, 327])
0	0.0	0.4337014147650209	([261], [261, 35])
0	0.0	0.4338644083131485	([615], [615, 614])
0	0.0	0.43399511287379716	([385], [385, 384])
0	0.0	0.4340426445288515	([147], [147, 146])
0	0.0	0.43412130655534736	([246], [246, 245])
0	0.0	0.43419379721903417	([108], [108, 107])
0	0.0	0.4344060729137062	([974], [974, 973])
0	0.0	0.43444881972705024	([947], [947, 946])
0	0.0	0.4345682034646648	([383], [383, 382])
0	0.0	0.4345746252743246	([773], [773, 772])
0	0.0	0.4346344782063701	([1072], [1072, 1071])
0	0.0	0.4346394846828536	([351], [351, 350])
0	0.0	0.4347792877416233	([963], [963, 962])
0	0.0	0.43484496090819397	([376], [376, 375])
0	0.0	0.4348459219703265	([755], [755, 754])
0	0.0	0.43487961774615597	([322], [322, 321])
0	0.0	0.4349046968692052	([367], [367, 366])
0	0.0	0.43491681419392353	([329], [329, 328])
0	0.0	0.4350034793151378	([318], [318, 317])
0	0.0	0.43545642395864104	([174], [174, 173])
0	0.0	0.43546940456672073	([266], [266, 265])
0	0.0	0.43552339688448155	([946], [946, 945])
0	0.0	0.4355400134403015	([442], [442, 441])
0	0.0	0.4356154038620662	([781], [781, 780])
0	0.0	0.4356300126471299	([871], [872, 870])
0	0.0	0.4356640869689316	([1076], [1076, 1075])
0	0.0	0.4357005896536947	([926], [926, 925])
0	0.0	0.43582742143868	([1121], [1121, 1120])
0	0.0	0.43592583884027925	([972], [972, 971])
0	0.0	0.4359870100554623	([221], [221, 220])
0	0.0	0.4360089110925798	([109], [109, 108])
0	0.0	0.4362968854895969	([373], [373, 372])
0	0.0	0.4363421292170165	([414], [414, 413])
0	0.0	0.4363971554864031	([1053], [1053, 1052])
0	0.0	0.43656893493258697	([559], [559, 558])
0	0.0	0.4365828813156535	([1037], [1037, 1036])
0	0.0	0.4366654425949871	([961], [961, 960])
0	0.0	0.4368183448271395	([143], [143, 142])
0	0.0	0.4368273640031513	([316], [316, 315])
0	0.0	0.43700714892339665	([40], [308, 35])
0	0.0	0.43707285851146593	([777], [777, 776])
0	0.0	0.43714273697653466	([102], [102, 101])
0	0.0	0.4372533764977599	([263], [263, 262])
0	0.0	0.4374359583073111	([364], [364, 363])
0	0.0	0.4375024242519756	([482], [482, 481])
0	0.0	0.43753871182941984	([477], [477, 476])
0	0.0	0.43766351448323754	([524], [524, 522])
0	0.0	0.4376748204350724	([93], [93, 92])
0	0.0	0.43770461027587715	([309], [309, 35])
0	0.0	0.4378019045830586	([1046], [1046, 1045])
0	0.0	0.4379425207939854	([923], [923, 922])
0	0.0	0.43796424614407076	([73], [73, 72])
0	0.0	0.43797939324072543	([913], [913, 912])
0	0.0	0.43800123300181826	([375], [375, 374])
0	0.0	0.43813083489675353	([333], [333, 332])
0	0.0	0.4381709642046846	([642], [642, 641])
0	0.0	0.43825397432624913	([363], [363, 362])
0	0.0	0.4384262678220438	([506], [509, 508])
0	0.0	0.4384821209056838	([478], [478, 477])
0	0.0	0.4385153631925277	([175], [175, 174])
0	0.0	0.43862164970875456	([390], [390, 389])
0	0.0	0.4387857930768502	([362], [362, 361])
0	0.0	0.4387907256514267	([999], [999, 998])
0	0.0	0.43882596840352045	([146], [146, 145])
0	0.0	0.43903788874756816	([1075], [1076, 1074])
0	0.0	0.43908480447822235	([457], [457, 456])
0	0.0	0.43913298555569796	([440], [440, 439])
0	0.0	0.4391465128532365	([960], [960, 959])
0	0.0	0.43915784795324925	([794], [794, 793])
0	0.0	0.4392119302600641	([65], [65, 64])
0	0.0	0.4392384309949083	([1034], [1034, 1033])
0	0.0	0.4396115723175717	([780], [780, 779])
0	0.0	0.43969763372775494	([776], [776, 775])
0	0.0	0.4397004741015039	([374], [374, 373])
0	0.0	0.43978031016997504	([70], [70, 69])
0	0.0	0.43997615748360125	([658], [658, 657])
0	0.0	0.4400017994843631	([546], [546, 545])
0	0.0	0.44002485456312196	([97], [97, 96])
0	0.0	0.44003956115426596	([933], [933, 932])
0	0.0	0.4400798875876602	([772], [772, 771])
0	0.0	0.4404094829425101	([927], [927, 926])
0	0.0	0.4405341939664098	([226], [226, 225])
0	0.0	0.44057601606155683	([792], [792, 791])
0	0.0	0.4407614421811424	([887], [887, 886])
0	0.0	0.4408350672286154	([218], [218, 217])
0	0.0	0.440947524591222	([1036], [1036, 1035])
0	0.0	0.4410019557686037	([1221], [1221, 1220])
0	0.0	0.44107660475178534	([321], [321, 320])
0	0.0	0.4411124081895197	([638], [635, 634])
0	0.0	0.44123690135684424	([361], [361, 360])
0	0.0	0.44144541032580603	([805], [805, 804])
0	0.0	0.44144831748540775	([663], [663, 662])
0	0.0	0.44161815029473456	([113], [113, 112])
1	0.4401377555568069	0.44176816176123607	([891, 888], [891, 890, 888])
0	0.0	0.4420370602520482	([941], [941, 940])
0	0.0	0.44204831046442467	([384], [384, 383])
0	0.0	0.44211868265838605	([668], [668, 667])
0	0.0	0.4424362847086945	([145], [145, 144])
0	0.0	0.4425133881174677	([641], [641, 640])
0	0.0	0.44257428571261015	([975], [975, 973])
0	0.0	0.44272763001115906	([1071], [1071, 1070])
0	0.0	0.4428826804665308	([104], [104, 103])
0	0.0	0.4430694624023763	([614], [614, 613])
0	0.0	0.4432783193766366	([359], [359, 358])
0	0.0	0.4433532115687719	([332], [332, 331])
0	0.0	0.44338551762835066	([103], [103, 102])
0	0.0	0.44342699462348684	([788], [788, 787])
0	0.0	0.4435173839369048	([434], [434, 433])
0	0.0	0.4435248440058331	([469], [469, 468])
0	0.0	0.44355512511367007	([305], [305, 304])
0	0.0	0.4436016219617657	([219], [219, 218])
0	0.0	0.4436625858328027	([356], [356, 355])
0	0.0	0.44367189077289876	([267], [267, 266])
0	0.0	0.44369573008192786	([495], [495, 494])
0	0.0	0.4437258403559848	([337], [337, 336])
0	0.0	0.44384887784220894	([170], [170, 169])
0	0.0	0.4443324296328241	([336], [336, 335])
0	0.0	0.44450696926199107	([236], [236, 235])
0	0.0	0.4445283066063707	([339], [339, 338])
0	0.0	0.44455174830348476	([115], [115, 114])
0	0.0	0.44460557701508835	([489], [489, 488])
0	0.0	0.44473033802950107	([945], [945, 944])
0	0.0	0.44487769763972373	([304], [304, 303])
1	0.4443966642925556	0.4448890394222302	([1103, 1100], [1103, 1102, 1101])
0	0.0	0.4452104651356465	([456], [456, 455])
0	0.0	0.44529389797847935	([1038], [1038, 1037])
0	0.0	0.4453669106907375	([789], [789, 788])
0	0.0	0.4453841167967772	([1035], [1084, 1083])
0	0.0	0.4454952881282914	([313], [313, 312])
0	0.0	0.4460018676537984	([112], [121, 120])
0	0.0	0.4460690778994642	([270], [270, 269])
0	0.0	0.44612715119313223	([220], [220, 219])
1	0.4456206056199507	0.44618993648322447	([1145, 1141], [1145, 1143, 1141])
0	0.0	0.4462855218771053	([790], [790, 789])
0	0.0	0.44634419674346043	([340], [340, 35])
0	0.0	0.44638800035181114	([445], [445, 444])
0	0.0	0.4464007858231412	([172], [172, 171])
0	0.0	0.44646298178264615	([902], [902, 901])
0	0.0	0.4466016092825582	([354], [354, 353])
0	0.0	0.44675608904189673	([494], [494, 493])
0	0.0	0.44676697421436606	([562], [562, 560])
0	0.0	0.4470687409553786	([377], [377, 376])
0	0.0	0.44714558320299735	([204], [204, 203])
0	0.0	0.4471675644906799	([490], [490, 489])
1	0.4396694354980688	0.44725137162458717	([1206, 1197], [1206, 1203, 1201])
0	0.0	0.44749403572250773	([62], [62, 61])
0	0.0	0.44750419953482007	([561], [561, 560])
0	0.0	0.4476680364371136	([471], [471, 470])
0	0.0	0.4479430222117327	([69], [69, 68])
0	0.0	0.4479693672804115	([779], [779, 778])
0	0.0	0.4480447663069113	([320], [320, 319])
0	0.0	0.44811595468368715	([277], [277, 276])
0	0.0	0.44811965406744475	([55], [56, 54])
0	0.0	0.44822597084671284	([564], [564, 563])
0	0.0	0.44826592069731164	([72], [72, 71])
0	0.0	0.44827122935491337	([563], [563, 562])
0	0.0	0.4485884003508454	([228], [228, 227])
0	0.0	0.44876021694104984	([715], [715, 714])
0	0.0	0.44884428726642306	([944], [944, 942])
1	0.44646252665116615	0.44907915126538334	([863, 860], [863, 862, 861])
0	0.0	0.44911192768700403	([331], [331, 330])
0	0.0	0.4493509528144546	([1200], [1200, 40])
0	0.0	0.44937616272355513	([661], [661, 660])
0	0.0	0.4494220654610842	([315], [315, 314])
0	0.0	0.4494252501263581	([353], [353, 352])
0	0.0	0.44970460877419743	([1083], [1035, 1034])
0	0.0	0.4497219198542736	([254], [254, 253])
0	0.0	0.4498292499678136	([201], [201, 200])
0	0.0	0.4498408004358581	([782], [782, 781])
0	0.0	0.4499437864911007	([943], [943, 942])
0	0.0	0.44994740225685276	([1033], [1033, 1032])
0	0.0	0.4502891876306919	([242], [242, 240])
0	0.0	0.45052517964929706	([96], [96, 95])
0	0.0	0.450689899774627	([934], [934, 933])
0	0.0	0.4507969002053693	([1016], [1016, 1015])
0	0.0	0.45085245443711314	([53], [53, 50])
0	0.0	0.45094875274672447	([222], [222, 35])
0	0.0	0.4509859201710425	([687], [687, 686])
1	0.4461846587551277	0.4510015117640089	([576, 572], [576, 575, 572])
0	0.0	0.4510899357002414	([206], [206, 205])
0	0.0	0.4512374446920856	([403], [403, 402])
0	0.0	0.45193896920448356	([341], [341, 339])
0	0.0	0.45226399917710464	([435], [435, 434])
0	0.0	0.4523960898991033	([365], [365, 364])
0	0.0	0.45241389249215824	([264], [264, 263])
0	0.0	0.4526258366951076	([265], [265, 264])
0	0.0	0.4531291921838604	([268], [268, 267])
0	0.0	0.45317459684430544	([61], [61, 60])
0	0.0	0.4531748382929088	([1032], [1032, 1031])
0	0.0	0.4534214795556403	([714], [714, 713])
0	0.0	0.45360617649315865	([1017], [1017, 1016])
0	0.0	0.4536964780188498	([936], [937, 934])
0	0.0	0.45370689748134335	([671], [671, 669])
0	0.0	0.4538672734432306	([389], [389, 388])
0	0.0	0.4539594706637168	([422], [422, 421])
0	0.0	0.4539637082292933	([225], [225, 224])
0	0.0	0.4539958904250337	([197], [197, 196])
1	0.4499602184408933	0.45429053130181135	([848, 841], [848, 847, 845])
0	0.0	0.45433676264358924	([94], [94, 93])
0	0.0	0.4543854325821417	([198], [198, 197])
0	0.0	0.45470148037946295	([202], [202, 201])
0	0.0	0.4548651925323104	([688], [688, 686])
0	0.0	0.454874597681019	([209], [209, 208])
0	0.0	0.454906875960917	([67], [67, 66])
0	0.0	0.4549637397120659	([68], [68, 67])
0	0.0	0.45501207683854666	([326], [326, 323])
0	0.0	0.455243407542858	([105], [105, 104])
0	0.0	0.4555638736096844	([940], [940, 939])
0	0.0	0.45571257630926065	([269], [269, 268])
0	0.0	0.45582563022599226	([255], [255, 254])
0	0.0	0.4558997984978304	([64], [64, 63])
0	0.0	0.4559574406054678	([903], [903, 902])
0	0.0	0.4560913897365293	([366], [366, 365])
0	0.0	0.4564951531263343	([106], [106, 105])
0	0.0	0.45657104616104977	([1015], [1015, 1014])
0	0.0	0.45663184513688454	([10], [10, 0])
0	0.0	0.4566347188989697	([100], [100, 99])
0	0.0	0.4571156470418148	([110], [110, 109])
0	0.0	0.45737078023327843	([20], [20, 19])
1	0.4507210914559448	0.4574336528968024	([520, 506], [520, 518, 507])
0	0.0	0.4574855294445479	([314], [314, 313])
0	0.0	0.45755203426572016	([66], [66, 65])
0	0.0	0.4575684725403591	([1021], [1021, 1020])
0	0.0	0.45821187265433877	([99], [99, 98])
0	0.0	0.4588953487924438	([417], [417, 416])
0	0.0	0.45910375345467563	([423], [423, 422])
0	0.0	0.45922659513504244	([42], [42, 32])
0	0.0	0.45935263300317597	([54], [54, 51])
0	0.0	0.4598562836700597	([1022], [1022, 1021])
0	0.0	0.4599927238979193	([660], [687, 240])
0	0.0	0.460224928039693	([120], [112, 111])
0	0.0	0.4603125324035027	([273], [273, 272])
1	0.4541998037173552	0.4603805239640559	([90, 78], [90, 88, 78])
0	0.0	0.46068392453294293	([419], [419, 418])
0	0.0	0.46069162052570883	([793], [793, 792])
0	0.0	0.46085076163903876	([52], [52, 51])
0	0.0	0.46124881291060527	([224], [224, 223])
1	0.458231070438579	0.46153595222620697	([1161, 1155], [1161, 1158, 1156])
0	0.0	0.4616754837825161	([420], [420, 6])
0	0.0	0.46211058017940937	([1018], [1020, 1016])
0	0.0	0.4621510257832163	([492], [492, 3])
0	0.0	0.4626268703922645	([240], [660, 659])
0	0.0	0.46285115769604984	([391], [391, 390])
0	0.0	0.4629591231961382	([49], [49, 48])
0	0.0	0.4629885871361484	([1088], [1088, 1086])
0	0.0	0.46320995186903097	([258], [258, 257])
0	0.0	0.46340571330763286	([217], [217, 216])
0	0.0	0.46342233638384783	([272], [272, 271])
0	0.0	0.46389609903525836	([111], [111, 110])
1	0.4478127890490532	0.46405753576322145	([1219, 1214], [1219, 1217, 1214])
0	0.0	0.46424610087116924	([210], [210, 3])
0	0.0	0.4649179571849935	([51], [55, 53])
0	0.0	0.46525986473380165	([229], [229, 228])
0	0.0	0.4652790489854535	([11], [11, 10])
0	0.0	0.4653435685851717	([213], [213, 3])
0	0.0	0.4655647514737013	([257], [257, 256])
1	0.45419650606463485	0.4657732081496868	([142, 125], [142, 140, 126])
0	0.0	0.46608464542636124	([13], [13, 1])
0	0.0	0.46679632993187853	([214], [214, 213])
0	0.0	0.4669288718409599	([784], [784, 783])
0	0.0	0.46716696473289754	([303], [303, 300])
0	0.0	0.4673107902410674	([31], [31, 30])
0	0.0	0.4674343939801607	([33], [33, 12])
0	0.0	0.4677985217981642	([493], [493, 492])
0	0.0	0.4682121927396235	([302], [302, 237])
0	0.0	0.4682865147311309	([659], [659, 658])
0	0.0	0.4684191665058806	([935], [935, 934])
0	0.0	0.46847708108518243	([48], [49, 47])
0	0.0	0.4685267077216017	([310], [341, 340])
0	0.0	0.4686017949829889	([207], [207, 206])
0	0.0	0.4689551460701986	([396], [396, 395])
0	0.0	0.4690365246967374	([212], [212, 211])
0	0.0	0.4692478811487448	([227], [227, 226])
0	0.0	0.46978869640601567	([63], [63, 62])
0	0.0	0.4698447342261506	([262], [303, 302])
0	0.0	0.4700098099412939	([3], [210, 209])
0	0.0	0.4701435237159297	([46], [46, 45])
1	0.46285706930321796	0.47026521825857565	([929, 926], [929, 928, 926])
0	0.0	0.4703101691229393	([35], [1200, 1199])
0	0.0	0.4706262556111042	([416], [416, 414])
1	0.44810314696382597	0.4709670057175008	([448, 444], [447, 446, 445])
0	0.0	0.47163204506626694	([402], [403, 401])
0	0.0	0.4720791042819054	([243], [257, 3])
0	0.0	0.4721217026824896	([32], [42, 41])
0	0.0	0.47231042634558196	([508], [659, 39])
0	0.0	0.47250797718219184	([39], [783, 394])
0	0.0	0.4725274748014294	([205], [207, 6])
0	0.0	0.47275107399419686	([412], [413, 402])
0	0.0	0.4727528167611003	([237], [237, 227])
0	0.0	0.47287731797584137	([400], [400, 399])
0	0.0	0.4729563716870959	([401], [416, 415])
0	0.0	0.47334026410484303	([344], [344, 342])
0	0.0	0.47366082715242686	([418], [418, 417])
1	0.4708792913532596	0.4739282350336682	([382, 379], [382, 381, 380])
0	0.0	0.47400089820558416	([410], [410, 409])
0	0.0	0.47419652584893474	([238], [238, 235])
0	0.0	0.4745076417376541	([421], [421, 419])
0	0.0	0.4746172366286845	([407], [407, 17])
1	0.47359848761835277	0.47472461628101886	([1195, 1187], [1195, 1191, 1187])
0	0.0	0.47545068487751035	([211], [212, 39])
0	0.0	0.47554880176825426	([30], [30, 29])
0	0.0	0.4756196793007136	([215], [215, 214])
0	0.0	0.47566374333644434	([41], [32, 31])
0	0.0	0.476220098228428	([208], [208, 207])
0	0.0	0.4764688582408592	([394], [261, 6])
0	0.0	0.4768826624586005	([50], [52, 31])
0	0.0	0.4769099945492573	([47], [49, 46])
0	0.0	0.4769828779114478	([6], [205, 204])
1	0.47570858189007154	0.47704649639851854	([940, 937], [940, 939, 938])
0	0.0	0.4775007592190715	([173], [394, 393])
1	0.4671628985858439	0.4776126652417804	([53, 51], [55, 54, 53])
0	0.0	0.4776502734952116	([408], [408, 407])
0	0.0	0.4778764756207413	([404], [404, 172])
0	0.0	0.4779786033615827	([29], [99, 3])
0	0.0	0.47811772715385165	([216], [216, 39])
0	0.0	0.4781936521047984	([44], [44, 41])
0	0.0	0.47822014884491876	([393], [29, 21])
0	0.0	0.47827001386319035	([19], [20, 18])
0	0.0	0.47915658371989533	([241], [241, 238])
1	0.46686922196452096	0.47932367771500534	([177, 173], [177, 175, 173])
0	0.0	0.47946962568212204	([395], [396, 393])
0	0.0	0.47947053836750214	([45], [45, 43])
0	0.0	0.479615500543573	([15], [15, 14])
0	0.0	0.47991483040760724	([223], [223, 222])
1	0.4643164932234652	0.48040684356058844	([1018, 1017], [1020, 1018, 1017])
0	0.0	0.4805647546220058	([12], [12, 9])
1	0.480421599886283	0.4808206466511693	([1183, 1178], [1183, 1182, 1178])
0	0.0	0.48088152500208303	([21], [21, 14])
0	0.0	0.4813400184157399	([406], [406, 392])
0	0.0	0.4814690568129126	([405], [405, 397])
0	0.0	0.4816713410838237	([397], [405, 392])
0	0.0	0.48176778972740325	([14], [15, 0])
0	0.0	0.48194829432714315	([0], [44, 43])
1	0.4588645497511791	0.4820128501289497	([546, 540], [546, 545, 541])
1	0.48096712569588507	0.4820674841220719	([862, 856], [862, 860, 859])
1	0.47138847954777097	0.48252991833880965	([754, 745], [754, 750, 749])
1	0.46802097549363053	0.483050732505013	([1085, 1081], [1085, 1083, 1081])
0	0.0	0.4837674414394865	([415], [401, 398])
0	0.0	0.48525984085434504	([409], [409, 408])
0	0.0	0.48548335310729257	([43], [420, 9])
0	0.0	0.48548801864606345	([9], [492, 491])
0	0.0	0.486246829481149	([398], [523, 505])
0	0.0	0.4863622691451864	([1], [13, 12])
0	0.0	0.48641963845710706	([16], [16, 14])
0	0.0	0.48706803530216614	([17], [408, 404])
0	0.0	0.48736094464057	([392], [405, 396])
1	0.4861857083535938	0.4877228565269501	([389, 384], [389, 388, 385])
0	0.0	0.4878297286886955	([505], [401, 400])
0	0.0	0.4879400881995893	([18], [18, 13])
0	0.0	0.4880923211430176	([411], [411, 397])
1	0.47536976042511225	0.48871354762137226	([1218, 1212], [1218, 1216, 1212])
1	0.4838829611089443	0.4888910973217617	([48, 45], [48, 47, 46])
1	0.4908763946998729	0.4911165744954304	([209, 206], [209, 208, 206])
1	0.47459379849445776	0.49117704613255214	([1141, 1133], [1141, 1136, 1133])
1	0.49118041307178917	0.4934877174009103	([1066, 1061], [1066, 1064, 1063])
1	0.48965270604815686	0.4955167564424151	([300, 288], [300, 295, 288])
1	0.4707383165028801	0.4964910255773953	([302, 301], [303, 302, 301])
1	0.48020656416309854	0.49754580237051543	([211, 210], [213, 211, 210])
1	0.49068399581245015	0.4980441984418407	([422, 416], [422, 419, 416])
0	0.0	0.49998299177421335	([399], [43, 2])
1	0.49902325378670115	0.5009213920094067	([238, 226], [238, 229, 226])
1	0.4965876408217707	0.5011528566878917	([47, 42], [47, 45, 43])
1	0.48830238961652483	0.5015902338599891	([117, 111], [117, 116, 111])
1	0.5019038302338685	0.5025685781831767	([208, 1], [210, 209, 208])
1	0.499385438314172	0.5028852074174412	([1065, 1057], [1065, 1062, 1061])
1	0.49758085913419214	0.5042501653380295	([48, 29], [52, 48, 31])
1	0.4973109275589785	0.504590125194946	([55, 47], [55, 54, 47])
1	0.48782871086938123	0.5046510603338858	([1022, 1014], [1022, 1020, 1014])
1	0.5022152796791229	0.5069389756433522	([523, 508], [523, 519, 508])
1	0.4977656471614451	0.508240872156434	([459, 453], [459, 457, 453])
1	0.49362450908075167	0.5121718512205881	([14, 13], [15, 14, 13])
1	0.5091475081209783	0.5128048326643593	([417, 17], [417, 415, 404])
1	0.5044912698642463	0.5128048326643593	([417, 404], [417, 416, 415])
1	0.4644414022737227	0.513172434849159	([467, 460], [466, 465, 464])
1	0.48240301551992826	0.5132059966541729	([1003, 993], [1001, 998, 993])
1	0.49822589877750695	0.5140340505902344	([1021, 1015], [1021, 1019, 1016])
1	0.47128929708203904	0.51415219506388	([583, 578], [583, 581, 578])
1	0.500639663505759	0.514609615737752	([61, 45], [58, 55, 45])
1	0.5103564724142546	0.5148624355903315	([1012, 993], [1012, 1009, 1003])
1	0.5071013723580298	0.5162688146027598	([308, 307], [309, 308, 307])
1	0.49302210328424334	0.5163317601138998	([242, 241], [245, 243, 242])
1	0.48453039556139765	0.5163650381010917	([215, 3], [215, 214, 213])
1	0.5125990986152241	0.5171666400515856	([1099, 1088], [1099, 1096, 1092])
1	0.5013576128856251	0.5180856159661809	([935, 394], [939, 936, 935])
1	0.4904414987075533	0.5181296598539371	([507, 505], [523, 507, 505])
1	0.5080958185196189	0.5181701669459287	([47, 30], [54, 47, 30])
1	0.5169705492765139	0.5194110430134757	([435, 399], [438, 436, 435])
1	0.518286473187415	0.520174313903036	([809, 802], [809, 806, 802])
1	0.49614470495593616	0.5206862757014058	([417, 9], [420, 419, 417])
1	0.5164800649536276	0.521053157431867	([550, 544], [550, 547, 546])
1	0.4859672448804184	0.521409343074099	([48, 44], [48, 47, 44])
1	0.5161673580586854	0.5216251713900474	([1002, 992], [1002, 998, 993])
1	0.5086160523249297	0.5219391665936743	([412, 396], [412, 410, 396])
1	0.5196726379637566	0.5224669776549955	([1113, 1104], [1113, 1109, 1104])
1	0.5155113725519654	0.5234471579038836	([862, 851], [862, 855, 854])
1	0.4848491727856231	0.5235319117947745	([52, 43], [47, 42, 32])
1	0.5219740749250976	0.5238656820529202	([417, 413], [417, 415, 413])
1	0.5149341383097387	0.5240887599206613	([984, 974], [987, 984, 974])
1	0.49798250066414884	0.5245608430989892	([988, 973], [984, 980, 979])
1	0.5030051155690531	0.5247826625507703	([789, 3], [792, 790, 789])
1	0.5259998139507504	0.5261958782736699	([414, 393], [414, 412, 411])
1	0.5015962292200187	0.5267061763968651	([863, 848], [863, 858, 856])
1	0.508668138417012	0.5267939472763751	([224, 221], [224, 223, 222])
1	0.4900711024960251	0.5275361744033483	([412, 411], [413, 412, 402])
1	0.525082447299017	0.5277241619991241	([460, 451], [460, 457, 453])
1	0.5275812989220793	0.5284608978244058	([1100, 1089], [1100, 1095, 1089])
1	0.5248170886722865	0.5285496632939874	([56, 49], [56, 51, 46])
1	0.5106639199524898	0.5293112760334764	([238, 222], [238, 226, 224])
1	0.4853024818231337	0.5305102005952125	([1074, 1068], [1074, 1071, 1070])
1	0.5107927806354061	0.5308598908008544	([1129, 1120], [1129, 1127, 1121])
1	0.5175519063370682	0.5311122691564154	([246, 237], [246, 242, 241])
1	0.5168134893294963	0.53223623710672	([696, 682], [696, 691, 682])
1	0.512389670557248	0.5333706160123953	([409, 401], [411, 409, 402])
1	0.5268917707384575	0.533668730405632	([1031, 19], [1037, 1034, 19])
1	0.5314235245174401	0.5338381548887916	([1004, 990], [1010, 1004, 990])
1	0.5338507773916935	0.5344820729696484	([953, 406], [953, 950, 949])
1	0.5343385201827684	0.5346490361608882	([1107, 1097], [1107, 1103, 1097])
1	0.5293546396264591	0.5350211376223126	([646, 638], [646, 644, 638])
1	0.5341953482645222	0.5353587339953546	([1077, 1065], [1077, 1072, 1065])
1	0.5308390033695748	0.5354699870832246	([1019, 1011], [1019, 1016, 1014])
1	0.5170268322241739	0.5355544686949685	([1025, 1019], [1025, 1024, 1019])
1	0.5203737887947542	0.5361384273797957	([783, 1], [788, 784, 783])
1	0.5360601187806561	0.5361849656615765	([1167, 1152], [1167, 1166, 1153])
1	0.5263836376300274	0.5362603146549108	([47, 20], [47, 30, 18])
1	0.5126207158817623	0.5362603146549108	([30, 18], [47, 43, 18])
1	0.5215974622153706	0.5363422329460064	([500, 493], [500, 497, 494])
1	0.5361400575713682	0.5364436100385083	([905, 894], [905, 901, 894])
1	0.5300821048132375	0.536763564385451	([894, 883], [894, 889, 883])
1	0.5344845155734976	0.5368845815690996	([327, 318], [327, 326, 319])
1	0.5334250991314651	0.5370949091441944	([1110, 1100], [1110, 1108, 1100])
1	0.504273374089337	0.5371359610112266	([173, 54], [173, 57, 54])
1	0.5331479266072247	0.5376220338159355	([1147, 1132], [1147, 1139, 1132])
1	0.5070445321085829	0.538596875137701	([973, 965], [972, 968, 967])
1	0.5366860160128193	0.538702850173344	([810, 799], [810, 805, 799])
1	0.48959738842151035	0.5387190270102465	([50, 29], [50, 47, 29])
1	0.5113047712048322	0.5387879987975179	([421, 402], [421, 417, 402])
1	0.5208211141895679	0.5395790510384973	([1010, 988], [1004, 993, 989])
1	0.5351272701963402	0.5396047266025993	([958, 949], [958, 955, 949])
1	0.5397463248703346	0.5408152607474724	([99, 21], [99, 97, 96])
1	0.5337676638953431	0.5409855319761819	([390, 375], [390, 384, 375])
1	0.5388096170375876	0.5411282457125849	([93, 19], [93, 71, 69])
1	0.49280485598693563	0.5413704052441841	([710, 698], [710, 709, 699])
1	0.5256791365091916	0.5418125485622427	([1005, 964], [1007, 1005, 988])
1	0.5226188686262211	0.5428410587097366	([658, 650], [658, 655, 652])
1	0.5392536598203286	0.5431326196376304	([109, 10], [112, 110, 109])
1	0.5405078745088541	0.5431539126597544	([211, 203], [211, 206, 203])
1	0.5094707022413603	0.5431539126597544	([211, 9], [211, 208, 206])
1	0.5292179495079188	0.5435948160212908	([270, 19], [270, 266, 264])
1	0.5407406871985643	0.5436025081994288	([253, 238], [255, 253, 238])
1	0.543858490875094	0.5439854717604446	([853, 834], [853, 834, 831])
1	0.5432991452876457	0.5440819947187757	([557, 548], [557, 556, 549])
1	0.5275888169443675	0.5443364860563483	([940, 396], [940, 935, 404])
1	0.5096039752004592	0.5443364860563483	([940, 404], [940, 935, 934])
1	0.5276871938461313	0.5444798312974253	([862, 394], [868, 862, 861])
1	0.5209635285253136	0.5447161951085565	([988, 964], [988, 973, 965])
1	0.532000553364367	0.5448889763439716	([104, 98], [104, 102, 98])
1	0.5391034888486232	0.545092034404427	([393, 381], [393, 390, 381])
1	0.5408666536093492	0.5465045008258272	([1053, 1042], [1053, 1047, 1046])
1	0.5435311439705736	0.5466654840995949	([328, 19], [332, 329, 328])
1	0.5403057887924074	0.5467304874888693	([1105, 1094], [1105, 1100, 1094])
1	0.519041455856983	0.5469516816735713	([201, 9], [205, 202, 201])
1	0.5320609561452352	0.5471263032916696	([574, 566], [574, 573, 566])
1	0.5444072739994504	0.5474250079301451	([1148, 1131], [1148, 1139, 1138])
1	0.5263394829297117	0.5480743405014918	([885, 872], [885, 879, 878])
1	0.5424176803592463	0.5483959925742831	([803, 795], [803, 802, 795])
1	0.5186952780705146	0.548477895487019	([269, 17], [272, 270, 269])
1	0.5089906458832926	0.5487724201050019	([644, 639], [645, 642, 640])
1	0.5183458770411474	0.5490014004299619	([418, 408], [418, 416, 408])
1	0.5168514227029646	0.5491866174585751	([776, 17], [780, 777, 776])
1	0.5377596017543649	0.5495938615072032	([851, 838], [851, 847, 846])
1	0.5421343841993473	0.5498196967265202	([1049, 1038], [1049, 1044, 1042])
1	0.5162793643164048	0.5498948358199716	([546, 508], [546, 536, 528])
1	0.5435722040248211	0.5499178801603124	([781, 399], [793, 787, 399])
1	0.5374782234934659	0.5499482534367698	([623, 505], [631, 624, 623])
1	0.5345447629544474	0.5501709315030667	([404, 263], [404, 268, 263])
1	0.5430359120658582	0.5501778915529967	([945, 396], [945, 942, 940])
1	0.4782809447457376	0.5506363415682068	([205, 3], [210, 206, 205])
1	0.5419300817030536	0.5507078722443439	([554, 542], [554, 552, 542])
1	0.5504615487270474	0.5508315178708955	([1076, 1064], [1076, 1074, 1064])
1	0.5297275581619367	0.5511325011278221	([201, 2], [206, 203, 2])
1	0.5254142611463374	0.5520921486885033	([529, 505], [529, 524, 523])
1	0.5516197751941538	0.5521657674799009	([71, 2], [71, 66, 64])
1	0.5416246491318579	0.5522564178260859	([772, 17], [776, 773, 17])
1	0.5326782652324411	0.5529709223574938	([938, 927], [938, 934, 929])
1	0.5471177245785748	0.5533547437544059	([719, 711], [719, 716, 712])
1	0.5480879122687194	0.5535096598249235	([946, 10], [952, 947, 946])
1	0.5497853849462256	0.5535156941005366	([934, 400], [934, 926, 924])
1	0.5090733370094348	0.5543245558802868	([397, 390], [405, 397, 390])
1	0.5518397191723615	0.5545246763106102	([529, 502], [536, 528, 503])
1	0.5530453913326703	0.554583773979064	([1207, 1181], [1207, 1201, 1181])
1	0.553967882116809	0.5546264865477035	([958, 399], [958, 956, 399])
1	0.5374390079530178	0.555212111329826	([853, 827], [853, 846, 838])
1	0.5407304984166035	0.5552311711125818	([105, 2], [110, 105, 104])
1	0.5181740060607861	0.5554225436259085	([338, 9], [351, 344, 338])
1	0.5149245824604357	0.55572572035127	([1075, 404], [1086, 1075, 1074])
1	0.50228623131339	0.5558049365649045	([401, 393], [414, 402, 401])
1	0.543376900617798	0.5558498123124336	([399, 374], [399, 374, 369])
1	0.5519010678348344	0.5560549423873535	([330, 42], [335, 334, 42])
1	0.4824162367835084	0.5561282300079079	([43, 42], [47, 44, 41])
1	0.4970114230065961	0.5561282300079079	([46, 41], [47, 46, 41])
1	0.539846844622582	0.5562679333455699	([833, 820], [833, 827, 820])
1	0.5340730739117804	0.556302936511365	([567, 557], [566, 562, 561])
1	0.5420517288734268	0.5564635045427856	([782, 405], [782, 779, 777])
1	0.5492682655187704	0.5580060006894514	([970, 961], [970, 967, 963])
1	0.5525461226680364	0.5581880486625824	([983, 969], [984, 983, 969])
1	0.5432701059598342	0.5583627119041951	([1120, 1107], [1120, 1116, 1110])
1	0.548282405336486	0.5586737574124231	([378, 367], [378, 373, 372])
1	0.5566860840980189	0.5588257727782591	([863, 831], [863, 858, 831])
1	0.5554922660746832	0.5589319127038916	([530, 500], [530, 529, 500])
1	0.5499672508610556	0.5592350608112913	([362, 353], [362, 358, 353])
1	0.5539534589398001	0.5596183223639881	([872, 856], [872, 867, 856])
1	0.5592266041199675	0.559631240737933	([397, 171], [405, 397, 171])
1	0.5522751073256834	0.55965597385172	([97, 2], [105, 102, 99])
1	0.5496166159511799	0.5596809839988325	([425, 415], [425, 422, 416])
1	0.5482301762800156	0.5597429955105613	([113, 16], [113, 109, 108])
1	0.5598230841950524	0.5600377810923696	([454, 442], [454, 450, 445])
1	0.5359412206181484	0.560214551912523	([401, 355], [403, 401, 355])
1	0.5485347855496366	0.560310200084508	([377, 10], [377, 370, 369])
1	0.5377351220614289	0.5605899574051685	([373, 21], [373, 368, 363])
1	0.5578376501971342	0.5605899574051685	([402, 363], [402, 373, 363])
1	0.5014301644873225	0.5608717348283236	([51, 44], [55, 51, 44])
1	0.5468555867317123	0.5608717348283236	([58, 44], [58, 55, 44])
1	0.47674554408732384	0.5609857850969193	([237, 236], [237, 236, 228])
1	0.5597094952500876	0.5614330196793702	([372, 361], [372, 369, 361])
1	0.5431695076929764	0.5614330196793702	([399, 369], [399, 369, 361])
1	0.5471479718870415	0.5617220598029689	([408, 31], [418, 408, 31])
1	0.5368688307759952	0.5617617128172347	([914, 399], [914, 903, 902])
1	0.5607084169144737	0.5618805777277739	([862, 832], [862, 852, 832])
1	0.5579917443742389	0.5619387768386805	([337, 20], [339, 337, 20])
1	0.554745664725808	0.5619730925321058	([783, 403], [792, 786, 403])
1	0.5582454003402545	0.5621388308929819	([1013, 992], [1013, 1009, 1000])
1	0.5603204418766012	0.562153935461712	([318, 173], [326, 319, 318])
1	0.5006479637328747	0.5621694497425604	([939, 394], [943, 940, 935])
1	0.5437097788107011	0.5623745919354176	([1169, 1149], [1169, 1165, 1153])
1	0.5554797007432366	0.5625718867871717	([173, 127], [173, 127, 120])
1	0.552648670148163	0.5628042326300272	([829, 396], [829, 823, 396])
1	0.5624672839586444	0.5628815743334403	([442, 434], [442, 440, 434])
1	0.5582085175924338	0.5631956478611118	([574, 558], [574, 566, 558])
1	0.5548268942800276	0.5632430165646318	([103, 42], [103, 98, 42])
1	0.5106962163605361	0.5632549880064087	([405, 379], [405, 390, 380])
1	0.5319491513525545	0.5632549880064087	([392, 380], [405, 392, 380])
1	0.5431697885725144	0.5634249814249016	([106, 21], [106, 99, 97])
1	0.554851653684962	0.5634380488399618	([809, 398], [802, 792, 788])
1	0.5532762704682075	0.5636620712696637	([852, 825], [860, 853, 828])
1	0.5435704911619619	0.5638387862672474	([782, 20], [793, 785, 782])
1	0.5584469406260592	0.5639008346261993	([439, 1], [439, 435, 434])
1	0.5527110051905357	0.5639402132334644	([403, 365], [403, 372, 369])
1	0.538301445157638	0.5639875244285991	([332, 9], [338, 333, 332])
1	0.5634183412283518	0.5641868377696271	([858, 820], [858, 831, 820])
1	0.5478150192853508	0.5642574123384005	([396, 357], [405, 396, 357])
1	0.5119549010994151	0.564519897387484	([43, 18], [47, 18, 14])
1	0.5642318015702881	0.5646772862180227	([437, 396], [437, 412, 411])
1	0.5585273414524728	0.5647238886492615	([391, 365], [392, 391, 359])
1	0.5378777078833292	0.5648123218991459	([1221, 1207], [1221, 1214, 1207])
1	0.547885333098613	0.5651442871311525	([401, 361], [401, 361, 355])
1	0.5293399374876707	0.5653447234229236	([220, 17], [220, 217, 216])
1	0.5525856138385403	0.5654135028447328	([899, 11], [899, 892, 889])
1	0.5442046922287564	0.5655812319508471	([220, 20], [220, 218, 20])
1	0.5385977249211278	0.5656831651068207	([308, 9], [308, 307, 9])
1	0.5588792792517557	0.5657111402152912	([813, 21], [813, 806, 21])
1	0.5626071494949223	0.5657567842190442	([107, 0], [111, 108, 107])
1	0.5116053111452366	0.5657719161289273	([410, 17], [410, 407, 406])
1	0.5023034744627071	0.5657719161289273	([410, 406], [410, 408, 407])
1	0.5547439723194061	0.5660204635881411	([815, 398], [826, 816, 812])
1	0.5491983217660996	0.5661268709412117	([862, 821], [862, 832, 829])
1	0.5585415684615894	0.5664035233782321	([326, 173], [346, 326, 325])
1	0.5397688907024534	0.5664035233782321	([348, 326], [348, 346, 326])
1	0.556340011314704	0.5664988614582053	([782, 401], [782, 777, 401])
1	0.5074134482815896	0.5667818850145222	([505, 227], [505, 233, 227])
1	0.5200521919215437	0.5669318863891153	([408, 400], [413, 408, 400])
1	0.5345280184858894	0.5669564267597569	([359, 9], [359, 354, 353])
1	0.5637000820317666	0.5670270387300835	([1019, 1], [1019, 1015, 21])
1	0.5576240670958644	0.5670270387300835	([1015, 21], [1019, 1015, 1013])
1	0.528325084769915	0.5675054942115451	([402, 372], [402, 363, 357])
1	0.5526699511162863	0.5675294197072939	([384, 10], [384, 377, 375])
1	0.5500350872028466	0.5675294197072939	([406, 377], [406, 384, 377])
1	0.5561303637028546	0.5677435282098217	([220, 1], [225, 221, 220])
1	0.5628921509175313	0.568168736573627	([864, 833], [864, 833, 826])
1	0.5682274821566686	0.568367490755678	([91, 49], [96, 91, 49])
1	0.551373850296568	0.568367490755678	([96, 42], [96, 91, 72])
1	0.5550545544092403	0.5684042702714729	([933, 53], [933, 926, 920])
1	0.5581745477009945	0.5684940344480934	([1015, 997], [1015, 1014, 997])
1	0.5428070342170487	0.5687029730812807	([910, 400], [914, 910, 400])
1	0.5686459144393942	0.5691665400206951	([811, 406], [811, 803, 798])
1	0.5408622464618076	0.5691907329045748	([392, 331], [406, 392, 331])
1	0.4825178274057887	0.5693909698402898	([1025, 1005], [1025, 1018, 1011])
1	0.5500867524397841	0.5694766668177894	([91, 42], [96, 72, 70])
1	0.5410475588786855	0.5695177948106217	([936, 402], [936, 930, 397])
1	0.562151390049129	0.5696200231515146	([98, 69], [98, 95, 67])
1	0.5583877402398633	0.5697971748358461	([312, 303], [312, 310, 306])
1	0.5570828817359437	0.5699352155942802	([799, 396], [799, 795, 396])
1	0.5469906892492761	0.5699768833700898	([262, 17], [269, 263, 262])
1	0.5494958498617042	0.5701954656071343	([902, 397], [901, 893, 890])
1	0.5634013502074071	0.5702372577599825	([954, 398], [954, 948, 946])
1	0.5404206889978261	0.5703283396665842	([798, 406], [820, 814, 811])
1	0.5522310773173253	0.5707542984735618	([391, 372], [391, 383, 376])
1	0.5600756415822717	0.5709117159492738	([402, 342], [402, 352, 342])
1	0.5582774266807105	0.5709269613439822	([396, 102], [396, 106, 102])
1	0.5497423934175246	0.5709795718307178	([1045, 402], [1045, 1038, 402])
1	0.5548926701882841	0.5710308741847393	([1135, 17], [1150, 1135, 1132])
1	0.5480091211182396	0.5712197993360577	([1066, 17], [1075, 1066, 1065])
1	0.5685126808364972	0.5712550994409478	([920, 406], [920, 913, 911])
1	0.5227288891378792	0.5713111862589699	([392, 354], [391, 372, 367])
1	0.5489268818151984	0.5714782629628042	([1215, 399], [1221, 1214, 399])
1	0.561249528014685	0.5715224300658801	([1170, 1143], [1170, 1152, 1145])
1	0.5593251610109143	0.5716817920769931	([91, 1], [91, 70, 42])
1	0.5489711808029102	0.5716982540236994	([1133, 1118], [1131, 1127, 1119])
1	0.5715692038305493	0.5717044611605189	([443, 433], [444, 443, 432])
1	0.558886905956069	0.5718213896974831	([1051, 18], [1050, 1042, 18])
1	0.5430027183412384	0.5718783193462491	([241, 228], [241, 238, 224])
1	0.5404079967183856	0.5719882272149367	([216, 19], [216, 213, 209])
1	0.5580380319903465	0.5720266305325372	([860, 817], [860, 825, 819])
1	0.5663752642541455	0.5721465442086499	([856, 843], [856, 850, 849])
1	0.545587146371636	0.5722386818541236	([887, 402], [902, 405, 397])
1	0.5693133401155813	0.5723313280432202	([820, 402], [829, 820, 401])
1	0.5255135454637566	0.5723315733163796	([864, 826], [865, 861, 821])
1	0.5704030124241541	0.5723696398064637	([856, 818], [859, 856, 816])
1	0.5672821214311511	0.5724908420795167	([950, 938], [951, 950, 938])
1	0.5653113690842237	0.5725624513903186	([399, 215], [399, 219, 215])
1	0.5685105508235822	0.5726080692272241	([60, 48], [60, 56, 48])
1	0.5627246381268645	0.5726202754103411	([541, 238], [541, 534, 530])
1	0.5713509573782912	0.5726768272935633	([1016, 998], [1016, 1015, 998])
1	0.5717413631113759	0.572687094099622	([743, 17], [750, 743, 742])
1	0.5582990757552131	0.5728370208988729	([151, 1], [158, 156, 1])
1	0.570551841022953	0.573267185902373	([830, 402], [864, 857, 402])
1	0.5597123821221203	0.5732673126612435	([929, 909], [929, 918, 909])
1	0.5394583866392146	0.573370095453044	([406, 366], [406, 377, 366])
1	0.5644294175413395	0.5734326818698616	([543, 497], [543, 542, 497])
1	0.5533777249778741	0.5735016087645061	([238, 89], [238, 93, 89])
1	0.5609641680755566	0.5735116162901724	([399, 389], [399, 389, 378])
1	0.5725607153162761	0.5736331078217433	([834, 21], [834, 825, 824])
1	0.5598581954484222	0.5737708491741919	([859, 816], [856, 831, 830])
1	0.5377578742437872	0.5738130103272725	([406, 384], [406, 392, 359])
1	0.5372482284578917	0.5739170058722435	([110, 2], [99, 94, 71])
1	0.5590244859906248	0.5741573276166958	([953, 936], [953, 950, 936])
1	0.5473813360424362	0.5743444284262272	([396, 371], [396, 384, 376])
1	0.5556371067899097	0.5744265402420082	([405, 369], [405, 379, 375])
1	0.5112221647400721	0.5744265505034687	([47, 16], [47, 14, 13])
1	0.570626209732291	0.5744465914863777	([329, 20], [337, 334, 20])
1	0.5625267066072205	0.5744894757899192	([153, 9], [153, 145, 17])
1	0.5620334508096848	0.5744894757899192	([159, 17], [153, 145, 144])
1	0.572447297134923	0.5746303077047122	([1116, 1093], [1116, 1104, 1100])
1	0.5628754055634198	0.5750860608235097	([667, 1], [667, 664, 1])
1	0.5311308560484213	0.5751532821794503	([238, 68], [238, 93, 68])
1	0.5366423115478192	0.5751946881441001	([418, 15], [418, 21, 14])
1	0.552099400830746	0.5752280947749446	([75, 16], [75, 69, 63])
1	0.5708938384103758	0.5753579734555347	([710, 1], [698, 686, 683])
1	0.567911961383039	0.5753649320957408	([1132, 1114], [1132, 1121, 1117])
1	0.5612755879613047	0.5753660048215435	([900, 402], [900, 894, 401])
1	0.546733815695544	0.5753686288362748	([397, 362], [397, 375, 372])
1	0.5075093687627167	0.5753686288362748	([403, 352], [402, 397, 372])
1	0.5669235704711479	0.5754359611507396	([106, 33], [107, 106, 12])
1	0.572790226603751	0.575529596892303	([1061, 1044], [1061, 1053, 1044])
1	0.5587513005786459	0.575880857927605	([1074, 400], [1071, 402, 401])
1	0.5708180955583887	0.575936894944494	([1027, 1002], [1024, 1013, 1011])
1	0.5428644367802598	0.5761862317985497	([408, 366], [408, 400, 360])
1	0.5293976682970702	0.5764326733685481	([594, 237], [591, 582, 581])
1	0.5525656447836913	0.5764360143093828	([712, 694], [712, 711, 694])
1	0.553262211265541	0.5765603347617784	([58, 52], [58, 52, 48])
1	0.5153927761497156	0.5766095844966267	([238, 197], [197, 192, 180])
1	0.5724844922004242	0.5767161288677611	([937, 405], [937, 934, 396])
1	0.5634135366606553	0.5768410294075894	([968, 960], [968, 963, 962])
1	0.5564269409086917	0.5768790183460685	([339, 18], [351, 339, 338])
1	0.5719716745923622	0.5769307259984173	([1180, 1157], [1180, 1175, 1157])
1	0.5689812977632872	0.576941559038226	([1074, 1046], [1074, 1064, 1046])
1	0.5614047458246341	0.5770132793171219	([406, 352], [406, 359, 354])
1	0.5689723248156284	0.577131411114134	([270, 258], [270, 266, 258])
1	0.5590957768556499	0.577213797949547	([951, 403], [938, 926, 922])
1	0.5731308940401463	0.5772178915220707	([819, 397], [819, 812, 810])
1	0.5697773781946363	0.5775152213913645	([683, 1], [683, 680, 1])
1	0.5522776430691829	0.5775534068638338	([826, 398], [815, 809, 803])
1	0.5727977318224835	0.5778252775917355	([896, 399], [896, 892, 399])
1	0.545292086133168	0.5779705051325007	([102, 9], [110, 102, 99])
1	0.5375204113610275	0.5779919910386916	([96, 9], [102, 96, 94])
1	0.5732345819189559	0.5781149727856956	([908, 887], [908, 901, 887])
1	0.5651020805323844	0.5782074204094575	([395, 379], [396, 395, 384])
1	0.5720656732096959	0.5782503465648905	([831, 397], [831, 824, 397])
1	0.5729149818682796	0.5782687115319057	([207, 0], [212, 208, 207])
1	0.5505031992995831	0.5785186193650013	([818, 399], [818, 814, 399])
1	0.5517646982445399	0.5785895678632198	([805, 401], [806, 805, 401])
1	0.5324228171151096	0.5787341784184444	([436, 393], [435, 409, 399])
1	0.5426135544976055	0.5787413407252873	([880, 399], [892, 886, 400])
1	0.5757573991843064	0.578886350960305	([61, 42], [61, 57, 42])
1	0.575469711364861	0.5789023926052894	([891, 873], [891, 877, 873])
1	0.5672359590589313	0.5789023926052894	([874, 402], [891, 882, 877])
1	0.5204815275340307	0.5791673776150509	([847, 818], [846, 836, 823])
1	0.5684663411042011	0.5792271120741967	([870, 825], [870, 865, 825])
1	0.5276665246954221	0.5793182247268931	([396, 365], [396, 365, 357])
1	0.576347000668857	0.5795786905099608	([796, 400], [803, 796, 793])
1	0.5684907165812842	0.5796665753924665	([480, 42], [490, 481, 480])
1	0.5760228143479864	0.5797437830033136	([403, 209], [403, 401, 208])
1	0.5663887485452461	0.5798991141031067	([823, 21], [823, 815, 813])
1	0.5752988135201982	0.5799222646762265	([985, 398], [985, 971, 970])
1	0.5521500769055979	0.5799420634456424	([403, 259], [403, 269, 259])
1	0.5553684477882417	0.5800684858799543	([785, 18], [785, 782, 18])
1	0.5750247861797113	0.5800877301475716	([740, 720], [740, 734, 720])
1	0.5584107948900455	0.580165003108151	([810, 397], [829, 819, 405])
1	0.5720218415608995	0.5803678693516092	([958, 403], [958, 951, 403])
1	0.5481349196150139	0.5804507382484686	([366, 20], [366, 357, 21])
1	0.5576982704332181	0.5804963370857813	([96, 49], [91, 66, 64])
1	0.5616961641999004	0.580532839221824	([414, 15], [418, 414, 411])
1	0.5411198567331141	0.5807682666995122	([70, 42], [108, 103, 102])
1	0.5696280706512757	0.5808446140185141	([800, 397], [800, 411, 397])
1	0.5806202053570174	0.5808446140185141	([794, 411], [800, 794, 411])
1	0.570052955198824	0.5808958952601694	([1094, 401], [1093, 1070, 401])
1	0.5687164269410113	0.5810187232105442	([866, 400], [885, 876, 400])
1	0.5731332398608318	0.5813833048602577	([116, 50], [125, 119, 50])
1	0.581208411528025	0.5813916122189638	([397, 96], [397, 103, 97])
1	0.5551649113082614	0.5813916122189638	([402, 97], [402, 397, 97])
1	0.5217309195628828	0.581400919380789	([63, 52], [63, 57, 31])
1	0.5743804008500373	0.5816484284717319	([951, 405], [951, 940, 396])
1	0.5739775500268997	0.5817491547667308	([1115, 19], [1115, 1106, 1105])
1	0.5509759475495509	0.581843162051666	([815, 396], [815, 810, 396])
1	0.5741674749385647	0.5818639172395401	([446, 2], [454, 446, 442])
1	0.5647262190923075	0.5819505546870858	([1043, 19], [1043, 1039, 1034])
1	0.5683908357436231	0.5819712937098157	([244, 236], [244, 243, 235])
1	0.5647449153052296	0.5819871655167296	([865, 397], [865, 856, 854])
1	0.5075631621281492	0.5822216333615966	([215, 2], [215, 209, 206])
1	0.5699714457784152	0.5822644110461916	([1214, 402], [1214, 1170, 1169])
1	0.5585277687610282	0.5822823125219789	([1102, 1079], [1102, 1093, 1079])
1	0.5398320034968774	0.5823445047149592	([396, 384], [405, 396, 371])
1	0.5743284605488168	0.5824814015899256	([783, 397], [780, 777, 397])
1	0.5654119278736165	0.5825026877770283	([208, 20], [218, 213, 20])
1	0.5804127635290629	0.582587557874949	([434, 417], [434, 433, 421])
1	0.5517119786379575	0.5829836116257259	([776, 395], [777, 776, 395])
1	0.5627394609769115	0.583029576944422	([829, 401], [830, 829, 401])
1	0.5811324730624551	0.5830933665260799	([821, 16], [838, 828, 821])
1	0.5484345050644683	0.5831862630767034	([1019, 21], [1020, 1012, 999])
1	0.5684049465314036	0.5831999397004072	([1049, 396], [1073, 1070, 396])
1	0.5684899430103634	0.5832067223013179	([1212, 1172], [1214, 1212, 1172])
1	0.535976086409818	0.5833089717083781	([802, 403], [786, 782, 401])
1	0.5532540005915413	0.5833089717083781	([791, 401], [791, 786, 401])
1	0.579903009924585	0.5835381614840108	([836, 18], [876, 866, 856])
1	0.5121802718762765	0.5835780199034809	([407, 397], [408, 407, 393])
1	0.5802663875025954	0.5836781253647964	([144, 113], [144, 123, 120])
1	0.5515294949636774	0.5838965749279013	([475, 9], [475, 471, 470])
1	0.5612994221681681	0.5840425215720958	([867, 19], [867, 853, 19])
1	0.5728875815963811	0.5840830612860825	([396, 205], [396, 212, 205])
1	0.5763795659953131	0.5841109700676169	([803, 15], [803, 18, 12])
1	0.5800226347708786	0.5841109700676169	([794, 12], [803, 794, 12])
1	0.5727769217094308	0.5841311115406504	([803, 400], [788, 785, 400])
1	0.5395615598805451	0.5841978580755189	([65, 21], [96, 65, 42])
1	0.5482839862598665	0.5842077568068679	([899, 401], [900, 890, 887])
1	0.5800191761238397	0.5843191450132807	([923, 405], [923, 913, 396])
1	0.5676583708762312	0.5843191450132807	([903, 396], [934, 923, 396])
1	0.5291618635525566	0.5843769194107016	([631, 505], [631, 616, 614])
1	0.5411635611249345	0.5846567292270456	([216, 9], [216, 205, 17])
1	0.5397421984260513	0.5846567292270456	([208, 17], [216, 209, 205])
1	0.556817852387953	0.5846567292270456	([396, 218], [396, 216, 205])
1	0.5327700272606377	0.5848271102028484	([398, 363], [401, 398, 367])
1	0.4946833172699982	0.5848271102028484	([399, 357], [401, 400, 367])
1	0.5847561269032094	0.5848271102028484	([806, 367], [806, 401, 367])
1	0.5572234484345866	0.5848498866487585	([399, 342], [399, 342, 330])
1	0.5622939281753327	0.5849094706145946	([641, 1], [648, 641, 640])
1	0.5538602451076119	0.5849217829933655	([397, 103], [402, 397, 110])
1	0.5825831214049533	0.58504288282975	([1091, 396], [1102, 1091, 1089])
1	0.5728309963418774	0.5850439899763149	([258, 18], [265, 258, 257])
1	0.5784985311420653	0.5851293140234266	([1025, 54], [1025, 1018, 173])
1	0.5697920577930191	0.585200708422232	([924, 900], [924, 916, 900])
1	0.5625259073303368	0.5852828181027944	([864, 402], [874, 865, 864])
1	0.5678584700654468	0.5852951542305228	([803, 18], [806, 367, 15])
1	0.5850259782946535	0.5853309714140537	([934, 911], [934, 931, 911])
1	0.5757085524403581	0.5853645402562649	([1077, 1051], [1077, 1065, 1055])
1	0.5794649426085143	0.5853764954107172	([88, 53], [88, 70, 53])
1	0.5587271369558484	0.5853822834044314	([328, 17], [328, 326, 317])
1	0.5674679900737996	0.585485022811349	([784, 406], [790, 784, 780])
1	0.5794496716430294	0.5858929604171843	([1098, 1064], [1098, 1080, 1064])
1	0.5621056592798952	0.5859011647289569	([436, 419], [436, 435, 419])
1	0.5677825726036049	0.5859923724297824	([860, 399], [860, 825, 399])
1	0.5672054589572357	0.5861348128855067	([367, 19], [367, 359, 358])
1	0.5679375129217066	0.5861501767852277	([1073, 396], [1102, 1079, 1076])
1	0.5817452244706868	0.586337417665136	([119, 54], [161, 121, 119])
1	0.537409207774319	0.5864143086395076	([364, 10], [360, 358, 11])
1	0.5581738989335392	0.5864266624919777	([269, 20], [272, 270, 19])
1	0.5761466197046612	0.5864992978331672	([115, 52], [120, 115, 52])
1	0.551956893640527	0.5865301182849258	([800, 11], [817, 813, 11])
1	0.5540067777529786	0.5865555616850876	([174, 50], [198, 196, 50])
1	0.5836705430264875	0.5866744781473731	([400, 390], [400, 390, 377])
1	0.5687817811587084	0.5867153326616132	([378, 18], [383, 378, 18])
1	0.49116769446710234	0.5867400638890448	([204, 39], [212, 204, 203])
1	0.5744472941173491	0.5867632087899106	([709, 679], [700, 699, 681])
1	0.5248375722395607	0.5867784802635015	([418, 392], [419, 418, 392])
1	0.5449565459461443	0.5867784802635015	([435, 392], [435, 419, 392])
1	0.5245196082906691	0.58681826014792	([1178, 1163], [1180, 1176, 1154])
1	0.5373772791791964	0.5868571551063753	([106, 1], [114, 110, 107])
1	0.5830213589411232	0.5869133859874998	([879, 827], [879, 867, 827])
1	0.5464603389945057	0.5869379604460702	([811, 399], [865, 825, 399])
1	0.5754567313271358	0.5869379604460702	([871, 399], [871, 865, 399])
1	0.5750607474326692	0.5871032243186154	([1142, 402], [1148, 1142, 402])
1	0.568786822765123	0.5871032243186154	([1170, 402], [1170, 1148, 402])
1	0.546748183440016	0.5871465656884838	([911, 10], [908, 906, 10])
1	0.5705287570859967	0.5872084438798202	([802, 2], [802, 794, 788])
1	0.5359349036181655	0.5872098359275776	([915, 19], [923, 915, 909])
1	0.5501596335117362	0.587225164179553	([922, 403], [922, 909, 906])
1	0.5466229793215068	0.5872498087003187	([999, 21], [1032, 1019, 1014])
1	0.5793728414305771	0.5872740590570552	([872, 819], [872, 860, 856])
1	0.5360014180540329	0.5873427987391284	([926, 400], [926, 918, 400])
1	0.5501333374669436	0.5874052412616616	([869, 401], [863, 830, 818])
1	0.5481322981978982	0.587409233707625	([100, 62], [100, 94, 64])
1	0.48919565404042226	0.5874605311894937	([397, 393], [395, 393, 375])
1	0.5867047361843151	0.5875007037505376	([915, 42], [927, 923, 42])
1	0.5785968834177343	0.5875195974671722	([874, 396], [874, 864, 396])
1	0.5602409804627208	0.5875198934487036	([380, 15], [380, 368, 367])
1	0.5205176817791816	0.5875198934487036	([398, 380], [398, 380, 367])
1	0.5635309906034246	0.5876129189508842	([922, 18], [922, 913, 903])
1	0.5647532761914763	0.5876165799040751	([890, 21], [899, 890, 21])
1	0.5459188127714076	0.5876165799040751	([899, 19], [899, 890, 884])
1	0.5719771003634609	0.5876886509979474	([402, 335], [402, 397, 335])
1	0.5682911301606671	0.5877215372897767	([786, 0], [797, 786, 0])
1	0.5624621026785019	0.5879871655941108	([750, 17], [772, 771, 748])
1	0.5421191981734268	0.5879874730528131	([103, 17], [97, 91, 70])
1	0.5735117913196447	0.5881107312277314	([1134, 1111], [1134, 1128, 1119])
1	0.5834151506509263	0.5881156557197738	([301, 29], [309, 307, 50])
1	0.5500021703397988	0.5882788024007028	([61, 17], [65, 61, 21])
1	0.539454828705516	0.5882788024007028	([108, 42], [65, 61, 42])
1	0.5388611064222205	0.5882788024007028	([96, 21], [65, 61, 49])
1	0.5240053953669267	0.5882788024007028	([67, 49], [65, 62, 61])
1	0.575699962949732	0.5884305564782211	([405, 95], [405, 397, 95])
1	0.5768495483889308	0.5884902678765737	([478, 21], [489, 478, 401])
1	0.5564329042154623	0.5884902678765737	([478, 401], [489, 479, 478])
1	0.5666855888630131	0.5885185816122411	([401, 212], [403, 219, 214])
1	0.5310130880532604	0.5885476543764958	([936, 20], [934, 923, 20])
1	0.5713057597483506	0.588579432115447	([412, 41], [412, 410, 41])
1	0.4949794928218133	0.5887766270604518	([415, 17], [415, 407, 397])
1	0.5008735205724011	0.5887766270604518	([419, 406], [419, 415, 407])
1	0.5658939917279509	0.5888212424062031	([940, 18], [940, 927, 922])
1	0.48770513340138966	0.5888444590953378	([216, 215], [216, 212, 205])
1	0.5879801908380344	0.589249411375413	([484, 448], [484, 467, 466])
1	0.5755473396541918	0.5892587242594748	([1001, 19], [1001, 996, 20])
1	0.5869667348813024	0.5893376838282331	([176, 45], [188, 178, 45])
1	0.543035285993642	0.589488932352559	([402, 110], [95, 67, 16])
1	0.5189021963891342	0.5895127884160708	([114, 18], [114, 18, 13])
1	0.5861879751635318	0.589519483656997	([719, 398], [719, 714, 398])
1	0.542103508294394	0.589519483656997	([719, 1], [719, 714, 711])
1	0.5523252670745827	0.5895706715003104	([963, 21], [963, 960, 958])
1	0.5726613680314749	0.5896557144004487	([441, 42], [441, 434, 416])
1	0.5730014717736878	0.5896845049723337	([148, 19], [169, 151, 148])
1	0.5871271510553201	0.58978173325345	([1167, 53], [1167, 1154, 53])
1	0.5680758208311377	0.5899830406668186	([133, 50], [133, 132, 50])
1	0.5485977833483205	0.5900646168537865	([397, 351], [397, 362, 351])
1	0.5894011426283253	0.59012269130008	([928, 901], [928, 913, 909])
1	0.5374339409445618	0.5901891178688363	([418, 41], [418, 410, 408])
1	0.5054520116740794	0.5903166667947376	([418, 21], [418, 411, 13])
1	0.5737829741788636	0.5903783783906059	([1213, 1173], [1210, 1207, 1173])
1	0.5871798854153453	0.5905930739458846	([481, 399], [481, 476, 399])
1	0.5669153639661669	0.5906406301422215	([475, 406], [478, 475, 392])
1	0.5142513791742935	0.5906531499239299	([409, 399], [435, 419, 417])
1	0.5714048753918697	0.5906685867553938	([106, 41], [112, 106, 41])
1	0.5622310794571361	0.5906814971210986	([454, 9], [469, 456, 454])
1	0.5409071358430548	0.5906928574816223	([437, 411], [437, 435, 397])
1	0.585238940206392	0.5907338806914849	([251, 233], [251, 243, 235])
1	0.5188093347239303	0.5908577360577543	([397, 330], [402, 352, 331])
1	0.5292415633330863	0.5908577360577543	([406, 329], [406, 352, 331])
1	0.5708841268351146	0.5910675985254898	([1084, 397], [1084, 1070, 1068])
1	0.5235871300008775	0.5910734216920949	([65, 50], [64, 61, 55])
1	0.5785249381391405	0.5911205712558428	([463, 399], [471, 464, 463])
1	0.5854737841379493	0.5912809886955669	([402, 260], [402, 397, 260])
1	0.564174607518137	0.5912938569550505	([616, 49], [616, 611, 609])
1	0.5328359324360151	0.5914465344309935	([777, 405], [776, 401, 393])
1	0.5711313191552789	0.5914465344309935	([775, 393], [776, 775, 393])
1	0.5862471328074079	0.5916767240188375	([814, 14], [814, 798, 14])
1	0.5843604601735143	0.5917372568908835	([100, 32], [100, 64, 32])
1	0.5902963234653218	0.5917553009882037	([731, 709], [731, 721, 709])
1	0.5780047942279825	0.5919782462020423	([953, 400], [953, 934, 400])
1	0.5765117753596711	0.5921602177089893	([1113, 1080], [1113, 1098, 1096])
1	0.547896985384166	0.5922501104489863	([955, 9], [955, 945, 943])
1	0.5496433695009475	0.5922880176460447	([944, 21], [931, 922, 911])
1	0.5547105489199834	0.5923729492611322	([834, 10], [864, 834, 822])
1	0.5596725673538865	0.592503844217973	([983, 2], [983, 960, 21])
1	0.5532762452398082	0.592503844217973	([983, 21], [983, 969, 960])
1	0.5463258838276647	0.592570155903758	([788, 398], [806, 802, 398])
1	0.5584819903356453	0.5925819149071279	([1220, 1174], [1220, 1212, 1171])
1	0.5431545180743904	0.5925850771184956	([377, 17], [377, 366, 363])
1	0.5786051255698952	0.5926030470467318	([638, 625], [638, 634, 629])
1	0.5736390884403312	0.5926786321094261	([395, 267], [397, 395, 266])
1	0.5800004885927365	0.5927516932370936	([897, 398], [912, 905, 398])
1	0.5881964001441377	0.593110234072458	([701, 676], [701, 699, 681])
1	0.5779418528895874	0.5931590205557948	([104, 52], [102, 94, 93])
1	0.5890909008817858	0.5932242456126181	([259, 21], [259, 258, 21])
1	0.5638429991640417	0.5933113058026858	([338, 52], [350, 339, 338])
1	0.5450719267635289	0.5933469538022419	([794, 2], [794, 783, 782])
1	0.5780747522556141	0.5933839811838566	([548, 2], [558, 548, 547])
1	0.578749581417459	0.5934382340655335	([154, 42], [154, 145, 143])
1	0.5621659966196575	0.5934442434541204	([695, 17], [714, 696, 695])
1	0.551981565377235	0.5934639628101589	([173, 151], [173, 161, 154])
1	0.5842150442477388	0.5934838217722161	([1154, 44], [1167, 1165, 41])
1	0.5733524560986236	0.5935903000195684	([122, 1], [129, 122, 121])
1	0.5449135093629551	0.593610277392048	([383, 21], [383, 373, 370])
1	0.5866496110565236	0.5936138119067487	([684, 42], [696, 667, 664])
1	0.5857912207374159	0.5936138119067487	([697, 667], [696, 685, 667])
1	0.5910734362191933	0.5936542171948715	([75, 48], [78, 75, 44])
1	0.5862871117452814	0.5936542303039573	([879, 409], [891, 879, 873])
1	0.5396032514690525	0.5936943543362907	([933, 10], [933, 920, 911])
1	0.5837450199338753	0.5937124193566053	([930, 392], [930, 919, 392])
1	0.5930538409931214	0.5938175192361385	([255, 220], [255, 238, 226])
1	0.575984011381476	0.5939381541692822	([1092, 1063], [1092, 1077, 1055])
1	0.5702329074013469	0.5939559928750322	([1220, 1149], [1220, 1212, 1149])
1	0.5822702399760525	0.5939966161940282	([172, 150], [172, 170, 150])
1	0.5795859314459642	0.5939992515228462	([392, 342], [392, 342, 332])
1	0.5931458094355072	0.5940121464645163	([921, 895], [921, 910, 908])
1	0.5832054285638586	0.5940224069616198	([476, 409], [476, 475, 399])
1	0.5460763737197408	0.5940274190434194	([927, 42], [918, 904, 902])
1	0.5249982193274553	0.594122358224864	([902, 392], [925, 916, 405])
1	0.5537328625538585	0.5941420322632284	([505, 176], [505, 187, 176])
1	0.5411554015539481	0.5942195000694971	([1218, 1169], [1212, 1210, 1174])
1	0.5884109063042988	0.5942381636617249	([212, 197], [212, 203, 197])
1	0.5836258476358829	0.5942503925572927	([421, 32], [421, 415, 402])
1	0.5710821554848942	0.5943104828027619	([616, 173], [616, 612, 173])
1	0.587737230056433	0.5943247791822199	([442, 414], [464, 454, 442])
1	0.5847416265925135	0.5943431888219506	([497, 485], [497, 495, 485])
1	0.5459457356359327	0.594373494855078	([218, 21], [218, 211, 210])
1	0.5695034236025541	0.5944644818770416	([148, 16], [170, 149, 16])
1	0.5873072322126057	0.5946196532971809	([1165, 1123], [1157, 1155, 1123])
1	0.5794060142427586	0.5946344882833734	([205, 42], [205, 198, 42])
1	0.5719299297108574	0.5946632489889396	([303, 278], [303, 297, 286])
1	0.5765808556329116	0.5947188849100108	([398, 273], [398, 273, 265])
1	0.5867870586200491	0.5948645718826724	([106, 69], [106, 98, 97])
1	0.5840536782977183	0.5948964906431149	([995, 985], [995, 994, 985])
1	0.4896211470339819	0.5949980169800594	([393, 392], [395, 392, 370])
1	0.5672133204595796	0.5950331313411255	([243, 235], [249, 244, 236])
1	0.5707539838642003	0.5950777530461997	([400, 339], [400, 339, 338])
1	0.5367997533785072	0.5950856814153465	([212, 0], [207, 201, 2])
1	0.5935644509275729	0.5951595199564466	([553, 496], [553, 545, 496])
1	0.5583185427887649	0.5951972486078169	([898, 403], [909, 906, 403])
1	0.5782586664755986	0.5952127263334485	([855, 403], [855, 831, 829])
1	0.5704424344308632	0.5953105773015646	([155, 19], [169, 155, 151])
1	0.4968966284612858	0.5953643239608319	([410, 405], [413, 400, 395])
1	0.4926149846853357	0.5953643239608319	([400, 395], [413, 407, 395])
1	0.5890993160134534	0.5954062893068627	([64, 41], [64, 55, 41])
1	0.5578134732500063	0.5956551017584547	([1038, 1022], [1038, 1036, 1022])
1	0.520591741182425	0.5957044611248966	([1095, 404], [1095, 1086, 1085])
1	0.5472733638048426	0.5957830228625804	([789, 405], [789, 783, 405])
1	0.5784112945675223	0.5959362767022374	([372, 16], [372, 364, 360])
1	0.5321658038106475	0.5959592628626328	([793, 399], [781, 778, 400])
1	0.5344092766193765	0.596044342807614	([265, 18], [269, 265, 18])
1	0.5757022569409599	0.5961043374238529	([591, 50], [591, 582, 50])
1	0.5793856655245894	0.5961955144019763	([1131, 1097], [1131, 1110, 1097])
1	0.5693007767513343	0.5962476613165988	([707, 681], [709, 697, 680])
1	0.5691196598292757	0.5962806879967506	([1081, 19], [1096, 1081, 1073])
1	0.5836363562414072	0.5962840083737858	([696, 664], [685, 683, 667])
1	0.585534607805114	0.5963636337929039	([1142, 10], [1142, 1118, 10])
1	0.5792702034985043	0.5963636337929039	([1214, 1118], [1214, 1118, 10])
1	0.5863375555839071	0.5964450474199625	([1167, 1138], [1167, 1152, 1138])
1	0.5960958475760884	0.5964450474199625	([1217, 1152], [1217, 1152, 1138])
1	0.5895974654233337	0.5964835900942198	([195, 42], [198, 195, 190])
1	0.5578132806886412	0.5966048454508497	([910, 402], [924, 910, 402])
1	0.5550857855563202	0.5966375708778727	([1066, 1041], [1066, 1060, 1041])
1	0.5931872359758715	0.5966454832681245	([860, 802], [860, 825, 398])
1	0.5651693020366191	0.5966454832681245	([850, 398], [860, 846, 398])
1	0.5690570379752555	0.5966564383237071	([409, 15], [435, 422, 15])
1	0.5514712862308121	0.5966678000227325	([1072, 403], [1072, 1071, 402])
1	0.5743690385160488	0.5967158526002375	([391, 350], [405, 391, 350])
1	0.5864777693743836	0.5967258596647286	([906, 876], [906, 895, 889])
1	0.5391836664404306	0.5967591177317317	([363, 17], [389, 373, 372])
1	0.5798135185941599	0.5968185618869294	([161, 44], [121, 120, 44])
1	0.5719811840248135	0.5968715495292093	([305, 173], [305, 301, 300])
1	0.5683602600464783	0.5968918559473564	([810, 16], [821, 812, 810])
1	0.5806474291701309	0.5970091849316481	([163, 9], [163, 153, 152])
1	0.5693239671641823	0.597106098271521	([1020, 19], [1031, 1022, 1020])
1	0.5797425689964927	0.597183006665636	([412, 148], [412, 396, 148])
1	0.5858890351661578	0.5972122688350711	([350, 328], [350, 338, 329])
1	0.591966536475958	0.5973529259661543	([996, 11], [996, 995, 10])
1	0.5797051834048736	0.5973979789020942	([256, 221], [256, 220, 219])
1	0.5616514030353925	0.5973979789020942	([256, 1], [256, 255, 220])
1	0.5778130026028963	0.5974663749793018	([344, 327], [345, 341, 327])
1	0.5949255744985811	0.5975646969611288	([722, 50], [734, 722, 508])
1	0.5430402969449383	0.5975646969611288	([722, 508], [734, 722, 720])
1	0.5914661170008566	0.5976326029092655	([129, 32], [129, 120, 44])
1	0.594563565455004	0.5976627273740296	([1208, 1152], [1208, 1181, 1173])
1	0.5428947485028226	0.5977847320212116	([909, 403], [906, 889, 403])
1	0.5858977907934908	0.5977922648091895	([341, 13], [341, 334, 18])
1	0.543113850080123	0.5979133375403628	([638, 505], [638, 627, 625])
1	0.587963275911687	0.5980144410090661	([236, 45], [241, 236, 226])
1	0.5946205845661777	0.598045527531294	([873, 817], [880, 873, 864])
1	0.5970768183125473	0.5980853980314638	([818, 392], [823, 818, 392])
1	0.5732327022927927	0.5981604174429075	([970, 398], [985, 954, 398])
1	0.5933684829470548	0.5981604174429075	([984, 954], [985, 984, 954])
1	0.5837316164696503	0.5981619987168306	([524, 499], [531, 524, 499])
1	0.5834442684749022	0.5982222053536942	([259, 217], [257, 256, 219])
1	0.5523864819851604	0.5982222053536942	([403, 219], [403, 257, 219])
1	0.5365975987312455	0.5982357893006697	([63, 16], [63, 31, 30])
1	0.5886481926513796	0.5983180101185066	([880, 817], [873, 830, 823])
1	0.5891809235058707	0.59834919446829	([570, 545], [570, 568, 554])
1	0.5902749853584061	0.5983729988510258	([100, 16], [100, 63, 62])
1	0.5949799046790629	0.5985383216200639	([695, 663], [695, 686, 666])
1	0.5901974188390818	0.5985531890300795	([828, 20], [878, 834, 822])
1	0.5884616780738818	0.5986145817420214	([1117, 1082], [1117, 1091, 1082])
1	0.5951305259628611	0.5986688409791114	([457, 405], [457, 443, 442])
1	0.5700865555531065	0.5987978529512958	([346, 17], [346, 324, 321])
1	0.5641457890756963	0.5988369034735371	([455, 399], [463, 455, 454])
1	0.5768803504478884	0.5988386090899309	([849, 41], [850, 849, 41])
1	0.566214993055492	0.5988394723998489	([831, 403], [860, 855, 403])
1	0.5951767995713527	0.5989250164857021	([1097, 1059], [1097, 1084, 1082])
1	0.5803731085259523	0.5989284546118125	([209, 52], [204, 200, 52])
1	0.5943153858717827	0.5989467399728394	([917, 20], [923, 917, 401])
1	0.5826610533975822	0.5989550533910141	([852, 392], [863, 852, 392])
1	0.5416908056341428	0.5989870378653258	([505, 243], [505, 243, 236])
1	0.5313235370292316	0.5990143363506408	([406, 68], [406, 392, 68])
1	0.5877916495067861	0.5990281405496312	([258, 218], [267, 263, 21])
1	0.544621374171992	0.5990705532266684	([399, 330], [401, 354, 332])
1	0.5528827661630504	0.5990705532266684	([398, 332], [401, 398, 332])
1	0.5809388458768491	0.5990991557068075	([152, 33], [152, 144, 143])
1	0.5475266678451378	0.5991693788052372	([58, 19], [64, 61, 19])
1	0.5782731713633452	0.5991862799467773	([406, 218], [406, 218, 217])
1	0.5601942102672104	0.5991862799467773	([406, 271], [406, 259, 217])
1	0.550451332213494	0.5992436424302723	([470, 16], [481, 471, 470])
1	0.549780954767477	0.599267493632628	([678, 505], [684, 679, 678])
1	0.580480057502717	0.5992753289365149	([940, 406], [946, 940, 937])
1	0.5959831142772944	0.5993168376872814	([1081, 1054], [1081, 1080, 1054])
1	0.5979842489174185	0.5993269998389308	([227, 49], [241, 227, 223])
1	0.5549901009870489	0.5993586131742206	([444, 429], [468, 432, 49])
1	0.5282397625049376	0.5994385701325244	([347, 325], [346, 345, 326])
1	0.5909408917078348	0.5994582779071181	([1153, 1127], [1159, 1153, 1127])
1	0.5861629517236463	0.5994629263022679	([879, 851], [879, 851, 831])
1	0.5473719513826708	0.599467347025177	([659, 402], [659, 413, 402])
1	0.51711374476586	0.5995805203494401	([542, 498], [524, 504, 501])
1	0.5811916624248842	0.5997086816555582	([690, 666], [695, 693, 663])
1	0.5221318303459921	0.5997365037234029	([778, 401], [874, 873, 403])
1	0.5510456018328457	0.599743461330557	([103, 44], [112, 103, 102])
1	0.5763676804715631	0.5998311920997045	([931, 896], [931, 911, 907])
1	0.5511986028352429	0.5999566468061872	([1071, 402], [1074, 1057, 402])
1	0.5927510967856963	0.59996382976052	([442, 405], [442, 435, 397])
1	0.5600741367702545	0.6000466293984538	([356, 15], [803, 785, 400])
1	0.565393212337217	0.6000608949696079	([1038, 31], [1038, 409, 402])
1	0.5973014807363592	0.6000781680803731	([1212, 1113], [1212, 1144, 1119])
1	0.5675326953640499	0.6001028692149775	([678, 1], [684, 670, 667])
1	0.5270676812375966	0.6001028692149775	([688, 238], [684, 678, 670])
1	0.5480153757974062	0.6001279697428392	([660, 1], [719, 711, 710])
1	0.5934096691152826	0.6001902226309781	([1072, 1043], [1072, 1043, 1037])
1	0.569420217374029	0.6003323203231135	([110, 15], [110, 21, 14])
1	0.5962867745975073	0.600375159481755	([88, 18], [91, 88, 18])
1	0.598205894591692	0.6003886114264324	([1143, 1089], [1143, 1117, 1110])
1	0.5772569935225418	0.600511570785715	([995, 10], [1033, 996, 20])
1	0.5940879939153436	0.600511570785715	([1033, 1000], [1033, 1000, 996])
1	0.598683028702615	0.6005961517382963	([638, 49], [646, 643, 49])
1	0.5932341621242675	0.6006063291725263	([663, 409], [663, 660, 399])
1	0.5934346003050694	0.6006351441871121	([1217, 1138], [1217, 1212, 1119])
1	0.5248922944808135	0.6006413908903447	([422, 400], [422, 418, 400])
1	0.5665357082303858	0.6006418440886064	([400, 113], [400, 399, 113])
1	0.5751680069832488	0.6006465113395096	([358, 18], [353, 350, 339])
1	0.5877189195255996	0.6006712658304068	([1151, 16], [1156, 1152, 1151])
1	0.5851298762663624	0.6007870397534759	([842, 399], [842, 834, 818])
1	0.5518252666871264	0.6007908166090548	([296, 237], [302, 297, 296])
1	0.5836575646307879	0.6007912749452221	([834, 15], [871, 863, 836])
1	0.5710053996474028	0.6008383140855118	([1061, 399], [1061, 1044, 1040])
1	0.5425680037547832	0.6008495466179122	([508, 496], [531, 508, 496])
1	0.5785326798784146	0.60091416736486	([316, 10], [328, 316, 10])
1	0.5378004360303892	0.60091416736486	([314, 9], [328, 316, 17])
1	0.5970260809482155	0.6009518475975827	([651, 405], [662, 651, 405])
1	0.5783848953381567	0.6009905560060811	([791, 395], [791, 787, 395])
1	0.5769507049824186	0.6011333782300625	([224, 42], [254, 225, 224])
1	0.520399909409421	0.6011333782300625	([394, 224], [394, 254, 224])
1	0.5904245663833934	0.6011868234768311	([824, 802], [824, 813, 802])
1	0.57700265279752	0.601205094221889	([747, 719], [746, 745, 719])
1	0.5874577772710763	0.6012461705635308	([1105, 12], [1105, 1096, 397])
1	0.5686827091092387	0.6012461705635308	([1070, 397], [1105, 1096, 1088])
1	0.5774732874534246	0.6012594990174581	([983, 16], [983, 973, 16])
1	0.5731203735544872	0.601289774692178	([215, 15], [259, 217, 15])
1	0.520213848500545	0.6014616106566675	([404, 147], [404, 170, 147])
1	0.5390066357599782	0.6014623058786727	([160, 142], [158, 143, 142])
1	0.586029041347464	0.6015103297904855	([1035, 1016], [1035, 1030, 1023])
1	0.5822911877068505	0.6015297056264332	([464, 414], [442, 441, 414])
1	0.5620831090437044	0.6015542940717695	([996, 17], [1015, 996, 994])
1	0.5720381233877327	0.6015542940717695	([996, 20], [1033, 1015, 996])
1	0.594943166585444	0.6017874648801884	([488, 469], [488, 482, 469])
1	0.5523957414898601	0.6018179764677152	([912, 398], [934, 915, 910])
1	0.5800722249334256	0.601846963724915	([254, 20], [254, 226, 224])
1	0.539377609954293	0.6019234247729148	([787, 396], [810, 800, 788])
1	0.5362246433075414	0.6019437588198363	([926, 397], [936, 924, 922])
1	0.5522201069797568	0.601993513615765	([99, 10], [107, 99, 10])
1	0.5506611178775289	0.601993513615765	([111, 0], [108, 107, 10])
1	0.59405180565769	0.6020808939563607	([1181, 52], [1181, 1157, 1154])
1	0.5912635076744038	0.60208397964993	([768, 735], [768, 753, 735])
1	0.5282213443088708	0.6021071684358198	([110, 9], [96, 68, 65])
1	0.5697628152122017	0.6021256626064883	([1175, 10], [1173, 1152, 10])
1	0.5838474883662065	0.6021302151873184	([473, 49], [473, 469, 465])
1	0.5694871999596798	0.6021834506143151	([338, 173], [345, 338, 173])
1	0.5961143038342878	0.6022982033906489	([928, 393], [928, 901, 392])
1	0.5697231290503038	0.6023868829487169	([954, 18], [984, 957, 954])
1	0.5731913812510762	0.6023878564877151	([1037, 998], [1037, 998, 986])
1	0.5954812689756984	0.6024055929198125	([996, 984], [996, 993, 983])
1	0.5944457364755761	0.602408423672262	([489, 462], [489, 462, 21])
1	0.5949290282869308	0.6025019278825443	([1047, 401], [1047, 1039, 398])
1	0.5956574450123939	0.6025642625044325	([632, 403], [643, 635, 633])
1	0.5165807371579727	0.6026066601718453	([422, 2], [422, 413, 400])
1	0.5805151850142702	0.6026888294492942	([956, 11], [970, 957, 955])
1	0.5894629303146323	0.6027043883855248	([1097, 1044], [1097, 1059, 1044])
1	0.5475800834142445	0.6027246469904041	([1033, 398], [1040, 1035, 1033])
1	0.544298233816949	0.6028210589663107	([890, 19], [890, 876, 867])
1	0.5731938467072291	0.6028823870377961	([780, 21], [780, 775, 774])
1	0.5874060160978909	0.6029892020847547	([827, 395], [830, 791, 401])
1	0.5919968408212051	0.6031404262200996	([875, 395], [875, 865, 832])
1	0.5395723220999351	0.6032563958171512	([960, 21], [992, 987, 963])
1	0.565355300271244	0.6032816315375019	([789, 393], [792, 789, 393])
1	0.568833521209805	0.6032823882669571	([399, 156], [399, 156, 146])
1	0.5223018660302831	0.6033103345048909	([818, 11], [897, 879, 874])
1	0.5893795973653563	0.6033423194569242	([407, 353], [407, 360, 353])
1	0.5668043880748539	0.6033899999621757	([1105, 397], [1084, 1072, 402])
1	0.5974461403372162	0.6033899999621757	([1095, 402], [1097, 1084, 402])
1	0.596345203638154	0.6034963062649134	([933, 884], [933, 911, 884])
1	0.6021408056106655	0.6035829589480449	([302, 276], [301, 299, 277])
1	0.5848815817867478	0.6036235167602547	([399, 87], [399, 87, 76])
1	0.5707591689015061	0.603651058276342	([93, 52], [115, 107, 104])
1	0.5983516346253869	0.6036572451216374	([146, 115], [146, 144, 115])
1	0.5766621131426252	0.603680538129247	([333, 53], [356, 333, 332])
1	0.598243157837277	0.6037809171454379	([978, 399], [971, 970, 399])
1	0.5649992273260395	0.6038558502065368	([125, 50], [119, 59, 54])
1	0.5514082104562367	0.6038945046655196	([267, 2], [409, 267, 20])
1	0.5879034489878849	0.6039132455303373	([906, 15], [906, 887, 15])
1	0.5739452536907617	0.603989460898994	([78, 44], [103, 99, 44])
1	0.6036971148260571	0.6040200153406657	([539, 507], [539, 525, 507])
1	0.5416432529388435	0.6040499076615041	([828, 404], [873, 828, 823])
1	0.5644813673532803	0.6040600486274279	([651, 399], [663, 657, 651])
1	0.5811197192681986	0.6041326268653802	([1119, 18], [1117, 1102, 1089])
1	0.5876912467381328	0.6041682078106461	([723, 707], [723, 721, 709])
1	0.5540145658224739	0.6041702698779885	([63, 10], [100, 96, 10])
1	0.5884029154978693	0.6042409427170945	([89, 41], [89, 72, 41])
1	0.5889561866868288	0.6042703999827888	([1159, 1125], [1154, 1153, 1122])
1	0.543561032463393	0.6042707977714455	([944, 398], [946, 934, 932])
1	0.535890254652867	0.6043769203049318	([438, 9], [438, 434, 417])
1	0.539565195591739	0.6044575747871822	([409, 391], [409, 405, 397])
1	0.5804475625867351	0.6044751363163221	([197, 20], [213, 202, 197])
1	0.5741803443012437	0.6045107294188312	([1033, 11], [1016, 994, 10])
1	0.5933554139449075	0.6045409080756189	([199, 21], [207, 206, 21])
1	0.5503711410046804	0.6045417108465161	([112, 41], [78, 44, 43])
1	0.6017844778445117	0.6047216544323595	([357, 42], [369, 359, 357])
1	0.5800896550744457	0.6048272522327645	([835, 11], [835, 823, 817])
1	0.6031987891400906	0.6048387566515704	([400, 97], [400, 399, 76])
1	0.5969049463846813	0.6049157184474556	([634, 603], [634, 631, 611])
1	0.543103497270646	0.6049638645576739	([793, 14], [819, 814, 405])
1	0.5970581374592173	0.6049724681061435	([764, 173], [764, 753, 173])
1	0.6013289095571701	0.6050004120117538	([768, 722], [768, 735, 732])
1	0.5620682439937116	0.6050272714028665	([1123, 49], [1125, 1120, 1119])
1	0.5834967070056365	0.6052000862716107	([1139, 1104], [1139, 1133, 1104])
1	0.5952649335410966	0.6052101551123189	([411, 368], [411, 402, 377])
1	0.5338347601344319	0.6052279808340452	([209, 19], [260, 218, 217])
1	0.5430820862614631	0.6052279808340452	([267, 21], [260, 258, 218])
1	0.5119159725666816	0.6052476907584967	([198, 173], [213, 204, 173])
1	0.5953830329891457	0.605266620371437	([939, 906], [939, 913, 906])
1	0.5588192725901936	0.6052740650504659	([402, 207], [402, 401, 212])
1	0.5339042967623737	0.605360624895562	([361, 19], [409, 399, 361])
1	0.5062485655275063	0.605360624895562	([438, 399], [409, 401, 361])
1	0.6007182849844444	0.60543566873363	([927, 894], [920, 906, 900])
1	0.5476358811586224	0.6055036628359187	([383, 2], [409, 408, 384])
1	0.5786582589465	0.6055112713496431	([179, 2], [199, 174, 173])
1	0.5046423218414715	0.6055112713496431	([214, 173], [199, 197, 174])
1	0.5880913555176119	0.6055728733568763	([1212, 406], [1212, 1174, 406])
1	0.5970541555325226	0.6055735562937199	([914, 13], [914, 897, 888])
1	0.5892680121858013	0.6056147706601189	([937, 905], [937, 928, 919])
1	0.5627096406283107	0.6057081522150919	([579, 49], [601, 580, 579])
1	0.5313228767385181	0.6057153188512915	([241, 173], [220, 213, 173])
1	0.5454843356867046	0.6057623245503874	([397, 264], [397, 274, 266])
1	0.5914248506853911	0.6057941083323686	([665, 54], [667, 665, 173])
1	0.5611504453449869	0.605855677890568	([986, 397], [1037, 1033, 1016])
1	0.5855422460134349	0.6058718741481951	([698, 0], [713, 698, 693])
1	0.5464051574584372	0.605918371531848	([999, 9], [1016, 999, 994])
1	0.555025168580844	0.6059246667430427	([890, 41], [917, 890, 889])
1	0.6020460130888243	0.6061237588357355	([79, 51], [88, 79, 51])
1	0.5688520099157428	0.6061579195378867	([396, 344], [396, 344, 330])
1	0.5705761702442282	0.6062364752391717	([419, 0], [422, 419, 0])
1	0.5965065296915181	0.6062364752391717	([431, 0], [431, 422, 0])
1	0.5290966706431252	0.6062381330512279	([466, 49], [443, 442, 433])
1	0.6062572627954694	0.6062910457941489	([469, 441], [469, 460, 173])
1	0.5584472502870148	0.6063599475333378	([431, 42], [431, 417, 416])
1	0.5645655467599225	0.6064230056141988	([1143, 399], [1214, 1150, 1118])
1	0.5624401915964833	0.6064230056141988	([1115, 10], [1214, 1169, 1150])
1	0.601988611493296	0.6064230056141988	([1219, 1150], [1219, 1214, 1150])
1	0.5543333857135417	0.606449541052327	([912, 395], [911, 884, 395])
1	0.5608441541465973	0.606454330244279	([1163, 1124], [1155, 1154, 1124])
1	0.5934027704008433	0.6064609227249207	([273, 0], [272, 271, 0])
1	0.5750643445319116	0.6064937593186195	([975, 400], [974, 971, 400])
1	0.584834056556405	0.606643805152899	([689, 0], [689, 665, 663])
1	0.534183557320548	0.6066598014054578	([902, 399], [814, 405, 368])
1	0.5800030669258343	0.6066902859720321	([1046, 21], [1057, 1046, 1041])
1	0.5978713395521479	0.6067275641851253	([155, 122], [155, 148, 122])
1	0.5590079997460466	0.6069100135788791	([101, 20], [105, 101, 98])
1	0.5484470671612561	0.6069414965045811	([962, 173], [1025, 964, 173])
1	0.5671727497268622	0.6069721100437641	([743, 173], [745, 737, 719])
1	0.5740081081399687	0.607025017775777	([346, 10], [346, 344, 10])
1	0.5927187174583983	0.6070471082758641	([110, 67], [110, 100, 67])
1	0.5928180866292605	0.6070876883396448	([1149, 0], [1216, 1171, 1149])
1	0.6026309636156789	0.6071498208221795	([1107, 1068], [1107, 1091, 1055])
1	0.5918727139515323	0.6072642771905913	([486, 45], [485, 466, 429])
1	0.6059278192662495	0.6072836988107665	([940, 901], [940, 928, 922])
1	0.5418281734737321	0.6073307451235976	([391, 330], [391, 350, 330])
1	0.6019302114275729	0.6073319667844065	([947, 920], [947, 938, 920])
1	0.5464095388917393	0.6074372960727411	([804, 17], [800, 780, 397])
1	0.6067278787710131	0.6074616113670496	([601, 403], [610, 601, 403])
1	0.5413369507504109	0.6075818968100191	([321, 312], [322, 318, 313])
1	0.5601579070846244	0.6075923209926474	([402, 317], [402, 331, 317])
1	0.5937022667575049	0.6075949583807025	([814, 784], [814, 787, 784])
1	0.5453849583532153	0.6076468154183103	([415, 32], [418, 415, 31])
1	0.5488802363653175	0.6076474990208856	([309, 50], [315, 310, 309])
1	0.5363130733286076	0.607661141888251	([951, 399], [971, 960, 957])
1	0.5933508999348867	0.6076940206461584	([1135, 11], [1167, 1135, 1133])
1	0.5624319687600936	0.6078000249439499	([962, 20], [986, 968, 962])
1	0.604799414969194	0.6078717941905787	([884, 814], [884, 875, 814])
1	0.6030212955630867	0.6079452155534564	([460, 173], [469, 456, 441])
1	0.5941644252048691	0.6079558018737948	([344, 53], [344, 333, 330])
1	0.6059078761094951	0.6079676342024479	([715, 661], [715, 695, 661])
1	0.6074642328252893	0.6079753006751774	([724, 238], [738, 724, 721])
1	0.5344511671350516	0.608061180337028	([416, 42], [416, 408, 31])
1	0.5560089472010574	0.6080931513965544	([342, 1], [342, 331, 330])
1	0.5288624788955435	0.6081058497855617	([902, 21], [901, 890, 824])
1	0.5803634526222534	0.6081758053491351	([996, 173], [1021, 996, 173])
1	0.5455165880961323	0.6081758053491351	([1033, 20], [1021, 996, 984])
1	0.5974411878844832	0.6081813857844699	([1043, 937], [1049, 1039, 937])
1	0.5980651512986878	0.6082559062556455	([865, 797], [865, 817, 403])
1	0.5984512085886828	0.6082995241968687	([101, 60], [101, 99, 64])
1	0.5383533085261484	0.6083211105548422	([902, 42], [902, 896, 399])
1	0.5706429244305292	0.6083697202963545	([200, 11], [208, 202, 200])
1	0.6067836330877984	0.6083980417263548	([1021, 401], [1022, 1021, 401])
1	0.5623934740565408	0.6085119196514724	([256, 2], [267, 257, 256])
1	0.5646062580321151	0.6085119196514724	([273, 1], [273, 267, 256])
1	0.6043457150542747	0.6085313607366896	([222, 49], [227, 223, 222])
1	0.5902087673092309	0.6085421610819178	([173, 85], [173, 85, 54])
1	0.5549810506008588	0.6086540792526909	([986, 20], [996, 985, 983])
1	0.5978270757673724	0.6086726016538929	([694, 402], [694, 664, 661])
1	0.600832846631323	0.6086908302964784	([338, 15], [363, 359, 338])
1	0.5522879306458602	0.60893579125574	([399, 145], [399, 171, 150])
1	0.5412127458447877	0.6089740255907524	([862, 10], [888, 874, 834])
1	0.5572140402122544	0.609053900370157	([1023, 15], [1038, 1022, 15])
1	0.5534860311403417	0.6090568151436198	([399, 219], [399, 215, 206])
1	0.5436558967458656	0.6090740302888756	([486, 468], [483, 474, 470])
1	0.5595685094106406	0.6091341020573123	([301, 173], [325, 312, 173])
1	0.5550933350761806	0.6091784490062031	([1023, 406], [1023, 986, 406])
1	0.5505947450232063	0.6091784490062031	([1023, 400], [1023, 994, 986])
1	0.6017302041526212	0.6092222132650538	([193, 41], [193, 177, 175])
1	0.5937323813190536	0.6093628414492084	([1158, 1126], [1158, 1153, 1126])
1	0.5258181870783302	0.6093762517388716	([399, 67], [400, 110, 97])
1	0.5555975436757026	0.6093790665914468	([1040, 14], [1078, 1069, 18])
1	0.5255256207945556	0.6094796828028112	([61, 21], [114, 110, 15])
1	0.5627865085789648	0.6095618440179956	([349, 238], [349, 322, 321])
1	0.6058930816865051	0.6096032274951279	([1114, 405], [1114, 1105, 397])
1	0.5993497482144199	0.6096122035526306	([1104, 1041], [1094, 1074, 1046])
1	0.5974308228892314	0.6096146024974345	([558, 492], [560, 558, 492])
1	0.5682798259872823	0.6096324022178227	([1020, 41], [1020, 1014, 42])
1	0.5554317377662976	0.6096418815438944	([458, 16], [470, 465, 16])
1	0.5933217049443997	0.6096478255967659	([887, 407], [887, 865, 407])
1	0.5640426126416404	0.6096811564782738	([986, 42], [991, 964, 963])
1	0.5933653378078644	0.6096815732472454	([1138, 1081], [1138, 1115, 1081])
1	0.5988025596484035	0.6097791931743346	([402, 66], [402, 97, 66])
1	0.6096116697448063	0.6097910215741708	([1218, 1136], [1218, 1149, 1146])
1	0.6027593887320559	0.6098156388527475	([1000, 32], [1000, 991, 42])
1	0.6030778597022385	0.609849797245726	([1217, 1100], [1217, 1100, 1070])
1	0.607688789054646	0.609949775120047	([722, 708], [723, 722, 707])
1	0.5109031924538416	0.6099617102446923	([112, 1], [104, 96, 95])
1	0.5524885253980426	0.6100708976030762	([399, 201], [399, 259, 215])
1	0.5865052218761365	0.6101000501160296	([856, 406], [856, 821, 816])
1	0.5857830929619876	0.6103033336526378	([894, 32], [891, 873, 32])
1	0.5355324885837431	0.6103113959009645	([404, 219], [404, 219, 212])
1	0.6074957000351766	0.6103326868646988	([916, 31], [929, 916, 909])
1	0.5673798535758372	0.6103774609027922	([147, 15], [147, 115, 114])
1	0.5873599553350685	0.6104714953358772	([77, 50], [77, 65, 50])
1	0.5743683355102364	0.6104976146393681	([850, 21], [850, 824, 398])
1	0.5920378615906071	0.6105525820995953	([69, 54], [89, 70, 69])
1	0.5542090189921988	0.6106836030966518	([1121, 396], [1121, 1118, 1101])
1	0.5864744465867224	0.6106997307181885	([539, 173], [559, 548, 173])
1	0.6064071114032021	0.6107544541430786	([638, 426], [426, 424, 423])
1	0.559617527144258	0.6107899797139921	([148, 10], [148, 144, 10])
1	0.6011214487531451	0.6108417603266074	([386, 53], [388, 386, 53])
1	0.5509105383034028	0.610870059279705	([403, 146], [401, 170, 149])
1	0.5683536104541319	0.6109200684478382	([505, 295], [505, 295, 283])
1	0.6083672379086666	0.6110948849627403	([194, 44], [196, 194, 44])
1	0.5482787239395244	0.6111425298779726	([120, 31], [117, 113, 51])
1	0.5799764851371274	0.6111971269607986	([476, 18], [489, 476, 475])
1	0.58279737825072	0.6112512258872527	([663, 0], [712, 689, 19])
1	0.5658175023849574	0.6112512258872527	([689, 19], [712, 691, 689])
1	0.5475740570654757	0.6112775031733484	([1036, 396], [1049, 1038, 1036])
1	0.525456690235615	0.6113323766348618	([212, 18], [220, 212, 18])
1	0.6085993840897704	0.6113323766348618	([221, 18], [221, 220, 18])
1	0.602843704692381	0.6113564185611179	([177, 44], [199, 196, 44])
1	0.5682866298861763	0.6113564185611179	([196, 21], [199, 197, 196])
1	0.5492173951288069	0.611384421956007	([943, 402], [944, 943, 402])
1	0.5591698981119236	0.611546785445803	([129, 1], [122, 115, 114])
1	0.5977005870684255	0.611556275046133	([971, 31], [971, 31, 15])
1	0.595755248533084	0.611605259538457	([818, 783], [818, 811, 783])
1	0.5554691857112724	0.6116742400623041	([1148, 401], [1117, 1093, 1082])
1	0.6086880344557957	0.611676744486043	([469, 422], [469, 442, 441])
1	0.5472407178561454	0.6116829584762966	([399, 319], [399, 345, 319])
1	0.5896584993488992	0.611685684127411	([112, 92], [112, 103, 92])
1	0.5995816049593531	0.6117331646348185	([1074, 938], [1074, 938, 928])
1	0.5856058216572524	0.6117385173838887	([1216, 0], [1170, 1149, 1138])
1	0.6104892591657259	0.6118088717284269	([875, 31], [875, 853, 31])
1	0.5729605727874515	0.6118219507591047	([495, 484], [494, 493, 487])
1	0.6031014899904483	0.6118569652950654	([409, 336], [409, 391, 330])
1	0.5544492953740794	0.6119401090686323	([971, 17], [992, 971, 963])
1	0.5929622856710718	0.6120333824685807	([995, 400], [995, 986, 984])
1	0.5330648407445762	0.6120625526965874	([1021, 20], [1020, 1001, 21])
1	0.5753887385501503	0.6120965747864644	([117, 101], [117, 111, 100])
1	0.5995030740750827	0.6121007475516662	([1172, 396], [1182, 1181, 396])
1	0.5950324783576901	0.6121007475516662	([1208, 396], [1208, 1181, 396])
1	0.5733308957247214	0.6121449546462112	([470, 13], [470, 411, 402])
1	0.5615959716390234	0.6121840567828021	([471, 397], [471, 436, 399])
1	0.5512451853252787	0.6122682909887975	([396, 109], [396, 102, 96])
1	0.5328607811997034	0.6122682909887975	([396, 64], [405, 396, 96])
1	0.5418077182921038	0.612353793894448	([445, 21], [490, 489, 462])
1	0.6099192208628775	0.6124294720890746	([1163, 1025], [1156, 1155, 54])
1	0.5357454309684362	0.6124688073947944	([105, 16], [108, 95, 16])
1	0.5121039584617687	0.6125029310299641	([1053, 404], [1086, 1058, 1053])
1	0.5506006141685743	0.6125047392153611	([218, 11], [218, 207, 21])
1	0.5525888500607379	0.6125679534111076	([317, 17], [407, 350, 328])
1	0.6017250350669636	0.6126034040486928	([745, 21], [771, 746, 745])
1	0.6099397561814996	0.6126122977488071	([1034, 968], [1034, 1030, 968])
1	0.5991418279815244	0.6126606834100167	([433, 173], [445, 441, 173])
1	0.5982535833225068	0.6127095884487195	([365, 334], [396, 360, 334])
1	0.5977343211617221	0.6127217207970476	([584, 17], [595, 584, 581])
1	0.6058455904262086	0.6127275452389088	([1044, 392], [1044, 1042, 405])
1	0.5376427345276881	0.6127283896632065	([820, 406], [880, 811, 406])
1	0.6103291166448557	0.6127286237713754	([276, 53], [276, 255, 238])
1	0.600309866127507	0.6128218254458894	([191, 1], [191, 175, 41])
1	0.6085416123720391	0.6128998815141972	([479, 400], [479, 471, 400])
1	0.5597937656223397	0.6129382234351575	([755, 16], [771, 755, 16])
1	0.5884601625395818	0.6130501892294072	([199, 44], [211, 200, 199])
1	0.560682831347985	0.6130518280774409	([892, 18], [913, 909, 18])
1	0.5515348453457536	0.6130701836343785	([804, 10], [804, 788, 786])
1	0.5276355512557447	0.6131348391055116	([406, 208], [418, 406, 267])
1	0.5266576539864638	0.6131348391055116	([409, 20], [418, 409, 267])
1	0.5471906134720177	0.6131959809702218	([396, 269], [406, 330, 269])
1	0.5494317684821431	0.6132367103866149	([889, 11], [899, 363, 21])
1	0.5999218688870948	0.6132506124058695	([369, 42], [390, 372, 369])
1	0.5547872746378018	0.6132614611511832	([437, 21], [442, 437, 397])
1	0.6128806464270815	0.6133393766660902	([1136, 1100], [1140, 1136, 1100])
1	0.5348619075958567	0.6133853539314915	([107, 12], [104, 96, 12])
1	0.5448306450452303	0.6133985022221151	([399, 265], [409, 399, 262])
1	0.564436811332517	0.613423453167045	([472, 403], [470, 442, 405])
1	0.5439752204279595	0.6134806605894273	([847, 19], [915, 904, 897])
1	0.5988375446594274	0.6135287389670002	([898, 800], [898, 800, 403])
1	0.5859303580986427	0.6135372913908537	([1141, 406], [1217, 1119, 1100])
1	0.5711688354249037	0.6135632019573873	([349, 18], [349, 342, 341])
1	0.5733195468947926	0.6135787402320199	([781, 411], [781, 478, 411])
1	0.5592489242083399	0.613586788212122	([915, 11], [915, 899, 19])
1	0.5427611052935508	0.6136570700648544	([399, 171], [399, 146, 111])
1	0.5928812703145747	0.6136926054360013	([282, 50], [301, 286, 50])
1	0.516794046898965	0.6137247428365045	([68, 9], [113, 104, 12])
1	0.5696347047336187	0.6137247428365045	([392, 113], [392, 113, 12])
1	0.6101598712781965	0.6137458075495881	([664, 2], [694, 688, 2])
1	0.550608530710619	0.6138198878769308	([719, 173], [719, 698, 697])
1	0.5766036417441655	0.6139131368575039	([569, 50], [580, 569, 567])
1	0.6121312974870734	0.6139377124932051	([1149, 1105], [1149, 1119, 1113])
1	0.5207519143381864	0.6139510708992846	([415, 399], [436, 415, 399])
1	0.515544852142438	0.6139585157678823	([216, 17], [262, 217, 216])
1	0.6104741730752643	0.6139680536810119	([461, 431], [461, 445, 431])
1	0.5639084648962922	0.6140976508389647	([913, 406], [913, 892, 406])
1	0.5955250871990148	0.6141222196735607	([329, 13], [390, 329, 13])
1	0.5951505483495202	0.6141222196735607	([390, 12], [405, 390, 13])
1	0.5926198520165264	0.6141619390244445	([666, 11], [694, 666, 661])
1	0.5861240197420139	0.6143185982671342	([392, 145], [392, 145, 113])
1	0.597461508640142	0.6143535702212042	([1092, 407], [1113, 1092, 1091])
1	0.5505303362780465	0.6143842622777224	([245, 50], [245, 227, 223])
1	0.5623773337465403	0.6144420467498624	([896, 52], [918, 913, 52])
1	0.6086503848957634	0.6144593255769352	([712, 662], [712, 694, 662])
1	0.596427982298956	0.6144721288562017	([1147, 1108], [1147, 1135, 1108])
1	0.6034496790950441	0.6144758012644459	([392, 105], [405, 105, 104])
1	0.5129087906148744	0.6145060789755786	([61, 3], [99, 61, 21])
1	0.5557794602315512	0.6145063945310042	([471, 399], [473, 400, 399])
1	0.6099922688549186	0.6145125705644834	([1047, 929], [1047, 1043, 929])
1	0.5163638123290535	0.614596954236034	([66, 2], [85, 84, 42])
1	0.5826779439984612	0.6146161490321075	([390, 329], [391, 390, 329])
1	0.5266072478158581	0.6146219843224652	([892, 406], [863, 829, 405])
1	0.5512218908105768	0.6146903465710537	([434, 2], [434, 422, 416])
1	0.6105118783889575	0.6147164197499456	([473, 414], [473, 414, 412])
1	0.5976292106117567	0.614721969880062	([869, 408], [869, 859, 408])
1	0.6050149000233426	0.6147543716850105	([306, 44], [326, 311, 44])
1	0.6056873564121984	0.6147630354005744	([438, 10], [438, 435, 10])
1	0.6130642043241232	0.6149043123689154	([1047, 889], [1047, 929, 889])
1	0.5610626483001525	0.6149045302302164	([715, 399], [715, 694, 399])
1	0.6018557301153482	0.6149076196074407	([1053, 403], [1072, 1064, 403])
1	0.5789940312117899	0.6149076196074407	([1098, 403], [1098, 1064, 403])
1	0.5603877323030612	0.6149310258219826	([913, 18], [954, 930, 18])
1	0.5612322016574197	0.6149410213771196	([1067, 21], [1057, 944, 398])
1	0.5460468342599739	0.6149410213771196	([1074, 398], [1057, 944, 402])
1	0.5964569304108693	0.6150294627072386	([695, 405], [695, 661, 405])
1	0.5666080103679199	0.6150581710996919	([123, 2], [121, 114, 112])
1	0.5774440561860953	0.6151828160163172	([809, 54], [809, 408, 407])
1	0.6079049590830709	0.6151835432434334	([691, 18], [713, 712, 18])
1	0.5948761180121817	0.6152364682836649	([691, 44], [691, 664, 44])
1	0.6002717020757112	0.6152619328485547	([1119, 1079], [1119, 1100, 1085])
1	0.5584928689208418	0.6152757984305572	([998, 396], [998, 983, 981])
1	0.60905357592534	0.615368369463581	([1120, 1072], [1120, 1102, 1097])
1	0.49109756919354725	0.6154177348496975	([407, 406], [407, 406, 352])
1	0.6050431335764775	0.6154284448276384	([718, 667], [718, 694, 667])
1	0.6080528537588195	0.6154487702134114	([570, 173], [603, 578, 570])
1	0.49355335669210537	0.6154703597432988	([222, 221], [257, 217, 215])
1	0.5654335027808034	0.6154977162061505	([883, 42], [918, 900, 881])
1	0.5680238091162775	0.6155918407618688	([1095, 15], [1095, 1075, 404])
1	0.6144298005461182	0.6156700695349945	([703, 678], [703, 697, 680])
1	0.6019011178978294	0.6157290148632109	([1221, 1153], [1221, 1218, 1153])
1	0.5579283532579002	0.6157452228540334	([383, 20], [391, 383, 351])
1	0.6042021552378357	0.6157760960457045	([456, 44], [461, 456, 44])
1	0.5556789856033941	0.6157841287714932	([859, 9], [859, 836, 819])
1	0.5323301207536344	0.6158402278523095	([267, 10], [273, 260, 10])
1	0.5626501942526511	0.6158445845225029	([848, 45], [848, 844, 45])
1	0.6158249922939221	0.6158466479031168	([1170, 1106], [1170, 1139, 1138])
1	0.5416452137399388	0.615918970528484	([441, 173], [489, 469, 462])
1	0.534971615343749	0.6160090311644564	([201, 15], [201, 31, 29])
1	0.5974559241598976	0.6161152172808576	([257, 13], [257, 256, 13])
1	0.6026659111747629	0.6161213773246953	([650, 397], [662, 651, 650])
1	0.6040325333817798	0.6161355820020865	([894, 825], [894, 890, 825])
1	0.5987036051172618	0.616139232085951	([769, 707], [769, 768, 722])
1	0.5941517536427734	0.6161567191162359	([749, 41], [775, 772, 41])
1	0.6088217564508901	0.6163292738126943	([81, 45], [84, 81, 45])
1	0.6145450497703674	0.6163980542811047	([275, 219], [275, 273, 219])
1	0.5265690038174031	0.6164109245654121	([902, 17], [902, 800, 397])
1	0.5804148049293864	0.616414810777852	([403, 199], [403, 214, 199])
1	0.5513651567802766	0.6164277464846538	([245, 1], [245, 225, 173])
1	0.615476691424093	0.6164539847029277	([1213, 1115], [1217, 1213, 1115])
1	0.5964547308692689	0.6166238874905248	([748, 45], [748, 738, 737])
1	0.5603706893435142	0.6167450719803961	([328, 10], [341, 328, 327])
1	0.5779963003864242	0.6167634594909868	([331, 41], [407, 328, 327])
1	0.6148930232134825	0.6167784097290676	([786, 392], [803, 801, 392])
1	0.6051734155480675	0.6167883059289233	([1059, 15], [1104, 1082, 1059])
1	0.5804577998625533	0.6168219427193359	([610, 401], [632, 611, 601])
1	0.5663475084144353	0.6168552987835729	([695, 2], [664, 650, 649])
1	0.5531994760757913	0.6168729183253304	([68, 0], [96, 68, 0])
1	0.5815046428782942	0.6168920188122972	([1077, 391], [1079, 1049, 1042])
1	0.6112784465141039	0.6168920188122972	([1093, 1045], [1093, 1079, 1042])
1	0.5215232505852166	0.6169534391757487	([399, 111], [400, 395, 97])
1	0.5932461040244833	0.6169925919228298	([973, 52], [973, 961, 960])
1	0.5966997703059681	0.6169935791296342	([938, 875], [938, 903, 895])
1	0.5869049160110328	0.6170199503606526	([790, 13], [790, 782, 18])
1	0.5160357964590039	0.6170994790524299	([405, 14], [470, 442, 435])
1	0.5925618197551242	0.6171444536978715	([1067, 927], [1067, 1041, 1040])
1	0.5985056136373931	0.6171482836892446	([424, 10], [435, 411, 11])
1	0.561066646908069	0.6171482836892446	([417, 11], [435, 417, 11])
1	0.5500171313737967	0.6171794407949246	([489, 401], [478, 470, 401])
1	0.6168159234432689	0.6172197556561443	([432, 321], [432, 426, 387])
1	0.5889484339428576	0.6172449251484257	([1143, 405], [1143, 1132, 405])
1	0.5163028380620458	0.6172503386221536	([259, 15], [414, 406, 271])
1	0.5412040053043862	0.6172503386221536	([397, 274], [414, 411, 271])
1	0.5451511102465203	0.6173947667397653	([339, 10], [396, 384, 344])
1	0.6081343229688492	0.6174472394500046	([341, 2], [353, 341, 18])
1	0.5615591575671222	0.6174579235032236	([477, 398], [471, 401, 400])
1	0.5179504824802252	0.6174579235032236	([473, 396], [471, 470, 401])
1	0.6059747630578735	0.617542307194673	([255, 53], [301, 276, 53])
1	0.5834308062407101	0.6175734261275856	([639, 173], [639, 622, 173])
1	0.5887662544784679	0.6175744640539724	([638, 54], [639, 638, 173])
1	0.5754817101435915	0.6176087921130708	([1096, 12], [1105, 1102, 18])
1	0.5951075729757082	0.6176254093905654	([1012, 16], [1012, 991, 963])
1	0.6077631508006328	0.6176344204760936	([960, 937], [960, 951, 937])
1	0.6085503642320506	0.6176533883379913	([583, 496], [583, 552, 496])
1	0.5847388119881978	0.617668206293626	([298, 21], [298, 283, 277])
1	0.6112860270465912	0.6177344697727143	([1124, 990], [1124, 1025, 990])
1	0.5368049555018699	0.6177491816918702	([91, 17], [407, 395, 97])
1	0.577852376161758	0.6177918195575116	([200, 53], [267, 214, 52])
1	0.6072893596193683	0.6177918195575116	([395, 214], [395, 267, 214])
1	0.5156254397159892	0.6177918195575116	([210, 21], [403, 267, 214])
1	0.5454077642434018	0.6178048189827465	([1038, 16], [1038, 983, 959])
1	0.5431531448784147	0.6178936173161174	([913, 17], [913, 407, 406])
1	0.6147464422744249	0.6178936173161174	([939, 407], [939, 913, 407])
1	0.548874256841256	0.6179943404469458	([838, 16], [830, 815, 814])
1	0.6036748480628696	0.6180468327927537	([437, 31], [440, 416, 413])
1	0.6029355748778729	0.6181037854015277	([325, 53], [387, 386, 53])
1	0.6146515917350895	0.6181258829553613	([304, 275], [304, 302, 275])
1	0.6014056883344474	0.6181605287582377	([1168, 401], [1168, 1130, 1129])
1	0.6003439710062566	0.6183590672824647	([804, 395], [804, 800, 395])
1	0.5750261299799994	0.6183695824491767	([169, 41], [169, 154, 42])
1	0.579497524095186	0.6183924373242643	([405, 202], [405, 396, 218])
1	0.5929571640171509	0.618417634739349	([575, 547], [575, 548, 547])
1	0.5605666278355951	0.618417634739349	([605, 173], [575, 565, 548])
1	0.5431721279704474	0.6184416315973	([422, 20], [422, 415, 402])
1	0.5956699494748218	0.6185846075817593	([1218, 1128], [1218, 1174, 1153])
1	0.5659743679068181	0.6186091848804178	([305, 238], [305, 298, 277])
1	0.6022231442411318	0.6186396476728473	([899, 408], [899, 869, 408])
1	0.5381199341155058	0.6186933261872867	([173, 120], [118, 117, 101])
1	0.5155112549669263	0.6187286376181136	([935, 396], [913, 900, 892])
1	0.5687731832818863	0.6187480541141194	([66, 18], [66, 18, 14])
1	0.6145919687776893	0.6187683378743309	([697, 658], [697, 667, 664])
1	0.5515784428709493	0.6188013734991272	([303, 17], [321, 312, 303])
1	0.5744057862923865	0.6188086610315869	([1043, 400], [1071, 1046, 1043])
1	0.6007613631608872	0.6188093939538372	([410, 0], [418, 410, 0])
1	0.6178447251254143	0.6188375700476747	([429, 324], [429, 426, 324])
1	0.6177282537344372	0.6188717076934092	([1135, 32], [1135, 1129, 32])
1	0.6090699010211493	0.6188879697215115	([1156, 54], [1189, 1188, 173])
1	0.6030990883757681	0.6189229869759537	([86, 0], [89, 86, 41])
1	0.5942576497138554	0.6189616616429197	([882, 398], [882, 824, 398])
1	0.5303808858398922	0.6190266235337216	([208, 11], [218, 206, 10])
1	0.5300378918910623	0.6190266235337216	([216, 10], [260, 218, 10])
1	0.5749586304290784	0.619035960248786	([1112, 398], [1102, 1089, 398])
1	0.5068977944269358	0.619039885055494	([392, 12], [392, 105, 66])
1	0.5901821352428557	0.6190540923428756	([245, 52], [227, 222, 221])
1	0.5858081371091107	0.6191030113994905	([439, 44], [477, 469, 398])
1	0.5401328120171222	0.6191321699179165	([793, 20], [782, 409, 401])
1	0.5711357459713582	0.6191864059362719	([1072, 42], [1079, 1067, 927])
1	0.5986636905856045	0.6192339887815349	([425, 21], [443, 428, 425])
1	0.612692487153564	0.6192738467513574	([407, 215], [407, 215, 203])
1	0.6087745694217574	0.6193288084178289	([988, 51], [1025, 988, 54])
1	0.5101902484029224	0.6193524713435273	([31, 15], [437, 421, 46])
1	0.6015977112400103	0.6194574484936083	([407, 270], [407, 328, 270])
1	0.5831999051375533	0.6195141590244571	([734, 1], [734, 720, 719])
1	0.6003881978486346	0.6195350604909526	([975, 32], [975, 973, 32])
1	0.5699995886220829	0.6195524538882377	([997, 402], [1022, 997, 993])
1	0.6071887002512255	0.6196255379206698	([449, 45], [449, 429, 428])
1	0.5817053048856675	0.6196882024989465	([971, 0], [971, 963, 42])
1	0.5813213582118573	0.6197280456658095	([906, 393], [921, 906, 895])
1	0.6098192867426447	0.6197501065194757	([136, 45], [136, 122, 45])
1	0.6176517494981674	0.619794331538488	([1197, 50], [1203, 1197, 50])
1	0.554160547523108	0.6198239842947436	([774, 9], [774, 206, 9])
1	0.610569533027303	0.6198239842947436	([774, 10], [774, 206, 10])
1	0.5577507042669503	0.6198239842947436	([771, 21], [774, 206, 21])
1	0.5385973202189315	0.6198809099473684	([332, 19], [407, 406, 270])
1	0.5924082240168931	0.6198962590665279	([149, 44], [149, 146, 111])
1	0.6075502231195873	0.6199092647589504	([614, 579], [615, 614, 580])
1	0.5875151481554794	0.6199136926081167	([173, 98], [173, 98, 62])
1	0.6016970455179904	0.619916192227368	([1140, 1080], [1140, 1107, 1076])
1	0.5251774964602758	0.6200521493216349	([264, 19], [1037, 403, 367])
1	0.6114021384461756	0.6201526542690867	([689, 16], [689, 666, 663])
1	0.6096188276701654	0.6201750049494155	([401, 106], [401, 170, 106])
1	0.6130926198494686	0.620251369216794	([641, 21], [641, 635, 21])
1	0.49270768727785524	0.6203743270263943	([244, 242], [246, 237, 228])
1	0.5745280229139944	0.6203784373760343	([278, 49], [305, 278, 277])
1	0.5297134974314114	0.6203895493794475	([112, 10], [112, 15, 0])
1	0.5504682436706692	0.6204338769381733	([335, 42], [357, 332, 330])
1	0.5244632037074797	0.6204599176254891	([1037, 403], [341, 329, 327])
1	0.6157761342576112	0.6204964846438262	([114, 93], [114, 99, 93])
1	0.5084091590351617	0.6205655321692217	([404, 63], [404, 94, 63])
1	0.6201325472414236	0.620607105949934	([969, 43], [970, 969, 43])
1	0.5919397857871656	0.6206256296340906	([882, 408], [882, 869, 862])
1	0.5755391247417786	0.6206991930395905	([849, 52], [871, 864, 402])
1	0.5733515957859431	0.6207085369173416	([1149, 1043], [1149, 1100, 1070])
1	0.5643293717851324	0.6207385465044057	([548, 49], [601, 573, 548])
1	0.5909459378808849	0.6207653918457356	([822, 12], [835, 822, 817])
1	0.5398549103160145	0.620778031292897	([858, 17], [858, 819, 800])
1	0.6188633075991662	0.6207837554010277	([416, 380], [416, 412, 380])
1	0.5603538476477397	0.6208005861262772	([108, 45], [95, 70, 65])
1	0.5948053399431593	0.6208081573746695	([949, 919], [949, 935, 930])
1	0.5976882901932887	0.6208319269006314	([388, 50], [388, 349, 347])
1	0.584003948833543	0.6208510550523912	([660, 392], [661, 660, 405])
1	0.5645202952526374	0.6209338808642801	([944, 11], [956, 944, 405])
1	0.4981398719164174	0.6209875315576662	([47, 1], [61, 48, 29])
1	0.6094511842190173	0.6210129274270918	([718, 558], [718, 559, 558])
1	0.5763061882484547	0.6211202172168777	([1104, 21], [1111, 1100, 1067])
1	0.557295373532901	0.6211504511110522	([61, 1], [91, 61, 16])
1	0.5441237858540474	0.6211504511110522	([65, 17], [91, 61, 17])
1	0.6185651532821167	0.6212110511521296	([130, 41], [130, 121, 41])
1	0.5743288336614051	0.6212985112030314	([450, 238], [455, 450, 443])
1	0.5191904029202365	0.6213272509728542	([1037, 19], [1033, 1000, 970])
1	0.6144162835781913	0.6214026622035752	([562, 491], [562, 558, 491])
1	0.5927898002387619	0.6215332334724664	([390, 345], [392, 390, 345])
1	0.5548119067761501	0.6215462126533473	([221, 52], [221, 214, 52])
1	0.6169234702006742	0.6215617377656708	([447, 53], [455, 447, 442])
1	0.6151787202474271	0.6215718440307392	([769, 426], [769, 638, 426])
1	0.5794621956259959	0.6216198649551554	([396, 307], [396, 317, 307])
1	0.6094984432859772	0.6216198649551554	([402, 307], [402, 317, 307])
1	0.6020129183890848	0.6216541163543977	([767, 731], [767, 752, 731])
1	0.6211325413730436	0.6217215563792189	([732, 680], [732, 721, 709])
1	0.597379125820883	0.621783719409116	([933, 408], [947, 933, 408])
1	0.5757240912962821	0.621783719409116	([947, 2], [947, 933, 920])
1	0.6148794764323249	0.621862426159348	([1004, 387], [964, 429, 387])
1	0.5973378402401072	0.6218879497641887	([316, 274], [314, 272, 257])
1	0.581457061364464	0.6219009803220023	([477, 44], [431, 418, 44])
1	0.6216742520835298	0.6219109477778036	([774, 42], [775, 774, 42])
1	0.49214648423726387	0.621993807381551	([470, 9], [454, 442, 439])
1	0.5424906236975547	0.6220191770817164	([966, 1], [1019, 989, 965])
1	0.5808295557859704	0.6220598853979351	([486, 50], [494, 486, 50])
1	0.5425199113108852	0.6220598853979351	([494, 49], [494, 486, 485])
1	0.6177425410141928	0.6221092536839571	([1117, 1056], [1118, 1117, 1056])
1	0.5387029840106762	0.6221400783227863	([562, 21], [562, 489, 173])
1	0.5460516827483378	0.6221434242915385	([400, 218], [401, 400, 218])
1	0.5863926600565714	0.6221509383949841	([481, 11], [565, 481, 399])
1	0.5399108893421579	0.6221587235018351	([353, 2], [378, 353, 18])
1	0.5913805059469297	0.6221728994273432	([385, 16], [385, 372, 371])
1	0.585010958132331	0.6221763633982418	([697, 400], [691, 664, 659])
1	0.5217922516389524	0.622185298826117	([1035, 404], [1053, 1035, 404])
1	0.576959035378676	0.6222020769751957	([746, 399], [746, 717, 399])
1	0.5841920376702098	0.6222020769751957	([774, 715], [773, 717, 399])
1	0.6195629627653323	0.6222198989475527	([871, 44], [875, 871, 44])
1	0.6188068256772444	0.6222381665292389	([148, 98], [396, 148, 98])
1	0.5296441048796106	0.6222571926551511	([389, 17], [800, 363, 17])
1	0.6188170357384585	0.6222571926551511	([810, 363], [810, 800, 363])
1	0.5196303287035421	0.6222689874397559	([396, 212], [396, 268, 260])
1	0.5952986690686917	0.6222898265804103	([454, 41], [454, 439, 41])
1	0.5539794157497138	0.6223881438869988	([1037, 397], [980, 407, 406])
1	0.6096446471020495	0.6224514586474279	([441, 53], [455, 441, 399])
1	0.5440347759231207	0.6224516987959295	([1102, 396], [1047, 912, 889])
1	0.5979011006152107	0.6224527918419668	([120, 21], [149, 120, 44])
1	0.5290173117746402	0.622523264347784	([923, 19], [890, 400, 361])
1	0.5718750255946138	0.6225633636751525	([987, 49], [988, 987, 46])
1	0.5628650101054017	0.6225945966240988	([298, 238], [313, 305, 238])
1	0.6112467390104084	0.6226305932834356	([694, 14], [715, 694, 15])
1	0.5871869889109893	0.6226377549366974	([423, 54], [464, 423, 53])
1	0.5185786558750385	0.6226795608182045	([949, 406], [955, 406, 392])
1	0.6022782223110191	0.6226814060263064	([393, 340], [393, 340, 330])
1	0.5951410428405998	0.6227072023880998	([1173, 391], [1173, 1137, 392])
1	0.6195769293928527	0.6228453696591302	([716, 658], [716, 663, 658])
1	0.5853440505018486	0.6228763010143477	([459, 10], [459, 442, 10])
1	0.5859760989083732	0.6229133315768434	([964, 429], [964, 387, 321])
1	0.574953269374612	0.6229361261663555	([566, 399], [565, 558, 491])
1	0.6162933556843687	0.6229429305049999	([815, 48], [830, 815, 48])
1	0.5486207415258776	0.622963961678581	([777, 16], [775, 772, 771])
1	0.6206613365409978	0.622998347528095	([617, 402], [635, 617, 609])
1	0.5095927238296116	0.6230576612483664	([922, 21], [931, 902, 896])
1	0.6129621081009783	0.6230657235877064	([463, 416], [472, 464, 463])
1	0.5099146670087928	0.6230980783666319	([419, 16], [470, 434, 411])
1	0.6017169830425001	0.6231100738018077	([883, 393], [906, 883, 876])
1	0.6212760518247026	0.6231804604720895	([1022, 985], [1022, 1021, 985])
1	0.5693535195254871	0.6231920231768437	([612, 17], [633, 612, 609])
1	0.6139360449209142	0.6231987361387841	([359, 44], [381, 373, 44])
1	0.6095825575563806	0.6232481310376531	([1215, 405], [1215, 1143, 405])
1	0.5949963644603028	0.6233235271565505	([407, 203], [407, 270, 215])
1	0.5562985313607558	0.6233683337074662	([838, 400], [838, 826, 821])
1	0.6073892851301983	0.6234093514220559	([1119, 1038], [1119, 1079, 1038])
1	0.5955114929626782	0.6234208981163388	([329, 0], [326, 316, 10])
1	0.5704109049454579	0.6234335340068722	([1102, 18], [1138, 1102, 18])
1	0.5901680069663269	0.6234335340068722	([1145, 18], [1145, 1138, 18])
1	0.5783260344834201	0.6234526935829234	([662, 397], [663, 661, 396])
1	0.5510406794534489	0.6234722900327381	([477, 10], [478, 465, 10])
1	0.5503387119578363	0.623523828079639	([267, 52], [249, 53, 52])
1	0.5513588456077275	0.623523828079639	([276, 238], [255, 249, 53])
1	0.6152345675827815	0.6235357115832916	([1135, 1082], [1135, 1106, 1103])
1	0.5411306964498758	0.6235479348745802	([667, 173], [667, 666, 655])
1	0.5602886147758095	0.623550332433729	([478, 392], [472, 436, 435])
1	0.5993876269838689	0.6236337526215883	([1134, 31], [1134, 1107, 1104])
1	0.6150491861525861	0.6236886901526651	([995, 411], [995, 986, 397])
1	0.6173443781397061	0.6237854172893196	([1130, 1042], [1130, 1115, 1042])
1	0.6097936614326426	0.623849249413942	([641, 402], [659, 642, 641])
1	0.6121790745662687	0.6239173697191508	([1210, 1131], [1215, 1210, 1131])
1	0.5511635233240979	0.6239257939290005	([317, 18], [402, 317, 274])
1	0.604789318444773	0.6239634461935111	([888, 795], [888, 867, 808])
1	0.578785517665652	0.6239812005935945	([930, 11], [955, 930, 392])
1	0.6212285469478127	0.6240083203537377	([79, 13], [79, 64, 63])
1	0.609638698902077	0.6240223725284428	([622, 50], [635, 622, 614])
1	0.6097204372042191	0.6240239525541195	([1131, 1061], [1131, 1117, 1061])
1	0.5782164423924938	0.6240827514299858	([695, 406], [695, 407, 406])
1	0.5988630361798551	0.6240827514299858	([661, 407], [695, 661, 407])
1	0.6082428101295828	0.624103057802793	([1004, 50], [1004, 387, 53])
1	0.6182575955840599	0.6241032698213572	([711, 641], [711, 695, 651])
1	0.5230868071881052	0.6241244868180591	([225, 1], [256, 218, 13])
1	0.4982005711131701	0.6241244868180591	([12, 11], [405, 218, 13])
1	0.5238274723645385	0.624156793905435	([366, 21], [363, 21, 14])
1	0.5940166058292012	0.624156793905435	([355, 14], [363, 355, 14])
1	0.579587159323827	0.6241690722290962	([1217, 52], [1181, 1170, 1157])
1	0.5369288371150477	0.6241785178863366	([419, 51], [419, 415, 51])
1	0.5535282710518391	0.6242566947037167	([971, 396], [974, 969, 951])
1	0.5460580680604459	0.6242867215637508	([960, 2], [960, 947, 937])
1	0.5572367075098569	0.6243691793467246	([56, 2], [56, 43, 32])
1	0.5858343328721226	0.6244498117251517	([823, 41], [851, 823, 819])
1	0.5427130339661155	0.6244939562574927	([336, 17], [336, 328, 19])
1	0.6057803661175307	0.6245052165605492	([1216, 1089], [1216, 1139, 1137])
1	0.5697435471467517	0.6245079555359181	([773, 20], [781, 777, 20])
1	0.6066528197889536	0.6245133046037364	([689, 21], [696, 641, 42])
1	0.5765433022183987	0.6245133046037364	([641, 42], [696, 641, 402])
1	0.613858407148462	0.6245444729373676	([905, 29], [905, 891, 29])
1	0.6180748020476617	0.6245841611029551	([148, 13], [148, 122, 114])
1	0.5800228777412647	0.6245994803651609	([660, 403], [660, 403, 401])
1	0.609921972789494	0.6246305890118786	([474, 419], [479, 471, 0])
1	0.5923485810390485	0.6246305890118786	([491, 0], [491, 479, 0])
1	0.6135573727157753	0.6246325251268129	([718, 419], [718, 712, 0])
1	0.5154026396299465	0.624651698355528	([272, 17], [316, 274, 272])
1	0.6189992512271238	0.6247019376576507	([387, 118], [964, 387, 118])
1	0.5835163726400152	0.6247119403795991	([918, 16], [918, 405, 14])
1	0.5741488027187653	0.6247119403795991	([919, 14], [919, 918, 14])
1	0.6230237235423899	0.6247427519767395	([307, 224], [307, 276, 224])
1	0.5905169300018526	0.6247528640887049	([401, 388], [401, 388, 386])
1	0.6022820274535842	0.6248106486698163	([929, 795], [924, 900, 895])
1	0.5455782523285277	0.6248158350036479	([986, 406], [1061, 1060, 397])
1	0.5896076555065302	0.6248453197804551	([344, 21], [357, 344, 330])
1	0.5391674621169664	0.6248848448742979	([1032, 21], [960, 941, 937])
1	0.5935224672319769	0.6248981302401456	([770, 49], [770, 746, 173])
1	0.5604534723389791	0.6249019703584509	([773, 399], [774, 717, 400])
1	0.6013375472777924	0.624917939053417	([349, 44], [449, 429, 387])
1	0.5579991444101016	0.6249188114176852	([176, 41], [199, 174, 41])
1	0.5676645600436087	0.6249331414910807	([953, 19], [1041, 1037, 953])
1	0.5380943363428369	0.6249587074212424	([1016, 10], [930, 896, 11])
1	0.5995335649919785	0.6250246332687146	([403, 166], [403, 166, 146])
1	0.5506254148177179	0.6250597465926131	([1036, 10], [1041, 997, 995])
1	0.5564691869719015	0.6250773654980146	([406, 151], [406, 151, 145])
1	0.5561781515084853	0.6251502089550699	([73, 20], [105, 95, 20])
1	0.5832128342558235	0.6251594784396337	([411, 104], [411, 397, 110])
1	0.619265477811033	0.6251734656046217	([1038, 801], [1038, 801, 402])
1	0.5387187043370125	0.625178884610981	([456, 52], [443, 428, 31])
1	0.5830976734680706	0.62520913094885	([385, 350], [385, 371, 351])
1	0.6240207578985418	0.6252473979383526	([1104, 909], [1104, 1041, 918])
1	0.5456637190614402	0.6252577031940326	([390, 42], [915, 398, 369])
1	0.6224458006149541	0.6253207618813079	([911, 809], [911, 896, 809])
1	0.5635099127492065	0.6253701054002526	([963, 42], [994, 971, 42])
1	0.5956462588149433	0.6254119530279856	([401, 224], [401, 224, 218])
1	0.5348562114478648	0.625437215326634	([400, 170], [412, 401, 149])
1	0.5659726586787722	0.6254789588809452	([1156, 16], [1170, 1158, 1152])
1	0.5500864619246589	0.6254903026442372	([206, 41], [412, 395, 206])
1	0.5480563199000775	0.625502164515796	([333, 12], [333, 329, 13])
1	0.5860799042209016	0.6255075870940211	([746, 49], [769, 735, 722])
1	0.6254339830932569	0.6255128429139367	([470, 42], [473, 470, 42])
1	0.6057301216011135	0.6255128429139367	([473, 31], [480, 473, 42])
1	0.5844589800748886	0.6255549432918598	([64, 15], [103, 101, 15])
1	0.5850443202577847	0.6255881187070405	([396, 117], [396, 144, 124])
1	0.5823134589171828	0.6256431294996865	([174, 31], [182, 174, 31])
1	0.584236269568718	0.6256574876414437	([1142, 400], [1142, 1103, 1092])
1	0.5562785675655728	0.6256620185348568	([401, 266], [403, 401, 267])
1	0.5434009081129146	0.6256620185348568	([403, 270], [409, 401, 267])
1	0.5710162024820536	0.6256725816581271	([275, 2], [275, 271, 2])
1	0.594804581815921	0.6257246173317336	([979, 173], [979, 962, 958])
1	0.5827283537673777	0.6257926875744562	([718, 49], [718, 661, 651])
1	0.5544949789352163	0.6258127183391275	([1036, 42], [1036, 994, 42])
1	0.6182787161841433	0.6259099566179734	([735, 681], [735, 732, 681])
1	0.6134465639173267	0.6259490589741337	([1209, 1109], [1209, 1170, 1130])
1	0.62556471802929	0.6259875570890666	([318, 275], [318, 275, 45])
1	0.605066644419645	0.6260200846029434	([391, 219], [405, 391, 218])
1	0.613552343267189	0.6260945613670083	([1131, 1039], [1131, 1061, 1039])
1	0.5469994179141244	0.6261003798991229	([1073, 18], [1073, 1070, 936])
1	0.5924914991785526	0.6261282419574109	([1167, 11], [1135, 1109, 1103])
1	0.6070078298367004	0.6261367411193562	([402, 312], [402, 312, 307])
1	0.5706415981943902	0.6261754770995389	([664, 396], [661, 472, 402])
1	0.6230874660578317	0.6261754770995389	([661, 436], [661, 472, 436])
1	0.5587750857737616	0.626336005963897	([171, 15], [171, 148, 147])
1	0.5975776842717495	0.6263905825392223	([1183, 49], [1164, 1125, 1124])
1	0.6153759967784878	0.6264139393072121	([893, 807], [893, 828, 807])
1	0.6248547856582151	0.6264146442182198	([668, 644], [668, 656, 653])
1	0.6250650148788125	0.626435018528165	([980, 925], [980, 961, 956])
1	0.5601588696519121	0.6264478639072124	([127, 49], [158, 127, 119])
1	0.5883529515800987	0.6264490961725633	([407, 14], [407, 374, 14])
1	0.5761340548541927	0.6264647501657621	([317, 42], [330, 326, 317])
1	0.5360962436721071	0.6264647501657621	([396, 316], [396, 330, 317])
1	0.6069533509299407	0.6264759071883846	([915, 875], [915, 883, 875])
1	0.624198216318074	0.6264827600201057	([659, 219], [659, 400, 219])
1	0.5428950607472225	0.6264971966652653	([811, 19], [890, 816, 811])
1	0.5167041343701639	0.626502393312934	([365, 11], [939, 906, 900])
1	0.6011697584500741	0.6265098231108284	([978, 392], [1016, 994, 392])
1	0.5800785123080425	0.6265601417468836	([1103, 400], [1113, 1103, 400])
1	0.5382452092818525	0.6266502961130219	([158, 1], [156, 143, 122])
1	0.6158895493781931	0.6266863503781631	([1137, 42], [1167, 1137, 1133])
1	0.5668846567710781	0.6267020854366705	([1077, 399], [1078, 1061, 1050])
1	0.5905409249778465	0.6268140335439893	([477, 407], [477, 476, 407])
1	0.5160698395784198	0.62684283773516	([396, 171], [148, 114, 110])
1	0.6207622100577722	0.6268518030988101	([994, 944], [994, 971, 944])
1	0.5385854994137351	0.6268759051880353	([477, 2], [489, 464, 462])
1	0.6024069331021042	0.6269015570079872	([309, 45], [318, 314, 274])
1	0.6170073114014549	0.6269165269578073	([904, 410], [913, 904, 411])
1	0.5860881210333373	0.6269714351755743	([742, 53], [732, 680, 53])
1	0.6217892381546158	0.6270716828810007	([1147, 53], [1147, 1128, 1117])
1	0.6212770463201822	0.627095388266107	([659, 15], [694, 691, 15])
1	0.5089019298695592	0.6270975959594046	([409, 2], [316, 309, 275])
1	0.6058429063920167	0.62717187419078	([724, 700], [724, 721, 709])
1	0.5712057412749619	0.627235446970142	([227, 2], [256, 227, 221])
1	0.6080626602893894	0.6273561313944763	([772, 662], [773, 717, 662])
1	0.5660188954872143	0.6274114401171269	([170, 16], [148, 113, 110])
1	0.5785711637190425	0.6274578295059811	([721, 49], [721, 720, 709])
1	0.6173582401072996	0.6274981318645243	([1104, 937], [1104, 937, 918])
1	0.5774647059332432	0.6275076257153231	([122, 45], [122, 111, 45])
1	0.5850551132676507	0.6275316316708164	([1041, 20], [1077, 1051, 1041])
1	0.6103488668009611	0.6275900855946593	([757, 44], [757, 752, 44])
1	0.6089915436751282	0.6275997387682477	([274, 44], [274, 218, 44])
1	0.6078355404424514	0.6276100350007838	([796, 359], [796, 795, 370])
1	0.5835610426578804	0.6276644253305352	([997, 406], [997, 986, 969])
1	0.6198123207329596	0.6276762672538596	([1120, 393], [1120, 1108, 1084])
1	0.6032702501834561	0.6277564029367912	([606, 52], [604, 599, 52])
1	0.6228580317291555	0.6277567817560216	([1035, 950], [1039, 1035, 950])
1	0.5569653817546559	0.6278245093457908	([773, 406], [773, 717, 406])
1	0.6131983547573392	0.6278726877051615	([726, 706], [726, 723, 706])
1	0.5326362644621866	0.6278865818188057	([321, 238], [321, 313, 312])
1	0.6194787450316396	0.627906635839393	([959, 915], [959, 942, 939])
1	0.5954205719511438	0.6279198043098068	([494, 403], [494, 488, 485])
1	0.5244287822036992	0.6279423085504414	([714, 17], [661, 407, 395])
1	0.6185293332732273	0.6279423085504414	([657, 395], [661, 657, 395])
1	0.5852785371616439	0.6279881348980821	([426, 387], [432, 321, 312])
1	0.6258818587032031	0.6280368285567443	([147, 69], [147, 105, 69])
1	0.5684099185698683	0.6280368285567443	([143, 42], [147, 114, 105])
1	0.6077766477640163	0.6280818616187999	([977, 45], [991, 972, 45])
1	0.5697479775064446	0.6280818616187999	([1025, 45], [1003, 991, 45])
1	0.5611873235870543	0.6281841124766742	([802, 41], [802, 792, 407])
1	0.5145297633297268	0.6282592676175398	([302, 9], [314, 307, 306])
1	0.5844355654590523	0.6282707824030807	([613, 53], [613, 610, 53])
1	0.6145765557149812	0.6282920290431349	([426, 178], [426, 178, 54])
1	0.5378315427399024	0.6282984060133671	([887, 10], [1104, 918, 397])
1	0.5590742903064334	0.6283071885738165	([171, 19], [150, 146, 111])
1	0.5405122134874527	0.6283137767079279	([1053, 19], [1053, 1043, 1035])
1	0.5910810562685109	0.628376086114621	([1147, 397], [1147, 1108, 1101])
1	0.5329805604880354	0.6284658581010784	([197, 10], [213, 206, 10])
1	0.6251316387378348	0.6284884261923531	([653, 432], [653, 644, 432])
1	0.6201911011924666	0.628515677925658	([927, 869], [927, 915, 869])
1	0.5975426947611809	0.6285352607090041	([421, 18], [421, 405, 14])
1	0.6219742355425412	0.6285680884775511	([886, 391], [918, 886, 391])
1	0.6011351188509169	0.6285680884775511	([917, 391], [918, 917, 391])
1	0.5781626641616768	0.6285688228731766	([712, 0], [663, 565, 399])
1	0.6066236918675518	0.6285813705959534	([953, 31], [971, 953, 396])
1	0.5909857159221598	0.6285825048445853	([332, 11], [332, 327, 11])
1	0.6267101361548153	0.6286605331093756	([568, 484], [568, 545, 499])
1	0.5675145394531926	0.6286677802586744	([471, 0], [474, 470, 440])
1	0.5976330098468626	0.6286691592100662	([163, 51], [160, 118, 117])
1	0.5761798942059705	0.6286961400560667	([613, 10], [640, 630, 613])
1	0.6271343002238097	0.6287248655162674	([1084, 941], [1084, 941, 397])
1	0.5581546648641784	0.628728176180338	([610, 50], [610, 597, 580])
1	0.603472340368272	0.6287365520094976	([568, 52], [599, 578, 568])
1	0.5669745426918092	0.6287587524986388	([747, 2], [772, 771, 2])
1	0.6194897479280514	0.6287743718451964	([646, 568], [646, 638, 568])
1	0.5776633381151093	0.6287803175450354	([1042, 405], [1042, 944, 405])
1	0.6174858611928336	0.6287803175450354	([1042, 949], [1042, 949, 944])
1	0.5475084772429939	0.6288003683787259	([387, 347], [401, 386, 346])
1	0.5955132764873955	0.6288069478827878	([688, 397], [718, 688, 665])
1	0.5893930289694681	0.6288577200255517	([712, 403], [712, 662, 411])
1	0.5777197973478292	0.6288687916102625	([970, 41], [1020, 987, 972])
1	0.6267742164679648	0.6288744675264927	([602, 549], [602, 574, 573])
1	0.6153002539499863	0.6288876220564149	([574, 12], [574, 562, 12])
1	0.5715249471448731	0.6289187216562923	([699, 21], [699, 696, 680])
1	0.5534667782705932	0.6289314728759936	([476, 1], [473, 439, 399])
1	0.5876569104063403	0.6289533361786334	([887, 812], [887, 880, 812])
1	0.627387605198233	0.6289546136712234	([1026, 347], [1026, 964, 347])
1	0.5840136212501525	0.6289557021709005	([1133, 52], [1217, 1133, 1115])
1	0.5897872564615749	0.6289808943425836	([976, 402], [997, 976, 969])
1	0.5427965753139112	0.6290144027571875	([952, 10], [1037, 958, 953])
1	0.6023516572722648	0.6290144027571875	([1039, 958], [1039, 1037, 958])
1	0.6158670904413148	0.629031283530159	([572, 504], [586, 572, 570])
1	0.6205544911986401	0.6291550041348898	([1059, 922], [1079, 1059, 922])
1	0.5875112121982905	0.6291845518842328	([718, 397], [718, 558, 491])
1	0.5910719836732132	0.629191866725932	([983, 401], [1047, 1038, 1034])
1	0.620216801691634	0.6292215819340955	([463, 11], [463, 434, 11])
1	0.5339073296763904	0.6292215819340955	([456, 2], [463, 434, 416])
1	0.6269163710414735	0.6292633326756639	([798, 364], [798, 400, 360])
1	0.5437790393574725	0.6292650661689793	([315, 50], [305, 276, 238])
1	0.5986924222713543	0.6293402976715629	([701, 504], [702, 701, 504])
1	0.6094496491451333	0.6293882239724112	([1051, 926], [1051, 1041, 926])
1	0.5293034668028155	0.6294718629965423	([491, 42], [473, 441, 399])
1	0.570334609794866	0.6294945164105803	([273, 41], [330, 270, 42])
1	0.6215163205246657	0.6295234973306537	([644, 429], [646, 484, 429])
1	0.5874785545066119	0.6295234973306537	([638, 583], [646, 568, 484])
1	0.6207189655510505	0.6295297207536654	([1182, 41], [1206, 1182, 41])
1	0.5715457092741804	0.6295491990942462	([659, 398], [659, 649, 641])
1	0.5862009759360933	0.6296482803571264	([1151, 21], [1151, 1117, 1104])
1	0.5861301677391499	0.629739061806967	([859, 393], [887, 869, 408])
1	0.5645620829720045	0.629739061806967	([944, 408], [922, 887, 408])
1	0.6253607805282516	0.6297876294079551	([1077, 937], [1104, 1077, 1041])
1	0.6112555255019952	0.629803350936743	([612, 557], [616, 612, 557])
1	0.5938324023088235	0.6298291983196604	([1128, 53], [1170, 1128, 53])
1	0.6181826354963428	0.6298291983196604	([1214, 53], [1214, 1170, 53])
1	0.6291471316767577	0.6298572609285087	([908, 817], [908, 882, 880])
1	0.5082888219436369	0.6298782305572509	([804, 21], [810, 396, 360])
1	0.6138963083282044	0.6299123537963498	([775, 15], [773, 717, 15])
1	0.5338771229896195	0.6299185143666604	([109, 20], [409, 401, 106])
1	0.5855022828048154	0.6300022492656744	([664, 406], [692, 664, 650])
1	0.5786921914788289	0.6300139120412711	([874, 13], [872, 855, 812])
1	0.6012298474412584	0.6300258999575699	([982, 29], [982, 969, 956])
1	0.62685702781763	0.6301030541337848	([283, 189], [288, 283, 183])
1	0.6187635248158134	0.6301032031112639	([1117, 408], [1140, 1117, 1100])
1	0.6241281153040656	0.6301225121446464	([661, 562], [661, 562, 560])
1	0.5539374603902754	0.6301425548452223	([220, 44], [199, 198, 42])
1	0.6255780081742253	0.630163846111397	([731, 18], [761, 755, 18])
1	0.5852035322419936	0.6301786390647333	([188, 45], [205, 199, 45])
1	0.6028665623188204	0.6301881925457458	([913, 411], [951, 924, 920])
1	0.6282265652924299	0.6302011415146969	([486, 18], [489, 486, 483])
1	0.5721576473206981	0.6302475272217897	([162, 45], [158, 126, 45])
1	0.5971155930255709	0.630248686206122	([288, 182], [288, 244, 181])
1	0.6253726060887164	0.630248686206122	([293, 181], [293, 288, 181])
1	0.5693052235561826	0.630253832044192	([318, 11], [363, 338, 332])
1	0.6274361596467138	0.6302860313991105	([728, 705], [728, 725, 705])
1	0.5658118050890341	0.6303059212333222	([1155, 42], [1167, 1156, 1122])
1	0.5627543874580966	0.6303382535092698	([1096, 19], [1115, 1043, 1042])
1	0.6269991828751389	0.6303650774098112	([383, 327], [390, 383, 327])
1	0.5710283075545176	0.6303713130560177	([870, 411], [913, 882, 870])
1	0.5368194502284835	0.6303844148489759	([934, 398], [275, 206, 41])
1	0.6302215690454667	0.6303844148489759	([269, 206], [275, 269, 206])
1	0.5081906907701297	0.6304036506568651	([394, 215], [407, 393, 215])
1	0.5074232324081863	0.6304470583388541	([407, 41], [64, 62, 15])
1	0.5387688386907447	0.6305165617853201	([69, 19], [111, 97, 69])
1	0.5105225128484736	0.6305538007519604	([353, 9], [316, 216, 10])
1	0.5964859755641934	0.6306176848989165	([1017, 392], [996, 994, 392])
1	0.6220100801576582	0.6306343720577972	([1023, 391], [1023, 406, 392])
1	0.5864890857778515	0.6306343720577972	([1028, 405], [1028, 1023, 392])
1	0.5430399887459119	0.6306578840792069	([265, 9], [269, 265, 206])
1	0.6227678207934705	0.6306846132839086	([669, 634], [681, 669, 634])
1	0.5871188432702955	0.6306986273751135	([393, 67], [393, 392, 67])
1	0.6281250892584105	0.6307162715641841	([726, 10], [720, 714, 173])
1	0.628998574882619	0.6307872478248339	([722, 675], [722, 707, 671])
1	0.6200503257554018	0.6309413309247544	([1178, 1010], [1178, 1155, 1010])
1	0.5566122879684305	0.6310084565657887	([614, 21], [609, 567, 546])
1	0.5476686752302995	0.631018452847486	([374, 45], [374, 359, 355])
1	0.5660681013774227	0.6310320911128575	([961, 52], [1010, 990, 32])
1	0.5393771765987189	0.6310682446478382	([347, 50], [412, 373, 53])
1	0.5504749433021768	0.6310682446478382	([926, 53], [923, 373, 53])
1	0.5903193292877175	0.6311260283356364	([483, 52], [483, 452, 451])
1	0.5838567252590929	0.6311274246418896	([1209, 15], [1209, 1130, 1121])
1	0.5713408942273469	0.6311365669345076	([401, 71], [401, 103, 71])
1	0.6125486148074497	0.6312433520451155	([945, 43], [945, 43, 18])
1	0.5367073848936292	0.6312873106141181	([804, 42], [873, 815, 805])
1	0.6214456230396099	0.6313095238701215	([1078, 408], [1078, 907, 408])
1	0.6156105701671425	0.6313095238701215	([1078, 929], [1078, 929, 907])
1	0.6280597876646524	0.6313485248176265	([895, 14], [940, 885, 14])
1	0.6163737185677788	0.6313974897685284	([877, 789], [877, 802, 789])
1	0.6299464769203521	0.631475744610792	([344, 48], [344, 48, 29])
1	0.5043190423897786	0.631475744610792	([397, 29], [344, 335, 29])
1	0.5714581036949524	0.631490532781452	([398, 265], [403, 333, 267])
1	0.5989614103823052	0.6315018788260949	([398, 86], [398, 96, 70])
1	0.5604395788063885	0.6315196246380288	([1106, 399], [1150, 1111, 1106])
1	0.5088062490309302	0.6315914399897373	([660, 400], [773, 771, 711])
1	0.5957279002866078	0.6315950008572905	([1212, 1095], [1212, 1113, 1106])
1	0.56253795092649	0.6316144904376657	([1215, 398], [1211, 1148, 1042])
1	0.6138127128797884	0.6316426963421403	([1039, 895], [1039, 895, 397])
1	0.6275084784554561	0.6316736382634146	([900, 360], [900, 401, 354])
1	0.5941998121993245	0.631683063437381	([1075, 926], [1075, 1053, 926])
1	0.6025025236284294	0.6316947912643166	([1152, 15], [1208, 1152, 15])
1	0.5625978748176774	0.6316947912643166	([1121, 15], [1209, 1208, 15])
1	0.576076981050468	0.6317025192828459	([646, 50], [638, 603, 583])
1	0.5477238104477788	0.6317897852136423	([1015, 52], [1015, 971, 961])
1	0.593723256557806	0.6317946277741153	([678, 50], [722, 675, 50])
1	0.6306310449347203	0.6318337337303341	([400, 204], [400, 399, 202])
1	0.5502342498927771	0.6318750273170888	([346, 173], [460, 429, 325])
1	0.6290721222485254	0.631944240703333	([936, 359], [936, 905, 359])
1	0.6293043012400289	0.631960868645402	([692, 558], [692, 666, 558])
1	0.6290247317988519	0.6319666974265876	([982, 408], [982, 969, 408])
1	0.6104683989095945	0.6320021329517327	([1034, 981], [1034, 1014, 998])
1	0.6050499342983974	0.632015665291192	([750, 0], [765, 750, 0])
1	0.6237784869965769	0.6320256867636068	([275, 12], [275, 273, 12])
1	0.5667086095909449	0.6320511780751159	([563, 397], [560, 439, 411])
1	0.5996656981357381	0.6320511780751159	([567, 403], [561, 560, 411])
1	0.5710598195834932	0.6320606909011035	([666, 16], [714, 691, 689])
1	0.5482860566208607	0.632117967040653	([1051, 42], [1072, 1051, 1037])
1	0.6311194556647407	0.6321884652032045	([1099, 899], [1099, 937, 901])
1	0.5144921007674808	0.6322028366303991	([174, 0], [212, 197, 196])
1	0.6166069144876859	0.6322113387034467	([538, 11], [547, 538, 11])
1	0.6157991240634446	0.6323929388481663	([763, 724], [763, 734, 724])
1	0.6060813994962294	0.6323929388481663	([763, 50], [763, 749, 734])
1	0.6041128456543589	0.6324293660934087	([799, 31], [809, 799, 793])
1	0.6222888411746964	0.6324422776022014	([1065, 909], [1065, 930, 927])
1	0.6219498296948169	0.6324422776022014	([1080, 934], [1080, 1065, 930])
1	0.5907813775425269	0.6324441610630388	([398, 205], [398, 215, 205])
1	0.6312565062255012	0.6324534471654893	([299, 252], [299, 278, 243])
1	0.5462314811499828	0.6324683505133092	([145, 9], [145, 113, 12])
1	0.5981227531540804	0.6324720462629408	([716, 18], [716, 658, 20])
1	0.6122874232637422	0.632532755553076	([716, 41], [716, 659, 658])
1	0.5392155077243391	0.6327547533837188	([198, 42], [258, 220, 41])
1	0.6240572406381762	0.6327856684253448	([183, 53], [288, 279, 53])
1	0.6250902217116561	0.6327856684253448	([325, 288], [325, 288, 53])
1	0.6205162537263115	0.6327856684253448	([526, 53], [498, 288, 53])
1	0.5065468967346266	0.6327869608740785	([309, 307], [422, 415, 32])
1	0.6217114223319212	0.6327869608740785	([442, 32], [442, 422, 32])
1	0.5854374303865787	0.6328303184308272	([397, 151], [397, 171, 151])
1	0.5822057231474038	0.6328303184308272	([406, 172], [406, 171, 151])
1	0.6184549005555748	0.6329030340604579	([681, 646], [669, 668, 644])
1	0.5400860072517961	0.633007001962988	([160, 49], [161, 59, 50])
1	0.6275432955545112	0.6330232688346572	([642, 562], [718, 642, 562])
1	0.6101591265043412	0.6330232688346572	([713, 562], [718, 713, 562])
1	0.6303832325564257	0.6330628436942639	([580, 529], [580, 529, 501])
1	0.6221960497290664	0.6330628436942639	([580, 493], [580, 574, 501])
1	0.5821850504958422	0.6330978712890802	([1215, 42], [1215, 1137, 1131])
1	0.621038968612405	0.6331024044732115	([227, 21], [227, 218, 21])
1	0.559823926849453	0.6331487857777216	([877, 2], [877, 829, 828])
1	0.5572560822334613	0.6331821697103458	([1108, 392], [1120, 1113, 407])
1	0.531644664167106	0.6332468474236629	([412, 53], [1004, 988, 54])
1	0.6162668210936563	0.6332776910496013	([1213, 1079], [1213, 1115, 1079])
1	0.6269908496241356	0.6333098317583251	([633, 558], [633, 601, 558])
1	0.5791177766112798	0.6333123304401683	([738, 238], [768, 738, 722])
1	0.5450539521029084	0.6333462480434909	([667, 41], [718, 692, 661])
1	0.5123033216103376	0.6333474139932205	([492, 21], [473, 31, 29])
1	0.507022907822518	0.633355888169643	([658, 394], [660, 394, 393])
1	0.5383410232023296	0.6334037121755365	([562, 173], [642, 612, 557])
1	0.5716657436514943	0.6334877022259866	([1026, 44], [1026, 387, 347])
1	0.5875693760640502	0.6335210279213581	([110, 53], [110, 64, 53])
1	0.6146714257527174	0.6335220284859818	([1127, 0], [1159, 1127, 0])
1	0.5718992585859879	0.6335220284859818	([1170, 0], [1170, 1159, 0])
1	0.6307056931032216	0.6335258460397655	([421, 315], [421, 413, 402])
1	0.5292056641306279	0.6335652244397985	([489, 173], [312, 173, 54])
1	0.51961240149604	0.6335849708977184	([404, 212], [404, 263, 219])
1	0.5536616183986924	0.6335984714498174	([408, 43], [974, 969, 408])
1	0.5258329210436753	0.6336468393755451	([960, 404], [1015, 960, 404])
1	0.6281136174484562	0.6337514650229121	([1082, 923], [1104, 1082, 909])
1	0.6282701996310726	0.6337897544933496	([1105, 912], [1112, 1105, 928])
1	0.6146144832455197	0.6338079182271581	([1039, 1015], [1041, 1039, 1015])
1	0.5514182464665982	0.6338193079109259	([480, 15], [474, 420, 414])
1	0.6256210938665462	0.6338193708262273	([339, 45], [339, 327, 318])
1	0.62014330955062	0.6338401457876094	([932, 362], [932, 400, 395])
1	0.6066725161350529	0.6338502561983425	([657, 416], [692, 658, 412])
1	0.5957584882622624	0.633892592595649	([1098, 45], [1098, 403, 401])
1	0.5298504489107169	0.6339157989035752	([784, 2], [775, 419, 407])
1	0.5943027424930372	0.6339532121585825	([1107, 31], [1167, 1134, 1127])
1	0.5816340505893332	0.633960750496338	([464, 53], [466, 451, 54])
1	0.6212178419315147	0.633960750496338	([485, 54], [485, 466, 54])
1	0.5717593720974793	0.6339801859471353	([1053, 11], [1095, 1060, 11])
1	0.6295237875624098	0.6340603964940296	([400, 271], [401, 400, 271])
1	0.5873890369438222	0.6340673724962044	([713, 392], [713, 664, 660])
1	0.628938787046195	0.6341048421700891	([395, 198], [400, 395, 198])
1	0.627664110549507	0.6341125109367669	([780, 412], [794, 780, 412])
1	0.5932858839424824	0.6341321736039494	([392, 211], [392, 258, 215])
1	0.5310884284827124	0.6341321736039494	([392, 258], [393, 392, 215])
1	0.5916744797118135	0.634151860283729	([772, 718], [772, 718, 662])
1	0.6299302303905809	0.6341673680796618	([676, 173], [676, 674, 638])
1	0.6288068862846726	0.6342341774795	([299, 54], [299, 279, 54])
1	0.5630072151166647	0.6342454101985746	([804, 52], [804, 782, 405])
1	0.5811659333304114	0.6342963181713078	([871, 15], [834, 832, 15])
1	0.5806680789966683	0.6343650268122235	([896, 20], [896, 409, 20])
1	0.5711921225291765	0.6343650268122235	([887, 15], [896, 409, 399])
1	0.6337802340141612	0.634424373806268	([596, 18], [596, 581, 579])
1	0.589212061816284	0.6344250080149136	([923, 29], [945, 938, 29])
1	0.5561976078699367	0.6344517926551858	([487, 238], [485, 450, 429])
1	0.6163229613579663	0.6344556518626944	([878, 391], [898, 886, 391])
1	0.603761554117306	0.6344870450859702	([964, 160], [988, 964, 118])
1	0.605305164360724	0.6344994829162323	([812, 44], [871, 850, 826])
1	0.6329360383238304	0.6345384066156726	([382, 342], [392, 381, 342])
1	0.628037141192534	0.6345637670614707	([1096, 913], [1096, 1085, 913])
1	0.5837365952391315	0.6346162473792705	([205, 13], [207, 205, 13])
1	0.6317563506749048	0.6346379228570337	([743, 32], [771, 743, 719])
1	0.6302109494126082	0.6346607564380732	([936, 807], [936, 807, 397])
1	0.6137298986411261	0.6347143166333784	([653, 52], [653, 452, 432])
1	0.6091785826064319	0.6347191817152553	([586, 504], [572, 556, 550])
1	0.6166848571240875	0.6347208122891396	([834, 32], [850, 834, 32])
1	0.63431410418267	0.6347233982218353	([419, 386], [419, 386, 0])
1	0.6225798792983482	0.6347234776956454	([1063, 939], [1097, 1076, 939])
1	0.5598235845703664	0.6348308295759396	([398, 109], [398, 109, 107])
1	0.6129082208854213	0.6348928049270887	([1041, 898], [1041, 926, 898])
1	0.5772725449389494	0.6349230749867468	([147, 21], [149, 108, 21])
1	0.6150854539396464	0.6349528360063017	([351, 43], [351, 350, 43])
1	0.6024471520899661	0.6350380313090306	([1157, 32], [1211, 1175, 1167])
1	0.613463694169171	0.6350496577519771	([270, 11], [315, 276, 269])
1	0.6289909542987256	0.6350557577097802	([859, 29], [859, 820, 811])
1	0.6297553723349443	0.635058028121255	([677, 638], [769, 707, 638])
1	0.5962524322705198	0.6351204079019933	([398, 316], [398, 332, 318])
1	0.6345049146130652	0.6351565559706959	([1019, 31], [1034, 1031, 31])
1	0.5673039627150178	0.6352311396302265	([403, 70], [403, 402, 97])
1	0.5535932130832014	0.6353014058495878	([913, 52], [896, 52, 46])
1	0.6331852125765899	0.6353014058495878	([907, 46], [907, 896, 46])
1	0.6135076145429695	0.6353146865134873	([542, 252], [542, 299, 288])
1	0.5777723843537887	0.6353268996119994	([772, 32], [779, 772, 32])
1	0.6233775852560097	0.635390223910134	([171, 32], [148, 129, 122])
1	0.5482193081030137	0.6353999929585266	([654, 1], [680, 668, 644])
1	0.6351697227042349	0.6354104622602644	([1068, 12], [1082, 1068, 12])
1	0.5666420554959095	0.6354104622602644	([1073, 15], [1096, 1082, 12])
1	0.5865858301318394	0.6354612298013507	([1182, 396], [1208, 1166, 1127])
1	0.5673735068480112	0.6354624718120719	([356, 53], [373, 356, 53])
1	0.6274947595607225	0.635467534264892	([1134, 1062], [1134, 1110, 1054])
1	0.6003735303709109	0.6354945538023993	([1093, 13], [1093, 1082, 12])
1	0.523034589694481	0.6355629473453535	([313, 238], [276, 275, 220])
1	0.5020797101121751	0.6355702642511807	([561, 394], [712, 662, 658])
1	0.5627383538354048	0.6355764162548133	([350, 52], [348, 313, 54])
1	0.6242908703717148	0.6356327550517828	([204, 14], [204, 201, 15])
1	0.6327025348685306	0.6356715439211448	([1060, 912], [1099, 1060, 912])
1	0.6079702138151774	0.6356743377483213	([636, 41], [659, 652, 41])
1	0.49791293453171864	0.6356808321419152	([394, 365], [394, 393, 365])
1	0.6296166531253018	0.6356899869623861	([1038, 913], [1038, 913, 411])
1	0.6091320212301968	0.6356899869623861	([1046, 411], [1046, 1038, 411])
1	0.5857647602612535	0.6357020972407796	([1211, 32], [1167, 1157, 31])
1	0.5988150625364297	0.6357804692436209	([504, 451], [504, 494, 467])
1	0.6351885444350261	0.6358354442836635	([603, 499], [603, 570, 542])
1	0.6339775090238446	0.6358441072865273	([353, 32], [371, 353, 351])
1	0.6354917874337334	0.6358517322447442	([329, 266], [395, 335, 329])
1	0.5417327469728523	0.6358710096747415	([326, 16], [331, 172, 170])
1	0.6329393371933311	0.6359108102442673	([916, 806], [916, 806, 794])
1	0.569879108567239	0.6359123313071413	([775, 49], [775, 718, 419])
1	0.635919790988664	0.6359431599780033	([724, 504], [763, 752, 504])
1	0.6327454394055375	0.6359484107009258	([287, 184], [288, 287, 184])
1	0.5935199649658593	0.6359491985790774	([1116, 42], [1215, 1131, 1116])
1	0.6313761361965817	0.6359632447084625	([483, 431], [483, 466, 431])
1	0.6046810427385287	0.6359633615521949	([1207, 2], [1207, 1157, 1156])
1	0.550624274610137	0.6360010762410093	([718, 11], [694, 411, 402])
1	0.6155209600556714	0.6360174744987888	([905, 794], [916, 898, 806])
1	0.6190970656738026	0.6361025893336589	([1062, 873], [1062, 873, 11])
1	0.5512824327174924	0.6361438776610147	([343, 238], [343, 334, 333])
1	0.6283554978535372	0.6362225056943595	([1060, 931], [1060, 931, 929])
1	0.5538274815762049	0.6362384500473669	([502, 21], [502, 493, 492])
1	0.6265088282637621	0.6362463432747175	([664, 564], [664, 564, 406])
1	0.6236376199809693	0.6363278995481199	([1086, 917], [1086, 1078, 1052])
1	0.5713915017169968	0.6363675040088604	([954, 53], [954, 933, 53])
1	0.5441896318326992	0.6363685357801712	([1095, 11], [1050, 1038, 411])
1	0.615646974941117	0.6364280327973547	([1076, 939], [1076, 1068, 12])
1	0.6056247672479186	0.6364541627567862	([1085, 904], [1069, 938, 926])
1	0.6232724893550301	0.6364880261280268	([1100, 981], [1100, 1070, 981])
1	0.6155729182781824	0.6364900725420319	([1050, 943], [1050, 902, 891])
1	0.5042408296197123	0.6365013706969694	([224, 3], [257, 224, 219])
1	0.6287732357610908	0.636567938128542	([685, 492], [685, 665, 492])
1	0.6299552111154963	0.6365749902674485	([393, 265], [393, 265, 263])
1	0.6316621502486237	0.6366439433748989	([303, 10], [303, 298, 10])
1	0.6338389029400809	0.6366560412653455	([745, 12], [763, 745, 734])
1	0.6285640628775482	0.6366637354221447	([765, 41], [765, 759, 41])
1	0.6330812714474793	0.6367685234829842	([1057, 908], [1057, 927, 908])
1	0.5701589436414326	0.6367685234829842	([927, 15], [1057, 1041, 927])
1	0.5932406285445764	0.636814033044756	([391, 109], [392, 391, 109])
1	0.6284983512107523	0.6368142703685526	([559, 493], [559, 557, 493])
1	0.6039901840992138	0.6368414297886112	([922, 44], [936, 922, 359])
1	0.5845631967131629	0.6368754971994729	([128, 18], [128, 117, 116])
1	0.562854445610831	0.6368763056558765	([847, 29], [851, 820, 29])
1	0.49294861874561896	0.6368992911982341	([784, 17], [646, 638, 387])
1	0.6233147152430496	0.6369183097537319	([925, 786], [925, 901, 786])
1	0.5989000581228229	0.6369286315009758	([619, 21], [619, 614, 612])
1	0.6164313595083531	0.6369482141231823	([1184, 53], [1186, 1184, 53])
1	0.588071856192301	0.6369606001928778	([493, 32], [493, 490, 32])
1	0.6018698703361725	0.637004898445095	([1056, 942], [1072, 1055, 942])
1	0.610130366717945	0.6370419149209366	([808, 371], [888, 371, 358])
1	0.5097366502758398	0.6371003256400759	([481, 16], [774, 717, 662])
1	0.6336304089323322	0.6371397573857491	([387, 11], [387, 324, 11])
1	0.600865405762619	0.6371751467022639	([109, 32], [109, 102, 52])
1	0.5189359273365622	0.637272770954959	([423, 49], [424, 49, 46])
1	0.6187244522142507	0.6372928985891817	([371, 46], [371, 357, 51])
1	0.5303519721821216	0.6373279886365679	([331, 238], [349, 343, 326])
1	0.6090575714530866	0.6373355047847235	([830, 31], [830, 809, 407])
1	0.5833131705545493	0.637337597071576	([708, 238], [708, 674, 671])
1	0.6130181569432632	0.637342736897681	([1116, 936], [1116, 1086, 936])
1	0.6316621142956295	0.6373484149661517	([1086, 883], [1086, 915, 907])
1	0.6133315466599194	0.6373561151132897	([403, 171], [412, 403, 171])
1	0.6211878464402689	0.6373825822763646	([1044, 935], [1044, 935, 925])
1	0.48982037047430266	0.6373941625667843	([522, 504], [782, 394, 393])
1	0.6140777757342368	0.6374066818966635	([406, 87], [406, 87, 68])
1	0.5863117946087156	0.6374163335083377	([642, 20], [773, 651, 399])
1	0.6218979989222382	0.6374969997667058	([703, 45], [703, 677, 668])
1	0.585300663877486	0.6375041378422638	([698, 50], [698, 678, 50])
1	0.6280385937472103	0.6375142806046111	([1072, 789], [1072, 906, 393])
1	0.6329141785881188	0.6375142806046111	([1057, 393], [1072, 1057, 393])
1	0.5356732473673141	0.6375447280805141	([268, 173], [328, 260, 173])
1	0.6321788779621881	0.6376178973233934	([779, 661], [782, 779, 402])
1	0.5654340628167926	0.6376408782913987	([65, 11], [65, 64, 13])
1	0.6286861935338469	0.6377055296224011	([698, 633], [698, 666, 633])
1	0.5531964878147255	0.6377116761407761	([114, 29], [114, 31, 29])
1	0.5346398582217419	0.6377276156241141	([952, 17], [971, 947, 396])
1	0.5688395955424717	0.6377571735650647	([1060, 406], [1049, 1038, 997])
1	0.6353315267628724	0.6378136699099317	([626, 544], [626, 583, 495])
1	0.6336205439963357	0.6378213615417963	([700, 2], [721, 704, 700])
1	0.6265514500493251	0.6378630703410825	([1219, 1088], [1219, 1218, 1081])
1	0.6330348031917319	0.6378931905454287	([1140, 1036], [1147, 1140, 1036])
1	0.5643802013339873	0.6378966212393526	([263, 12], [330, 263, 262])
1	0.6369775939520835	0.6379044874161894	([752, 705], [752, 731, 728])
1	0.6090865304809331	0.637917514767886	([1221, 1083], [1221, 1083, 406])
1	0.6209927320263472	0.6379215833749038	([977, 403], [987, 977, 403])
1	0.5919131932690822	0.6379394096961545	([643, 49], [680, 646, 644])
1	0.6309253291827357	0.6379664981228509	([776, 664], [786, 776, 0])
1	0.5751128744106031	0.6380074791944033	([381, 44], [353, 350, 32])
1	0.6293211332516329	0.6380852653581445	([640, 15], [640, 15, 0])
1	0.6342195143433034	0.6380910899878702	([666, 414], [666, 658, 414])
1	0.5825654644357448	0.6380964090471752	([429, 45], [498, 485, 484])
1	0.5539482940189704	0.6381073065044482	([580, 50], [646, 582, 568])
1	0.5341159747700536	0.6381247331278604	([223, 50], [325, 303, 288])
1	0.5645611491225411	0.6381300693729803	([388, 46], [388, 325, 53])
1	0.5067977843233832	0.6381304661053766	([313, 49], [260, 214, 173])
1	0.528687848209965	0.6381418494977167	([755, 1], [756, 734, 733])
1	0.5832027852815851	0.6381568814525885	([659, 41], [667, 643, 635])
1	0.6062738210799723	0.6381717018563626	([168, 14], [168, 145, 143])
1	0.6372945374247931	0.6382308323095551	([1055, 408], [1055, 942, 408])
1	0.6334234609273406	0.6382624490021351	([903, 814], [903, 887, 814])
1	0.6079896271008107	0.6382659665993995	([1055, 924], [1055, 942, 936])
1	0.6095660438876468	0.6382744054343887	([985, 393], [985, 945, 393])
1	0.6237130704996313	0.638283323159893	([561, 392], [663, 659, 563])
1	0.6332882083697268	0.6383251462748641	([1034, 952], [1034, 952, 405])
1	0.6352357000458613	0.6383553791565779	([1051, 366], [1051, 1049, 406])
1	0.6066702757314251	0.6384406502257961	([260, 14], [273, 260, 14])
1	0.5763221737910371	0.6384495315745312	([491, 18], [489, 463, 12])
1	0.6225989642346254	0.638460708515659	([745, 54], [753, 745, 54])
1	0.6191056446612817	0.6384700648670917	([1072, 957], [1072, 1049, 957])
1	0.6303444388421094	0.638475052274974	([246, 2], [246, 230, 2])
1	0.5778527382882659	0.6386020987849429	([667, 20], [697, 667, 20])
1	0.6194452513127109	0.6386595629448079	([419, 257], [419, 257, 0])
1	0.6350239918539134	0.6386966175134093	([690, 490], [712, 690, 490])
1	0.5282247284888615	0.6387022696780231	([201, 1], [220, 201, 18])
1	0.6276449203626598	0.6387053815155112	([565, 20], [642, 562, 20])
1	0.5299987179114033	0.6387308026080583	([111, 19], [396, 359, 171])
1	0.6104627149824103	0.6389169919946032	([550, 399], [550, 536, 504])
1	0.6341897355974616	0.6389317451993262	([1163, 387], [1163, 990, 387])
1	0.57139443499422	0.6389529067669875	([612, 1], [631, 612, 608])
1	0.6293231855932765	0.6390053577659349	([234, 54], [293, 250, 54])
1	0.5968110809061195	0.6390053577659349	([288, 244], [293, 279, 54])
1	0.5828438330475688	0.6391008994918014	([678, 399], [668, 663, 656])
1	0.5978839295367707	0.6391689400391743	([130, 52], [130, 118, 117])
1	0.5750660065063985	0.6391875170028251	([620, 238], [620, 607, 605])
1	0.6386030246131561	0.6393019871049882	([929, 358], [929, 922, 356])
1	0.6281516037467775	0.6393247586579054	([553, 509], [553, 542, 509])
1	0.620326790539285	0.639334774825605	([1058, 940], [1070, 1058, 940])
1	0.626545612519021	0.6393938758046587	([693, 473], [693, 666, 491])
1	0.5921762013863996	0.6394342699945069	([408, 258], [408, 404, 268])
1	0.5046040612953825	0.6394342699945069	([404, 268], [434, 408, 268])
1	0.602434032205003	0.6394421244036047	([1182, 51], [1211, 1172, 51])
1	0.5838645391942175	0.6394839186097963	([716, 393], [716, 660, 658])
1	0.579912753133656	0.6394853162538557	([565, 11], [694, 565, 399])
1	0.5880659987284462	0.6394853162538557	([565, 402], [694, 565, 402])
1	0.6291498606209859	0.6395823947280532	([293, 250], [299, 243, 54])
1	0.5788730725167497	0.6396164377690504	([1050, 32], [1050, 1035, 943])
1	0.568458277693346	0.6396200295790245	([347, 1], [347, 312, 277])
1	0.5725436812996716	0.6396326243733413	([558, 2], [641, 560, 558])
1	0.594947637869084	0.6396679001689161	([668, 45], [722, 707, 703])
1	0.6307969837984861	0.6397199218755818	([1063, 982], [1048, 1038, 982])
1	0.501073432280079	0.6397483954356508	([207, 2], [381, 350, 32])
1	0.5797996778719966	0.639764140174177	([715, 15], [717, 414, 406])
1	0.6369788570184337	0.639766036432461	([630, 591], [630, 612, 606])
1	0.5400164855939723	0.6397868489291567	([314, 21], [314, 21, 14])
1	0.6213571737271196	0.6398167396120417	([884, 785], [895, 884, 785])
1	0.6373593653643468	0.6398633361918681	([915, 172], [407, 372, 172])
1	0.6317169951776845	0.639863492187941	([115, 79], [115, 96, 79])
1	0.5972653910956924	0.6398676177249591	([1130, 20], [1130, 1073, 1042])
1	0.558090102756761	0.6398808497873499	([833, 0], [873, 833, 11])
1	0.5618477563693739	0.6398809919939525	([640, 10], [663, 651, 0])
1	0.6307729658879493	0.6399443527063717	([125, 82], [125, 118, 82])
1	0.6306952573880901	0.6399658578841055	([423, 29], [425, 423, 29])
1	0.6270848240480907	0.6400494089386891	([321, 223], [321, 253, 238])
1	0.6388608014847744	0.6400674309065997	([660, 29], [660, 436, 393])
1	0.6308971176692767	0.6400939112265438	([1073, 881], [1073, 881, 15])
1	0.6396615754484701	0.6400945489446167	([598, 537], [609, 598, 502])
1	0.5773440999544143	0.6401804006782721	([1221, 44], [1208, 1148, 402])
1	0.5913429236050506	0.6401840380295984	([1076, 52], [1118, 1076, 1069])
1	0.6359526150891377	0.640242269519548	([777, 663], [777, 774, 663])
1	0.6373313026688668	0.6402501176660986	([470, 269], [470, 412, 269])
1	0.6302285420924397	0.6402644573424946	([1092, 940], [1106, 1092, 1076])
1	0.5506590621293094	0.6402996885891309	([1040, 399], [1061, 1055, 954])
1	0.634613574401491	0.6403567832462888	([654, 600], [654, 635, 600])
1	0.6062127470753355	0.6403598764080927	([715, 32], [715, 712, 490])
1	0.6398634813716398	0.6403709573827868	([595, 556], [595, 580, 556])
1	0.5743010441019811	0.6404494658233636	([1096, 41], [1096, 1068, 41])
1	0.6267835726089798	0.6404739433691159	([952, 48], [952, 945, 29])
1	0.6272308744237687	0.6404807364629767	([1045, 932], [1062, 1045, 932])
1	0.5432342707526272	0.6405136224425629	([494, 50], [646, 387, 347])
1	0.6160575093702851	0.6405242641288227	([197, 46], [197, 188, 175])
1	0.5437887633726833	0.6405772334972533	([851, 50], [820, 793, 395])
1	0.5533016424795291	0.6407186888437622	([699, 49], [646, 499, 484])
1	0.5908046213979865	0.6407384470528942	([1140, 41], [1140, 1121, 1088])
1	0.5304057472037853	0.640749165999783	([755, 238], [724, 708, 700])
1	0.6379158976924044	0.6407755025255489	([347, 60], [347, 118, 60])
1	0.5977191711720236	0.6408088414931442	([1126, 52], [1174, 1128, 1126])
1	0.6378329569485469	0.640814323490214	([670, 503], [683, 673, 504])
1	0.6250519632355949	0.6408280200376824	([263, 169], [409, 263, 169])
1	0.617098882853062	0.640833630128017	([744, 10], [770, 763, 10])
1	0.6320400736385168	0.6408482526705255	([913, 788], [913, 902, 788])
1	0.609533017853365	0.6408506568245946	([1062, 920], [1062, 1061, 920])
1	0.5946078206643031	0.6408594895836772	([1124, 50], [1124, 119, 54])
1	0.6093024212154532	0.6408676994027026	([1202, 15], [1209, 1202, 1180])
1	0.5932033213006357	0.640876113597234	([1005, 142], [1005, 964, 118])
1	0.5854857731008143	0.6408859231766066	([1121, 41], [1140, 1104, 41])
1	0.5872791597740802	0.6409286048301763	([690, 398], [690, 664, 398])
1	0.5438722806982835	0.6409453262329864	([198, 50], [301, 198, 173])
1	0.49968366564597394	0.6409453262329864	([238, 175], [301, 198, 197])
1	0.5002729306396173	0.640989801784298	([210, 1], [208, 201, 1])
1	0.5138965125221068	0.6410109581624998	([563, 9], [563, 392, 12])
1	0.6272734304524556	0.6411250389083278	([1075, 897], [1075, 900, 897])
1	0.6203527983343328	0.6411301536041737	([1134, 411], [1144, 1105, 1091])
1	0.6289428536466828	0.6411721963925798	([1063, 811], [1073, 1063, 811])
1	0.6392762527799027	0.6411789717685549	([940, 809], [940, 899, 809])
1	0.6330163316806277	0.6412092642866996	([428, 323], [429, 428, 325])
1	0.6102641879092059	0.6412673507702318	([740, 403], [740, 718, 403])
1	0.6401155222181888	0.6412808332927972	([662, 441], [441, 409, 274])
1	0.6371484664573259	0.6412894847910126	([334, 111], [392, 334, 111])
1	0.5644949491109416	0.6413260950049335	([426, 32], [426, 423, 415])
1	0.6217943621409734	0.6413465865863364	([150, 95], [150, 111, 106])
1	0.6151338023411836	0.6413495709479586	([755, 18], [731, 727, 18])
1	0.6236960470782287	0.6413593447992024	([812, 362], [814, 812, 368])
1	0.6286877517119461	0.6413905809629042	([769, 251], [769, 252, 251])
1	0.6389756277851932	0.6413905809629042	([725, 252], [769, 725, 252])
1	0.6353844964619774	0.6414343240171647	([297, 15], [302, 297, 15])
1	0.6331193563917382	0.6414869202694159	([715, 408], [715, 490, 408])
1	0.6384566078454909	0.6415077564628991	([846, 43], [846, 834, 32])
1	0.566807676730852	0.641539881985644	([561, 396], [695, 561, 396])
1	0.5246852425719293	0.641539881985644	([561, 17], [695, 561, 559])
1	0.5121388561673949	0.6416214476252844	([1017, 404], [1035, 1022, 404])
1	0.6189217985180543	0.6416602373480552	([232, 19], [232, 223, 222])
1	0.6084994456406169	0.6416764746320491	([670, 21], [699, 670, 669])
1	0.5642853656543917	0.641684582628178	([570, 505], [638, 570, 505])
1	0.5305890872002926	0.641758399591956	([1021, 173], [1025, 59, 45])
1	0.5994708852935925	0.641788354050129	([562, 53], [613, 562, 53])
1	0.640994052215345	0.641788354050129	([613, 563], [613, 563, 562])
1	0.5155304074299827	0.6417945293612961	([241, 49], [321, 300, 253])
1	0.5005167894923123	0.6418047316307807	([411, 11], [438, 216, 9])
1	0.5906012711748206	0.6418155958906564	([326, 31], [334, 331, 31])
1	0.6413669527935664	0.6418341455904442	([287, 223], [299, 287, 223])
1	0.617255362612482	0.6418549091937207	([314, 48], [314, 48, 29])
1	0.6118213777951901	0.6418656965304316	([922, 380], [922, 380, 359])
1	0.5998736863285121	0.6418909775279986	([754, 52], [772, 754, 52])
1	0.6415975542340169	0.641959425725096	([439, 317], [490, 439, 414])
1	0.6415521734701313	0.6419901087826901	([728, 673], [728, 709, 677])
1	0.6333656122030475	0.6420105926078761	([639, 580], [639, 631, 579])
1	0.5891534639992682	0.6420373430011508	([177, 49], [638, 178, 54])
1	0.5345169103969252	0.642040857801713	([663, 44], [663, 259, 218])
1	0.5475531351632168	0.642040857801713	([714, 10], [714, 663, 218])
1	0.5380318864863152	0.6420738831784358	([779, 52], [780, 397, 171])
1	0.5832604184917496	0.6420788901695241	([548, 45], [580, 566, 45])
1	0.6125064730930977	0.6422094939345809	([275, 54], [315, 275, 269])
1	0.6268965339306397	0.6423110915777062	([697, 615], [697, 667, 615])
1	0.5474057305874888	0.6423649689315265	([359, 45], [388, 349, 45])
1	0.6325761107865758	0.6423668961455266	([542, 50], [569, 542, 541])
1	0.6329786537065919	0.6423688673260596	([364, 13], [364, 13, 11])
1	0.626659625353379	0.6424162299580073	([408, 207], [408, 395, 207])
1	0.6327320019833509	0.6424293334912469	([624, 589], [624, 615, 607])
1	0.6375065129769507	0.6424767582431934	([1059, 885], [1059, 922, 915])
1	0.5923420484753442	0.6424809695961613	([850, 32], [873, 834, 812])
1	0.6227196114295652	0.6425147200374035	([1048, 938], [1050, 1048, 938])
1	0.5173011134507124	0.6425331183203129	([46, 0], [90, 68, 62])
1	0.6348734272167752	0.6425346917517989	([419, 204], [419, 219, 217])
1	0.6021814371783417	0.6425940721163962	([765, 10], [750, 719, 698])
1	0.6248059415860379	0.6426280414861268	([1214, 13], [1214, 1173, 13])
1	0.5670782195039483	0.6426369609990519	([502, 50], [610, 598, 502])
1	0.6192503365728844	0.6426643507363587	([801, 369], [801, 792, 366])
1	0.6388566745266167	0.6427035367264623	([1007, 0], [1007, 966, 964])
1	0.6207766617805363	0.6427859770145009	([98, 51], [98, 69, 51])
1	0.5581598496971933	0.6428697855901351	([888, 16], [918, 888, 881])
1	0.5334655374250069	0.6428913116753284	([415, 20], [415, 221, 20])
1	0.6044654902582024	0.6429144522194745	([1140, 408], [1140, 408, 393])
1	0.6385781679577703	0.6429144522194745	([1213, 393], [1213, 1140, 393])
1	0.5514310198611762	0.6429454100861588	([649, 2], [772, 662, 651])
1	0.5970090051902066	0.6429578054069953	([604, 32], [653, 638, 568])
1	0.6067029792305088	0.6429867873547672	([648, 44], [648, 635, 41])
1	0.6324464965471667	0.6430295490318995	([492, 393], [561, 492, 393])
1	0.5093893098181785	0.6430549779311419	([401, 43], [401, 354, 43])
1	0.6325429778221052	0.6430846462978806	([769, 498], [769, 583, 498])
1	0.6359167709074812	0.6431056007070752	([1050, 54], [1050, 932, 54])
1	0.5728116793238328	0.6431267011479835	([498, 45], [460, 456, 45])
1	0.5258358598374557	0.643169686264139	([434, 1], [660, 439, 399])
1	0.6379330831031843	0.6431785530246958	([604, 534], [604, 570, 541])
1	0.638012828125368	0.6432003953366128	([578, 429], [644, 578, 568])
1	0.5630809768799714	0.6432074983064676	([829, 53], [829, 809, 405])
1	0.6236324045463151	0.643218971715493	([909, 859], [909, 870, 859])
1	0.5343848304534157	0.643218971715493	([909, 404], [909, 879, 870])
1	0.6420104272758267	0.6432268652944204	([1116, 904], [1116, 936, 904])
1	0.6424284135358629	0.6432647258881684	([713, 416], [711, 688, 651])
1	0.5696874101009366	0.6432700079425828	([850, 44], [896, 819, 41])
1	0.5205757305918256	0.6433042256844717	([1221, 399], [1106, 1058, 1049])
1	0.6358359016892599	0.6433091088210903	([632, 504], [632, 567, 504])
1	0.5760069171271767	0.6433091088210903	([648, 403], [632, 602, 567])
1	0.613534347076744	0.643333587458938	([302, 0], [302, 276, 0])
1	0.5889814153080212	0.6433619528806116	([867, 43], [867, 834, 43])
1	0.6101422960917693	0.6433810838126616	([640, 18], [665, 652, 635])
1	0.6388461379728508	0.6434312942090259	([848, 387], [1026, 848, 387])
1	0.6425608300972858	0.6434416917207145	([927, 46], [927, 908, 907])
1	0.6187704017614948	0.6434487274030645	([1046, 53], [1046, 933, 922])
1	0.638281426268214	0.6434526875543388	([556, 41], [564, 556, 548])
1	0.5364974072109834	0.6434578538427048	([1075, 17], [1075, 941, 897])
1	0.6377243154218927	0.6434777969984048	([490, 405], [490, 470, 405])
1	0.6289797263991398	0.6435398914246606	([287, 31], [287, 184, 182])
1	0.6284618520444435	0.6435608311685971	([536, 297], [536, 502, 297])
1	0.6394221868518513	0.6435641829193699	([570, 444], [570, 497, 429])
1	0.6408294793678722	0.64356880539741	([1079, 946], [1079, 946, 922])
1	0.614852085221813	0.643595586487465	([907, 364], [907, 370, 364])
1	0.6399244985785478	0.6436476487775733	([751, 406], [773, 770, 406])
1	0.6274822746523889	0.6436622211547173	([1091, 921], [1112, 1091, 1077])
1	0.5913712721977863	0.6437132404674083	([537, 52], [568, 565, 52])
1	0.5825612982097581	0.6437210304963091	([542, 289], [498, 494, 493])
1	0.6322439695912064	0.6438013062992387	([133, 46], [133, 51, 50])
1	0.62602403889054	0.6438766715063502	([580, 406], [715, 664, 564])
1	0.5880200294285912	0.6439058819622968	([929, 31], [916, 408, 43])
1	0.6431304569613895	0.6439244745994535	([747, 501], [747, 501, 491])
1	0.5370169309976853	0.6439282573645524	([1052, 17], [1066, 1052, 1040])
1	0.6401331560998482	0.6439834892497488	([640, 566], [640, 609, 580])
1	0.636485346379709	0.6440185231537646	([903, 783], [903, 814, 798])
1	0.5809043475960417	0.6441771319209662	([1102, 29], [1102, 1042, 982])
1	0.6384365770097402	0.6441795252437682	([1033, 29], [1033, 1016, 395])
1	0.5769558889030771	0.6442121947974041	([714, 398], [714, 664, 398])
1	0.6226106631712341	0.6442168631024157	([94, 29], [94, 62, 29])
1	0.5624575025410767	0.6442658896145861	([1211, 19], [1211, 1115, 1042])
1	0.6405371325903121	0.6442783536751644	([710, 616], [710, 616, 612])
1	0.6339674386711901	0.6442783536751644	([711, 612], [711, 710, 612])
1	0.6437017970784078	0.6443493984828593	([1059, 820], [1059, 956, 406])
1	0.6237654433788283	0.6443615283624505	([597, 540], [602, 597, 540])
1	0.6318656549751505	0.6443619075608027	([615, 565], [615, 580, 576])
1	0.5254928218936863	0.6443857626383331	([398, 215], [398, 265, 258])
1	0.5762483509736374	0.6443906407798217	([205, 45], [498, 183, 45])
1	0.6405878855183833	0.644428499190556	([282, 195], [283, 282, 195])
1	0.5878489019392974	0.6444377662600901	([974, 53], [979, 960, 948])
1	0.5295012807055951	0.6444595859012436	([70, 1], [107, 70, 69])
1	0.625336277185751	0.6444673544351981	([479, 14], [479, 412, 14])
1	0.6397626967898385	0.6445364998211919	([897, 356], [897, 895, 356])
1	0.5766276613633298	0.6445400163533831	([307, 1], [307, 277, 274])
1	0.6282965519617426	0.6445510645081205	([1056, 894], [1102, 1052, 905])
1	0.6359662328170831	0.6446655643162582	([1136, 891], [1136, 1075, 1074])
1	0.6100034903748445	0.644666887798076	([664, 492], [664, 558, 492])
1	0.6245431174773284	0.6446744360372951	([175, 29], [175, 55, 41])
1	0.5171195393825427	0.6446744360372951	([238, 55], [238, 175, 55])
1	0.6219015562419985	0.6446783745177856	([731, 545], [731, 300, 42])
1	0.6374704227400942	0.6446919452938397	([1152, 29], [1152, 1121, 29])
1	0.6312369620420584	0.6447769952084224	([811, 365], [811, 405, 391])
1	0.6126010626118976	0.6447816781022179	([1183, 397], [1181, 1153, 1151])
1	0.6430797437169307	0.6447916035208043	([654, 54], [683, 654, 54])
1	0.6023660970161941	0.6448437350164796	([1175, 12], [1158, 1126, 1125])
1	0.632635422163142	0.6448963306964623	([437, 20], [437, 415, 31])
1	0.5991551285738029	0.6449436113787929	([458, 29], [467, 458, 29])
1	0.6006241300355628	0.6449581060671895	([1094, 942], [1094, 1081, 945])
1	0.6293340546290928	0.6450110254613919	([1044, 985], [1044, 1034, 985])
1	0.6016717001918154	0.6450211320999013	([928, 805], [928, 885, 805])
1	0.639592381107645	0.6450212451152123	([903, 337], [903, 798, 337])
1	0.6435914345893397	0.6450912315617647	([772, 414], [779, 772, 414])
1	0.6388302872662257	0.6450991002371492	([627, 485], [638, 627, 485])
1	0.6285777129158532	0.6452137848716055	([58, 11], [387, 58, 44])
1	0.5720418182105824	0.6452509979449845	([456, 45], [199, 62, 45])
1	0.5878153828679267	0.6452649399520168	([1211, 51], [1188, 1162, 51])
1	0.6307022460586685	0.6453155785036612	([628, 502], [628, 600, 548])
1	0.6332341063391629	0.6453332332459577	([596, 509], [596, 586, 504])
1	0.5882170522050028	0.6453392646055489	([540, 10], [565, 548, 547])
1	0.6178966927658782	0.645538994652535	([635, 503], [628, 621, 503])
1	0.6385648122219316	0.645540447568814	([1063, 916], [1063, 1052, 916])
1	0.6346745293339796	0.645585044693367	([473, 20], [473, 259, 21])
1	0.6340994069377872	0.6456546966840434	([121, 20], [121, 111, 101])
1	0.6425460600523898	0.6457089437750406	([310, 255], [318, 310, 255])
1	0.5816912592848582	0.6457531470771529	([319, 32], [323, 312, 46])
1	0.592577823474875	0.6457644022408071	([916, 0], [916, 908, 0])
1	0.6442197250695718	0.6457655999537315	([664, 440], [718, 664, 440])
1	0.5844549412226381	0.6458334827779606	([318, 45], [650, 273, 45])
1	0.6424890131031018	0.6458667081851774	([266, 108], [403, 266, 257])
1	0.6270072384306185	0.6458961554389057	([412, 107], [412, 406, 94])
1	0.6142375584321046	0.6459154325552348	([547, 397], [560, 548, 547])
1	0.6323386499526912	0.6459352184973733	([411, 121], [411, 121, 114])
1	0.6449018761327454	0.6459478199500417	([1107, 959], [1107, 1055, 959])
1	0.6336886671313433	0.6459502575364225	([1090, 910], [1090, 927, 910])
1	0.6403063592004603	0.6459900785079012	([1089, 54], [1089, 1050, 938])
1	0.6349601659335393	0.6460329831920846	([1110, 907], [1110, 1102, 907])
1	0.5685144987485431	0.6460428585582567	([493, 53], [526, 496, 54])
1	0.6400055209177983	0.6462457166417213	([674, 289], [675, 542, 289])
1	0.6417921130342803	0.6462457166417213	([675, 524], [675, 542, 524])
1	0.6411942866657381	0.646263905739856	([1139, 925], [1139, 1118, 925])
1	0.6301006006160674	0.6462943589451299	([399, 306], [399, 323, 306])
1	0.6158746646877855	0.646312654886173	([397, 223], [397, 255, 223])
1	0.6220763980189236	0.646365629633167	([86, 12], [86, 64, 41])
1	0.6324268757971139	0.6464578831186072	([817, 172], [817, 797, 403])
1	0.5907062094624632	0.6464976103135798	([281, 44], [285, 283, 183])
1	0.6394571417901689	0.6465355685411551	([796, 336], [796, 784, 336])
1	0.6432922792166764	0.6465399587805837	([564, 274], [564, 491, 274])
1	0.6402116249108969	0.6465399587805837	([491, 307], [666, 491, 274])
1	0.6137806536840213	0.6465547162532428	([287, 0], [302, 287, 277])
1	0.5280921023692231	0.6465746723328434	([241, 45], [241, 49, 48])
1	0.6139848013279687	0.6465746723328434	([225, 48], [241, 225, 48])
1	0.6118143649412795	0.6466079612691087	([248, 32], [284, 248, 243])
1	0.607449864367938	0.6466119082860685	([1173, 14], [1173, 1172, 13])
1	0.637827427811786	0.646622918728222	([584, 0], [584, 574, 0])
1	0.6409543841827823	0.646622918728222	([710, 574], [710, 574, 0])
1	0.5984950561931109	0.6466813382010188	([226, 11], [226, 220, 200])
1	0.6444997010685961	0.6467036447936018	([1217, 923], [1217, 1094, 923])
1	0.6396625386243389	0.6467883030064642	([747, 491], [747, 719, 718])
1	0.6454257980619309	0.6467979041431668	([658, 256], [658, 275, 269])
1	0.5986301414679474	0.6468224239605194	([635, 50], [622, 607, 591])
1	0.6443409012090802	0.646823253717742	([457, 20], [473, 457, 414])
1	0.6455858923153482	0.6468238915068828	([1117, 953], [1117, 1061, 406])
1	0.642022832650058	0.6468349973009774	([428, 386], [428, 422, 386])
1	0.6233181560521677	0.6468387683038702	([1090, 360], [1090, 407, 406])
1	0.5771002106519849	0.6468555642784094	([662, 31], [662, 440, 33])
1	0.5747655506878538	0.6468555642784094	([662, 33], [662, 441, 440])
1	0.6363083234833644	0.6468809630864026	([688, 416], [713, 658, 561])
1	0.5592318674979989	0.6468883053391533	([611, 49], [643, 616, 613])
1	0.6314804292182894	0.6468927820902319	([425, 12], [425, 415, 414])
1	0.5037006223938407	0.6469438539131387	([789, 1], [781, 405, 13])
1	0.5336573920961161	0.6470160238832725	([1037, 12], [1066, 1037, 12])
1	0.56817873839044	0.6470712230328189	([1078, 41], [1167, 1121, 1115])
1	0.6358843499510591	0.6471064279947234	([1088, 932], [1088, 1062, 1037])
1	0.614654240649894	0.6472341102661345	([213, 16], [263, 215, 16])
1	0.5493367646198264	0.6472939890331607	([1172, 1], [1172, 1121, 18])
1	0.5753921013827354	0.6473089625077464	([1157, 20], [1124, 990, 20])
1	0.6333324589843952	0.647373252470621	([969, 13], [969, 949, 13])
1	0.5645809188054272	0.6474018367617509	([277, 1], [965, 347, 325])
1	0.6338134752787454	0.6474131038219889	([504, 299], [543, 504, 299])
1	0.6380595556912785	0.647423896326641	([894, 362], [894, 368, 362])
1	0.6452490640449821	0.6475160085951822	([774, 46], [774, 46, 43])
1	0.6316589868338408	0.6475329415593635	([1139, 1037], [1139, 1088, 1084])
1	0.5985994930583673	0.6475871390261756	([1098, 0], [1115, 1098, 0])
1	0.6169354746291202	0.6476270264038875	([284, 45], [284, 279, 45])
1	0.6457946307631917	0.6477775363785401	([810, 46], [815, 810, 46])
1	0.6474075137097903	0.6477924215060783	([713, 474], [713, 491, 474])
1	0.6457264281416382	0.6477995022959981	([1140, 905], [1140, 1134, 905])
1	0.6328456411430582	0.6478420899224351	([671, 533], [731, 671, 497])
1	0.6193457648729195	0.6478761451235138	([170, 52], [170, 150, 52])
1	0.5972981185183893	0.6478889902431958	([483, 397], [483, 471, 465])
1	0.6368148992108871	0.6479021616013247	([631, 54], [631, 549, 546])
1	0.5589431862147766	0.6479573148821656	([398, 96], [398, 267, 215])
1	0.6075576712367445	0.6479743136733781	([1109, 51], [1109, 1084, 51])
1	0.5800938835854703	0.6479743136733781	([1084, 2], [1109, 1084, 1066])
1	0.6347664608249641	0.6479905413773326	([561, 15], [561, 481, 396])
1	0.6429653142878916	0.6479908941739778	([772, 574], [772, 713, 563])
1	0.6056229681316981	0.6479978548170541	([620, 45], [645, 632, 45])
1	0.6404351679044418	0.6480203823854169	([1123, 1002], [1155, 1123, 1026])
1	0.6266556491508942	0.6480203823854169	([1161, 1026], [1161, 1155, 1026])
1	0.6373458353784281	0.6480693284046767	([797, 43], [797, 779, 402])
1	0.5608116786871401	0.6480875226530388	([743, 50], [712, 698, 29])
1	0.6285927155938491	0.6481307997177725	([1144, 882], [1144, 893, 882])
1	0.638540237713131	0.6481424352388284	([499, 287], [499, 497, 288])
1	0.5782384864222115	0.6483742583962788	([645, 45], [632, 548, 493])
1	0.6105072002046326	0.6483805509753755	([1197, 31], [1197, 1159, 31])
1	0.6097078329047433	0.6484172548486195	([1175, 29], [1175, 1127, 29])
1	0.648288186045518	0.6484707622083247	([1187, 118], [1187, 1124, 118])
1	0.5978349160191501	0.648551187273116	([1014, 51], [1020, 1016, 53])
1	0.6045080419728689	0.6486052246607533	([1167, 45], [1154, 1025, 45])
1	0.5617941962101296	0.6486052246607533	([1167, 42], [1154, 1124, 1025])
1	0.6441735686930671	0.6486152050990328	([247, 46], [312, 247, 223])
1	0.6347703164210226	0.6486392974349572	([408, 314], [408, 314, 258])
1	0.5906723822420719	0.6486764122871407	([605, 19], [605, 576, 569])
1	0.6475230161473639	0.6487097772796552	([474, 206], [474, 396, 216])
1	0.5683892195847016	0.6488315775329169	([649, 398], [659, 398, 318])
1	0.632958840901518	0.6488751030129158	([932, 784], [933, 932, 784])
1	0.6405431822146624	0.6488926463390442	([560, 398], [694, 560, 399])
1	0.551861085707642	0.6489131843540649	([873, 0], [833, 815, 797])
1	0.571064675960182	0.6489463786985619	([254, 42], [224, 220, 43])
1	0.6432777007292196	0.6489972116586629	([667, 502], [667, 641, 558])
1	0.5437662893011714	0.6490268231429346	([788, 10], [788, 398, 369])
1	0.5264308510208158	0.6491444816172885	([1221, 173], [1078, 410, 396])
1	0.6472164917151557	0.6491891131472094	([421, 151], [421, 151, 32])
1	0.5973855283991018	0.6491957225499938	([1032, 46], [1023, 987, 972])
1	0.546415248345855	0.6491976332301167	([631, 1], [711, 636, 612])
1	0.6404691163055347	0.6492010725950065	([175, 15], [175, 15, 0])
1	0.6184213048224274	0.6493201849452088	([244, 0], [244, 196, 44])
1	0.6156113674498829	0.6493201849452088	([244, 44], [244, 196, 173])
1	0.6467741065455168	0.6493550448499933	([637, 466], [644, 637, 466])
1	0.6309603942886032	0.6493595377117406	([429, 399], [429, 399, 323])
1	0.6175657065392273	0.6493596082503325	([716, 45], [748, 716, 710])
1	0.6476952509736696	0.649372847101339	([1212, 944], [1212, 944, 405])
1	0.6126065146497065	0.649372847101339	([1212, 409], [1212, 1079, 405])
1	0.6323992601273173	0.6493968051910304	([660, 42], [666, 660, 42])
1	0.5442460480493261	0.6494056223909668	([576, 238], [576, 564, 548])
1	0.6403888941556657	0.6494116962048525	([258, 150], [403, 258, 208])
1	0.6473057066613241	0.6494297604294399	([682, 636], [682, 670, 636])
1	0.4905721008468519	0.6494459076602254	([415, 404], [417, 404, 219])
1	0.5288098974782891	0.6494778384686346	([832, 9], [836, 417, 16])
1	0.6482724880409124	0.6495012315496735	([496, 181], [531, 496, 181])
1	0.594207762440867	0.6495345909176775	([143, 53], [143, 117, 52])
1	0.6078312868493627	0.6495355908724181	([300, 42], [731, 724, 496])
1	0.6217948073484225	0.6496613655081551	([712, 391], [712, 403, 219])
1	0.5015267879010729	0.6496682868927601	([261, 260], [272, 261, 217])
1	0.6367108497163945	0.6496863207510428	([676, 551], [706, 676, 554])
1	0.5714789812938982	0.6496965794829984	([56, 10], [63, 56, 10])
1	0.6199003369826034	0.6497587943555166	([393, 112], [393, 112, 110])
1	0.6448623163992386	0.6497694003406278	([744, 615], [771, 744, 615])
1	0.6212857725356131	0.6498806595537231	([408, 105], [408, 400, 113])
1	0.5038164105752027	0.6498919320070122	([399, 47], [399, 207, 47])
1	0.60619102392673	0.6499902313835376	([1084, 51], [1211, 1084, 1048])
1	0.6377960787877808	0.6501911051709336	([1135, 932], [1135, 1107, 1092])
1	0.6398931109727934	0.6501964139387805	([411, 88], [411, 97, 88])
1	0.5851071666180948	0.6502159422273035	([1035, 2], [1036, 983, 955])
1	0.649219646648993	0.650220090895814	([292, 251], [292, 283, 252])
1	0.6281293718289703	0.6503016256014491	([570, 11], [570, 565, 556])
1	0.5608788958339062	0.6503460556350741	([1103, 2], [1084, 933, 923])
1	0.6476464850991005	0.6504231102010408	([1093, 948], [1093, 948, 925])
1	0.4999519002541588	0.650507564717604	([206, 9], [774, 663, 563])
1	0.6490719596562462	0.6505974344043901	([303, 235], [303, 284, 235])
1	0.6042612960898363	0.6505994868656293	([260, 31], [260, 173, 98])
1	0.6197963450198322	0.6506311811592983	([1062, 792], [1062, 873, 792])
1	0.6385684921173684	0.6506772793510252	([1042, 884], [1042, 906, 884])
1	0.643304634330437	0.6507042271368064	([709, 556], [709, 653, 568])
1	0.5578514700914746	0.6507723110388693	([546, 54], [546, 526, 499])
1	0.6495274950072216	0.650791021947282	([629, 550], [629, 590, 578])
1	0.5986196851804161	0.6508311287205739	([600, 398], [600, 575, 398])
1	0.575085855673361	0.6508653648157013	([580, 45], [653, 645, 349])
1	0.6248289393284245	0.6508784958644644	([1091, 812], [1091, 921, 888])
1	0.6341124150327778	0.6508835216063703	([300, 2], [300, 294, 2])
1	0.5968286035269167	0.6509351697440874	([145, 14], [145, 114, 14])
1	0.6493267372839929	0.6510029635189948	([711, 537], [711, 686, 52])
1	0.5963534733909123	0.6510693290523695	([1001, 43], [1001, 972, 44])
1	0.5939056739336432	0.6510702440617655	([320, 20], [320, 303, 20])
1	0.6412540133046437	0.6510778525507103	([540, 42], [616, 601, 42])
1	0.5579419860331181	0.6510778525507103	([577, 42], [641, 616, 42])
1	0.6453313721730476	0.6510945958027955	([1108, 811], [1108, 1073, 1064])
1	0.6339886438287774	0.6511171519919192	([1175, 393], [1174, 1130, 1126])
1	0.6411746153536062	0.6511786871798018	([1092, 896], [1114, 1092, 1069])
1	0.6511516036513518	0.6512128847436296	([232, 41], [247, 232, 46])
1	0.4978490621841743	0.6512605515384391	([1083, 404], [1053, 1049, 172])
1	0.6360207563687411	0.651268660339792	([771, 633], [771, 615, 613])
1	0.6065757104260145	0.651268660339792	([628, 44], [771, 718, 613])
1	0.5039259946769048	0.651280191525324	([262, 16], [317, 262, 17])
1	0.5985152113299066	0.6512852128250238	([752, 504], [769, 752, 426])
1	0.6353294229513424	0.6513739067574438	([624, 542], [625, 578, 545])
1	0.5757690866803193	0.6514064037167498	([1154, 52], [1159, 1126, 52])
1	0.6481277593483926	0.6514430245241905	([671, 184], [671, 288, 283])
1	0.6396305069640609	0.6514430245241905	([671, 283], [671, 497, 288])
1	0.5977649316468949	0.6516495044095635	([1107, 932], [1107, 1077, 932])
1	0.6512569403195736	0.6516571287840279	([653, 42], [653, 432, 42])
1	0.6453212071627622	0.6517075808723434	([418, 313], [418, 313, 0])
1	0.6487372795254933	0.6517177079124296	([1116, 787], [1116, 1110, 787])
1	0.5664041379803002	0.6517427373199012	([1016, 53], [1046, 1016, 392])
1	0.5504166296682672	0.6517745580774853	([789, 19], [865, 789, 395])
1	0.6384590307752233	0.6517853155607624	([681, 496], [681, 646, 496])
1	0.6492259909729574	0.6518494968154853	([626, 12], [637, 626, 12])
1	0.6127432722327262	0.6518494968154853	([635, 12], [637, 635, 12])
1	0.631265973128215	0.6519267279383206	([1109, 954], [1109, 1082, 954])
1	0.6451735064441653	0.6519676635459054	([440, 356], [440, 412, 408])
1	0.6364268410061634	0.6520143722721158	([492, 48], [562, 492, 48])
1	0.5261804931287529	0.6520367777224486	([227, 17], [227, 220, 20])
1	0.6159614595201369	0.6520727664579339	([949, 15], [1036, 969, 13])
1	0.6222087673087728	0.6522412695318675	([1144, 172], [1144, 1114, 172])
1	0.6002394700804291	0.6522494449627472	([746, 44], [718, 613, 44])
1	0.5401607242949711	0.6522536531978494	([523, 238], [669, 568, 556])
1	0.5162129656273455	0.6522732165359364	([1015, 1], [277, 274, 256])
1	0.573872120162896	0.6522865522223665	([878, 20], [938, 878, 875])
1	0.6476947923796761	0.652321713493066	([1085, 994], [1085, 1037, 1036])
1	0.5254347031503761	0.6523589745199886	([489, 17], [489, 415, 396])
1	0.6522411809801689	0.6524016040844913	([1033, 418], [1033, 970, 416])
1	0.649088363935141	0.6524016040844913	([999, 416], [1033, 999, 416])
1	0.6502494105209538	0.6524122872029218	([685, 501], [695, 685, 501])
1	0.6372691074599265	0.6524562752553219	([726, 542], [731, 726, 542])
1	0.6331780334990558	0.6524562752553219	([768, 542], [768, 731, 542])
1	0.629317796100147	0.6525168143781266	([297, 174], [297, 241, 174])
1	0.6200487315491802	0.6525625644153119	([602, 54], [631, 602, 549])
1	0.5689674604628285	0.6525652612882035	([480, 45], [487, 480, 45])
1	0.5779967389163836	0.6525677268933259	([536, 399], [564, 547, 536])
1	0.6050864310038857	0.6526409542197967	([466, 403], [466, 462, 403])
1	0.6067630207987856	0.6526448855170986	([1093, 32], [1093, 1078, 903])
1	0.6115370681973238	0.6526746209979758	([195, 48], [180, 175, 48])
1	0.5256527983987415	0.6526828485193655	([662, 49], [746, 718, 49])
1	0.6475770273662192	0.6527043243271605	([649, 430], [649, 647, 430])
1	0.5259362704122892	0.6527610247637483	([238, 110], [238, 110, 93])
1	0.5593490622181634	0.6527641910354314	([452, 17], [452, 429, 321])
1	0.5519914210320419	0.6528193736710035	([171, 49], [171, 164, 152])
1	0.6470741686722233	0.6528287395313084	([637, 541], [637, 583, 569])
1	0.558960667264757	0.6529211206017353	([364, 16], [888, 372, 358])
1	0.634721821129255	0.6529528724274426	([208, 48], [208, 205, 48])
1	0.5355190850324008	0.653142062809132	([933, 2], [933, 901, 784])
1	0.5942568643243019	0.6531484950773838	([943, 0], [943, 881, 15])
1	0.5432514631641862	0.6532764295537661	([962, 16], [1038, 409, 263])
1	0.6488206823286384	0.653286201669637	([174, 18], [174, 55, 31])
1	0.6440522147760124	0.653317337796902	([386, 157], [386, 157, 31])
1	0.5585641657522555	0.6533202598352318	([1214, 10], [1152, 994, 15])
1	0.6269328354483034	0.6533202598352318	([1129, 968], [1152, 994, 968])
1	0.649647113984165	0.6533202598352318	([1149, 994], [1152, 1149, 994])
1	0.6233852728329579	0.6534067467130197	([706, 554], [676, 675, 524])
1	0.6418266429918043	0.6534082474810241	([917, 371], [917, 400, 371])
1	0.6519257853229935	0.653522048229164	([736, 685], [747, 736, 685])
1	0.653507919990996	0.653522048229164	([771, 685], [771, 747, 685])
1	0.647012134451072	0.6536540863328947	([649, 391], [663, 649, 391])
1	0.6491706000112408	0.6536799588181591	([757, 704], [757, 726, 724])
1	0.5737118133147737	0.6536964133808691	([1003, 404], [1015, 1003, 987])
1	0.6313005209608034	0.6537102727538989	([1068, 814], [1068, 889, 814])
1	0.5123929925028279	0.6537282835445684	([277, 6], [277, 274, 272])
1	0.6440088393762889	0.6537831249826863	([281, 249], [281, 277, 248])
1	0.6431557627874671	0.6538655018596623	([630, 536], [630, 617, 536])
1	0.5305867987401106	0.6538951732876795	([376, 1], [793, 376, 358])
1	0.5463571002705445	0.6539035846161506	([331, 1], [347, 342, 341])
1	0.6286867698525399	0.653941892200502	([567, 400], [691, 561, 400])
1	0.6381278017667813	0.6539784008132663	([822, 356], [822, 799, 356])
1	0.6535552870303082	0.6539908131561979	([251, 118], [251, 118, 45])
1	0.6469694179938394	0.6540092522045531	([277, 196], [287, 277, 223])
1	0.5751036474825598	0.6540914542418773	([528, 396], [561, 556, 547])
1	0.6468327169006477	0.6540932741019748	([691, 203], [691, 663, 203])
1	0.6301965702551464	0.6541575995163186	([1093, 815], [1094, 1093, 876])
1	0.6487383602713781	0.654227230146099	([1130, 940], [1130, 1073, 940])
1	0.5593800065250517	0.6542712680976496	([268, 50], [315, 268, 217])
1	0.6295749948887828	0.6543057320458573	([497, 19], [497, 289, 183])
1	0.6491915606916677	0.6543302124448708	([556, 486], [556, 499, 497])
1	0.6541465927535737	0.6543736226257706	([694, 46], [774, 694, 46])
1	0.5416260865277039	0.6543870178162481	([563, 238], [576, 563, 557])
1	0.6510450304585659	0.6543886841410332	([303, 176], [303, 223, 196])
1	0.5736184934314007	0.6544754175166672	([721, 45], [721, 497, 45])
1	0.590890102563075	0.6545275218543567	([306, 20], [345, 320, 173])
1	0.6430274048726256	0.6545607744220648	([487, 406], [487, 476, 406])
1	0.6434167853561138	0.6545709569552651	([696, 256], [696, 695, 220])
1	0.6369748874295272	0.6545861759364929	([838, 46], [851, 838, 46])
1	0.6312170932319232	0.6546358687423075	([947, 338], [947, 943, 15])
1	0.649576273992286	0.6546907357550977	([534, 285], [545, 534, 285])
1	0.6231022760746939	0.654696486497586	([399, 245], [399, 306, 278])
1	0.5233827027913814	0.6547500530262158	([870, 404], [909, 408, 404])
1	0.6022611545864638	0.6547636872038393	([416, 316], [416, 316, 270])
1	0.6505200320209594	0.6547689725795198	([679, 495], [679, 673, 495])
1	0.652613896999162	0.6547809957002948	([623, 571], [631, 623, 571])
1	0.6217417215696911	0.6548058662256457	([273, 32], [273, 260, 31])
1	0.6542682919874644	0.6548290431037134	([848, 451], [848, 484, 451])
1	0.5113897279429735	0.6549054536312253	([1120, 404], [1120, 1075, 1072])
1	0.5871637478540448	0.6549256556736425	([585, 9], [585, 563, 493])
1	0.5454007034442395	0.6549290859958529	([672, 504], [730, 670, 529])
1	0.5989581770626906	0.6549827400761562	([1166, 400], [1171, 1166, 400])
1	0.6337703830536114	0.6549879000686268	([467, 46], [467, 388, 347])
1	0.6532903870269356	0.6550045690739057	([304, 202], [304, 276, 202])
1	0.5881811213324719	0.6550070284047359	([1125, 12], [1158, 1147, 1127])
1	0.6484212523906311	0.6550662349478394	([503, 407], [695, 501, 407])
1	0.4987131792027728	0.6550851101545607	([404, 94], [404, 170, 94])
1	0.653252303942968	0.6551528655550081	([499, 196], [499, 288, 196])
1	0.6545524787255125	0.6551564729687193	([663, 314], [663, 662, 314])
1	0.6466041984361217	0.6552830518463035	([697, 13], [692, 412, 13])
1	0.6195381113769121	0.6552849406189571	([688, 493], [688, 650, 488])
1	0.6341610873859684	0.6553029319556088	([640, 423], [640, 423, 0])
1	0.6505079777830994	0.6553970197613157	([952, 353], [952, 921, 406])
1	0.5164819056727641	0.6554162641618264	([714, 1], [641, 201, 2])
1	0.6025901994391378	0.6554710130485015	([298, 11], [298, 287, 0])
1	0.5128031819825926	0.6554896783317066	([394, 264], [394, 336, 264])
1	0.6431792225831535	0.6555313464278149	([593, 506], [596, 593, 509])
1	0.5502309744354017	0.6555415955935593	([1214, 21], [1214, 1151, 402])
1	0.6478070125869394	0.6555716732838444	([1074, 793], [1074, 793, 789])
1	0.6041254178815239	0.6556188636395889	([296, 52], [280, 252, 235])
1	0.5927121576971146	0.6556852949919769	([203, 32], [203, 201, 31])
1	0.49048732191188144	0.6557245611717027	([421, 420], [417, 412, 402])
1	0.5063943463483211	0.6557505224954233	([614, 505], [638, 505, 243])
1	0.6131369258621416	0.6557585165728468	([782, 29], [783, 782, 29])
1	0.5949648946890089	0.6558347097435027	([731, 32], [300, 249, 244])
1	0.6226657144481048	0.6559299431003661	([788, 44], [788, 373, 369])
1	0.6524751143353239	0.6559477679535587	([885, 414], [885, 414, 411])
1	0.6444524531045477	0.6561193268508533	([1101, 885], [1101, 941, 885])
1	0.5915755462658758	0.6561362647543604	([398, 301], [398, 301, 276])
1	0.6555264126112953	0.6561530264080948	([1040, 797], [1040, 797, 790])
1	0.5658776842260003	0.65616942343777	([152, 2], [152, 141, 122])
1	0.6477456873163532	0.6561746959351789	([1194, 426], [1193, 426, 251])
1	0.5432153442666658	0.6562582907583319	([714, 16], [714, 491, 481])
1	0.6350677743288383	0.6562802598368307	([741, 503], [730, 720, 503])
1	0.5668934633548276	0.656289040054506	([481, 41], [775, 482, 41])
1	0.6460564954274813	0.6563804045285546	([955, 812], [1115, 955, 937])
1	0.6080689012344082	0.6564634877865956	([637, 33], [649, 562, 391])
1	0.5046846033816722	0.65647352344225	([394, 336], [394, 264, 215])
1	0.6428003913131315	0.6565142427634049	([1097, 795], [1097, 905, 795])
1	0.6536715916255837	0.6565662147694763	([646, 20], [429, 415, 399])
1	0.6436411036690343	0.65657689453184	([745, 20], [745, 698, 20])
1	0.6540166038499063	0.6566179150699741	([321, 117], [321, 160, 117])
1	0.5384243460318282	0.6566179150699741	([321, 17], [321, 312, 160])
1	0.5281148459708831	0.6566420400125355	([394, 315], [394, 315, 215])
1	0.6552522801389851	0.6568368765221196	([725, 550], [725, 550, 497])
1	0.6487347762809188	0.6568689485605155	([391, 88], [391, 99, 98])
1	0.6510531552407071	0.6569238421333293	([1221, 985], [1221, 1212, 391])
1	0.6423603017496156	0.6569478804499359	([757, 506], [757, 726, 506])
1	0.6548621685858395	0.6569551841737952	([1117, 877], [1117, 877, 872])
1	0.519778755552898	0.6570411327520277	([927, 9], [927, 805, 42])
1	0.654631350555751	0.657055317089999	([625, 250], [638, 625, 250])
1	0.6509524716972195	0.6570585936394429	([720, 580], [746, 710, 574])
1	0.6334832139762415	0.6572312497198521	([719, 310], [719, 718, 304])
1	0.5572671388767805	0.6573115111259797	([607, 238], [607, 556, 534])
1	0.626961799905669	0.6573483184464731	([184, 20], [197, 186, 20])
1	0.6548651967680258	0.6573855127319118	([671, 569], [671, 578, 569])
1	0.6537002579517199	0.657474419288295	([1064, 826], [1064, 1041, 807])
1	0.6522026113046869	0.6575940368563533	([492, 255], [492, 258, 255])
1	0.6501572182617429	0.6576009339285006	([630, 494], [630, 536, 503])
1	0.6434947912479965	0.6576208811291827	([644, 303], [644, 347, 303])
1	0.6552042957910317	0.6576629523934138	([692, 464], [692, 479, 464])
1	0.6377198309427203	0.6576870364459383	([598, 12], [598, 574, 502])
1	0.649822278218388	0.6576948765369532	([423, 146], [423, 414, 146])
1	0.6398176735366042	0.6578404298600804	([1111, 939], [1111, 1090, 939])
1	0.6279985794085098	0.6578442121871809	([243, 18], [243, 118, 54])
1	0.6454078061159881	0.6578455994339443	([1155, 430], [1155, 964, 349])
1	0.5215947417386889	0.657859549113058	([1077, 16], [1077, 1048, 1041])
1	0.6131939608223641	0.6578942712896628	([686, 52], [711, 558, 537])
1	0.623887014234464	0.6579547273996132	([181, 11], [544, 538, 11])
1	0.6472369331456166	0.6579669606988284	([681, 299], [709, 644, 303])
1	0.6561103495109384	0.6579744880691878	([689, 573], [689, 573, 492])
1	0.5466025609072479	0.6580071392926956	([564, 33], [662, 564, 272])
1	0.5178685560055516	0.6580094839239997	([880, 17], [913, 880, 367])
1	0.574929809854143	0.6580157805248181	([144, 33], [144, 106, 103])
1	0.6326756494556592	0.6580550399337379	([690, 12], [695, 690, 563])
1	0.6300436301974055	0.6580942974499354	([255, 15], [318, 255, 31])
1	0.6517930643995558	0.6581366343377192	([524, 184], [675, 524, 184])
1	0.6309206102872634	0.6581992308315535	([319, 2], [319, 201, 2])
1	0.6079142323915939	0.6582133480871443	([152, 18], [152, 147, 18])
1	0.5828589656425514	0.6583430593408984	([283, 21], [283, 250, 49])
1	0.5297238685887748	0.6583724941100851	([145, 17], [145, 103, 42])
1	0.6391566135348161	0.6584345399826739	([1193, 251], [1188, 426, 51])
1	0.6539122084539954	0.6584541336544221	([349, 119], [387, 349, 119])
1	0.6280165501669646	0.6584747715151991	([1038, 358], [1038, 409, 361])
1	0.55755287157414	0.658516252301794	([563, 54], [563, 493, 54])
1	0.6532977447678793	0.658519599043666	([371, 115], [397, 371, 115])
1	0.6574497887218319	0.6585668747109213	([1145, 794], [1145, 1054, 794])
1	0.5087071873342697	0.6586313915490567	([30, 17], [65, 30, 21])
1	0.5548409679459555	0.6586420287788062	([652, 33], [652, 637, 616])
1	0.6562903702872505	0.6587248376041417	([555, 191], [555, 244, 181])
1	0.5539279660982014	0.6587360980237051	([382, 52], [405, 382, 209])
1	0.5036708620417756	0.6587437152203459	([935, 404], [960, 940, 404])
1	0.6531336019865656	0.6588105654248312	([772, 224], [772, 414, 224])
1	0.6048954070716106	0.6588228210100447	([403, 304], [403, 304, 199])
1	0.6540310560379315	0.6589518907116803	([1136, 945], [1136, 1074, 941])
1	0.6563999890277942	0.6589518907116803	([1150, 941], [1150, 1136, 941])
1	0.6406306078003636	0.6589669813048689	([732, 499], [732, 679, 499])
1	0.6373036011959444	0.6589950957906384	([1133, 1016], [1133, 1016, 392])
1	0.605149866793363	0.659319599462236	([579, 18], [552, 496, 486])
1	0.5621708880354318	0.6594012058632422	([917, 2], [947, 917, 401])
1	0.6425871200922251	0.6595258128727307	([719, 197], [719, 310, 197])
1	0.6555346483254291	0.6596836031686764	([750, 616], [750, 616, 557])
1	0.6575731878421953	0.6596921768882675	([416, 225], [665, 416, 225])
1	0.630709038317204	0.6597229235286051	([679, 280], [673, 504, 503])
1	0.5981988359001039	0.6598365855159449	([402, 124], [402, 124, 116])
1	0.6537709837866672	0.6598444590355	([599, 526], [599, 555, 496])
1	0.6568809596868194	0.6599413696026579	([416, 343], [416, 343, 327])
1	0.657574416006456	0.6599419267296052	([1171, 354], [1171, 997, 15])
1	0.6557829217009877	0.6599671080716535	([482, 272], [482, 272, 0])
1	0.5768086461379307	0.65999641522046	([699, 10], [744, 701, 699])
1	0.6545775384665711	0.6600192682745731	([1086, 31], [1086, 1079, 31])
1	0.5565807553269837	0.6600274492413198	([195, 3], [287, 195, 182])
1	0.6533864494225798	0.6601276211405808	([552, 284], [552, 545, 284])
1	0.6526243566107942	0.6601645316775411	([440, 146], [440, 423, 413])
1	0.6068305779985295	0.6601717588501719	([567, 44], [613, 581, 566])
1	0.6582022550218092	0.6602202920294002	([666, 462], [666, 491, 462])
1	0.627652319796703	0.660295470394099	([946, 32], [961, 946, 929])
1	0.5428480432036812	0.6603362132439167	([1051, 1], [1051, 1035, 404])
1	0.6522914611950352	0.6604501984917029	([1130, 48], [1089, 952, 926])
1	0.6094638243062849	0.6606241409300878	([1151, 398], [1151, 1112, 1100])
1	0.6533311077684221	0.6606949540918189	([541, 20], [625, 553, 20])
1	0.6401047944492175	0.6607404568912288	([1106, 790], [1106, 790, 781])
1	0.6393206323966746	0.6607783738829264	([1072, 880], [1072, 880, 13])
1	0.6572855729523065	0.6607792286383789	([729, 619], [729, 702, 699])
1	0.6581351129051839	0.6607943295724407	([164, 79], [164, 119, 83])
1	0.5766763987659905	0.6608204168668385	([652, 32], [643, 422, 32])
1	0.644499245352035	0.6608250703432282	([186, 15], [186, 175, 41])
1	0.6248825565922121	0.6608407349923299	([1216, 1049], [1216, 1089, 1056])
1	0.6531535031581265	0.660847165460355	([159, 63], [159, 144, 63])
1	0.5952588336840255	0.6609020611358057	([958, 46], [987, 982, 46])
1	0.5162348053716286	0.6609655683511119	([668, 238], [679, 676, 235])
1	0.6467377222120683	0.661018097683529	([1005, 252], [1005, 545, 542])
1	0.6483990292121747	0.6610241452351818	([1033, 54], [1033, 1025, 966])
1	0.6466684652123397	0.6610666407761279	([1092, 359], [1092, 901, 359])
1	0.5010692213800148	0.6610953859592161	([641, 505], [641, 631, 505])
1	0.5107375793257706	0.6612057980877389	([798, 9], [859, 805, 408])
1	0.5133881726379392	0.6612423345527636	([868, 394], [868, 395, 393])
1	0.6539133834894595	0.6613177886412864	([352, 114], [352, 267, 114])
1	0.49235625939460614	0.6613571289937877	([943, 394], [943, 394, 393])
1	0.6582692517963099	0.6614628765501592	([572, 303], [644, 572, 467])
1	0.658919337708614	0.6614680438660919	([566, 454], [712, 566, 454])
1	0.5643755366113274	0.6615845301642834	([464, 33], [464, 440, 398])
1	0.6588365099868172	0.6615857075148935	([636, 431], [636, 615, 431])
1	0.5196577697755578	0.661607046608073	([912, 9], [912, 805, 795])
1	0.658710752107314	0.6617208138169348	([726, 292], [726, 533, 288])
1	0.5269355928202099	0.6617819903562512	([238, 208], [333, 238, 208])
1	0.6459874330962104	0.6618738598024774	([990, 29], [1019, 990, 29])
1	0.6576323340441405	0.6619097469841397	([1219, 906], [1219, 1137, 1104])
1	0.6592822158379804	0.6619439399863801	([1194, 250], [1194, 426, 250])
1	0.6353313027445281	0.6619958375750407	([547, 241], [547, 502, 297])
1	0.6525011143695716	0.6620058803494572	([701, 244], [701, 681, 244])
1	0.5109673145544238	0.6620153999856828	([355, 3], [789, 355, 337])
1	0.6413638812658093	0.66203687152345	([506, 298], [534, 506, 298])
1	0.6619937576352073	0.6621018081910339	([770, 277], [770, 634, 277])
1	0.5902199986732695	0.6622566214893472	([1199, 45], [1199, 1155, 1026])
1	0.644133111426564	0.662308194097449	([1082, 412], [1082, 915, 412])
1	0.6261852122250257	0.6623359408140576	([144, 48], [144, 62, 48])
1	0.5220723223226779	0.6623359408140576	([62, 33], [144, 63, 62])
1	0.6035096185168743	0.6623731826848276	([504, 195], [504, 299, 195])
1	0.6617358011608928	0.6624245956470711	([416, 109], [416, 409, 109])
1	0.6599633333219131	0.6624274944993485	([778, 108], [778, 395, 316])
1	0.6083009312234019	0.662445160122692	([605, 41], [635, 623, 41])
1	0.6516510798990357	0.6624627683676187	([529, 31], [537, 529, 31])
1	0.6558635981132575	0.6624824363654381	([602, 297], [602, 536, 399])
1	0.5759105904967711	0.6624824363654381	([610, 399], [602, 536, 500])
1	0.5212234032158313	0.6625010829038229	([634, 17], [770, 709, 634])
1	0.6219842583575689	0.6625649778222644	([848, 484], [848, 484, 387])
1	0.6609697470896645	0.6626042435919799	([1109, 333], [1109, 1037, 333])
1	0.659097488359885	0.6626435563828642	([1102, 793], [1102, 1074, 793])
1	0.601589314663655	0.6626526754876153	([169, 11], [160, 58, 17])
1	0.6623340635167007	0.6627034469024261	([1152, 419], [1152, 1112, 407])
1	0.6545464891606726	0.6627036931156165	([181, 59], [181, 173, 60])
1	0.5464314230729911	0.6627699816218862	([684, 505], [678, 527, 505])
1	0.531075004773123	0.6627791799071607	([1015, 17], [971, 407, 406])
1	0.6438394621768473	0.6627825986588661	([182, 12], [530, 288, 182])
1	0.6597770660960204	0.6628240527169452	([1160, 1009], [1161, 1160, 1009])
1	0.5279596491567822	0.6628333767094376	([455, 238], [556, 485, 238])
1	0.660991186686141	0.6628864108656299	([751, 500], [751, 745, 500])
1	0.6611796030974084	0.6628952197353025	([247, 180], [247, 234, 180])
1	0.6590933204888229	0.6629590645572846	([934, 419], [934, 419, 330])
1	0.6619816360136013	0.6631147141805066	([551, 282], [551, 541, 286])
1	0.6561599972010143	0.6632607655289171	([616, 197], [616, 612, 276])
1	0.6364147444245991	0.6632928379352746	([1221, 1000], [1221, 1000, 985])
1	0.6595543209927641	0.6633446984840669	([442, 275], [442, 397, 275])
1	0.6495664311354175	0.6633680110577309	([477, 361], [477, 476, 18])
1	0.6527206894840647	0.6634762625087215	([557, 304], [640, 557, 304])
1	0.6252171903570174	0.6635120928983158	([1076, 813], [1084, 933, 813])
1	0.5927757954314027	0.6636214838904948	([595, 17], [628, 595, 580])
1	0.6285548401780743	0.6637178978042978	([586, 31], [567, 563, 31])
1	0.572219609958273	0.6638091521813934	([404, 164], [404, 170, 164])
1	0.6513709254272011	0.664041605888404	([504, 247], [504, 503, 246])
1	0.6335910912412596	0.6640459424218338	([763, 12], [745, 613, 598])
1	0.6562690814452428	0.6640937794881618	([942, 107], [942, 408, 105])
1	0.6264909669228658	0.6640970391196455	([230, 16], [230, 200, 197])
1	0.651399540377542	0.6641481664564158	([493, 254], [493, 301, 254])
1	0.6527464593803729	0.6641563098275626	([733, 495], [733, 556, 547])
1	0.6610165273260911	0.6641692203732077	([625, 396], [625, 614, 578])
1	0.6325720703878934	0.6642018641247595	([423, 384], [435, 423, 384])
1	0.6574675076784429	0.6642226620204621	([665, 457], [665, 492, 457])
1	0.6582072305611717	0.664377441621587	([949, 817], [957, 949, 817])
1	0.635536316939085	0.6644399422225753	([977, 14], [977, 958, 949])
1	0.5438979295747863	0.6644552686221706	([174, 17], [750, 174, 17])
1	0.6450445925979945	0.6644552686221706	([749, 48], [750, 174, 31])
1	0.6600630135475051	0.6644570110248103	([411, 157], [411, 157, 121])
1	0.6507622604908377	0.6644770979788772	([1176, 989], [1178, 1164, 989])
1	0.6634010943774511	0.6645666980611076	([997, 390], [997, 943, 393])
1	0.6599112075736323	0.664786184198216	([719, 540], [730, 719, 540])
1	0.6635766324859955	0.6648881610557504	([754, 47], [754, 743, 47])
1	0.647322224701562	0.6649028028565603	([780, 51], [780, 357, 51])
1	0.6446378684700937	0.6649325492282966	([729, 16], [771, 729, 718])
1	0.6474116301782168	0.6650684034305602	([672, 187], [672, 671, 289])
1	0.5490098008562403	0.6651067971511829	([1101, 1], [1101, 1051, 401])
1	0.558428192833841	0.6653313514571145	([1170, 16], [1170, 18, 14])
1	0.5530169019952401	0.6654822459978827	([833, 45], [848, 349, 347])
1	0.6245567373970364	0.6655259331562756	([867, 333], [867, 378, 365])
1	0.5437812115477678	0.6655517370376935	([1154, 1], [1154, 15, 13])
1	0.5441656068471157	0.6656110465203021	([445, 19], [446, 326, 19])
1	0.655701726106455	0.6656110465203021	([446, 311], [446, 326, 311])
1	0.6399799674123637	0.6656231532024015	([672, 52], [672, 667, 52])
1	0.6100561642006912	0.6656572746246666	([550, 1], [677, 550, 45])
1	0.6530484655013655	0.6657044161634422	([614, 396], [625, 591, 578])
1	0.6519313316984237	0.6658259417174378	([747, 602], [747, 615, 602])
1	0.6647848951055146	0.665838278197359	([1058, 896], [1133, 1058, 896])
1	0.6186330085946857	0.666027908608674	([402, 279], [402, 312, 279])
1	0.6575618491507254	0.6662997069557327	([635, 393], [635, 393, 221])
1	0.5585002004936381	0.6663197347212145	([712, 19], [717, 275, 202])
1	0.6482183474064882	0.6663303953593606	([1103, 379], [1103, 929, 372])
1	0.6433972220743889	0.6663591078405539	([223, 58], [324, 223, 58])
1	0.6628943225727362	0.6663741165955464	([1025, 453], [453, 325, 223])
1	0.6576484800158323	0.6664668716347667	([1113, 859], [1113, 891, 859])
1	0.6361201276946853	0.6665055020763473	([601, 405], [601, 575, 405])
1	0.6422013038729172	0.6665389191769233	([501, 245], [720, 697, 226])
1	0.5178738740642923	0.6665978064998962	([504, 43], [710, 694, 43])
1	0.5402888353147145	0.6666173435823785	([778, 173], [778, 173, 54])
1	0.6477221996140817	0.6666399080407102	([573, 422], [573, 559, 422])
1	0.5821734385851902	0.6667078571081775	([690, 53], [690, 661, 53])
1	0.5531258689264025	0.6667089620434162	([900, 45], [900, 374, 354])
1	0.6593305393144271	0.6667443843638643	([1167, 1002], [1167, 1123, 1115])
1	0.6624871083574829	0.666749047001957	([419, 150], [419, 150, 110])
1	0.6463840656959426	0.6667603482277169	([812, 109], [812, 392, 363])
1	0.6403560997443859	0.66676804374822	([1163, 769], [1163, 769, 387])
1	0.5851065747216838	0.6668306019454998	([932, 54], [1039, 985, 54])
1	0.632014381130661	0.6668625804361115	([1213, 46], [1213, 1034, 32])
1	0.5662413539118707	0.6668834218815662	([1040, 44], [1040, 812, 790])
1	0.5744833235051939	0.6669019982226242	([386, 19], [386, 326, 19])
1	0.5437869516160702	0.6670606394851681	([971, 50], [971, 50, 29])
1	0.49795420228375664	0.6671897939578806	([173, 62], [210, 99, 3])
1	0.6583921848768833	0.6673249737876971	([724, 285], [721, 503, 280])
1	0.6569611924588031	0.6673262680996214	([728, 528], [728, 555, 499])
1	0.6662891056185178	0.6676212503744035	([668, 322], [668, 322, 312])
1	0.667671773045918	0.6676798674917613	([215, 168], [391, 215, 168])
1	0.6650822208208235	0.6677473468041986	([729, 576], [729, 619, 576])
1	0.5918695187375317	0.6678434058208307	([224, 14], [224, 217, 43])
1	0.6652465294956564	0.6679114389133007	([1096, 878], [1096, 878, 797])
1	0.5553078572430483	0.6679728743018586	([670, 394], [670, 617, 500])
1	0.665992601028526	0.6679764957698815	([757, 639], [757, 639, 620])
1	0.6659002039768632	0.6679766451644886	([1126, 1030], [1126, 1030, 53])
1	0.648632556889332	0.6679912872061002	([727, 537], [727, 673, 530])
1	0.6343978022116963	0.6680464823673661	([562, 43], [562, 441, 53])
1	0.6504834437352194	0.6680863507154352	([845, 444], [845, 444, 387])
1	0.6372372078729683	0.6681208497478724	([1005, 545], [1005, 325, 252])
1	0.6431216198901174	0.6681306910414667	([1028, 422], [1033, 1028, 422])
1	0.6633352359802248	0.668139589801064	([708, 627], [722, 708, 627])
1	0.665021379540166	0.6681510207875915	([1166, 1035], [1168, 1166, 1035])
1	0.6646139626802671	0.6682465591645459	([289, 233], [289, 252, 233])
1	0.6285653892930487	0.668250972829749	([1198, 406], [1198, 1181, 406])
1	0.5464934481224262	0.6683169863015186	([440, 33], [662, 652, 397])
1	0.5551148721911874	0.668459088335961	([1140, 50], [1140, 1045, 1036])
1	0.5699139370067553	0.6685147906733445	([1145, 403], [1146, 899, 874])
1	0.6556712303655996	0.6686014539426443	([1097, 369], [1141, 810, 406])
1	0.655901056544761	0.6686148669847846	([1064, 107], [1064, 1047, 107])
1	0.6358535310018025	0.6687327970037787	([562, 48], [492, 255, 225])
1	0.6655497318543386	0.6687345954187867	([720, 279], [720, 501, 297])
1	0.6499539400475556	0.668785273438085	([590, 401], [610, 590, 572])
1	0.6658873073653192	0.6688108587385065	([540, 46], [628, 540, 46])
1	0.6204390512721123	0.6688108587385065	([630, 46], [630, 628, 46])
1	0.668404302782309	0.6688114742933674	([1146, 985], [1146, 1114, 985])
1	0.595806389515469	0.6688855928425296	([284, 32], [426, 292, 32])
1	0.6217168230068166	0.6690338148230814	([511, 292], [511, 498, 292])
1	0.5609838377378495	0.6690432354443758	([871, 52], [896, 864, 393])
1	0.633516619732219	0.6690604766636631	([1116, 833], [1116, 904, 823])
1	0.6661825235573658	0.6691814436567549	([548, 302], [719, 548, 302])
1	0.6548134441512522	0.6692191891838661	([678, 287], [678, 673, 287])
1	0.5611511173737097	0.6692629290361878	([869, 173], [869, 846, 812])
1	0.5478388178246858	0.6692763270026018	([175, 1], [245, 191, 181])
1	0.6488910150494306	0.6694257064712198	([982, 892], [1074, 982, 892])
1	0.6561363306123721	0.6694369720919116	([633, 224], [633, 301, 224])
1	0.5575114227407615	0.6694714252841996	([505, 283], [505, 283, 243])
1	0.6459144508431153	0.6695496810337511	([574, 14], [774, 574, 561])
1	0.6185758558415015	0.669575081361952	([222, 19], [222, 218, 44])
1	0.5382605724673398	0.6696170731323583	([713, 404], [779, 713, 404])
1	0.6406133638615045	0.6696383143215668	([243, 10], [243, 181, 175])
1	0.6620473721855431	0.6696710020366194	([1054, 830], [1054, 901, 395])
1	0.656464768377608	0.6697951251031287	([573, 446], [573, 454, 446])
1	0.6670493004508985	0.6697989162355038	([1214, 929], [1214, 1061, 929])
1	0.5350692534589461	0.6699904482391157	([1032, 50], [1029, 1012, 53])
1	0.6073623400147146	0.6700549080614415	([655, 46], [655, 634, 467])
1	0.66599565265215	0.6701854282866494	([642, 313], [642, 313, 221])
1	0.5815628154738648	0.67023132535889	([1008, 238], [1008, 349, 238])
1	0.6181638405065766	0.6702433000844715	([722, 507], [722, 507, 292])
1	0.6189603742212385	0.6703565256615361	([449, 397], [449, 442, 432])
1	0.6367601121313273	0.6704225212318572	([675, 44], [675, 296, 44])
1	0.600803765890609	0.6705120515408183	([588, 396], [625, 553, 396])
1	0.6468846102007649	0.670540513275619	([673, 190], [673, 190, 53])
1	0.6685169319103124	0.6706151177981554	([754, 575], [754, 740, 575])
1	0.6156896018018589	0.6707719264288103	([644, 19], [644, 347, 60])
1	0.6642398956836768	0.6708536373417608	([549, 253], [549, 542, 253])
1	0.6690743588369787	0.6709527883494891	([725, 593], [725, 674, 593])
1	0.6558115323008415	0.6710553012488037	([535, 296], [535, 503, 279])
1	0.6632497124225656	0.6710667855097523	([1156, 1003], [1164, 1156, 1003])
1	0.5172895742083576	0.671130190293868	([1035, 1], [1035, 1015, 404])
1	0.6650089902486136	0.6711712649398848	([1097, 879], [1097, 879, 791])
1	0.6482438795864672	0.6712343729490333	([711, 198], [712, 711, 198])
1	0.6534681114708508	0.6712364539831528	([752, 625], [770, 752, 625])
1	0.6337895265413482	0.6712947396557731	([308, 18], [314, 308, 18])
1	0.6638131801940229	0.6713331259830908	([292, 18], [292, 243, 54])
1	0.6684753229105017	0.6713649923567065	([389, 169], [395, 389, 169])
1	0.6443259323448635	0.6714017621019126	([314, 100], [314, 114, 100])
1	0.6643897112563261	0.6716787474065039	([966, 143], [966, 960, 53])
1	0.5982994248009902	0.6718351823921475	([1169, 43], [1217, 1166, 43])
1	0.5454460885399549	0.6718396899114433	([617, 394], [670, 501, 394])
1	0.521427505568777	0.6718668627039887	([670, 237], [670, 246, 238])
1	0.6301786519782551	0.6718873229223081	([1122, 1024], [1122, 973, 53])
1	0.6713704887708077	0.6719824413327097	([859, 357], [859, 822, 357])
1	0.667189354500171	0.6719828141774242	([555, 450], [555, 450, 181])
1	0.6665880561882472	0.6720403638328921	([685, 305], [685, 667, 305])
1	0.5142470442624358	0.6720575318439936	([945, 9], [945, 927, 897])
1	0.659758802463394	0.6721586662191685	([1034, 149], [1034, 149, 115])
1	0.6420759468823399	0.672245284045643	([506, 249], [506, 504, 249])
1	0.48960766146162144	0.6722917189856298	([272, 6], [272, 207, 6])
1	0.6538858779033027	0.6724191009615232	([654, 223], [654, 614, 223])
1	0.6656518785707186	0.6724568176266402	([1173, 861], [1173, 861, 392])
1	0.552665669775842	0.6725507390091906	([505, 187], [505, 243, 187])
1	0.6277891788931778	0.6726195733060256	([1038, 420], [1038, 956, 420])
1	0.5734869393617951	0.6726845578516996	([1062, 52], [1075, 1062, 43])
1	0.6642964040185664	0.6727155515142623	([968, 410], [968, 792, 410])
1	0.6392187182347254	0.6727992948384712	([1190, 1008], [1179, 1164, 989])
1	0.6015690469023196	0.6728419853538689	([569, 397], [580, 569, 397])
1	0.6722812221819459	0.6729710988980514	([1015, 354], [1171, 1015, 997])
1	0.6657255222149661	0.6729720854277756	([962, 168], [962, 168, 0])
1	0.6030170499131133	0.6730390502944765	([131, 17], [160, 131, 117])
1	0.6247476243192656	0.6731528468242173	([619, 397], [619, 580, 500])
1	0.6479185421067539	0.6731669975714375	([1127, 1021], [1127, 1021, 972])
1	0.6674747929579433	0.6731725164841635	([777, 111], [777, 335, 111])
1	0.6684757125969375	0.6731981450979088	([457, 228], [633, 459, 228])
1	0.650017918483719	0.673501592289132	([1143, 795], [1143, 1120, 795])
1	0.6715741331207994	0.6736339601329995	([1132, 355], [1132, 787, 355])
1	0.6707744294900458	0.6736528001664537	([469, 255], [469, 462, 255])
1	0.6723338532890173	0.6739127943173547	([756, 540], [756, 754, 540])
1	0.6617148686557485	0.6739684406631704	([495, 176], [495, 285, 176])
1	0.6695645034457411	0.673989619407538	([729, 245], [729, 298, 245])
1	0.6728045920449772	0.6740107869698405	([502, 253], [502, 253, 246])
1	0.6677462913364342	0.6740133304035877	([1125, 1029], [1165, 1125, 1029])
1	0.6650869840606326	0.6740133304035877	([1172, 1029], [1172, 1165, 1029])
1	0.6326551359623275	0.6740804548992527	([1049, 29], [1049, 983, 932])
1	0.6397612911444308	0.6741389082894889	([288, 48], [288, 195, 179])
1	0.673269425285806	0.6741913423395046	([656, 477], [662, 656, 477])
1	0.5255528218189294	0.6742292768259741	([779, 404], [779, 404, 263])
1	0.6447312169248868	0.6743376015848129	([521, 32], [539, 521, 32])
1	0.6158486458235375	0.6744726314376708	([179, 51], [181, 179, 51])
1	0.6741215945034096	0.6747460920504853	([993, 332], [1036, 993, 955])
1	0.6724150289656219	0.6748251709590435	([631, 230], [631, 503, 241])
1	0.5660621695434624	0.6748823663211118	([803, 53], [926, 803, 400])
1	0.6705007453131085	0.6749407521128994	([525, 193], [525, 495, 193])
1	0.6722677854241719	0.6750033689404621	([1050, 837], [1050, 883, 837])
1	0.6609347244934667	0.6751226256454782	([888, 111], [888, 353, 352])
1	0.6701060900177491	0.6751865791377071	([1170, 860], [1170, 860, 837])
1	0.6687953787530492	0.6752445177961613	([1056, 414], [1056, 980, 414])
1	0.6735098829587874	0.6752447341571284	([993, 30], [1017, 993, 30])
1	0.6630616347623088	0.6752719804966983	([408, 156], [408, 156, 146])
1	0.6727713692627638	0.6752729150834197	([629, 58], [629, 426, 325])
1	0.5551574858495059	0.6754557278142732	([1120, 49], [1125, 1029, 1002])
1	0.6107204621210386	0.6754913640048493	([476, 48], [476, 377, 48])
1	0.6634381084412638	0.6755411872581196	([551, 234], [551, 285, 234])
1	0.6068404960273954	0.675570856883433	([840, 54], [840, 54, 46])
1	0.5335236356046065	0.675570856883433	([848, 49], [840, 838, 46])
1	0.6239039621002951	0.6756268031052015	([459, 18], [459, 433, 18])
1	0.6674627550936532	0.6756727204285179	([529, 230], [529, 297, 241])
1	0.6657519721639161	0.6756755107475506	([1019, 101], [1019, 965, 101])
1	0.4903025635511978	0.6759488831748697	([411, 410], [670, 500, 494])
1	0.5865006226692844	0.6759629240070106	([1006, 505], [1006, 570, 498])
1	0.6647521411622017	0.6761061378881809	([1027, 424], [1031, 1027, 424])
1	0.6120613897033125	0.6761300787286123	([510, 44], [549, 525, 44])
1	0.6297654189937713	0.6761357727108245	([1189, 1027], [1189, 1027, 29])
1	0.6684930170357385	0.676313129820639	([878, 478], [878, 800, 478])
1	0.6659063211866332	0.6764320905481052	([1114, 871], [1114, 896, 871])
1	0.6664842954342348	0.6764400028429083	([1209, 823], [1209, 835, 13])
1	0.5405817629552683	0.6764634126835353	([734, 508], [772, 742, 508])
1	0.670747189301017	0.6765920622602077	([392, 279], [392, 311, 278])
1	0.6643817675919927	0.6766135045929794	([1140, 371], [1140, 1083, 953])
1	0.6738298542581838	0.6766144119690651	([1038, 146], [1038, 395, 144])
1	0.5779359404190366	0.6766452156156255	([1027, 399], [1025, 429, 399])
1	0.6343596032130493	0.6766708389201329	([620, 11], [620, 613, 44])
1	0.6209037723507297	0.6767050118675801	([132, 11], [144, 132, 11])
1	0.6302819484148444	0.6768739409952547	([1211, 864], [1211, 866, 864])
1	0.6750337200883347	0.6769463554666872	([963, 423], [975, 963, 423])
1	0.6676928046214208	0.6771159966631369	([491, 102], [491, 273, 150])
1	0.6735885807925588	0.6772492063597884	([737, 571], [737, 571, 32])
1	0.6686690897769066	0.677249800931863	([535, 178], [535, 504, 179])
1	0.6707336750518427	0.6773435529040507	([1051, 857], [1051, 857, 827])
1	0.6365500338847008	0.6774336141205736	([526, 19], [526, 497, 288])
1	0.6752602265450964	0.6774349392695161	([1171, 93], [1171, 400, 93])
1	0.6110941268150537	0.6774683500399408	([132, 19], [165, 132, 83])
1	0.6193116995076229	0.6776037846579409	([403, 230], [494, 403, 243])
1	0.6534752194194574	0.6777567543398341	([880, 268], [880, 410, 268])
1	0.6735143075179527	0.6777621430402433	([1031, 775], [1031, 775, 401])
1	0.665965820359969	0.6777836650549841	([1124, 235], [1124, 964, 235])
1	0.666290754651135	0.6777861838714337	([592, 280], [592, 553, 280])
1	0.622850044082645	0.677796273966231	([738, 51], [735, 196, 181])
1	0.6396889777629234	0.6778337676518676	([1176, 11], [1176, 1156, 11])
1	0.6777609979222448	0.677844334560747	([766, 177], [766, 731, 32])
1	0.6709655344914374	0.6778560625302189	([741, 301], [741, 710, 615])
1	0.6003370975523165	0.6779210893740538	([1157, 2], [1157, 1031, 31])
1	0.5090913687560606	0.6781452845420001	([505, 304], [641, 505, 304])
1	0.6597095041188135	0.6784752131826896	([749, 597], [754, 749, 597])
1	0.6537746437450296	0.6785427339699538	([961, 260], [984, 961, 260])
1	0.6416687297616229	0.6788077648216798	([845, 121], [845, 387, 121])
1	0.5327890997105723	0.6789371454177561	([501, 394], [658, 501, 490])
1	0.6657538213856723	0.678942128336023	([392, 180], [392, 254, 180])
1	0.6721392584066446	0.6789659512012615	([968, 356], [968, 401, 356])
1	0.5178548285520657	0.678984325055376	([1083, 394], [1083, 939, 405])
1	0.6490259980793054	0.6790490436771595	([587, 48], [628, 587, 48])
1	0.6567617105891134	0.6790490436771595	([624, 48], [628, 624, 48])
1	0.6655739828407287	0.6792131175628662	([652, 326], [652, 326, 241])
1	0.6657669423919014	0.6792408334112423	([847, 414], [856, 847, 414])
1	0.4891046985881351	0.6792513286112435	([505, 236], [678, 631, 505])
1	0.6589519702826054	0.679279815299495	([946, 106], [946, 406, 106])
1	0.6728439090942461	0.6793206338206972	([967, 123], [967, 123, 29])
1	0.6769467221576878	0.6797129732031578	([593, 51], [593, 590, 51])
1	0.6692849478347332	0.6797230272685222	([1138, 806], [1144, 1138, 806])
1	0.6710329216356652	0.6797301009454991	([632, 229], [632, 301, 277])
1	0.5838246756364953	0.6798042708005354	([1053, 45], [1053, 1041, 30])
1	0.6662486492121521	0.6798042708005354	([1094, 30], [1094, 1041, 30])
1	0.6791877475732371	0.6799874408997797	([920, 146], [920, 405, 146])
1	0.6331886230138897	0.6802251432768586	([721, 2], [721, 300, 247])
1	0.6775182895805109	0.6803074279668135	([1130, 852], [1130, 852, 821])
1	0.5612063575774422	0.6803503326751584	([576, 19], [644, 605, 568])
1	0.6611311294045535	0.6804428356320574	([1187, 681], [1187, 769, 681])
1	0.5654752268413722	0.6805217670617643	([1157, 33], [1157, 1131, 1121])
1	0.643559881932927	0.6805621094932381	([398, 163], [398, 386, 163])
1	0.6800586350992237	0.6806003301562614	([1216, 381], [1216, 1171, 381])
1	0.6789121542688824	0.6806200746269611	([1218, 1018], [1218, 1039, 1016])
1	0.5599754812238329	0.6806391298775316	([678, 17], [678, 182, 31])
1	0.6742856425904405	0.6807689557112608	([1175, 1022], [1209, 1175, 1022])
1	0.6777276298345443	0.680915596172809	([623, 194], [623, 300, 194])
1	0.675722953313241	0.6809630453320077	([1041, 258], [1041, 258, 109])
1	0.5067811627569893	0.680985089728662	([394, 254], [394, 224, 215])
1	0.674562415852649	0.6810373367640888	([581, 320], [698, 581, 320])
1	0.5258114356631547	0.6810719895299834	([457, 404], [457, 404, 212])
1	0.6788352408646611	0.6811235355469479	([405, 301], [575, 405, 301])
1	0.6599874238007118	0.6812108098960997	([1014, 345], [1014, 381, 345])
1	0.6781765863698483	0.6812527697893251	([1153, 112], [1153, 1121, 112])
1	0.6793224748749077	0.6813493959434609	([703, 229], [703, 282, 249])
1	0.5366938292897137	0.6814054914519349	([404, 389], [408, 404, 389])
1	0.6528628025896344	0.6814686360978359	([1090, 93], [1090, 353, 104])
1	0.6733925174532849	0.6818938995887597	([1071, 831], [1071, 831, 825])
1	0.66250194015283	0.681971082248152	([1220, 379], [1220, 391, 373])
1	0.6374713102972897	0.681971082248152	([1133, 373], [1220, 1133, 373])
1	0.6805478999712566	0.681981855325311	([423, 334], [423, 334, 41])
1	0.6686391182764655	0.6819823887866866	([322, 159], [322, 253, 143])
1	0.6283945204028819	0.6820799183668942	([398, 308], [398, 316, 308])
1	0.6556073682536885	0.6821028828464382	([852, 30], [852, 825, 32])
1	0.6790076596209976	0.6821763161462904	([1048, 865], [1048, 865, 809])
1	0.6479559324354729	0.6822374775380886	([679, 15], [691, 679, 667])
1	0.6722446966156936	0.6822545154568551	([704, 278], [682, 669, 278])
1	0.6620854908080928	0.6822746770360767	([1147, 147], [1147, 147, 12])
1	0.6786730866842152	0.6823241382822084	([590, 507], [627, 590, 507])
1	0.6749200635374016	0.6824317559561738	([1074, 478], [1074, 878, 793])
1	0.6512773354909218	0.6824701549677238	([1028, 220], [1033, 1028, 220])
1	0.6793448625175549	0.6827056417629029	([1150, 472], [1150, 472, 48])
1	0.6688545901624909	0.6828375787503604	([1019, 348], [1030, 1019, 348])
1	0.67507573720624	0.6829022241969316	([997, 148], [997, 972, 108])
1	0.556751281813614	0.6834280584062801	([398, 174], [398, 301, 195])
1	0.6717801747036385	0.683529143296947	([1123, 322], [1123, 347, 322])
1	0.6692555501036553	0.6838760791869475	([1191, 82], [1160, 325, 118])
1	0.683530307975729	0.6841543837660874	([1187, 449], [1187, 449, 347])
1	0.6804956634040722	0.6841938379305321	([1174, 341], [1174, 393, 330])
1	0.6690751859784292	0.6842155301808482	([391, 47], [391, 64, 47])
1	0.5452988961218028	0.6843636805147367	([382, 238], [382, 333, 238])
1	0.6772909199059473	0.6846913726356668	([739, 223], [739, 698, 223])
1	0.6710275355487384	0.6849528471562052	([874, 383], [884, 874, 383])
1	0.6844950196226341	0.6849638113701029	([708, 447], [709, 708, 447])
1	0.605193988727447	0.6850183329919394	([131, 15], [144, 131, 15])
1	0.6628772739704728	0.6852588395552507	([1210, 814], [1210, 1069, 814])
1	0.660369783254298	0.6852628696104797	([1209, 416], [1121, 1068, 416])
1	0.6788619040698753	0.6853408538688008	([584, 29], [584, 500, 29])
1	0.6758418961997659	0.6854344885589098	([1169, 97], [1169, 1088, 97])
1	0.6750765061196791	0.6854613845106463	([929, 150], [960, 929, 150])
1	0.6550535719534613	0.6854959231953088	([620, 29], [620, 500, 29])
1	0.6824864811428665	0.6855430252083655	([750, 424], [750, 424, 0])
1	0.6770811708967879	0.6855835491288765	([1216, 830], [1216, 1054, 1049])
1	0.6766071519193557	0.6857839118245039	([1119, 377], [1119, 1096, 377])
1	0.6809449943977621	0.6858143430405257	([619, 248], [619, 496, 248])
1	0.5175880802307092	0.6858654616541113	([998, 394], [1032, 998, 394])
1	0.6836173161000964	0.6858977403621587	([165, 47], [165, 60, 47])
1	0.6771284104785105	0.6860650664269947	([841, 450], [1026, 848, 841])
1	0.6340416877023545	0.686257703477576	([839, 422], [855, 834, 416])
1	0.4863884581191507	0.6863266592353846	([246, 241], [492, 61, 21])
1	0.6829201882222868	0.6863266592353846	([492, 63], [492, 63, 61])
1	0.6156493141647107	0.6863354733710014	([878, 51], [878, 867, 51])
1	0.5262932844141408	0.6865302187875165	([943, 45], [943, 354, 43])
1	0.6454219928941188	0.6865410711799875	([308, 2], [308, 256, 41])
1	0.6404862226200136	0.6865909427055266	([530, 12], [763, 182, 17])
1	0.6715134033805549	0.6865909427055266	([763, 192], [763, 192, 182])
1	0.5172701163084964	0.6865925038706268	([238, 93], [238, 208, 110])
1	0.6699097809196731	0.6866527795487969	([977, 482], [977, 482, 32])
1	0.4864193516631964	0.686811179405925	([262, 260], [302, 237, 228])
1	0.6707376197703264	0.6868296585479307	([839, 470], [839, 470, 416])
1	0.6171071159753705	0.6868554393788525	([601, 16], [601, 501, 200])
1	0.6843479441481058	0.6869819440468375	([858, 94], [858, 390, 94])
1	0.6860318041960142	0.6870057510778491	([614, 179], [614, 569, 179])
1	0.6827459498441415	0.6871758937316573	([1221, 122], [1221, 391, 122])
1	0.6742414209012549	0.6873318135739802	([753, 193], [753, 681, 625])
1	0.678099240524275	0.687334575778668	([1032, 153], [1032, 400, 153])
1	0.5316654539577143	0.6873765407170324	([1016, 9], [1016, 878, 805])
1	0.6765745792449803	0.68749588829247	([844, 125], [844, 840, 484])
1	0.6731966809693437	0.6875172406828287	([1213, 871], [1213, 883, 871])
1	0.657156765375963	0.6875421340454012	([981, 272], [981, 948, 392])
1	0.6834169574634748	0.6880651951617678	([1016, 257], [1016, 994, 257])
1	0.6862534977902824	0.6881808162096431	([600, 227], [632, 600, 227])
1	0.5196037331055241	0.6882002379539726	([394, 103], [394, 336, 103])
1	0.6861377611836337	0.6883193603413426	([1220, 67], [1220, 1064, 107])
1	0.5388946328268651	0.6883314653331895	([457, 50], [502, 456, 442])
1	0.6790319269783246	0.6884730740923044	([832, 72], [832, 477, 72])
1	0.6605436010305241	0.688503125432817	([1029, 155], [1029, 991, 115])
1	0.6865595492390661	0.6885042927902357	([1153, 65], [1153, 112, 108])
1	0.6664983616129407	0.6887805384257889	([835, 775], [835, 806, 787])
1	0.6780938739126685	0.6889661412434039	([1012, 116], [1013, 1012, 116])
1	0.4890366966413484	0.6892599191674227	([411, 402], [659, 216, 203])
1	0.5208846582780073	0.6893989293589312	([1210, 394], [1210, 1083, 1066])
1	0.6687283174072227	0.6894389693959387	([1151, 420], [1151, 420, 409])
1	0.6557440365490037	0.6894544453982082	([507, 190], [507, 504, 190])
1	0.6860439873508873	0.6894568418873348	([1058, 71], [1058, 71, 12])
1	0.6854320725421481	0.6895247997752618	([759, 510], [759, 510, 507])
1	0.6893372628568509	0.6895247997752618	([750, 507], [759, 750, 507])
1	0.5292668942055467	0.6896316607460029	([477, 394], [477, 394, 215])
1	0.6751513149182651	0.6897048592799934	([1153, 439], [1153, 1151, 439])
1	0.4848754309168739	0.6897879044239412	([494, 237], [237, 227, 215])
1	0.681052981121847	0.6898014150335297	([452, 165], [452, 387, 321])
1	0.6643543993803425	0.6898621155085443	([763, 405], [763, 683, 504])
1	0.6882191386766646	0.6899441859142879	([136, 88], [136, 123, 88])
1	0.684397333365264	0.6902150640598865	([1166, 775], [1166, 775, 12])
1	0.6764990194744253	0.6902210033159122	([430, 48], [430, 305, 53])
1	0.6662822204442901	0.6902218220152768	([847, 383], [847, 820, 383])
1	0.625993992732344	0.690761037482861	([736, 29], [744, 698, 223])
1	0.6843804701005398	0.6908033311809093	([993, 154], [993, 948, 150])
1	0.5344959416316514	0.6910000053095443	([610, 404], [713, 610, 560])
1	0.677978170440057	0.6913023503999302	([1010, 506], [1010, 638, 506])
1	0.680997182832066	0.6913486075410659	([868, 68], [868, 393, 380])
1	0.5470474103304931	0.6914351708295434	([645, 404], [645, 610, 460])
1	0.5436076113370992	0.6914750468989418	([723, 237], [723, 243, 236])
1	0.6444083897627538	0.6916250294217323	([1158, 403], [1158, 987, 965])
1	0.6862804314655351	0.6916666187633238	([506, 194], [556, 506, 194])
1	0.5626548588110105	0.6916675108708213	([681, 9], [670, 302, 237])
1	0.6864332214100308	0.6918582710947254	([1185, 86], [1185, 1165, 41])
1	0.614496882378167	0.691900829973183	([504, 80], [504, 347, 80])
1	0.6715361987869896	0.6920767144519921	([1220, 422], [1220, 422, 421])
1	0.6706797859381409	0.6921243756009273	([998, 337], [998, 337, 14])
1	0.6855993592820061	0.6922022049567019	([1012, 322], [1012, 322, 143])
1	0.6920465469997956	0.6924049928493895	([1159, 320], [1159, 965, 320])
1	0.6861530520056606	0.6924796165593625	([503, 67], [503, 482, 67])
1	0.6763647832803719	0.6926107000496587	([966, 506], [1010, 966, 506])
1	0.6918461745913311	0.6928402547581106	([975, 99], [975, 961, 99])
1	0.5806147079867482	0.6929388629228956	([188, 9], [198, 188, 175])
1	0.6924912984553472	0.6931258565885282	([992, 157], [992, 159, 157])
1	0.6726474847276235	0.6932231409982564	([1125, 348], [1154, 1125, 348])
1	0.6829553628949518	0.6932898724049854	([1194, 841], [1194, 1004, 841])
1	0.6878000105571528	0.6937329005261311	([1002, 165], [1002, 991, 165])
1	0.6839621155998756	0.6939036438667796	([1169, 839], [1169, 839, 823])
1	0.6915921729753938	0.6939240883343806	([1199, 843], [1159, 849, 843])
1	0.4927666033363142	0.6939361817469111	([120, 39], [120, 105, 62])
1	0.6448738739754404	0.6941027016577759	([736, 396], [736, 607, 303])
1	0.6901850213644075	0.6943560351463648	([969, 786], [969, 920, 898])
1	0.69302508412589	0.694381197241108	([843, 424], [843, 826, 416])
1	0.6777659778934008	0.6947784013579312	([1138, 978], [1138, 1040, 978])
1	0.6926287367455287	0.6947901594365903	([1216, 801], [1216, 1114, 801])
1	0.6788560633276409	0.6948103640899074	([464, 168], [662, 464, 168])
1	0.6924464313567856	0.6948888121935025	([694, 151], [694, 151, 14])
1	0.6853600204512337	0.6951730840983907	([1178, 844], [1178, 844, 125])
1	0.6675864025596625	0.6951746130172065	([1106, 75], [1106, 1062, 907])
1	0.6831214455358618	0.6952393201958879	([1007, 767], [1007, 767, 429])
1	0.525683846793592	0.695428217272951	([508, 202], [508, 222, 202])
1	0.6485760511686341	0.6954790914152608	([535, 406], [572, 535, 486])
1	0.6943021546757485	0.6955606595762547	([841, 139], [841, 139, 121])
1	0.682052295809619	0.6958233358961224	([513, 138], [513, 506, 138])
1	0.6647128002981317	0.6958401544475796	([822, 659], [822, 782, 659])
1	0.6870314734431375	0.6959063034338804	([710, 87], [710, 87, 0])
1	0.6958079225697054	0.696252890035449	([979, 862], [979, 926, 862])
1	0.6916229048882706	0.6962604452246646	([1178, 608], [1178, 646, 608])
1	0.6710927015607042	0.6965141803118782	([1091, 477], [1091, 892, 477])
1	0.6827065081969252	0.6967878247207339	([1063, 47], [1063, 1033, 392])
1	0.5159941989452204	0.6968334407445996	([429, 237], [591, 504, 429])
1	0.6912264424892414	0.6968449358317244	([836, 565], [836, 565, 411])
1	0.6841774255498537	0.6972561000893567	([1026, 507], [1026, 507, 250])
1	0.6717213875955335	0.6975146284366907	([1165, 464], [1165, 464, 423])
1	0.6853247804199597	0.6975146284366907	([1165, 640], [1165, 640, 423])
1	0.48315706956552124	0.6977277750218088	([792, 3], [355, 215, 20])
1	0.6975787845648174	0.697876080335879	([1003, 163], [1124, 1003, 163])
1	0.6941765679904106	0.6979626627841488	([580, 348], [580, 348, 221])
1	0.5442976683736603	0.6981006566360664	([1150, 17], [1150, 784, 108])
1	0.6895824901735745	0.6982891256926534	([1180, 153], [1180, 1032, 1013])
1	0.6824017908594021	0.6983257229224736	([847, 667], [847, 667, 490])
1	0.5136327559438185	0.698332154889657	([871, 3], [871, 792, 171])
1	0.688405688290443	0.6983915548270324	([1192, 232], [1192, 1007, 426])
1	0.6892093117498276	0.6984012093600092	([605, 236], [638, 605, 236])
1	0.5572267779073432	0.6987394057095815	([1142, 9], [1142, 927, 10])
1	0.6981567700997673	0.6989724081106478	([500, 168], [500, 197, 168])
1	0.6910749308481103	0.6993851752881246	([1181, 848], [1191, 1181, 848])
1	0.6751252520196496	0.6993865373546775	([849, 446], [849, 848, 432])
1	0.6894524122089477	0.6996719933189323	([1192, 139], [1192, 252, 232])
1	0.6971390481393139	0.6997898349905487	([1125, 469], [1125, 1030, 469])
1	0.6969578515579193	0.699801473651684	([1219, 79], [1219, 1038, 95])
1	0.6708172628349031	0.6998058551044525	([757, 402], [757, 720, 621])
1	0.6369893532159542	0.7001102674173482	([736, 400], [736, 400, 253])
1	0.6950139953017698	0.7002936270111975	([246, 159], [246, 159, 121])
1	0.6494446998480002	0.7003695945396758	([521, 18], [551, 521, 280])
1	0.6628464253568668	0.7008278391779784	([1213, 102], [1213, 393, 102])
1	0.521510862137405	0.700953490081853	([933, 1], [933, 151, 32])
1	0.6927108538691054	0.7010715349727196	([766, 137], [766, 137, 136])
1	0.6951239758988061	0.70107365718258	([842, 569], [842, 569, 321])
1	0.6932514254091529	0.70107365718258	([1177, 842], [1160, 842, 321])
1	0.69349937560902	0.7012628443628691	([833, 77], [840, 833, 77])
1	0.5033866859746803	0.7014210935687217	([1032, 394], [1083, 998, 784])
1	0.6902328411443214	0.7018753035923512	([1159, 451], [1159, 990, 451])
1	0.6830379124210137	0.7018962540897961	([228, 123], [310, 228, 123])
1	0.7014110376202662	0.70228437001038	([844, 757], [844, 757, 426])
1	0.6824947503430956	0.7028760526235335	([406, 242], [406, 242, 241])
1	0.6927091433790505	0.7031754252165477	([1180, 493], [1180, 698, 493])
1	0.6688749942855128	0.703574964860055	([512, 180], [673, 512, 504])
1	0.6277690916163857	0.7038862918982856	([605, 2], [605, 484, 324])
1	0.6433607006940889	0.7039994506719249	([396, 246], [396, 303, 246])
1	0.5344814715846901	0.7044312058317297	([772, 508], [734, 528, 508])
1	0.68918694519755	0.7044453776087761	([993, 478], [993, 478, 385])
1	0.6292456254440387	0.7046247533957359	([1199, 504], [1199, 1006, 504])
1	0.7006131179277648	0.7049982480567583	([1065, 122], [1151, 1065, 122])
1	0.7004829059197135	0.7054696373818867	([1190, 647], [1190, 1186, 647])
1	0.6989393395360998	0.7055785444084622	([1080, 513], [1210, 1080, 1037])
1	0.6895095591580909	0.7057900024699709	([1127, 80], [1125, 91, 80])
1	0.6885590906582456	0.7058122764805973	([972, 836], [1127, 972, 836])
1	0.7056534850055663	0.705845202993702	([1027, 588], [1027, 588, 483])
1	0.5031430282617332	0.7059139233961902	([508, 222], [742, 508, 202])
1	0.7038970482158671	0.7059915232415437	([1008, 849], [1008, 849, 845])
1	0.7011905357715976	0.7065657558703109	([1133, 716], [1169, 1133, 716])
1	0.51172594346311	0.7070809842810624	([886, 6], [935, 886, 360])
1	0.6915119167236781	0.707553454558396	([538, 391], [567, 538, 391])
1	0.6865717940557168	0.707589369582641	([1208, 692], [1208, 692, 492])
1	0.704694199400692	0.7075979262183263	([1199, 422], [1199, 1123, 414])
1	0.6121984708300319	0.7080063705407464	([289, 19], [289, 232, 177])
1	0.6853890892270373	0.7085344648828317	([1009, 844], [1009, 964, 844])
1	0.559166563077184	0.7085739657069622	([477, 50], [477, 456, 50])
1	0.7081835706696537	0.7085994614133984	([619, 157], [699, 619, 157])
1	0.7046452293758079	0.7090575147892323	([1210, 77], [1210, 853, 840])
1	0.6877773034475925	0.709077273975963	([843, 156], [843, 349, 119])
1	0.5624394865889002	0.709248127529904	([801, 33], [801, 440, 33])
1	0.5083831051198838	0.7094388495066514	([320, 3], [320, 224, 174])
1	0.7086448175626437	0.7097830861397747	([1164, 179], [1164, 504, 429])
1	0.7077496247298675	0.710052973385051	([406, 294], [406, 294, 186])
1	0.544092581565313	0.7103872288713833	([508, 443], [508, 497, 443])
1	0.6968039695978341	0.7108594024709696	([230, 163], [230, 197, 127])
1	0.5787161248924568	0.7109682720157787	([749, 9], [749, 670, 31])
1	0.7032027266165958	0.7111587901784586	([841, 763], [841, 769, 763])
1	0.7096579264494803	0.7111728436425259	([1206, 977], [1206, 1149, 994])
1	0.7068390205698251	0.7114096567137139	([762, 393], [762, 749, 393])
1	0.7035286159746279	0.71145400312096	([1192, 840], [1210, 1184, 840])
1	0.7017301708181654	0.711474265996847	([183, 134], [183, 141, 134])
1	0.5435014294001665	0.7118705224982188	([498, 6], [498, 277, 179])
1	0.7087351288676373	0.7120905949779474	([733, 79], [733, 347, 175])
1	0.5521996454985427	0.7121879324064234	([1045, 50], [1045, 1032, 955])
1	0.5997859469840119	0.712343685534176	([964, 33], [964, 57, 46])
1	0.708124117087554	0.7125565868735981	([843, 556], [843, 570, 556])
1	0.5098290795134678	0.7126025617421307	([582, 237], [582, 237, 236])
1	0.4843626309551863	0.7128497394898624	([105, 39], [216, 105, 39])
1	0.5612817412822407	0.7129024440356146	([379, 33], [379, 144, 95])
1	0.7043587465337061	0.713039556964876	([1205, 710], [1205, 1166, 490])
1	0.7101660583847518	0.7130681310893207	([1205, 130], [1205, 963, 120])
1	0.5416958676795246	0.7137964063110667	([287, 3], [320, 287, 223])
1	0.7128586801113511	0.713848739712426	([1012, 652], [1012, 652, 423])
1	0.6930803045845928	0.714092531909779	([986, 849], [986, 873, 849])
1	0.7117204001783817	0.7150257388762606	([1192, 726], [1192, 769, 726])
1	0.6942326564069119	0.7151342264621829	([190, 128], [759, 190, 128])
1	0.7067418178960272	0.7151872919228625	([594, 136], [594, 136, 125])
1	0.7015689687567511	0.7152114135902146	([806, 79], [806, 106, 69])
1	0.5204021726458031	0.7153000694247497	([508, 66], [772, 508, 66])
1	0.7070406570819225	0.7154706285386112	([1158, 212], [1158, 433, 320])
1	0.5534850960279628	0.7155275731187465	([846, 173], [1221, 846, 803])
1	0.7052763337863668	0.7158691110215197	([1221, 689], [1221, 689, 414])
1	0.7034609434935993	0.716389234452862	([1201, 720], [1201, 1198, 720])
1	0.5829045117467635	0.7177318185121584	([394, 83], [394, 125, 83])
1	0.7128204976217357	0.7177899951871245	([305, 134], [305, 134, 83])
1	0.7165254343622752	0.7186723409736793	([1191, 569], [1191, 848, 842])
1	0.7061160819527602	0.7187639354332678	([991, 751], [1181, 991, 751])
1	0.5135535795682884	0.7192342161126003	([1221, 238], [1221, 238, 224])
1	0.6992270092139709	0.7197864518961935	([1124, 420], [1124, 428, 420])
1	0.5050361576071902	0.7199666103798094	([445, 6], [445, 277, 229])
1	0.6962316136026406	0.7201394538982386	([1082, 504], [1082, 504, 362])
1	0.7187940244581212	0.7202465346386182	([793, 80], [793, 92, 80])
1	0.7057243143573345	0.7204715960364125	([507, 131], [595, 507, 131])
1	0.4989582642078938	0.7206949349921515	([72, 39], [105, 72, 39])
1	0.7056185338954658	0.7209633753000595	([1189, 703], [1189, 1027, 703])
1	0.690809166912486	0.7214842297822549	([1201, 602], [1201, 720, 602])
1	0.7061596438707345	0.7215399451867283	([1188, 699], [1188, 699, 428])
1	0.5613415518929926	0.7218472253452625	([1131, 33], [1157, 652, 33])
1	0.5398004078883406	0.722058102510971	([505, 425], [684, 505, 425])
1	0.5206535144128903	0.7221505239340474	([177, 6], [277, 177, 57])
1	0.6659757374520344	0.7224293734740848	([503, 132], [503, 179, 124])
1	0.7125857666971517	0.7229035525412426	([732, 516], [732, 522, 516])
1	0.7128964148055883	0.7229111710042146	([1074, 87], [1074, 115, 64])
1	0.7075585299760697	0.7233036141283337	([411, 179], [411, 200, 179])
1	0.7230063424389355	0.7235046757680806	([1009, 502], [1009, 502, 453])
1	0.5653013240093567	0.7235585434478655	([955, 33], [955, 801, 33])
1	0.5448141208755719	0.7239442457056154	([838, 1], [838, 380, 30])
1	0.7234093349593651	0.7239621705852782	([910, 86], [910, 107, 86])
1	0.6833889417903024	0.7241694655897092	([843, 88], [843, 119, 80])
1	0.7233302664624403	0.7245411347271846	([1188, 761], [1188, 761, 699])
1	0.7064036784303777	0.7251132671447585	([594, 411], [594, 411, 179])
1	0.5472855836671641	0.7257800719652763	([192, 39], [212, 192, 174])
1	0.7234278940731724	0.7258392633145813	([511, 129], [673, 511, 129])
1	0.7082016387508571	0.7259001472353234	([513, 482], [513, 503, 482])
1	0.7249849205656694	0.7267684869025365	([1206, 222], [1206, 1027, 222])
1	0.7104291879380418	0.7273215576140606	([837, 506], [837, 662, 506])
1	0.5165741563826494	0.7276313625426191	([903, 238], [903, 382, 238])
1	0.7226387725560905	0.7280613365825864	([1074, 158], [1074, 1022, 158])
1	0.724072864558222	0.728164225848952	([601, 130], [601, 200, 144])
1	0.5196255642600798	0.7302720803694154	([1155, 237], [1155, 237, 236])
1	0.6136581352396543	0.7303586325447197	([1202, 33], [1202, 1157, 33])
1	0.6138432214416034	0.7310104534413807	([231, 33], [231, 57, 33])
1	0.7297058435306343	0.7310176501105595	([1161, 567], [1161, 567, 448])
1	0.6819532230253679	0.7331930630281044	([1095, 506], [1095, 506, 43])
1	0.5284365301693975	0.7334132396432943	([741, 39], [741, 192, 174])
1	0.534555268936518	0.7353244564800692	([849, 508], [849, 508, 443])
1	0.7023340759970943	0.7359018593260565	([1002, 513], [1171, 1002, 513])
1	0.7250516869443077	0.736469600700102	([513, 79], [762, 513, 79])
1	0.7181070622790474	0.7382391868107776	([1198, 509], [1161, 509, 232])
1	0.5608765529158747	0.7391937633034587	([505, 138], [507, 505, 138])
1	0.7402381450681801	0.7415738984630894	([517, 139], [519, 517, 139])
1	0.6903183095460236	0.7431494011656318	([1208, 513], [1171, 513, 79])
1	0.7328010251561693	0.7432216552779762	([832, 595], [845, 832, 595])
1	0.742490330001571	0.7447463023925018	([1206, 741], [1206, 1160, 741])
1	0.5026674205026579	0.7469744839829785	([505, 111], [641, 505, 111])
1	0.4888128987475619	0.7471258312828335	([1017, 3], [1017, 215, 10])
1	0.7301638106120825	0.7476428143186474	([885, 743], [885, 743, 219])
1	0.48115120854576104	0.7498378268960494	([310, 309], [340, 309, 35])
1	0.7326979483925796	0.7503481841952195	([942, 517], [1084, 942, 517])
1	0.7472025708356184	0.7510902287418069	([1045, 81], [1045, 872, 81])
1	0.4909617463754074	0.7516291962873457	([405, 391], [340, 261, 41])
1	0.7376997000096938	0.7533072231650755	([511, 75], [511, 134, 81])
1	0.48933624240868473	0.7533578989531688	([15, 12], [420, 207, 65])
1	0.7366759247132912	0.754065569430601	([778, 516], [661, 516, 157])
1	0.4838570279199326	0.7541154840380802	([237, 215], [309, 222, 35])
1	0.5058371806943252	0.7543365650871753	([1045, 505], [1045, 505, 111])
1	0.4802045758169624	0.7564214744914097	([1021, 6], [1021, 420, 64])
1	0.756420510062303	0.7564683289679521	([512, 122], [512, 227, 122])
1	0.7168927613242757	0.7565582341037096	([1187, 515], [1187, 539, 515])
1	0.4901536824538416	0.7567771617392807	([974, 39], [974, 72, 61])
1	0.7441614546556755	0.7576647661108196	([862, 588], [862, 588, 385])
1	0.7195138572680323	0.7578935340948725	([516, 157], [967, 516, 480])
1	0.47956700670069785	0.7607913058479419	([213, 211], [935, 420, 67])
1	0.7516829562278028	0.7609385135907771	([906, 507], [1219, 1016, 507])
1	0.7603794979565892	0.7628015651635851	([856, 512], [856, 793, 512])
1	0.7571445466293847	0.7650775173822046	([1023, 517], [1023, 942, 517])
1	0.741117780833028	0.7653713156185814	([1077, 510], [890, 869, 510])
1	0.7459270235735791	0.7657504581337737	([905, 514], [905, 816, 514])
1	0.7208143399010889	0.766266073915777	([1089, 509], [1089, 1011, 509])
1	0.718889553946333	0.7673161288563585	([967, 516], [702, 516, 190])
1	0.48719921677256556	0.7679787491836196	([1071, 39], [1071, 95, 72])
1	0.7556808205337608	0.7681158289532568	([1039, 511], [1039, 511, 168])
1	0.7543169030381692	0.7681287946430616	([850, 517], [850, 845, 517])
1	0.6173212086378443	0.768352356667098	([514, 402], [966, 541, 514])
1	0.7550589275931211	0.7691463814512027	([1037, 627], [1037, 627, 612])
1	0.5274618087067134	0.7703980070720576	([1216, 6], [1216, 1021, 75])
1	0.7296312409261207	0.7707480353550131	([513, 333], [513, 482, 333])
1	0.5525940247108719	0.7729384217097194	([394, 125], [670, 394, 125])
1	0.7582988648829695	0.774608173330342	([793, 512], [843, 793, 512])
1	0.7204056765606982	0.7762466165687328	([1084, 517], [965, 942, 517])
1	0.5271442603288711	0.7769729283137778	([1162, 39], [1162, 192, 39])
1	0.7319799060008283	0.7809161549764819	([824, 515], [824, 515, 455])
1	0.47941011557166796	0.8226795162548995	([935, 6], [687, 343, 240])
1	0.48624610506446475	0.8771416526176364	([242, 237], [343, 242, 240])
1	0.4783174639326652	0.8787132884450921	([343, 342], [1200, 308, 40])
0	0.0	0.9486424634190549	([24], [427, 426])
0	0.0	0.9687250838952264	([2], [1088, 1087])
1	0.9697771907361411	0.9723489945895659	([427, 237], [428, 427, 425])
1	0.9962201017863236	0.9970414384912026	([427, 396], [427, 416, 415])
0	0.0	0.9998396944062454	([23], [24, 4])
0	0.0	0.9998396944062454	([4], [24, 8])
0	0.0	0.9998396944062454	([26], [26, 24])
0	0.0	0.9998396944062454	([34], [34, 24])
0	0.0	0.9998396944062454	([37], [37, 24])
0	0.0	0.9998396944062454	([239], [239, 24])
0	0.0	0.9998396944062456	([8], [24, 22])
0	0.0	0.9998396944062456	([25], [25, 24])
0	0.0	0.9998396944062456	([36], [36, 24])
0	0.0	0.9998396944062456	([38], [38, 24])
0	0.0	0.9998396944062459	([22], [24, 5])
0	0.0	0.9998396944062459	([27], [27, 24])
0	0.0	0.999839694406246	([5], [24, 7])
0	0.0	0.9998396944062461	([28], [28, 24])
1	0.9998462030136365	1.0	([23, 5], [24, 5, 0])
1	0.9998462030136365	1.0	([23, 7], [24, 7, 0])
1	0.9998462030136366	1.0	([23, 8], [24, 8, 0])
1	0.9998462030136366	1.0	([23, 22], [24, 22, 0])
1	0.9998462030136365	1.0	([25, 23], [25, 24, 0])
1	0.9998462030136367	1.0	([26, 23], [26, 24, 0])
1	0.9998462030136365	1.0	([27, 23], [27, 24, 0])
1	0.9998462030136365	1.0	([23, 4], [28, 24, 0])
1	0.9998462030136362	1.0	([28, 23], [33, 23, 0])
1	0.9998462030136366	1.0	([34, 23], [34, 24, 0])
1	0.9998462030136366	1.0	([36, 23], [36, 24, 0])
1	0.9998462030136366	1.0	([37, 23], [37, 24, 0])
1	0.9998462030136365	1.0	([38, 23], [38, 24, 0])
1	0.9998462030136365	1.0	([239, 23], [239, 24, 0])
0	0.0	inf	([7], [])
