0	0.0	0.27363231290427	([605], [605, 604])
0	0.0	0.28905894418678446	([176], [176, 175])
0	0.0	0.29377388257287446	([274], [274, 273])
0	0.0	0.298035180096974	([340], [340, 339])
0	0.0	0.3016424762050405	([580], [580, 579])
0	0.0	0.30220609947054494	([542], [542, 541])
0	0.0	0.30261841885733914	([373], [373, 372])
0	0.0	0.3037375753581946	([421], [421, 420])
0	0.0	0.30505438055527734	([40], [40, 39])
0	0.0	0.3078929077347702	([453], [453, 452])
0	0.0	0.30945016557182947	([527], [527, 526])
0	0.0	0.3117282931919964	([587], [587, 586])
0	0.0	0.3123246086630448	([158], [158, 157])
0	0.0	0.31302368751625104	([108], [108, 107])
0	0.0	0.3139991209290757	([409], [409, 408])
0	0.0	0.31437483680850076	([437], [437, 436])
0	0.0	0.3162601087740807	([404], [404, 403])
0	0.0	0.3165551393848589	([70], [70, 69])
0	0.0	0.31684411944226243	([560], [560, 559])
0	0.0	0.31761599020966336	([539], [539, 538])
0	0.0	0.3210517495053977	([571], [571, 570])
0	0.0	0.3226940778936288	([563], [563, 562])
0	0.0	0.323580424641992	([76], [76, 75])
0	0.0	0.32395106312723504	([113], [113, 112])
0	0.0	0.32470603254899555	([426], [426, 425])
0	0.0	0.3253162741900488	([141], [141, 140])
0	0.0	0.3261483407153348	([273], [273, 272])
0	0.0	0.327097097157041	([428], [428, 427])
0	0.0	0.3283755489784121	([377], [377, 376])
0	0.0	0.3288554142352481	([90], [90, 89])
0	0.0	0.3292307924061158	([94], [94, 93])
0	0.0	0.33057981802695485	([566], [566, 565])
0	0.0	0.3312646741568312	([552], [552, 551])
0	0.0	0.33215529047635667	([38], [38, 37])
0	0.0	0.33269673421003826	([478], [478, 477])
0	0.0	0.33282032458196353	([495], [495, 494])
0	0.0	0.33331575359770604	([588], [588, 587])
0	0.0	0.33363024427608057	([599], [599, 598])
0	0.0	0.3344133717562852	([309], [309, 308])
0	0.0	0.33442281669553736	([345], [345, 344])
0	0.0	0.3346309708395954	([584], [584, 583])
0	0.0	0.33526584690006256	([100], [100, 99])
0	0.0	0.3353322857665238	([511], [511, 510])
0	0.0	0.3357666789582197	([123], [123, 122])
0	0.0	0.33588806432444035	([543], [543, 542])
0	0.0	0.33621268246237035	([518], [518, 517])
0	0.0	0.33633280579709784	([254], [254, 253])
0	0.0	0.3364954323019466	([532], [532, 531])
0	0.0	0.336860270188333	([3], [3, 2])
0	0.0	0.3370097359569794	([375], [375, 374])
0	0.0	0.3371608746797172	([369], [369, 368])
0	0.0	0.3374161931544817	([95], [95, 94])
0	0.0	0.33747460888287995	([199], [199, 198])
0	0.0	0.3375873733970177	([185], [185, 184])
0	0.0	0.3376477117163634	([77], [77, 76])
0	0.0	0.3377901198579987	([302], [302, 301])
0	0.0	0.3377988171345658	([127], [127, 126])
0	0.0	0.3383831562701644	([328], [328, 327])
0	0.0	0.338403962178694	([356], [356, 355])
0	0.0	0.33845156037249	([522], [522, 521])
0	0.0	0.3389947324320996	([451], [451, 450])
0	0.0	0.3393123900264607	([468], [468, 467])
0	0.0	0.3398318563213142	([354], [354, 353])
0	0.0	0.3398981287839622	([434], [434, 433])
0	0.0	0.3399265170509071	([305], [305, 304])
0	0.0	0.3401644214565396	([590], [590, 589])
0	0.0	0.3403303258924461	([34], [34, 33])
0	0.0	0.34154289434708734	([311], [311, 310])
0	0.0	0.3419736543044512	([89], [89, 88])
0	0.0	0.3427368757831702	([55], [55, 54])
0	0.0	0.3433342804560476	([565], [565, 564])
0	0.0	0.3435671373252937	([396], [396, 395])
0	0.0	0.3438734198555511	([54], [54, 53])
0	0.0	0.3439806872883493	([524], [524, 523])
0	0.0	0.34436111970345695	([465], [465, 464])
0	0.0	0.3444097875540708	([482], [482, 481])
0	0.0	0.34538681430682	([145], [145, 144])
0	0.0	0.3460149516156126	([368], [369, 367])
0	0.0	0.3462912253272581	([530], [530, 529])
0	0.0	0.3464264608177642	([576], [576, 575])
0	0.0	0.34669927555150387	([525], [525, 524])
0	0.0	0.34770127227765957	([572], [572, 571])
0	0.0	0.34822787097486796	([31], [31, 30])
0	0.0	0.34841973064379334	([301], [301, 300])
0	0.0	0.34862096765107475	([456], [456, 455])
0	0.0	0.3486717761866282	([470], [470, 469])
0	0.0	0.3487768619472343	([439], [439, 438])
0	0.0	0.3490583018954256	([155], [155, 154])
0	0.0	0.3493706998246043	([498], [498, 497])
0	0.0	0.3493826239868606	([42], [42, 41])
0	0.0	0.3494139570625634	([414], [414, 413])
0	0.0	0.34959857639280806	([101], [101, 100])
0	0.0	0.3497609446666184	([401], [401, 400])
0	0.0	0.34978712686609037	([473], [473, 472])
0	0.0	0.3498638004724018	([165], [165, 164])
0	0.0	0.3499540101840509	([322], [322, 321])
0	0.0	0.3503368670146282	([570], [570, 569])
0	0.0	0.3504872322040171	([424], [424, 423])
0	0.0	0.35072113210295985	([513], [513, 512])
0	0.0	0.3509597909523375	([52], [52, 51])
0	0.0	0.3510737629369086	([489], [489, 488])
0	0.0	0.35121175354488643	([546], [546, 545])
0	0.0	0.35121222642053285	([509], [509, 508])
0	0.0	0.35222893715992604	([179], [179, 178])
0	0.0	0.3522769341378613	([87], [87, 86])
0	0.0	0.35251368199213595	([194], [194, 193])
0	0.0	0.35252213455498616	([578], [578, 577])
0	0.0	0.3527928951644211	([130], [130, 129])
0	0.0	0.3529343960231016	([496], [496, 495])
0	0.0	0.3530485098098304	([45], [45, 44])
0	0.0	0.35322878773865624	([204], [204, 203])
0	0.0	0.3538524252570126	([476], [476, 475])
0	0.0	0.35397779999141965	([561], [561, 560])
0	0.0	0.35458837296446427	([481], [481, 480])
0	0.0	0.35482062911135637	([497], [498, 496])
0	0.0	0.3552333420255492	([517], [518, 516])
0	0.0	0.35545295420764106	([188], [188, 187])
0	0.0	0.355514091771802	([296], [296, 295])
0	0.0	0.35575972494663083	([152], [152, 151])
0	0.0	0.35576362933494526	([47], [47, 46])
0	0.0	0.3558161716914648	([143], [143, 142])
0	0.0	0.3560538411358078	([534], [534, 533])
0	0.0	0.356892206381286	([551], [551, 550])
0	0.0	0.35698692096937135	([346], [346, 344])
0	0.0	0.3570897971936095	([447], [447, 446])
0	0.0	0.3571918168729481	([133], [133, 132])
0	0.0	0.35746618752443077	([379], [379, 378])
0	0.0	0.35765176950328154	([480], [480, 479])
0	0.0	0.3578078431309197	([442], [442, 441])
0	0.0	0.35816127322631613	([11], [11, 10])
0	0.0	0.35822225852777795	([324], [324, 323])
0	0.0	0.35829425627389944	([507], [507, 506])
0	0.0	0.35833632319568787	([505], [505, 504])
0	0.0	0.35834051152365404	([591], [591, 590])
0	0.0	0.3583946255101186	([435], [435, 434])
0	0.0	0.35871558559051614	([562], [562, 561])
0	0.0	0.35900905677652273	([268], [268, 267])
0	0.0	0.3594784748137556	([602], [602, 601])
0	0.0	0.3595917316650666	([459], [459, 458])
0	0.0	0.3597198773927264	([169], [169, 168])
0	0.0	0.3599042731068152	([603], [603, 602])
0	0.0	0.3602216187356588	([321], [321, 320])
0	0.0	0.36057602226340735	([190], [190, 189])
0	0.0	0.36069324907484684	([483], [483, 482])
0	0.0	0.36097896689361547	([332], [332, 331])
0	0.0	0.3613225713264107	([308], [308, 307])
0	0.0	0.36135000346949653	([83], [83, 81])
0	0.0	0.36141424487981527	([387], [387, 386])
0	0.0	0.3615347630279593	([33], [33, 32])
0	0.0	0.3618890140085018	([147], [147, 146])
0	0.0	0.362208626024087	([315], [315, 314])
0	0.0	0.36231027774255903	([469], [469, 468])
0	0.0	0.3623833749006412	([149], [149, 148])
0	0.0	0.3624617878304777	([88], [88, 87])
0	0.0	0.3628656069141556	([23], [23, 22])
0	0.0	0.3629502794860066	([528], [528, 527])
0	0.0	0.36331256044219135	([558], [558, 557])
0	0.0	0.36352434159574126	([65], [65, 64])
0	0.0	0.3642467368593914	([417], [417, 416])
0	0.0	0.3644010562774853	([259], [259, 258])
0	0.0	0.364447543302439	([360], [360, 359])
0	0.0	0.364731495339578	([399], [399, 398])
0	0.0	0.36550114876098055	([193], [193, 192])
0	0.0	0.36572581777803775	([535], [535, 534])
0	0.0	0.3658034493650803	([57], [57, 56])
0	0.0	0.36628204290734656	([19], [19, 18])
0	0.0	0.3675963376138296	([105], [105, 104])
0	0.0	0.3676580515729176	([255], [255, 254])
0	0.0	0.3676767794249097	([353], [353, 352])
0	0.0	0.3680195881704712	([389], [389, 388])
0	0.0	0.36826740702669447	([486], [486, 485])
0	0.0	0.368271100644605	([433], [433, 432])
0	0.0	0.3682760182867233	([516], [516, 515])
0	0.0	0.3682910087025875	([593], [593, 592])
0	0.0	0.3683623299067133	([209], [209, 208])
0	0.0	0.36878431262088573	([157], [157, 156])
0	0.0	0.36907450649997503	([150], [150, 149])
0	0.0	0.3694060996111606	([206], [206, 205])
0	0.0	0.36952629116527486	([383], [383, 382])
0	0.0	0.36953678669454293	([290], [290, 289])
0	0.0	0.3698435585254298	([349], [349, 348])
0	0.0	0.3700969059753073	([148], [148, 147])
0	0.0	0.3705253573004315	([74], [74, 73])
0	0.0	0.37087660517890847	([56], [56, 55])
0	0.0	0.37094100173616373	([316], [316, 315])
0	0.0	0.3712522523174414	([245], [245, 244])
0	0.0	0.37145426477616833	([338], [338, 337])
0	0.0	0.3715405778024423	([208], [208, 207])
0	0.0	0.3720314073445346	([362], [362, 361])
0	0.0	0.37213229046309526	([452], [452, 451])
0	0.0	0.3721416908279892	([351], [351, 350])
0	0.0	0.37215847928319995	([491], [491, 490])
0	0.0	0.37218010306194876	([365], [365, 364])
0	0.0	0.37224982784451827	([12], [12, 11])
0	0.0	0.3726991217486839	([163], [163, 162])
0	0.0	0.3728114901152687	([49], [49, 48])
0	0.0	0.37284335146246866	([30], [30, 29])
0	0.0	0.37288671022613235	([258], [259, 257])
0	0.0	0.37293404131472707	([1], [1, 0])
0	0.0	0.3729599437074886	([592], [592, 590])
0	0.0	0.3732059758095944	([120], [120, 119])
0	0.0	0.3736150284025109	([462], [462, 461])
0	0.0	0.3737610037016912	([115], [115, 114])
0	0.0	0.3738793493709093	([454], [454, 453])
0	0.0	0.37422200319048565	([146], [146, 144])
0	0.0	0.3743923024632891	([36], [36, 35])
0	0.0	0.3744337255836094	([536], [536, 535])
0	0.0	0.374476140824022	([406], [406, 405])
0	0.0	0.3747514798514443	([445], [445, 444])
0	0.0	0.3748629734468906	([343], [343, 342])
0	0.0	0.3754916997877763	([601], [601, 600])
0	0.0	0.3756851433093623	([142], [142, 141])
0	0.0	0.37577031180543796	([575], [576, 574])
0	0.0	0.37582730261062713	([207], [207, 206])
0	0.0	0.37609874591959397	([423], [423, 422])
0	0.0	0.37614366184706577	([585], [585, 584])
0	0.0	0.37622350029576235	([5], [5, 4])
0	0.0	0.37623221640602567	([352], [352, 351])
0	0.0	0.37689537132863793	([51], [51, 50])
0	0.0	0.377411220020088	([391], [391, 390])
0	0.0	0.3776986188663384	([441], [441, 440])
0	0.0	0.37771150756118954	([429], [429, 428])
0	0.0	0.3778485665803486	([159], [159, 158])
0	0.0	0.37794811608711193	([596], [596, 595])
0	0.0	0.37832167290056073	([174], [174, 173])
0	0.0	0.378325317390285	([472], [472, 471])
0	0.0	0.3786631773639928	([116], [116, 115])
0	0.0	0.3788470500120912	([359], [359, 358])
0	0.0	0.37900049355021803	([20], [20, 19])
0	0.0	0.37901524915722967	([466], [466, 465])
0	0.0	0.3795937950272566	([313], [313, 312])
0	0.0	0.3799674621545575	([331], [331, 330])
0	0.0	0.3801027105064372	([80], [80, 79])
0	0.0	0.3803304839120766	([475], [475, 474])
0	0.0	0.38044748846267	([181], [181, 179])
0	0.0	0.38050859429858536	([2], [2, 1])
0	0.0	0.38090954110656383	([280], [280, 279])
0	0.0	0.38156394054963716	([6], [6, 5])
0	0.0	0.3815696128397237	([500], [500, 499])
0	0.0	0.38174337970460254	([267], [267, 266])
0	0.0	0.3819298424273308	([178], [178, 177])
0	0.0	0.38249261650904387	([24], [24, 23])
0	0.0	0.38293761512708024	([402], [402, 400])
0	0.0	0.3837626406035265	([381], [381, 380])
0	0.0	0.38377516612772156	([598], [599, 597])
0	0.0	0.38385816488726926	([243], [243, 242])
0	0.0	0.3845255295712483	([50], [50, 49])
0	0.0	0.3845870428182896	([210], [210, 209])
0	0.0	0.38480933575748105	([292], [292, 291])
0	0.0	0.38499403839676566	([487], [487, 486])
0	0.0	0.3851633960020808	([28], [28, 27])
0	0.0	0.38517251778223766	([125], [125, 124])
0	0.0	0.3853285786181385	([26], [26, 25])
0	0.0	0.38542129652606594	([7], [7, 6])
0	0.0	0.3856266223409976	([249], [249, 248])
0	0.0	0.3858577878994121	([198], [199, 197])
0	0.0	0.385982414193123	([350], [350, 349])
0	0.0	0.3860332357669879	([493], [493, 492])
0	0.0	0.38621379979662734	([293], [293, 292])
0	0.0	0.38627679562243855	([250], [250, 248])
0	0.0	0.3863966129340162	([261], [261, 260])
0	0.0	0.38677220293667164	([187], [187, 186])
0	0.0	0.3871237639366015	([329], [329, 328])
0	0.0	0.387635253200907	([21], [21, 19])
0	0.0	0.3881391318850701	([43], [43, 41])
0	0.0	0.38835914740233657	([131], [131, 130])
0	0.0	0.38843882968394183	([392], [392, 389])
0	0.0	0.3886665524822369	([366], [366, 364])
0	0.0	0.3887606809211932	([167], [167, 166])
0	0.0	0.38882075142982414	([432], [432, 431])
0	0.0	0.3888308898931388	([270], [270, 269])
0	0.0	0.3891561160098482	([370], [370, 369])
0	0.0	0.38932092376817407	([501], [501, 499])
0	0.0	0.3894858066163859	([269], [269, 268])
0	0.0	0.3897094682305073	([82], [82, 81])
0	0.0	0.38981137318934606	([137], [137, 136])
0	0.0	0.3898311407597722	([106], [106, 105])
0	0.0	0.3898782310490468	([363], [363, 362])
0	0.0	0.3904182064794487	([122], [123, 121])
0	0.0	0.39057462316819386	([239], [239, 238])
0	0.0	0.3905992315798403	([264], [264, 263])
0	0.0	0.3906033031711538	([161], [161, 160])
0	0.0	0.3906138416526797	([573], [573, 572])
0	0.0	0.39086439603750456	([548], [548, 547])
0	0.0	0.3910501109509534	([388], [392, 390])
0	0.0	0.39110629998994967	([443], [443, 442])
0	0.0	0.39120739891129735	([557], [557, 556])
0	0.0	0.39136852649485543	([569], [569, 568])
0	0.0	0.3913771378777096	([53], [53, 52])
0	0.0	0.39152552596312173	([153], [153, 152])
0	0.0	0.39199718862108895	([96], [96, 95])
0	0.0	0.39206649852523473	([68], [68, 67])
0	0.0	0.3925972617000111	([86], [86, 85])
0	0.0	0.39269175374752896	([398], [399, 397])
0	0.0	0.39288667103243946	([8], [8, 7])
0	0.0	0.392955901351882	([512], [512, 511])
0	0.0	0.3929828513587135	([449], [449, 448])
0	0.0	0.3931495568784639	([136], [136, 135])
0	0.0	0.39317390083278214	([18], [21, 17])
0	0.0	0.3931974525725426	([457], [457, 456])
0	0.0	0.3932465423062961	([413], [414, 412])
0	0.0	0.3936488400975615	([237], [237, 230])
0	0.0	0.3937427759607954	([111], [111, 110])
0	0.0	0.3937456186022099	([191], [191, 189])
0	0.0	0.39384412304840344	([547], [547, 546])
0	0.0	0.39418646076255065	([314], [314, 313])
0	0.0	0.39428968277586735	([477], [477, 476])
0	0.0	0.39464752315286034	([67], [67, 66])
0	0.0	0.3948613369974001	([25], [25, 24])
0	0.0	0.3954504440134565	([103], [103, 102])
0	0.0	0.3956562975011166	([460], [460, 459])
0	0.0	0.3960784866030169	([48], [48, 46])
0	0.0	0.3960827968768471	([567], [567, 564])
0	0.0	0.39649225998196697	([110], [110, 109])
0	0.0	0.39679318738234676	([32], [32, 31])
0	0.0	0.39688282099957817	([334], [334, 276])
0	0.0	0.39698190352084556	([597], [597, 596])
0	0.0	0.3970707665323475	([177], [181, 180])
0	0.0	0.3971461349863877	([252], [252, 234])
0	0.0	0.39721228303607725	([102], [102, 101])
0	0.0	0.39735385847787835	([556], [556, 555])
0	0.0	0.3973584337442324	([419], [419, 418])
0	0.0	0.39758878489995086	([119], [119, 118])
0	0.0	0.39761020059535257	([60], [60, 59])
0	0.0	0.3982246415979318	([582], [582, 581])
0	0.0	0.39834114182506464	([425], [425, 424])
0	0.0	0.39851647063152784	([202], [202, 201])
0	0.0	0.3985664862168814	([444], [444, 443])
0	0.0	0.3986438438016956	([79], [79, 78])
0	0.0	0.3990580112749891	([256], [256, 255])
0	0.0	0.40011659682787293	([128], [128, 127])
0	0.0	0.4001550776558686	([14], [14, 12])
0	0.0	0.40037231943460183	([344], [344, 343])
0	0.0	0.4004901751020717	([287], [287, 286])
0	0.0	0.4009842348922212	([508], [508, 507])
0	0.0	0.40123998357873686	([271], [271, 270])
0	0.0	0.4013131619734516	([35], [35, 33])
0	0.0	0.4014204659368442	([364], [364, 363])
0	0.0	0.4014282375242795	([405], [405, 404])
0	0.0	0.40142853660185684	([205], [205, 204])
0	0.0	0.40144850382258657	([303], [303, 302])
0	0.0	0.40158559864726684	([333], [333, 332])
0	0.0	0.4019020457121016	([175], [175, 174])
0	0.0	0.4019456930895046	([484], [484, 483])
0	0.0	0.4019711601563208	([247], [247, 232])
0	0.0	0.4025206538751861	([342], [342, 341])
0	0.0	0.4027320285522839	([371], [371, 370])
0	0.0	0.40291850359315917	([73], [74, 72])
0	0.0	0.4033385148643085	([201], [201, 200])
0	0.0	0.40338596365235213	([192], [192, 191])
0	0.0	0.4035034596620954	([283], [283, 282])
0	0.0	0.4040803282042377	([410], [410, 409])
0	0.0	0.40418706908056806	([61], [61, 60])
0	0.0	0.40438948246995426	([583], [583, 582])
0	0.0	0.4043977488419966	([594], [594, 593])
0	0.0	0.4044827857007384	([44], [44, 43])
0	0.0	0.4047487513276959	([394], [394, 393])
0	0.0	0.40479319778375683	([154], [154, 153])
0	0.0	0.4050466517691264	([10], [14, 13])
0	0.0	0.4052167442184767	([4], [4, 3])
0	0.0	0.40569103379286786	([91], [91, 90])
0	0.0	0.40582699484026097	([168], [168, 166])
0	0.0	0.40592726497151255	([455], [456, 454])
0	0.0	0.4062088246600316	([260], [260, 259])
0	0.0	0.4063762079586977	([448], [448, 447])
0	0.0	0.4070048658522598	([114], [114, 113])
0	0.0	0.4070291653031132	([595], [595, 594])
0	0.0	0.40837969147141423	([323], [323, 322])
0	0.0	0.4087620780584807	([99], [99, 98])
0	0.0	0.4087878372279277	([499], [499, 498])
0	0.0	0.408866353662524	([327], [327, 326])
0	0.0	0.40890507963230577	([550], [551, 549])
0	0.0	0.4095699287740306	([37], [37, 36])
0	0.0	0.4095965716931918	([265], [265, 264])
0	0.0	0.409613051848958	([288], [288, 287])
0	0.0	0.40970879021347417	([408], [408, 407])
0	0.0	0.40972078431523257	([240], [240, 233])
0	0.0	0.40986509501637036	([529], [529, 528])
0	0.0	0.4099987747976314	([407], [407, 406])
0	0.0	0.41017072400563787	([15], [15, 14])
0	0.0	0.410289965377672	([195], [195, 194])
0	0.0	0.4103944263005982	([222], [222, 221])
0	0.0	0.4104666938059907	([319], [319, 318])
0	0.0	0.41118674054081994	([233], [233, 138])
0	0.0	0.41161956826177715	([63], [63, 62])
0	0.0	0.4116520395521753	([485], [485, 484])
0	0.0	0.4117184470197049	([291], [291, 290])
0	0.0	0.41183418611753203	([160], [160, 159])
0	0.0	0.4120122492563588	([27], [27, 26])
0	0.0	0.4120169022741144	([156], [156, 154])
0	0.0	0.4121226772656911	([13], [10, 9])
0	0.0	0.4122239357753931	([526], [526, 525])
0	0.0	0.4122307169085852	([330], [332, 329])
0	0.0	0.4122359082642654	([135], [136, 134])
0	0.0	0.41235905742714246	([286], [286, 285])
0	0.0	0.41250866659071456	([335], [335, 334])
0	0.0	0.4128382857105973	([604], [604, 603])
0	0.0	0.41331155410099196	([213], [213, 212])
0	0.0	0.4133245181174104	([93], [94, 92])
0	0.0	0.4141366029497146	([541], [541, 540])
0	0.0	0.4142759649190695	([490], [490, 489])
0	0.0	0.41428257076878167	([431], [431, 430])
0	0.0	0.41473374650765	([232], [232, 211])
0	0.0	0.4148026329630375	([554], [554, 552])
0	0.0	0.4149507164029531	([403], [403, 402])
0	0.0	0.4150368010922287	([124], [125, 123])
0	0.0	0.41512269899916604	([306], [306, 231])
0	0.0	0.4151292947408623	([289], [289, 287])
0	0.0	0.4152013353680985	([236], [236, 235])
0	0.0	0.415205056104528	([92], [92, 91])
0	0.0	0.41548080162870993	([226], [226, 225])
0	0.0	0.41555491113319737	([537], [537, 536])
0	0.0	0.4159628629705291	([62], [62, 61])
0	0.0	0.41618617600965324	([519], [519, 518])
0	0.0	0.4166374690481011	([22], [22, 21])
0	0.0	0.4174278946063708	([318], [318, 317])
0	0.0	0.4174283955678459	([589], [589, 588])
0	0.0	0.41745069270502777	([203], [203, 202])
0	0.0	0.41745912339625296	([217], [217, 216])
0	0.0	0.41784219696706176	([577], [577, 576])
0	0.0	0.41799217591213506	([317], [317, 316])
0	0.0	0.41807030188763555	([312], [312, 311])
0	0.0	0.41810401260354485	([276], [334, 333])
0	0.0	0.4183036683082942	([461], [461, 460])
0	0.0	0.41844136603576887	([382], [382, 381])
0	0.0	0.418885215434719	([503], [503, 502])
1	0.39344659249094593	0.41890040198962974	([18, 17], [21, 19, 18])
0	0.0	0.4191910473600143	([84], [84, 83])
0	0.0	0.41935633780968523	([151], [151, 150])
0	0.0	0.41938232743306836	([358], [358, 357])
0	0.0	0.4194778771705428	([361], [361, 360])
0	0.0	0.4194899425546425	([278], [278, 277])
0	0.0	0.41968958126037037	([474], [474, 473])
0	0.0	0.41990566023192893	([196], [196, 195])
0	0.0	0.41996174118471835	([299], [299, 298])
0	0.0	0.4202538716237797	([412], [412, 411])
0	0.0	0.4205411429152829	([97], [97, 96])
0	0.0	0.42063640395346535	([479], [479, 478])
0	0.0	0.4213648975799706	([376], [376, 375])
0	0.0	0.42141102410641457	([112], [112, 111])
0	0.0	0.4227374120243427	([186], [186, 185])
0	0.0	0.42278342168074057	([223], [223, 222])
0	0.0	0.4228772291646012	([298], [298, 297])
0	0.0	0.42288584196065065	([215], [215, 214])
0	0.0	0.4229509745291668	([129], [129, 128])
0	0.0	0.4230473209906123	([385], [385, 384])
0	0.0	0.42320270917306285	([285], [285, 284])
0	0.0	0.42385584097514695	([219], [219, 217])
0	0.0	0.42397093023591736	([492], [492, 491])
0	0.0	0.4241901163675114	([395], [396, 394])
0	0.0	0.42457968632944454	([367], [367, 366])
0	0.0	0.42482064696213084	([59], [59, 58])
0	0.0	0.4248396098379722	([132], [133, 131])
0	0.0	0.424872880743651	([586], [587, 585])
0	0.0	0.42516207312267745	([357], [357, 356])
0	0.0	0.42516332669060064	([66], [66, 65])
0	0.0	0.42532968461071496	([173], [173, 172])
0	0.0	0.42539842974084185	([85], [86, 84])
0	0.0	0.4255383733791911	([81], [81, 80])
0	0.0	0.425909162201384	([242], [242, 241])
0	0.0	0.42611504828226765	([182], [182, 181])
0	0.0	0.42640116097664504	([98], [98, 97])
0	0.0	0.4270424057452323	([336], [336, 335])
0	0.0	0.4271935013206152	([418], [418, 417])
0	0.0	0.42764325618379795	([420], [420, 419])
0	0.0	0.42783184006127545	([284], [284, 283])
0	0.0	0.428701378843243	([134], [134, 133])
0	0.0	0.42897946941997794	([172], [172, 171])
0	0.0	0.42900687661753745	([488], [488, 487])
0	0.0	0.4295568621890097	([559], [559, 558])
0	0.0	0.42977850138315393	([553], [553, 552])
0	0.0	0.4298148143948091	([229], [229, 223])
0	0.0	0.42986959587577056	([272], [272, 271])
0	0.0	0.4302642169448312	([416], [416, 415])
0	0.0	0.43048704373354857	([549], [549, 548])
0	0.0	0.430528639620955	([347], [347, 231])
0	0.0	0.43094683575640363	([109], [109, 108])
0	0.0	0.43104991795939784	([300], [300, 299])
0	0.0	0.4313895709333323	([446], [446, 445])
0	0.0	0.43176717787401087	([180], [177, 176])
0	0.0	0.43178840061812523	([581], [581, 580])
0	0.0	0.43189750310566916	([257], [257, 256])
0	0.0	0.43201728179476345	([251], [251, 250])
0	0.0	0.43234416505176054	([216], [219, 218])
0	0.0	0.43244871426889836	([200], [200, 199])
0	0.0	0.433117178476425	([494], [494, 492])
0	0.0	0.43316448226239856	([279], [279, 278])
0	0.0	0.4331969087716917	([438], [438, 437])
0	0.0	0.4340853789389837	([339], [339, 337])
0	0.0	0.4341975087140781	([502], [502, 501])
0	0.0	0.4344407503897765	([58], [58, 57])
0	0.0	0.43485669122955495	([378], [378, 377])
0	0.0	0.4349565613451463	([514], [514, 512])
0	0.0	0.4351674686018931	([277], [277, 276])
0	0.0	0.4352981912366817	([78], [78, 77])
1	0.43487107900841343	0.4354693386778928	([15, 10], [15, 12, 11])
0	0.0	0.4360644410999269	([171], [171, 170])
0	0.0	0.43606957755566006	([521], [521, 520])
1	0.4347305618448592	0.43626711292178333	([362, 359], [362, 361, 360])
0	0.0	0.43715975890473063	([117], [117, 116])
0	0.0	0.43795897324593586	([538], [539, 537])
0	0.0	0.43802376979444985	([515], [515, 514])
0	0.0	0.43803050967445906	([531], [531, 530])
0	0.0	0.43806519853049103	([294], [294, 293])
0	0.0	0.4383426964869679	([282], [282, 281])
0	0.0	0.4384903333286961	([471], [471, 469])
0	0.0	0.4386355496041999	([430], [430, 429])
1	0.43130152946232225	0.4387892280581302	([210, 207], [210, 209, 207])
0	0.0	0.43895330603253474	([307], [307, 305])
0	0.0	0.439241544086364	([41], [41, 39])
0	0.0	0.43981971671842174	([415], [415, 414])
0	0.0	0.44034791667078127	([107], [108, 106])
0	0.0	0.4410785339754042	([184], [184, 183])
0	0.0	0.4412731961614965	([411], [411, 410])
0	0.0	0.442156405195721	([281], [281, 279])
0	0.0	0.4431877108866585	([544], [544, 543])
0	0.0	0.44346193304533676	([523], [523, 521])
0	0.0	0.44458749125238467	([244], [244, 243])
0	0.0	0.4449465677836398	([422], [422, 420])
0	0.0	0.4454825690445985	([386], [386, 385])
0	0.0	0.446834625464238	([221], [221, 219])
0	0.0	0.4469935520384921	([46], [46, 45])
0	0.0	0.44717136228008136	([218], [216, 215])
0	0.0	0.4473739363026036	([355], [355, 354])
0	0.0	0.4476888809048921	([170], [170, 169])
0	0.0	0.4477246952629255	([166], [166, 164])
0	0.0	0.4486035250395234	([214], [221, 220])
0	0.0	0.44940562187721506	([600], [600, 599])
0	0.0	0.4496779647180865	([533], [533, 531])
0	0.0	0.4498255386651765	([104], [104, 103])
0	0.0	0.4499580845069926	([310], [311, 309])
0	0.0	0.4500865449090736	([64], [64, 63])
0	0.0	0.4506191423347461	([341], [341, 339])
0	0.0	0.450633697580837	([225], [226, 16])
0	0.0	0.45109596470867147	([266], [266, 265])
0	0.0	0.45110112442531075	([197], [197, 196])
0	0.0	0.45124932432002607	([384], [384, 231])
0	0.0	0.45162182345561425	([564], [564, 563])
0	0.0	0.4521909144402802	([138], [233, 224])
1	0.42465408915398084	0.45224800522264674	([363, 358], [363, 362, 361])
0	0.0	0.452964211816824	([140], [140, 139])
0	0.0	0.4532529600337946	([262], [262, 261])
0	0.0	0.45406177883848864	([372], [372, 371])
0	0.0	0.4547119620521204	([297], [297, 296])
0	0.0	0.45553887299213686	([118], [118, 117])
0	0.0	0.4555581993067519	([520], [520, 519])
0	0.0	0.4557871729402637	([234], [252, 251])
0	0.0	0.45578725012895177	([295], [295, 294])
0	0.0	0.4564569411026759	([545], [545, 544])
0	0.0	0.45810146451064415	([374], [377, 373])
0	0.0	0.45880722453054984	([72], [72, 71])
0	0.0	0.4588976060432547	([397], [397, 396])
0	0.0	0.4591987634806161	([241], [243, 239])
0	0.0	0.45934116816171605	([246], [246, 245])
0	0.0	0.459608075532807	([16], [225, 223])
0	0.0	0.459969622188592	([450], [450, 449])
0	0.0	0.4600761915612103	([162], [162, 161])
0	0.0	0.46068692179156756	([463], [463, 232])
0	0.0	0.4622152972211656	([400], [400, 399])
0	0.0	0.4625463362721667	([69], [69, 68])
0	0.0	0.46347608268868556	([579], [579, 578])
0	0.0	0.4637458159723692	([304], [304, 303])
0	0.0	0.4646791057471684	([568], [568, 567])
0	0.0	0.46493017462037184	([183], [183, 182])
0	0.0	0.46579820983999354	([320], [320, 319])
0	0.0	0.46631740579626435	([393], [398, 326])
0	0.0	0.4666779735531856	([467], [467, 466])
0	0.0	0.46677672612723864	([220], [214, 213])
0	0.0	0.4670785652642497	([506], [506, 505])
0	0.0	0.4681173265616035	([380], [380, 379])
0	0.0	0.46846917813758593	([263], [263, 262])
0	0.0	0.46887756465901026	([348], [348, 347])
0	0.0	0.4703455093174331	([230], [230, 229])
0	0.0	0.47111198760191064	([71], [71, 70])
0	0.0	0.4713640015385293	([326], [278, 218])
0	0.0	0.4714920490828898	([121], [121, 120])
0	0.0	0.471556389597696	([458], [458, 457])
0	0.0	0.47418310185037094	([464], [464, 463])
0	0.0	0.47572985543206675	([228], [228, 224])
0	0.0	0.47642165798333624	([212], [326, 325])
1	0.47671143495928125	0.47699359524139234	([381, 378], [381, 380, 379])
0	0.0	0.4773294293104909	([540], [553, 231])
0	0.0	0.4778646227082782	([504], [505, 503])
0	0.0	0.47927265488680093	([574], [574, 573])
0	0.0	0.4798217218715779	([325], [326, 162])
0	0.0	0.47997251538024255	([337], [337, 336])
0	0.0	0.48017750584901014	([248], [248, 246])
0	0.0	0.4807528704113944	([224], [228, 222])
0	0.0	0.48286806335915783	([144], [326, 167])
0	0.0	0.48498959799439784	([164], [144, 143])
0	0.0	0.48571758624283545	([510], [510, 509])
0	0.0	0.48591794535059124	([139], [16, 15])
0	0.0	0.4867985453048284	([427], [428, 425])
0	0.0	0.48752947933110485	([211], [464, 462])
0	0.0	0.4884842132710371	([75], [75, 74])
0	0.0	0.49167640736300305	([238], [241, 240])
0	0.0	0.49177187905026093	([9], [239, 235])
0	0.0	0.4918205510282624	([555], [555, 554])
0	0.0	0.4922231137628611	([275], [275, 235])
0	0.0	0.49605481923284317	([231], [540, 539])
0	0.0	0.4968873072760645	([440], [440, 439])
0	0.0	0.49691149515326016	([436], [436, 435])
0	0.0	0.49755517743514954	([126], [126, 125])
1	0.48779529787935244	0.4978039589375497	([224, 223], [228, 224, 222])
1	0.5033277011067852	0.5051099249375007	([441, 438], [441, 440, 438])
0	0.0	0.5074552168027855	([235], [211, 210])
0	0.0	0.5108545371803029	([189], [393, 392])
0	0.0	0.5109539883108505	([39], [39, 38])
1	0.4957472660554235	0.5140745592694583	([279, 276], [279, 278, 277])
0	0.0	0.5156407473570697	([390], [138, 137])
1	0.5165593413148002	0.5188918706347491	([601, 597], [601, 600, 597])
1	0.5183111942149502	0.5205232521703407	([240, 239], [242, 241, 239])
0	0.0	0.52153836150644	([29], [275, 273])
0	0.0	0.5292243364328828	([253], [9, 8])
1	0.5168404274921545	0.5311031819928307	([230, 224], [230, 229, 224])
1	0.5044679446338798	0.5311031819928307	([235, 224], [235, 229, 224])
0	0.0	0.5328362896592166	([0], [29, 28])
1	0.49170052840648254	0.5468382935677985	([228, 225], [228, 225, 224])
1	0.5306076754035107	0.5518232986267491	([104, 98], [104, 102, 101])
1	0.5514158581100488	0.5604791933365454	([288, 223], [288, 286, 223])
1	0.5157012330299733	0.5629116873120994	([250, 243], [250, 248, 246])
1	0.5427019862265655	0.5632658826140244	([17, 16], [17, 15, 9])
1	0.5272109356950662	0.5690930247955307	([219, 213], [217, 215, 213])
1	0.55571968028352	0.5820290465657485	([224, 218], [224, 222, 218])
1	0.5725797360871614	0.5893939460332219	([241, 229], [241, 239, 229])
1	0.5858934165957431	0.5905064731807886	([596, 589], [596, 593, 589])
1	0.5813876072003847	0.5939360174333138	([217, 194], [219, 217, 190])
1	0.5916196459575789	0.5953600358004609	([283, 238], [283, 238, 218])
1	0.5917634594328761	0.5980317582742163	([244, 229], [244, 242, 241])
1	0.56585585821397	0.5998067392655517	([242, 218], [238, 235, 222])
1	0.5496270652545432	0.6005174289635776	([284, 223], [294, 289, 288])
1	0.5634321249071049	0.6023933539571574	([219, 167], [219, 170, 167])
1	0.5752019721064601	0.6061307190353644	([223, 202], [223, 211, 202])
1	0.6113800115481126	0.6125663982562124	([243, 173], [243, 173, 170])
1	0.56549499262054	0.6137897918131915	([236, 228], [236, 229, 224])
1	0.5838430386638397	0.614098183061969	([219, 82], [219, 85, 82])
1	0.5533025662856701	0.6142736400996791	([219, 180], [219, 218, 178])
1	0.5584433923304307	0.6148761800206186	([295, 283], [293, 288, 283])
1	0.6091189068259767	0.6167429853646519	([277, 272], [277, 276, 274])
1	0.5487481944375993	0.6180181259922368	([282, 219], [294, 284, 223])
1	0.6103753357816654	0.6208927822958812	([510, 504], [510, 508, 506])
1	0.5917517417437056	0.6250036120738081	([271, 219], [271, 267, 265])
1	0.5556652076067128	0.6260522481701625	([283, 276], [283, 279, 276])
1	0.5355007223108762	0.6260522481701625	([325, 218], [283, 282, 279])
1	0.5866162229162823	0.6295578008312935	([223, 5], [223, 9, 5])
1	0.5771446976490564	0.6312865384539232	([298, 235], [297, 294, 235])
1	0.5568968882422765	0.6322833735075607	([278, 235], [278, 276, 275])
1	0.6217450959618183	0.6333997341625769	([71, 65], [71, 70, 65])
1	0.6323006363526873	0.6379319574188641	([235, 22], [235, 22, 17])
1	0.5747172585649596	0.6383952950379506	([287, 235], [298, 282, 229])
1	0.6376646585245105	0.6394023812837233	([218, 192], [218, 217, 189])
1	0.5759513729974512	0.6394039415342432	([230, 16], [235, 229, 10])
1	0.6202384207177682	0.639475611853066	([336, 326], [336, 330, 326])
1	0.6089217330231408	0.6398092905347557	([593, 581], [593, 589, 581])
1	0.6393997312340218	0.640109966671259	([243, 95], [243, 95, 91])
1	0.5827869702584152	0.6429843944415001	([230, 221], [230, 224, 221])
1	0.5623330423403028	0.6429843944415001	([239, 221], [239, 224, 221])
1	0.6196732402636703	0.645565126398838	([219, 118], [219, 116, 112])
1	0.5975603530026227	0.6458011025452383	([260, 235], [260, 256, 254])
1	0.6325415591622348	0.6463941706605724	([21, 0], [21, 8, 0])
1	0.5644779098320153	0.646502762611811	([229, 18], [229, 18, 17])
1	0.6414890207636742	0.647870525762842	([502, 491], [502, 499, 493])
1	0.6254738594808167	0.648622160731754	([337, 219], [343, 338, 337])
1	0.6478802502529695	0.6497637672540744	([598, 588], [598, 595, 588])
1	0.5778644326522562	0.6502135562501403	([217, 186], [217, 197, 186])
1	0.6022980520596257	0.6505001899403356	([342, 329], [341, 337, 329])
1	0.5378332737374517	0.6517693348472192	([240, 219], [240, 238, 218])
1	0.5729514009610657	0.6527111020500523	([383, 219], [389, 388, 219])
1	0.6495505621697764	0.6530384615840414	([278, 246], [278, 253, 249])
1	0.5729239664836908	0.6540532786254937	([222, 183], [222, 217, 183])
1	0.6307325452586936	0.6554033975436782	([295, 222], [295, 288, 283])
1	0.5886452229093334	0.655474996295235	([283, 228], [283, 238, 228])
1	0.632028207755148	0.6568923860243759	([39, 28], [39, 38, 28])
1	0.5487414672404071	0.6578186266832173	([218, 178], [219, 180, 170])
1	0.6402927457828098	0.6591184875898781	([134, 120], [134, 127, 126])
1	0.6398174336332149	0.6591602458368562	([357, 218], [371, 366, 360])
1	0.6306167689350209	0.6591788543297505	([265, 235], [265, 260, 255])
1	0.5398860843877624	0.6608360940436607	([294, 223], [288, 283, 222])
1	0.6202316746738924	0.6624385711434729	([312, 229], [316, 312, 229])
1	0.647919791745981	0.6628818041249281	([188, 177], [188, 185, 184])
1	0.6548332689100436	0.6633147634391849	([252, 239], [264, 254, 252])
1	0.5950552939131469	0.6635247233038678	([318, 303], [318, 316, 303])
1	0.5247282574509844	0.6648538236871823	([276, 275], [278, 220, 218])
1	0.6166814376075965	0.6656650062439268	([243, 79], [243, 86, 81])
1	0.6646842953352522	0.6659175086403283	([152, 138], [152, 145, 138])
1	0.6032047608465108	0.6661969377521256	([605, 593], [605, 599, 593])
1	0.65916190732368	0.6664527442770766	([222, 199], [222, 217, 199])
1	0.6471788584321939	0.6669552040623665	([235, 194], [235, 202, 194])
1	0.652215386257783	0.6670992856017861	([269, 259], [269, 264, 262])
1	0.6577685515783745	0.6676323508356796	([369, 235], [369, 365, 357])
1	0.6021476454855322	0.6682836394017602	([329, 318], [329, 327, 318])
1	0.5568775345911555	0.6687273364119048	([250, 235], [278, 272, 270])
1	0.6279695974645682	0.6693446877161424	([381, 229], [381, 378, 371])
1	0.6354104933698481	0.6708122184122071	([254, 228], [251, 246, 228])
1	0.666027093781283	0.6711125620628088	([278, 109], [278, 115, 113])
1	0.5714002766505946	0.6714198977867581	([223, 195], [223, 202, 195])
1	0.5463668995271255	0.6723688981827121	([219, 190], [222, 218, 177])
1	0.6620758725070107	0.6729599153830875	([283, 252], [283, 252, 228])
1	0.5803042259567904	0.6734996341625082	([322, 217], [325, 319, 283])
1	0.6304754016717777	0.6737788996309348	([295, 243], [302, 297, 295])
1	0.5945992766919472	0.6738194237678562	([316, 235], [304, 300, 298])
1	0.6560944501738214	0.6747650101930117	([278, 4], [278, 235, 10])
1	0.5391716048555536	0.6758704576186337	([219, 170], [217, 211, 199])
1	0.6749884369044612	0.6763104842681262	([254, 218], [278, 253, 218])
1	0.5887863160265342	0.6763557184840782	([223, 1], [223, 5, 1])
1	0.49532785749793823	0.6779434450985333	([164, 163], [326, 167, 162])
1	0.6409988928393164	0.6783011648285823	([293, 239], [293, 292, 239])
1	0.670570409648666	0.6785381467762496	([299, 239], [299, 298, 239])
1	0.670598679741318	0.6785381467762496	([329, 298], [329, 298, 239])
1	0.6224810891911868	0.6791628701685195	([217, 115], [217, 120, 117])
1	0.6215848399870229	0.6791628701685195	([218, 117], [218, 217, 117])
1	0.6519389644356445	0.6796539807463288	([305, 243], [305, 303, 302])
1	0.6355275739558033	0.6797397707578068	([424, 218], [430, 424, 218])
1	0.6582063919216905	0.6799296014701801	([183, 172], [183, 177, 173])
1	0.6785134333728897	0.6801369723849463	([602, 583], [602, 595, 583])
1	0.6037510858402692	0.6804625732260942	([329, 283], [329, 318, 301])
1	0.5304304208791106	0.6806869520816612	([253, 251], [278, 249, 242])
1	0.5412036861678842	0.6815948650371144	([297, 219], [297, 283, 218])
1	0.6690463636383615	0.6823627090817008	([212, 186], [217, 212, 211])
1	0.6014958877027905	0.682373494750143	([248, 219], [278, 248, 235])
1	0.6225559087057562	0.6825544224800617	([302, 243], [295, 243, 239])
1	0.6683533604281174	0.6825602580513296	([278, 96], [278, 109, 96])
1	0.5944410307815193	0.6827622306070762	([287, 217], [287, 284, 217])
1	0.5724803168733869	0.6834648459384911	([269, 239], [252, 248, 241])
1	0.6321415752535733	0.6842380057528887	([523, 217], [523, 519, 217])
1	0.6707088928158461	0.6842528230396235	([50, 37], [50, 47, 37])
1	0.6156222337941734	0.6843039717209443	([219, 0], [219, 20, 7])
1	0.6460252848339203	0.6843839336795431	([313, 222], [311, 304, 303])
1	0.5993561698294328	0.6844093921794189	([277, 243], [283, 277, 243])
1	0.6116181103327747	0.6844093921794189	([320, 243], [320, 283, 243])
1	0.6464783915450164	0.6845700770396804	([184, 174], [184, 182, 176])
1	0.640909445410408	0.6845923478741186	([427, 228], [430, 427, 283])
1	0.629632215613855	0.6846378291092833	([218, 166], [218, 172, 163])
1	0.6431928288843605	0.684673046789012	([317, 239], [318, 317, 239])
1	0.6375421041770235	0.6847920970946015	([219, 201], [219, 212, 200])
1	0.6622237314417536	0.6852446121631947	([270, 258], [270, 263, 255])
1	0.5836101228000361	0.6854965614798489	([219, 110], [219, 218, 116])
1	0.5335539019631921	0.6856626275895991	([223, 216], [225, 223, 216])
1	0.6803677888972351	0.6858762885400446	([574, 559], [574, 568, 559])
1	0.6612870065391137	0.6861823964627312	([275, 252], [275, 271, 262])
1	0.67401964947143	0.6863413833013297	([298, 217], [298, 278, 218])
1	0.5479331480777233	0.686534629264946	([243, 216], [243, 221, 216])
1	0.6659248409463674	0.686766371983898	([307, 292], [314, 305, 292])
1	0.6841504500112403	0.6869600481886494	([283, 263], [283, 263, 262])
1	0.625136872479418	0.6872543786100188	([336, 283], [336, 333, 283])
1	0.614096388387932	0.6877861160097091	([268, 230], [268, 262, 256])
1	0.6469562237338646	0.6881179584950425	([425, 219], [425, 424, 218])
1	0.6163419968168049	0.6883758986595545	([283, 164], [283, 243, 169])
1	0.6530248855669799	0.6886517685453235	([222, 95], [243, 222, 221])
1	0.647369119370486	0.6886517685453235	([331, 222], [331, 243, 222])
1	0.6426419172113335	0.6886693650749699	([218, 121], [218, 121, 117])
1	0.60568703309532	0.688676502011992	([335, 229], [335, 329, 239])
1	0.6885449575017051	0.6893014064662268	([143, 127], [143, 136, 127])
1	0.6528956891303336	0.6897772542380305	([265, 228], [265, 262, 228])
1	0.6759875383780103	0.6901756667512693	([218, 14], [218, 17, 14])
1	0.6419429398417541	0.6902639189067531	([303, 222], [303, 297, 218])
1	0.5476898356072727	0.690303325596587	([243, 170], [283, 218, 164])
1	0.6812891890504361	0.690661768713109	([283, 8], [283, 218, 4])
1	0.6190643233790709	0.690661768713109	([243, 4], [283, 243, 4])
1	0.6770279098377043	0.6910590002405168	([327, 238], [327, 326, 242])
1	0.5673772560739608	0.6911945236963515	([217, 176], [283, 176, 172])
1	0.6872644313830393	0.6914124737611833	([228, 166], [228, 170, 166])
1	0.6848503668724013	0.6914124737611833	([228, 180], [228, 180, 170])
1	0.6630193575130983	0.6914254667125587	([318, 276], [319, 318, 283])
1	0.5090955354184116	0.6914254667125587	([325, 283], [329, 318, 283])
1	0.6620263943408806	0.6915578217860838	([236, 9], [236, 228, 9])
1	0.6920819842595431	0.6922399990018637	([450, 439], [450, 445, 439])
1	0.6443620978103038	0.6928525856871048	([24, 4], [24, 18, 17])
1	0.5021840125801352	0.6929700022117895	([246, 223], [246, 228, 222])
1	0.6923461171540971	0.6930288625359559	([134, 115], [134, 119, 117])
1	0.6227640113075522	0.6932991946820272	([528, 217], [528, 523, 520])
1	0.6142384280102448	0.6934720626092089	([228, 11], [283, 228, 4])
1	0.6871881984646278	0.6937837235116177	([228, 77], [283, 228, 77])
1	0.6197904999185956	0.6941903625946941	([266, 243], [266, 262, 257])
1	0.5731309002370383	0.6948717302410058	([219, 20], [243, 222, 0])
1	0.6695108079587205	0.6949052077533916	([582, 218], [592, 585, 582])
1	0.6849822809959699	0.6949782786166945	([331, 278], [331, 278, 218])
1	0.622001709061917	0.6956244502519243	([228, 188], [213, 212, 188])
1	0.561459346829924	0.695760300664486	([223, 211], [223, 221, 211])
1	0.6838237191176222	0.695760300664486	([239, 211], [239, 221, 211])
1	0.5679925552260697	0.6963724334862542	([256, 222], [256, 253, 222])
1	0.6342056797518452	0.6967384781419393	([218, 154], [218, 163, 154])
1	0.6914912639264678	0.6976751272382821	([336, 275], [336, 331, 275])
1	0.6560962569056086	0.6980727263136064	([310, 217], [310, 302, 283])
1	0.6511161472220299	0.6981090768654346	([346, 235], [346, 337, 235])
1	0.6848183737004363	0.6984401861185537	([218, 108], [218, 116, 108])
1	0.588649483453879	0.6992720139010132	([218, 210], [218, 217, 208])
1	0.6663971808645086	0.6995100647167866	([335, 321], [335, 327, 321])
1	0.6933965582187491	0.6998515905495002	([278, 130], [278, 218, 124])
1	0.6016328717870153	0.6999579095911067	([243, 186], [243, 186, 173])
1	0.6845815695932841	0.7001957524027208	([317, 278], [312, 311, 218])
1	0.6937862833243412	0.7021757030102088	([581, 545], [581, 578, 545])
1	0.7014702597416429	0.7024556247220727	([244, 214], [244, 243, 216])
1	0.6869131487254725	0.7024606854473517	([308, 291], [315, 308, 291])
1	0.6868872380357017	0.7025077392608092	([228, 18], [228, 18, 15])
1	0.6199328024652442	0.7026349535171604	([229, 191], [229, 208, 198])
1	0.6925341770281491	0.7029242805676512	([346, 332], [346, 337, 332])
1	0.6189643730728874	0.7030884705146988	([324, 229], [324, 283, 222])
1	0.6314783785323815	0.7032653334617098	([323, 235], [321, 318, 317])
1	0.6457498461549634	0.7043538425470038	([496, 218], [504, 501, 218])
1	0.6501322958444462	0.7044733673743623	([302, 275], [304, 302, 275])
1	0.6986611679647972	0.7045057916586926	([141, 125], [141, 139, 125])
1	0.6997168582822066	0.7046301548873966	([361, 278], [367, 361, 357])
1	0.6958391747087063	0.7046509207251893	([551, 218], [559, 553, 551])
1	0.6918890046028092	0.7047094622703997	([71, 59], [71, 65, 60])
1	0.6893291135464439	0.705580308353809	([273, 217], [277, 275, 217])
1	0.65902474673662	0.7058785135604367	([274, 253], [278, 272, 253])
1	0.6287336555140944	0.7065150317288499	([243, 181], [243, 186, 185])
1	0.5658969614658201	0.706656526788083	([219, 128], [218, 217, 128])
1	0.576712572722378	0.7067041129188146	([229, 26], [229, 222, 26])
1	0.6190723520413719	0.7067385452345107	([230, 208], [229, 221, 208])
1	0.7010266558253516	0.7069279962208429	([447, 433], [447, 443, 441])
1	0.7017431745198359	0.7072396473732072	([134, 109], [134, 115, 112])
1	0.6771118504141532	0.7073709366532043	([423, 278], [424, 421, 218])
1	0.7077462986424666	0.7088479853454113	([437, 426], [437, 431, 429])
1	0.6615466837680667	0.7090187808806703	([383, 329], [383, 329, 283])
1	0.6949593381836138	0.7090931659828209	([372, 278], [372, 278, 275])
1	0.6022939186990242	0.7093361280457926	([266, 217], [273, 266, 264])
1	0.6621793827074163	0.7095867904767098	([278, 23], [278, 23, 0])
1	0.6650006384215502	0.7098799193874135	([123, 112], [123, 122, 112])
1	0.691186195231369	0.7099932587560884	([256, 236], [256, 236, 222])
1	0.6874798150861308	0.7099932587560884	([331, 236], [331, 236, 222])
1	0.6807040062659856	0.7100085332153397	([320, 275], [322, 320, 275])
1	0.6336414311792565	0.7100136511293811	([228, 205], [228, 206, 205])
1	0.5587454642411739	0.7100521991736887	([223, 9], [229, 223, 1])
1	0.6300972396507234	0.7102931407345304	([243, 14], [243, 14, 4])
1	0.6946542862610563	0.7105121897254985	([218, 139], [218, 139, 133])
1	0.6962137268730579	0.710818105418665	([186, 165], [186, 173, 165])
1	0.7038888337871828	0.7108681569230318	([394, 218], [394, 386, 218])
1	0.6447941607118512	0.7109770311739427	([325, 274], [325, 274, 251])
1	0.7089683662804075	0.7112455746924924	([204, 180], [212, 204, 197])
1	0.7063171810979858	0.7113503788292171	([510, 283], [514, 510, 283])
1	0.7007293529151623	0.7115025845986761	([296, 272], [296, 281, 272])
1	0.6176431902480574	0.7115363852054962	([229, 163], [229, 187, 181])
1	0.6694517894899816	0.7115652399831074	([341, 229], [341, 335, 329])
1	0.6860037248839087	0.7118838961723872	([217, 44], [217, 44, 27])
1	0.5580029297170482	0.7119486081786405	([223, 172], [223, 222, 172])
1	0.7076931805234491	0.7120319390271318	([120, 97], [120, 113, 110])
1	0.6998747915293563	0.7121380343575565	([218, 86], [218, 94, 91])
1	0.6850120434191259	0.7123258697117117	([34, 17], [34, 28, 22])
1	0.6528855982427335	0.7123258697117117	([235, 33], [34, 33, 22])
1	0.7052497300406362	0.7128125714343109	([228, 137], [228, 137, 132])
1	0.6875758331029875	0.7128623163714757	([455, 440], [455, 448, 440])
1	0.6793372735497042	0.7128766462209438	([328, 311], [328, 318, 317])
1	0.653306297561948	0.7130429441408836	([243, 120], [243, 120, 110])
1	0.7136228272579273	0.714129890676344	([228, 146], [228, 146, 141])
1	0.7048878911817464	0.714129890676344	([228, 120], [228, 225, 141])
1	0.6531804581000722	0.7144002179032674	([328, 271], [330, 328, 267])
1	0.7105698265010553	0.7146279182260796	([241, 213], [242, 241, 213])
1	0.6714747130141798	0.7147489774608535	([540, 520], [540, 536, 520])
1	0.7145677033297141	0.7147724860980958	([542, 515], [544, 542, 505])
1	0.6732007276263441	0.7150063374233053	([299, 262], [299, 271, 262])
1	0.6291562660024729	0.7153922966730071	([243, 192], [243, 192, 187])
1	0.6778446824656986	0.7154653715963301	([340, 278], [348, 283, 278])
1	0.5454773856226458	0.7157117780006527	([217, 120], [218, 149, 146])
1	0.6882481055964149	0.7159016760030483	([287, 258], [287, 283, 255])
1	0.6391079067486941	0.7159695777502161	([235, 168], [235, 222, 168])
1	0.6334197182937032	0.7162843584771889	([401, 283], [415, 402, 283])
1	0.6088026807997142	0.7162843584771889	([415, 217], [421, 415, 283])
1	0.5908502045721685	0.7164506219532298	([386, 223], [386, 383, 283])
1	0.6846238245870073	0.7165224723865821	([140, 121], [140, 133, 132])
1	0.5857775626618344	0.7171367790560637	([217, 160], [217, 175, 173])
1	0.7137624105990377	0.7171367790560637	([214, 173], [217, 214, 173])
1	0.7054705052906427	0.7171576582679545	([50, 26], [50, 39, 26])
1	0.6130365162512441	0.7172222881893834	([328, 242], [326, 320, 280])
1	0.7017845544833057	0.7175232672343035	([215, 182], [215, 186, 183])
1	0.6033545404938234	0.717660495764278	([331, 243], [351, 345, 228])
1	0.48681518805670254	0.7178735359091267	([326, 285], [326, 285, 283])
1	0.6999531285926632	0.718006610397814	([486, 471], [486, 481, 471])
1	0.6733850384175831	0.7183554716710333	([218, 72], [228, 222, 77])
1	0.6969498985742929	0.7184801157307369	([102, 88], [102, 98, 88])
1	0.6953513636020242	0.718717900849527	([577, 520], [578, 577, 540])
1	0.7190120785880458	0.7190404020825883	([408, 228], [415, 408, 228])
1	0.7088209513748693	0.7190663043362406	([603, 577], [603, 597, 577])
1	0.7060831617874216	0.719802642754801	([298, 261], [298, 261, 222])
1	0.6206301839924917	0.7200966587737325	([443, 283], [437, 428, 426])
1	0.700238911080976	0.7204082958244935	([239, 141], [228, 157, 146])
1	0.6955923734703797	0.720442701583522	([278, 136], [278, 136, 130])
1	0.7075537534112919	0.7204788725385923	([398, 228], [408, 401, 400])
1	0.6887426020394212	0.7204836547013768	([60, 40], [60, 51, 50])
1	0.6799493748087503	0.7207972253365542	([228, 173], [228, 187, 170])
1	0.7206298178995476	0.7209321097075536	([525, 511], [525, 520, 512])
1	0.7124335150071199	0.7209730019016947	([228, 102], [228, 124, 100])
1	0.5505144677529784	0.7211997324826755	([263, 219], [282, 270, 243])
1	0.7131153401285513	0.7212099397743635	([327, 296], [327, 302, 296])
1	0.7167554080196477	0.7212374996668859	([330, 259], [330, 267, 259])
1	0.656667701412672	0.7215702177211782	([374, 235], [374, 368, 365])
1	0.5963459974229657	0.7219798077987408	([250, 230], [250, 243, 221])
1	0.7018837199259371	0.7220140026237301	([123, 101], [124, 121, 103])
1	0.5764075341478692	0.7222851327353703	([219, 29], [222, 219, 34])
1	0.5949365861140107	0.7223565894701711	([217, 18], [217, 18, 6])
1	0.570257286750554	0.7223565894701711	([217, 2], [222, 217, 6])
1	0.7064476676028287	0.7223706709097587	([92, 76], [93, 92, 76])
1	0.6704427177577402	0.7223706709097587	([278, 76], [278, 93, 76])
1	0.7196479098973472	0.7223959208837606	([450, 283], [450, 449, 228])
1	0.6919655008043101	0.7224292473138194	([165, 147], [165, 155, 145])
1	0.6432702403604319	0.7224528980433113	([229, 138], [229, 163, 155])
1	0.6381617254887836	0.7224528980433113	([219, 152], [229, 222, 155])
1	0.5956677045375364	0.7225600523263389	([256, 230], [268, 235, 229])
1	0.6537913706182372	0.7225600523263389	([262, 229], [268, 262, 229])
1	0.7058064069162522	0.7230407741171491	([599, 239], [599, 596, 239])
1	0.6677214773926515	0.7233016043994925	([578, 548], [578, 560, 548])
1	0.7084126041430807	0.7237789520555394	([212, 166], [229, 212, 187])
1	0.710625400537176	0.7239064615496944	([92, 59], [92, 76, 68])
1	0.5502797254169225	0.7239869629683078	([271, 223], [271, 269, 246])
1	0.5548316690680863	0.7244390854299022	([317, 219], [317, 294, 239])
1	0.7218343536728853	0.7246623120760181	([510, 497], [510, 503, 500])
1	0.7227717463021149	0.7246791112567794	([54, 34], [54, 47, 37])
1	0.7048849652532795	0.7248797227285328	([493, 473], [493, 491, 473])
1	0.6944476046421926	0.72500326681947	([557, 536], [550, 544, 543])
1	0.6413366315975437	0.7250254101454389	([243, 129], [243, 129, 120])
1	0.7048802443921797	0.72521478683497	([592, 243], [592, 583, 582])
1	0.5991295148410191	0.7256861151300078	([219, 104], [219, 112, 104])
1	0.7014779964237535	0.7260021530157017	([541, 519], [542, 541, 515])
1	0.690414212266746	0.7260264787050421	([596, 222], [597, 596, 239])
1	0.6876861865793545	0.7260953236488895	([599, 546], [598, 581, 546])
1	0.7245667832890883	0.7262735212033421	([56, 36], [56, 52, 36])
1	0.6912290110366073	0.7264544367929691	([435, 421], [435, 425, 421])
1	0.6880586336255885	0.7266626275748165	([65, 24], [65, 63, 26])
1	0.6521571863722628	0.7270191551746589	([235, 55], [235, 55, 48])
1	0.6005148650715938	0.7270847050837297	([430, 283], [401, 386, 384])
1	0.6705662293176052	0.7271910283207837	([283, 71], [222, 93, 82])
1	0.5693054726750463	0.7271910283207837	([243, 91], [222, 219, 82])
1	0.5970681803912905	0.7271910283207837	([223, 82], [223, 222, 82])
1	0.7263614444979288	0.7272620166033382	([457, 427], [457, 437, 427])
1	0.7122880669347714	0.7277979477478215	([301, 273], [301, 283, 217])
1	0.6255141857918658	0.7282572761875561	([235, 180], [235, 202, 180])
1	0.7090072664627151	0.7287126686199893	([374, 283], [383, 375, 374])
1	0.7228577478140349	0.7289365895239966	([203, 155], [222, 203, 197])
1	0.7045764284514127	0.7289365895239966	([283, 203], [283, 222, 203])
1	0.7213263470916077	0.7290363447454893	([416, 390], [416, 403, 393])
1	0.7143714047153816	0.7291623437600986	([457, 437], [457, 447, 443])
1	0.691599487239155	0.7298812600961384	([399, 329], [399, 388, 383])
1	0.7262795454344757	0.7300110506191092	([243, 138], [243, 137, 135])
1	0.6359465877164127	0.7301092418049283	([307, 219], [317, 307, 278])
1	0.7169388783565079	0.7302633330970532	([95, 80], [98, 95, 80])
1	0.719865841854922	0.7305975429824692	([356, 330], [356, 344, 333])
1	0.598416266035314	0.7310421269489603	([235, 210], [235, 229, 194])
1	0.7281908719341641	0.7314346994218085	([275, 77], [283, 275, 217])
1	0.6786684136329493	0.7319251646525237	([239, 174], [239, 183, 176])
1	0.7238878222267778	0.7323465140643117	([330, 305], [330, 328, 313])
1	0.7077734410386649	0.7325270672890924	([532, 218], [532, 524, 522])
1	0.6945272082880923	0.733017641946778	([301, 236], [308, 302, 301])
1	0.7271258939491223	0.7330186321984531	([561, 535], [561, 557, 535])
1	0.7036078358339642	0.7331164662646273	([178, 168], [178, 174, 168])
1	0.7017593695298222	0.7333992625186743	([522, 218], [559, 548, 540])
1	0.7152240438692976	0.7336877338194312	([502, 478], [502, 491, 490])
1	0.7224290289141636	0.7343898658932356	([49, 8], [49, 39, 8])
1	0.6651277365426531	0.7344142277239177	([99, 84], [99, 98, 88])
1	0.6391202442412751	0.7344344252753066	([229, 61], [229, 61, 54])
1	0.7331902221889725	0.7345836636147514	([182, 154], [182, 173, 154])
1	0.7128156397364155	0.7349503466912333	([183, 153], [184, 175, 153])
1	0.7129394871349375	0.7350962807848538	([107, 65], [107, 95, 71])
1	0.7104461396958501	0.7354797501963295	([580, 555], [580, 577, 555])
1	0.7260751945898362	0.7354797501963295	([603, 555], [603, 577, 555])
1	0.7165809949754769	0.7358133820690349	([193, 179], [193, 186, 179])
1	0.6945049301230316	0.7359936880760564	([504, 228], [498, 235, 222])
1	0.7331991608975169	0.7368334303797388	([243, 30], [243, 30, 14])
1	0.7167088772249758	0.73701795764827	([97, 73], [96, 81, 80])
1	0.7186478232457661	0.7371554079735781	([602, 241], [602, 599, 238])
1	0.7350925416155341	0.7374813168286186	([586, 541], [586, 579, 545])
1	0.6400743277916202	0.7375323852543048	([218, 102], [121, 118, 100])
1	0.728124297782119	0.7376472252130648	([32, 12], [222, 34, 32])
1	0.7279906811070853	0.7380459372043985	([90, 66], [90, 79, 77])
1	0.6277916496122748	0.7380720437580888	([371, 218], [386, 381, 371])
1	0.7376733537636828	0.7381097600474519	([431, 411], [431, 423, 422])
1	0.7337726576102824	0.738176735405473	([373, 322], [373, 372, 217])
1	0.7223705032415225	0.738314403603764	([139, 101], [139, 125, 101])
1	0.7210191289588815	0.7383539751014567	([538, 517], [538, 530, 516])
1	0.5805327260205656	0.7387113820316074	([223, 124], [223, 222, 124])
1	0.6031559260120221	0.7388298882271812	([217, 37], [217, 44, 37])
1	0.7005723505336797	0.7393447845207171	([604, 547], [604, 578, 548])
1	0.7226575718430592	0.7395388481529975	([278, 175], [280, 242, 177])
1	0.7165647276283057	0.739653578970589	([330, 188], [330, 239, 188])
1	0.7297967478736077	0.7397859083980338	([564, 552], [564, 560, 559])
1	0.5206308549438702	0.739818871622415	([549, 326], [568, 555, 549])
1	0.586351655157041	0.7398464447662986	([217, 27], [217, 27, 18])
1	0.6167666987420786	0.7399388082627892	([229, 123], [229, 141, 138])
1	0.7387100421015501	0.7400679997384306	([395, 370], [395, 387, 370])
1	0.7198967435555571	0.7401228941521891	([64, 28], [64, 62, 24])
1	0.7295700121444566	0.740136019455545	([444, 418], [444, 427, 418])
1	0.7143727796967609	0.740236143994668	([431, 394], [431, 411, 394])
1	0.7133541240573756	0.7405149450891655	([548, 243], [588, 583, 542])
1	0.7343247383771412	0.7405174909239711	([396, 243], [396, 391, 243])
1	0.6246025794702627	0.7406554696149144	([229, 48], [229, 52, 38])
1	0.6037508356910637	0.7407147716253075	([337, 235], [346, 332, 229])
1	0.6503040949546793	0.7410597632546937	([275, 184], [275, 217, 183])
1	0.5633848611461431	0.7411216902736677	([219, 85], [116, 107, 72])
1	0.7235664189980545	0.741195196731221	([78, 52], [78, 75, 57])
1	0.6613545765233876	0.7414084248222783	([498, 235], [503, 498, 490])
1	0.7211848116383967	0.7414098341500779	([540, 504], [540, 512, 502])
1	0.725201644499924	0.7414098341500779	([545, 502], [545, 540, 502])
1	0.6185948119248458	0.7415734163254559	([243, 106], [243, 110, 95])
1	0.7410724873871999	0.7418072391391818	([338, 282], [338, 329, 298])
1	0.7337878674687279	0.7422360122156708	([288, 266], [298, 288, 266])
1	0.7168358755770142	0.7422957861040049	([449, 228], [449, 441, 439])
1	0.6099266547907368	0.7423516221250412	([445, 278], [444, 427, 278])
1	0.6964566746337226	0.7425846400005035	([413, 329], [413, 407, 329])
1	0.7358914744486206	0.7431311534666531	([370, 329], [362, 355, 329])
1	0.6564827717542825	0.7431636177987035	([581, 278], [582, 581, 275])
1	0.6240194520780584	0.7433594302669252	([229, 35], [229, 35, 18])
1	0.6355974080582488	0.7434344549412291	([441, 228], [450, 439, 437])
1	0.614063659303248	0.7434977207576068	([390, 235], [390, 386, 222])
1	0.5510491494703836	0.7441922162105824	([235, 14], [71, 51, 50])
1	0.7414037902945032	0.744538819647599	([442, 413], [442, 427, 413])
1	0.7184492665483649	0.7445797016462585	([275, 24], [275, 215, 183])
1	0.7222005161164831	0.7445958070291474	([576, 552], [576, 560, 552])
1	0.7134043052234625	0.7446053615306624	([504, 472], [504, 500, 472])
1	0.672217595060018	0.7449256028778657	([546, 218], [559, 546, 540])
1	0.6968490740396402	0.7449900870196823	([579, 326], [579, 577, 326])
1	0.56889561746911	0.7450842479085643	([223, 98], [223, 124, 98])
1	0.6739205649217265	0.7451514947858066	([239, 60], [239, 71, 8])
1	0.7121437562813022	0.7452106774175706	([310, 256], [293, 256, 236])
1	0.7431797583465527	0.7456831232504504	([359, 340], [359, 354, 353])
1	0.6895804305484715	0.7457463332804585	([544, 505], [541, 539, 519])
1	0.6381039878011778	0.7460108991815703	([361, 243], [361, 358, 243])
1	0.7409793979612141	0.7461598901273351	([474, 447], [474, 461, 454])
1	0.7408565943583764	0.7462206157750102	([586, 239], [603, 586, 577])
1	0.7277745997333788	0.746352182735714	([378, 330], [378, 367, 330])
1	0.6029843628031455	0.7464507446627352	([217, 73], [217, 79, 73])
1	0.7380863284407924	0.7464956035936883	([425, 402], [425, 419, 411])
1	0.6988511613420713	0.7465303748014808	([296, 244], [296, 253, 244])
1	0.7381484914991299	0.7468806612490383	([161, 105], [161, 154, 105])
1	0.746184265438841	0.7473127091112122	([326, 264], [326, 280, 264])
1	0.7361902186183036	0.7475971947280007	([326, 182], [329, 326, 182])
1	0.7473720268799008	0.7476754879212901	([557, 523], [557, 537, 535])
1	0.733113009979197	0.7476754879212901	([551, 537], [557, 551, 537])
1	0.6812323717567479	0.7477409979246961	([278, 209], [278, 218, 194])
1	0.6638720900885462	0.7479468377425782	([278, 115], [275, 93, 82])
1	0.6409966041631396	0.7484512731819212	([410, 243], [420, 411, 243])
1	0.7217545986891055	0.7485117126864097	([378, 222], [386, 378, 371])
1	0.6369969575148056	0.7486768774567519	([247, 217], [284, 247, 229])
1	0.6359398245356617	0.7491768282836341	([603, 328], [604, 603, 328])
1	0.718776573362255	0.749845878905121	([490, 283], [501, 490, 243])
1	0.7471015711003742	0.7498948254019671	([256, 211], [256, 239, 222])
1	0.7101461632426712	0.750003515409994	([601, 278], [601, 600, 242])
1	0.6045492716654507	0.7501346268119863	([605, 0], [604, 241, 0])
1	0.7457720011181064	0.7502248937224029	([189, 157], [228, 200, 157])
1	0.7164197005737398	0.7504065804566507	([329, 258], [329, 258, 256])
1	0.7489201873637147	0.7504523721620199	([337, 279], [337, 335, 279])
1	0.7401253365151594	0.7504559354687333	([472, 449], [472, 466, 449])
1	0.7495931899632594	0.7504854616714615	([414, 384], [414, 403, 401])
1	0.5892331285339484	0.7505544084895477	([381, 243], [383, 371, 362])
1	0.7280020552788583	0.7506359136957972	([523, 484], [523, 510, 497])
1	0.721869646402573	0.7506666264331553	([578, 493], [578, 545, 493])
1	0.6272529122641026	0.7507916280589886	([438, 218], [442, 421, 413])
1	0.6720779335245789	0.7509044426880347	([278, 152], [242, 222, 177])
1	0.7412861387530492	0.7509961601069147	([470, 243], [470, 463, 456])
1	0.7422759985475577	0.7510955428853898	([556, 533], [556, 550, 533])
1	0.7464943662544311	0.7512248323781143	([431, 236], [433, 431, 236])
1	0.7463075094703521	0.7513308897345891	([575, 543], [575, 557, 550])
1	0.7271448660379828	0.75143809690629	([508, 479], [508, 499, 493])
1	0.7319139547109006	0.7515108282947958	([511, 489], [511, 500, 499])
1	0.7503420766136302	0.7516596925060959	([578, 519], [578, 548, 519])
1	0.73308225527452	0.7517970547858447	([177, 134], [177, 134, 112])
1	0.707840823052784	0.7518127089462978	([418, 391], [419, 418, 391])
1	0.6531461494307796	0.7518586722453717	([566, 218], [601, 595, 546])
1	0.7078221237603524	0.7519581325374819	([328, 172], [328, 283, 220])
1	0.6892051066064429	0.7519581325374819	([328, 220], [328, 283, 255])
1	0.6961699239490557	0.7519581325374819	([450, 328], [450, 328, 283])
1	0.7187821901457976	0.7525845944886713	([197, 161], [197, 185, 176])
1	0.4823758583366416	0.7526179697977752	([325, 324], [334, 330, 276])
1	0.7473782519856413	0.7526205063105845	([181, 25], [239, 176, 25])
1	0.7416915633385973	0.7527314835576238	([139, 114], [139, 123, 121])
1	0.7390789699720653	0.7528257907852177	([497, 469], [497, 490, 469])
1	0.7107192693629745	0.7531433677086841	([370, 228], [370, 354, 351])
1	0.746529219468776	0.7532604329214582	([428, 272], [428, 426, 239])
1	0.7351600287047798	0.7532604329214582	([433, 244], [433, 428, 239])
1	0.7318808223335371	0.7532667529112909	([127, 86], [127, 126, 86])
1	0.7033103700363353	0.7533307699912996	([325, 170], [325, 185, 175])
1	0.6185211432325581	0.753346473606536	([592, 218], [582, 566, 540])
1	0.7008538868489478	0.7534144182729842	([458, 218], [470, 458, 243])
1	0.7313934865939802	0.7534741414241364	([201, 165], [201, 195, 165])
1	0.7497810559499316	0.7534815445572786	([225, 67], [225, 215, 183])
1	0.744052906869027	0.7534841625158176	([417, 382], [417, 401, 388])
1	0.7198936652482608	0.7535821937512377	([153, 111], [239, 153, 152])
1	0.7385215041488288	0.7536121332066956	([115, 77], [110, 97, 78])
1	0.5083284574911582	0.7536909599335271	([505, 326], [577, 520, 505])
1	0.7043856093102849	0.7539975711940994	([572, 529], [567, 557, 556])
1	0.7461608130642867	0.754092179711349	([108, 26], [222, 95, 26])
1	0.7392804208419845	0.7541922256305705	([152, 92], [152, 134, 120])
1	0.7075854674114808	0.754273836459364	([58, 1], [69, 58, 1])
1	0.7524734898356561	0.7547533784630155	([323, 184], [323, 275, 235])
1	0.743051813384693	0.7547600023825628	([236, 74], [239, 236, 76])
1	0.7318304434744897	0.7547965934829736	([486, 330], [486, 471, 448])
1	0.7378010340013242	0.7548034090502684	([592, 326], [592, 326, 325])
1	0.6768107703443843	0.7548034090502684	([586, 325], [592, 586, 325])
1	0.7494772741522969	0.7548034090502684	([601, 325], [601, 592, 325])
1	0.7052003863973677	0.7548119739085505	([353, 236], [353, 351, 236])
1	0.7232601538260633	0.7549494789807781	([278, 65], [278, 76, 65])
1	0.7206785996105495	0.7553088199470709	([477, 460], [477, 469, 466])
1	0.7254620929058595	0.755372760500357	([112, 59], [112, 76, 59])
1	0.7138334918757521	0.7554653682153757	([605, 558], [605, 558, 550])
1	0.7545307701880261	0.7555362022887424	([59, 21], [64, 59, 21])
1	0.7277933001841435	0.7556334733608274	([526, 496], [526, 515, 511])
1	0.7226934386446904	0.7559936936326755	([30, 1], [30, 24, 20])
1	0.7547264857109053	0.7565657905539612	([379, 337], [379, 367, 360])
1	0.7314413980665009	0.7569184294929345	([566, 500], [605, 576, 500])
1	0.7571281462814266	0.7572213529666353	([423, 332], [423, 332, 278])
1	0.7434208122815896	0.7572669767057801	([252, 73], [252, 244, 73])
1	0.7034628252665572	0.7573136263567024	([583, 243], [583, 275, 242])
1	0.7566445000261498	0.7574119045704343	([416, 376], [416, 390, 376])
1	0.7490121730037603	0.757479036166433	([488, 456], [488, 479, 456])
1	0.733241168523625	0.7575031029754484	([257, 184], [257, 256, 184])
1	0.7010384694948066	0.7575031029754484	([329, 184], [329, 256, 184])
1	0.7462458873224593	0.757917690692585	([565, 521], [571, 565, 521])
1	0.7429703139266098	0.7579608719403271	([447, 394], [447, 415, 394])
1	0.6294675764833491	0.7582744138241794	([417, 229], [410, 401, 395])
1	0.610693006824633	0.7584109018797496	([365, 235], [365, 353, 236])
1	0.7180102267394346	0.7584139069274948	([439, 401], [439, 421, 410])
1	0.7444209065314391	0.7584199388117683	([605, 508], [605, 508, 501])
1	0.7323427199828351	0.7585976986378826	([177, 114], [213, 212, 106])
1	0.7221818022893478	0.758682073742399	([600, 329], [604, 600, 329])
1	0.592014817394486	0.7588605381552579	([230, 180], [230, 224, 180])
1	0.7575188139067395	0.7590170194786764	([605, 42], [605, 59, 57])
1	0.7201480193112415	0.7590782386243242	([434, 329], [443, 434, 329])
1	0.6958699117227891	0.759164958177893	([391, 278], [397, 391, 383])
1	0.7275544169509242	0.7592499036105983	([222, 47], [222, 47, 26])
1	0.7223312173747031	0.7594480243824323	([581, 506], [581, 506, 275])
1	0.7236190103161131	0.7595271038950521	([508, 330], [508, 479, 471])
1	0.6568010814845516	0.7595294243987933	([506, 242], [581, 545, 502])
1	0.7573780999666474	0.7595891904308958	([530, 485], [530, 511, 489])
1	0.7480776760043994	0.7596698975189514	([281, 63], [275, 77, 73])
1	0.6001274573371713	0.7596698975189514	([217, 79], [275, 217, 73])
1	0.757658994785625	0.7598049637511699	([147, 119], [147, 136, 119])
1	0.7393987596275654	0.7599378825641837	([92, 28], [92, 62, 23])
1	0.7588641883148425	0.7602570288754307	([108, 62], [108, 96, 62])
1	0.7142405855223298	0.760303583408387	([185, 119], [176, 163, 134])
1	0.7365030645379419	0.7603705116896596	([181, 118], [217, 215, 118])
1	0.6051824056756161	0.7603788867783681	([372, 217], [372, 333, 275])
1	0.7501455425833057	0.7603863523443785	([393, 239], [393, 374, 368])
1	0.7536576635008562	0.7604559579174727	([66, 6], [66, 26, 20])
1	0.7476073620328088	0.7607395148953249	([584, 328], [605, 603, 328])
1	0.7582466297180519	0.760876071612302	([382, 348], [382, 348, 342])
1	0.6136519744954773	0.7611705282384448	([505, 218], [546, 519, 505])
1	0.7358768703433147	0.7613525694471954	([546, 23], [579, 546, 25])
1	0.7323215665383929	0.7615670242465095	([558, 222], [558, 543, 535])
1	0.7222542288493401	0.7616101159409855	([542, 229], [542, 506, 505])
1	0.6912332858690071	0.762010883640334	([497, 278], [520, 501, 497])
1	0.7537520590455172	0.7622410402449323	([337, 241], [337, 317, 241])
1	0.5632567454258386	0.7622410402449323	([346, 219], [337, 317, 303])
1	0.6441637917740461	0.7622998033765621	([470, 218], [505, 478, 476])
1	0.6021999023871798	0.7623367992985484	([243, 67], [68, 67, 0])
1	0.7329181968062564	0.7624223279525203	([182, 64], [183, 169, 64])
1	0.7347426719241837	0.7624731207454525	([178, 67], [178, 175, 67])
1	0.6808347342129902	0.7625116509541285	([278, 47], [278, 65, 39])
1	0.7459114540839051	0.7625140419483196	([484, 449], [484, 477, 449])
1	0.7489896226671046	0.7626461332650631	([342, 308], [342, 335, 308])
1	0.7252917414256103	0.762975988019648	([45, 10], [239, 45, 34])
1	0.7170811717848679	0.7629971989192778	([82, 46], [82, 61, 47])
1	0.572355049725545	0.7631215066230866	([508, 219], [507, 506, 275])
1	0.7497365191081801	0.7631334778949679	([171, 135], [171, 161, 137])
1	0.7193041697790832	0.7631638373707065	([74, 40], [74, 71, 23])
1	0.6452197391363714	0.7632401756821934	([218, 52], [242, 70, 66])
1	0.7539103670006878	0.76329651830776	([326, 50], [326, 281, 50])
1	0.7047883498176937	0.7634103522179444	([605, 494], [605, 542, 508])
1	0.7466329699109043	0.7636090526704752	([496, 454], [501, 489, 487])
1	0.7508415524529238	0.7639089804190288	([173, 69], [175, 173, 66])
1	0.7561744707423019	0.7641094075429897	([585, 563], [585, 578, 563])
1	0.7284018184989581	0.7641156483019812	([355, 315], [355, 330, 315])
1	0.6939477666932736	0.7641288776697672	([325, 185], [325, 279, 182])
1	0.7637807315992708	0.7642604687455717	([446, 384], [446, 422, 415])
1	0.7392905875793606	0.7642751035093327	([184, 75], [236, 184, 173])
1	0.7641255889802572	0.7645578724484852	([160, 24], [275, 162, 160])
1	0.7619888823002952	0.7647939595549262	([110, 63], [175, 110, 63])
1	0.7506141126427549	0.7647939595549262	([213, 63], [213, 175, 63])
1	0.6248420109433972	0.7648513701830848	([371, 229], [372, 327, 275])
1	0.7297985498413434	0.7648513701830848	([391, 327], [391, 372, 327])
1	0.6484054997057863	0.7649213393437537	([605, 280], [605, 328, 280])
1	0.7626103773533338	0.7649367753377163	([120, 50], [120, 105, 50])
1	0.7631401364314493	0.7649471038112786	([430, 73], [430, 275, 184])
1	0.7483406875582045	0.7649471038112786	([430, 184], [430, 275, 241])
1	0.7096864541483757	0.7649471038112786	([440, 275], [434, 430, 275])
1	0.7315770505356416	0.7649471038112786	([507, 430], [507, 430, 275])
1	0.762664674479554	0.7649471038112786	([548, 430], [548, 430, 275])
1	0.7516784288742336	0.7650213263475263	([423, 383], [423, 412, 395])
1	0.7603049809691637	0.7651739384687287	([190, 158], [190, 188, 161])
1	0.7294993086048286	0.7651965029102319	([585, 553], [587, 585, 553])
1	0.7366475288350092	0.7652294115540486	([571, 537], [565, 532, 521])
1	0.5611069016994882	0.7653860429886892	([594, 235], [592, 579, 576])
1	0.7611484509358597	0.7654101839026394	([426, 387], [426, 393, 387])
1	0.7641666234828032	0.7654101839026394	([429, 393], [429, 426, 393])
1	0.7150500796334834	0.7654430949557726	([366, 283], [386, 366, 357])
1	0.7507955232383768	0.7659410333799349	([329, 194], [329, 204, 194])
1	0.7632556732385378	0.7661478802035057	([183, 70], [183, 72, 70])
1	0.7629169868133667	0.7662956940622477	([394, 271], [402, 394, 271])
1	0.5517090932528023	0.7663283276386545	([326, 27], [326, 50, 27])
1	0.7543144324819515	0.7667788579643104	([176, 80], [176, 119, 92])
1	0.7483171599563965	0.7668436354034871	([361, 318], [372, 361, 318])
1	0.6801488450728024	0.766886860197565	([517, 278], [517, 506, 275])
1	0.745267712025617	0.7669859812286244	([401, 355], [390, 376, 375])
1	0.7588520742570873	0.7670107222031817	([435, 407], [440, 435, 407])
1	0.7666247757644341	0.7671233152439816	([595, 5], [595, 275, 5])
1	0.7585768033298559	0.7671276797617592	([517, 473], [545, 516, 473])
1	0.7548415062526134	0.7673129035301121	([186, 113], [186, 153, 138])
1	0.7600475199146367	0.7674050684423194	([491, 442], [491, 476, 443])
1	0.764633113968711	0.767413460354649	([560, 514], [583, 579, 514])
1	0.7319370672613539	0.7676014029184363	([553, 510], [580, 555, 553])
1	0.739371601213492	0.7677395432457473	([380, 340], [380, 368, 340])
1	0.7567660951516437	0.767815527271015	([459, 417], [457, 448, 417])
1	0.7511789815543949	0.7678206294833301	([579, 514], [595, 579, 504])
1	0.7301746474592583	0.7679546805101695	([525, 474], [525, 500, 474])
1	0.7587820691103303	0.7680380703525812	([81, 5], [56, 53, 5])
1	0.7608511750390141	0.7680581936149854	([84, 45], [84, 82, 47])
1	0.7424413888600132	0.7682982112934706	([601, 504], [560, 540, 516])
1	0.7583404920676642	0.7683166267713625	([513, 484], [513, 504, 500])
1	0.7646156260203362	0.7684181111021016	([605, 353], [605, 353, 328])
1	0.7475736408384789	0.7684729983715821	([605, 437], [605, 450, 437])
1	0.5401089550941195	0.7684729983715821	([388, 386], [605, 494, 450])
1	0.7612247806358335	0.7684817108137214	([466, 401], [466, 450, 449])
1	0.7601827806675985	0.7685356676818578	([512, 466], [512, 499, 498])
1	0.7572916788199053	0.7685407612433437	([117, 67], [117, 105, 50])
1	0.767445218203653	0.7685496750716374	([423, 251], [423, 283, 278])
1	0.7172376202777854	0.7686256684477417	([112, 76], [112, 91, 77])
1	0.7277368094078709	0.7686735964203409	([447, 243], [501, 458, 243])
1	0.7613894449094022	0.7687660653749286	([112, 25], [112, 108, 25])
1	0.7592973601806255	0.7689677558082816	([147, 99], [147, 139, 99])
1	0.762875966915891	0.7689991568700238	([325, 24], [325, 48, 26])
1	0.7647266394877928	0.7690158170752706	([466, 438], [466, 449, 448])
1	0.7646780561354974	0.7690404850246442	([109, 7], [219, 116, 7])
1	0.6303502727893329	0.7691431567583668	([501, 243], [542, 470, 243])
1	0.7275936746383559	0.7691539822686064	([243, 46], [243, 239, 46])
1	0.5130766644596269	0.7691978759825855	([513, 326], [513, 505, 500])
1	0.7641631446468631	0.7693296653081727	([593, 64], [593, 326, 64])
1	0.7157833318483238	0.7693908357961071	([532, 473], [532, 496, 487])
1	0.749376346215514	0.7695260159219357	([382, 333], [391, 382, 333])
1	0.756343818277958	0.7695260159219357	([394, 333], [394, 391, 333])
1	0.7560079510395156	0.7695372677595833	([60, 2], [60, 47, 2])
1	0.7696278483855625	0.7696581225265022	([399, 236], [399, 393, 236])
1	0.76640837891332	0.7696856731168421	([330, 156], [330, 187, 183])
1	0.7636502587773918	0.7698097629996596	([388, 358], [388, 374, 358])
1	0.7630689922805073	0.7699916488351927	([455, 412], [455, 440, 412])
1	0.7215928905912579	0.7703590285206126	([81, 53], [94, 85, 54])
1	0.7540276552694812	0.7706190036256162	([203, 140], [239, 203, 142])
1	0.761506415420721	0.770649093380024	([470, 436], [476, 469, 436])
1	0.7463792361394579	0.7709809722367383	([145, 102], [145, 127, 122])
1	0.7581903666481051	0.771111419602951	([56, 3], [58, 56, 3])
1	0.7611603185255805	0.7711547558527492	([329, 97], [329, 184, 97])
1	0.7651944849399863	0.7711720730562679	([448, 400], [448, 440, 400])
1	0.7669948160269774	0.7712047575579893	([579, 551], [579, 570, 558])
1	0.7574790432979034	0.7712354410075246	([159, 94], [159, 155, 94])
1	0.7473623928122994	0.7713312312353888	([499, 447], [499, 479, 456])
1	0.761006501955691	0.7713312312353888	([502, 456], [502, 499, 456])
1	0.714961840900675	0.7713357464875489	([543, 222], [543, 515, 514])
1	0.7519219538836994	0.7713903892731	([497, 239], [508, 497, 236])
1	0.7383368593225833	0.7714423625670908	([229, 89], [229, 127, 89])
1	0.7137165507190226	0.7715055002805179	([228, 37], [228, 49, 37])
1	0.7590022368787349	0.7715960755096775	([462, 406], [462, 455, 406])
1	0.7637224865764404	0.7716034662829451	([342, 292], [342, 310, 308])
1	0.7569739719567221	0.7716041894320346	([258, 207], [258, 242, 208])
1	0.7615649196874117	0.7717445082842164	([185, 68], [185, 119, 71])
1	0.7633963603029906	0.7717809145978017	([429, 274], [433, 429, 274])
1	0.7671798703679106	0.7720654786981929	([275, 119], [275, 119, 93])
1	0.6006450286342089	0.7720952317314426	([342, 243], [396, 373, 361])
1	0.7486779111474807	0.7721636526771811	([430, 339], [438, 429, 330])
1	0.7275910448186139	0.7723326437835253	([424, 280], [424, 280, 279])
1	0.7680066437334381	0.7723640414142949	([371, 299], [371, 299, 239])
1	0.7630107491282923	0.7723640414142949	([428, 371], [428, 371, 239])
1	0.7702600025706191	0.7724510177556427	([555, 507], [577, 555, 507])
1	0.7508171624683196	0.7724510177556427	([597, 507], [597, 577, 507])
1	0.7564193278071561	0.7727125229767942	([182, 120], [182, 150, 120])
1	0.7418173701791853	0.7727631054056909	([369, 281], [369, 281, 270])
1	0.7519830518794864	0.7728194066702462	([515, 329], [515, 493, 478])
1	0.7719147121412416	0.7729298444580643	([515, 438], [517, 515, 438])
1	0.7506648345675853	0.7730151376395081	([361, 336], [361, 341, 336])
1	0.7171633354787713	0.7730298490090438	([575, 503], [575, 543, 519])
1	0.7321191543880022	0.7730482098752306	([556, 238], [556, 517, 238])
1	0.7614661828437443	0.7730499262513182	([88, 35], [88, 83, 37])
1	0.7210090710260821	0.7730681688969213	([438, 330], [430, 330, 73])
1	0.761061071277776	0.7731061628958766	([159, 61], [229, 138, 61])
1	0.7561340848891203	0.7732638770088844	([578, 436], [578, 493, 436])
1	0.7711169386923662	0.7732776432008737	([452, 425], [452, 440, 437])
1	0.7437842919464391	0.7733040462499632	([476, 443], [476, 455, 443])
1	0.7587108125249633	0.7733107437426475	([451, 404], [451, 450, 404])
1	0.740390647787246	0.7733107437426475	([521, 404], [494, 450, 404])
1	0.7163405227143235	0.7733202395208914	([242, 97], [242, 218, 108])
1	0.7731789292070227	0.7733696004263183	([436, 238], [436, 430, 275])
1	0.738655979620118	0.7733711820825067	([456, 413], [456, 447, 413])
1	0.7415009672493205	0.7734086374098461	([454, 222], [454, 451, 236])
1	0.7150561045747285	0.7734149589511431	([325, 45], [325, 171, 108])
1	0.7713976707963554	0.7734228303907741	([433, 396], [439, 433, 396])
1	0.7624357488643161	0.7735996652893952	([413, 357], [413, 357, 355])
1	0.764422683784214	0.7736136778096329	([445, 402], [463, 448, 445])
1	0.7612792930943761	0.7739611362933868	([463, 416], [445, 440, 417])
1	0.7568707143438766	0.7740347304553544	([175, 110], [118, 77, 59])
1	0.7119829935121896	0.7740976589607133	([275, 143], [275, 143, 136])
1	0.7713075331550316	0.7741975448727919	([591, 551], [591, 551, 541])
1	0.5279045750191796	0.7743616966766738	([189, 188], [326, 242, 162])
1	0.7427752692172017	0.7745467615116384	([478, 329], [478, 476, 443])
1	0.7496257205672081	0.7746994510015648	([580, 430], [580, 545, 430])
1	0.7497850752508158	0.7747565193024373	([505, 435], [505, 435, 424])
1	0.770941150685434	0.774781175778678	([328, 112], [328, 172, 117])
1	0.7547674898934214	0.7748979448020469	([576, 236], [576, 506, 500])
1	0.7709751991408346	0.7750393489653155	([422, 377], [422, 399, 377])
1	0.7726914002428048	0.7750583003678004	([543, 435], [543, 514, 505])
1	0.6958562896148499	0.7751168353740308	([218, 40], [177, 112, 24])
1	0.7688464167222336	0.7754150683858595	([500, 457], [500, 473, 472])
1	0.7676803172644346	0.7754150683858595	([605, 473], [605, 500, 473])
1	0.7240856097501535	0.7755584119180712	([569, 528], [569, 568, 528])
1	0.7677021106983257	0.775580159239009	([584, 521], [584, 579, 514])
1	0.7725752045290879	0.7755958864174043	([78, 25], [78, 65, 57])
1	0.7726549856363516	0.7757462035101748	([560, 225], [576, 557, 225])
1	0.7745534814054761	0.7757737728480738	([276, 112], [276, 275, 24])
1	0.7502961813634293	0.7757981695523636	([404, 330], [413, 404, 330])
1	0.774716534979028	0.7759964720071295	([493, 452], [510, 493, 459])
1	0.7691425724104017	0.7761593602506069	([269, 137], [275, 269, 137])
1	0.7462662920166647	0.7761903482666245	([585, 517], [585, 577, 505])
1	0.7657616392591944	0.7762323838679456	([248, 62], [248, 244, 62])
1	0.6590210558063038	0.77634373605058	([535, 235], [542, 535, 236])
1	0.7714558522284328	0.7764253444206693	([364, 326], [369, 364, 326])
1	0.7694147417811049	0.7765011076324202	([125, 35], [125, 85, 35])
1	0.5700051259974785	0.7766499331249517	([418, 219], [425, 418, 404])
1	0.7619607317969433	0.7766694347541843	([174, 107], [175, 174, 110])
1	0.7334980885497038	0.7766905141748541	([483, 222], [498, 483, 455])
1	0.7726172988801692	0.7770544692229259	([163, 98], [243, 163, 106])
1	0.7605043457106286	0.7770972821072201	([408, 378], [408, 396, 378])
1	0.7394730062815971	0.7771223890346382	([596, 431], [596, 542, 506])
1	0.769709015118283	0.7772683811083188	([183, 1], [186, 39, 1])
1	0.5799918512794192	0.7773941211631681	([503, 235], [535, 498, 486])
1	0.7317671936986851	0.7774043130049461	([477, 328], [505, 477, 328])
1	0.7279177142321299	0.7774852180860149	([325, 136], [325, 186, 136])
1	0.7499869560396162	0.7776022638353193	([594, 428], [594, 428, 239])
1	0.7554464471831062	0.7776613655725938	([330, 28], [330, 325, 28])
1	0.49922495678055706	0.777709982890173	([568, 326], [398, 340, 326])
1	0.7510839619161805	0.7777189584320956	([171, 68], [183, 171, 70])
1	0.7406548679581092	0.7778345195751836	([214, 20], [220, 214, 20])
1	0.6224666536385889	0.7779981310823333	([470, 229], [469, 330, 239])
1	0.6697230810376686	0.7779981310823333	([539, 239], [476, 469, 239])
1	0.7618076712435673	0.778031597033126	([411, 275], [440, 400, 275])
1	0.7777496659877635	0.7782196334095988	([328, 74], [328, 112, 108])
1	0.7503823977793731	0.7783792479339207	([162, 60], [171, 162, 93])
1	0.7742011575193949	0.7784202882855115	([479, 445], [479, 465, 445])
1	0.5860713299192246	0.7784744110011769	([573, 243], [592, 573, 569])
1	0.7254090709431976	0.7786083310689317	([328, 41], [328, 238, 117])
1	0.614557314701396	0.7789954529041494	([405, 235], [405, 393, 236])
1	0.7053381831139748	0.779259659705521	([579, 25], [546, 325, 25])
1	0.760674573015555	0.779276826667768	([160, 71], [160, 64, 50])
1	0.7099895414241686	0.7793665677888735	([482, 283], [490, 482, 469])
1	0.770039708489628	0.7797958851311458	([402, 337], [402, 337, 325])
1	0.7370059127398454	0.7797987918482367	([438, 280], [438, 435, 280])
1	0.7712512416480947	0.779865644940614	([504, 440], [504, 502, 429])
1	0.7744094180727283	0.7798669999984816	([547, 492], [547, 520, 492])
1	0.7731915127101324	0.7799288880808903	([458, 380], [458, 380, 275])
1	0.7681391240426476	0.7799547924703213	([478, 417], [478, 473, 417])
1	0.7683622458422448	0.7801303665871454	([536, 459], [536, 510, 497])
1	0.7644391811470118	0.7801699624040488	([186, 39], [217, 183, 1])
1	0.772667563983709	0.7802744086840074	([583, 284], [583, 284, 275])
1	0.7630934330180211	0.780282583523511	([570, 239], [564, 557, 497])
1	0.7523345705542263	0.7806326862403997	([236, 107], [236, 107, 50])
1	0.7579193528160886	0.7806598385187674	([601, 551], [601, 558, 551])
1	0.738651828466477	0.7807379424803336	([596, 561], [601, 596, 561])
1	0.7744344264113513	0.7808560703114065	([544, 75], [544, 540, 65])
1	0.7622753487931707	0.7808560703114065	([540, 65], [605, 544, 65])
1	0.7767063445957529	0.7810602920476685	([112, 42], [112, 42, 26])
1	0.7754000612652605	0.7812347541192516	([129, 54], [129, 125, 54])
1	0.7701705967293088	0.7812429130010604	([555, 479], [555, 500, 490])
1	0.7631981083630683	0.7813517173975152	([510, 459], [500, 493, 459])
1	0.7715226143604502	0.7813962798192181	([457, 391], [457, 430, 424])
1	0.7441871927173196	0.7813962798192181	([507, 457], [507, 457, 430])
1	0.7572478242947596	0.7814047545652496	([472, 432], [478, 440, 432])
1	0.7603408569823222	0.7814161062940221	([500, 406], [500, 476, 406])
1	0.765073017996372	0.781586317051698	([561, 482], [561, 531, 525])
1	0.7265528703689761	0.7815974684933019	([488, 278], [497, 488, 475])
1	0.7711127884045677	0.7817607737708301	([597, 75], [597, 580, 544])
1	0.7209903440216219	0.7817867495878217	([434, 243], [434, 420, 419])
1	0.7677136425393335	0.7818181040846531	([356, 320], [356, 340, 330])
1	0.776200450719204	0.781835760465822	([405, 364], [405, 383, 364])
1	0.7772339944307177	0.7818570394199956	([545, 442], [545, 442, 435])
1	0.7774177080457232	0.7819990367197013	([143, 79], [143, 122, 101])
1	0.7815609116435498	0.7823012994047366	([497, 417], [497, 473, 469])
1	0.7732996087789165	0.7826188879671306	([170, 75], [184, 170, 169])
1	0.7740632744839456	0.782681091693948	([594, 68], [594, 579, 68])
1	0.6612377427705449	0.7828753982022104	([235, 99], [235, 129, 99])
1	0.7635305958766115	0.7829054127056783	([600, 23], [604, 600, 0])
1	0.5632118888745393	0.7833820468483275	([234, 59], [252, 234, 59])
1	0.7630218223031531	0.7835053915609352	([587, 281], [604, 587, 272])
1	0.7502862108729189	0.7835524865344772	([540, 429], [504, 503, 431])
1	0.7807231382331066	0.7838845348021237	([519, 269], [519, 506, 242])
1	0.77940988206612	0.7840270365899112	([572, 498], [572, 535, 526])
1	0.7715649997710202	0.7840338601664254	([392, 352], [392, 366, 352])
1	0.5990300542495396	0.7841315571166556	([230, 106], [230, 221, 106])
1	0.7754237401657943	0.7844275989617119	([557, 204], [557, 225, 204])
1	0.7220660524359214	0.7844717644950183	([557, 330], [604, 575, 328])
1	0.782228413995671	0.7847081098823373	([586, 50], [586, 65, 50])
1	0.7540514651990231	0.7849559010442261	([196, 144], [200, 196, 144])
1	0.7818004211388286	0.785073048080774	([325, 15], [325, 24, 15])
1	0.7718779639993903	0.78510791588804	([431, 364], [431, 381, 364])
1	0.7565228423031829	0.7853478505687695	([151, 80], [151, 120, 108])
1	0.7845106995065237	0.7853931515018343	([431, 250], [431, 255, 250])
1	0.7638697978551101	0.7854977654487606	([150, 88], [150, 120, 88])
1	0.7673661301634738	0.7855671597742818	([123, 56], [229, 123, 11])
1	0.7612924140499294	0.7857156504517737	([376, 332], [376, 356, 332])
1	0.7737663168712413	0.7858386967036594	([240, 65], [240, 239, 65])
1	0.7213413642516119	0.7858386967036594	([605, 65], [540, 239, 65])
1	0.7794313744658765	0.7860974150992001	([433, 328], [440, 433, 328])
1	0.7858176591290603	0.7862147796218265	([96, 41], [328, 94, 41])
1	0.7700054134354629	0.7864312663249401	([276, 196], [276, 196, 179])
1	0.7478108547825497	0.7865474638500206	([447, 318], [447, 318, 249])
1	0.7329898556299858	0.7867284253068242	([329, 53], [329, 97, 73])
1	0.773995312877848	0.7867909647192909	([102, 20], [102, 82, 72])
1	0.7510551572802167	0.7867993407367226	([603, 67], [547, 275, 217])
1	0.7832992276940498	0.7868531158513604	([352, 319], [352, 338, 319])
1	0.7864459056943673	0.7868712622465862	([330, 14], [330, 325, 15])
1	0.7078896545024107	0.7868754678577385	([481, 275], [499, 481, 473])
1	0.7864847195902109	0.786953725386089	([359, 310], [359, 327, 323])
1	0.7601542474942059	0.7870707191901845	([145, 87], [145, 124, 78])
1	0.7452632343793354	0.7874214494529346	([368, 321], [368, 337, 327])
1	0.782815253710538	0.7875070857762382	([412, 343], [412, 375, 342])
1	0.7710628426896986	0.7875315634599885	([138, 24], [138, 113, 24])
1	0.7726255752813378	0.7876322611371792	([188, 83], [188, 171, 93])
1	0.7682063269858972	0.7877093095843737	([133, 87], [133, 116, 87])
1	0.7796519818844038	0.7877405058118598	([426, 326], [426, 326, 298])
1	0.7843348433293651	0.7878699280867191	([560, 457], [560, 516, 457])
1	0.7622655210548288	0.7878948502537458	([525, 424], [525, 524, 424])
1	0.7407669519200467	0.7879037197541969	([319, 80], [329, 319, 80])
1	0.5686068425319636	0.7879598810860526	([461, 326], [505, 457, 424])
1	0.7194019259306008	0.7880098447802938	([330, 119], [330, 214, 173])
1	0.7815841650557334	0.7883093284046723	([491, 426], [491, 442, 435])
1	0.7077517109783886	0.7883210653413658	([228, 53], [228, 173, 53])
1	0.6344622792059234	0.7883375434937024	([460, 219], [460, 418, 413])
1	0.6600971288237695	0.7884729664684977	([514, 222], [514, 506, 242])
1	0.7793015763834085	0.7884880073367296	([487, 437], [509, 505, 437])
1	0.7760781035412166	0.7885244753831098	([474, 421], [474, 446, 422])
1	0.7676923706999421	0.7885428961627732	([279, 58], [279, 238, 1])
1	0.7799763218816014	0.7885546931898822	([328, 94], [96, 64, 29])
1	0.7705358601650807	0.7887313259400799	([600, 508], [605, 600, 508])
1	0.7600212768093692	0.7888485422878813	([111, 2], [239, 111, 2])
1	0.7508496244527897	0.7888485422878813	([174, 2], [239, 174, 2])
1	0.7827883609681698	0.7888788794803239	([603, 444], [603, 593, 394])
1	0.7858518702873887	0.7889262127050573	([161, 73], [217, 161, 112])
1	0.7875341801130386	0.7890029952901784	([162, 26], [186, 162, 26])
1	0.775467701966719	0.789056861836129	([320, 214], [320, 241, 229])
1	0.6179205354090448	0.7892104918145786	([379, 230], [379, 239, 225])
1	0.7684438824411792	0.7896888102745624	([395, 328], [395, 370, 328])
1	0.780864256494386	0.7897267614194885	([311, 92], [311, 242, 218])
1	0.764312625900614	0.7897701114952465	([199, 129], [235, 210, 129])
1	0.6537360927672593	0.7897737724658491	([235, 129], [235, 99, 22])
1	0.7698791122746977	0.7900162592454661	([245, 113], [278, 245, 184])
1	0.7776355097414878	0.790264070363207	([436, 358], [436, 373, 358])
1	0.7832959563610569	0.7904507655785631	([423, 64], [423, 326, 251])
1	0.7478040034208557	0.7904507655785631	([418, 326], [423, 418, 326])
1	0.7622743123529878	0.7904507655785631	([441, 326], [441, 423, 326])
1	0.7811761878542925	0.7906641767536275	([100, 2], [225, 100, 93])
1	0.7820977143968152	0.7907064431383644	([439, 343], [439, 399, 343])
1	0.7691418269189042	0.7907531144929171	([510, 108], [510, 328, 283])
1	0.5539377663970039	0.7908303561719772	([388, 219], [389, 375, 307])
1	0.7840725977540145	0.7911772685688756	([430, 107], [430, 330, 107])
1	0.7593836071813389	0.7912616061841514	([460, 274], [463, 460, 242])
1	0.7213246377283817	0.7912616061841514	([463, 242], [501, 460, 242])
1	0.7680262891775175	0.7913121293069398	([593, 394], [593, 394, 275])
1	0.7814943038438911	0.791358456665491	([550, 427], [546, 505, 437])
1	0.77855108059064	0.7916515517561913	([153, 40], [177, 175, 40])
1	0.7885841379249842	0.791659237685343	([389, 347], [389, 358, 347])
1	0.7832720930186381	0.7916854477169327	([574, 106], [574, 278, 275])
1	0.7653034131588835	0.7920292531105858	([205, 109], [205, 125, 109])
1	0.7784077619691349	0.7920661333814654	([592, 168], [592, 326, 168])
1	0.7615490301674247	0.7922686565991675	([570, 483], [570, 533, 496])
1	0.7879785435963672	0.7923258391562567	([134, 30], [242, 176, 30])
1	0.7895348598767211	0.792388725690659	([457, 296], [457, 326, 280])
1	0.7735287509787069	0.7924298955205813	([110, 21], [110, 109, 21])
1	0.7699230270236178	0.7925241913275977	([538, 436], [538, 515, 436])
1	0.7656880286336064	0.7925569028085527	([326, 130], [326, 325, 130])
1	0.7884101233134724	0.7926083415279405	([122, 57], [122, 94, 85])
1	0.7703629364811316	0.7926817207386316	([593, 476], [593, 476, 394])
1	0.7872186125147506	0.7926927447185593	([594, 486], [594, 499, 486])
1	0.709051541044433	0.7928646931078785	([538, 283], [538, 436, 275])
1	0.780737836053032	0.792902680977362	([89, 51], [89, 80, 77])
1	0.539422441613755	0.7929783463251435	([139, 138], [240, 233, 138])
1	0.7830912046682442	0.7929815575313897	([103, 3], [120, 103, 3])
1	0.7578181899971176	0.7930211955032644	([354, 286], [354, 316, 286])
1	0.7878366490645807	0.7931378505357504	([471, 410], [471, 466, 410])
1	0.7658192933408006	0.793240955526663	([548, 26], [548, 217, 28])
1	0.7742979508967277	0.7934206909993697	([502, 64], [549, 545, 64])
1	0.7902734638380909	0.7935415850667867	([258, 195], [258, 220, 195])
1	0.7824967777234976	0.7936477756203053	([564, 486], [564, 533, 486])
1	0.7853279138985501	0.7937734233842234	([557, 448], [557, 521, 448])
1	0.7928684655819289	0.7937803932872612	([428, 334], [428, 426, 334])
1	0.7800696031758004	0.7937962765412753	([457, 354], [457, 391, 354])
1	0.7887414135043225	0.7941209328334082	([452, 365], [452, 418, 365])
1	0.7401298860475631	0.7941877044522353	([250, 51], [250, 77, 64])
1	0.7680931427382044	0.7945254928488565	([604, 425], [604, 578, 423])
1	0.7497502897586009	0.7946289523607226	([322, 114], [322, 266, 114])
1	0.7627730928555925	0.7947506976521463	([421, 362], [421, 383, 362])
1	0.6418158286921981	0.7948611126325899	([511, 229], [511, 470, 457])
1	0.785256867326662	0.7951421559688926	([454, 371], [454, 406, 371])
1	0.7781890264273008	0.7955098896343905	([544, 420], [544, 502, 492])
1	0.7894237485403436	0.7959153039545757	([591, 443], [591, 581, 457])
1	0.75275052408433	0.7959315118749665	([505, 375], [505, 375, 330])
1	0.7808220300237038	0.7960379273244998	([496, 409], [496, 494, 409])
1	0.7904377091034196	0.7961766438607587	([189, 101], [189, 128, 101])
1	0.7620334189777249	0.7962807887300802	([553, 454], [553, 521, 510])
1	0.7874458926874693	0.7963011388334837	([337, 70], [429, 337, 319])
1	0.7895623495742392	0.7963169362084254	([564, 459], [564, 523, 459])
1	0.79182179531184	0.7964725621474533	([550, 443], [550, 519, 329])
1	0.7916392648394025	0.7965153738061781	([604, 114], [604, 424, 239])
1	0.7771451103622963	0.7965928714437771	([557, 63], [599, 591, 63])
1	0.7939974066900266	0.7966569259922929	([562, 279], [605, 599, 562])
1	0.6087532186543927	0.7966752234926366	([597, 228], [593, 228, 173])
1	0.7507744323408366	0.7966865313374781	([431, 215], [431, 236, 215])
1	0.796109734475537	0.7970213587243585	([481, 388], [481, 401, 388])
1	0.7903808147002849	0.7970255500697215	([571, 79], [571, 550, 329])
1	0.7677551306119039	0.7970907497897775	([444, 300], [444, 407, 329])
1	0.7882125903937073	0.7971670438130646	([592, 535], [592, 569, 534])
1	0.7768182784987846	0.7973359829162561	([509, 160], [509, 330, 160])
1	0.7947350795940455	0.7973486221430837	([146, 66], [149, 146, 66])
1	0.7915978007064577	0.7973596719111967	([525, 433], [525, 433, 424])
1	0.793031046623354	0.797386943348385	([508, 427], [542, 508, 427])
1	0.768417723905056	0.7974768454618277	([502, 245], [502, 429, 248])
1	0.7852976112026998	0.7974982689555291	([601, 457], [601, 457, 325])
1	0.7973664623533127	0.7976087362845855	([526, 434], [538, 526, 434])
1	0.7954222986699662	0.7977162786964209	([603, 297], [603, 298, 297])
1	0.7887539247582906	0.7977766369842308	([86, 15], [86, 79, 15])
1	0.7095443118391658	0.7977920333474366	([528, 228], [561, 528, 515])
1	0.7873242744112862	0.7979104026200766	([511, 249], [511, 431, 215])
1	0.7811760471285053	0.7979430735908222	([588, 477], [588, 580, 328])
1	0.7513922398907279	0.7980363958006821	([429, 70], [337, 319, 70])
1	0.727496129348937	0.7982160305931745	([605, 103], [605, 103, 67])
1	0.7910211830432691	0.7982163638837488	([571, 395], [571, 395, 329])
1	0.7832173064054573	0.7982202874033351	([257, 198], [257, 250, 198])
1	0.7954834458492714	0.7984202960307467	([508, 406], [508, 499, 406])
1	0.790736350029707	0.7984589751610826	([376, 251], [376, 331, 292])
1	0.7932785019357755	0.7985163193814875	([186, 51], [186, 56, 51])
1	0.6207259369513127	0.7986406382691666	([555, 228], [561, 493, 482])
1	0.7963711804346649	0.7988069502092682	([455, 397], [482, 455, 448])
1	0.7797257623946073	0.7988746403875987	([586, 466], [586, 545, 502])
1	0.7727755122819647	0.7990802232204827	([424, 114], [604, 239, 154])
1	0.5346674179441343	0.7991924645949733	([17, 8], [226, 225, 16])
1	0.7946687666576253	0.7992560770011554	([323, 78], [330, 323, 78])
1	0.784654181521904	0.7992990850780568	([133, 13], [133, 42, 12])
1	0.7960122548682561	0.7993916645759126	([568, 447], [568, 447, 329])
1	0.7698667690564129	0.7996200143654665	([443, 353], [443, 374, 353])
1	0.787148822160737	0.7996200143654665	([435, 374], [443, 435, 374])
1	0.7654682612036661	0.7997591558713413	([605, 402], [605, 437, 402])
1	0.7806285045457366	0.7999374151643434	([550, 274], [550, 545, 274])
1	0.7944818778854522	0.8001290170439084	([255, 21], [255, 238, 64])
1	0.7902997713627632	0.8001425222646065	([493, 24], [604, 501, 493])
1	0.7904543153851059	0.8001624080903487	([590, 175], [590, 278, 275])
1	0.7961749860358244	0.8002384367599544	([603, 18], [603, 544, 18])
1	0.7996341325781304	0.8002973813874245	([591, 174], [605, 591, 174])
1	0.780944391474243	0.8003164809626829	([90, 19], [222, 90, 19])
1	0.7843286144294623	0.8004210429319124	([331, 114], [331, 322, 236])
1	0.787698250298799	0.8006880928344027	([91, 7], [91, 86, 4])
1	0.7917252842899152	0.8007976596711308	([513, 421], [513, 421, 330])
1	0.7953319961788141	0.8012948517958856	([140, 31], [140, 56, 36])
1	0.7957539275280069	0.8012948517958856	([139, 36], [140, 139, 36])
1	0.7877725906902785	0.8018114753160802	([456, 385], [456, 413, 385])
1	0.7853444370454221	0.802234182975544	([413, 72], [426, 413, 72])
1	0.7867111169369223	0.8022908582788172	([578, 462], [578, 462, 457])
1	0.587568874570712	0.8022941967940818	([230, 136], [250, 230, 136])
1	0.801075903468723	0.802309849840508	([398, 70], [398, 278, 70])
1	0.7433482684829267	0.8023287577990327	([532, 229], [542, 532, 505])
1	0.7974967237152141	0.8023970295983106	([488, 428], [488, 440, 428])
1	0.7901227173672197	0.8024751761812997	([598, 445], [598, 546, 445])
1	0.801015773774855	0.8026101493362385	([560, 68], [560, 329, 111])
1	0.7727971153939278	0.8028410538304307	([359, 26], [359, 325, 218])
1	0.8021532192524061	0.802844713664288	([528, 97], [528, 217, 97])
1	0.7953937780982326	0.8028619103682966	([544, 7], [544, 65, 18])
1	0.7952951649512912	0.803151103672313	([476, 28], [593, 476, 28])
1	0.7872082451129577	0.8033206952148605	([432, 265], [432, 265, 236])
1	0.7839001599237688	0.8037784482746482	([578, 110], [605, 578, 437])
1	0.8009066382345246	0.8037870854774671	([567, 468], [567, 493, 468])
1	0.7947716180647395	0.8038102708537929	([562, 466], [562, 514, 450])
1	0.7893512324186196	0.8039408043071652	([455, 386], [455, 386, 328])
1	0.7770829547089074	0.8039408043071652	([455, 311], [455, 440, 328])
1	0.8023954297699162	0.8039830677401786	([189, 38], [189, 157, 38])
1	0.7998514739152159	0.8039858962669391	([543, 107], [586, 543, 541])
1	0.7948759015998282	0.8040326934739045	([579, 214], [579, 280, 214])
1	0.7980353773109964	0.8040445460449333	([377, 268], [377, 336, 268])
1	0.7874251745321124	0.8041375147393918	([518, 280], [577, 518, 505])
1	0.7933099487782775	0.8041582343325799	([482, 397], [455, 415, 406])
1	0.7957042079952312	0.8041582343325799	([573, 415], [573, 455, 415])
1	0.793006401507495	0.8041932882035305	([333, 153], [333, 258, 239])
1	0.7932016666731508	0.8042630458253833	([578, 19], [579, 578, 19])
1	0.7985192685410181	0.8044195122662692	([456, 356], [456, 438, 413])
1	0.8044587573089923	0.8044778268661071	([185, 88], [185, 98, 88])
1	0.7920897465747244	0.8044778268661071	([274, 98], [274, 185, 98])
1	0.7838805954535042	0.8047734013007316	([428, 96], [428, 220, 96])
1	0.7666162737102012	0.8048004434472502	([427, 68], [427, 228, 215])
1	0.7937920414434975	0.8048742732340645	([393, 96], [393, 236, 96])
1	0.8025754852881007	0.8048800610803589	([237, 169], [237, 219, 167])
1	0.7959072040349469	0.8049536038953352	([329, 16], [329, 266, 16])
1	0.8031012374031393	0.8049960411171868	([308, 205], [308, 307, 205])
1	0.7999171479796842	0.8052228724417877	([515, 380], [515, 380, 329])
1	0.8015390845896159	0.8053415089704036	([575, 385], [575, 539, 239])
1	0.7859164325877646	0.8054162944376936	([485, 412], [496, 485, 412])
1	0.8009309691328516	0.8054165167951371	([500, 23], [500, 445, 23])
1	0.8019155744232772	0.8054762811868468	([165, 44], [179, 165, 44])
1	0.7790367564587175	0.805722940178759	([384, 311], [390, 384, 311])
1	0.7972749961872788	0.8057348919489328	([581, 390], [581, 429, 390])
1	0.7587623242909596	0.8058478270473909	([579, 470], [582, 579, 470])
1	0.8046805829183863	0.8059564152117104	([439, 252], [439, 428, 375])
1	0.7811189734144334	0.8061375664452541	([599, 509], [599, 544, 509])
1	0.7856813639307821	0.8063556148861227	([522, 37], [522, 218, 217])
1	0.7980220689074365	0.8064313177994866	([319, 195], [319, 217, 195])
1	0.8013670558656917	0.8067782749415506	([301, 61], [594, 301, 239])
1	0.8015956855935295	0.8069123536479609	([434, 27], [434, 243, 239])
1	0.8063934600666225	0.8069702058275388	([496, 276], [496, 438, 276])
1	0.7817346402176205	0.807018425465145	([122, 32], [122, 81, 31])
1	0.7625380759359914	0.8070720295390004	([123, 34], [123, 97, 56])
1	0.8024843827875427	0.8071474779041256	([454, 64], [576, 454, 64])
1	0.7633895772627356	0.8072188367010665	([536, 1], [546, 536, 1])
1	0.7944594397468003	0.8072193120375486	([409, 335], [423, 409, 335])
1	0.5001015189518797	0.8072391299675516	([235, 229], [240, 233, 224])
1	0.7751960891386706	0.8072555073335064	([561, 426], [561, 513, 426])
1	0.7990394937686389	0.8073686288203693	([527, 333], [527, 503, 329])
1	0.7954950086231328	0.8074639344418949	([467, 358], [467, 440, 328])
1	0.7965392989459444	0.8076429359905107	([304, 161], [304, 284, 161])
1	0.7842553343596154	0.8079215850859752	([295, 52], [297, 295, 52])
1	0.8069383561948062	0.8081252855878768	([560, 406], [560, 406, 329])
1	0.7935888549594468	0.8083908990678326	([502, 327], [502, 327, 303])
1	0.7990935585563219	0.8084304106738727	([489, 402], [489, 402, 329])
1	0.7993118674434575	0.8086539377083392	([567, 40], [579, 567, 40])
1	0.7591552227762257	0.8087641157340139	([596, 478], [596, 518, 478])
1	0.8073547366014387	0.8088106813055049	([572, 451], [573, 572, 451])
1	0.8032496228341502	0.808914182987184	([555, 446], [555, 477, 456])
1	0.7942496145821771	0.808914182987184	([567, 456], [567, 555, 456])
1	0.8016118402845073	0.808931940520603	([383, 168], [383, 243, 181])
1	0.8060603826522692	0.8091950594707196	([516, 0], [516, 507, 0])
1	0.8001534966178873	0.809196138334023	([487, 405], [494, 487, 405])
1	0.8004285933327708	0.8092769181129721	([560, 21], [560, 236, 21])
1	0.8075301924660626	0.8097229198653294	([477, 181], [477, 320, 239])
1	0.8034616993730902	0.8098619800442762	([427, 97], [427, 97, 68])
1	0.7824661763023971	0.8100807910891883	([419, 265], [419, 403, 265])
1	0.8040366754854481	0.8101532009036357	([540, 405], [540, 405, 236])
1	0.8039712456041143	0.8103756718396591	([591, 297], [605, 591, 297])
1	0.7711955200311001	0.810453678009136	([603, 82], [603, 92, 78])
1	0.8059806969778357	0.8104715866423127	([505, 71], [505, 328, 1])
1	0.7859544469687944	0.810475877791919	([543, 2], [543, 107, 92])
1	0.8085583909639055	0.8107347260947049	([563, 0], [575, 563, 0])
1	0.8104888928013483	0.8107721351944982	([201, 89], [201, 180, 132])
1	0.8084522655340124	0.8108732472545905	([377, 313], [377, 350, 313])
1	0.7910588976282399	0.8109298602805135	([515, 44], [515, 239, 44])
1	0.7931716593292906	0.8109812090017414	([492, 325], [573, 492, 455])
1	0.8038043341172394	0.8111921297389662	([463, 180], [463, 448, 180])
1	0.810665862139229	0.8112447559484353	([551, 376], [551, 376, 329])
1	0.7855924640412187	0.8112525046546654	([580, 472], [580, 510, 472])
1	0.8064741123624511	0.81137015940133	([389, 47], [389, 239, 47])
1	0.7995519719957263	0.8116245323358806	([409, 130], [409, 335, 326])
1	0.80150598329418	0.8117013486577637	([293, 168], [293, 220, 157])
1	0.7890630286554605	0.8118079225759139	([538, 68], [538, 501, 68])
1	0.8090308444499199	0.8121224865562211	([587, 106], [587, 279, 106])
1	0.791655901419254	0.8125038445591393	([498, 383], [498, 383, 330])
1	0.7987263978891248	0.8125987324634131	([496, 348], [496, 348, 329])
1	0.7986475348487402	0.8126834794452152	([130, 33], [130, 90, 19])
1	0.8000306661618859	0.8127630065717613	([552, 265], [570, 552, 261])
1	0.7988191290338684	0.8127630065717613	([578, 261], [578, 570, 261])
1	0.7972638031367315	0.8129130062817784	([487, 376], [487, 420, 389])
1	0.8010111424720374	0.8130090960442978	([351, 133], [351, 180, 133])
1	0.7866979063189687	0.8135456205157605	([382, 191], [369, 236, 191])
1	0.8094353260601754	0.8142550395955755	([303, 51], [330, 303, 51])
1	0.7548254983831025	0.8142550395955755	([429, 51], [429, 330, 51])
1	0.8017785330561986	0.8142819933545135	([309, 142], [309, 239, 238])
1	0.8014920848274492	0.8143487091048041	([532, 413], [532, 489, 413])
1	0.8032460952694455	0.8146172995281171	([541, 245], [586, 541, 245])
1	0.8105334792335208	0.8149789825723122	([311, 125], [311, 239, 125])
1	0.517588738346222	0.815078590390888	([212, 211], [247, 232, 211])
1	0.79674881151392	0.8151185793279773	([431, 161], [431, 161, 108])
1	0.805540185198507	0.8151371741008477	([591, 116], [591, 116, 63])
1	0.7951987696995242	0.8152916373191756	([261, 57], [325, 261, 248])
1	0.7845622720542329	0.8153861224720323	([513, 224], [513, 454, 446])
1	0.8154051974769482	0.8158458772481226	([535, 109], [535, 236, 107])
1	0.7924397932545398	0.8159811037890876	([479, 359], [479, 445, 330])
1	0.7972503291277818	0.8165211637498327	([463, 341], [463, 398, 341])
1	0.8054302469536319	0.8165543804316142	([592, 479], [592, 479, 429])
1	0.7908123138924005	0.8166564148106278	([533, 9], [533, 328, 17])
1	0.794784541545268	0.816708810324405	([495, 185], [495, 447, 329])
1	0.8110388776887335	0.8170027409492445	([521, 125], [521, 415, 217])
1	0.8112455735500234	0.8170203281169692	([584, 401], [584, 455, 449])
1	0.8168435647407571	0.8171268265256881	([468, 361], [468, 361, 217])
1	0.8141105185053155	0.8172690199463581	([582, 378], [599, 582, 378])
1	0.8169926980278837	0.817540032520424	([465, 366], [465, 451, 366])
1	0.8121627444267185	0.817969008916896	([568, 161], [577, 568, 161])
1	0.8175437725040605	0.8180161978600655	([362, 103], [362, 330, 103])
1	0.8084128505781304	0.8184773693860191	([517, 187], [517, 328, 187])
1	0.7193350890641972	0.8186657900611924	([283, 126], [283, 217, 126])
1	0.7109794937485556	0.818707456947903	([563, 283], [563, 283, 0])
1	0.7921713016587761	0.8187868345445067	([412, 224], [412, 378, 260])
1	0.7926842283738245	0.8189459436132142	([142, 9], [142, 82, 34])
1	0.8093089071754132	0.8189734630300293	([445, 61], [445, 301, 236])
1	0.8164902649375563	0.8191891324396988	([448, 89], [448, 330, 95])
1	0.7836611440564729	0.8196381686223038	([565, 14], [565, 563, 14])
1	0.7906656682305369	0.8198169305001142	([502, 139], [502, 239, 139])
1	0.783561954011698	0.8201099255591866	([458, 20], [458, 435, 20])
1	0.7785348521776153	0.8201361639789232	([237, 67], [237, 67, 45])
1	0.8022610067998374	0.8202706968067125	([520, 129], [520, 239, 129])
1	0.8028269475563119	0.8205911113830844	([587, 448], [596, 587, 448])
1	0.8018585655371832	0.8208848265688946	([549, 341], [549, 341, 327])
1	0.8178735194705933	0.8208853263905005	([420, 28], [420, 222, 217])
1	0.8032970758911044	0.8208900994276357	([474, 276], [595, 474, 457])
1	0.8091340735271919	0.820948652801022	([395, 62], [605, 395, 328])
1	0.7982968239214466	0.8214852866944465	([405, 87], [405, 275, 95])
1	0.8177481062107997	0.8215163966243381	([197, 57], [197, 186, 56])
1	0.7872099550280525	0.8215163966243381	([204, 56], [204, 197, 56])
1	0.8163142374837904	0.8216340323678886	([602, 195], [602, 238, 220])
1	0.8176135551804647	0.8217644015189745	([433, 179], [433, 179, 111])
1	0.8128758328900048	0.8217926226235448	([490, 72], [571, 490, 485])
1	0.817777125839966	0.8218819793156441	([394, 61], [394, 138, 119])
1	0.8124056253211956	0.8219658622276116	([569, 163], [569, 328, 214])
1	0.8151109740670824	0.8220772042557561	([527, 442], [527, 492, 475])
1	0.8128830405886753	0.8225743581496077	([375, 90], [408, 375, 90])
1	0.8095981966192156	0.8228333630157549	([368, 55], [368, 236, 55])
1	0.8021034489292851	0.8229157048567698	([530, 318], [530, 498, 318])
1	0.8221804579354592	0.8231207316660687	([526, 21], [548, 526, 21])
1	0.8074666698044055	0.8232938652811572	([296, 86], [296, 179, 78])
1	0.8086269067385271	0.8233334995674332	([372, 58], [372, 239, 139])
1	0.7918259532044613	0.8233783868891015	([492, 58], [493, 58, 24])
1	0.7957212901623493	0.8236954384449855	([553, 36], [553, 60, 37])
1	0.7796587572643774	0.8236954384449855	([553, 60], [553, 522, 37])
1	0.820662971179015	0.823791957004655	([529, 47], [529, 516, 47])
1	0.8021480411159182	0.8239166570051637	([447, 50], [447, 284, 236])
1	0.8233854923978425	0.8239199942714788	([517, 132], [595, 517, 132])
1	0.820568507053138	0.8240768825397975	([549, 180], [549, 326, 162])
1	0.8118247242705907	0.8242762852911912	([439, 3], [439, 422, 3])
1	0.8179163097778014	0.8243390609855009	([158, 30], [158, 30, 1])
1	0.8206749115866183	0.82437438642077	([337, 38], [337, 274, 38])
1	0.8221602955104557	0.8246809177900855	([416, 80], [432, 416, 80])
1	0.8025725079040297	0.8247768472856565	([390, 39], [556, 391, 390])
1	0.8049932597820759	0.8247958196658576	([489, 34], [489, 242, 236])
1	0.8136054080593429	0.8248381337075543	([265, 127], [255, 239, 127])
1	0.8236581450452244	0.8249943126892525	([530, 259], [530, 489, 259])
1	0.817994102696739	0.8255594964752929	([574, 151], [574, 184, 151])
1	0.8028442134349115	0.8256603634132924	([389, 179], [544, 389, 179])
1	0.8209775038355893	0.825756865316782	([492, 384], [492, 445, 378])
1	0.8137130465639778	0.8259022008878804	([601, 387], [601, 581, 390])
1	0.8242890199070501	0.826165592524176	([417, 105], [417, 329, 53])
1	0.8191464772544212	0.8262144742250666	([464, 40], [464, 84, 3])
1	0.810261798986994	0.8262144742250666	([464, 84], [464, 439, 3])
1	0.8178925627914929	0.8263412348010818	([309, 35], [305, 35, 20])
1	0.8126481113194215	0.826501073579004	([416, 36], [416, 236, 36])
1	0.7802678576454217	0.8267362217362741	([580, 113], [576, 113, 61])
1	0.8210694140937488	0.8269323305720206	([551, 69], [551, 69, 30])
1	0.821861331673508	0.8271083248047763	([477, 40], [542, 477, 70])
1	0.807018892025729	0.8271176339499523	([589, 352], [593, 369, 352])
1	0.827221191810272	0.8274404856667028	([526, 277], [558, 526, 277])
1	0.7723129476034629	0.8275689038160945	([276, 35], [276, 35, 24])
1	0.8234956031498344	0.827617276457897	([494, 74], [550, 494, 74])
1	0.8276277768381515	0.8277941963031339	([439, 113], [439, 437, 113])
1	0.8265712521977472	0.828268604552796	([480, 290], [480, 293, 290])
1	0.8183978922213078	0.8282778768581432	([301, 29], [427, 301, 29])
1	0.8091726511202362	0.8284194094785122	([536, 251], [536, 278, 251])
1	0.8185002034290882	0.8284939551984047	([411, 88], [528, 411, 88])
1	0.8174457958369649	0.8287052959971836	([482, 68], [588, 482, 477])
1	0.8207559949909384	0.8288452745964107	([277, 36], [277, 249, 212])
1	0.8232194136990966	0.8288625937336738	([472, 170], [472, 330, 158])
1	0.8013072324826321	0.8288625937336738	([534, 158], [534, 472, 158])
1	0.7345769009665962	0.8290422246811068	([566, 229], [566, 465, 422])
1	0.7941969385295644	0.8292074732021546	([482, 165], [510, 482, 165])
1	0.8004707936187392	0.8298253157415985	([384, 132], [384, 312, 236])
1	0.8000114064761902	0.83002295365738	([488, 33], [605, 488, 213])
1	0.8112745604738497	0.8304296957814947	([498, 112], [498, 487, 112])
1	0.8160088539391704	0.830657738499093	([534, 364], [534, 417, 387])
1	0.830391865294513	0.830682461449178	([514, 189], [514, 428, 189])
1	0.8271866413146844	0.8306985378492646	([365, 190], [365, 355, 190])
1	0.8102743436437864	0.8306988193132203	([563, 400], [568, 563, 400])
1	0.8001036807585942	0.8309078449991963	([406, 149], [406, 396, 157])
1	0.8227393382778802	0.831029897693504	([534, 187], [534, 513, 274])
1	0.8114710323966818	0.8310536121022618	([489, 166], [489, 242, 176])
1	0.8144142470992617	0.8310539011241379	([355, 195], [367, 355, 195])
1	0.8158167332996111	0.8315484217341146	([543, 186], [543, 188, 186])
1	0.8160173959049936	0.8315578099522012	([453, 34], [452, 448, 34])
1	0.8063432440700375	0.8316661464520859	([567, 98], [567, 98, 73])
1	0.8084574148419732	0.8318160853166532	([542, 33], [544, 542, 33])
1	0.8119378523946409	0.832095452521086	([569, 342], [569, 342, 328])
1	0.8300174494621123	0.8321370488291686	([597, 376], [597, 376, 325])
1	0.8186157602963103	0.832152714046122	([414, 208], [414, 278, 271])
1	0.8175936821866415	0.8321814213604722	([490, 194], [490, 239, 238])
1	0.8310561482687127	0.8322694526374066	([530, 49], [605, 530, 318])
1	0.8312440701900433	0.832440702702257	([354, 54], [354, 344, 54])
1	0.80041378945284	0.8325773227992629	([530, 99], [530, 99, 49])
1	0.8135078803330857	0.8327255061458583	([592, 115], [592, 115, 64])
1	0.7949109500182555	0.833158039237648	([491, 208], [491, 419, 391])
1	0.7977581728266878	0.8331854455733518	([464, 149], [464, 149, 30])
1	0.8314704635586702	0.8333911178971337	([474, 147], [474, 464, 147])
1	0.829303946452176	0.8337170515667595	([395, 31], [395, 312, 300])
1	0.8218397508421692	0.8337542750566879	([531, 338], [571, 531, 474])
1	0.8218800925732883	0.8337847543867829	([521, 293], [521, 293, 282])
1	0.822352834268784	0.8339208945226991	([400, 127], [400, 399, 127])
1	0.8316835110946339	0.8339770040519261	([486, 30], [486, 464, 329])
1	0.805221096165375	0.8345012658192228	([496, 93], [496, 93, 82])
1	0.8125599952582179	0.834945786115367	([463, 113], [558, 463, 113])
1	0.8210431263580926	0.8350906458899591	([535, 237], [604, 535, 237])
1	0.8239408651962157	0.8353794105355815	([473, 81], [575, 473, 81])
1	0.8208699210235363	0.8360116655175307	([452, 186], [474, 452, 186])
1	0.5674406791167511	0.8363860024651789	([394, 234], [394, 234, 59])
1	0.822345743491917	0.8364077776369246	([342, 155], [342, 236, 200])
1	0.8217369983246073	0.8367695209977828	([587, 189], [587, 561, 185])
1	0.8107555554901388	0.8368191108796844	([410, 57], [410, 84, 70])
1	0.8192200086057833	0.837041858293905	([451, 106], [459, 451, 106])
1	0.7637307346575412	0.8373420071201606	([260, 237], [260, 237, 167])
1	0.8000577689972022	0.837391439227304	([541, 54], [541, 54, 46])
1	0.5285243394149534	0.8374070356934118	([347, 346], [347, 306, 236])
1	0.8310003614819453	0.8376964753496648	([481, 139], [481, 430, 275])
1	0.8153986089106737	0.8379950736507253	([569, 77], [600, 569, 77])
1	0.831035443895252	0.8380554633293622	([437, 17], [444, 437, 17])
1	0.8258731719465582	0.8385632269755048	([491, 12], [491, 83, 12])
1	0.5801089377619515	0.8386528159509093	([237, 219], [604, 260, 239])
1	0.8035756843597199	0.840342264827704	([536, 31], [536, 147, 136])
1	0.8299800309649448	0.8403652666340016	([460, 141], [460, 154, 141])
1	0.8157754583755881	0.8406550840902802	([266, 87], [300, 266, 87])
1	0.8354312542106435	0.8413287165813808	([572, 11], [572, 78, 72])
1	0.8189394437749296	0.8415405174556246	([439, 205], [439, 224, 205])
1	0.8193264271698303	0.8417504495111652	([459, 46], [459, 106, 21])
1	0.8145035020027901	0.8426156580623566	([552, 208], [552, 224, 208])
1	0.8342212003274951	0.8434655371092964	([505, 32], [577, 505, 32])
1	0.831662793904306	0.8445884451198737	([559, 130], [559, 549, 130])
1	0.8424810926009286	0.8448863450788167	([494, 201], [494, 490, 201])
1	0.820223009626731	0.8453700872288774	([496, 237], [585, 535, 237])
1	0.809276478150451	0.8453991306214229	([571, 198], [574, 571, 198])
1	0.8093167524326025	0.846015928018009	([237, 97], [237, 97, 68])
1	0.8461904728370004	0.8479581634494178	([452, 119], [452, 186, 111])
1	0.8244212421327781	0.8490820395992027	([526, 363], [526, 494, 363])
1	0.8118366197525048	0.8491101855146578	([554, 191], [554, 242, 191])
1	0.8278612934946818	0.8499769037340683	([404, 46], [404, 379, 46])
1	0.8182731859368654	0.8530645355369073	([462, 237], [462, 429, 237])
1	0.5907803541656381	0.8559600344881221	([592, 234], [592, 394, 234])
1	0.8491187070371472	0.8571405105597829	([554, 133], [554, 171, 133])
1	0.514330464986665	0.8626580819478884	([247, 246], [463, 247, 232])
1	0.4697727985949693	0.8661160474201806	([385, 382], [384, 306, 236])
1	0.6363126437269487	0.8823512648466071	([531, 230], [531, 268, 230])
1	0.5063469769073401	0.8846847726218011	([307, 306], [553, 347, 231])
1	0.7753318180336481	0.9538569045836984	([237, 232], [462, 237, 232])
0	0.0	1.0	([227], [227, 0])
0	0.0	inf	([17], [])
