0	0.0	0.038086455638980644	([188], [188, 178])
0	0.0	0.22841237555465452	([621], [621, 620])
0	0.0	0.22998838433840502	([508], [508, 507])
0	0.0	0.23035886130949926	([7], [7, 6])
0	0.0	0.23195240550107887	([270], [270, 269])
0	0.0	0.23257538218380872	([623], [623, 622])
0	0.0	0.23417720697421193	([662], [662, 661])
0	0.0	0.23703274274660083	([253], [253, 252])
0	0.0	0.2385464650133481	([345], [345, 344])
0	0.0	0.24009010918032983	([21], [21, 20])
0	0.0	0.24020543723009968	([282], [282, 281])
0	0.0	0.24036894539834633	([551], [551, 550])
0	0.0	0.24042969906071818	([653], [653, 652])
0	0.0	0.240834737741981	([604], [604, 603])
0	0.0	0.24131630557514303	([256], [256, 255])
0	0.0	0.24139350787392877	([466], [466, 465])
0	0.0	0.24161514086902744	([59], [59, 58])
0	0.0	0.2421293124397292	([236], [236, 235])
0	0.0	0.2428180896882866	([204], [204, 203])
0	0.0	0.2429939604197848	([277], [277, 276])
0	0.0	0.24331652371556187	([16], [16, 15])
0	0.0	0.243329746421043	([608], [608, 607])
0	0.0	0.2437062996073154	([247], [247, 246])
0	0.0	0.2447165401556127	([325], [325, 324])
0	0.0	0.24602470562458342	([602], [602, 601])
0	0.0	0.24622041930352562	([111], [111, 110])
0	0.0	0.24631444768446317	([665], [665, 664])
0	0.0	0.24670791072309395	([218], [218, 217])
0	0.0	0.24694114283974147	([568], [568, 567])
0	0.0	0.2472832747696729	([57], [57, 56])
0	0.0	0.24741596169738744	([52], [52, 51])
0	0.0	0.24769438995035628	([31], [31, 30])
0	0.0	0.24806256801080817	([288], [288, 287])
0	0.0	0.2486655045964048	([44], [44, 43])
0	0.0	0.24889693792637027	([587], [587, 586])
0	0.0	0.24940972292336225	([323], [323, 322])
0	0.0	0.25013781391362544	([444], [444, 443])
0	0.0	0.2502888558434594	([446], [446, 445])
0	0.0	0.25100913351850845	([105], [105, 104])
0	0.0	0.251323217981093	([263], [263, 262])
0	0.0	0.2516471454691595	([542], [542, 541])
0	0.0	0.25196206134172267	([18], [18, 17])
0	0.0	0.2527187891225135	([32], [32, 31])
0	0.0	0.25295304792173917	([563], [563, 562])
0	0.0	0.25327714969390713	([287], [287, 286])
0	0.0	0.25335817668616767	([581], [581, 580])
0	0.0	0.25350730496125995	([109], [109, 108])
0	0.0	0.2535551212227802	([339], [339, 338])
0	0.0	0.2537279856481654	([20], [20, 19])
0	0.0	0.25374810913437906	([516], [516, 515])
0	0.0	0.2539450668310344	([15], [15, 14])
0	0.0	0.25411816471360194	([494], [494, 493])
0	0.0	0.25446694377844775	([477], [477, 476])
0	0.0	0.2547654115209532	([398], [398, 397])
0	0.0	0.254824586092431	([556], [556, 555])
0	0.0	0.255003712197431	([274], [274, 273])
0	0.0	0.25504836332514097	([379], [379, 378])
0	0.0	0.25512265297758796	([496], [496, 495])
0	0.0	0.2552057049475009	([612], [612, 611])
0	0.0	0.2554197548361383	([266], [266, 265])
0	0.0	0.2558064514419526	([267], [267, 266])
0	0.0	0.25581115347981404	([558], [558, 557])
0	0.0	0.25588995776205464	([146], [146, 145])
0	0.0	0.256095629570179	([572], [572, 571])
0	0.0	0.256184544669894	([11], [11, 10])
0	0.0	0.25638384904950917	([530], [530, 529])
0	0.0	0.2568481733863155	([512], [512, 511])
0	0.0	0.25728033817425955	([596], [596, 595])
0	0.0	0.2574733286853354	([136], [136, 135])
0	0.0	0.25760846132836807	([484], [484, 483])
0	0.0	0.25765395369997496	([240], [240, 239])
0	0.0	0.25783601530650707	([655], [655, 654])
0	0.0	0.2579323573878979	([582], [582, 581])
0	0.0	0.2581977122453133	([555], [555, 554])
0	0.0	0.2584644412902432	([250], [250, 249])
0	0.0	0.258620155004704	([17], [17, 16])
0	0.0	0.2587307969739154	([546], [546, 545])
0	0.0	0.2588056832236508	([505], [505, 504])
0	0.0	0.25881781357959016	([251], [251, 250])
0	0.0	0.25905039003124963	([87], [87, 86])
0	0.0	0.2591807750764177	([246], [246, 245])
0	0.0	0.25920445122114516	([541], [541, 540])
0	0.0	0.2593033852933969	([258], [258, 257])
0	0.0	0.25936924331462397	([37], [37, 36])
0	0.0	0.2594270834455327	([544], [544, 543])
0	0.0	0.25943692298526994	([403], [403, 402])
0	0.0	0.2596642305271362	([561], [561, 560])
0	0.0	0.2597229234244248	([72], [72, 71])
0	0.0	0.25998533101338106	([89], [89, 88])
0	0.0	0.26040681718882397	([4], [4, 3])
0	0.0	0.2607683403201343	([569], [569, 568])
0	0.0	0.26079062042661355	([456], [456, 455])
0	0.0	0.26086671042799836	([69], [69, 68])
0	0.0	0.2608694707727512	([528], [528, 527])
0	0.0	0.26090919265510587	([472], [472, 471])
0	0.0	0.2610449781030272	([554], [554, 553])
0	0.0	0.2610883136813985	([28], [28, 27])
0	0.0	0.26121131792503777	([347], [347, 346])
0	0.0	0.2612639163496046	([279], [279, 278])
0	0.0	0.26144057556030154	([384], [384, 383])
0	0.0	0.26146945669447486	([343], [343, 342])
0	0.0	0.26152702138042405	([523], [523, 522])
0	0.0	0.261666103949512	([664], [664, 663])
0	0.0	0.26167151619501955	([169], [169, 168])
0	0.0	0.2617892692731483	([100], [100, 99])
0	0.0	0.26225870066901785	([329], [329, 328])
0	0.0	0.262404251058685	([275], [275, 274])
0	0.0	0.2625837913694385	([593], [593, 592])
0	0.0	0.2626629372839356	([389], [389, 388])
0	0.0	0.2626699769231039	([517], [517, 516])
0	0.0	0.2627836556608629	([502], [502, 501])
0	0.0	0.2630237074363406	([291], [291, 290])
0	0.0	0.26316260408597036	([155], [155, 154])
0	0.0	0.2631967992826891	([46], [46, 45])
0	0.0	0.26329738577378065	([564], [564, 563])
0	0.0	0.2636869976402042	([234], [234, 233])
0	0.0	0.2637201587881236	([599], [599, 598])
0	0.0	0.2639783446616898	([603], [603, 602])
0	0.0	0.26411399893156545	([215], [215, 214])
0	0.0	0.2641176668609883	([95], [95, 94])
0	0.0	0.26454107918995123	([12], [12, 11])
0	0.0	0.26455975584138813	([269], [269, 268])
0	0.0	0.26466395654635994	([613], [613, 612])
0	0.0	0.2651094735988368	([61], [61, 60])
0	0.0	0.265120116805122	([281], [281, 280])
0	0.0	0.26535238282951307	([284], [284, 283])
0	0.0	0.265671857435309	([574], [574, 573])
0	0.0	0.2656938997485912	([34], [34, 33])
0	0.0	0.26592649532790696	([513], [513, 512])
0	0.0	0.26605739510505205	([125], [125, 124])
0	0.0	0.2661679553030557	([3], [3, 2])
0	0.0	0.2664501341437928	([386], [386, 385])
0	0.0	0.2666118330712618	([316], [316, 315])
0	0.0	0.26674750251787066	([138], [138, 137])
0	0.0	0.26677136011507585	([65], [65, 64])
0	0.0	0.2676713637562813	([533], [533, 532])
0	0.0	0.26770850742631724	([320], [320, 319])
0	0.0	0.2679931529267395	([394], [394, 393])
0	0.0	0.268071307336134	([481], [481, 480])
0	0.0	0.2684040990681708	([539], [539, 538])
0	0.0	0.26861322293995876	([651], [651, 650])
0	0.0	0.2686699070847729	([411], [411, 410])
0	0.0	0.26872593018658075	([381], [381, 380])
0	0.0	0.2687625097109815	([25], [25, 24])
0	0.0	0.2688290176852577	([298], [298, 297])
0	0.0	0.2689353114887887	([68], [68, 67])
0	0.0	0.268975908348064	([222], [222, 221])
0	0.0	0.26899824638694736	([30], [30, 29])
0	0.0	0.26906532324320304	([591], [591, 590])
0	0.0	0.2692184568365207	([575], [575, 574])
0	0.0	0.2692215939517108	([159], [159, 158])
0	0.0	0.26970276332354975	([221], [221, 220])
0	0.0	0.26988499569314933	([610], [610, 609])
0	0.0	0.2699509081961853	([486], [486, 485])
0	0.0	0.27032556997392526	([249], [249, 248])
0	0.0	0.27049971561220204	([142], [142, 141])
0	0.0	0.27101139034523614	([524], [524, 523])
0	0.0	0.27120891625508986	([286], [286, 285])
0	0.0	0.27125984703140493	([405], [405, 404])
0	0.0	0.27148684214914176	([552], [552, 551])
0	0.0	0.2717790467872346	([77], [77, 76])
0	0.0	0.2719243089280437	([594], [594, 593])
0	0.0	0.2719859691241451	([584], [584, 583])
0	0.0	0.27248945149252707	([81], [81, 80])
0	0.0	0.2726324517253158	([268], [268, 267])
0	0.0	0.27272190747739616	([614], [614, 613])
0	0.0	0.2727632848392203	([506], [506, 505])
0	0.0	0.2727868371849944	([245], [245, 244])
0	0.0	0.2727886705377125	([79], [79, 78])
0	0.0	0.27282511819585753	([40], [40, 39])
0	0.0	0.27322695928137836	([118], [118, 117])
0	0.0	0.27323741022545933	([414], [414, 413])
0	0.0	0.2733118654478915	([534], [534, 533])
0	0.0	0.27334458598070543	([104], [104, 103])
0	0.0	0.2737748232804476	([553], [553, 552])
0	0.0	0.2740811387462925	([590], [590, 589])
0	0.0	0.2741043628682401	([559], [559, 558])
0	0.0	0.27411530270491763	([458], [458, 457])
0	0.0	0.27417476839783333	([548], [548, 547])
0	0.0	0.27424646745432546	([350], [350, 349])
0	0.0	0.274279943572443	([489], [489, 488])
0	0.0	0.27428108850787014	([400], [400, 399])
0	0.0	0.2743593768076857	([295], [295, 294])
0	0.0	0.27465232214284496	([160], [160, 159])
0	0.0	0.2746895041900393	([605], [605, 604])
0	0.0	0.27491538098787177	([63], [63, 62])
0	0.0	0.27492476643358693	([416], [416, 415])
0	0.0	0.27519111988317313	([577], [577, 576])
0	0.0	0.27538687686674174	([453], [453, 452])
0	0.0	0.2754805658113271	([617], [617, 616])
0	0.0	0.2755536628250662	([361], [361, 360])
0	0.0	0.2757325857050435	([636], [636, 635])
0	0.0	0.27591081892648195	([428], [428, 427])
0	0.0	0.2759110807984439	([609], [609, 608])
0	0.0	0.2759681180806465	([9], [9, 8])
0	0.0	0.2760055735941195	([233], [233, 232])
0	0.0	0.2760279102575216	([619], [619, 618])
0	0.0	0.2764709175438495	([261], [261, 260])
0	0.0	0.2765059987008599	([6], [6, 5])
0	0.0	0.2765412087395757	([425], [425, 424])
0	0.0	0.2765696644590631	([67], [67, 66])
0	0.0	0.2767000677558927	([346], [346, 345])
0	0.0	0.2768545195352868	([122], [122, 121])
0	0.0	0.2769502663177818	([115], [115, 114])
0	0.0	0.27697034185680014	([536], [536, 535])
0	0.0	0.2769802192011138	([228], [228, 227])
0	0.0	0.27718942720313944	([133], [133, 132])
0	0.0	0.27718947078681455	([660], [660, 659])
0	0.0	0.2772527993748362	([22], [22, 21])
0	0.0	0.27739016617722734	([223], [223, 222])
0	0.0	0.2775158129799616	([409], [409, 408])
0	0.0	0.27754899055800825	([129], [129, 128])
0	0.0	0.27756425866771284	([244], [244, 243])
0	0.0	0.2776326978248684	([519], [519, 518])
0	0.0	0.2776941300806626	([75], [75, 74])
0	0.0	0.27786389859123856	([27], [27, 26])
0	0.0	0.27804172134341654	([479], [479, 478])
0	0.0	0.2781213296434214	([578], [578, 577])
0	0.0	0.27814964883029525	([23], [23, 22])
0	0.0	0.2782477739523432	([392], [392, 391])
0	0.0	0.2783097001064258	([429], [429, 427])
0	0.0	0.2785164237881476	([354], [354, 353])
0	0.0	0.2787895742741528	([560], [560, 559])
0	0.0	0.27880209925954397	([421], [421, 420])
0	0.0	0.2788032945259731	([491], [491, 490])
0	0.0	0.27885042934572735	([426], [426, 425])
0	0.0	0.2792910496011559	([387], [387, 386])
0	0.0	0.2793008143578901	([83], [83, 82])
0	0.0	0.27946172370058875	([418], [418, 417])
0	0.0	0.27952676796711257	([520], [520, 519])
0	0.0	0.27952941174799606	([537], [537, 536])
0	0.0	0.2795596130464007	([545], [545, 544])
0	0.0	0.2795811939069818	([262], [262, 261])
0	0.0	0.27960654099434695	([661], [661, 660])
0	0.0	0.2796752809720326	([571], [571, 570])
0	0.0	0.2797459599966343	([214], [214, 213])
0	0.0	0.27975523019050846	([131], [131, 130])
0	0.0	0.27976404220275175	([351], [351, 350])
0	0.0	0.2802921537775976	([309], [309, 308])
0	0.0	0.2803584499237135	([150], [150, 149])
0	0.0	0.28045016119110094	([55], [55, 54])
0	0.0	0.2804607071759547	([529], [529, 528])
0	0.0	0.2807367394398912	([201], [201, 200])
0	0.0	0.2808362241975555	([70], [70, 69])
0	0.0	0.2809550397820187	([526], [526, 525])
0	0.0	0.2809550724556042	([161], [161, 160])
0	0.0	0.2810287409891805	([341], [341, 340])
0	0.0	0.2811443625793037	([356], [356, 355])
0	0.0	0.28128213252043965	([622], [622, 621])
0	0.0	0.2813105539666235	([39], [39, 38])
0	0.0	0.2813216023093561	([76], [76, 75])
0	0.0	0.28137086176884485	([143], [143, 142])
0	0.0	0.28143008388758645	([338], [338, 337])
0	0.0	0.2815656765729706	([615], [615, 614])
0	0.0	0.28161306613047266	([474], [474, 473])
0	0.0	0.2816277112473212	([239], [239, 238])
0	0.0	0.2817490517225675	([313], [313, 312])
0	0.0	0.28179363660014106	([460], [460, 459])
0	0.0	0.28195304413729816	([280], [280, 279])
0	0.0	0.2821358337612528	([45], [45, 44])
0	0.0	0.28213786909644034	([469], [469, 468])
0	0.0	0.28221324462622616	([565], [565, 564])
0	0.0	0.2822806367598377	([627], [627, 626])
0	0.0	0.2822980886714957	([5], [5, 4])
0	0.0	0.2829052254601367	([144], [144, 143])
0	0.0	0.28297899349808764	([606], [606, 605])
0	0.0	0.28308996042598433	([208], [208, 207])
0	0.0	0.2832586482987664	([135], [135, 134])
0	0.0	0.2835740130626573	([255], [255, 254])
0	0.0	0.2838679883944517	([209], [209, 208])
0	0.0	0.28399332101202185	([566], [566, 565])
0	0.0	0.28400972585258877	([438], [438, 437])
0	0.0	0.2841577242882929	([334], [334, 333])
0	0.0	0.2842446735737432	([616], [616, 615])
0	0.0	0.2842959141599769	([510], [510, 509])
0	0.0	0.2844037197834858	([452], [452, 451])
0	0.0	0.284535626718749	([119], [119, 118])
0	0.0	0.28485283799022204	([374], [374, 373])
0	0.0	0.28506092571911473	([493], [493, 492])
0	0.0	0.2851987259715919	([352], [352, 351])
0	0.0	0.28533568566331313	([432], [432, 431])
0	0.0	0.28548964895584744	([318], [318, 317])
0	0.0	0.28571696095763804	([260], [260, 259])
0	0.0	0.2857913504976744	([107], [107, 106])
0	0.0	0.2858118845280827	([229], [229, 228])
0	0.0	0.2859731530885034	([600], [600, 599])
0	0.0	0.28601707531301834	([441], [441, 440])
0	0.0	0.28623068444825156	([91], [91, 90])
0	0.0	0.2863988353217284	([113], [113, 112])
0	0.0	0.28698354146385796	([656], [656, 655])
0	0.0	0.2872313175770798	([335], [335, 334])
0	0.0	0.2872889658546736	([657], [657, 656])
0	0.0	0.287449634519119	([567], [567, 566])
0	0.0	0.2875613052635957	([300], [300, 299])
0	0.0	0.28765724654349617	([333], [333, 332])
0	0.0	0.28784189992258313	([501], [501, 500])
0	0.0	0.2881020149772793	([33], [33, 32])
0	0.0	0.2881308686040033	([342], [342, 341])
0	0.0	0.2882399621039903	([626], [626, 625])
0	0.0	0.288284199908921	([102], [102, 101])
0	0.0	0.28833859971287007	([121], [121, 120])
0	0.0	0.28842156106789024	([317], [317, 316])
0	0.0	0.288656235847413	([43], [43, 42])
0	0.0	0.28875864404071544	([151], [151, 150])
0	0.0	0.2888465151799256	([588], [588, 587])
0	0.0	0.289018032608198	([515], [517, 514])
0	0.0	0.28902936096459014	([433], [433, 432])
0	0.0	0.28908013422352485	([585], [585, 584])
0	0.0	0.2891910653161708	([132], [132, 131])
0	0.0	0.2891983673182451	([638], [638, 637])
0	0.0	0.28924514371315463	([388], [388, 387])
0	0.0	0.2893656091285579	([259], [259, 257])
0	0.0	0.2895094923559469	([114], [114, 113])
0	0.0	0.28989031194681036	([327], [327, 326])
0	0.0	0.29005576059535987	([41], [41, 40])
0	0.0	0.29013970724654403	([358], [358, 357])
0	0.0	0.2903030553447601	([451], [451, 450])
0	0.0	0.2904056355979577	([449], [449, 448])
0	0.0	0.2904731014840581	([93], [93, 92])
0	0.0	0.29077624301160004	([597], [597, 596])
0	0.0	0.290884286094244	([283], [283, 282])
0	0.0	0.2911054217583429	([74], [74, 73])
0	0.0	0.29112620841282494	([219], [219, 218])
0	0.0	0.2912572008375751	([149], [149, 148])
0	0.0	0.291336935266712	([420], [420, 419])
0	0.0	0.2913386641441662	([355], [355, 354])
0	0.0	0.2916772600555357	([84], [84, 83])
0	0.0	0.2921144237459662	([589], [589, 588])
0	0.0	0.29232859036445097	([301], [301, 300])
0	0.0	0.29238785082041024	([369], [369, 368])
0	0.0	0.2924966005891239	([364], [364, 363])
0	0.0	0.2925365403667288	([254], [254, 253])
0	0.0	0.2925514459271133	([595], [595, 594])
0	0.0	0.29257752831119854	([227], [227, 226])
0	0.0	0.2926232743800933	([97], [97, 96])
0	0.0	0.2929020747534134	([503], [503, 502])
0	0.0	0.29342041213879294	([366], [366, 365])
0	0.0	0.2935262212449157	([549], [549, 548])
0	0.0	0.2935288232870609	([407], [407, 406])
0	0.0	0.29359210811408576	([226], [226, 225])
0	0.0	0.2936350524281532	([224], [224, 223])
0	0.0	0.2936359977777677	([468], [468, 467])
0	0.0	0.29365228891550793	([128], [128, 127])
0	0.0	0.2936934484976622	([336], [336, 335])
0	0.0	0.29379068934026237	([273], [273, 272])
0	0.0	0.2938224384582661	([248], [248, 247])
0	0.0	0.2939200703251663	([86], [86, 85])
0	0.0	0.2940158795345836	([38], [38, 37])
0	0.0	0.29419375357801747	([1], [1, 0])
0	0.0	0.2942027174897487	([162], [162, 161])
0	0.0	0.294213976414673	([202], [202, 201])
0	0.0	0.29437663353580007	([435], [435, 434])
0	0.0	0.2946475961912237	([607], [607, 606])
0	0.0	0.294968188689315	([66], [66, 65])
0	0.0	0.2950541773548245	([117], [117, 116])
0	0.0	0.2952267642762535	([424], [424, 423])
0	0.0	0.2952331154978561	([454], [454, 453])
0	0.0	0.29525374388741	([108], [108, 107])
0	0.0	0.29529032118313925	([216], [216, 215])
0	0.0	0.29531888330712835	([78], [78, 77])
0	0.0	0.29541771484744256	([10], [10, 9])
0	0.0	0.2956514312285348	([437], [437, 436])
0	0.0	0.2956606021328028	([618], [618, 616])
0	0.0	0.29611667572922923	([557], [557, 556])
0	0.0	0.29614170589638433	([647], [647, 646])
0	0.0	0.2966047245846706	([473], [473, 472])
0	0.0	0.2966569999076007	([611], [611, 610])
0	0.0	0.2966861299992772	([293], [293, 292])
0	0.0	0.29702126942669577	([304], [304, 303])
0	0.0	0.29704262516265395	([321], [321, 320])
0	0.0	0.29732052087665084	([576], [576, 575])
0	0.0	0.2979308336901648	([94], [94, 93])
0	0.0	0.29795469746856895	([302], [302, 301])
0	0.0	0.298054704704779	([538], [538, 537])
0	0.0	0.2980857345781943	([231], [231, 230])
0	0.0	0.29831202241366567	([436], [436, 435])
0	0.0	0.29832150798154006	([92], [92, 91])
0	0.0	0.2983217457731063	([85], [85, 84])
0	0.0	0.2987037454168797	([470], [470, 469])
0	0.0	0.298817521184659	([367], [367, 366])
0	0.0	0.2988889754331418	([629], [629, 628])
0	0.0	0.2990615322427726	([156], [156, 155])
0	0.0	0.29908277666916444	([500], [500, 499])
0	0.0	0.29908592037260534	([112], [112, 111])
0	0.0	0.2991766798290442	([29], [29, 28])
0	0.0	0.2994232327094717	([140], [140, 139])
0	0.0	0.29957620942402785	([601], [601, 600])
0	0.0	0.29964159446139366	([410], [410, 409])
0	0.0	0.2997696204430631	([315], [315, 314])
0	0.0	0.30010450245198717	([241], [241, 240])
0	0.0	0.3004913226160905	([488], [488, 487])
0	0.0	0.3005215646226887	([305], [305, 304])
0	0.0	0.30090469743448184	([272], [272, 271])
0	0.0	0.3010939128514343	([292], [292, 291])
0	0.0	0.3013359881860652	([101], [101, 100])
0	0.0	0.301361668469318	([635], [635, 634])
0	0.0	0.3014552394203875	([252], [252, 251])
0	0.0	0.30145752383752233	([157], [157, 156])
0	0.0	0.3016034504166359	([462], [462, 461])
0	0.0	0.30177960170731805	([103], [103, 102])
0	0.0	0.3020011387892001	([200], [200, 199])
0	0.0	0.30203754188140886	([359], [359, 358])
0	0.0	0.30206268144124965	([368], [368, 367])
0	0.0	0.3021659701533509	([482], [482, 481])
0	0.0	0.3023922946798625	([461], [461, 460])
0	0.0	0.30240607761301697	([666], [666, 665])
0	0.0	0.3025903617357106	([511], [511, 510])
0	0.0	0.3028708983240786	([525], [525, 524])
0	0.0	0.3030006140517025	([337], [337, 336])
0	0.0	0.30306419873393303	([271], [271, 270])
0	0.0	0.30317425562914757	([434], [434, 433])
0	0.0	0.3032369308727277	([242], [242, 241])
0	0.0	0.30354595113751165	([238], [238, 237])
0	0.0	0.30370218151189066	([624], [624, 623])
0	0.0	0.3039373433635806	([134], [134, 133])
0	0.0	0.3041231935080726	([203], [203, 202])
0	0.0	0.30420347028269495	([659], [659, 658])
0	0.0	0.30421834951286214	([26], [26, 25])
0	0.0	0.30428629155341175	([62], [63, 61])
0	0.0	0.3043480933384528	([73], [73, 72])
0	0.0	0.30436168298687283	([139], [139, 138])
0	0.0	0.30475392949580116	([382], [382, 381])
0	0.0	0.3053526960265891	([628], [628, 627])
0	0.0	0.3056109746492928	([447], [447, 446])
0	0.0	0.30584660575105643	([579], [579, 578])
0	0.0	0.30609280183377285	([237], [237, 236])
0	0.0	0.3061560490953566	([395], [395, 394])
0	0.0	0.30636264599851154	([53], [53, 52])
0	0.0	0.30640755860661856	([152], [152, 151])
0	0.0	0.3064838358262985	([127], [127, 126])
0	0.0	0.3065817960242606	([47], [47, 46])
0	0.0	0.3068716329525226	([439], [439, 438])
0	0.0	0.30689010317471044	([385], [385, 384])
0	0.0	0.3069287105659538	([306], [306, 305])
0	0.0	0.3072475605520088	([464], [464, 463])
0	0.0	0.3075625500645764	([296], [296, 295])
0	0.0	0.30757506500786586	([521], [521, 520])
0	0.0	0.3075864763431951	([504], [504, 503])
0	0.0	0.30778937850628796	([205], [205, 204])
0	0.0	0.30807379728531437	([633], [633, 632])
0	0.0	0.30808489485302754	([625], [625, 624])
0	0.0	0.3081898451594457	([522], [522, 521])
0	0.0	0.3083908926065334	([377], [377, 376])
0	0.0	0.3088980156321109	([637], [637, 636])
0	0.0	0.3089154485179459	([408], [408, 407])
0	0.0	0.3089794133408249	([450], [450, 449])
0	0.0	0.3093897159044479	([422], [422, 421])
0	0.0	0.309437148502045	([540], [540, 539])
0	0.0	0.309627708198209	([312], [312, 311])
0	0.0	0.30981192308952965	([88], [88, 87])
0	0.0	0.30981930194696844	([641], [641, 640])
0	0.0	0.3098601609561565	([110], [110, 109])
0	0.0	0.31010602912598045	([455], [455, 454])
0	0.0	0.310473010120045	([642], [642, 641])
0	0.0	0.3107582409231231	([465], [465, 464])
0	0.0	0.310777756913074	([373], [373, 372])
0	0.0	0.31082395774235005	([396], [396, 395])
0	0.0	0.310969895355353	([158], [158, 157])
0	0.0	0.3111831353817873	([543], [543, 542])
0	0.0	0.31119318155704306	([294], [294, 293])
0	0.0	0.3113841856929903	([634], [634, 633])
0	0.0	0.3114060065750257	([330], [330, 329])
0	0.0	0.31155084186084003	([509], [509, 508])
0	0.0	0.3117163840580079	([285], [285, 284])
0	0.0	0.311717716994692	([362], [362, 361])
0	0.0	0.31207276920977	([353], [353, 352])
0	0.0	0.3122611950732355	([643], [643, 642])
0	0.0	0.3122649778395685	([360], [360, 359])
0	0.0	0.31254304289181994	([476], [476, 475])
0	0.0	0.31256062512796917	([654], [654, 653])
0	0.0	0.3127916534402264	([550], [550, 549])
0	0.0	0.31309933524499617	([225], [225, 224])
0	0.0	0.31324307764881737	([448], [448, 447])
0	0.0	0.3132531667618942	([547], [547, 546])
0	0.0	0.31330189465636066	([166], [166, 164])
0	0.0	0.3133665812213522	([459], [459, 458])
0	0.0	0.31340910778402414	([372], [372, 371])
0	0.0	0.31379380531083184	([126], [126, 125])
0	0.0	0.3138854863069841	([620], [620, 619])
0	0.0	0.3143801440873627	([480], [480, 479])
0	0.0	0.3147299706399529	([471], [471, 470])
0	0.0	0.31474023760113734	([498], [498, 497])
0	0.0	0.31481652256827825	([490], [490, 489])
0	0.0	0.31485942864002464	([96], [96, 95])
0	0.0	0.3150655098835417	([423], [423, 422])
0	0.0	0.31508441632492457	([532], [532, 531])
0	0.0	0.3154704601298411	([401], [401, 400])
0	0.0	0.315850934063127	([213], [213, 212])
0	0.0	0.3164497963872655	([308], [308, 307])
0	0.0	0.31655496552031936	([598], [598, 597])
0	0.0	0.31660135614959006	([168], [168, 167])
0	0.0	0.3167184456572907	([562], [562, 561])
0	0.0	0.31682694416886037	([640], [640, 639])
0	0.0	0.31687761125480624	([326], [326, 325])
1	0.2938764091349662	0.3168837953186517	([515, 514], [517, 516, 514])
0	0.0	0.31706003499928115	([363], [363, 362])
0	0.0	0.3180069723864264	([380], [380, 379])
0	0.0	0.3182454603400479	([141], [141, 140])
0	0.0	0.3183178362049595	([531], [531, 530])
0	0.0	0.3183503096515011	([413], [413, 412])
0	0.0	0.3183934732259245	([365], [365, 364])
0	0.0	0.31846968670539444	([60], [60, 59])
0	0.0	0.3187023804048483	([663], [663, 662])
0	0.0	0.3187365765989544	([232], [232, 231])
0	0.0	0.31875210935868065	([390], [390, 389])
0	0.0	0.3188446746016829	([658], [658, 657])
0	0.0	0.3191962867314412	([378], [378, 377])
0	0.0	0.3192095034195769	([130], [130, 129])
0	0.0	0.31932910079088667	([391], [391, 390])
0	0.0	0.31960052591877547	([307], [307, 306])
0	0.0	0.31977618088727744	([328], [328, 327])
0	0.0	0.3198054626398685	([82], [82, 81])
0	0.0	0.3198433513636277	([19], [19, 18])
0	0.0	0.32092734027100966	([497], [497, 496])
0	0.0	0.3211895141297793	([583], [583, 582])
0	0.0	0.32140928139519703	([646], [646, 645])
0	0.0	0.3216991524325832	([404], [404, 403])
0	0.0	0.3218400145659824	([48], [48, 47])
0	0.0	0.3220221052993182	([419], [419, 418])
0	0.0	0.32209337979134994	([348], [348, 347])
0	0.0	0.3224453602385236	([36], [36, 35])
0	0.0	0.32259628228926424	([153], [153, 152])
0	0.0	0.3226484570655515	([463], [463, 462])
0	0.0	0.322717332729295	([303], [303, 302])
0	0.0	0.32272783645331393	([24], [24, 23])
0	0.0	0.3231636299638069	([80], [80, 79])
0	0.0	0.3232206320997397	([406], [406, 405])
0	0.0	0.32332098733583137	([487], [487, 486])
0	0.0	0.3234357395180924	([427], [427, 426])
0	0.0	0.32399275709917	([116], [116, 115])
0	0.0	0.3250563746901542	([123], [123, 120])
0	0.0	0.3252803685044404	([148], [148, 147])
0	0.0	0.3256797165690385	([319], [319, 318])
0	0.0	0.3258117326786707	([340], [340, 339])
0	0.0	0.32626536536088424	([64], [64, 63])
0	0.0	0.3268697328801563	([278], [278, 277])
0	0.0	0.3276237780077794	([412], [412, 411])
0	0.0	0.3281138270761864	([357], [357, 356])
0	0.0	0.3286720568765086	([8], [8, 7])
0	0.0	0.32904267720268543	([106], [106, 105])
0	0.0	0.32917907228368304	([276], [277, 275])
0	0.0	0.3296677907784377	([210], [210, 209])
0	0.0	0.3305001265185796	([299], [299, 297])
0	0.0	0.33058353525701994	([257], [257, 256])
0	0.0	0.330847318895658	([399], [399, 398])
0	0.0	0.33085775959510805	([154], [154, 153])
0	0.0	0.3310453517052189	([191], [191, 190])
0	0.0	0.33115636083985106	([314], [314, 313])
0	0.0	0.3312309267024915	([431], [431, 430])
0	0.0	0.33142739006640815	([639], [639, 638])
0	0.0	0.331582820713266	([652], [652, 651])
0	0.0	0.3319199256318571	([514], [514, 513])
0	0.0	0.33204764534238923	([137], [137, 136])
0	0.0	0.33213709848585826	([54], [54, 53])
0	0.0	0.33217424177672994	([570], [570, 569])
0	0.0	0.33230422123216086	([402], [402, 401])
0	0.0	0.3324795559580403	([49], [49, 48])
0	0.0	0.33270651695664305	([376], [376, 374])
0	0.0	0.3328800435587339	([371], [371, 370])
1	0.3159385016877544	0.3335201221605217	([411, 408], [411, 410, 408])
0	0.0	0.333759850119304	([415], [415, 414])
1	0.3300103619525586	0.33376400946636237	([422, 419], [422, 421, 419])
0	0.0	0.33384135252071884	([243], [243, 242])
0	0.0	0.33442321837480393	([51], [51, 50])
0	0.0	0.33456727572045203	([56], [56, 55])
0	0.0	0.33466730682677176	([580], [580, 579])
0	0.0	0.3348557372064669	([443], [443, 442])
1	0.33268591915460904	0.3348920163759488	([295, 292], [295, 294, 292])
0	0.0	0.3359887066260906	([167], [167, 166])
0	0.0	0.33625646200449727	([442], [442, 441])
0	0.0	0.3366939820904294	([58], [58, 57])
0	0.0	0.33691267697943655	([478], [478, 477])
0	0.0	0.3369935440344212	([2], [2, 1])
1	0.32159277021195404	0.3375034173460587	([224, 220], [224, 223, 221])
0	0.0	0.3375578329870554	([120], [120, 119])
1	0.3363327778349016	0.338554338134233	([470, 467], [470, 469, 467])
0	0.0	0.3386116458547088	([344], [344, 343])
0	0.0	0.33884152840976556	([518], [518, 517])
0	0.0	0.33963160886228416	([145], [145, 144])
0	0.0	0.3401694001543873	([430], [430, 429])
1	0.3395351779275327	0.3405424673469636	([439, 436], [439, 438, 436])
0	0.0	0.340546444375381	([310], [310, 309])
0	0.0	0.341401201270146	([535], [535, 534])
0	0.0	0.34143930648199916	([393], [393, 392])
0	0.0	0.34176854625058206	([499], [499, 498])
0	0.0	0.34196236563452936	([592], [592, 591])
0	0.0	0.3421996300381336	([35], [35, 34])
0	0.0	0.342659515341458	([483], [483, 482])
1	0.3381524744138297	0.3426616666332299	([462, 459], [462, 461, 459])
0	0.0	0.34281809352499737	([630], [630, 629])
0	0.0	0.3442982764288294	([50], [50, 49])
0	0.0	0.3445254319284331	([349], [349, 348])
1	0.33263903935892514	0.34484385646018406	([144, 140], [144, 142, 141])
0	0.0	0.34519754562642674	([417], [417, 416])
0	0.0	0.3460876172016939	([193], [193, 192])
0	0.0	0.3462681809996685	([475], [475, 474])
0	0.0	0.346506035154516	([90], [90, 89])
0	0.0	0.3465889543719178	([297], [297, 296])
0	0.0	0.34679216864749735	([230], [230, 229])
0	0.0	0.3476756351345985	([485], [485, 484])
0	0.0	0.34835570678796984	([147], [147, 146])
0	0.0	0.34845327426393685	([383], [383, 382])
1	0.3448067202797129	0.3486121954485529	([152, 147], [152, 151, 147])
1	0.35062172548039594	0.3522455734701946	([380, 377], [380, 379, 378])
0	0.0	0.35237652214711107	([650], [650, 649])
0	0.0	0.35325365044637047	([264], [264, 263])
0	0.0	0.3559796828472657	([467], [467, 464])
0	0.0	0.356813905693131	([527], [527, 526])
0	0.0	0.3572824634970732	([207], [207, 206])
0	0.0	0.3574075589711276	([42], [42, 41])
0	0.0	0.35748220351188226	([644], [644, 643])
0	0.0	0.35798177528853825	([495], [495, 494])
0	0.0	0.35809201808434193	([492], [492, 491])
1	0.35059843214692243	0.35823697252766595	([513, 509], [513, 511, 509])
0	0.0	0.35828958787366155	([645], [645, 644])
0	0.0	0.35834267546571796	([220], [220, 219])
0	0.0	0.3592773161826172	([322], [322, 321])
0	0.0	0.35931108041281556	([457], [457, 456])
0	0.0	0.3600486084848958	([235], [235, 234])
0	0.0	0.3601656963951941	([573], [573, 572])
0	0.0	0.36080844829049585	([311], [311, 310])
0	0.0	0.36174265901462577	([71], [72, 70])
0	0.0	0.3617477521651477	([324], [324, 323])
0	0.0	0.36229908536626027	([586], [586, 585])
0	0.0	0.3630500198034411	([183], [183, 179])
0	0.0	0.3641991055221028	([212], [212, 210])
0	0.0	0.3664779815703787	([370], [370, 369])
0	0.0	0.36681874117106233	([507], [507, 506])
0	0.0	0.36791828789590764	([98], [98, 97])
0	0.0	0.3680908178083302	([13], [13, 12])
0	0.0	0.3708077489329594	([217], [217, 216])
0	0.0	0.3711113166046902	([99], [99, 98])
0	0.0	0.37124257141538636	([632], [632, 630])
0	0.0	0.3729423267530483	([211], [211, 210])
0	0.0	0.37401646574890135	([649], [649, 647])
0	0.0	0.37420096401888964	([206], [208, 205])
0	0.0	0.3748256206403909	([440], [440, 439])
0	0.0	0.37529003401401073	([648], [648, 647])
0	0.0	0.3754228464097966	([124], [124, 123])
0	0.0	0.37567085582083776	([194], [194, 193])
0	0.0	0.376912127159107	([631], [631, 630])
0	0.0	0.3783482153587296	([14], [14, 13])
0	0.0	0.37860776777019167	([190], [190, 189])
0	0.0	0.3808885496002371	([175], [175, 173])
0	0.0	0.38355586201401337	([397], [397, 396])
0	0.0	0.3868841448411275	([164], [166, 165])
0	0.0	0.3924891318610209	([192], [192, 191])
0	0.0	0.3926692270318665	([332], [332, 331])
0	0.0	0.39437429536450813	([331], [332, 330])
0	0.0	0.3947454198907383	([195], [195, 193])
0	0.0	0.39551861672730587	([375], [375, 374])
0	0.0	0.39706081546159805	([196], [196, 195])
0	0.0	0.40172938434724953	([289], [289, 288])
1	0.4013073328598253	0.4035289567705017	([369, 362], [369, 368, 362])
0	0.0	0.40382771785938615	([445], [445, 444])
0	0.0	0.40699513850295693	([177], [177, 176])
0	0.0	0.4106255570834275	([265], [265, 264])
1	0.4157579376564316	0.4160916428396434	([370, 361], [370, 369, 361])
0	0.0	0.41713490157841576	([290], [290, 289])
0	0.0	0.41835862182066047	([184], [184, 173])
0	0.0	0.4193661022347921	([173], [175, 171])
0	0.0	0.42134065143403016	([199], [199, 196])
0	0.0	0.42402574532801124	([189], [199, 198])
0	0.0	0.4277406778039041	([170], [170, 169])
0	0.0	0.4279770925864301	([171], [184, 163])
0	0.0	0.43169485883591624	([197], [197, 196])
0	0.0	0.439469634810466	([187], [187, 181])
0	0.0	0.44003694641781094	([165], [164, 162])
0	0.0	0.4400817913471019	([182], [182, 172])
0	0.0	0.44413748382224266	([185], [185, 177])
1	0.44143552228184973	0.4444824481029147	([646, 639], [646, 643, 639])
0	0.0	0.4495707834543422	([172], [182, 171])
0	0.0	0.4506528358302289	([198], [189, 186])
0	0.0	0.45366509733508653	([186], [186, 174])
0	0.0	0.4561816027440983	([181], [187, 180])
0	0.0	0.4590463943236844	([174], [186, 185])
0	0.0	0.4683464877364331	([180], [181, 172])
0	0.0	0.47214431671493934	([163], [163, 162])
0	0.0	0.4768329927728405	([176], [186, 182])
1	0.4853622064358916	0.49563260092668043	([172, 170], [182, 172, 171])
1	0.5312147992727286	0.5389864821716382	([279, 271], [280, 279, 271])
1	0.5458099913985086	0.5489622031840107	([218, 203], [218, 212, 203])
0	0.0	0.5657307292990512	([0], [187, 179])
1	0.5561100205700559	0.5659613082657602	([653, 625], [653, 652, 625])
1	0.5436966616809065	0.5670797372035827	([652, 626], [652, 643, 627])
1	0.5072038045451674	0.5705619032112281	([197, 185], [197, 192, 191])
1	0.5406444217771327	0.5758572321673783	([190, 172], [190, 189, 172])
1	0.5108257642567102	0.5901245028716918	([185, 170], [189, 185, 170])
1	0.5543811132908069	0.6033814405286333	([60, 41], [58, 56, 41])
1	0.6040645010227128	0.604933790667064	([613, 602], [613, 610, 602])
1	0.5264983993019745	0.6102739222996635	([182, 165], [182, 171, 165])
1	0.6086820948239784	0.6117327045743874	([616, 600], [617, 616, 600])
1	0.6121121569668564	0.6122494188902429	([611, 598], [611, 606, 598])
1	0.5737801366062918	0.6179517611683416	([665, 642], [666, 665, 647])
1	0.5469635376892845	0.6187443881266279	([173, 172], [175, 173, 171])
1	0.4896532928590971	0.6206129277838811	([174, 172], [186, 182, 172])
1	0.613104024938606	0.6206140158925061	([543, 528], [543, 538, 528])
1	0.6198174588554444	0.624428240970923	([469, 445], [469, 465, 445])
1	0.6151432795584661	0.6273849673047036	([468, 446], [468, 456, 446])
1	0.6182857086768075	0.6287921625391303	([288, 244], [288, 286, 244])
1	0.6135549913292726	0.6354900209067523	([20, 5], [20, 15, 5])
1	0.5253012907141396	0.6361369673469333	([666, 644], [665, 661, 657])
1	0.6143302754025775	0.6376755537292733	([265, 248], [265, 258, 248])
1	0.6354052479340713	0.6385744083038001	([479, 446], [479, 471, 468])
1	0.6248614634842004	0.6400894675204755	([618, 599], [618, 612, 599])
1	0.49941528970904464	0.6410604795454421	([189, 187], [187, 181, 172])
1	0.6266781273266667	0.6415175810917998	([596, 576], [596, 589, 576])
1	0.5969889597631345	0.6417476584264793	([168, 152], [168, 157, 156])
1	0.6412201086529997	0.64290456371007	([592, 568], [592, 585, 568])
1	0.6003157788144109	0.6458737223218455	([287, 266], [287, 282, 270])
1	0.6384552803453115	0.647652911360407	([30, 4], [30, 23, 4])
1	0.6419358093060792	0.6486506761519089	([662, 619], [662, 654, 626])
1	0.6465600396517825	0.6537440376878317	([266, 245], [266, 260, 245])
1	0.6455916416896507	0.6542224060305136	([660, 618], [660, 652, 625])
1	0.6536148080279678	0.6559721197267837	([268, 243], [268, 260, 244])
1	0.6521674607753306	0.6580132224645289	([663, 600], [663, 625, 618])
1	0.6186481341176723	0.6582503494973193	([31, 0], [31, 15, 14])
1	0.6175372629785263	0.6608166932669176	([286, 245], [282, 271, 245])
1	0.6601784307842545	0.6641399819709207	([33, 8], [33, 30, 8])
1	0.6581492663973014	0.6656158415487256	([32, 1], [32, 22, 21])
1	0.6734591786316255	0.6738530976357029	([358, 322], [358, 343, 322])
1	0.6675981218156448	0.6744845447255446	([551, 532], [551, 544, 543])
1	0.6257144038113002	0.6754897238991983	([41, 13], [41, 28, 24])
1	0.6709599031591108	0.6759441971637561	([109, 88], [109, 99, 91])
1	0.6670023378932307	0.6762943104026771	([507, 481], [507, 496, 494])
1	0.663404002548756	0.6772073712390023	([602, 566], [602, 590, 566])
1	0.6687381248985483	0.6778794697233016	([658, 610], [658, 623, 618])
1	0.6472119386562886	0.6784086437930053	([599, 559], [599, 588, 583])
1	0.6474563414467817	0.6789468323806197	([285, 248], [285, 271, 249])
1	0.672823676150198	0.6790490047730144	([234, 199], [234, 223, 202])
1	0.6746459428515869	0.6793465602790414	([195, 165], [193, 192, 169])
1	0.6347035104446977	0.680030615289445	([62, 0], [62, 41, 19])
1	0.5118048179188397	0.6801302086284465	([194, 180], [194, 187, 186])
1	0.6393470492552268	0.6818122972839573	([86, 54], [86, 77, 54])
1	0.6529141060893072	0.682058265023085	([192, 169], [193, 191, 168])
1	0.6695889711255684	0.6850616033591441	([239, 212], [239, 229, 212])
1	0.6771320703565217	0.6857266944357562	([221, 193], [221, 211, 204])
1	0.6465734708197457	0.6857789994897562	([277, 258], [277, 268, 258])
1	0.6360341592502017	0.6859505964866095	([659, 599], [659, 618, 614])
1	0.6819149979962175	0.6883593379535771	([323, 287], [323, 313, 287])
1	0.6754583370218291	0.6892602822893017	([281, 243], [281, 271, 251])
1	0.6826464999529149	0.6894393073963938	([64, 10], [64, 62, 0])
1	0.6823311436915606	0.6894841404501887	([136, 106], [136, 124, 106])
1	0.6678117917218732	0.6898955761658111	([598, 555], [601, 598, 555])
1	0.6600681379594994	0.6903142538898446	([611, 581], [611, 598, 590])
1	0.6668261099965425	0.6905533250865232	([58, 1], [59, 43, 1])
1	0.67005432249774	0.6913661330169596	([142, 115], [142, 132, 115])
1	0.6843005547290612	0.6919361825428235	([279, 247], [279, 267, 247])
1	0.6888663361683833	0.6928841298384386	([483, 457], [483, 477, 475])
1	0.6648231939921556	0.6935821038544359	([601, 551], [598, 566, 564])
1	0.6352592173431477	0.6935821038544359	([608, 563], [608, 598, 564])
1	0.6630424296198292	0.6935919738145082	([44, 0], [63, 44, 42])
1	0.6928535559441311	0.6939504600381992	([270, 240], [270, 260, 240])
1	0.6701317612504047	0.6944849320938506	([582, 548], [582, 566, 561])
1	0.6749965262071671	0.6945587669993182	([355, 325], [355, 348, 332])
1	0.683838793912644	0.695039185498611	([284, 260], [284, 273, 271])
1	0.6711827171421463	0.6953016126505356	([617, 557], [617, 611, 557])
1	0.6900999984156279	0.6958205448887765	([625, 595], [625, 616, 601])
1	0.6932290650782598	0.6961103384610446	([276, 241], [276, 272, 248])
1	0.6846724453353357	0.6964028186891777	([597, 546], [600, 566, 550])
1	0.6873256621263877	0.6987838198708208	([241, 197], [241, 231, 197])
1	0.6752734804697903	0.6994326953086059	([201, 166], [197, 192, 169])
1	0.6873174275365845	0.7001406747167441	([607, 558], [617, 607, 558])
1	0.6774517223380581	0.7005218404983846	([571, 536], [571, 553, 545])
1	0.6660247448486638	0.7011331898171268	([611, 561], [611, 604, 561])
1	0.6989740311828997	0.7012335315492366	([525, 474], [525, 518, 474])
1	0.7003759046891959	0.7051891529724333	([338, 311], [338, 326, 325])
1	0.7024979293217037	0.7054039524657097	([496, 461], [496, 484, 461])
1	0.7043061371265122	0.7056781212280727	([383, 343], [383, 357, 347])
1	0.7054359907023644	0.7063162883277897	([663, 563], [663, 600, 563])
1	0.6981077570353362	0.7069652601884133	([486, 459], [486, 477, 468])
1	0.6823795753440478	0.707361102959698	([293, 277], [293, 288, 278])
1	0.6952821990445947	0.7078943481010951	([607, 545], [617, 607, 545])
1	0.7029740154987785	0.708231168748823	([137, 95], [129, 115, 95])
1	0.6734511613080697	0.7104678604696063	([277, 242], [277, 258, 242])
1	0.7007838958136064	0.7115084284847785	([344, 283], [344, 323, 287])
1	0.7060638710228513	0.7121204778647826	([97, 44], [97, 57, 44])
1	0.7090285418897462	0.7121686221542307	([519, 480], [519, 506, 480])
1	0.7076496463222942	0.7127893755667409	([64, 33], [64, 48, 42])
1	0.6921660435009002	0.7131642786319111	([578, 537], [578, 571, 537])
1	0.6950265604476616	0.7140367954932513	([147, 110], [147, 135, 110])
1	0.704697330421579	0.7142919429354969	([393, 340], [393, 376, 357])
1	0.691076453690277	0.7143388045269823	([97, 57], [97, 71, 64])
1	0.7049856122690831	0.7144717450147411	([67, 26], [61, 44, 0])
1	0.708368406797407	0.7146381215400877	([277, 202], [277, 242, 234])
1	0.6791037937836836	0.7147222882063697	([517, 483], [517, 502, 500])
1	0.7021093774193964	0.714901875238396	([524, 478], [523, 518, 492])
1	0.6884876311995173	0.7150451437602019	([526, 473], [526, 523, 478])
1	0.6945181241177497	0.7151872260819565	([93, 37], [93, 78, 52])
1	0.6911477158587694	0.7153469062468601	([88, 46], [88, 77, 54])
1	0.6978410420338873	0.7153538373576399	([85, 41], [85, 67, 41])
1	0.7091521906141675	0.7154939697382909	([621, 588], [624, 621, 588])
1	0.7062929860588436	0.7154939697382909	([655, 588], [655, 624, 588])
1	0.6836488707258864	0.716538260077025	([59, 24], [62, 59, 24])
1	0.6800286673786493	0.7168302165602544	([612, 549], [614, 612, 549])
1	0.6789717335277875	0.7168561683113162	([642, 189], [641, 632, 189])
1	0.7072625118392624	0.7181685406746412	([654, 594], [656, 654, 597])
1	0.7115360908327305	0.7186544987309703	([144, 104], [144, 131, 115])
1	0.7131558404268483	0.7189823959760784	([157, 109], [157, 136, 129])
1	0.6949940141800643	0.7193897879994169	([661, 560], [661, 614, 550])
1	0.6545735149001972	0.7194498014981403	([588, 545], [607, 594, 545])
1	0.6863404504595053	0.7200494051260221	([521, 466], [521, 501, 493])
1	0.7086899453309304	0.7201798188518743	([279, 229], [279, 249, 229])
1	0.7184041060047949	0.7202573326007753	([313, 241], [313, 285, 246])
1	0.7106024800791569	0.7203479063209226	([514, 479], [518, 514, 479])
1	0.7095232606440722	0.7212200307312536	([402, 363], [402, 387, 385])
1	0.7085839078182804	0.721840322839247	([291, 276], [293, 291, 276])
1	0.6775172587206576	0.72311961458291	([230, 190], [230, 220, 192])
1	0.6958549948987849	0.7233562661691691	([414, 378], [414, 405, 378])
1	0.7050662872409948	0.7248602190894509	([657, 596], [666, 657, 592])
1	0.7182793720104492	0.7252097206706664	([626, 580], [626, 593, 570])
1	0.7110470302572106	0.725235735757913	([124, 73], [124, 121, 73])
1	0.724120285581008	0.7253032409041636	([236, 195], [236, 228, 195])
1	0.7179143667215687	0.7253398752958783	([199, 153], [199, 165, 141])
1	0.7172937192308417	0.7253547048186316	([146, 99], [146, 125, 107])
1	0.7177053439481913	0.7255966327236262	([135, 79], [135, 107, 102])
1	0.7234406477599667	0.7256431778463406	([609, 539], [609, 564, 557])
1	0.718864346239469	0.7256431778463406	([662, 564], [662, 609, 564])
1	0.6901934272316919	0.7258832264500623	([666, 592], [657, 624, 590])
1	0.7069927758627177	0.7267497235252428	([626, 593], [626, 605, 597])
1	0.6908250542894326	0.7267497235252428	([656, 597], [654, 626, 597])
1	0.7218391370459485	0.726877119823751	([432, 392], [432, 420, 399])
1	0.7171258079575572	0.7279146198623561	([659, 566], [623, 610, 566])
1	0.7203605927436826	0.7284621850377535	([243, 211], [243, 229, 211])
1	0.6896819216251462	0.7285356152222481	([155, 55], [155, 125, 55])
1	0.7142197731354434	0.7288780854913373	([464, 414], [464, 442, 427])
1	0.7285654407151619	0.728985680433492	([490, 452], [490, 472, 457])
1	0.7041185124071766	0.7290083046636995	([656, 604], [656, 604, 601])
1	0.6868976074815432	0.7290549939283796	([189, 155], [189, 170, 168])
1	0.7211571146545153	0.7295491216458917	([319, 279], [319, 296, 289])
1	0.7064568107236582	0.7297943663713355	([634, 170], [645, 632, 189])
1	0.7210556600305168	0.7299784250339785	([112, 71], [112, 90, 87])
1	0.7238549953131177	0.7300767260810157	([71, 2], [71, 36, 2])
1	0.699842013228964	0.7309343386248818	([72, 15], [72, 59, 15])
1	0.7023814913303654	0.7315135587325482	([140, 75], [142, 106, 75])
1	0.6942037132843715	0.7316825203684164	([603, 538], [603, 551, 538])
1	0.7200174597508152	0.7324734370838583	([596, 528], [596, 578, 528])
1	0.7076591924372753	0.7329216043985608	([139, 71], [145, 106, 71])
1	0.7203044667919033	0.7334322540665192	([604, 533], [604, 585, 533])
1	0.6625621728946283	0.7334634082227325	([112, 47], [137, 125, 55])
1	0.6954124309946235	0.7334870291654956	([66, 27], [66, 61, 27])
1	0.7198581096242591	0.7336207757010871	([566, 522], [578, 566, 528])
1	0.7233669817075643	0.7336399405663041	([160, 115], [160, 132, 127])
1	0.7221160808012929	0.7339949917235988	([594, 534], [594, 545, 540])
1	0.7091350414048969	0.7340017365393423	([162, 81], [162, 124, 81])
1	0.7204919724612951	0.7342146474052066	([529, 481], [529, 518, 481])
1	0.7308922665033708	0.734556931728323	([460, 404], [460, 456, 402])
1	0.7308501118462983	0.7346636339229566	([530, 470], [530, 492, 479])
1	0.6984591357618937	0.7349731158396698	([108, 49], [108, 103, 49])
1	0.7218844379511326	0.7354176244758545	([666, 478], [666, 519, 478])
1	0.7214458675704746	0.7358145130013365	([222, 159], [242, 229, 159])
1	0.7358811782051239	0.7359771067425724	([461, 409], [461, 443, 409])
1	0.7325893286425633	0.7361760444107914	([154, 39], [154, 146, 47])
1	0.5205664979632786	0.7364813423047698	([211, 182], [211, 197, 196])
1	0.7243380497536583	0.7368307271150742	([200, 136], [200, 165, 141])
1	0.7290875175058628	0.736837548756421	([499, 453], [499, 490, 453])
1	0.7188810640614575	0.736916226857794	([121, 39], [121, 97, 39])
1	0.731495450420264	0.7369429114426905	([342, 265], [342, 309, 288])
1	0.7292501769081555	0.7370767621502649	([155, 98], [155, 126, 121])
1	0.7363682849686634	0.7377488469906662	([292, 275], [292, 291, 276])
1	0.7045987898408353	0.7378020529256418	([555, 481], [548, 529, 523])
1	0.7279443710915906	0.7386478925796764	([626, 519], [626, 580, 526])
1	0.7086126430157853	0.7386478925796764	([580, 526], [626, 625, 526])
1	0.7388063808118516	0.7389431147232115	([618, 529], [618, 552, 545])
1	0.6556799893004566	0.739113009936419	([666, 190], [648, 641, 172])
1	0.7154521349820613	0.7392399586382871	([197, 135], [197, 166, 164])
1	0.7098842288089852	0.7392652350227006	([654, 581], [654, 594, 581])
1	0.7286369767784223	0.7395277524888765	([478, 399], [446, 426, 415])
1	0.7380471789914541	0.7400154766100241	([478, 429], [478, 462, 429])
1	0.7385297003234912	0.7400830980821416	([120, 74], [120, 98, 95])
1	0.7328075508161218	0.7401778975430668	([574, 534], [574, 562, 534])
1	0.7290285513141744	0.7404971322257732	([659, 538], [659, 572, 566])
1	0.7286966668694347	0.7404971322257732	([658, 572], [659, 658, 572])
1	0.7314230242722216	0.7405466694178635	([242, 170], [242, 170, 159])
1	0.714893034598198	0.7405948985605239	([266, 160], [274, 266, 246])
1	0.6996697897632645	0.7409861434778372	([654, 520], [654, 581, 540])
1	0.7095847961166435	0.7413683555982981	([666, 535], [666, 571, 519])
1	0.7168793043810505	0.7415798297008338	([152, 88], [162, 152, 88])
1	0.6921585578725655	0.7418001866507188	([273, 232], [287, 273, 267])
1	0.7309870539443959	0.7419733161500158	([147, 80], [147, 110, 80])
1	0.7385777539531877	0.7420144797246968	([165, 73], [165, 154, 73])
1	0.738681642114572	0.7420555957236912	([146, 70], [146, 90, 86])
1	0.7322926698868399	0.7423925665531954	([598, 524], [625, 598, 524])
1	0.7297297578059412	0.7424749920354292	([456, 402], [456, 454, 402])
1	0.7317966090837021	0.7427721065676434	([337, 273], [337, 308, 289])
1	0.7399508860566654	0.7427724505079687	([148, 67], [156, 148, 67])
1	0.7315726324976517	0.7428634638192292	([168, 99], [168, 138, 136])
1	0.7377327880741517	0.7429567690068862	([508, 455], [508, 484, 455])
1	0.7394147947548096	0.7429580616751772	([276, 191], [276, 202, 191])
1	0.722211654638778	0.743168067347597	([520, 471], [520, 507, 471])
1	0.7407316612438393	0.7436524749809643	([639, 590], [657, 639, 625])
1	0.7316421532068553	0.7439813291276342	([161, 60], [161, 159, 62])
1	0.7428468440064364	0.7440288848816439	([267, 35], [284, 267, 39])
1	0.7183817267124584	0.7442721909594897	([500, 440], [500, 475, 464])
1	0.7308421572135312	0.7442925896407588	([249, 162], [266, 249, 162])
1	0.7406984242061819	0.7443710061001327	([252, 39], [246, 244, 39])
1	0.7353015617238053	0.7443710061001327	([284, 39], [267, 244, 39])
1	0.6964381690155029	0.7444253183824207	([169, 76], [169, 145, 76])
1	0.7367305831892603	0.744545973776087	([143, 93], [143, 116, 115])
1	0.7134512998993764	0.744562097635942	([284, 237], [284, 260, 240])
1	0.7276881312447265	0.7446180540022005	([156, 23], [156, 95, 72])
1	0.7013343177434669	0.7446180540022005	([160, 72], [156, 132, 72])
1	0.7444678128130884	0.7447670443721982	([608, 521], [610, 608, 521])
1	0.742102604583859	0.7450230867777896	([323, 240], [323, 280, 267])
1	0.7397968682741484	0.7450714854259747	([164, 89], [164, 142, 89])
1	0.7348949162300161	0.7451138863683815	([159, 2], [159, 122, 97])
1	0.7203150049616095	0.7451654757829083	([148, 94], [148, 133, 115])
1	0.7359351244654757	0.7453541910811396	([128, 8], [128, 59, 54])
1	0.7431575347248405	0.7454002916778941	([619, 475], [619, 548, 475])
1	0.7432547787821635	0.7454365533020697	([467, 405], [467, 444, 427])
1	0.49217306447109715	0.7454476514318686	([197, 182], [197, 182, 172])
1	0.7043789784976553	0.7457156971365495	([242, 159], [222, 200, 164])
1	0.7351761124946886	0.7457426471030171	([613, 527], [619, 613, 532])
1	0.7369308709767934	0.7464845920622796	([497, 428], [497, 478, 466])
1	0.7303947799291601	0.7465821769326066	([240, 59], [260, 240, 24])
1	0.7086660695835845	0.7466297475494582	([549, 476], [549, 541, 476])
1	0.7403348654531186	0.7469572835736973	([362, 321], [362, 345, 321])
1	0.7205758401648437	0.7472003751274061	([158, 0], [156, 137, 0])
1	0.7186508463426338	0.7474205891944717	([658, 543], [658, 607, 543])
1	0.7333014784788627	0.7475231785893488	([509, 469], [509, 494, 478])
1	0.7423930649557022	0.7475533266105056	([479, 395], [479, 472, 395])
1	0.7272658371219152	0.747889639018915	([526, 445], [526, 479, 445])
1	0.7249185288661811	0.7484448002601423	([128, 64], [128, 101, 97])
1	0.7387283919521302	0.7484530959507284	([666, 435], [666, 435, 426])
1	0.7157882778801238	0.7484919021965851	([138, 46], [136, 128, 59])
1	0.7394032736639272	0.7485540938224275	([244, 1], [272, 244, 1])
1	0.7356423443484923	0.7485909598792604	([466, 354], [428, 405, 354])
1	0.7422068454483604	0.7486649955808473	([666, 398], [666, 417, 387])
1	0.7054583978977371	0.749094097960639	([159, 62], [159, 97, 39])
1	0.7365771474221768	0.7492852899952507	([260, 38], [260, 38, 24])
1	0.7095168690529922	0.749374362789664	([272, 32], [244, 37, 34])
1	0.73979671932367	0.749492743264573	([164, 44], [164, 159, 44])
1	0.7207906626634197	0.7495527310222925	([504, 419], [504, 462, 419])
1	0.7437610246729883	0.7498351797761285	([452, 390], [452, 442, 390])
1	0.7414098416527571	0.7499011234000802	([226, 147], [226, 201, 147])
1	0.7260840789994772	0.7499737756549033	([134, 50], [134, 101, 74])
1	0.7231788892427241	0.7500212961054119	([465, 396], [465, 437, 398])
1	0.6889446137757328	0.7500212961054119	([518, 398], [518, 465, 398])
1	0.62392560217419	0.750112265301648	([630, 179], [631, 630, 190])
1	0.7325122563340182	0.7502399378406996	([394, 337], [394, 360, 355])
1	0.7279009967351188	0.7503126230717657	([161, 1], [161, 62, 1])
1	0.6698240836931124	0.7505629242658142	([152, 41], [152, 135, 112])
1	0.7207573396684632	0.7506738245871069	([459, 389], [459, 425, 395])
1	0.72889476819061	0.7506738245871069	([450, 395], [459, 450, 395])
1	0.7349291858520285	0.7506868589380112	([479, 423], [484, 479, 423])
1	0.7489795952227047	0.751074501264164	([624, 523], [624, 617, 523])
1	0.7510243993046108	0.7517172756045082	([616, 533], [616, 604, 553])
1	0.7434927597719584	0.7517629547810943	([294, 236], [317, 294, 222])
1	0.7223189380678628	0.7518938056739217	([290, 237], [290, 237, 234])
1	0.7154907271535129	0.7518938056739217	([290, 215], [290, 277, 234])
1	0.7424569859816981	0.7518938056739217	([318, 234], [318, 290, 234])
1	0.7490430419133971	0.7519852152616658	([315, 228], [315, 308, 228])
1	0.7255637575101767	0.7520602477288545	([160, 22], [160, 65, 22])
1	0.7473900657700052	0.7522049597145662	([532, 487], [532, 510, 487])
1	0.7488668456699347	0.7522932301901689	([130, 3], [155, 130, 65])
1	0.7520911935693577	0.7525089899515238	([576, 41], [576, 560, 548])
1	0.6398690393652536	0.7526809550248128	([242, 179], [242, 191, 179])
1	0.7352595110960848	0.7527348994995013	([249, 33], [280, 266, 33])
1	0.7525240959582951	0.7527564359597742	([245, 29], [260, 245, 38])
1	0.7521454104099989	0.7532103854712996	([308, 274], [308, 274, 228])
1	0.7518629614585651	0.7534579113651044	([324, 257], [324, 313, 246])
1	0.7448595717867901	0.753508407292284	([617, 41], [617, 611, 41])
1	0.7491782795971333	0.753640329074428	([355, 47], [355, 324, 314])
1	0.7438563343479917	0.7543003715564253	([272, 152], [274, 272, 159])
1	0.7543364298818102	0.7544754018416665	([617, 481], [617, 546, 481])
1	0.7420705119759189	0.7544754018416665	([617, 284], [617, 546, 526])
1	0.7319232314985009	0.7547252187706072	([523, 427], [523, 473, 466])
1	0.7257508914875891	0.7549863690168129	([317, 222], [294, 278, 236])
1	0.7253428426106958	0.75539152035654	([499, 409], [484, 483, 409])
1	0.7382182077534923	0.75598522405011	([594, 246], [607, 594, 246])
1	0.743820885329181	0.756189575893947	([124, 38], [124, 102, 37])
1	0.7523694500065771	0.7562033303951862	([293, 192], [293, 276, 192])
1	0.7539198660948874	0.7565378776939183	([521, 383], [521, 503, 466])
1	0.7366405053781306	0.7565748836348735	([656, 41], [656, 619, 41])
1	0.728956350917403	0.7566073602471162	([347, 248], [347, 286, 285])
1	0.7272222724241736	0.7567618046335238	([541, 404], [541, 523, 404])
1	0.7319905958293398	0.7568063864230524	([543, 245], [601, 543, 541])
1	0.7470247394314171	0.7569330051860753	([609, 32], [609, 553, 32])
1	0.7448022779969535	0.7571769270139999	([162, 34], [162, 70, 51])
1	0.7428615043032658	0.7571769270139999	([166, 51], [166, 162, 51])
1	0.7526032087138952	0.7572436143504724	([436, 372], [436, 421, 383])
1	0.7529885315072051	0.7572474486263258	([602, 477], [600, 581, 541])
1	0.7016659963676553	0.7573198025144111	([231, 41], [244, 231, 1])
1	0.7306439348120242	0.7574124254487276	([426, 376], [426, 401, 391])
1	0.7003197346905369	0.7574617961434116	([280, 33], [264, 246, 41])
1	0.7348386815438702	0.7577369202891464	([546, 284], [596, 546, 288])
1	0.7551174330790854	0.7578671563386384	([609, 281], [609, 543, 536])
1	0.718404388314047	0.7578833579826347	([192, 47], [192, 154, 150])
1	0.7000249666554398	0.7580058304475132	([264, 41], [272, 137, 32])
1	0.7535850733161904	0.7580799277498662	([378, 242], [378, 289, 275])
1	0.7462975189386182	0.7580799277498662	([378, 275], [378, 313, 289])
1	0.7076604190031909	0.7581670978940672	([155, 24], [130, 65, 48])
1	0.7303825948420063	0.7584452663348712	([278, 200], [278, 247, 159])
1	0.7511734573835979	0.758490450712217	([612, 522], [612, 565, 522])
1	0.7347354751864386	0.7585037900227233	([381, 318], [381, 364, 318])
1	0.7547577197500871	0.7585244276579185	([446, 340], [446, 399, 340])
1	0.7553959102462225	0.758538414394473	([630, 589], [630, 627, 594])
1	0.7431754975729493	0.7585834531656727	([489, 403], [516, 489, 405])
1	0.7506639888450819	0.7586210306095511	([543, 281], [604, 602, 281])
1	0.7367115486396585	0.7587504177027702	([263, 46], [263, 246, 46])
1	0.7545269316841263	0.7588660048140213	([369, 290], [369, 356, 290])
1	0.7422512982385198	0.758983926202798	([639, 191], [639, 637, 192])
1	0.7538902174389515	0.7590999981157787	([350, 310], [350, 325, 312])
1	0.7586483694264209	0.7593619639442878	([134, 26], [134, 80, 50])
1	0.7433957713070706	0.7593801821961595	([153, 20], [153, 97, 10])
1	0.7556670078642586	0.7595727396137256	([335, 226], [335, 291, 226])
1	0.7539943796683874	0.7595890670486701	([238, 32], [244, 238, 32])
1	0.7576707226748478	0.7597483830623413	([541, 285], [546, 541, 288])
1	0.7424340476265282	0.760045865944258	([129, 62], [129, 97, 64])
1	0.7328813461433699	0.7601573721413502	([231, 155], [231, 192, 168])
1	0.7506360490076489	0.7601952458789745	([446, 379], [446, 403, 399])
1	0.7344598711955891	0.7602248167753769	([531, 468], [531, 528, 468])
1	0.7341340688968708	0.7602315624499822	([486, 397], [486, 468, 397])
1	0.7257975607129824	0.7602315624499822	([516, 405], [516, 468, 397])
1	0.7410685547319729	0.7603455333782771	([127, 68], [127, 106, 68])
1	0.753285095662624	0.7604060489205887	([621, 525], [621, 604, 539])
1	0.7516118765121891	0.7604177200059734	([507, 437], [526, 507, 437])
1	0.7428013180875542	0.7605127156654296	([157, 40], [158, 157, 40])
1	0.7546455172070474	0.7605169718058248	([511, 394], [508, 484, 478])
1	0.7528195987418385	0.7607792269819589	([550, 280], [550, 543, 245])
1	0.7535459312789428	0.7608947079544717	([558, 493], [558, 545, 493])
1	0.7587681267618251	0.7610329014993874	([614, 266], [614, 607, 246])
1	0.7505038780157585	0.7611346984410756	([322, 39], [322, 284, 270])
1	0.7275577918544524	0.7611619120320939	([532, 467], [532, 487, 478])
1	0.7277758099133711	0.7613102703016191	([249, 47], [249, 47, 41])
1	0.7613036657281103	0.7613461798894648	([627, 488], [627, 509, 494])
1	0.7444159855334053	0.7614029763237168	([471, 393], [471, 463, 393])
1	0.7410013719407054	0.7615620481227794	([275, 193], [276, 275, 193])
1	0.7438489779108702	0.7616887033885241	([496, 401], [496, 471, 393])
1	0.717752303622183	0.7617612712694937	([260, 24], [260, 246, 41])
1	0.7345095145158314	0.7620486340082353	([340, 274], [335, 294, 277])
1	0.7532825888785323	0.762069177986027	([496, 433], [505, 496, 433])
1	0.738244297525059	0.762188589438219	([477, 416], [477, 470, 416])
1	0.7361242983617082	0.7625472518263555	([654, 466], [625, 524, 466])
1	0.7544225227177199	0.7625938675729652	([248, 2], [248, 244, 34])
1	0.7504385694239467	0.7626444170734035	([374, 316], [382, 374, 311])
1	0.7416236479705607	0.7629354608206846	([576, 477], [576, 548, 477])
1	0.732162255865849	0.7629731579314771	([559, 42], [552, 536, 41])
1	0.7444550959959915	0.7630115570092683	([372, 294], [372, 364, 318])
1	0.7424407045806156	0.7632908407024057	([351, 275], [351, 342, 275])
1	0.7445948221125576	0.7633045425391987	([240, 134], [240, 195, 192])
1	0.7627850042381688	0.7633908240635386	([612, 322], [612, 552, 322])
1	0.741189860638238	0.763624620728369	([385, 277], [385, 356, 290])
1	0.7490225450737437	0.7636900202967193	([511, 454], [511, 488, 482])
1	0.7584464752613793	0.7637101851783598	([618, 265], [603, 551, 265])
1	0.7580318301513835	0.7638621922594884	([535, 273], [546, 535, 284])
1	0.757270038082035	0.7638944989969956	([515, 387], [515, 479, 395])
1	0.7496132790715119	0.763920470583441	([537, 265], [603, 265, 249])
1	0.7438056218221022	0.7641003761037398	([546, 262], [550, 546, 262])
1	0.7537977938700429	0.7641018470155468	([251, 12], [251, 249, 17])
1	0.748897175238022	0.7641018470155468	([285, 17], [285, 249, 17])
1	0.7457642958531374	0.7641432295692077	([615, 283], [543, 281, 245])
1	0.7567419920503837	0.7644805127758852	([350, 205], [350, 342, 205])
1	0.7319441378098958	0.7646221306975761	([431, 360], [431, 399, 393])
1	0.7452674656082398	0.7647261563428518	([232, 162], [237, 232, 162])
1	0.7439769075934711	0.7647568292685677	([604, 465], [608, 604, 465])
1	0.7412683303296358	0.764791729499922	([533, 393], [533, 478, 393])
1	0.7308653310199466	0.764977601911926	([662, 270], [662, 656, 282])
1	0.7191066129078449	0.765072774093701	([536, 47], [666, 596, 519])
1	0.7199450861494255	0.7651260713830346	([241, 35], [267, 262, 35])
1	0.7356545205493735	0.7654032413750033	([497, 386], [497, 412, 387])
1	0.7648567892573812	0.7655448857329052	([588, 286], [590, 588, 286])
1	0.7599047962250399	0.7655510819053551	([319, 204], [313, 308, 204])
1	0.7502261703023183	0.7656225155217389	([473, 244], [474, 473, 244])
1	0.7303618281979433	0.7658131883880221	([553, 0], [610, 608, 0])
1	0.758211291093161	0.7658666098100924	([242, 126], [242, 162, 159])
1	0.7186704455591522	0.7658750797163419	([354, 306], [354, 335, 300])
1	0.737506287350458	0.7658923689255844	([666, 417], [666, 519, 398])
1	0.7650614286308048	0.76595557307318	([487, 392], [487, 434, 415])
1	0.7499387423577044	0.7660256128114039	([200, 52], [200, 169, 141])
1	0.7402944824282198	0.766305092724161	([394, 321], [394, 337, 330])
1	0.7640310147186918	0.7663556719842876	([660, 530], [660, 620, 530])
1	0.7590230874611149	0.7665763796124241	([579, 493], [579, 550, 526])
1	0.7618102087412406	0.7665856994671586	([598, 1], [666, 598, 571])
1	0.7655979780796308	0.7670035875874629	([410, 308], [410, 392, 308])
1	0.7495623573149769	0.7673643626732087	([544, 445], [544, 526, 519])
1	0.7582743762197091	0.7674385164639534	([623, 473], [623, 520, 473])
1	0.7381208543616395	0.7674588039805147	([507, 400], [507, 495, 400])
1	0.7589703716151512	0.7675997014314899	([300, 217], [300, 293, 217])
1	0.7295122027235315	0.7678606922588251	([379, 281], [379, 346, 281])
1	0.7419569329032734	0.7679331517751206	([620, 10], [620, 552, 41])
1	0.71545335422907	0.7680142352223989	([570, 472], [570, 520, 472])
1	0.7425086193217516	0.7681052581972387	([231, 51], [231, 51, 41])
1	0.7679661693760363	0.7682710716885061	([323, 42], [323, 267, 39])
1	0.7393772337392149	0.768321043687724	([434, 325], [434, 395, 325])
1	0.7654926239220031	0.7688610842515862	([249, 196], [249, 229, 196])
1	0.7553947496560388	0.7689167326362035	([627, 509], [627, 625, 494])
1	0.7558032599262947	0.768986761210487	([126, 12], [126, 97, 12])
1	0.7508739587928642	0.7690684588047939	([303, 219], [303, 277, 276])
1	0.7606759810416108	0.7691948160214103	([207, 137], [229, 207, 137])
1	0.7576234216524865	0.7692041696679164	([337, 235], [337, 273, 235])
1	0.767710101530887	0.7692249461700602	([253, 69], [253, 69, 1])
1	0.7598287649916419	0.7692249461700602	([253, 19], [253, 244, 1])
1	0.7654273218052938	0.7692456785610198	([548, 323], [548, 323, 279])
1	0.7599896051726848	0.7694884573300997	([296, 213], [296, 290, 213])
1	0.7593770677106719	0.7696057172507068	([318, 216], [318, 234, 232])
1	0.7660479684402957	0.7696279154279033	([413, 342], [533, 530, 342])
1	0.7406001065071062	0.7696437741618027	([545, 1], [575, 565, 1])
1	0.720793058384186	0.7696955719410954	([588, 507], [588, 528, 524])
1	0.7572302808703897	0.7698077696630563	([345, 229], [345, 342, 256])
1	0.7502264258580694	0.769884380105649	([438, 352], [438, 421, 356])
1	0.7593352505472504	0.7699656373422186	([384, 298], [384, 374, 298])
1	0.7624483489199966	0.7701549178664108	([261, 193], [261, 243, 230])
1	0.7665738642921991	0.7702240917701091	([475, 343], [476, 475, 345])
1	0.7601381071208877	0.7703019753202718	([275, 225], [275, 225, 193])
1	0.7398169293689348	0.7703026231473096	([503, 383], [521, 464, 383])
1	0.7415457261600952	0.7703197528375015	([603, 249], [601, 551, 250])
1	0.7338485235559261	0.7703457068111225	([596, 288], [612, 596, 288])
1	0.770262651491362	0.7704002394388701	([421, 311], [421, 374, 356])
1	0.7071366065245641	0.7704662449088217	([601, 271], [663, 600, 286])
1	0.7592650547522667	0.7708338606069571	([598, 471], [598, 521, 501])
1	0.7624569788506725	0.7708549339451047	([404, 328], [404, 364, 328])
1	0.7451423319526028	0.7709241546582896	([321, 155], [296, 278, 155])
1	0.7661771292690469	0.7709895140509556	([343, 249], [343, 281, 249])
1	0.7705923657198118	0.7710224735704105	([205, 100], [205, 148, 100])
1	0.6965401943494242	0.7710379613239842	([666, 42], [666, 42, 17])
1	0.760429746481416	0.7710412705574514	([437, 320], [437, 415, 397])
1	0.7528054186904513	0.7711798133754312	([651, 573], [658, 651, 572])
1	0.7637330031235825	0.7712433981693406	([186, 39], [192, 186, 47])
1	0.7694381923936423	0.7712631986266059	([472, 379], [472, 446, 414])
1	0.741626176306517	0.7713069784367741	([205, 148], [205, 192, 150])
1	0.7642330874726502	0.7714371083752242	([428, 327], [428, 415, 327])
1	0.7429337117068058	0.771938055078946	([604, 3], [609, 604, 3])
1	0.7428393797552906	0.7720364385236128	([242, 53], [242, 240, 59])
1	0.7593782419923232	0.7720764508411505	([257, 18], [257, 243, 161])
1	0.7404666183111999	0.772128855150725	([220, 38], [279, 227, 220])
1	0.7380028570132733	0.772410169430349	([330, 271], [336, 330, 253])
1	0.7330653612616924	0.7726882393467184	([537, 322], [556, 549, 286])
1	0.7549931877788237	0.7728093709275721	([123, 20], [124, 123, 0])
1	0.7607733219974356	0.7728201799085748	([386, 317], [386, 356, 317])
1	0.7605270824015513	0.7729952508484883	([235, 21], [240, 235, 59])
1	0.7509467954036313	0.7730791730150105	([613, 280], [614, 613, 266])
1	0.7386986937426478	0.7732738027540266	([415, 290], [415, 401, 290])
1	0.7689790387733874	0.7732738865173783	([570, 30], [604, 570, 543])
1	0.7656358078653923	0.7734093397824017	([652, 500], [652, 596, 519])
1	0.7461187400874516	0.7734535779712363	([606, 467], [606, 529, 467])
1	0.7569576848681724	0.7735731837526674	([282, 61], [282, 61, 15])
1	0.7624469693990988	0.7735790867444516	([635, 515], [635, 628, 515])
1	0.7272750072935846	0.7736001757920051	([620, 267], [549, 286, 267])
1	0.7535407370163358	0.773642488514692	([258, 36], [258, 244, 37])
1	0.7616846687920275	0.7736537137793045	([564, 253], [595, 564, 287])
1	0.4789981152401217	0.7738226880242631	([198, 181], [198, 187, 181])
1	0.7540213323880876	0.7739939859245598	([405, 323], [415, 405, 323])
1	0.7350738434067325	0.7740237727281541	([348, 258], [348, 287, 279])
1	0.7557758208567035	0.7740328552870482	([549, 19], [553, 549, 0])
1	0.7425606092033556	0.7741383114549616	([258, 201], [258, 229, 201])
1	0.7728664357230571	0.7742774863614195	([384, 205], [384, 350, 338])
1	0.7733210101808882	0.7743149755545569	([661, 509], [661, 626, 588])
1	0.7543120866270442	0.7743426716721405	([269, 11], [270, 248, 2])
1	0.7659132791088559	0.7744517591826472	([237, 30], [245, 237, 30])
1	0.7641828406344179	0.7745444458257105	([177, 160], [186, 177, 172])
1	0.7347133173574203	0.7746210227319702	([327, 258], [341, 327, 258])
1	0.7465441192479682	0.7748080913874928	([263, 13], [263, 259, 13])
1	0.7700849355924875	0.7748946523650855	([414, 329], [414, 400, 384])
1	0.7402518114448359	0.7749947830357404	([611, 253], [611, 264, 253])
1	0.7332431037470073	0.7750072118819058	([271, 0], [665, 617, 284])
1	0.774485676025413	0.775018265100783	([481, 384], [623, 481, 473])
1	0.6776748262799553	0.7752714382685821	([663, 280], [259, 244, 0])
1	0.7439116617475882	0.7752714382685821	([664, 244], [664, 244, 0])
1	0.756056366544736	0.7753080189902067	([261, 158], [261, 230, 159])
1	0.7593355309066215	0.7753414712881597	([243, 161], [243, 211, 159])
1	0.7620289172229793	0.7753444913061515	([223, 106], [223, 160, 146])
1	0.7682123237734847	0.7754638326464124	([353, 280], [353, 319, 289])
1	0.7701453291895839	0.7756744434715969	([559, 342], [559, 520, 342])
1	0.7652804463877303	0.775690781376076	([644, 199], [644, 199, 172])
1	0.7651326617942117	0.775834073859783	([458, 308], [458, 410, 398])
1	0.7312895213351684	0.7759154632254699	([606, 247], [613, 550, 532])
1	0.7758578880582914	0.7759585560468494	([595, 399], [617, 595, 526])
1	0.7689875923471342	0.7760135497909072	([665, 524], [665, 598, 524])
1	0.7570476125835504	0.7761995378872176	([619, 258], [619, 606, 258])
1	0.772246495806897	0.7762459726885474	([326, 252], [330, 326, 271])
1	0.7497597495076627	0.776464027677854	([599, 248], [599, 566, 522])
1	0.7720969004114346	0.7765380629516828	([623, 384], [481, 473, 384])
1	0.7715671068044372	0.7767293394900544	([317, 50], [317, 203, 146])
1	0.7617531477416836	0.7767640517341814	([508, 417], [508, 455, 438])
1	0.7740551267901097	0.7769608488373049	([661, 527], [661, 550, 527])
1	0.7584993520860759	0.7769872311448941	([213, 125], [213, 197, 135])
1	0.7512566990188506	0.7769936891191553	([262, 62], [268, 262, 62])
1	0.7141364235326744	0.7773792576291753	([617, 257], [617, 613, 251])
1	0.7199282400336295	0.7774405811561728	([656, 282], [662, 541, 288])
1	0.7552757703785037	0.7774857657479323	([551, 40], [611, 551, 40])
1	0.7737972623044664	0.7775010333785566	([597, 14], [666, 571, 14])
1	0.7710862735089263	0.7775091362055135	([397, 315], [397, 363, 344])
1	0.7655161997428872	0.7775728833712425	([482, 357], [482, 446, 357])
1	0.7548232040891659	0.7776560136928908	([384, 270], [384, 298, 288])
1	0.7746626391501583	0.7777084908862014	([478, 288], [478, 346, 288])
1	0.7526313449425615	0.7777397489186103	([609, 263], [609, 281, 251])
1	0.7729962505584412	0.7777397489186103	([609, 344], [609, 344, 251])
1	0.7567266719566725	0.7777478787959827	([608, 268], [608, 268, 0])
1	0.7673050078007736	0.7777835568067083	([336, 227], [336, 243, 227])
1	0.7725801456799145	0.7778694904926641	([389, 276], [389, 307, 301])
1	0.7602542806039643	0.7778694904926641	([389, 301], [389, 370, 307])
1	0.7474736384062924	0.7778970655315004	([595, 287], [564, 540, 253])
1	0.7761313241354548	0.7779188125295233	([605, 346], [605, 346, 270])
1	0.7714037902342569	0.7784102604771039	([239, 64], [239, 229, 64])
1	0.7780240757851553	0.7786142668216033	([582, 270], [582, 576, 270])
1	0.7666748482219146	0.7787443157330353	([202, 65], [202, 126, 65])
1	0.737139050813621	0.7788794018433726	([556, 248], [605, 599, 252])
1	0.7646314228658734	0.779003589432243	([510, 191], [635, 515, 510])
1	0.750879857562082	0.7790511850775393	([510, 396], [515, 510, 396])
1	0.7683784452999037	0.7793896051739737	([399, 304], [399, 325, 304])
1	0.778674132248354	0.7794002741798489	([563, 33], [563, 560, 33])
1	0.7320272173815747	0.7795224391388408	([659, 287], [658, 624, 287])
1	0.7721493980129421	0.7795417570985399	([522, 366], [522, 488, 366])
1	0.7399193058213308	0.7796011346599167	([198, 41], [213, 198, 41])
1	0.7775134426757256	0.7797230479481229	([446, 271], [446, 340, 274])
1	0.7722366967025336	0.779744134660405	([591, 10], [591, 573, 539])
1	0.7770777386635204	0.7797798137859204	([606, 507], [621, 606, 507])
1	0.7659378716547325	0.7797798137859204	([662, 507], [662, 621, 507])
1	0.7461374900781168	0.779786205349189	([131, 34], [131, 118, 34])
1	0.7591507229588014	0.780033653110324	([533, 413], [533, 473, 459])
1	0.755017876026219	0.7800557486275532	([520, 439], [520, 473, 439])
1	0.5273938696734786	0.7800561824104979	([666, 0], [605, 561, 346])
1	0.7741869876066444	0.7801111503338346	([235, 132], [235, 200, 132])
1	0.7141722476728454	0.7801450437112877	([255, 4], [255, 252, 14])
1	0.7735577255833862	0.7801720810704734	([320, 255], [320, 293, 217])
1	0.7467827407535879	0.7802312176861865	([539, 414], [539, 505, 492])
1	0.7773744295840009	0.7803312616694735	([615, 97], [615, 97, 60])
1	0.7509614262480008	0.7804168509257366	([476, 345], [475, 421, 378])
1	0.7714594408579782	0.7804656622814297	([232, 117], [232, 169, 162])
1	0.7801255430957632	0.7804784945514874	([256, 122], [256, 122, 39])
1	0.770767091905288	0.7805501166520827	([666, 254], [666, 592, 254])
1	0.7526173533965327	0.7806823111171377	([92, 14], [92, 49, 48])
1	0.5899937201893574	0.7807085407791498	([648, 174], [666, 168, 55])
1	0.7773006705536212	0.780724548350515	([269, 44], [269, 240, 44])
1	0.7614764450764491	0.7807651834774516	([255, 52], [255, 52, 47])
1	0.7662622459913142	0.7807822673582706	([573, 271], [599, 573, 554])
1	0.7714052304486507	0.7808230377791323	([609, 235], [609, 267, 245])
1	0.7708941557020154	0.7809186222571455	([335, 197], [335, 229, 197])
1	0.7757263590298461	0.7809519720420036	([444, 317], [444, 395, 386])
1	0.768094259318761	0.7810218254061972	([260, 127], [260, 127, 41])
1	0.7701699171807421	0.7810597926466342	([625, 359], [524, 497, 387])
1	0.7170317632348432	0.781302174823361	([337, 41], [337, 323, 41])
1	0.7383624603053152	0.7815242682714711	([634, 511], [628, 626, 497])
1	0.7517927492479458	0.781575280347874	([557, 26], [571, 557, 26])
1	0.7477087472552163	0.781575280347874	([586, 26], [586, 571, 26])
1	0.7486942003451899	0.7816009241341617	([479, 247], [479, 381, 378])
1	0.7785029969529914	0.7816663148924325	([457, 351], [457, 395, 357])
1	0.7309650328135492	0.7817127002162273	([548, 266], [617, 548, 481])
1	0.7708153474724435	0.781748976256233	([569, 474], [569, 558, 474])
1	0.7552459115467818	0.7817541980520714	([520, 266], [548, 520, 464])
1	0.7734470127190864	0.7817583674538239	([405, 258], [405, 323, 258])
1	0.7794659608543578	0.7820125904380633	([437, 355], [476, 448, 345])
1	0.7738763113350907	0.7822583633974707	([346, 195], [346, 243, 226])
1	0.7624446687345882	0.7823382834739966	([595, 256], [599, 595, 256])
1	0.7794683388648319	0.782477705323315	([545, 405], [545, 493, 405])
1	0.7718680709364671	0.7825338478966749	([340, 233], [340, 274, 211])
1	0.7610128575282942	0.7826319240170527	([581, 254], [666, 535, 273])
1	0.7636622686578859	0.7827795654994479	([532, 401], [532, 478, 394])
1	0.7601540429453393	0.7827919596801615	([256, 8], [256, 251, 8])
1	0.7805869519409415	0.783027732550911	([226, 128], [226, 147, 145])
1	0.7178167386391328	0.783230131980906	([558, 260], [558, 551, 265])
1	0.7427277499259717	0.7832469111552371	([590, 62], [590, 272, 62])
1	0.7682291307041301	0.7833083592653165	([523, 347], [523, 493, 347])
1	0.7726950790743019	0.7834063193359975	([599, 20], [617, 558, 17])
1	0.732849659857377	0.7834294757861731	([508, 284], [619, 508, 284])
1	0.7787509681199813	0.7834597593742801	([403, 278], [403, 342, 312])
1	0.7588809973317477	0.7834597593742801	([530, 342], [413, 403, 342])
1	0.7363886439629365	0.7835400460319515	([573, 10], [584, 573, 47])
1	0.7804950761190448	0.7838074019844883	([404, 207], [435, 404, 393])
1	0.781884539237326	0.7838284274167873	([313, 161], [313, 273, 161])
1	0.7567564806151715	0.7838295052271266	([588, 25], [588, 559, 25])
1	0.7239413570401069	0.783904518475757	([506, 41], [555, 481, 41])
1	0.7696008259822099	0.783971148469951	([536, 248], [599, 536, 521])
1	0.7837271569359324	0.7841836017769758	([589, 46], [589, 553, 32])
1	0.7803405774368312	0.7842395007869645	([207, 101], [207, 196, 101])
1	0.7476980731641765	0.7843263564347639	([574, 468], [574, 570, 469])
1	0.7471067184137414	0.7845225994252972	([602, 37], [602, 244, 239])
1	0.7256740490495587	0.7845225994252972	([474, 242], [602, 473, 244])
1	0.7784538550567447	0.7845747930584026	([225, 67], [241, 225, 67])
1	0.7831794410200761	0.7846345235255984	([348, 157], [348, 243, 157])
1	0.7619275873441049	0.7847976544890696	([190, 105], [191, 190, 133])
1	0.7032467176618685	0.7848265708822422	([189, 1], [189, 155, 47])
1	0.718888416579949	0.7848738713017319	([584, 47], [577, 573, 47])
1	0.7665313514174702	0.7849449709467977	([360, 202], [360, 326, 202])
1	0.7595614271326651	0.7849685636819016	([423, 298], [412, 382, 298])
1	0.782734128493577	0.7849807003191265	([277, 112], [277, 168, 142])
1	0.7848854746289327	0.7849820621430175	([253, 126], [253, 226, 128])
1	0.7445355415904421	0.7850405769352762	([314, 47], [294, 207, 192])
1	0.7850086037534233	0.7851284496519771	([589, 251], [589, 251, 46])
1	0.75135239982488	0.7852922031227056	([543, 347], [543, 493, 482])
1	0.7835597100951089	0.7854554744379756	([560, 345], [587, 560, 345])
1	0.7630228362377756	0.7854957771558644	([526, 333], [519, 380, 358])
1	0.7541118328617784	0.7855263873377774	([469, 332], [469, 404, 383])
1	0.7689306873328153	0.7855435398406858	([246, 106], [246, 236, 106])
1	0.7646964746953617	0.7855838871597667	([195, 36], [195, 168, 45])
1	0.771746803677179	0.7857180562206522	([529, 379], [529, 469, 379])
1	0.7798741631858221	0.7858868601756218	([170, 49], [170, 141, 49])
1	0.7764989172014792	0.78593384716352	([276, 124], [276, 124, 123])
1	0.7780023596445378	0.7859722441963501	([507, 336], [507, 484, 400])
1	0.7768249831663643	0.7859956300918867	([423, 348], [423, 378, 348])
1	0.7582583091628954	0.7860615704857038	([308, 96], [308, 300, 50])
1	0.7855748508365993	0.786227391587981	([275, 57], [281, 275, 47])
1	0.7841669779440215	0.7863961491905365	([620, 486], [620, 535, 486])
1	0.7813807477350923	0.7864394069132493	([318, 103], [318, 148, 78])
1	0.782916032141762	0.7867467250017643	([617, 330], [617, 330, 284])
1	0.7581736190648468	0.7867812479912014	([519, 240], [666, 519, 240])
1	0.7806309822633865	0.7867812479912014	([660, 240], [666, 660, 240])
1	0.7866422091802908	0.7869569603743889	([569, 342], [569, 559, 537])
1	0.784229067435638	0.7870608140028401	([238, 129], [266, 238, 129])
1	0.7704358209167806	0.7871150065508129	([626, 417], [666, 626, 519])
1	0.7757002645787645	0.7871202721094427	([477, 270], [662, 582, 538])
1	0.7636828365429114	0.7872113937027844	([467, 344], [467, 445, 344])
1	0.7802599403459981	0.7873477797138968	([290, 49], [317, 290, 49])
1	0.7825096001677041	0.7873860253459335	([214, 40], [222, 214, 24])
1	0.7762914967570476	0.7873992811363698	([484, 336], [507, 475, 343])
1	0.7777677068507224	0.7875393492282116	([427, 335], [437, 427, 335])
1	0.7566101529771178	0.7875906015321485	([273, 30], [286, 273, 30])
1	0.7748140888298454	0.7876322726042493	([343, 63], [343, 326, 63])
1	0.7857705333625963	0.7876879585667238	([355, 162], [355, 162, 47])
1	0.7798235252955601	0.7878481209192569	([222, 95], [222, 164, 95])
1	0.7816976625317377	0.7878891499134253	([622, 505], [626, 622, 509])
1	0.7862192677668125	0.7879041296348835	([665, 470], [665, 508, 470])
1	0.7737457163295206	0.7879729844493464	([250, 124], [250, 124, 33])
1	0.783036213073233	0.7879942753684743	([574, 347], [584, 574, 347])
1	0.7729288597676577	0.7880614321918485	([427, 358], [427, 397, 350])
1	0.775888104156343	0.7881035571457287	([665, 343], [573, 522, 475])
1	0.7879383061326479	0.7881080548095284	([552, 263], [552, 346, 263])
1	0.7798236817357331	0.7881743349976833	([476, 251], [550, 476, 280])
1	0.7846652133243537	0.7882965954270734	([518, 23], [587, 522, 518])
1	0.7634565930726578	0.7884605428004058	([604, 166], [604, 166, 30])
1	0.7385450929867732	0.7884890024669478	([653, 504], [653, 652, 504])
1	0.7818409241812418	0.7886994089356263	([279, 130], [279, 130, 3])
1	0.7786093230811463	0.7888343586616876	([466, 336], [466, 336, 253])
1	0.7712700717725436	0.7888343586616876	([466, 279], [590, 466, 253])
1	0.7687385970004468	0.7888994627940575	([544, 348], [574, 544, 525])
1	0.7411895951180064	0.788980768485022	([611, 446], [611, 528, 468])
1	0.7623969754203794	0.7890224250087458	([517, 377], [517, 437, 402])
1	0.7862405608195446	0.7890513293493242	([624, 332], [624, 344, 332])
1	0.7769780629865891	0.7891167078455781	([289, 71], [289, 242, 53])
1	0.7822634178380474	0.7891662174593894	([322, 141], [322, 164, 97])
1	0.7871204612297852	0.7893886437614613	([370, 274], [370, 347, 274])
1	0.7864762212317302	0.7894650014015464	([650, 513], [642, 626, 513])
1	0.7858989590045751	0.7895208096787928	([424, 301], [432, 424, 301])
1	0.7575788092552269	0.7895501885831255	([420, 236], [420, 366, 236])
1	0.7809847732316627	0.7896340061111476	([398, 260], [398, 335, 277])
1	0.7740237221312454	0.7898157606530591	([538, 350], [538, 350, 289])
1	0.7630869718034814	0.7899416196191884	([656, 235], [656, 235, 232])
1	0.7603333938722252	0.7900164134692161	([585, 36], [585, 566, 32])
1	0.7792026799772134	0.7900362755533009	([583, 445], [583, 539, 445])
1	0.7526571584779407	0.790077152272093	([587, 23], [582, 549, 34])
1	0.7879123122974678	0.7902633271029184	([508, 351], [508, 438, 351])
1	0.7876555372660392	0.7906226736882886	([316, 206], [316, 290, 192])
1	0.7873243089453037	0.7906995755963309	([600, 35], [600, 557, 35])
1	0.7754862652728194	0.7907321382988151	([338, 261], [342, 338, 230])
1	0.7615897863591277	0.7908235928441928	([467, 256], [467, 344, 284])
1	0.7728364768157336	0.7908535943678353	([496, 323], [496, 393, 382])
1	0.7698372971493479	0.7908819417428282	([407, 309], [407, 394, 309])
1	0.783362115841592	0.7909912256724481	([466, 155], [496, 481, 419])
1	0.7899064338716862	0.7911600233396916	([610, 381], [610, 465, 381])
1	0.7866018909614926	0.7915261357096541	([227, 96], [227, 146, 70])
1	0.7912201765738712	0.7915747790599132	([616, 348], [659, 616, 348])
1	0.7624538014822845	0.7915835513422157	([383, 43], [383, 338, 41])
1	0.7846297633713695	0.791592676102788	([653, 467], [653, 536, 478])
1	0.7761475733674634	0.7916543595234414	([664, 215], [664, 244, 226])
1	0.7821899247870949	0.7917240772117055	([544, 382], [544, 445, 382])
1	0.7902541437037536	0.7917548516271953	([206, 37], [206, 147, 51])
1	0.7351959232728735	0.7918371267753078	([637, 503], [658, 637, 503])
1	0.7899928848595561	0.7919402988784436	([221, 130], [221, 130, 119])
1	0.7864644866893451	0.7919861542290993	([294, 124], [294, 213, 124])
1	0.7646366971527002	0.7920084382910163	([274, 100], [274, 157, 146])
1	0.7662903117350551	0.7921348235747125	([580, 403], [591, 483, 430])
1	0.7773119294709703	0.7922015869666488	([372, 199], [372, 333, 199])
1	0.7897143844345824	0.7922067861305153	([409, 305], [409, 395, 305])
1	0.7666177663960967	0.7922711812439697	([586, 269], [608, 574, 247])
1	0.7748224021057986	0.7923488411335174	([477, 337], [478, 477, 337])
1	0.7772471817070191	0.7924679111746938	([359, 203], [359, 317, 293])
1	0.7716018398689948	0.7925761795632922	([557, 314], [557, 314, 283])
1	0.7715724940911697	0.7928570021377674	([530, 287], [666, 530, 482])
1	0.7449794677425364	0.7928700646269771	([318, 191], [324, 230, 213])
1	0.7905890407421453	0.7928924023361031	([524, 291], [409, 402, 291])
1	0.7763430551430696	0.7928968061342994	([481, 269], [481, 474, 283])
1	0.7927113401693943	0.7933251188620083	([655, 47], [655, 64, 47])
1	0.7843453786899437	0.793347945865564	([364, 220], [364, 321, 41])
1	0.7832874521100323	0.7934961838934789	([269, 121], [269, 235, 121])
1	0.7902408699418834	0.7934961838934789	([291, 121], [291, 235, 121])
1	0.7767842726940966	0.7936037010026848	([464, 312], [464, 384, 383])
1	0.7803070928753777	0.7936920766349793	([186, 69], [189, 186, 69])
1	0.7838437783775329	0.7943287048339134	([419, 293], [419, 402, 293])
1	0.7798040003385491	0.7943976780552221	([502, 314], [502, 465, 448])
1	0.7830761625434741	0.794399240712702	([194, 55], [211, 194, 94])
1	0.7932027177358962	0.7944229284164831	([483, 316], [483, 410, 369])
1	0.7889660903124842	0.7947338398189074	([513, 335], [513, 432, 415])
1	0.7889383828862327	0.7947379458628099	([399, 273], [399, 360, 273])
1	0.7918657155365787	0.7948804165426993	([396, 227], [396, 376, 227])
1	0.7812231472547533	0.7950025609171288	([516, 318], [516, 392, 318])
1	0.7774018128902956	0.795115110602143	([587, 358], [560, 543, 345])
1	0.7848655810933006	0.7951883469185398	([342, 154], [342, 157, 154])
1	0.786010099465898	0.795507158597202	([522, 338], [522, 380, 366])
1	0.7885626346587522	0.7957676624210744	([592, 379], [592, 564, 379])
1	0.7523256596905593	0.7960792867524458	([565, 285], [658, 565, 285])
1	0.7914068284251595	0.7961885548343722	([582, 383], [582, 484, 479])
1	0.7942507325263629	0.7962456057892634	([325, 20], [341, 325, 20])
1	0.7802697306492543	0.7962604425672286	([254, 172], [278, 254, 172])
1	0.7681210772159174	0.7965145493738487	([617, 399], [595, 399, 273])
1	0.785833005999411	0.7965552269877323	([625, 123], [625, 123, 41])
1	0.7618775563630753	0.7967044434812182	([435, 207], [404, 359, 207])
1	0.7965923147899862	0.7967903778738119	([347, 95], [347, 246, 39])
1	0.7941530681892004	0.7967984231659988	([362, 214], [362, 350, 214])
1	0.7895820654022516	0.7969825311675024	([306, 109], [306, 234, 166])
1	0.7886500883317216	0.797098497484336	([631, 479], [658, 650, 479])
1	0.7817207342435719	0.7971123569978831	([218, 110], [218, 161, 152])
1	0.7875713146645824	0.7971488386523441	([475, 35], [475, 247, 35])
1	0.7771955648362575	0.7971683600427635	([318, 148], [318, 305, 148])
1	0.7942711264710866	0.7972994225269181	([482, 326], [482, 353, 326])
1	0.7888606523301078	0.7973791035327503	([429, 226], [429, 355, 226])
1	0.7271652068956791	0.7975377784744858	([531, 272], [590, 531, 530])
1	0.7918671683023393	0.7976677760455143	([273, 102], [273, 161, 134])
1	0.7745992941163641	0.797841543763684	([587, 416], [587, 416, 393])
1	0.7884000105823483	0.7979287913414873	([639, 484], [639, 484, 416])
1	0.7867250560700573	0.7980879527715701	([639, 416], [639, 623, 481])
1	0.786916037708763	0.7981254114177855	([655, 64], [646, 629, 47])
1	0.7958818415114968	0.7981291201438584	([400, 208], [400, 240, 208])
1	0.7876868849172133	0.7985969687358668	([547, 410], [547, 506, 410])
1	0.7679644780064543	0.7986390889962757	([314, 0], [314, 282, 236])
1	0.7905290593863727	0.7987246445581155	([600, 159], [600, 159, 35])
1	0.780213355181144	0.7988535745283885	([311, 54], [311, 284, 36])
1	0.7876747019589033	0.7988939496669127	([354, 150], [383, 354, 150])
1	0.7833158384967325	0.7990654438605549	([346, 31], [346, 286, 31])
1	0.7867730281842531	0.799256708180664	([400, 240], [400, 278, 274])
1	0.7969775097197016	0.7993294426350421	([623, 200], [666, 623, 200])
1	0.7984119376152117	0.7997324884896133	([641, 340], [666, 641, 340])
1	0.7665473446699156	0.7998276365005333	([544, 189], [544, 260, 189])
1	0.790136845480199	0.7999699481195354	([436, 290], [436, 379, 290])
1	0.7805654697627994	0.7999737953670071	([406, 310], [406, 363, 350])
1	0.789514833467097	0.8000217656826123	([590, 437], [590, 466, 437])
1	0.7911284025702624	0.8001546336952987	([647, 231], [647, 231, 190])
1	0.7803527772636517	0.8002704949647734	([347, 12], [347, 157, 12])
1	0.7971629710275483	0.8003471696414534	([626, 444], [626, 444, 417])
1	0.7993400325432289	0.8003485590040073	([391, 155], [391, 376, 155])
1	0.7591718424792157	0.8003485590040073	([496, 155], [491, 376, 155])
1	0.7758447949092147	0.8005657831385504	([434, 306], [436, 434, 306])
1	0.7901124067661578	0.8008120159019879	([503, 337], [516, 503, 337])
1	0.7824058529532792	0.8009956593016301	([625, 194], [625, 194, 170])
1	0.7736891475676574	0.8012328103624476	([651, 487], [651, 617, 480])
1	0.7676214578542322	0.8012376517145612	([498, 303], [505, 394, 366])
1	0.7954460913002138	0.8012638364153698	([387, 166], [387, 166, 155])
1	0.7805229899113214	0.8012638364153698	([387, 135], [387, 356, 155])
1	0.7900764003861253	0.8014348718474488	([547, 344], [547, 520, 344])
1	0.7869948033639848	0.8017211277165431	([604, 327], [604, 526, 327])
1	0.788196196045837	0.801741158062816	([495, 312], [495, 477, 312])
1	0.7978075654398551	0.8018247269535592	([304, 52], [304, 231, 200])
1	0.7781424924847917	0.8019656025782845	([342, 119], [342, 119, 33])
1	0.7926300306000236	0.8020141866492284	([577, 134], [577, 279, 159])
1	0.7982195920309408	0.8021823618225016	([591, 70], [604, 591, 70])
1	0.774802799386377	0.8023521113906441	([391, 201], [391, 364, 201])
1	0.7931234976288797	0.8023704013479893	([542, 332], [542, 332, 284])
1	0.7954102510283033	0.8024296956264086	([365, 266], [384, 365, 266])
1	0.7693942709411208	0.8024420058809021	([597, 402], [597, 573, 380])
1	0.7790819185576312	0.802556869241118	([190, 5], [190, 170, 5])
1	0.7900033597813123	0.8026081299980459	([520, 192], [464, 248, 192])
1	0.800815671907487	0.8026097599906187	([650, 218], [650, 623, 244])
1	0.7863574032434641	0.8026393079491622	([580, 4], [580, 160, 41])
1	0.7965826422525256	0.8027270341390075	([635, 450], [635, 515, 450])
1	0.7927304978081685	0.8028588995325725	([609, 495], [609, 495, 39])
1	0.7724807169054224	0.8028588995325725	([562, 39], [609, 562, 39])
1	0.7959635991939488	0.8029641823498609	([605, 157], [605, 587, 157])
1	0.771392693204599	0.8029996152399899	([350, 127], [350, 205, 157])
1	0.787705861074614	0.8030274515934064	([352, 132], [352, 132, 55])
1	0.7634033497423222	0.8031106782958324	([224, 85], [224, 148, 108])
1	0.7919109805549406	0.8031124262232289	([578, 200], [623, 578, 537])
1	0.7677908413931385	0.8032967365698984	([591, 277], [591, 277, 70])
1	0.7690570085569577	0.8035067530061207	([335, 58], [335, 269, 230])
1	0.7802192912840391	0.8038392656757746	([461, 232], [436, 292, 290])
1	0.7889953923914241	0.8039195351301764	([512, 277], [524, 467, 265])
1	0.7987199788976588	0.8040047525857456	([478, 37], [478, 284, 212])
1	0.770716828501923	0.8040047525857456	([478, 212], [478, 284, 256])
1	0.7542456655867764	0.8042377888531498	([574, 409], [574, 409, 348])
1	0.7971916657915916	0.8045761496698175	([226, 82], [226, 128, 73])
1	0.7911250942112869	0.8046601026025068	([623, 2], [664, 623, 2])
1	0.8034574556496953	0.8047453291922355	([570, 235], [656, 570, 520])
1	0.7696356234463191	0.8049885126553916	([287, 122], [321, 287, 122])
1	0.7860665113199921	0.8052306964249301	([495, 39], [609, 495, 479])
1	0.7683825785947324	0.8052618996968243	([638, 434], [638, 410, 323])
1	0.796477206342976	0.8054959485163867	([477, 63], [548, 477, 63])
1	0.8036169900671354	0.8055810574714012	([632, 490], [632, 628, 490])
1	0.8050581237509822	0.8055993380227532	([499, 290], [598, 525, 290])
1	0.7451439328218352	0.8057146106494265	([459, 309], [459, 394, 367])
1	0.8023747876223162	0.8058424363259613	([533, 228], [533, 342, 268])
1	0.794533975489434	0.8060063400149458	([381, 36], [380, 249, 1])
1	0.789091883076519	0.8060888948235141	([592, 326], [592, 379, 347])
1	0.7900538506385821	0.8062474290310224	([550, 340], [550, 525, 340])
1	0.8058925027633009	0.8063039948957269	([445, 208], [445, 344, 208])
1	0.7892842170115675	0.8064235270016864	([570, 97], [570, 97, 67])
1	0.8012215813740857	0.8065914872021205	([622, 350], [622, 606, 350])
1	0.804398847217176	0.8066530251563129	([332, 165], [332, 284, 165])
1	0.7455784128954321	0.8068692824552843	([575, 413], [575, 445, 413])
1	0.8000475527028823	0.8069056796866038	([329, 158], [329, 259, 158])
1	0.7951582169031169	0.8069169587951698	([354, 219], [354, 326, 219])
1	0.7727960905735447	0.8070399478648257	([409, 214], [409, 293, 214])
1	0.7942569631625828	0.8071245677407003	([628, 291], [628, 291, 200])
1	0.7444270358253356	0.8071343550154674	([575, 488], [618, 593, 488])
1	0.7948482078974443	0.8071677464712339	([621, 238], [621, 238, 15])
1	0.799305157108997	0.8074110709423352	([550, 402], [550, 524, 475])
1	0.7978933583728394	0.8074666438760154	([367, 123], [376, 155, 150])
1	0.799306964667533	0.8074809895300973	([493, 241], [525, 493, 241])
1	0.8002927272747998	0.8079098832222584	([613, 345], [665, 613, 345])
1	0.7982562359111897	0.8079643755063542	([492, 263], [492, 286, 285])
1	0.7986199374023883	0.8081016921769167	([492, 222], [492, 287, 263])
1	0.8023982115990292	0.8081802930116175	([405, 209], [451, 405, 371])
1	0.7773154056629666	0.8083214180435238	([601, 7], [601, 249, 14])
1	0.7793094686670237	0.8083244203609373	([475, 8], [475, 35, 12])
1	0.8062834225573006	0.8084103828602872	([496, 233], [496, 478, 229])
1	0.7482154541939188	0.8085742996033609	([375, 190], [375, 220, 190])
1	0.7946006874092462	0.808595233008023	([397, 191], [397, 346, 191])
1	0.7887995222686065	0.8086737771019779	([381, 186], [381, 321, 197])
1	0.7854202552381204	0.8086993046132308	([329, 19], [346, 329, 19])
1	0.573520489851841	0.809013537083493	([206, 176], [206, 195, 176])
1	0.8071903426082708	0.8091272946540096	([261, 90], [272, 261, 90])
1	0.7905821691802755	0.8092056844749731	([329, 126], [329, 274, 226])
1	0.7734109088484394	0.8094567302790056	([476, 2], [599, 476, 2])
1	0.7951451452617505	0.8094820519157147	([451, 209], [405, 339, 209])
1	0.8061389212091779	0.8095518555356499	([600, 440], [600, 474, 440])
1	0.7925803192136031	0.8095580484829101	([459, 202], [459, 410, 202])
1	0.8096036997117589	0.8096511982883261	([653, 160], [653, 623, 160])
1	0.7972345995084409	0.8097389278010001	([216, 7], [216, 39, 38])
1	0.8036786238021211	0.8098587905592127	([432, 220], [445, 432, 220])
1	0.7543618370371709	0.8098788812885553	([524, 238], [550, 524, 238])
1	0.7710988845604305	0.8098788812885553	([621, 19], [621, 550, 238])
1	0.7938243750651174	0.8099985546119223	([636, 438], [636, 511, 510])
1	0.7985727310460811	0.8100621121779779	([505, 88], [505, 88, 47])
1	0.7618221724242555	0.8103375115977219	([421, 221], [421, 355, 221])
1	0.8030994603341985	0.8104071916531684	([508, 162], [508, 333, 284])
1	0.803117837757262	0.8106719439780662	([560, 426], [560, 426, 345])
1	0.7979625096236945	0.8107740830403831	([451, 273], [469, 292, 273])
1	0.8020229074432045	0.8108337656716385	([644, 313], [662, 644, 269])
1	0.7932455771917233	0.8108681199256661	([587, 151], [605, 279, 157])
1	0.7855240194790094	0.8109258461781621	([484, 217], [484, 395, 192])
1	0.7986082053033352	0.8109448559999503	([654, 125], [666, 654, 164])
1	0.7951999365982918	0.8111230920208632	([601, 58], [601, 58, 3])
1	0.7948263856249098	0.8112956306457594	([559, 441], [559, 441, 276])
1	0.7232614664130357	0.8114015241974281	([526, 133], [313, 190, 161])
1	0.7695650571523283	0.8115826289186941	([534, 320], [534, 395, 320])
1	0.804187337154052	0.8120887539555355	([457, 282], [457, 366, 328])
1	0.7848798566329371	0.8122293842889762	([404, 128], [404, 212, 128])
1	0.7718880860243207	0.8128379339675526	([593, 226], [631, 593, 186])
1	0.782914114985089	0.8128513980152993	([543, 418], [543, 482, 418])
1	0.8111102981425912	0.8128568558240843	([528, 77], [666, 528, 77])
1	0.7786372462161587	0.8129816641828806	([388, 193], [394, 388, 215])
1	0.8115980950737166	0.8130416328803727	([444, 195], [444, 324, 317])
1	0.805077050181378	0.8130649789197896	([525, 36], [528, 523, 18])
1	0.8027463483438807	0.8130953281423887	([354, 52], [354, 339, 52])
1	0.7965096618171136	0.8131801301830854	([332, 90], [332, 165, 56])
1	0.80433634324783	0.8134252377929572	([539, 364], [539, 529, 364])
1	0.808694860863634	0.8135075276212155	([447, 262], [447, 280, 262])
1	0.7898276820786461	0.8135075276212155	([447, 213], [447, 427, 280])
1	0.8070396842361303	0.8137481910321401	([635, 293], [635, 299, 293])
1	0.7835052590752405	0.81383710331164	([510, 63], [510, 477, 430])
1	0.7630813014890839	0.8141842821676764	([406, 47], [406, 383, 47])
1	0.7854858552392038	0.8142527279452311	([450, 199], [450, 432, 199])
1	0.8001571344174727	0.8143405562337259	([382, 149], [382, 217, 197])
1	0.7942491996646024	0.8144462161803094	([339, 107], [339, 218, 138])
1	0.7987383814886454	0.8147056349492995	([357, 167], [357, 321, 167])
1	0.7956862969313311	0.8148558578905563	([574, 55], [574, 269, 49])
1	0.8053187166482266	0.8148843285679696	([530, 233], [530, 267, 233])
1	0.81023219382273	0.8148866588442877	([314, 86], [314, 236, 86])
1	0.8097989709573612	0.8149575381777475	([626, 159], [628, 626, 159])
1	0.6152341971794292	0.8150218388432804	([174, 49], [192, 174, 49])
1	0.770629929996855	0.8151995600305552	([506, 258], [617, 506, 258])
1	0.812219440641153	0.8153977636750595	([632, 400], [632, 400, 216])
1	0.8144967065255674	0.8155814827146338	([409, 65], [409, 325, 65])
1	0.8154178793605686	0.81588307736877	([592, 6], [602, 592, 6])
1	0.5741270930274577	0.8159045392631712	([185, 98], [197, 185, 98])
1	0.8054622949409564	0.8159848732183921	([379, 109], [379, 339, 109])
1	0.8129545075228101	0.8162051667878154	([648, 432], [648, 644, 433])
1	0.8033017384338401	0.8163069811488285	([360, 130], [360, 149, 130])
1	0.8136590680292303	0.8163842306508067	([498, 193], [498, 480, 237])
1	0.8074779244542342	0.8166498030946463	([501, 136], [475, 136, 22])
1	0.8152012167970878	0.8168138333493042	([502, 164], [655, 502, 164])
1	0.8160744491033566	0.8168519975135373	([409, 149], [409, 382, 311])
1	0.7383307641873241	0.8169862777919318	([546, 4], [664, 546, 481])
1	0.7505431985013885	0.8171171063976108	([586, 155], [593, 586, 155])
1	0.7996916583451399	0.8173060431720762	([601, 234], [601, 291, 234])
1	0.8016630311478663	0.8173224460056391	([518, 121], [518, 121, 23])
1	0.7982257546659405	0.8175039896172438	([605, 45], [605, 523, 36])
1	0.8140095425867775	0.8175329372921988	([468, 4], [468, 280, 252])
1	0.7988633000709563	0.817876572323872	([391, 28], [391, 155, 30])
1	0.8012005313805237	0.8180535829117335	([504, 230], [504, 492, 230])
1	0.8157220781310919	0.8184098867600151	([629, 498], [629, 627, 499])
1	0.796636926154605	0.8188077694458186	([646, 370], [648, 646, 370])
1	0.8190765379454995	0.819189274685109	([453, 54], [453, 294, 47])
1	0.8073460035207658	0.8192927895452823	([627, 214], [627, 614, 214])
1	0.8053942183218841	0.8194782283491033	([525, 5], [596, 525, 5])
1	0.7894975112629384	0.8195032842283904	([532, 31], [665, 532, 31])
1	0.8151379564786324	0.8195109810878181	([503, 297], [503, 387, 353])
1	0.8175160906411755	0.8197810541400528	([233, 87], [350, 233, 87])
1	0.8171863746167249	0.8199514066956924	([324, 32], [324, 284, 32])
1	0.8049584001942505	0.8200212226706477	([416, 218], [416, 319, 299])
1	0.8039140250238522	0.8200266593589085	([333, 69], [335, 333, 69])
1	0.8152702675733278	0.8201115775011251	([532, 73], [541, 532, 73])
1	0.8199672537389159	0.8201349962066262	([443, 231], [443, 340, 312])
1	0.8001175053068155	0.8202390468296494	([469, 214], [469, 383, 205])
1	0.790369299797358	0.82033279986204	([395, 40], [494, 395, 40])
1	0.813738104141738	0.8205761732413414	([396, 75], [396, 205, 75])
1	0.8194061527648164	0.820666498508479	([552, 96], [552, 96, 10])
1	0.8205478932505416	0.820695629823428	([548, 195], [585, 548, 195])
1	0.7600950451587005	0.8207099640246025	([626, 210], [626, 236, 210])
1	0.8201776046936526	0.8208964334723908	([344, 139], [344, 208, 139])
1	0.8200152156493405	0.820986310989656	([599, 392], [599, 502, 392])
1	0.7975422295306549	0.8210193226203056	([367, 7], [367, 290, 230])
1	0.781623297718639	0.8212778016255604	([571, 126], [571, 535, 126])
1	0.8162113287162562	0.8213238774035757	([657, 136], [657, 155, 136])
1	0.8200078836308882	0.821413192788294	([518, 227], [518, 464, 227])
1	0.8148513441663321	0.8215974813066849	([449, 88], [591, 449, 415])
1	0.7945642731513392	0.8217166178393945	([395, 23], [518, 405, 23])
1	0.7895626941061041	0.8217999215120387	([479, 170], [479, 236, 170])
1	0.8049313889170177	0.8218174522895739	([546, 82], [546, 167, 37])
1	0.817154625880624	0.821987249271274	([650, 302], [650, 393, 302])
1	0.7957605754491989	0.8220569692160099	([511, 244], [511, 473, 414])
1	0.8094911409420277	0.8220956345886021	([556, 196], [556, 345, 191])
1	0.8147636518953315	0.8221835192180632	([511, 234], [533, 511, 234])
1	0.8025006325292057	0.8222667939675016	([515, 204], [515, 204, 202])
1	0.8030043394513346	0.8223261859251009	([633, 290], [633, 625, 290])
1	0.8115518331610452	0.8226643211452607	([652, 396], [658, 652, 396])
1	0.7796181578337248	0.8226797066995661	([414, 42], [414, 322, 252])
1	0.8134644507169679	0.823150406208212	([497, 225], [497, 477, 405])
1	0.8182685370532602	0.8231796131703373	([439, 166], [439, 344, 166])
1	0.808339868965078	0.8231796131703373	([569, 166], [569, 344, 166])
1	0.7882387566058878	0.8232383532171981	([366, 29], [427, 366, 29])
1	0.8174635095140327	0.8232401115866965	([504, 292], [504, 301, 292])
1	0.7725981867059922	0.8232536894515292	([572, 161], [572, 161, 28])
1	0.8174920193361345	0.8232553995196323	([618, 133], [618, 133, 23])
1	0.8114180676326429	0.8233733277613204	([447, 56], [468, 138, 56])
1	0.8220343716930872	0.8235056914441864	([659, 117], [659, 117, 26])
1	0.8092420044061573	0.8236282613832481	([433, 203], [406, 317, 299])
1	0.7960621051616253	0.8237234232341094	([452, 8], [475, 452, 409])
1	0.8123233048550288	0.8237344143184616	([472, 33], [624, 472, 344])
1	0.7874073985386018	0.8237346760104667	([583, 21], [583, 558, 17])
1	0.8009418162148466	0.8238804510394724	([567, 293], [567, 556, 293])
1	0.8093483570142018	0.8244658401209033	([405, 74], [405, 74, 53])
1	0.8228144923903019	0.8244658401209033	([398, 53], [405, 398, 53])
1	0.809362834246406	0.8247602880579574	([385, 153], [385, 360, 149])
1	0.7748692506021807	0.8250031243440151	([295, 88], [295, 193, 148])
1	0.7965403038130573	0.8250956688825665	([507, 141], [515, 507, 141])
1	0.8172279169615824	0.8252023819472396	([492, 126], [531, 492, 126])
1	0.8164235678468885	0.8253388598207766	([485, 64], [485, 343, 284])
1	0.8076839908284493	0.8261026308099036	([577, 388], [577, 519, 388])
1	0.8035171200075377	0.8270644489768685	([337, 117], [337, 117, 96])
1	0.7900816837546145	0.8272330590595723	([405, 136], [405, 398, 136])
1	0.8241893405002829	0.8272783930547223	([320, 27], [320, 283, 215])
1	0.812664329964748	0.8276444628893653	([644, 433], [648, 613, 592])
1	0.8205261794843243	0.827707270651344	([545, 203], [545, 293, 284])
1	0.8189414251405152	0.8281487133883202	([637, 70], [637, 619, 107])
1	0.8224167764687778	0.8283635545863857	([453, 126], [492, 447, 126])
1	0.8036593597865661	0.8284409261300473	([389, 31], [389, 346, 296])
1	0.6014168485416647	0.8286505507325841	([370, 174], [646, 370, 200])
1	0.8283399729845904	0.8286565066897176	([444, 10], [444, 153, 128])
1	0.8135754775249251	0.8287767935706524	([651, 354], [661, 651, 354])
1	0.8118026610320315	0.8287879485191046	([638, 368], [638, 368, 290])
1	0.7982823863510694	0.8289992815573222	([471, 117], [471, 438, 117])
1	0.8261672821818289	0.8290609616122365	([473, 94], [473, 94, 62])
1	0.8201875592737259	0.8296895715427286	([315, 66], [344, 315, 66])
1	0.795293965744559	0.8300082143488299	([573, 318], [573, 405, 341])
1	0.8212919337439424	0.8306842044155819	([362, 118], [362, 223, 106])
1	0.7898144861554597	0.8307448929612193	([572, 112], [572, 161, 112])
1	0.8158826439125773	0.8317803573889446	([466, 106], [466, 106, 65])
1	0.8155620374303874	0.8329116582093241	([597, 335], [597, 335, 272])
1	0.8296335828855931	0.8330731076999098	([349, 120], [357, 349, 120])
1	0.8187910927294313	0.8336700228566761	([651, 57], [651, 536, 29])
1	0.8038675619587772	0.8339426498220399	([630, 389], [630, 507, 499])
1	0.8288174426504665	0.8341812249000357	([377, 88], [377, 162, 88])
1	0.8164967229156564	0.8351621437418147	([639, 371], [639, 416, 367])
1	0.8121116850854391	0.835429940645968	([505, 196], [505, 488, 196])
1	0.5465984275014408	0.8357516406990668	([264, 182], [264, 186, 182])
1	0.790016896168155	0.8370057474249967	([662, 201], [662, 201, 162])
1	0.8338822770354436	0.8373916200039441	([372, 89], [372, 199, 89])
1	0.8372965798531897	0.8378124194569562	([420, 98], [446, 420, 60])
1	0.8218747306538907	0.838472044423403	([575, 95], [575, 95, 51])
1	0.8133697920763432	0.838679289609554	([524, 86], [665, 288, 86])
1	0.8359575429770945	0.8390819263838063	([542, 81], [542, 81, 15])
1	0.831910905564122	0.8392269397602559	([565, 300], [565, 300, 273])
1	0.8097033764180019	0.8398383877732108	([597, 148], [597, 591, 148])
1	0.7805021828299721	0.8401453678528966	([629, 401], [629, 499, 401])
1	0.8358412060779208	0.8413278832762482	([461, 79], [461, 326, 63])
1	0.8356493946102952	0.8420688547316072	([489, 43], [625, 489, 43])
1	0.8253469009322711	0.8424273193488505	([401, 24], [401, 240, 203])
1	0.8345999474136517	0.8427016606577392	([642, 365], [642, 459, 456])
1	0.8381490338918779	0.8429482288381814	([431, 75], [431, 396, 224])
1	0.8413555453109515	0.8432080300993626	([463, 51], [463, 250, 51])
1	0.7886407069867035	0.8436314889594337	([390, 42], [400, 390, 42])
1	0.8422059947758218	0.8437858155542795	([519, 111], [519, 111, 3])
1	0.8422669670071967	0.8438115175987656	([455, 116], [455, 411, 359])
1	0.4761691687087035	0.8448857454317058	([171, 170], [184, 173, 163])
1	0.6401086076351536	0.8468201554069864	([498, 174], [498, 475, 393])
1	0.832831335584177	0.8479607221656382	([472, 135], [472, 226, 215])
1	0.8430833757967178	0.8485587822767613	([483, 145], [483, 416, 145])
1	0.7843566534045658	0.849840753888944	([581, 92], [581, 168, 92])
1	0.8200262836428482	0.8518574893461435	([434, 53], [489, 434, 53])
1	0.622285985924223	0.8530899929138808	([442, 183], [442, 196, 183])
1	0.8343937936796579	0.8539279872884803	([456, 85], [456, 421, 85])
1	0.8546253396705805	0.8558260421201905	([500, 78], [500, 381, 78])
1	0.8513196547037682	0.856212570290424	([474, 91], [510, 474, 91])
1	0.5842553966554871	0.8606964367087788	([648, 183], [648, 196, 183])
1	0.6290772517626941	0.8700002380583473	([475, 174], [644, 498, 174])
1	0.5559343598620935	0.881160882300391	([176, 173], [195, 176, 173])
1	0.5200024972661751	0.8870146820740427	([331, 180], [331, 193, 180])
1	0.4982125801855181	0.8870146820740427	([375, 180], [375, 193, 180])
1	0.5139908087362287	0.9026031230147382	([289, 181], [289, 199, 181])
1	0.5593459724831155	0.9104724616600836	([176, 13], [195, 176, 13])
1	0.568180928858166	0.9282085549925146	([196, 183], [196, 187, 183])
1	0.5555196421866746	0.9302783494204634	([631, 176], [631, 207, 176])
0	0.0	0.9419905452202592	([178], [188, 184])
1	0.5466282396893245	0.9425296295063335	([195, 176], [193, 185, 176])
1	0.9555922752861387	0.9967228625935804	([188, 180], [190, 188, 176])
0	0.0	inf	([179], [])
