0	0.0	0.21883036188910265	([204], [204, 203])
0	0.0	0.22406107547383855	([109], [109, 108])
0	0.0	0.22410536080509813	([446], [446, 445])
0	0.0	0.2265902469016451	([234], [234, 233])
0	0.0	0.22768848418616766	([403], [403, 402])
0	0.0	0.228483527049828	([105], [105, 104])
0	0.0	0.2325849091587627	([476], [476, 475])
0	0.0	0.23275726499939214	([277], [277, 276])
0	0.0	0.23405731377074976	([320], [320, 319])
0	0.0	0.23433888492601096	([494], [494, 493])
0	0.0	0.23483839121117275	([59], [59, 58])
0	0.0	0.23579304565617631	([347], [347, 346])
0	0.0	0.23619112774293832	([371], [371, 370])
0	0.0	0.23681417728802473	([400], [400, 399])
0	0.0	0.23714913065353813	([496], [496, 495])
0	0.0	0.23719463878074157	([129], [129, 128])
0	0.0	0.2372918845788772	([381], [381, 380])
0	0.0	0.23776382483330785	([122], [122, 121])
0	0.0	0.23826402891924536	([632], [632, 631])
0	0.0	0.23950614146700652	([442], [442, 441])
0	0.0	0.2395186774073932	([398], [398, 397])
0	0.0	0.23987228146192993	([502], [502, 501])
0	0.0	0.23988301478737198	([95], [95, 94])
0	0.0	0.2406361335712304	([46], [46, 45])
0	0.0	0.24065457326350964	([508], [508, 507])
0	0.0	0.24153031083023246	([520], [520, 519])
0	0.0	0.24170101570168137	([7], [7, 6])
0	0.0	0.24193688834401114	([438], [438, 437])
0	0.0	0.24210158604317691	([325], [325, 324])
0	0.0	0.24215983258303334	([198], [198, 197])
0	0.0	0.24234234316765982	([469], [469, 468])
0	0.0	0.2427940185695546	([636], [636, 635])
0	0.0	0.24288685067495594	([345], [345, 344])
0	0.0	0.2430287110246656	([498], [498, 497])
0	0.0	0.24322377473859497	([444], [444, 443])
0	0.0	0.24395965765804617	([18], [18, 17])
0	0.0	0.24424309607298172	([648], [648, 647])
0	0.0	0.24428356120386574	([253], [253, 252])
0	0.0	0.24458521470663422	([101], [101, 100])
0	0.0	0.24486249511031735	([209], [209, 208])
0	0.0	0.2453970453960175	([339], [339, 338])
0	0.0	0.24540566819090903	([581], [581, 580])
0	0.0	0.24578802042220987	([79], [79, 78])
0	0.0	0.24604744240626134	([466], [466, 465])
0	0.0	0.2469822146581842	([246], [246, 245])
0	0.0	0.2473502806321928	([163], [163, 162])
0	0.0	0.24749157624256882	([379], [379, 378])
0	0.0	0.24808420950931567	([433], [433, 432])
0	0.0	0.2484980625041596	([330], [330, 329])
0	0.0	0.24891143173966968	([207], [207, 206])
0	0.0	0.24899425767127417	([449], [449, 448])
0	0.0	0.249316334430043	([653], [653, 652])
0	0.0	0.24957244491663183	([117], [117, 116])
0	0.0	0.2499440982305896	([61], [61, 60])
0	0.0	0.2499773791189052	([211], [211, 210])
0	0.0	0.2500434468089029	([100], [100, 99])
0	0.0	0.2503258725329165	([240], [240, 239])
0	0.0	0.250703363683409	([517], [517, 514])
0	0.0	0.25076522509709576	([268], [268, 267])
0	0.0	0.25089530967448853	([87], [87, 86])
0	0.0	0.25090163055346465	([524], [524, 523])
0	0.0	0.25123124237370165	([247], [247, 246])
0	0.0	0.25187389133882293	([139], [139, 138])
0	0.0	0.2518804640602025	([621], [621, 620])
0	0.0	0.2519906224431738	([519], [519, 518])
0	0.0	0.2522778318620882	([6], [6, 5])
0	0.0	0.2523907690200416	([215], [215, 214])
0	0.0	0.2525178320446753	([651], [651, 650])
0	0.0	0.2525519392135007	([17], [17, 16])
0	0.0	0.2530081130791816	([69], [69, 68])
0	0.0	0.2530283777816568	([460], [460, 459])
0	0.0	0.25303046012011543	([551], [551, 550])
0	0.0	0.25311149660960114	([55], [55, 54])
0	0.0	0.2535248844988569	([405], [405, 404])
0	0.0	0.253724520111733	([138], [138, 137])
0	0.0	0.2539710655887252	([529], [529, 528])
0	0.0	0.2539838489378595	([267], [267, 266])
0	0.0	0.25403063885982075	([454], [454, 453])
0	0.0	0.254076720598114	([497], [497, 496])
0	0.0	0.25414934645310333	([523], [523, 522])
0	0.0	0.2542094659483086	([489], [489, 488])
0	0.0	0.2542800879671803	([287], [287, 286])
0	0.0	0.25457870668843696	([131], [131, 130])
0	0.0	0.25471760918962516	([617], [617, 616])
0	0.0	0.2547319377984848	([638], [638, 637])
0	0.0	0.2547420776218958	([15], [15, 14])
0	0.0	0.2549408176495384	([346], [346, 345])
0	0.0	0.25514187009187733	([288], [288, 287])
0	0.0	0.2552095712546449	([132], [132, 131])
0	0.0	0.25561361016472967	([274], [274, 273])
0	0.0	0.25564434440592504	([315], [315, 314])
0	0.0	0.2558489918164227	([86], [86, 85])
0	0.0	0.2560343193714695	([458], [458, 457])
0	0.0	0.2560804780775991	([351], [351, 350])
0	0.0	0.25632820116071814	([594], [594, 593])
0	0.0	0.25669528762463306	([249], [249, 248])
0	0.0	0.2567551743882655	([409], [409, 408])
0	0.0	0.25675561104156025	([361], [361, 360])
0	0.0	0.2568828652406079	([354], [354, 353])
0	0.0	0.25702984480826835	([528], [528, 527])
0	0.0	0.2572417881268871	([432], [432, 431])
0	0.0	0.2573035506092103	([329], [329, 328])
0	0.0	0.2574781143755607	([574], [574, 573])
0	0.0	0.25758587232068847	([81], [81, 80])
0	0.0	0.2578083610215282	([294], [294, 293])
0	0.0	0.2582628354912415	([202], [202, 201])
0	0.0	0.2582859756873892	([201], [201, 200])
0	0.0	0.2585531297597629	([575], [575, 574])
0	0.0	0.2587514996974137	([364], [364, 363])
0	0.0	0.25894765056579727	([534], [534, 533])
0	0.0	0.2590891992736516	([500], [500, 499])
0	0.0	0.2593019988516176	([533], [533, 532])
0	0.0	0.2593953676780334	([336], [336, 335])
0	0.0	0.2594159352034896	([526], [526, 525])
0	0.0	0.2594418791154907	([631], [631, 630])
0	0.0	0.2595315157692266	([321], [321, 319])
0	0.0	0.2598612988123486	([104], [104, 103])
0	0.0	0.25992377091252633	([250], [250, 249])
0	0.0	0.259972659108889	([21], [21, 20])
0	0.0	0.2600280181346823	([266], [266, 265])
0	0.0	0.26054485625713947	([280], [280, 279])
0	0.0	0.26059530763453814	([558], [558, 557])
0	0.0	0.2606288559887344	([472], [472, 471])
0	0.0	0.2608061572839008	([208], [208, 207])
0	0.0	0.26084944213382666	([662], [662, 661])
0	0.0	0.26095624796008754	([665], [665, 664])
0	0.0	0.26096999833909307	([350], [350, 349])
0	0.0	0.26131031195053506	([392], [392, 391])
0	0.0	0.262220178312655	([511], [511, 510])
0	0.0	0.26239482926717467	([28], [28, 27])
0	0.0	0.26242159350117106	([571], [571, 570])
0	0.0	0.2625417250462526	([576], [576, 575])
0	0.0	0.26266763849860497	([356], [356, 355])
0	0.0	0.2628385409842465	([11], [11, 10])
0	0.0	0.26294673435046717	([300], [300, 299])
0	0.0	0.26296595648250953	([256], [256, 255])
0	0.0	0.26302655632447697	([68], [68, 67])
0	0.0	0.2632455527497447	([462], [462, 461])
0	0.0	0.2634885637766678	([456], [456, 455])
0	0.0	0.2636363455052878	([251], [251, 250])
0	0.0	0.26365429577561533	([556], [556, 555])
0	0.0	0.26409395623610254	([45], [45, 44])
0	0.0	0.26421657984058183	([450], [450, 449])
0	0.0	0.2642449987175566	([295], [295, 294])
0	0.0	0.26424508200729296	([114], [114, 113])
0	0.0	0.26443304457016503	([493], [493, 492])
0	0.0	0.26479869809149864	([128], [128, 127])
0	0.0	0.26481545142070645	([239], [239, 238])
0	0.0	0.2648238157703138	([553], [553, 552])
0	0.0	0.26502443824131094	([307], [307, 306])
0	0.0	0.2650650894343864	([640], [640, 639])
0	0.0	0.26532250793990625	([639], [639, 638])
0	0.0	0.26536057478342406	([468], [468, 467])
0	0.0	0.26542603173593465	([32], [32, 31])
0	0.0	0.2656294853518005	([10], [10, 9])
0	0.0	0.2658959184780057	([282], [282, 281])
0	0.0	0.26596175204175687	([70], [70, 69])
0	0.0	0.26598559610394484	([582], [582, 581])
0	0.0	0.26642574112538336	([547], [547, 546])
0	0.0	0.26647030350598544	([328], [328, 327])
0	0.0	0.2664745245988606	([474], [474, 473])
0	0.0	0.2665977390178453	([596], [596, 595])
0	0.0	0.2665985849846841	([37], [37, 36])
0	0.0	0.26669517394283526	([341], [341, 340])
0	0.0	0.26672257163007135	([44], [44, 43])
0	0.0	0.2667709826803802	([473], [473, 472])
0	0.0	0.2669712738769211	([488], [488, 487])
0	0.0	0.26700964361530083	([200], [200, 199])
0	0.0	0.2675237211202374	([374], [374, 373])
0	0.0	0.2677663453492573	([115], [115, 114])
0	0.0	0.26788086141910666	([591], [591, 590])
0	0.0	0.26788200488781744	([199], [199, 198])
0	0.0	0.26788544781977724	([429], [429, 428])
0	0.0	0.26789583961318264	([515], [515, 514])
0	0.0	0.26816384873017934	([355], [355, 354])
0	0.0	0.26817865370277294	([111], [111, 110])
0	0.0	0.2682119906997082	([604], [604, 603])
0	0.0	0.2683314713007768	([548], [548, 547])
0	0.0	0.2686214110573516	([572], [572, 571])
0	0.0	0.26877342358473366	([262], [262, 261])
0	0.0	0.2687874780861075	([261], [261, 260])
0	0.0	0.26881111049936596	([537], [537, 536])
0	0.0	0.26887166390507256	([113], [113, 112])
0	0.0	0.26893044560735	([578], [578, 577])
0	0.0	0.2692393167705431	([302], [302, 301])
0	0.0	0.26935269863112016	([479], [479, 478])
0	0.0	0.269368216670558	([477], [477, 476])
0	0.0	0.26943693207158204	([554], [554, 553])
0	0.0	0.2694565812979995	([323], [323, 322])
0	0.0	0.2695396377051801	([27], [27, 26])
0	0.0	0.26959854959132457	([35], [35, 34])
0	0.0	0.26975279364028737	([301], [301, 300])
0	0.0	0.2698568504002431	([121], [121, 120])
0	0.0	0.26991844760427586	([426], [426, 425])
0	0.0	0.269972275241595	([386], [386, 385])
0	0.0	0.27031821764761904	([414], [414, 413])
0	0.0	0.27038236443547775	([281], [281, 280])
0	0.0	0.2704473375089884	([203], [203, 202])
0	0.0	0.2706057237169447	([279], [279, 278])
0	0.0	0.27067490484081264	([269], [269, 268])
0	0.0	0.2707018308584299	([577], [577, 576])
0	0.0	0.2709529202290018	([161], [161, 160])
0	0.0	0.2713210634054584	([270], [270, 269])
0	0.0	0.271367463732501	([102], [102, 101])
0	0.0	0.27142207284113484	([541], [541, 540])
0	0.0	0.27148405660169733	([555], [555, 554])
0	0.0	0.27169658111753076	([521], [521, 520])
0	0.0	0.27170166542487734	([4], [4, 3])
0	0.0	0.27176247354266514	([31], [31, 30])
0	0.0	0.27188631018224596	([490], [490, 489])
0	0.0	0.2726102019054658	([484], [484, 483])
0	0.0	0.272634599181339	([29], [29, 28])
0	0.0	0.2731732544824827	([255], [255, 254])
0	0.0	0.27321790929102946	([542], [542, 540])
0	0.0	0.27348901282025606	([391], [391, 390])
0	0.0	0.2736560250589454	([5], [5, 4])
0	0.0	0.27389041746805104	([229], [229, 228])
0	0.0	0.2738924782378766	([259], [259, 258])
0	0.0	0.27399237879739413	([123], [123, 122])
0	0.0	0.2740645272916433	([564], [564, 563])
0	0.0	0.2741167478068918	([606], [606, 605])
0	0.0	0.27432467965113455	([3], [3, 2])
0	0.0	0.274449004430515	([481], [481, 480])
0	0.0	0.2745275802760952	([53], [53, 52])
0	0.0	0.2746638584327873	([258], [258, 257])
0	0.0	0.2750885475838199	([451], [451, 450])
0	0.0	0.2751289420071634	([197], [197, 196])
0	0.0	0.2752443305386352	([649], [649, 648])
0	0.0	0.2752885374912522	([216], [216, 215])
0	0.0	0.2752900151781512	([342], [342, 341])
0	0.0	0.2754868240375161	([12], [12, 11])
0	0.0	0.2756747886480012	([666], [666, 665])
0	0.0	0.27568980267703885	([544], [544, 543])
0	0.0	0.2758090348245923	([546], [546, 545])
0	0.0	0.27587229289221765	([600], [600, 599])
0	0.0	0.2762947838748959	([590], [590, 589])
0	0.0	0.27673940242684364	([357], [357, 356])
0	0.0	0.2768355730434767	([382], [382, 381])
0	0.0	0.2769082444197593	([491], [491, 490])
0	0.0	0.27746593057407626	([612], [612, 611])
0	0.0	0.2775104677371138	([471], [471, 470])
0	0.0	0.27774199598190313	([656], [656, 655])
0	0.0	0.2777491171193435	([437], [437, 436])
0	0.0	0.27778220322174535	([565], [565, 564])
0	0.0	0.27807898275964493	([67], [67, 66])
0	0.0	0.2781494789308309	([135], [135, 134])
0	0.0	0.27824296269464716	([530], [530, 529])
0	0.0	0.27838324352992333	([254], [254, 253])
0	0.0	0.2784388538417944	([119], [119, 118])
0	0.0	0.2787479611607902	([657], [657, 656])
0	0.0	0.2788113185381535	([248], [248, 247])
0	0.0	0.27886029239624155	([439], [439, 438])
0	0.0	0.2789202085881926	([568], [568, 567])
0	0.0	0.278926939317568	([160], [160, 159])
0	0.0	0.27893258932266307	([603], [603, 602])
0	0.0	0.279104041355035	([23], [23, 22])
0	0.0	0.2791537362982024	([358], [358, 357])
0	0.0	0.2791629525633507	([619], [619, 618])
0	0.0	0.2793015525535379	([602], [602, 601])
0	0.0	0.2793914876913116	([453], [453, 452])
0	0.0	0.27939320524598715	([396], [396, 395])
0	0.0	0.27939900446676513	([343], [343, 341])
0	0.0	0.27951623508415013	([550], [550, 549])
0	0.0	0.27985261599956995	([30], [30, 29])
0	0.0	0.2800387286859291	([599], [599, 598])
0	0.0	0.2802215139171373	([60], [60, 59])
0	0.0	0.280478508801603	([221], [221, 220])
0	0.0	0.28066067945965295	([447], [447, 446])
0	0.0	0.28084625606111147	([98], [98, 97])
0	0.0	0.28108316930052873	([43], [43, 42])
0	0.0	0.2811840003871276	([99], [99, 98])
0	0.0	0.2813028717660716	([540], [540, 539])
0	0.0	0.28133784874537104	([407], [407, 406])
0	0.0	0.2817089796074622	([470], [470, 469])
0	0.0	0.2817667397120329	([525], [525, 524])
0	0.0	0.281930722349822	([661], [661, 660])
0	0.0	0.2819632196880159	([22], [22, 21])
0	0.0	0.28224592805282817	([436], [436, 435])
0	0.0	0.2825772084623918	([611], [611, 610])
0	0.0	0.28258701906400996	([536], [536, 535])
0	0.0	0.28285288897033967	([140], [140, 139])
0	0.0	0.2828918918747577	([118], [118, 117])
0	0.0	0.2830081592127564	([232], [232, 231])
0	0.0	0.28302654422552825	([613], [613, 612])
0	0.0	0.283216377229312	([415], [415, 414])
0	0.0	0.2833397514509442	([293], [293, 292])
0	0.0	0.2835935986322223	([80], [80, 79])
0	0.0	0.2836082899795696	([625], [625, 624])
0	0.0	0.283740755922042	([408], [408, 407])
0	0.0	0.2837505355283043	([9], [9, 8])
0	0.0	0.2837537771870483	([610], [610, 609])
0	0.0	0.2838048560738267	([480], [480, 479])
0	0.0	0.28399288375735365	([552], [552, 551])
0	0.0	0.28405820833170153	([452], [452, 451])
0	0.0	0.28423423179774726	([664], [664, 663])
0	0.0	0.2843928807581033	([545], [545, 544])
0	0.0	0.2844471188389632	([614], [614, 613])
0	0.0	0.28451978934055977	([16], [16, 15])
0	0.0	0.28475007537223057	([501], [501, 500])
0	0.0	0.28477907068049235	([506], [506, 504])
0	0.0	0.2848101871190479	([615], [615, 614])
0	0.0	0.2849793668625137	([658], [658, 657])
0	0.0	0.28501132478003094	([38], [38, 37])
0	0.0	0.2850706007390538	([563], [563, 562])
0	0.0	0.2853088782401496	([97], [97, 96])
0	0.0	0.28701382095323014	([535], [535, 534])
0	0.0	0.28706182930474555	([285], [285, 284])
0	0.0	0.2870865394666859	([532], [534, 531])
0	0.0	0.28723994629410793	([620], [620, 619])
0	0.0	0.28729596716759376	([370], [370, 369])
0	0.0	0.2873168189909364	([260], [260, 259])
0	0.0	0.2878309277562123	([286], [286, 285])
0	0.0	0.28839048676199713	([231], [231, 230])
0	0.0	0.28858800519192995	([652], [652, 651])
0	0.0	0.28889502177983956	([660], [660, 659])
0	0.0	0.28891602836619223	([289], [289, 288])
0	0.0	0.2889927628922731	([367], [367, 366])
0	0.0	0.28901218863589395	([26], [26, 25])
0	0.0	0.28903166648884654	([399], [399, 398])
0	0.0	0.2891921062834316	([149], [149, 148])
0	0.0	0.28943888489218766	([88], [88, 87])
0	0.0	0.2896747804831862	([443], [443, 442])
0	0.0	0.28972030722708914	([465], [465, 464])
0	0.0	0.28985050723145833	([448], [448, 447])
0	0.0	0.2899245753066136	([245], [245, 244])
0	0.0	0.2901094285547106	([561], [561, 560])
0	0.0	0.29014795565760326	([264], [264, 262])
0	0.0	0.2903627061759738	([459], [459, 458])
0	0.0	0.29047508133332844	([583], [583, 582])
0	0.0	0.29059558322068196	([633], [633, 632])
0	0.0	0.2906987829487191	([567], [567, 566])
0	0.0	0.2907306187233762	([628], [628, 627])
0	0.0	0.2908287466397751	([566], [566, 565])
0	0.0	0.2909207544517806	([312], [312, 311])
0	0.0	0.2912209991186972	([422], [422, 421])
0	0.0	0.29151400359305	([380], [380, 379])
0	0.0	0.2916258596468128	([348], [348, 347])
0	0.0	0.29206368257885246	([431], [431, 430])
0	0.0	0.2921556906627714	([406], [406, 405])
0	0.0	0.29268084193055105	([224], [224, 222])
0	0.0	0.293038239508972	([549], [549, 548])
0	0.0	0.2931817519970324	([622], [622, 621])
0	0.0	0.2932017626124596	([663], [663, 662])
0	0.0	0.2933896598140416	([310], [310, 309])
0	0.0	0.293526067449567	([106], [106, 105])
0	0.0	0.29358835307330605	([205], [205, 204])
0	0.0	0.29385312534375607	([296], [296, 295])
0	0.0	0.29388804335591645	([120], [120, 119])
0	0.0	0.2940476583785969	([616], [616, 615])
0	0.0	0.29428621091628926	([78], [78, 77])
0	0.0	0.29445661686921776	([413], [413, 412])
0	0.0	0.2944577301939664	([559], [559, 558])
0	0.0	0.2945352070092591	([560], [560, 559])
0	0.0	0.294787775963091	([331], [331, 330])
0	0.0	0.2949422139701301	([618], [618, 616])
0	0.0	0.294954730378908	([136], [136, 135])
0	0.0	0.29523410947483114	([233], [233, 232])
0	0.0	0.2953503556825374	([252], [252, 251])
0	0.0	0.29563443505195064	([579], [579, 578])
0	0.0	0.2956806997689101	([349], [349, 348])
0	0.0	0.29570649363779244	([388], [388, 385])
0	0.0	0.2960636924151079	([605], [605, 604])
0	0.0	0.2963140409067404	([467], [467, 464])
0	0.0	0.2964247170241938	([655], [655, 654])
0	0.0	0.2964485107342084	([404], [404, 403])
0	0.0	0.296615985618149	([145], [145, 144])
0	0.0	0.29669493250800977	([64], [64, 63])
0	0.0	0.2967411217876908	([441], [441, 440])
0	0.0	0.29677269322112027	([376], [376, 374])
0	0.0	0.29715260410504896	([103], [103, 102])
0	0.0	0.29719745252489665	([214], [216, 212])
0	0.0	0.2974667055911363	([609], [609, 608])
0	0.0	0.29756000994555504	([569], [569, 568])
0	0.0	0.2975808764991851	([512], [512, 511])
0	0.0	0.29759718760596937	([112], [112, 111])
1	0.2949681968880508	0.2978239460445602	([530, 527], [530, 529, 528])
0	0.0	0.2979260645110227	([228], [228, 227])
0	0.0	0.2979269339382054	([14], [14, 13])
0	0.0	0.2979782037418055	([659], [659, 658])
0	0.0	0.2980543647675498	([153], [153, 152])
0	0.0	0.29827625256789647	([402], [402, 401])
0	0.0	0.2984673045025387	([411], [411, 408])
0	0.0	0.2985222320782687	([96], [96, 95])
0	0.0	0.2992968500889066	([499], [499, 498])
0	0.0	0.29929892954915355	([319], [319, 318])
0	0.0	0.29932986501487474	([107], [107, 106])
0	0.0	0.2995037602330778	([126], [126, 125])
0	0.0	0.30001351403860416	([389], [389, 388])
0	0.0	0.30003160010370705	([464], [464, 463])
0	0.0	0.3004846935161113	([52], [52, 51])
0	0.0	0.3005627691381138	([222], [222, 221])
0	0.0	0.30092004575450965	([148], [148, 147])
0	0.0	0.30118735495819676	([401], [401, 400])
0	0.0	0.3015732507973028	([110], [110, 108])
0	0.0	0.3018563486112013	([589], [589, 588])
0	0.0	0.3018678301572959	([373], [373, 372])
0	0.0	0.30201065402428456	([478], [478, 477])
0	0.0	0.30268089844039997	([210], [210, 209])
0	0.0	0.3029360107961829	([623], [623, 622])
0	0.0	0.30299423860892105	([276], [276, 275])
0	0.0	0.3034889053912865	([627], [627, 626])
0	0.0	0.30411884055744454	([144], [144, 143])
0	0.0	0.30468117897996405	([352], [352, 351])
0	0.0	0.30514055693942693	([146], [146, 145])
1	0.30425242511539935	0.3054056456079915	([439, 436], [439, 438, 436])
0	0.0	0.30543442213206357	([647], [649, 645])
0	0.0	0.30595405389758273	([143], [143, 142])
0	0.0	0.30602047840828833	([522], [524, 521])
0	0.0	0.3061158488915019	([20], [20, 19])
0	0.0	0.3061706748790199	([461], [461, 460])
0	0.0	0.3062772849089993	([34], [34, 33])
0	0.0	0.3063331382830698	([626], [626, 625])
0	0.0	0.306461353930364	([82], [82, 81])
0	0.0	0.3065442263611623	([206], [206, 205])
0	0.0	0.30660973548748743	([162], [162, 161])
0	0.0	0.3067342002587921	([557], [557, 556])
0	0.0	0.306967595849988	([130], [130, 127])
0	0.0	0.3076494586316316	([8], [8, 7])
0	0.0	0.3078295281241771	([595], [595, 594])
0	0.0	0.3078841695500904	([637], [637, 636])
0	0.0	0.30799604165580236	([127], [127, 126])
0	0.0	0.30803068653832777	([89], [89, 88])
0	0.0	0.3080572758267294	([430], [430, 429])
0	0.0	0.30812102990849344	([421], [421, 420])
0	0.0	0.30816163043875366	([63], [63, 61])
0	0.0	0.3082592486658346	([142], [144, 140])
0	0.0	0.30914640938187526	([390], [390, 389])
0	0.0	0.30933674926529114	([573], [573, 572])
0	0.0	0.3096743472604143	([54], [54, 53])
1	0.2962403142318602	0.3098266469557557	([234, 230], [233, 232, 231])
0	0.0	0.3100448209182248	([77], [77, 76])
0	0.0	0.3101150167443585	([108], [108, 107])
0	0.0	0.31022195374710415	([455], [455, 454])
0	0.0	0.3102448616285033	([518], [518, 517])
0	0.0	0.31034064530150834	([562], [562, 561])
0	0.0	0.31074881481983146	([531], [531, 530])
0	0.0	0.3115474580315716	([24], [24, 23])
0	0.0	0.3119459172631478	([503], [503, 502])
0	0.0	0.3127306891065106	([395], [395, 392])
0	0.0	0.31370521919696615	([487], [487, 486])
0	0.0	0.3137308092547941	([372], [372, 371])
0	0.0	0.31414192070000174	([116], [116, 115])
0	0.0	0.3141483831794998	([601], [601, 600])
0	0.0	0.3148317323076668	([40], [40, 39])
0	0.0	0.3148426335600041	([475], [475, 474])
0	0.0	0.3148451817192125	([420], [421, 419])
0	0.0	0.31500584420270217	([218], [218, 217])
0	0.0	0.31622257710487905	([384], [384, 383])
0	0.0	0.31665114740174455	([152], [152, 147])
0	0.0	0.31674965711308967	([66], [66, 64])
0	0.0	0.3169300030780005	([265], [265, 264])
0	0.0	0.31712717052196626	([299], [299, 297])
0	0.0	0.31712776806723003	([385], [395, 394])
0	0.0	0.3173081768471506	([212], [212, 211])
0	0.0	0.3173116800430393	([39], [39, 38])
0	0.0	0.31803871948418994	([125], [125, 124])
0	0.0	0.31847885485171507	([428], [429, 427])
0	0.0	0.3185986417163847	([318], [318, 317])
0	0.0	0.3186673273578809	([641], [641, 640])
0	0.0	0.3187270607087177	([353], [353, 352])
0	0.0	0.3187972895068317	([195], [195, 193])
0	0.0	0.31889142169118695	([309], [309, 308])
0	0.0	0.3200281016251268	([41], [41, 40])
0	0.0	0.3209641043712203	([383], [383, 382])
0	0.0	0.32102634869511293	([25], [25, 24])
0	0.0	0.32150862193251956	([220], [220, 219])
0	0.0	0.32164398728580773	([227], [227, 226])
0	0.0	0.321746122438552	([304], [304, 303])
1	0.30817324641060595	0.32216383963629913	([224, 220], [224, 222, 221])
0	0.0	0.32295349981863597	([58], [58, 57])
0	0.0	0.32315078062797353	([340], [340, 339])
0	0.0	0.3238840813255544	([257], [257, 256])
0	0.0	0.32390042852775414	([156], [156, 154])
1	0.2961800330384212	0.32395471941284626	([295, 292], [295, 294, 292])
0	0.0	0.3240631517596557	([303], [303, 302])
1	0.31348831548245326	0.3242991388576513	([578, 573], [578, 576, 573])
1	0.3212298951131754	0.3244415397626679	([142, 140], [144, 143, 142])
0	0.0	0.32454465528542203	([654], [654, 653])
0	0.0	0.3251225176734548	([92], [92, 91])
0	0.0	0.3259190360395422	([584], [584, 583])
0	0.0	0.32631122277746877	([314], [314, 312])
0	0.0	0.32649563991454883	([387], [387, 386])
0	0.0	0.3266681226318195	([322], [322, 321])
0	0.0	0.3266755001143785	([410], [410, 409])
0	0.0	0.3270121482576342	([137], [137, 136])
0	0.0	0.3273273059190372	([308], [308, 307])
0	0.0	0.32789424850458654	([608], [608, 607])
0	0.0	0.32797386819275753	([94], [95, 92])
0	0.0	0.3283354005110912	([154], [154, 153])
0	0.0	0.3287553705168427	([412], [412, 411])
0	0.0	0.32889313305964124	([272], [272, 271])
0	0.0	0.3289478300635781	([645], [645, 643])
0	0.0	0.32904302148102293	([324], [324, 323])
0	0.0	0.32938806288722544	([366], [366, 364])
0	0.0	0.3296033235161225	([543], [543, 542])
0	0.0	0.33008334426941893	([427], [427, 426])
0	0.0	0.33026051885597996	([394], [385, 384])
0	0.0	0.3303026802198757	([134], [142, 141])
0	0.0	0.33031898171591084	([332], [332, 331])
0	0.0	0.33050008429324024	([244], [264, 263])
0	0.0	0.3305019281102061	([344], [344, 343])
0	0.0	0.331273826052953	([213], [213, 212])
0	0.0	0.3316658620202085	([650], [650, 649])
0	0.0	0.33169710591776047	([375], [375, 374])
0	0.0	0.3323982512139926	([434], [434, 433])
0	0.0	0.3328939051779088	([219], [219, 217])
0	0.0	0.3330669383199457	([33], [33, 32])
0	0.0	0.33330203756466587	([516], [516, 515])
0	0.0	0.33342427528679847	([235], [235, 234])
0	0.0	0.3336226181271704	([278], [278, 277])
0	0.0	0.33367437863979194	([504], [504, 503])
0	0.0	0.33370784541028237	([507], [507, 506])
0	0.0	0.33383608606367715	([241], [241, 240])
0	0.0	0.33441035508097094	([585], [585, 584])
0	0.0	0.33476185404461156	([463], [463, 462])
0	0.0	0.334974131252711	([291], [291, 290])
0	0.0	0.33532148243601495	([297], [297, 296])
0	0.0	0.3356739997478604	([42], [42, 41])
0	0.0	0.3357080442235972	([164], [164, 163])
0	0.0	0.33574031238891955	([275], [275, 274])
0	0.0	0.3358369991003408	([36], [36, 35])
0	0.0	0.3368729242049476	([369], [369, 367])
0	0.0	0.3372350347849063	([157], [157, 156])
0	0.0	0.3372831117220461	([133], [133, 132])
0	0.0	0.33749015330165966	([317], [317, 315])
0	0.0	0.33767192707737853	([593], [593, 592])
0	0.0	0.3380961521123422	([298], [298, 297])
0	0.0	0.33810435116889476	([513], [513, 512])
0	0.0	0.33819110229059796	([327], [327, 326])
0	0.0	0.3382854918551262	([580], [580, 579])
1	0.33827041252524553	0.33846300995416523	([96, 91], [96, 95, 92])
0	0.0	0.33868230469626137	([393], [393, 392])
0	0.0	0.3388874461875904	([417], [417, 415])
0	0.0	0.33899373121356857	([147], [147, 146])
0	0.0	0.3392331230561901	([306], [306, 305])
0	0.0	0.33937636897652174	([196], [196, 195])
0	0.0	0.33964814196801035	([57], [57, 53])
0	0.0	0.3402648098853414	([283], [283, 282])
0	0.0	0.34089452355922306	([495], [495, 494])
0	0.0	0.34107494658178783	([311], [317, 316])
0	0.0	0.341176927306598	([13], [13, 12])
0	0.0	0.34138292451732316	([159], [159, 158])
0	0.0	0.34200192215951436	([457], [457, 456])
0	0.0	0.34201090216431057	([326], [326, 325])
0	0.0	0.3423047657737832	([19], [19, 18])
0	0.0	0.34264017580323375	([435], [435, 434])
0	0.0	0.3427127629266193	([630], [630, 628])
0	0.0	0.3427489568953494	([284], [284, 283])
0	0.0	0.3428765050048865	([539], [539, 538])
0	0.0	0.34290912549025887	([1], [1, 0])
0	0.0	0.3430394973420486	([416], [416, 415])
0	0.0	0.3433493075796309	([305], [305, 304])
0	0.0	0.34368706948419014	([75], [75, 74])
0	0.0	0.343925796957855	([217], [217, 216])
0	0.0	0.3439770732351742	([634], [634, 633])
0	0.0	0.3450842214660139	([607], [607, 606])
0	0.0	0.3461151822562643	([333], [333, 331])
0	0.0	0.3466497886397254	([290], [290, 289])
0	0.0	0.34715566032484385	([419], [419, 417])
0	0.0	0.3474625369409409	([72], [72, 71])
0	0.0	0.3476257840958386	([292], [292, 291])
0	0.0	0.34786577073934366	([230], [230, 229])
0	0.0	0.3481486191529981	([150], [150, 149])
0	0.0	0.34844568920152613	([643], [643, 641])
0	0.0	0.34908585822887434	([377], [377, 376])
0	0.0	0.3491653563849223	([527], [527, 526])
0	0.0	0.3492681097339137	([510], [510, 509])
0	0.0	0.34953904056137625	([51], [63, 62])
0	0.0	0.3495764458081002	([635], [635, 634])
0	0.0	0.3496995561995686	([141], [134, 133])
0	0.0	0.35025728997240696	([74], [74, 73])
0	0.0	0.3503320689621315	([335], [335, 334])
0	0.0	0.3505215246481087	([83], [83, 82])
0	0.0	0.3507250506173224	([363], [371, 361])
1	0.3480062079937252	0.3507727458338839	([394, 393], [395, 394, 392])
0	0.0	0.3512847455266342	([338], [339, 336])
0	0.0	0.3521107924420543	([378], [378, 377])
0	0.0	0.3522217978950442	([570], [572, 569])
0	0.0	0.3525683681313485	([62], [51, 50])
0	0.0	0.35297389603910295	([334], [338, 337])
0	0.0	0.3541980669369877	([337], [334, 333])
0	0.0	0.35448757256350316	([425], [425, 424])
0	0.0	0.3550269668902893	([588], [588, 586])
0	0.0	0.3550917141006391	([158], [158, 157])
0	0.0	0.35584014408760173	([624], [624, 623])
0	0.0	0.35590808906078764	([50], [50, 48])
0	0.0	0.35608438522063146	([486], [486, 484])
0	0.0	0.3562862878302537	([85], [85, 84])
0	0.0	0.3567015177015417	([482], [482, 481])
0	0.0	0.3569221713181669	([360], [363, 362])
0	0.0	0.35721725911003066	([509], [509, 508])
0	0.0	0.35812838090430715	([238], [238, 237])
0	0.0	0.35958615408716504	([642], [642, 641])
0	0.0	0.35977395580745597	([76], [76, 75])
0	0.0	0.3598551609814338	([597], [597, 595])
0	0.0	0.36025252083952947	([397], [397, 396])
0	0.0	0.36039751811227216	([155], [155, 154])
0	0.0	0.3604309925852635	([237], [238, 235])
0	0.0	0.36071032701884526	([124], [124, 123])
0	0.0	0.3618210151490688	([418], [418, 417])
0	0.0	0.36244947811882944	([492], [492, 491])
0	0.0	0.36286080193008713	([167], [167, 165])
0	0.0	0.3629540243235695	([483], [486, 485])
1	0.3492431963504461	0.3630975355848873	([659, 654], [659, 658, 655])
0	0.0	0.364166313321661	([514], [514, 513])
0	0.0	0.36469903408318727	([316], [311, 310])
0	0.0	0.3655825297231321	([273], [273, 272])
0	0.0	0.3658240225935859	([48], [50, 49])
0	0.0	0.36594997216776165	([65], [65, 64])
0	0.0	0.3680336705155984	([644], [644, 643])
0	0.0	0.3698046208767139	([538], [538, 537])
0	0.0	0.3700247505637538	([423], [423, 422])
0	0.0	0.3702250748665743	([598], [647, 646])
0	0.0	0.37222015831799526	([73], [73, 72])
0	0.0	0.37253540051946343	([71], [71, 70])
0	0.0	0.37292557954756467	([313], [313, 312])
0	0.0	0.37309405072328844	([193], [195, 194])
0	0.0	0.37339345940661334	([271], [271, 270])
0	0.0	0.3734452085056319	([2], [2, 1])
0	0.0	0.3736882051307862	([84], [88, 81])
0	0.0	0.3740245049638576	([243], [243, 241])
0	0.0	0.37422836070191945	([646], [598, 597])
0	0.0	0.375227789551889	([586], [588, 587])
0	0.0	0.37563208644463264	([359], [359, 358])
1	0.3480978036778041	0.3757716033188516	([633, 627], [633, 630, 627])
0	0.0	0.3758409888266669	([49], [48, 46])
0	0.0	0.3764065060813709	([362], [366, 365])
0	0.0	0.3772321504806195	([236], [236, 235])
0	0.0	0.37751718513150795	([592], [593, 591])
1	0.37131141083500574	0.3802354642566063	([439, 431], [439, 435, 434])
1	0.3746069852488237	0.38053371541726627	([84, 83], [87, 85, 84])
1	0.3691319626918649	0.38105030510821936	([463, 456], [463, 462, 457])
1	0.3658483637393168	0.38144340541345645	([123, 115], [123, 119, 116])
0	0.0	0.3814800836469143	([440], [440, 439])
0	0.0	0.3815248174362761	([0], [57, 56])
0	0.0	0.381774266045949	([165], [165, 164])
0	0.0	0.38183241744316104	([93], [93, 92])
0	0.0	0.38200323299536715	([365], [360, 359])
0	0.0	0.382473723421809	([225], [225, 224])
0	0.0	0.3832946011713429	([485], [483, 482])
1	0.36686560054274275	0.38340768882729725	([439, 429], [439, 431, 430])
0	0.0	0.385744289833718	([226], [243, 242])
0	0.0	0.3862267958507946	([90], [90, 89])
0	0.0	0.3863329342314855	([445], [445, 444])
0	0.0	0.38715159456941	([263], [244, 243])
0	0.0	0.3872344117497427	([56], [48, 47])
0	0.0	0.3874251904898776	([242], [369, 368])
0	0.0	0.388195334987869	([223], [223, 222])
0	0.0	0.39106000495055576	([191], [191, 190])
1	0.3690066738476347	0.39130649601861567	([362, 361], [364, 363, 362])
0	0.0	0.3915306529565243	([91], [91, 90])
0	0.0	0.3921718512974668	([47], [152, 151])
0	0.0	0.3955058835270274	([629], [629, 628])
0	0.0	0.3970288973316924	([169], [169, 165])
0	0.0	0.3983116734020252	([424], [424, 422])
0	0.0	0.3990504186182335	([368], [226, 225])
0	0.0	0.4001285335950338	([505], [505, 504])
0	0.0	0.40483576386800685	([183], [183, 181])
0	0.0	0.40748453356485187	([194], [193, 192])
1	0.39211897544173224	0.40929520103359696	([310, 301], [310, 304, 302])
0	0.0	0.40953793587633897	([185], [185, 174])
0	0.0	0.4113805074306534	([151], [169, 168])
0	0.0	0.418362701439477	([587], [589, 585])
0	0.0	0.41911920846530415	([166], [166, 165])
0	0.0	0.428446858258498	([170], [170, 165])
1	0.42420503429761974	0.4285203881531915	([278, 272], [278, 275, 272])
0	0.0	0.4332840017851717	([188], [188, 187])
0	0.0	0.4384435601826635	([190], [190, 189])
0	0.0	0.43864066262867224	([192], [192, 191])
0	0.0	0.44297137382277607	([187], [187, 178])
0	0.0	0.44638837651707924	([189], [189, 188])
0	0.0	0.4472550996578924	([175], [175, 172])
0	0.0	0.45079235453252664	([181], [183, 174])
1	0.44909401549991096	0.4526306339757492	([635, 625], [635, 633, 626])
0	0.0	0.4541028681700955	([184], [184, 170])
0	0.0	0.45505541914766595	([172], [175, 171])
1	0.42724076477857925	0.4552887552925924	([241, 237], [241, 240, 238])
1	0.45520874198107714	0.4572928050153024	([184, 166], [184, 170, 166])
0	0.0	0.4578431258590068	([178], [187, 182])
0	0.0	0.4583650911300622	([171], [175, 173])
1	0.4592159962398713	0.46008128410469806	([104, 90], [104, 98, 90])
0	0.0	0.46126384445161367	([186], [186, 175])
0	0.0	0.465416443702821	([182], [190, 176])
0	0.0	0.46668066452868295	([173], [171, 170])
0	0.0	0.46824721869342256	([176], [190, 179])
0	0.0	0.4709532062784988	([179], [178, 172])
0	0.0	0.4774684763512131	([180], [180, 173])
1	0.47471807172458746	0.480303807633193	([217, 205], [217, 216, 210])
0	0.0	0.4828980854703964	([168], [186, 177])
1	0.4679936180132683	0.4848077731890863	([184, 173], [184, 173, 171])
1	0.4756193713284746	0.4855572057195228	([187, 175], [187, 186, 182])
0	0.0	0.48695157168850595	([174], [181, 173])
1	0.47811228051240423	0.4872216804051948	([180, 170], [180, 173, 170])
1	0.4915360422483447	0.5028857950502592	([154, 138], [154, 146, 138])
1	0.49018502150264043	0.5045216917829045	([608, 601], [608, 606, 605])
1	0.4757196095141479	0.5047284080098993	([661, 656], [661, 660, 658])
1	0.5067385705286345	0.5133641324727123	([185, 173], [185, 174, 173])
1	0.47853539304546294	0.522796048064003	([186, 179], [190, 187, 186])
1	0.4859234394899542	0.539273372633049	([666, 661], [666, 665, 661])
1	0.5340577547883649	0.5435540928405865	([389, 374], [389, 384, 374])
1	0.5279801156466526	0.5458852211491911	([385, 375], [388, 385, 375])
1	0.5463232338004627	0.561191075356347	([221, 202], [221, 217, 202])
1	0.5606184228593201	0.5657151287835221	([192, 181], [192, 190, 181])
1	0.5268547143513768	0.5791326730855015	([178, 166], [178, 172, 166])
1	0.5763679661820373	0.595542942094705	([589, 568], [589, 584, 569])
1	0.5940174137525734	0.5970881239756239	([588, 567], [589, 588, 568])
1	0.5970698900256348	0.5986598042557038	([567, 556], [567, 562, 556])
1	0.5843544405298792	0.5987230536037196	([265, 246], [265, 257, 253])
1	0.5148855936530508	0.599803703360093	([188, 181], [188, 182, 171])
1	0.6003783678120869	0.6021067163331841	([260, 249], [260, 256, 249])
1	0.5840514550962903	0.6026186910485642	([277, 242], [275, 274, 242])
1	0.5528307596940187	0.6069344698194965	([192, 185], [192, 189, 174])
1	0.5917030233666898	0.6100057196392916	([193, 183], [195, 193, 183])
1	0.5680584038245498	0.6100114521030098	([375, 179], [375, 368, 359])
1	0.5188646226456368	0.6108450378253562	([177, 168], [177, 173, 168])
1	0.6106374846495065	0.6115068674764392	([322, 288], [322, 313, 288])
1	0.6076390272526742	0.612373047920989	([42, 30], [42, 36, 30])
1	0.6015189073864778	0.6136914316029399	([213, 185], [218, 213, 204])
1	0.6049154594389925	0.6192632697717343	([656, 625], [656, 650, 625])
1	0.6152640103357379	0.6195250358980234	([600, 561], [600, 566, 561])
1	0.5974528168561027	0.6204956144862347	([191, 170], [191, 189, 170])
1	0.6126022121070729	0.6228621679797123	([379, 358], [379, 376, 358])
1	0.6025557618409544	0.6236154440769148	([28, 12], [28, 22, 12])
1	0.6007741170919166	0.6244830451263447	([284, 269], [284, 280, 277])
1	0.5754261129814421	0.625055188088967	([237, 185], [237, 227, 225])
1	0.6142425903114664	0.6262664033644619	([557, 543], [557, 551, 543])
1	0.6105426762526696	0.6282272934004054	([282, 243], [285, 282, 243])
1	0.5039169962299708	0.6304836956714746	([186, 185], [191, 176, 172])
1	0.4830472368622901	0.632716224237267	([176, 171], [190, 181, 172])
1	0.6053502429425172	0.6361634055586513	([659, 624], [659, 654, 624])
1	0.5910303974007787	0.6369616393603524	([280, 244], [280, 271, 245])
1	0.611258572962642	0.6369616393603524	([287, 246], [286, 280, 245])
1	0.48115173776791464	0.6369972945469913	([192, 175], [192, 188, 187])
1	0.6152117942780305	0.6416903699862841	([169, 152], [175, 171, 151])
1	0.5811258436629696	0.6416903699862841	([181, 151], [181, 171, 151])
1	0.5589895163205492	0.6416903699862841	([184, 151], [184, 171, 151])
1	0.5861302890928672	0.6417189239730308	([393, 176], [393, 387, 384])
1	0.6345189116992213	0.6417686952845789	([181, 107], [181, 107, 92])
1	0.58934476259668	0.6422096109190798	([410, 184], [416, 410, 407])
1	0.548856677351966	0.6424391742055926	([175, 151], [171, 167, 153])
1	0.6392760361740385	0.6425317867687292	([555, 540], [555, 548, 540])
1	0.6290796363162988	0.6463727130768272	([394, 181], [394, 384, 376])
1	0.5936216164525794	0.6474537347200269	([646, 181], [646, 629, 628])
1	0.6434122387241855	0.6474632973409763	([407, 383], [407, 396, 391])
1	0.6372021594012084	0.6481987392025567	([272, 240], [272, 265, 245])
1	0.6142073896728427	0.6503097261718847	([181, 89], [181, 124, 107])
1	0.6137404324122234	0.65084988192475	([600, 566], [600, 598, 562])
1	0.6492753053339672	0.651932965394533	([278, 239], [282, 278, 243])
1	0.6331940364811172	0.6522038103068786	([564, 540], [564, 556, 543])
1	0.6065408621411873	0.6531983026200125	([181, 124], [181, 143, 136])
1	0.6122856655233887	0.654259473856841	([174, 157], [174, 172, 169])
1	0.6454545629026767	0.656103015315319	([173, 155], [173, 164, 155])
1	0.47957628897790877	0.6572672197190451	([182, 171], [187, 182, 171])
1	0.6513263480151968	0.658259046731733	([601, 580], [601, 598, 590])
1	0.4717472640843611	0.6591673793820942	([186, 182], [188, 178, 172])
1	0.5664619368657684	0.6596559442323714	([182, 73], [182, 76, 56])
1	0.6395489487457768	0.6600174962969576	([446, 416], [446, 431, 425])
1	0.6362914477460788	0.6606864206897964	([237, 188], [237, 220, 194])
1	0.6564824035948427	0.6608992971885531	([592, 563], [592, 587, 563])
1	0.6594748802704907	0.6609235788741743	([524, 478], [524, 519, 478])
1	0.6322888474197524	0.6614496372680184	([27, 7], [27, 16, 13])
1	0.6460933705695815	0.6617388334320714	([554, 538], [554, 547, 545])
1	0.6568904532289357	0.6617405868510476	([655, 621], [655, 640, 625])
1	0.6477743124585522	0.6627181579020109	([97, 63], [97, 80, 67])
1	0.6552575946150702	0.6638696096812834	([358, 326], [358, 345, 326])
1	0.5273494673847428	0.6641056037999419	([242, 182], [278, 276, 243])
1	0.6636172409457199	0.6646052503749825	([110, 74], [110, 98, 74])
1	0.6021340777092318	0.6652360657186291	([41, 24], [41, 32, 29])
1	0.6587298297085981	0.665746348562488	([663, 618], [663, 659, 623])
1	0.6299112751727592	0.666035357717832	([88, 46], [88, 75, 54])
1	0.6359247195487612	0.6660558303411016	([41, 9], [41, 32, 9])
1	0.5414293284852436	0.6663408783963598	([178, 56], [178, 56, 47])
1	0.6626889604496472	0.6664861179365391	([33, 0], [33, 22, 17])
1	0.6607946184057649	0.6695672603302071	([603, 559], [603, 601, 547])
1	0.6692134355464547	0.6698567813560321	([563, 539], [569, 563, 539])
1	0.5338410685267356	0.6699646314301267	([177, 49], [177, 65, 49])
1	0.650986707749851	0.6710709857649628	([347, 322], [347, 345, 322])
1	0.6668615326493765	0.6717414803630423	([242, 199], [242, 237, 189])
1	0.6588753575397047	0.6719949131224563	([219, 174], [221, 195, 174])
1	0.6681225486675914	0.6720853661913264	([290, 276], [290, 288, 284])
1	0.6534422388535607	0.6722314488107953	([96, 66], [96, 78, 66])
1	0.6628085666913357	0.6734290504828209	([522, 480], [524, 522, 480])
1	0.6040766802147656	0.6740615578560704	([185, 51], [185, 75, 51])
1	0.5515205188186869	0.6749479290146021	([177, 150], [177, 168, 150])
1	0.6350031850552741	0.6760423944514922	([328, 287], [328, 313, 311])
1	0.6709325745494695	0.6763136637850993	([140, 106], [142, 140, 109])
1	0.6719795599457423	0.6769007564973181	([666, 641], [666, 661, 654])
1	0.6544114821152472	0.6770465312400351	([142, 105], [140, 132, 115])
1	0.6765346519911692	0.6772086224400664	([607, 554], [615, 607, 602])
1	0.6714264304397987	0.6777272992925418	([480, 446], [480, 478, 446])
1	0.5945088320028316	0.6777318530949625	([377, 182], [377, 368, 358])
1	0.6713921943214554	0.6780286704795613	([94, 61], [94, 73, 71])
1	0.6678699660045914	0.6784239586466475	([256, 228], [256, 245, 244])
1	0.6685575747204827	0.6786950044032228	([612, 558], [612, 558, 557])
1	0.6569444902467507	0.6790139424638749	([336, 288], [336, 323, 313])
1	0.6691897960358311	0.6808094092270875	([607, 573], [607, 600, 580])
1	0.649716957963189	0.6810374665012803	([601, 543], [601, 598, 562])
1	0.6658548354906851	0.6810377233476383	([357, 335], [357, 346, 340])
1	0.657628004005903	0.6811608982753489	([610, 553], [610, 608, 549])
1	0.6798623332428347	0.6811608982753489	([618, 549], [618, 610, 549])
1	0.6702686172255248	0.6812254800733769	([609, 561], [609, 603, 559])
1	0.6650585618363744	0.6812254800733769	([612, 545], [612, 609, 559])
1	0.5811228439310612	0.6813075647504431	([387, 176], [387, 372, 359])
1	0.6678297970666924	0.6818298539476428	([602, 552], [610, 602, 552])
1	0.498890577016124	0.6820313938822314	([273, 182], [242, 189, 187])
1	0.6791548611723316	0.6823929483268855	([193, 169], [193, 188, 170])
1	0.6749518596082285	0.6824767185645741	([581, 556], [581, 569, 556])
1	0.6566336213073861	0.6835072309951212	([281, 229], [281, 244, 239])
1	0.6009178256038682	0.6835790718985798	([434, 184], [434, 416, 409])
1	0.648365207065335	0.6849538973863507	([608, 566], [602, 590, 559])
1	0.6540380616306036	0.6854993151043668	([194, 165], [195, 194, 165])
1	0.6813838446209561	0.6861760719617468	([616, 596], [616, 606, 596])
1	0.6848496277831962	0.6864127888365069	([137, 78], [137, 113, 97])
1	0.4686387083657685	0.6873300028612744	([242, 176], [241, 235, 188])
1	0.6847697337744271	0.6879916304177164	([433, 374], [433, 406, 395])
1	0.6851270347869977	0.6883337177443226	([605, 558], [605, 585, 558])
1	0.6842692677296708	0.688459757753301	([283, 249], [283, 265, 249])
1	0.657005154434083	0.6900458787101726	([664, 1], [666, 664, 0])
1	0.5793616168598495	0.6908339329649104	([291, 176], [293, 291, 242])
1	0.6326391146825134	0.6911652722465786	([616, 560], [616, 610, 549])
1	0.6822475744856832	0.6920116360499549	([523, 477], [527, 523, 468])
1	0.6562145122525732	0.6921964791930733	([615, 554], [610, 607, 553])
1	0.6661377203327367	0.6922045870364917	([266, 39], [266, 245, 32])
1	0.6328523268642089	0.692483929702651	([571, 552], [571, 561, 556])
1	0.6759229373301405	0.6929761522298594	([622, 585], [623, 602, 585])
1	0.6859559981309328	0.6932184266399006	([616, 265], [616, 613, 256])
1	0.6878558693097208	0.6935636862938337	([95, 47], [95, 70, 62])
1	0.6724358597936734	0.6938225827288602	([603, 569], [607, 603, 582])
1	0.6778309211489837	0.6945787572770373	([600, 545], [600, 557, 555])
1	0.6809275632360888	0.6947903457845447	([532, 474], [528, 518, 478])
1	0.6928989968949791	0.6948061011938773	([558, 265], [558, 556, 250])
1	0.6904005400243884	0.694868641095474	([625, 544], [625, 618, 544])
1	0.6842505065734523	0.6952401055308258	([666, 598], [666, 608, 601])
1	0.6888828547448036	0.6957131645303116	([523, 446], [523, 477, 446])
1	0.6796730323834945	0.695844682791392	([148, 116], [148, 141, 116])
1	0.6726425657941358	0.6964907633928988	([527, 468], [523, 507, 492])
1	0.5685581474598044	0.697190879267266	([418, 176], [418, 396, 393])
1	0.6783490412575379	0.6975931406007391	([196, 159], [196, 187, 170])
1	0.6963928217810137	0.6978247767478178	([609, 530], [609, 548, 530])
1	0.6676976554476334	0.697881861457823	([617, 572], [617, 607, 566])
1	0.6890978023064075	0.6992400734397783	([613, 595], [623, 613, 602])
1	0.6970540314977806	0.699372639853444	([193, 142], [193, 170, 142])
1	0.6864916118408398	0.6995411954960428	([173, 41], [173, 161, 155])
1	0.6910404751967122	0.700039822746752	([548, 269], [548, 546, 265])
1	0.6685041612526825	0.700039822746752	([546, 265], [609, 548, 265])
1	0.5679858785628293	0.7003767765148883	([225, 185], [237, 192, 187])
1	0.5755684447529913	0.7004219345243066	([185, 93], [185, 93, 75])
1	0.6871737464698502	0.7005263009443182	([155, 108], [155, 140, 108])
1	0.7000669638013809	0.7006596528115291	([611, 546], [611, 603, 547])
1	0.6536169039403515	0.7007314448104033	([583, 551], [583, 561, 551])
1	0.6938716968329521	0.700845897729287	([318, 277], [318, 289, 282])
1	0.6539632966496336	0.7012678882249184	([664, 616], [664, 616, 613])
1	0.6917815328078581	0.7014098897509146	([272, 209], [272, 238, 228])
1	0.5463502800185325	0.701697691374282	([223, 184], [236, 223, 217])
1	0.6468398288011651	0.7017814840314097	([138, 41], [137, 78, 60])
1	0.6792176366282835	0.7022816012664491	([659, 600], [659, 621, 616])
1	0.6167770861190462	0.7022816012664491	([664, 608], [664, 659, 616])
1	0.7022889283765479	0.702345540186723	([547, 264], [547, 264, 249])
1	0.6971633779335276	0.7023676604437503	([354, 318], [354, 331, 327])
1	0.6779077873840875	0.7029751461471478	([535, 471], [535, 531, 471])
1	0.6874603350567184	0.7031976926584611	([280, 34], [280, 245, 32])
1	0.6900164793923758	0.7032683915887871	([644, 600], [663, 644, 626])
1	0.683568531159468	0.7038561078431251	([609, 287], [609, 287, 247])
1	0.6929382547601185	0.7038561078431251	([607, 247], [609, 607, 247])
1	0.6962275918692946	0.7038672536244114	([601, 246], [601, 547, 249])
1	0.6467402617209006	0.7044310731815487	([664, 599], [664, 608, 605])
1	0.6324260577982601	0.7044703122452165	([420, 181], [420, 394, 389])
1	0.6983865320893566	0.7045396360625877	([585, 541], [585, 558, 543])
1	0.7041825019355049	0.7046136469862093	([379, 325], [398, 379, 325])
1	0.6971760950777728	0.7047401683815474	([660, 617], [660, 656, 617])
1	0.6917645427527989	0.704947466455798	([556, 250], [609, 559, 558])
1	0.70457815001669	0.7050647469590928	([161, 125], [161, 129, 125])
1	0.6862436037078811	0.7050647469590928	([161, 41], [161, 148, 129])
1	0.6988969291375919	0.7052102779565399	([349, 294], [358, 326, 312])
1	0.6967755859934841	0.7052471696460119	([659, 260], [659, 260, 245])
1	0.6853317407395306	0.7052531443426546	([584, 546], [584, 561, 546])
1	0.6978856828837473	0.705399410104645	([565, 537], [565, 557, 537])
1	0.6999249301917495	0.7059685659085199	([258, 241], [258, 247, 229])
1	0.6916099100647592	0.7060137163346699	([148, 59], [136, 63, 59])
1	0.6653501176477989	0.7061478877538553	([348, 287], [348, 313, 288])
1	0.6960112554235554	0.7064605899955456	([452, 174], [452, 436, 174])
1	0.6911511592836795	0.7069929528389206	([398, 323], [379, 351, 333])
1	0.6858399787157917	0.7073121380576117	([582, 532], [582, 549, 532])
1	0.7008391647851677	0.70759165845078	([36, 14], [43, 42, 14])
1	0.6972244462477768	0.7077458756286199	([600, 25], [600, 38, 33])
1	0.6971446322724858	0.7077458756286199	([600, 38], [600, 596, 33])
1	0.683540783745444	0.7089353971427291	([399, 342], [399, 379, 346])
1	0.70557256810135	0.7095600911660546	([608, 260], [608, 601, 260])
1	0.6887481325252359	0.7096391288634024	([547, 249], [556, 547, 250])
1	0.6930297346360706	0.7097644752308835	([283, 226], [283, 243, 226])
1	0.5665839094173126	0.7097644752308835	([283, 176], [283, 249, 243])
1	0.6976815530073495	0.7099015521507512	([318, 226], [318, 277, 231])
1	0.6611473423487683	0.7103400364649698	([323, 286], [323, 295, 289])
1	0.6846599361105717	0.7110757184258288	([659, 41], [659, 41, 1])
1	0.7087424558289923	0.7115945371454451	([651, 592], [654, 651, 592])
1	0.696478569029213	0.7116009914602552	([157, 71], [157, 135, 58])
1	0.6978011319234471	0.7116049838565961	([164, 73], [164, 128, 114])
1	0.7079265763460492	0.7116172215859988	([551, 520], [551, 543, 534])
1	0.7106403677762392	0.7118398798235634	([618, 258], [618, 615, 30])
1	0.5288599472050787	0.7119045980352361	([223, 175], [225, 194, 189])
1	0.7025185650253709	0.7119689988870276	([625, 592], [638, 625, 592])
1	0.7110609488076225	0.7123488352948047	([497, 403], [497, 438, 428])
1	0.7060006399403067	0.7123488352948047	([503, 428], [503, 497, 428])
1	0.711308957846514	0.7131118271036161	([577, 11], [588, 577, 11])
1	0.6773453252848751	0.713187540511581	([256, 34], [280, 265, 243])
1	0.6886129011363353	0.7132506293054467	([661, 615], [664, 661, 615])
1	0.6974449234146258	0.7134812840079069	([568, 530], [568, 564, 530])
1	0.6953087585713122	0.7135518520538925	([174, 111], [174, 144, 111])
1	0.6510246190148928	0.7137668833670079	([622, 41], [663, 659, 41])
1	0.6822332057481904	0.7138096062755319	([356, 317], [356, 334, 320])
1	0.7013916177674133	0.7140643754003997	([664, 525], [664, 608, 525])
1	0.6988760172843446	0.7142357433156469	([484, 444], [484, 475, 444])
1	0.7105132698745408	0.7142437964721168	([565, 9], [565, 559, 41])
1	0.683212343789914	0.7142437964721168	([559, 41], [586, 565, 41])
1	0.6909152158370032	0.7142763538191181	([543, 477], [543, 532, 477])
1	0.6874615731625546	0.7144193798684421	([663, 283], [663, 622, 280])
1	0.7009424504228116	0.7145932210657995	([658, 579], [658, 601, 562])
1	0.7132062019313539	0.7146994494756918	([245, 214], [245, 231, 214])
1	0.6978611009010126	0.7151150795056774	([619, 477], [619, 545, 477])
1	0.6970587545016613	0.7152971882222591	([548, 2], [608, 548, 32])
1	0.591018179648418	0.7156391545164101	([155, 47], [151, 138, 41])
1	0.7064528958712958	0.7159670795855448	([287, 219], [287, 238, 219])
1	0.7095109509681341	0.7163440378508206	([660, 281], [660, 281, 245])
1	0.7147037396902655	0.7165624009861763	([580, 519], [580, 535, 519])
1	0.715756273745235	0.7167387914002472	([625, 267], [625, 617, 267])
1	0.7056605278393656	0.7168301729443732	([251, 35], [266, 251, 35])
1	0.716557271184061	0.7174386759623604	([614, 521], [614, 590, 567])
1	0.7133825564498594	0.7176396545434198	([474, 417], [474, 459, 417])
1	0.6674487727496635	0.718292771567468	([586, 41], [622, 614, 41])
1	0.7130236340502397	0.7183273281529643	([512, 434], [512, 496, 434])
1	0.6667788061073782	0.7184769270028055	([650, 608], [656, 650, 608])
1	0.714628947583798	0.7186015441269498	([567, 12], [567, 549, 41])
1	0.708191572476726	0.718833166149534	([663, 248], [663, 280, 248])
1	0.6853846164745664	0.7191940236756923	([560, 0], [568, 560, 549])
1	0.7174390620844789	0.7194256970392424	([292, 237], [292, 287, 238])
1	0.6996977694614076	0.7194317512562334	([608, 531], [608, 550, 531])
1	0.7017521972860699	0.7194515896959472	([622, 23], [612, 557, 32])
1	0.7143847870492319	0.7194658994091963	([262, 12], [262, 20, 13])
1	0.7158998187805388	0.7195072615822343	([543, 0], [610, 546, 543])
1	0.7192485569605308	0.7195233584510883	([336, 259], [336, 268, 259])
1	0.6819531455816267	0.7195660645379585	([244, 41], [602, 559, 41])
1	0.6746764015571824	0.7196307634575358	([254, 33], [266, 254, 33])
1	0.7017290757064666	0.7196307634575358	([285, 33], [285, 266, 33])
1	0.6950615760182126	0.7196307634575358	([596, 33], [600, 266, 33])
1	0.6937420766601426	0.719721711538398	([622, 260], [622, 280, 257])
1	0.7136888575265589	0.7198603697501429	([487, 405], [487, 443, 426])
1	0.7101617244427115	0.7198603697501429	([482, 443], [489, 487, 426])
1	0.680315577762816	0.7200300942947889	([558, 39], [558, 259, 250])
1	0.7059118345595847	0.7202672229641227	([497, 438], [511, 497, 433])
1	0.679115693172362	0.7204001892520315	([489, 426], [482, 470, 448])
1	0.710974818363318	0.720524155924355	([554, 270], [563, 554, 261])
1	0.6984587375913833	0.7205578065448812	([571, 534], [571, 552, 545])
1	0.7135248742809261	0.7207079171899753	([256, 2], [548, 256, 247])
1	0.7197489810687068	0.720720474643766	([654, 254], [663, 654, 254])
1	0.7137805708226135	0.7207225979387323	([382, 289], [382, 358, 289])
1	0.6644373421095965	0.7208867936570591	([648, 588], [654, 622, 595])
1	0.6873634060221507	0.7211362742546462	([624, 39], [624, 614, 41])
1	0.7077995909429079	0.7212646403971773	([563, 261], [565, 563, 261])
1	0.7178950311657586	0.7213014505699356	([518, 347], [518, 478, 343])
1	0.7105623808607793	0.7213014505699356	([478, 358], [531, 518, 343])
1	0.6832853609554168	0.7214330160337902	([614, 281], [660, 617, 614])
1	0.7116978497902959	0.7215785872312395	([313, 229], [313, 287, 240])
1	0.690888890789031	0.7217996929722119	([338, 284], [338, 323, 283])
1	0.7036523620442986	0.7218121572500112	([620, 565], [620, 585, 558])
1	0.7088566925304668	0.7218242924321301	([617, 266], [617, 606, 246])
1	0.7175886923778383	0.7219373839680552	([559, 251], [614, 559, 251])
1	0.7104489250038105	0.721970476187434	([580, 535], [615, 580, 529])
1	0.720080064643238	0.7220619003558477	([131, 68], [131, 117, 68])
1	0.706906459953723	0.7220650903729139	([660, 591], [664, 660, 599])
1	0.6810297949088815	0.7221032779267551	([159, 42], [136, 122, 44])
1	0.7214824790732932	0.7221565558512496	([532, 500], [532, 520, 500])
1	0.7066104306580017	0.7223333696057876	([258, 30], [618, 613, 258])
1	0.7141847310435862	0.7223998067270073	([567, 521], [614, 548, 544])
1	0.6855355752212373	0.7224158611406697	([350, 304], [352, 350, 317])
1	0.7154733488813937	0.7226208652547934	([541, 34], [549, 543, 34])
1	0.7039683255539839	0.7227002070820711	([511, 433], [499, 497, 433])
1	0.7063558148503862	0.7228960143355483	([557, 467], [557, 548, 465])
1	0.7032095248941872	0.7229038836104471	([344, 269], [332, 323, 269])
1	0.7185329740255054	0.7229087780689226	([481, 407], [481, 446, 414])
1	0.7149047057953081	0.7229108535923127	([115, 48], [115, 113, 48])
1	0.7229675326819712	0.7230947678805145	([215, 41], [244, 219, 215])
1	0.6998292698338036	0.7231445647214446	([167, 46], [167, 139, 75])
1	0.5696449419648433	0.7231445647214446	([185, 72], [174, 167, 75])
1	0.7075119781007058	0.7232101750119457	([358, 41], [358, 323, 272])
1	0.7038551196070404	0.7232101750119457	([358, 272], [358, 323, 289])
1	0.7151691181305703	0.7232793885909703	([490, 437], [495, 490, 437])
1	0.7216944080339882	0.7233375805437392	([592, 542], [597, 592, 542])
1	0.7037523279697933	0.7233722400726572	([619, 575], [619, 609, 565])
1	0.7187034673009572	0.7235264677705844	([563, 7], [563, 561, 7])
1	0.7223649887649378	0.7236036100455042	([483, 401], [500, 483, 401])
1	0.6960881731872931	0.7238694422691248	([636, 599], [636, 622, 618])
1	0.7195872219723272	0.7239082358587139	([564, 1], [564, 41, 37])
1	0.7171978740771894	0.7239082358587139	([564, 37], [564, 544, 41])
1	0.6471276181090626	0.7240088009685328	([227, 183], [227, 194, 193])
1	0.6682583931977615	0.7241646693554875	([659, 245], [619, 615, 270])
1	0.7140552828927481	0.7242917292408092	([162, 66], [162, 111, 66])
1	0.7149975055138738	0.7246303483283231	([445, 330], [475, 445, 444])
1	0.7245217917019607	0.7246857875946854	([498, 386], [498, 496, 386])
1	0.710042724510821	0.7248395751549551	([621, 591], [660, 621, 614])
1	0.7045206687691526	0.7248693403809262	([262, 20], [272, 262, 13])
1	0.6644619358402006	0.7249122475710406	([613, 256], [614, 251, 35])
1	0.6868241412373334	0.7249540216462916	([483, 174], [483, 471, 452])
1	0.708059822931448	0.7249540216462916	([507, 452], [507, 483, 452])
1	0.7239775043319319	0.724962471357929	([477, 332], [477, 446, 332])
1	0.6866407691145876	0.7249847684034371	([622, 280], [663, 609, 248])
1	0.6971931333926565	0.7249993972278032	([561, 35], [561, 556, 35])
1	0.7108609430545446	0.7251368940879526	([591, 13], [613, 606, 13])
1	0.7048057919237801	0.7251571747268359	([559, 4], [559, 41, 4])
1	0.7199324195801259	0.7251606744113783	([656, 538], [656, 625, 538])
1	0.6610310810987426	0.7252236773662348	([317, 174], [317, 221, 191])
1	0.7184941901712039	0.7252236773662348	([299, 221], [317, 299, 221])
1	0.7096758520884124	0.7252705736218377	([588, 528], [588, 584, 541])
1	0.7176064636853374	0.7252794976268994	([647, 598], [666, 661, 598])
1	0.720245224265706	0.7254506666037263	([456, 212], [473, 471, 212])
1	0.7068047951044762	0.7256481416784205	([384, 317], [384, 354, 317])
1	0.6967762987092686	0.7256563846120646	([155, 40], [155, 62, 47])
1	0.7145506225410291	0.7256675782720357	([260, 43], [260, 244, 41])
1	0.6654307240452297	0.7256675782720357	([602, 244], [622, 260, 41])
1	0.7255077502221995	0.7256877314094311	([602, 259], [602, 267, 259])
1	0.724301637719673	0.7257285380624838	([153, 51], [153, 141, 51])
1	0.6945309028414473	0.7258742972341921	([138, 61], [138, 101, 67])
1	0.7188323197533277	0.7259587381612004	([330, 282], [330, 318, 313])
1	0.7112759649488797	0.7259962271587833	([274, 195], [274, 241, 195])
1	0.7233182012170215	0.7260193081434337	([658, 265], [658, 625, 267])
1	0.7150008597167882	0.7260241130453621	([608, 282], [608, 282, 32])
1	0.7172760767570953	0.7260478025766924	([536, 250], [558, 538, 536])
1	0.7118517270248375	0.7261733821834231	([136, 23], [136, 41, 23])
1	0.6759840774182343	0.7261733821834231	([608, 32], [622, 41, 23])
1	0.7236680714240263	0.7261795450483518	([496, 392], [511, 433, 374])
1	0.6881379144242922	0.7262903141627262	([551, 1], [550, 543, 34])
1	0.725820515356441	0.7264397692396474	([624, 589], [624, 589, 544])
1	0.7238437837934711	0.7265377892965458	([617, 36], [617, 464, 14])
1	0.7138725169029173	0.726540555874377	([253, 24], [262, 253, 24])
1	0.7133017012911033	0.7266669745734492	([566, 8], [566, 556, 16])
1	0.7046819058420004	0.7267805194273346	([615, 30], [615, 30, 19])
1	0.6826269039558198	0.7268583554064917	([568, 0], [598, 577, 3])
1	0.7012349950691317	0.726943544192861	([613, 537], [613, 604, 537])
1	0.7220761234782471	0.7269930072786422	([469, 383], [471, 469, 398])
1	0.6952607696945818	0.7270480728015846	([612, 254], [612, 601, 253])
1	0.7239724639628081	0.7271915717283867	([311, 251], [311, 285, 251])
1	0.7184457513127437	0.7274855315766633	([156, 65], [156, 65, 39])
1	0.7121450861583623	0.727509080088386	([664, 264], [664, 654, 254])
1	0.7272074997596832	0.7276197891938346	([252, 26], [262, 252, 26])
1	0.7195548139383888	0.7276448452895924	([553, 462], [553, 545, 462])
1	0.6939962065039685	0.7276503126075569	([600, 266], [596, 564, 41])
1	0.6851962207087022	0.7276713423226613	([621, 255], [621, 612, 255])
1	0.7240004541802938	0.7277286106827455	([659, 583], [659, 616, 583])
1	0.7271704845878075	0.7278522540208406	([480, 397], [480, 445, 440])
1	0.7157869817551996	0.7279032622880083	([606, 271], [606, 271, 246])
1	0.7135793845999875	0.728021915551869	([617, 464], [617, 492, 474])
1	0.7021797581773377	0.7281889531080278	([575, 525], [575, 566, 549])
1	0.569512107939755	0.7282282615478982	([178, 83], [178, 83, 56])
1	0.6970077281140137	0.7282868477556391	([251, 8], [262, 251, 8])
1	0.6936502147750834	0.7283035369736326	([516, 432], [495, 483, 432])
1	0.7257788073647823	0.7283535617948433	([485, 439], [496, 485, 439])
1	0.7275638835865686	0.7286259912030022	([501, 394], [501, 496, 392])
1	0.7031395721557532	0.7287834975615124	([613, 13], [591, 565, 13])
1	0.7156178140454973	0.7288355987643881	([47, 11], [47, 41, 16])
1	0.7085249582963038	0.7289209940037381	([544, 245], [563, 544, 245])
1	0.7217746650375904	0.7289310459893068	([618, 577], [618, 577, 554])
1	0.7216001390541391	0.7289631515829885	([542, 6], [542, 32, 6])
1	0.7079652239329816	0.7289999539904135	([496, 441], [496, 434, 386])
1	0.6873468989765417	0.7291075446772506	([620, 526], [620, 619, 477])
1	0.7268836749665641	0.7291298164875805	([477, 359], [477, 474, 378])
1	0.7274049721869564	0.7291538564932849	([158, 61], [158, 135, 61])
1	0.7246127349289546	0.7292216995947279	([555, 468], [555, 539, 468])
1	0.7103110396079821	0.7292316723695413	([247, 29], [256, 247, 29])
1	0.7232631782082244	0.7292316723695413	([261, 11], [261, 256, 29])
1	0.6870834255445152	0.7293097761210108	([610, 0], [588, 528, 0])
1	0.6944441138753553	0.7293318443545389	([462, 400], [462, 452, 400])
1	0.7041329581789539	0.7294712327470265	([612, 284], [612, 552, 284])
1	0.6876381796972774	0.7295812626680578	([665, 189], [666, 665, 191])
1	0.7200732769527907	0.7296994395060026	([249, 10], [343, 326, 250])
1	0.7176651298591724	0.7299376589111601	([515, 387], [500, 432, 387])
1	0.7214092104611153	0.7299441684571595	([358, 232], [378, 358, 232])
1	0.7232965785407132	0.7303232052158131	([649, 537], [664, 653, 537])
1	0.6881824374389329	0.7304061813638982	([272, 0], [253, 250, 31])
1	0.7228064524768975	0.7305643130469329	([665, 606], [665, 663, 611])
1	0.7126334784415093	0.730603563281982	([657, 541], [657, 645, 541])
1	0.7265547100612403	0.7306638484796358	([478, 313], [478, 358, 320])
1	0.7159517349460502	0.731012415790224	([98, 36], [98, 77, 36])
1	0.7276287952554794	0.7310330546462971	([449, 328], [481, 470, 328])
1	0.6973177640081455	0.7312508239452222	([559, 478], [600, 555, 468])
1	0.7245286299907813	0.7312508239452222	([567, 468], [600, 567, 468])
1	0.7115756815123059	0.7313182410927082	([471, 398], [480, 469, 398])
1	0.7095590520433188	0.7313182410927082	([519, 398], [493, 480, 398])
1	0.7259744128582151	0.7313735768357618	([584, 28], [584, 577, 11])
1	0.7169052696297994	0.7314140085245081	([132, 34], [156, 132, 34])
1	0.7271572888844838	0.7314140085245081	([549, 156], [549, 156, 34])
1	0.7111282452540099	0.7315349977008034	([637, 567], [637, 624, 598])
1	0.7225686526558807	0.7316957587460803	([658, 239], [658, 265, 239])
1	0.6663565379801717	0.7317599304324457	([548, 465], [530, 520, 465])
1	0.7301880651813633	0.7318669976879836	([520, 212], [520, 471, 445])
1	0.6820238832029379	0.7318998843758362	([544, 284], [545, 544, 284])
1	0.7096227414591254	0.7319224375991872	([314, 214], [314, 311, 232])
1	0.7149954952357314	0.7319224375991872	([378, 229], [358, 311, 232])
1	0.7037077092187821	0.7320398716928167	([286, 210], [286, 244, 210])
1	0.731728692707977	0.7321469798638613	([319, 211], [344, 321, 319])
1	0.730637086463563	0.7321619991061886	([665, 43], [665, 43, 1])
1	0.7284577050896331	0.7322327839175032	([506, 442], [506, 492, 442])
1	0.7249380906979105	0.7323841616975928	([492, 384], [492, 442, 397])
1	0.7277571118872295	0.7323841616975928	([517, 397], [517, 492, 397])
1	0.6818813217210566	0.7324609709137354	([288, 31], [281, 265, 34])
1	0.6734807025366707	0.7324931956219658	([275, 174], [275, 200, 196])
1	0.6872624165034171	0.7326065979739558	([549, 3], [544, 532, 3])
1	0.7247604769037617	0.7326268832023843	([343, 207], [343, 231, 226])
1	0.7095255151728423	0.7326268832023843	([344, 211], [344, 343, 226])
1	0.7300288678425453	0.732662381817286	([66, 7], [66, 60, 0])
1	0.7078295731742633	0.7326877867147625	([527, 263], [552, 548, 244])
1	0.6736994346660877	0.7328433638289058	([657, 596], [639, 625, 596])
1	0.7216333893693806	0.7328707530139468	([583, 264], [572, 549, 547])
1	0.7053804505835233	0.7328877775943031	([536, 11], [541, 536, 11])
1	0.6965007165990883	0.73289936477959	([624, 492], [617, 542, 6])
1	0.732248229109926	0.7329625341188485	([157, 85], [155, 108, 85])
1	0.6962561220389563	0.7330195816927185	([589, 14], [589, 565, 14])
1	0.7160173393212705	0.733024595237269	([546, 288], [614, 553, 288])
1	0.7257705447049408	0.7330794007490444	([593, 529], [593, 564, 541])
1	0.7069102015746347	0.7332066897230922	([558, 17], [558, 39, 21])
1	0.7254585213971495	0.7333472379194304	([555, 282], [608, 555, 547])
1	0.7073148123706511	0.7334154283177682	([347, 248], [347, 343, 248])
1	0.723410237134526	0.7334696912802946	([378, 285], [378, 327, 323])
1	0.7175670654930357	0.7336695224210554	([552, 7], [606, 552, 13])
1	0.6894678490940591	0.7337436452972705	([464, 14], [617, 541, 529])
1	0.6010393950202485	0.7338960391821027	([181, 48], [146, 106, 48])
1	0.7186334374084855	0.7339140903891368	([492, 346], [492, 399, 384])
1	0.7191667617533658	0.7339480459172908	([647, 190], [664, 661, 189])
1	0.7119520825158107	0.7339576948486989	([127, 28], [129, 127, 28])
1	0.7033061118952354	0.7339758519751729	([531, 343], [501, 478, 386])
1	0.6760681063925524	0.7340096791845268	([628, 174], [654, 628, 624])
1	0.7099022596576055	0.7340625252993006	([665, 590], [665, 607, 606])
1	0.7246610574949806	0.7341397924855362	([578, 17], [594, 578, 21])
1	0.7165550338384945	0.7342719677988485	([156, 35], [156, 155, 39])
1	0.7017202477911391	0.7342719677988485	([560, 155], [545, 155, 39])
1	0.7067866061536532	0.7343289528521235	([343, 10], [536, 527, 10])
1	0.732048870906104	0.7344578785177152	([92, 26], [92, 59, 44])
1	0.7265774102013541	0.7347045146228252	([488, 391], [497, 488, 403])
1	0.733931368719939	0.7347117503955718	([518, 289], [518, 492, 289])
1	0.6953959722330145	0.7348707676793985	([336, 268], [336, 288, 278])
1	0.7225918631641571	0.7348809226381539	([534, 348], [545, 348, 284])
1	0.7175781076184673	0.7348949877419745	([591, 264], [591, 572, 551])
1	0.7301475598791831	0.7349304146850545	([547, 33], [547, 268, 33])
1	0.7279761689574406	0.734975642355464	([160, 33], [160, 136, 23])
1	0.6931776102930274	0.7349783868715798	([475, 379], [478, 475, 379])
1	0.7046846977024931	0.734979422337977	([579, 518], [579, 535, 518])
1	0.7267223801729162	0.7350162311175239	([383, 316], [383, 374, 316])
1	0.7197429848597645	0.7350264240525923	([445, 12], [529, 445, 12])
1	0.7263063178800837	0.7351809001182645	([494, 431], [494, 483, 432])
1	0.7063593488153064	0.7352444764375482	([664, 559], [664, 601, 559])
1	0.7185900718486908	0.7352603873212289	([625, 480], [625, 620, 471])
1	0.7145277588765548	0.7353394394141666	([321, 197], [324, 321, 207])
1	0.7181450021293363	0.7353951446210704	([209, 157], [209, 193, 164])
1	0.5697173882270526	0.735572308515721	([298, 184], [298, 241, 236])
1	0.6625786454205707	0.73562946741637	([245, 32], [536, 518, 343])
1	0.7158928834912996	0.7356610903331605	([543, 279], [548, 543, 279])
1	0.697464433675666	0.7358741217178218	([323, 223], [323, 311, 229])
1	0.7185657342243088	0.7359712722632955	([476, 344], [476, 468, 343])
1	0.7281437358714349	0.7359796319773146	([233, 42], [233, 232, 42])
1	0.6555539317236534	0.7363569825450451	([352, 183], [352, 333, 321])
1	0.7356021394075922	0.736503426245563	([566, 339], [566, 379, 344])
1	0.7285993967672644	0.7366494481130064	([541, 260], [541, 540, 260])
1	0.7152698966336047	0.7368072067500122	([655, 0], [663, 655, 0])
1	0.7263178855855605	0.7368348609359507	([346, 258], [346, 271, 251])
1	0.7320054422756067	0.7368799929847442	([656, 20], [656, 608, 20])
1	0.7350882811519974	0.7369146093564979	([432, 317], [432, 394, 317])
1	0.6893694641221149	0.7369309267683798	([623, 264], [623, 264, 253])
1	0.706696487099705	0.7369526970305613	([471, 346], [471, 399, 398])
1	0.6945864836250879	0.7371527684448546	([475, 330], [478, 475, 340])
1	0.7282520098880597	0.7371821894663737	([638, 12], [653, 611, 598])
1	0.7108411860340971	0.737211848270872	([292, 201], [292, 241, 237])
1	0.7156444965093274	0.7372377999375608	([379, 215], [379, 313, 215])
1	0.7238384787120762	0.7372481952346259	([665, 279], [665, 615, 279])
1	0.7325890803920074	0.7373098528180592	([523, 287], [523, 342, 340])
1	0.7105555471255242	0.7373098528180592	([523, 342], [523, 475, 340])
1	0.7081583845672385	0.7374904657658028	([267, 38], [267, 244, 41])
1	0.7320655260691178	0.7374909267337821	([526, 268], [547, 529, 268])
1	0.7262970958105868	0.7375272819557583	([662, 246], [662, 601, 567])
1	0.7099707759949148	0.7375272819557583	([662, 567], [662, 619, 601])
1	0.7121861560382109	0.737567278598739	([561, 469], [561, 539, 529])
1	0.7281773022056832	0.7375733863806089	([662, 14], [662, 659, 1])
1	0.7123334126351417	0.7375782923432674	([540, 26], [613, 540, 26])
1	0.7224163916845348	0.737600168384298	([477, 207], [477, 471, 213])
1	0.7024834447171254	0.7376158722749372	([300, 202], [314, 300, 219])
1	0.6842427678276994	0.7378110999175073	([594, 21], [594, 591, 21])
1	0.7331349980248533	0.7378353121468351	([471, 280], [471, 288, 280])
1	0.7112632321708461	0.7378353121468351	([473, 212], [471, 346, 288])
1	0.7241075248725632	0.7379441196643076	([288, 12], [288, 26, 12])
1	0.7274652905988245	0.7380120975492143	([481, 328], [481, 465, 338])
1	0.7034267873502702	0.7380404503970682	([558, 476], [558, 531, 471])
1	0.7185028445431614	0.7380404503970682	([562, 471], [562, 558, 471])
1	0.7220639504735781	0.7381016701940535	([542, 459], [562, 542, 459])
1	0.6976022902110548	0.7381057801016762	([232, 47], [248, 247, 42])
1	0.7083845946633908	0.7382514573053163	([585, 248], [585, 547, 248])
1	0.6916595339087738	0.7382842223292488	([318, 41], [323, 288, 41])
1	0.6398842988276887	0.7383116553072291	([666, 187], [665, 190, 188])
1	0.6752774492478135	0.7383848602896709	([460, 41], [545, 462, 459])
1	0.7374721707534077	0.7383972832834502	([574, 523], [574, 539, 523])
1	0.7191917251546447	0.7384049303625997	([576, 10], [576, 565, 10])
1	0.7252251209986896	0.7384847881527856	([458, 256], [548, 465, 256])
1	0.6619688743318449	0.7385589449634512	([465, 345], [468, 465, 345])
1	0.6978468531814943	0.7387165776261398	([529, 17], [578, 557, 537])
1	0.701884012396776	0.7387323098644563	([624, 465], [624, 492, 465])
1	0.710561746107432	0.7387337556668898	([662, 548], [662, 548, 2])
1	0.7374211250592154	0.7389499879705613	([623, 15], [623, 62, 15])
1	0.7048793836783841	0.7391980270622346	([244, 156], [244, 156, 35])
1	0.7133598850673061	0.7392257081318578	([324, 257], [324, 257, 228])
1	0.7199606021705987	0.7393104430288522	([359, 239], [359, 312, 287])
1	0.732096512193577	0.739465923100524	([358, 255], [358, 255, 232])
1	0.7218683196232836	0.7395016284563763	([287, 14], [287, 34, 16])
1	0.7291918194100345	0.7396687923265579	([657, 519], [657, 541, 526])
1	0.7148461202469854	0.7397522864892448	([613, 345], [613, 606, 345])
1	0.725973280522971	0.7399291988381831	([464, 260], [617, 464, 260])
1	0.7379902170011646	0.7399621921130907	([214, 156], [214, 197, 162])
1	0.7212361736474223	0.7399718376544929	([455, 347], [460, 407, 379])
1	0.621260408085872	0.7399790476775471	([666, 0], [244, 239, 156])
1	0.73054892180175	0.7402972710317963	([269, 208], [269, 231, 230])
1	0.7394652401982981	0.7404386739075497	([655, 551], [657, 655, 519])
1	0.7287172528447732	0.7404472179506253	([515, 415], [515, 432, 415])
1	0.7364938658935911	0.7404757647866862	([507, 213], [507, 478, 213])
1	0.7174637874138453	0.7405477645962737	([226, 163], [244, 226, 160])
1	0.7339068142264799	0.7405573486513991	([367, 223], [367, 292, 237])
1	0.730796200489837	0.7406694749975962	([505, 375], [505, 489, 479])
1	0.7285002177480525	0.7407071113968297	([207, 149], [207, 196, 149])
1	0.7261931701694588	0.7407195468067269	([296, 193], [299, 296, 193])
1	0.7382730780018356	0.7407945850326186	([485, 380], [492, 485, 380])
1	0.7030612888925126	0.7408089123485754	([126, 26], [126, 50, 8])
1	0.7058821624569731	0.7408809645163688	([602, 341], [602, 347, 259])
1	0.7244125584399462	0.740894176954238	([581, 32], [581, 32, 22])
1	0.7349502739533003	0.7409542162750986	([619, 187], [619, 600, 162])
1	0.7382355781115468	0.7413784383516712	([631, 597], [652, 631, 597])
1	0.7393114421706798	0.7413841155590633	([391, 294], [391, 384, 294])
1	0.7389029747219233	0.7414311010027809	([94, 33], [94, 43, 42])
1	0.7357475824342233	0.7415250845859005	([603, 457], [603, 569, 466])
1	0.7162078237541776	0.7415250845859005	([569, 466], [603, 601, 466])
1	0.7265379045206695	0.7415616349289186	([518, 317], [518, 478, 386])
1	0.7327412842756341	0.7416555754917665	([554, 238], [554, 267, 238])
1	0.7113564737338871	0.7416555754917665	([625, 238], [625, 267, 238])
1	0.7127324252026725	0.7416924393284786	([307, 203], [307, 241, 220])
1	0.7412092147482128	0.7417449563756884	([337, 261], [337, 288, 261])
1	0.7315517263354697	0.7418196123483316	([533, 30], [542, 533, 251])
1	0.6730411700406754	0.7418585961572999	([328, 252], [336, 328, 252])
1	0.7193267931174205	0.7419052546797765	([282, 156], [282, 244, 229])
1	0.722814635613078	0.7419368174026781	([652, 242], [652, 647, 242])
1	0.7184039821104671	0.7419659313159662	([613, 524], [613, 580, 570])
1	0.5467221427789891	0.7419883446658717	([607, 176], [607, 283, 246])
1	0.7093255534990363	0.7419883446658717	([613, 283], [607, 603, 283])
1	0.7404151431254025	0.7420167902045753	([172, 70], [172, 145, 70])
1	0.7352425172685952	0.7420602647917623	([515, 316], [502, 316, 276])
1	0.7282704965859056	0.7420986350173459	([611, 27], [611, 560, 0])
1	0.4857836724767558	0.7423000549808815	([177, 173], [186, 177, 173])
1	0.4765161167701189	0.7423000549808815	([186, 184], [186, 184, 173])
1	0.7230387867575029	0.7424265768451936	([392, 318], [497, 392, 390])
1	0.7156863741225177	0.7424935520336784	([568, 39], [568, 558, 530])
1	0.7335705900022745	0.7426242597857126	([582, 328], [582, 343, 319])
1	0.7279636900194908	0.74265180999893	([502, 276], [502, 497, 242])
1	0.7384192008029503	0.7428393677005675	([525, 246], [601, 525, 522])
1	0.737786087520055	0.7430782465531685	([522, 312], [531, 522, 271])
1	0.7309941501244395	0.7430827779336644	([612, 479], [612, 547, 474])
1	0.7304371573032309	0.7430882164690724	([489, 375], [489, 437, 426])
1	0.7309542029651539	0.7433569025085685	([481, 164], [521, 481, 160])
1	0.7293789401169777	0.7433607958929961	([622, 348], [622, 606, 348])
1	0.7327471066267768	0.7433790624560811	([479, 419], [479, 462, 445])
1	0.7361078945106496	0.7433858314140516	([527, 324], [527, 468, 326])
1	0.7271063483750959	0.74340170753941	([462, 327], [462, 448, 329])
1	0.7380673783317813	0.7434113095954775	([531, 320], [531, 478, 343])
1	0.7341955383808991	0.7435293212202754	([607, 37], [665, 607, 43])
1	0.7220045078891159	0.7435376856049132	([497, 242], [502, 360, 316])
1	0.7276446698336908	0.7435384687512107	([473, 7], [561, 474, 461])
1	0.7315870833691969	0.7435402565173691	([377, 310], [377, 357, 322])
1	0.7353032732451875	0.7435567284394841	([289, 42], [289, 270, 42])
1	0.7363405621846054	0.7435828463607662	([584, 211], [584, 249, 211])
1	0.7061400456436121	0.743585192709874	([644, 565], [644, 600, 556])
1	0.7251952076433321	0.7435885103083893	([474, 378], [477, 471, 359])
1	0.7177104628702822	0.7436098777595135	([276, 36], [229, 215, 36])
1	0.7269585200608983	0.7436513548782856	([474, 334], [474, 378, 323])
1	0.740992360625041	0.7437010404566663	([533, 443], [533, 466, 445])
1	0.7305600246196265	0.7438355118903993	([273, 9], [277, 36, 32])
1	0.7321691219745292	0.743847571881963	([551, 28], [551, 28, 1])
1	0.7407130891882759	0.7439147587747582	([601, 226], [664, 601, 226])
1	0.7415809983625711	0.7439892254124656	([661, 28], [661, 612, 23])
1	0.732812972243211	0.7439992418028027	([347, 240], [347, 248, 240])
1	0.7068117845069198	0.744149711427804	([518, 209], [518, 289, 228])
1	0.7426622075258312	0.744149711427804	([481, 228], [518, 481, 228])
1	0.7304994183999631	0.7441748324445361	([450, 336], [455, 450, 336])
1	0.7296461162954665	0.7442905323912571	([340, 216], [340, 287, 246])
1	0.7264111172106998	0.7442905323912571	([473, 253], [475, 340, 246])
1	0.7296002518667731	0.7443458742027358	([609, 44], [609, 250, 44])
1	0.7313628694735793	0.7443692476621665	([549, 337], [551, 549, 338])
1	0.7282993126254851	0.7444189015156621	([519, 322], [534, 519, 345])
1	0.7384625683439662	0.7444390883058339	([335, 262], [335, 323, 258])
1	0.7421760658849649	0.7444933852679038	([513, 376], [513, 511, 376])
1	0.7419032442866466	0.7445282974213329	([438, 201], [438, 402, 387])
1	0.7404041380248501	0.744572281719492	([371, 301], [371, 355, 303])
1	0.7303029323174337	0.7446862134821669	([566, 379], [566, 525, 524])
1	0.7167452412620564	0.7447051618874289	([189, 55], [189, 170, 55])
1	0.7259644127434515	0.7447289963249693	([663, 162], [267, 265, 162])
1	0.6254825095548734	0.7447860694442853	([333, 183], [352, 317, 189])
1	0.7388931249083	0.7448324806264753	([359, 200], [375, 359, 200])
1	0.7370286873263903	0.7448324806264753	([392, 200], [392, 375, 200])
1	0.5664847224571914	0.7449209817825303	([538, 184], [587, 538, 534])
1	0.7367588019318283	0.7449985193318808	([423, 318], [434, 423, 318])
1	0.7125506267996561	0.7450188552460821	([531, 285], [555, 522, 41])
1	0.7437206763895199	0.7450583778834708	([324, 162], [327, 324, 162])
1	0.7335213090955534	0.7450836708008628	([445, 232], [445, 441, 213])
1	0.7328769654924581	0.7450836708008628	([441, 213], [471, 445, 213])
1	0.7381816560731768	0.7451201971469734	([570, 267], [570, 558, 553])
1	0.726628744274004	0.7451727034209223	([593, 20], [593, 565, 20])
1	0.728635437720677	0.7451751716570384	([254, 19], [254, 33, 0])
1	0.7391449890718996	0.7452595432446079	([461, 335], [476, 451, 335])
1	0.7263019824813935	0.7452595432446079	([480, 335], [480, 476, 335])
1	0.7317294750354224	0.7453343265920589	([407, 321], [407, 357, 354])
1	0.728574877651223	0.7453369097173861	([281, 11], [281, 41, 13])
1	0.7431218328482991	0.7453827150739345	([622, 155], [622, 257, 155])
1	0.5401709640427439	0.74554793584416	([236, 184], [236, 187, 186])
1	0.7159096249692541	0.745681051595028	([648, 515], [588, 564, 515])
1	0.715989105766534	0.7456827376595799	([524, 255], [535, 524, 257])
1	0.7315840989136119	0.7456827376595799	([537, 257], [537, 535, 257])
1	0.74021696452708	0.7456888747017919	([478, 1], [478, 465, 1])
1	0.7297790423837822	0.7456888747017919	([465, 22], [551, 465, 1])
1	0.7455204392818082	0.74570045955904	([354, 264], [354, 343, 264])
1	0.7022643776813302	0.745791160292286	([657, 270], [660, 657, 270])
1	0.7113383143135991	0.7459224719159004	([382, 280], [382, 289, 280])
1	0.7251273891558053	0.7459580582458736	([664, 240], [601, 246, 213])
1	0.7418517588367173	0.7460538046950763	([598, 44], [620, 609, 44])
1	0.7098074536590611	0.7461549569047227	([494, 388], [497, 494, 388])
1	0.7066958479711805	0.7462365665452393	([600, 228], [659, 600, 228])
1	0.7259833621276373	0.7462944570118364	([318, 254], [331, 279, 247])
1	0.7161633003286982	0.7463317734354229	([530, 328], [530, 471, 339])
1	0.7330297027381003	0.7463341741703522	([215, 155], [251, 213, 155])
1	0.735205223545625	0.7465949604189089	([503, 170], [503, 241, 189])
1	0.7279196375070127	0.7465949604189089	([491, 189], [503, 491, 189])
1	0.7452657749457486	0.7466798720826642	([254, 234], [254, 251, 234])
1	0.7242164721828216	0.746707394847583	([383, 208], [383, 323, 208])
1	0.733381795850652	0.7467315536718815	([516, 169], [516, 177, 168])
1	0.7227076470115906	0.7467608596930587	([470, 257], [477, 470, 257])
1	0.7273101243627145	0.7468547341592977	([398, 216], [398, 379, 197])
1	0.7460690310485945	0.746901758816847	([123, 38], [123, 71, 48])
1	0.7139609114520513	0.7469171538192901	([416, 332], [477, 378, 332])
1	0.5623421565664509	0.7469955190423399	([334, 179], [334, 316, 294])
1	0.7439469975935661	0.74702021588447	([501, 288], [518, 501, 288])
1	0.729479040937952	0.7470592902680846	([193, 48], [193, 107, 101])
1	0.728196688779688	0.7473366604982209	([370, 305], [375, 317, 297])
1	0.614683552650803	0.7473695422737762	([384, 181], [388, 352, 317])
1	0.7428318303647001	0.7474006181149002	([379, 154], [379, 215, 155])
1	0.7434120483415206	0.747411973737365	([585, 470], [585, 522, 471])
1	0.7449834841898668	0.7474591723706094	([480, 125], [480, 157, 125])
1	0.7236776288716608	0.7474820944040268	([419, 329], [479, 449, 419])
1	0.7422223670320673	0.747488475479984	([269, 136], [269, 244, 160])
1	0.7470013051755643	0.7474941533037458	([562, 116], [562, 116, 33])
1	0.7324484016978006	0.7475167495692759	([254, 156], [254, 156, 31])
1	0.7190715065043908	0.7475533130767589	([481, 211], [481, 228, 211])
1	0.7187095744472909	0.7476196993683287	([441, 331], [449, 441, 339])
1	0.7276627248087463	0.7476551390243134	([363, 218], [363, 327, 231])
1	0.7392051157638062	0.7476678717629407	([661, 570], [661, 598, 579])
1	0.7260755194460861	0.7477319639050887	([478, 269], [548, 478, 465])
1	0.7304936008435026	0.7477681622252753	([466, 348], [520, 466, 445])
1	0.7289737022487276	0.7477931715913315	([323, 50], [323, 50, 40])
1	0.6826591570562761	0.7477931715913315	([344, 40], [344, 323, 40])
1	0.7268582358544866	0.7478241666696419	([342, 206], [342, 324, 228])
1	0.7318198311096986	0.7479970745246243	([283, 164], [283, 270, 164])
1	0.7263783624830995	0.7481582619383851	([376, 201], [376, 375, 220])
1	0.7424922199339774	0.7481582619383851	([437, 220], [437, 375, 220])
1	0.743880602704249	0.7481698772568015	([666, 367], [666, 471, 367])
1	0.7214122907809744	0.7482100941866046	([323, 157], [584, 533, 157])
1	0.7371330740504238	0.7483178463670517	([229, 118], [229, 118, 36])
1	0.7385121486040106	0.7483510949214631	([369, 169], [375, 369, 199])
1	0.7322614101979605	0.7484861875679207	([359, 167], [359, 192, 176])
1	0.7055276155763239	0.7484861875679207	([375, 199], [359, 200, 192])
1	0.7062353066610668	0.748535959690485	([497, 318], [392, 384, 318])
1	0.7258810695098938	0.7486581840365614	([661, 238], [661, 625, 598])
1	0.7178127187389973	0.7486590110822836	([478, 24], [478, 41, 24])
1	0.7384568162346298	0.7486617584900437	([449, 136], [471, 449, 136])
1	0.7210869877148514	0.7487003299159716	([239, 43], [250, 239, 43])
1	0.7390219453817405	0.748765072748776	([263, 47], [271, 263, 47])
1	0.7324798338359372	0.7487659453700382	([560, 280], [560, 280, 32])
1	0.7382029381968875	0.7487780551137359	([651, 269], [655, 651, 269])
1	0.7394305201749976	0.7488034000844218	([604, 214], [604, 214, 33])
1	0.748154339357958	0.7489206278104159	([493, 198], [493, 477, 213])
1	0.6222560795277338	0.7489380814841209	([183, 39], [183, 164, 39])
1	0.7307991777385139	0.7490948996652078	([618, 349], [618, 531, 526])
1	0.7423153898011393	0.7490948996652078	([635, 526], [635, 618, 526])
1	0.7466655311166562	0.7491193661131162	([474, 126], [474, 460, 128])
1	0.7403030267264015	0.7491356516106615	([662, 445], [662, 612, 445])
1	0.7204539139032744	0.7491356516106615	([662, 284], [662, 612, 601])
1	0.7401815892988766	0.7491776428493422	([630, 24], [641, 630, 24])
1	0.718632703839651	0.7492521463999015	([341, 42], [341, 323, 42])
1	0.7143820808084556	0.7493022850818469	([401, 205], [438, 414, 205])
1	0.7142952798302857	0.7493745099600171	([502, 360], [502, 494, 360])
1	0.7473765035588105	0.7493860250429717	([395, 299], [395, 374, 299])
1	0.5215328619712232	0.749444971607912	([182, 155], [182, 169, 155])
1	0.727465149265793	0.7495208213187645	([508, 160], [521, 517, 226])
1	0.7191587055850023	0.7495208213187645	([517, 226], [664, 521, 226])
1	0.7115352842356344	0.7496225141302115	([585, 157], [280, 269, 157])
1	0.7484957510925329	0.7496617284474758	([609, 481], [609, 565, 481])
1	0.7260517891071312	0.7498261604368948	([367, 292], [367, 351, 312])
1	0.7358786732505743	0.749988534385969	([654, 271], [655, 654, 271])
1	0.7251603259436459	0.7500198266954237	([627, 572], [650, 627, 572])
1	0.7461344368148795	0.7500198266954237	([654, 572], [654, 650, 572])
1	0.7382004593406313	0.7500391692877232	([499, 350], [499, 350, 277])
1	0.7234424822510636	0.750143743392306	([519, 210], [520, 519, 210])
1	0.7451059510456634	0.750148749916515	([595, 269], [595, 561, 15])
1	0.7189369892372636	0.7502108836651973	([548, 159], [548, 159, 40])
1	0.7427660359639556	0.7502108836651973	([521, 40], [548, 521, 40])
1	0.7409758342274513	0.7502194584893167	([532, 383], [532, 523, 287])
1	0.5432167378776513	0.750352052757408	([359, 176], [388, 359, 192])
1	0.7454992047721003	0.7503829366203458	([240, 58], [272, 160, 47])
1	0.7332324200778247	0.7503829366203458	([191, 47], [272, 197, 47])
1	0.7470497049045252	0.7503921746928978	([228, 158], [228, 196, 158])
1	0.7269500858204117	0.75043747184198	([569, 480], [614, 590, 480])
1	0.7424028098638232	0.7505074631477678	([530, 163], [530, 521, 226])
1	0.7229684831617332	0.7505347125354314	([512, 165], [512, 190, 181])
1	0.7488053060105684	0.7505570181534614	([508, 196], [520, 508, 212])
1	0.7390334440098625	0.7505943542979979	([214, 33], [608, 260, 214])
1	0.7217911038051465	0.7505943542979979	([525, 214], [608, 525, 214])
1	0.7247363608090358	0.7506095054403166	([662, 157], [590, 584, 157])
1	0.7494745726991003	0.7506149607317434	([457, 341], [457, 441, 331])
1	0.7488871351218331	0.7506820576541793	([596, 507], [596, 523, 507])
1	0.7319274059493459	0.7506820576541793	([596, 340], [596, 530, 523])
1	0.7179848883704016	0.7507036522800042	([499, 277], [496, 277, 242])
1	0.715313007262209	0.7507036522800042	([503, 241], [497, 496, 242])
1	0.7481934533745019	0.7507037717772373	([655, 581], [655, 601, 581])
1	0.5194782817615523	0.7507533442491219	([177, 65], [177, 168, 49])
1	0.7246027302776692	0.7508079638322973	([606, 231], [606, 231, 39])
1	0.7248606228389078	0.7508632930218735	([655, 474], [655, 519, 474])
1	0.7403988020732373	0.7508698620893227	([442, 226], [459, 226, 41])
1	0.7340601716116641	0.7509032309310576	([656, 42], [657, 656, 42])
1	0.7302021572736508	0.7509194421173265	([145, 37], [167, 145, 37])
1	0.6889091774816761	0.7509194421173265	([174, 37], [174, 167, 37])
1	0.7423064768383763	0.7509350045415344	([599, 342], [615, 599, 547])
1	0.7280213456388122	0.7509684526920342	([548, 417], [548, 465, 417])
1	0.7135283262362718	0.7510182631225671	([52, 17], [66, 52, 17])
1	0.7379693858139554	0.7511035561571577	([316, 199], [316, 296, 199])
1	0.7474876858691067	0.751104068470499	([640, 26], [640, 622, 619])
1	0.7297359355346316	0.7511577030005158	([526, 400], [526, 462, 400])
1	0.5831146991350663	0.7511814202935697	([365, 185], [365, 363, 218])
1	0.7205431302400616	0.7511850127123894	([320, 256], [320, 256, 244])
1	0.7145312424057434	0.7513878959681245	([538, 4], [590, 538, 4])
1	0.7476695178229009	0.7513912766834705	([609, 207], [609, 266, 207])
1	0.7501557611971926	0.7513956130532349	([562, 24], [562, 33, 24])
1	0.7386495063785018	0.7514086657748995	([447, 162], [479, 447, 414])
1	0.7294703818340971	0.7514320266963349	([286, 70], [286, 71, 41])
1	0.7344718650035188	0.7514753912819729	([588, 48], [588, 48, 8])
1	0.7480805502584457	0.7514892365275136	([387, 288], [387, 291, 288])
1	0.7485624294156593	0.7516330900457295	([431, 222], [431, 423, 219])
1	0.7481240317498926	0.7516671217873115	([462, 10], [462, 259, 10])
1	0.7446752343784293	0.7517180579922546	([665, 258], [665, 613, 546])
1	0.7398188506258592	0.7517348206422995	([503, 385], [503, 428, 385])
1	0.7403587589561781	0.7517470436470957	([644, 475], [644, 624, 475])
1	0.7107042421088867	0.7517760623832122	([577, 473], [584, 577, 473])
1	0.7472075722337584	0.7517879049310088	([535, 58], [535, 257, 58])
1	0.7495188342157932	0.7518351866776309	([640, 548], [640, 624, 548])
1	0.7257371026832824	0.7518956714090496	([640, 518], [654, 640, 518])
1	0.7396094715235098	0.7519029193864992	([570, 285], [570, 548, 521])
1	0.7248443128024411	0.7519942182361004	([464, 283], [464, 346, 283])
1	0.7334751496724056	0.7520178578759508	([451, 47], [466, 451, 47])
1	0.7442793445093359	0.752199088692075	([476, 156], [479, 476, 159])
1	0.7194370627662299	0.7523614883981082	([615, 342], [619, 615, 342])
1	0.7485405188971258	0.7523942392654658	([160, 3], [160, 23, 17])
1	0.7384652320013441	0.752495133019784	([483, 348], [483, 348, 333])
1	0.7481570655672857	0.7524982371706613	([325, 7], [478, 325, 1])
1	0.7520129599520037	0.7525332321989238	([569, 340], [596, 569, 340])
1	0.7334196196486957	0.7525348888492667	([242, 37], [242, 237, 37])
1	0.7446628536884964	0.7526474791397904	([339, 210], [339, 332, 215])
1	0.7355653406701831	0.7526474791397904	([332, 215], [471, 339, 215])
1	0.739665257756961	0.7528091307254778	([582, 96], [582, 162, 160])
1	0.7317400794034682	0.7528091307254778	([327, 134], [582, 343, 162])
1	0.7352449463977403	0.7528379152629716	([636, 534], [636, 635, 534])
1	0.7523677482737153	0.7528532317659014	([603, 42], [603, 260, 42])
1	0.7398335982860328	0.752874955937071	([656, 261], [662, 656, 261])
1	0.740811583291154	0.75288743192018	([324, 32], [324, 162, 32])
1	0.7324071424016093	0.7529774418868334	([336, 29], [544, 336, 29])
1	0.7461451093282624	0.752980602412233	([123, 25], [658, 600, 25])
1	0.7526308660865697	0.753123005673402	([526, 161], [526, 492, 347])
1	0.7455962266468256	0.7532303187035159	([506, 97], [506, 492, 97])
1	0.7303963810273574	0.7533168505125647	([637, 484], [637, 544, 484])
1	0.700872548696284	0.7534256834445616	([401, 266], [461, 414, 266])
1	0.7455004433982714	0.753544377493707	([268, 128], [268, 128, 41])
1	0.7463232787457308	0.753544377493707	([460, 128], [460, 128, 41])
1	0.7466443406427415	0.7535543770742386	([440, 17], [458, 440, 17])
1	0.741239950539498	0.7536296832470069	([345, 36], [345, 264, 251])
1	0.746273027839272	0.753725117476396	([588, 448], [591, 588, 448])
1	0.7404283832277613	0.753743824844746	([634, 516], [638, 634, 516])
1	0.7331873460541455	0.7537896056567023	([660, 476], [660, 500, 475])
1	0.7454703992559264	0.7538049343350554	([507, 413], [519, 507, 413])
1	0.749284857733693	0.7538049343350554	([536, 413], [536, 519, 413])
1	0.7229203522407347	0.7538313147870661	([280, 5], [566, 280, 248])
1	0.7426137496295651	0.7538492361756606	([498, 308], [510, 498, 308])
1	0.7509768009469087	0.7538928386192403	([516, 197], [518, 516, 197])
1	0.550260023933155	0.7540130298955794	([516, 177], [511, 503, 241])
1	0.7356402153874882	0.7540928789817877	([644, 517], [638, 514, 507])
1	0.7511540029150976	0.7540992219011026	([533, 70], [533, 70, 44])
1	0.7101079147907646	0.7541212619140951	([508, 351], [508, 440, 380])
1	0.7083040366153982	0.7541513003607284	([387, 202], [387, 355, 352])
1	0.7453685733017985	0.7541902782166688	([479, 245], [544, 479, 465])
1	0.7366134767440599	0.7542151772356779	([340, 63], [340, 283, 34])
1	0.7352153002237852	0.7542231565790857	([472, 247], [472, 344, 239])
1	0.7538077660532654	0.7542747444127017	([458, 206], [458, 452, 208])
1	0.6890701183458564	0.7542896173678698	([530, 174], [530, 174, 157])
1	0.738744972835908	0.7543611619898689	([385, 277], [385, 359, 316])
1	0.7469418314241333	0.7544026691619667	([507, 378], [507, 480, 378])
1	0.7357853359169285	0.754507390512177	([241, 46], [241, 229, 36])
1	0.7325253566604508	0.7545074681800434	([660, 27], [660, 658, 27])
1	0.7539896844473276	0.7545609722791013	([628, 499], [638, 628, 517])
1	0.7539058397033522	0.7546745077032205	([517, 42], [544, 517, 484])
1	0.7421497217597359	0.7547276575580971	([254, 210], [331, 322, 210])
1	0.7339611821800144	0.7547842685320796	([641, 520], [641, 640, 523])
1	0.6635530844095079	0.7548480409234175	([666, 332], [666, 599, 342])
1	0.7216060142195281	0.754862769776154	([666, 471], [666, 563, 471])
1	0.7429163398696422	0.7549345799749922	([650, 530], [650, 625, 530])
1	0.7338999924405852	0.7550203215423752	([345, 130], [334, 333, 126])
1	0.7187715197315944	0.7550203215423752	([333, 126], [474, 334, 126])
1	0.634195938426103	0.7550888087127359	([503, 181], [512, 503, 241])
1	0.7511258524050645	0.7551232407996248	([287, 124], [287, 124, 64])
1	0.7462873288857945	0.7552005297753173	([647, 508], [650, 618, 508])
1	0.7468050811270852	0.755263885097025	([435, 216], [435, 432, 199])
1	0.7322403327231115	0.755263885097025	([504, 199], [504, 435, 199])
1	0.7450272370465585	0.7552726347108946	([666, 306], [666, 306, 242])
1	0.735393121213348	0.7552784463146803	([519, 135], [519, 460, 41])
1	0.7171202328227856	0.7552784463146803	([513, 41], [519, 513, 41])
1	0.7493817334261402	0.7553396506608484	([322, 158], [590, 322, 158])
1	0.736630107173341	0.7553622848471384	([423, 219], [471, 422, 398])
1	0.7166521944642816	0.7554463092827819	([469, 248], [477, 469, 248])
1	0.6111858500666868	0.7555294482413686	([308, 185], [308, 237, 202])
1	0.7242106298030653	0.7555476343590659	([462, 214], [462, 382, 380])
1	0.7514644768551	0.7555548983440992	([564, 224], [564, 284, 224])
1	0.7303641600230146	0.7556067318599269	([479, 159], [460, 162, 33])
1	0.6883809371534304	0.7556573375907243	([666, 411], [666, 411, 393])
1	0.7478234923394836	0.7556629939675615	([657, 16], [657, 584, 16])
1	0.7357897207216568	0.7557055780286546	([591, 324], [596, 591, 324])
1	0.7000278940895922	0.7557138921019259	([662, 186], [664, 662, 186])
1	0.7380619096521326	0.7557835907717503	([639, 504], [639, 623, 323])
1	0.7453884237679788	0.7558155296287172	([624, 352], [624, 500, 359])
1	0.7255883809350269	0.7558205783821332	([452, 361], [452, 437, 361])
1	0.7349374657121269	0.7558747808911336	([564, 492], [564, 524, 492])
1	0.7348349730147891	0.755962395267201	([417, 212], [417, 401, 212])
1	0.7484820026656036	0.7559896621946499	([338, 59], [338, 261, 61])
1	0.7293211475487135	0.7560767824458815	([592, 268], [611, 592, 262])
1	0.7490263344514932	0.7560783971559116	([452, 208], [458, 455, 214])
1	0.755062780567289	0.756211343809363	([492, 272], [492, 289, 272])
1	0.6245588509500238	0.7562281669214097	([181, 19], [181, 33, 19])
1	0.7417008351453476	0.7562712421803409	([393, 300], [409, 360, 306])
1	0.7124015320666878	0.7562718229314239	([552, 127], [552, 549, 128])
1	0.7475012289240911	0.7563395673180378	([210, 94], [213, 210, 94])
1	0.744177030608003	0.7563395673180378	([477, 94], [477, 213, 94])
1	0.7313883212264345	0.7564813071233973	([575, 260], [575, 559, 543])
1	0.7520041286216747	0.7565420823580156	([574, 461], [574, 461, 266])
1	0.7491341966151087	0.7565641283878975	([80, 1], [80, 55, 1])
1	0.7451197720487012	0.7566290001710654	([515, 188], [515, 360, 188])
1	0.7304457885114592	0.7568210143731814	([656, 501], [656, 536, 522])
1	0.737167406892829	0.7568932633629304	([479, 61], [480, 479, 61])
1	0.5776067373736309	0.7569049794603555	([177, 84], [177, 84, 49])
1	0.7317988265656034	0.7569447109039645	([238, 45], [237, 229, 36])
1	0.7376484108710062	0.7569731195669631	([524, 381], [524, 518, 381])
1	0.7388823645698799	0.7569781499634043	([587, 164], [587, 164, 41])
1	0.7321928396870656	0.7570649723166385	([114, 12], [132, 114, 12])
1	0.7507201878170611	0.7570780016676176	([514, 205], [514, 488, 484])
1	0.7428604366832137	0.7571127187986129	([615, 378], [615, 378, 287])
1	0.7234035289647376	0.75718804660682	([218, 161], [218, 214, 161])
1	0.7482770331806358	0.75718804660682	([458, 161], [458, 214, 161])
1	0.7347352317096125	0.757323760134956	([649, 554], [649, 554, 535])
1	0.734383026168062	0.7574342324148415	([483, 333], [483, 472, 348])
1	0.7327798333329447	0.7575974229209315	([341, 0], [341, 287, 0])
1	0.7555997506256292	0.7576629639351673	([653, 146], [663, 653, 158])
1	0.7048849220953147	0.7576772397081927	([492, 161], [492, 380, 214])
1	0.7510745128106295	0.7577298672372343	([660, 62], [660, 245, 62])
1	0.7452246229265315	0.757732021871692	([490, 352], [492, 490, 381])
1	0.7075203838711268	0.7577320503822684	([666, 491], [666, 491, 411])
1	0.7393317551347572	0.7577341457172698	([620, 341], [620, 341, 323])
1	0.7542034295507706	0.7577469583291584	([446, 15], [446, 134, 43])
1	0.743822644932316	0.7578671003259149	([644, 539], [644, 539, 522])
1	0.7548983400583343	0.7579296015080449	([650, 248], [650, 288, 248])
1	0.7518514901009453	0.7579670065215878	([337, 129], [337, 129, 20])
1	0.7450413251348501	0.7580473761513237	([510, 219], [510, 431, 411])
1	0.7387441057430453	0.7580538806160765	([457, 16], [537, 457, 16])
1	0.7327294832364946	0.758099508469472	([626, 506], [651, 640, 523])
1	0.7560571429278665	0.7581384856166379	([646, 494], [647, 646, 494])
1	0.6013115892197185	0.7583199369191798	([623, 185], [623, 185, 1])
1	0.7247574029172696	0.7584037642159842	([332, 255], [332, 330, 255])
1	0.7332254001840556	0.7587067879372466	([653, 329], [653, 574, 329])
1	0.7390800852102859	0.7587389950670437	([658, 123], [131, 123, 25])
1	0.7385086576213153	0.758846820308052	([465, 238], [465, 256, 238])
1	0.7222362242965895	0.7589658380726871	([666, 50], [666, 50, 8])
1	0.7432508468435561	0.7591037820366355	([633, 502], [633, 630, 515])
1	0.7394917032265762	0.7591041501598055	([500, 309], [517, 320, 309])
1	0.7541110359146698	0.7591041501598055	([511, 320], [517, 511, 320])
1	0.7539023170065869	0.7591440932633285	([339, 160], [358, 339, 160])
1	0.745951745486977	0.759175669257503	([619, 46], [619, 270, 46])
1	0.7511349288278175	0.7592944954724664	([635, 510], [635, 510, 492])
1	0.7559432873451045	0.7593498285736459	([567, 65], [611, 610, 65])
1	0.7483870818040718	0.7593694650009182	([542, 241], [542, 251, 239])
1	0.7218146656943605	0.759531735786159	([163, 18], [163, 126, 26])
1	0.7558510163584821	0.7595770065314931	([209, 9], [246, 209, 9])
1	0.7535815524849433	0.7595870980977559	([598, 461], [598, 529, 476])
1	0.7349715358323152	0.7596095138697413	([581, 449], [581, 458, 3])
1	0.7289366129829727	0.7597394059190625	([458, 3], [473, 458, 7])
1	0.7140158843685439	0.7597553543679475	([390, 203], [388, 371, 203])
1	0.7593083197117084	0.7598141412118092	([500, 286], [500, 477, 286])
1	0.5691114805799519	0.7598287509944219	([482, 178], [505, 482, 479])
1	0.7456701889544292	0.7598422156664576	([533, 215], [533, 506, 473])
1	0.7216813574608492	0.7598754850395744	([645, 29], [645, 619, 29])
1	0.7595035367710068	0.7598999215017371	([539, 357], [539, 468, 343])
1	0.7383334888375825	0.759985794611916	([536, 472], [573, 522, 476])
1	0.7582284510378081	0.7600610678703231	([563, 209], [563, 560, 209])
1	0.7562877158019214	0.7600788842213916	([271, 97], [271, 97, 41])
1	0.7392704037599045	0.7602247616267634	([219, 136], [423, 399, 136])
1	0.7280514795970424	0.7603614274473154	([605, 328], [605, 328, 261])
1	0.7500294716520045	0.7604057316767847	([228, 59], [228, 216, 44])
1	0.7446274785559385	0.7604057316767847	([216, 44], [250, 228, 44])
1	0.7375760172086077	0.760422953838707	([112, 7], [124, 112, 7])
1	0.7112318004700421	0.7605374723646005	([637, 164], [638, 637, 157])
1	0.7562301984886257	0.7605419746225355	([370, 212], [379, 370, 212])
1	0.7393892035467671	0.7606962114290907	([205, 71], [286, 210, 205])
1	0.7375108004551375	0.7607031842336359	([523, 113], [523, 519, 113])
1	0.7534017237617523	0.7609200178086432	([264, 66], [264, 68, 66])
1	0.7533540021290513	0.761071458909051	([625, 159], [625, 599, 159])
1	0.7413124870743061	0.7612928913555361	([599, 159], [625, 548, 159])
1	0.7599811537772517	0.7613294521033046	([430, 297], [430, 388, 297])
1	0.6281881329912654	0.7615017301351297	([303, 181], [303, 194, 193])
1	0.7341811863758617	0.7615163150143877	([115, 11], [122, 115, 11])
1	0.7330392207399102	0.761526159728858	([231, 113], [231, 113, 39])
1	0.7404098495258441	0.7616872478611021	([446, 134], [446, 271, 260])
1	0.7464867850942795	0.7616881414867112	([654, 358], [654, 358, 272])
1	0.7616296219133337	0.7616982735455535	([491, 356], [507, 491, 356])
1	0.7609261987655456	0.761757549467555	([510, 167], [511, 510, 167])
1	0.7532380542040706	0.7618179371462124	([539, 269], [539, 535, 269])
1	0.7562114380681332	0.7618684517908182	([542, 358], [542, 519, 358])
1	0.7476915156230017	0.7618927458218034	([645, 253], [645, 623, 618])
1	0.7394315296849691	0.761952509790446	([589, 274], [589, 458, 284])
1	0.7605810744274961	0.7620446516842821	([342, 253], [342, 339, 253])
1	0.7347274002471005	0.7621222374821067	([619, 383], [656, 501, 383])
1	0.7468055062766797	0.762179149962567	([368, 240], [368, 357, 240])
1	0.7575308794359225	0.7624285154459284	([451, 6], [464, 451, 6])
1	0.7396195486434449	0.7624319780228721	([624, 149], [624, 149, 41])
1	0.7587079498709496	0.7624536150152227	([386, 235], [386, 299, 241])
1	0.7296401366099255	0.7624596469558869	([506, 231], [520, 506, 240])
1	0.7381259885944428	0.7625206941330636	([351, 193], [367, 351, 193])
1	0.7613000920854807	0.7625348477792759	([587, 487], [587, 534, 518])
1	0.7608176636518841	0.7625465416175722	([554, 325], [557, 554, 325])
1	0.7326939924688962	0.762582855911688	([507, 243], [480, 312, 243])
1	0.761322376339052	0.7625971334004016	([621, 331], [621, 550, 331])
1	0.7626687742594574	0.7627016046533144	([208, 135], [208, 135, 41])
1	0.7523399321075619	0.7627016046533144	([208, 12], [208, 190, 41])
1	0.7551046353429722	0.7627513794897656	([195, 17], [195, 164, 38])
1	0.7574911746149009	0.7628157423495862	([469, 217], [469, 246, 209])
1	0.7550855854439531	0.7628181498360087	([426, 207], [448, 426, 207])
1	0.7453711896233163	0.7628842231749007	([116, 33], [162, 116, 111])
1	0.7019085041373574	0.7629295239290734	([666, 155], [666, 187, 172])
1	0.752580899205031	0.7629766146775627	([457, 164], [500, 457, 401])
1	0.7433100559613743	0.7630096774735511	([642, 512], [643, 632, 489])
1	0.7341710371164878	0.763049319056034	([207, 67], [207, 160, 67])
1	0.7602376671232011	0.7631534800481253	([619, 71], [619, 162, 71])
1	0.7533336337527599	0.7632708075063135	([635, 150], [635, 625, 160])
1	0.7629982882590888	0.7632753793925676	([627, 47], [627, 591, 564])
1	0.756669170256038	0.7633624693619315	([258, 132], [258, 212, 207])
1	0.7587738343692405	0.7633985254311245	([595, 415], [595, 475, 415])
1	0.7559271965829089	0.7634463659429838	([118, 18], [118, 65, 18])
1	0.7628555514761902	0.7634589817323054	([611, 333], [611, 554, 333])
1	0.7489613985097578	0.7634740602849662	([488, 205], [488, 484, 205])
1	0.7295294872880912	0.7634990229731615	([553, 27], [621, 553, 27])
1	0.7499932582295801	0.7636007921299163	([600, 54], [600, 54, 45])
1	0.7532902906707734	0.7636175907442557	([493, 163], [493, 343, 162])
1	0.7276683095386478	0.7636972608671992	([511, 52], [511, 167, 52])
1	0.7535565407871285	0.7637010640876649	([400, 13], [528, 400, 399])
1	0.6100491628263638	0.7638561778912139	([183, 71], [183, 164, 71])
1	0.7605103782489089	0.7639265742416641	([631, 170], [641, 631, 170])
1	0.7399292145670509	0.7640662216038441	([595, 289], [595, 545, 289])
1	0.7578680021730995	0.7640971169219128	([592, 188], [651, 592, 189])
1	0.7454418527840387	0.7641174292550308	([658, 431], [658, 431, 350])
1	0.7436451034494271	0.7641500284434081	([278, 72], [278, 237, 45])
1	0.7437276195798604	0.7642064798622215	([596, 123], [600, 596, 123])
1	0.7585373882559898	0.7642673584894402	([626, 273], [626, 618, 273])
1	0.525629801087167	0.7642940865866397	([505, 176], [505, 192, 176])
1	0.7619229698979156	0.7643117580802901	([509, 124], [509, 502, 142])
1	0.760177814573601	0.7643566754008843	([591, 222], [591, 251, 213])
1	0.73604216125975	0.764565676316689	([167, 9], [167, 46, 9])
1	0.7446930506251518	0.7645976144342513	([381, 38], [381, 348, 41])
1	0.7537650007102349	0.7648655167099795	([607, 218], [607, 601, 218])
1	0.6641715649224829	0.7649567575388064	([416, 174], [416, 332, 317])
1	0.7652666807392855	0.7652747226619174	([591, 125], [591, 164, 125])
1	0.7396297098848035	0.7653321819805872	([348, 95], [348, 229, 118])
1	0.749536319767419	0.7653321819805872	([330, 118], [348, 330, 118])
1	0.7588312150409582	0.7655249394638018	([342, 134], [379, 342, 155])
1	0.7460471117156228	0.7655733480556206	([123, 5], [123, 40, 25])
1	0.7652631586341162	0.7657847992488336	([643, 30], [643, 642, 30])
1	0.7593281453218185	0.765789773127784	([294, 69], [294, 204, 75])
1	0.7237086616411283	0.7658475528379545	([611, 318], [614, 611, 318])
1	0.7517585707405033	0.7659225620109654	([304, 255], [304, 283, 255])
1	0.7596719309500695	0.7659502342465635	([294, 148], [320, 294, 148])
1	0.7643258182347671	0.765951336088321	([349, 163], [349, 333, 41])
1	0.7637516342104573	0.7659612085529228	([212, 8], [262, 212, 211])
1	0.7605961978902779	0.7659828074631168	([465, 158], [465, 158, 35])
1	0.7612789663688521	0.7660109164045111	([559, 121], [599, 559, 121])
1	0.6665277988160373	0.7660658636885644	([654, 174], [628, 513, 189])
1	0.758666312004906	0.766298032130469	([576, 156], [576, 263, 156])
1	0.7300246128078361	0.76631825088012	([565, 154], [565, 154, 43])
1	0.7324891626215269	0.7663370308086493	([543, 452], [543, 477, 452])
1	0.7611578078430986	0.7664177607889162	([569, 50], [569, 255, 50])
1	0.7643105573705598	0.7665485183938628	([483, 206], [483, 455, 214])
1	0.7590366669807075	0.7665526858261699	([204, 150], [204, 197, 150])
1	0.7456757470875887	0.766676000056745	([344, 131], [344, 131, 12])
1	0.741951424980798	0.7666949238872381	([562, 438], [562, 459, 448])
1	0.7599656513596592	0.766757869370614	([656, 277], [656, 631, 277])
1	0.7487566550516227	0.7668291000127367	([622, 461], [626, 622, 506])
1	0.7602632165532595	0.7669266915876599	([640, 156], [656, 640, 156])
1	0.7528301014559481	0.767070876113035	([204, 75], [204, 193, 75])
1	0.7647813161586082	0.7670759352057974	([382, 128], [382, 336, 314])
1	0.7460290392511995	0.7672932411868469	([470, 38], [470, 340, 30])
1	0.7635194924671036	0.7673477496388273	([319, 43], [319, 279, 41])
1	0.7597358070304859	0.767479531160115	([390, 8], [390, 381, 8])
1	0.6932023657309816	0.7675364590924886	([376, 174], [376, 317, 302])
1	0.749121100871911	0.7675680716396499	([581, 311], [581, 311, 226])
1	0.7479008352542377	0.767918529969901	([334, 5], [334, 126, 41])
1	0.7638048480165808	0.7680186393686533	([485, 208], [485, 452, 426])
1	0.7593112236049443	0.7680554278190452	([469, 127], [469, 459, 127])
1	0.7490755649026287	0.768064943991303	([386, 140], [388, 192, 140])
1	0.7504112309801104	0.7681223306887749	([490, 294], [491, 490, 294])
1	0.7600182792446032	0.7682447047685004	([503, 137], [503, 170, 168])
1	0.76359589308828	0.768275504995008	([209, 110], [209, 128, 110])
1	0.7284081185064112	0.7682815626840185	([276, 56], [276, 189, 56])
1	0.716607790751192	0.7684225947131562	([656, 457], [656, 619, 457])
1	0.7490475729167878	0.7685342197993307	([571, 505], [571, 505, 478])
1	0.5950155884982437	0.7686138075514165	([326, 182], [365, 326, 317])
1	0.7614778782841247	0.7686594513374734	([492, 25], [492, 214, 25])
1	0.7664335564237645	0.7690860580338017	([373, 153], [373, 199, 197])
1	0.7656724326991853	0.7692877618689797	([606, 135], [606, 135, 63])
1	0.7544812002419321	0.7694711783692085	([324, 136], [324, 162, 149])
1	0.7674582356276003	0.7694820232577279	([447, 228], [447, 442, 226])
1	0.7648081532532914	0.7696255868378732	([570, 333], [572, 570, 333])
1	0.7661913873595152	0.7697724004505128	([527, 229], [527, 465, 229])
1	0.742297614553675	0.7698273296829437	([343, 124], [476, 343, 124])
1	0.5614108916827585	0.7698490078285402	([368, 179], [375, 316, 199])
1	0.7170387241920102	0.7700800107444331	([491, 11], [538, 506, 4])
1	0.762924930212189	0.7701890243414902	([457, 95], [457, 95, 8])
1	0.749983144964185	0.7702027174701317	([442, 124], [442, 226, 41])
1	0.7558281192137308	0.7705250488150449	([488, 274], [488, 371, 353])
1	0.7620906093552647	0.7706655320230688	([553, 148], [557, 148, 117])
1	0.7607635697895759	0.7707083299666494	([436, 204], [436, 433, 204])
1	0.7525784841864387	0.7708561638281485	([555, 223], [555, 288, 223])
1	0.7702516344797005	0.7710260980779613	([513, 307], [513, 483, 307])
1	0.5780240173607399	0.7710447045173555	([629, 181], [629, 181, 171])
1	0.7539904444443796	0.7710684569121411	([627, 276], [627, 276, 47])
1	0.7601505450644772	0.7711549861999879	([454, 60], [454, 60, 41])
1	0.7591244448867107	0.7711994972954699	([592, 69], [593, 592, 69])
1	0.7667665254779181	0.7713295859458563	([611, 132], [611, 132, 21])
1	0.7606474192487223	0.7714472964283686	([400, 156], [528, 400, 156])
1	0.7666586782953121	0.7715352641038732	([598, 510], [598, 510, 506])
1	0.7582875358225674	0.7716418073054376	([587, 414], [587, 457, 414])
1	0.7473665801027305	0.7717905003554183	([580, 400], [580, 477, 382])
1	0.7682262482821749	0.7718172914380897	([318, 144], [318, 164, 144])
1	0.7571410661325464	0.7718327932653775	([665, 351], [665, 544, 351])
1	0.7622011696807561	0.7720217613322984	([584, 356], [584, 519, 356])
1	0.7531774466857633	0.7720461086203895	([642, 195], [642, 626, 188])
1	0.7335676373090564	0.7722441673649773	([641, 227], [641, 227, 191])
1	0.7621562682424302	0.7722861375848923	([417, 125], [548, 417, 96])
1	0.756972954168141	0.7722997406857093	([532, 85], [532, 85, 70])
1	0.7703646651784996	0.7723209697150917	([206, 1], [239, 206, 1])
1	0.5835794531880059	0.7724757866188925	([509, 179], [509, 190, 179])
1	0.7342443821743345	0.7725871664358795	([609, 114], [282, 256, 114])
1	0.7681277682373904	0.7726189708524707	([452, 59], [450, 338, 325])
1	0.7420440467047653	0.772709220040445	([508, 69], [464, 69, 23])
1	0.7625679745334814	0.7727573688381273	([406, 295], [443, 406, 295])
1	0.7665856207292644	0.77276785658176	([468, 137], [468, 209, 137])
1	0.7684988465890171	0.7729455134872886	([453, 28], [453, 400, 379])
1	0.7667388650814767	0.7729673526456936	([217, 31], [264, 231, 217])
1	0.7280653422404622	0.773125219935069	([666, 133], [666, 133, 27])
1	0.74827721290307	0.7731696050169291	([251, 135], [251, 135, 113])
1	0.7651825115239324	0.7731989725831867	([340, 125], [313, 125, 41])
1	0.5107132230261494	0.7733506357064451	([178, 47], [188, 178, 47])
1	0.7646801944500837	0.7736193479988093	([304, 74], [304, 199, 197])
1	0.7651534080810142	0.7736610556901996	([637, 391], [637, 511, 391])
1	0.7558414849978252	0.7736717504664039	([639, 5], [639, 566, 543])
1	0.7529361452162477	0.7736879954566974	([281, 111], [281, 243, 111])
1	0.7469231638466314	0.7737122097197403	([583, 332], [583, 332, 215])
1	0.7685673072758262	0.7737387044193843	([596, 453], [596, 453, 324])
1	0.7736088641604764	0.7738996893454534	([424, 0], [424, 212, 8])
1	0.7502889714476483	0.7739026106154528	([610, 65], [567, 65, 13])
1	0.7379721020175232	0.7739114422316504	([486, 187], [496, 486, 187])
1	0.75732333394815	0.7739497840279106	([638, 381], [638, 620, 381])
1	0.7274500392524119	0.7740106316089336	([593, 277], [626, 593, 277])
1	0.7732230203295124	0.7740996814859421	([584, 496], [587, 584, 496])
1	0.7686657233415232	0.774108878546605	([363, 11], [506, 363, 231])
1	0.626750965977515	0.7742561164221498	([183, 133], [183, 133, 71])
1	0.7726119245301406	0.7743170829450748	([614, 139], [614, 139, 41])
1	0.7728638115628449	0.7745241443080066	([561, 113], [561, 113, 64])
1	0.7565067777047716	0.7745302468068301	([386, 260], [398, 386, 260])
1	0.7683806339874071	0.7747747560310251	([273, 129], [273, 268, 130])
1	0.7666843676369073	0.7747966973835109	([648, 441], [648, 511, 488])
1	0.7616892917656873	0.7749243045643855	([515, 105], [515, 514, 105])
1	0.7694857299210813	0.7749885413800109	([274, 67], [274, 271, 67])
1	0.7681893834921169	0.7750678505452032	([441, 315], [441, 435, 315])
1	0.7460692464158423	0.7751402047701995	([276, 153], [276, 197, 153])
1	0.7357869041240662	0.7751685814110099	([650, 161], [650, 161, 42])
1	0.7643302300627123	0.7751801351079626	([542, 92], [582, 542, 92])
1	0.7642882662603268	0.7754258210874554	([656, 324], [664, 656, 324])
1	0.755353829410469	0.7755513908714051	([656, 217], [656, 277, 276])
1	0.768374991993267	0.7756268468135393	([644, 231], [644, 506, 487])
1	0.7748013368138994	0.7756410378743833	([593, 400], [593, 526, 523])
1	0.7712704789018903	0.7756996121943831	([216, 20], [258, 216, 5])
1	0.7659929480933342	0.7757313591543119	([631, 405], [631, 495, 405])
1	0.7744744360174092	0.775780643482772	([325, 153], [379, 325, 154])
1	0.7414578235856335	0.7759681958728448	([589, 52], [589, 52, 43])
1	0.7489735489331077	0.7759681958728448	([589, 135], [589, 135, 43])
1	0.7688862491157248	0.7762750277824029	([161, 6], [161, 64, 41])
1	0.7653570593808151	0.7763139102885807	([436, 55], [401, 201, 55])
1	0.7589021260588065	0.7763829028247495	([315, 57], [295, 289, 57])
1	0.7611876642805793	0.7764717205467311	([632, 46], [632, 619, 553])
1	0.772481609703076	0.7765094586466834	([380, 166], [380, 166, 164])
1	0.7742544467637518	0.7765402327584332	([610, 306], [610, 306, 273])
1	0.7673234950000475	0.7765528912480125	([372, 170], [372, 198, 170])
1	0.7698820842861481	0.776700964034889	([591, 402], [591, 495, 492])
1	0.5515561945364587	0.7767860545982688	([316, 179], [316, 190, 188])
1	0.7710204617531687	0.7769958828390826	([424, 100], [442, 424, 100])
1	0.7735364530908164	0.7770392754480892	([522, 119], [522, 119, 62])
1	0.7762362125250415	0.7770489723960458	([367, 171], [367, 171, 165])
1	0.7747299636591968	0.7770976738432306	([309, 89], [394, 387, 89])
1	0.7425599794191294	0.7771164957560168	([630, 194], [630, 238, 209])
1	0.7505722560884124	0.7772283252610199	([233, 18], [272, 233, 18])
1	0.7578246817006619	0.7773574581401876	([629, 220], [629, 513, 41])
1	0.739157115780507	0.7773802364895218	([541, 67], [541, 521, 67])
1	0.7736851374106465	0.7775031401580508	([439, 23], [464, 442, 439])
1	0.7723704162610614	0.7775321500420594	([582, 429], [596, 582, 429])
1	0.7674377516428614	0.7775568830335251	([444, 143], [511, 444, 320])
1	0.7599273215162783	0.7776695552337088	([577, 126], [590, 577, 126])
1	0.7718600680036868	0.7777339519776962	([597, 197], [597, 197, 41])
1	0.7702312739756193	0.7780125086121233	([360, 55], [360, 193, 188])
1	0.7596805689825159	0.778125366747522	([395, 217], [395, 297, 237])
1	0.7477828788556121	0.7781509966344029	([225, 15], [272, 225, 16])
1	0.7604026731329888	0.7781850114152774	([364, 77], [364, 201, 55])
1	0.5545081187355599	0.7782817465027134	([185, 1], [213, 185, 1])
1	0.7581538797674375	0.7783204672360096	([317, 71], [317, 189, 71])
1	0.5488200091325616	0.7784820152763148	([182, 56], [187, 182, 76])
1	0.7522271801236586	0.7787350714111363	([311, 138], [492, 311, 138])
1	0.763667536774474	0.7787945220928287	([636, 58], [636, 534, 58])
1	0.7742863178031617	0.7788231977094887	([322, 99], [382, 322, 99])
1	0.7679901954772602	0.778925145774827	([431, 164], [500, 437, 164])
1	0.7379473386487531	0.7790873778362132	([447, 273], [447, 273, 228])
1	0.7677509335933869	0.7791615988896252	([648, 294], [648, 294, 237])
1	0.753421249143461	0.7791615988896252	([639, 237], [648, 639, 237])
1	0.7620905818299224	0.7791967236876796	([454, 287], [454, 355, 340])
1	0.7788069788690906	0.7794395732833168	([414, 148], [414, 347, 148])
1	0.7733557113416563	0.7794687884496276	([643, 342], [643, 638, 342])
1	0.7549431042698456	0.7795079934532332	([484, 18], [589, 484, 478])
1	0.778409530538804	0.7795478202143613	([398, 91], [519, 398, 113])
1	0.7447910354177983	0.7796149936407631	([493, 110], [537, 493, 449])
1	0.7706962184158068	0.779942425553341	([456, 148], [442, 148, 119])
1	0.7652596307745676	0.779942425553341	([335, 119], [442, 335, 119])
1	0.7634602214410663	0.779942425553341	([450, 119], [450, 442, 119])
1	0.7660485561137371	0.7800635423545532	([632, 206], [632, 625, 238])
1	0.7729881905535537	0.7801802343960018	([390, 104], [390, 192, 188])
1	0.7694510050143273	0.7806435716989392	([630, 172], [630, 195, 194])
1	0.7760404146610492	0.7809229562093328	([517, 264], [517, 264, 226])
1	0.7738918126830948	0.7809531330207954	([377, 12], [445, 431, 12])
1	0.7485007242489413	0.7809778795045939	([587, 102], [587, 120, 102])
1	0.7747590227314726	0.7809778795045939	([530, 120], [587, 530, 120])
1	0.7553354133923769	0.7810731968246047	([416, 34], [416, 401, 63])
1	0.7581578558978762	0.7811506339492624	([658, 490], [658, 490, 431])
1	0.7752537794016392	0.7814042578378638	([420, 31], [443, 420, 41])
1	0.773091568845306	0.7815897803230655	([619, 419], [619, 533, 419])
1	0.77528527755816	0.7816132815950355	([570, 207], [570, 345, 333])
1	0.7815306142450099	0.7820452764179177	([607, 413], [607, 472, 413])
1	0.7776723403492717	0.782046660773241	([574, 119], [574, 119, 62])
1	0.7719732741792323	0.7823535880790315	([223, 127], [555, 223, 127])
1	0.7704107458576637	0.7825623863481662	([608, 99], [608, 243, 111])
1	0.7752840406440688	0.7825656514933798	([647, 103], [647, 103, 41])
1	0.7737718617378505	0.7828612262760546	([290, 49], [290, 142, 49])
1	0.5406931461921634	0.783019052335621	([629, 175], [629, 187, 171])
1	0.5439944566680244	0.783019052335621	([629, 178], [629, 187, 178])
1	0.777351420862549	0.7830261027482773	([405, 269], [405, 381, 269])
1	0.7796742630213022	0.7830366120649641	([447, 68], [449, 447, 68])
1	0.7826823762875609	0.7830998793109833	([634, 36], [634, 533, 44])
1	0.7820806889374836	0.7837136495228944	([427, 236], [442, 427, 236])
1	0.764798647703653	0.7838057129127725	([592, 444], [611, 592, 334])
1	0.7820093298712864	0.7839786737600646	([461, 92], [461, 135, 125])
1	0.7697850370367252	0.7840022284452299	([510, 45], [510, 167, 45])
1	0.7812279905034205	0.7840173127413397	([236, 63], [236, 164, 63])
1	0.5370634620571153	0.7841421725478932	([184, 62], [587, 184, 62])
1	0.7826178380386511	0.7842401598489359	([610, 115], [610, 115, 2])
1	0.7396490474953917	0.7844256757219441	([595, 137], [595, 590, 137])
1	0.7650050172038962	0.7844708871161907	([577, 386], [577, 386, 74])
1	0.5930331921033134	0.7847288732220296	([634, 185], [634, 515, 485])
1	0.7836454442636411	0.7847519080781146	([621, 416], [621, 461, 416])
1	0.7731452734170648	0.7848426840621407	([637, 291], [637, 384, 273])
1	0.7621029632397456	0.7848822653933574	([507, 55], [507, 110, 82])
1	0.7540177444455343	0.7852586531516657	([610, 208], [610, 605, 208])
1	0.7615990739793186	0.7853186602493617	([536, 73], [536, 73, 13])
1	0.7795040354238659	0.7856389613070123	([596, 236], [596, 541, 236])
1	0.7811770935179514	0.7856546011321061	([376, 145], [376, 317, 145])
1	0.6245323759778294	0.7856676030762741	([427, 185], [485, 427, 409])
1	0.7719032266065055	0.7859987336105927	([588, 165], [588, 246, 165])
1	0.7832664641847018	0.786069651635993	([431, 268], [431, 309, 274])
1	0.7594278480290322	0.7861821263773974	([456, 36], [456, 454, 36])
1	0.7781199184751674	0.7863020962309623	([633, 201], [648, 633, 201])
1	0.7762149792534966	0.7864747777129746	([642, 357], [642, 357, 321])
1	0.7614266472856484	0.7866253664559086	([397, 67], [397, 68, 67])
1	0.7316031681993416	0.7867233172117901	([575, 381], [575, 381, 278])
1	0.5412545266877969	0.78672621807543	([337, 180], [337, 313, 271])
1	0.7718973947634026	0.7869104024830947	([249, 82], [249, 82, 58])
1	0.7583418124346177	0.7870339796344988	([628, 130], [628, 624, 345])
1	0.7687134988536833	0.7872929630562672	([629, 360], [659, 629, 360])
1	0.7787284572432853	0.7874196637336166	([441, 71], [492, 441, 71])
1	0.7713733003391493	0.7876213616670865	([458, 81], [497, 437, 76])
1	0.7855353175777561	0.7878515340919424	([421, 48], [421, 306, 41])
1	0.7776540780041725	0.7882239972465183	([303, 51], [303, 193, 51])
1	0.7666382045305439	0.7886681911615429	([571, 293], [571, 311, 293])
1	0.781551358238598	0.788752934648359	([658, 66], [658, 68, 66])
1	0.7854787625725812	0.788752934648359	([658, 86], [658, 86, 68])
1	0.7814824433114649	0.788767932183665	([235, 60], [545, 235, 60])
1	0.601773847772328	0.7888977921508435	([332, 181], [332, 201, 188])
1	0.5811212749385275	0.7894115526275007	([485, 185], [634, 579, 1])
1	0.5505274175610642	0.7895258447111895	([368, 182], [377, 194, 187])
1	0.7864012721745118	0.7898318337646947	([494, 74], [506, 494, 74])
1	0.5222093813403941	0.7899908080311923	([505, 178], [482, 381, 206])
1	0.784166237737465	0.7901742879079893	([634, 406], [634, 515, 372])
1	0.6071099282947787	0.7903619611150222	([181, 33], [181, 48, 33])
1	0.7727157833471595	0.7904823292853318	([280, 68], [280, 68, 58])
1	0.7814553915154102	0.7907471960381484	([494, 40], [524, 494, 284])
1	0.7845832239652097	0.7909042431880564	([602, 438], [602, 461, 438])
1	0.7693770031145283	0.7909554919258242	([224, 97], [224, 97, 49])
1	0.7721871853160382	0.7909776927652671	([504, 73], [504, 335, 199])
1	0.7905173412814979	0.7910109485395609	([394, 50], [394, 163, 155])
1	0.766109669647373	0.7911004225187843	([588, 403], [588, 403, 320])
1	0.7890509870599641	0.7911172937715107	([648, 260], [648, 488, 260])
1	0.785852195629405	0.7914661678019631	([371, 3], [371, 326, 3])
1	0.5363420423204432	0.7916663983627545	([587, 184], [587, 242, 186])
1	0.7894643919714572	0.7917136294667249	([564, 361], [564, 361, 228])
1	0.7921169258018861	0.7923523987454948	([664, 429], [664, 475, 417])
1	0.7860148127724328	0.7926424263210443	([418, 83], [418, 317, 83])
1	0.7781807280710169	0.7927258663812633	([563, 109], [563, 161, 130])
1	0.7782844167753894	0.7932312198969002	([408, 87], [430, 408, 87])
1	0.7864085775672128	0.7932464708466749	([484, 98], [484, 114, 98])
1	0.7927162386679454	0.7932673133935143	([300, 173], [300, 173, 41])
1	0.7858871033752677	0.7941562673848381	([412, 108], [452, 412, 117])
1	0.7771309821038695	0.7944739308877741	([415, 72], [415, 320, 119])
1	0.7944094121842159	0.7945862235838703	([594, 225], [594, 247, 225])
1	0.778641211847974	0.7946831740382729	([560, 375], [560, 375, 368])
1	0.7929642394631415	0.7947580347893015	([429, 137], [429, 200, 146])
1	0.7919337624178638	0.7950911690958016	([401, 112], [401, 288, 122])
1	0.7752778578991104	0.7951586145563261	([636, 109], [636, 109, 70])
1	0.7884982453194621	0.7953868269833203	([411, 106], [411, 376, 106])
1	0.788078023047184	0.7958672378582077	([356, 73], [356, 193, 170])
1	0.5758561427228934	0.7962750950298859	([416, 184], [485, 434, 184])
1	0.7742920964614757	0.7964160891020609	([365, 85], [647, 365, 85])
1	0.7940283581086554	0.7966134564616076	([436, 264], [436, 367, 350])
1	0.7832724630867032	0.7971843787771342	([302, 13], [302, 272, 197])
1	0.7775496332603951	0.7972904098033268	([428, 152], [428, 110, 90])
1	0.5992544450154229	0.7975069054787329	([584, 181], [584, 181, 33])
1	0.7960269473630036	0.7976657749454735	([543, 88], [543, 88, 37])
1	0.7939678815204134	0.7976784957790352	([365, 37], [365, 164, 37])
1	0.6096553396162383	0.7979986195837375	([418, 183], [418, 333, 315])
1	0.7954023586982847	0.798045294096047	([391, 42], [391, 388, 42])
1	0.5979647444719426	0.7987051912851442	([185, 133], [185, 133, 93])
1	0.5515388557213534	0.8002391100213851	([642, 176], [642, 190, 176])
1	0.7855010620276254	0.8004091042122401	([370, 118], [370, 351, 118])
1	0.7771269031308312	0.8008361105582644	([482, 116], [482, 480, 116])
1	0.7908025419225116	0.8015420593451379	([587, 307], [587, 483, 333])
1	0.5742282027931647	0.8029483553297464	([485, 184], [485, 298, 199])
1	0.796288288154225	0.8050216220723356	([655, 82], [655, 82, 69])
1	0.5304633388741297	0.8053950349628933	([180, 90], [180, 166, 90])
1	0.5756188726976187	0.8058551225641052	([179, 158], [191, 179, 158])
1	0.7942869561362139	0.8065632095598501	([569, 373], [569, 373, 359])
1	0.8015707272495171	0.8088202317516151	([646, 101], [646, 507, 57])
1	0.5751750033302238	0.8093439734903565	([263, 184], [587, 263, 184])
1	0.5465517147416034	0.8094831482936219	([423, 179], [423, 334, 179])
1	0.5834323917375489	0.8108510617364357	([305, 178], [505, 305, 178])
1	0.5438524180245594	0.8129480779241441	([592, 175], [592, 192, 175])
1	0.5496966270451159	0.8134949221918413	([646, 177], [646, 516, 202])
1	0.5652256600868426	0.8194887122312783	([362, 180], [362, 313, 212])
1	0.5628655068486492	0.8289100301128839	([424, 182], [424, 274, 182])
1	0.5382698436826411	0.8326294279750458	([644, 180], [644, 313, 180])
1	0.5516730745320254	0.8370365361829296	([179, 93], [186, 179, 93])
1	0.5089624019390293	0.8452134681789835	([313, 180], [362, 180, 166])
1	0.5402480915500143	0.8590830948669264	([586, 179], [586, 186, 179])
1	0.5566521509815745	0.8637376778300756	([597, 177], [597, 177, 150])
0	0.0	inf	([177], [])
