0	0.0	0.019565918580554374	([261], [261, 143])
0	0.0	0.020006619143179426	([535], [535, 259])
0	0.0	0.24544948856244608	([588], [588, 587])
0	0.0	0.2480429513154157	([365], [365, 364])
0	0.0	0.24888743903026342	([585], [585, 584])
0	0.0	0.24996396417726802	([329], [329, 328])
0	0.0	0.25013593016818	([300], [300, 299])
0	0.0	0.25318332349326494	([14], [14, 13])
0	0.0	0.2545551224540025	([22], [22, 21])
0	0.0	0.25581159079101534	([474], [474, 473])
0	0.0	0.2576032577365568	([176], [176, 175])
0	0.0	0.25870448744022173	([224], [224, 223])
0	0.0	0.25931149221419536	([504], [504, 503])
0	0.0	0.26083991758770364	([612], [612, 611])
0	0.0	0.26097952650388245	([302], [302, 301])
0	0.0	0.26139996606258115	([634], [634, 633])
0	0.0	0.26164919721798136	([235], [235, 234])
0	0.0	0.2621242665947042	([356], [356, 355])
0	0.0	0.2633087996700225	([285], [285, 284])
0	0.0	0.26469431234391816	([31], [31, 30])
0	0.0	0.265083450785224	([380], [380, 379])
0	0.0	0.265495470068862	([353], [353, 352])
0	0.0	0.2663531483223796	([16], [16, 15])
0	0.0	0.26676125418873403	([626], [626, 625])
0	0.0	0.2670494415391721	([3], [3, 2])
0	0.0	0.2671980621094248	([20], [20, 19])
0	0.0	0.2676803863727813	([630], [630, 629])
0	0.0	0.26883603361951997	([9], [9, 8])
0	0.0	0.2706364073007626	([228], [228, 227])
0	0.0	0.27145726805630027	([642], [642, 641])
0	0.0	0.27155080718172947	([85], [85, 84])
0	0.0	0.2717409894517556	([395], [395, 394])
0	0.0	0.27194506757782944	([222], [222, 221])
0	0.0	0.2721615813028696	([481], [481, 480])
0	0.0	0.27234370408928366	([594], [594, 593])
0	0.0	0.2725615958418474	([511], [511, 510])
0	0.0	0.2725982489189969	([541], [541, 540])
0	0.0	0.272824736944757	([372], [372, 371])
0	0.0	0.2728361648277818	([392], [392, 391])
0	0.0	0.2731139011189484	([2], [2, 1])
0	0.0	0.27341570289100153	([336], [336, 335])
0	0.0	0.2744434546846976	([389], [389, 388])
0	0.0	0.2749022656631645	([369], [369, 368])
0	0.0	0.2749064848922916	([13], [13, 12])
0	0.0	0.2749336979713803	([47], [47, 46])
0	0.0	0.27583333129735	([436], [436, 435])
0	0.0	0.2759038315944469	([53], [53, 52])
0	0.0	0.27646166891965185	([87], [87, 86])
0	0.0	0.276895294631817	([110], [110, 109])
0	0.0	0.27726319595929017	([582], [582, 581])
0	0.0	0.2776141300984277	([629], [629, 628])
0	0.0	0.2776517332388886	([226], [226, 225])
0	0.0	0.27771028979967277	([648], [648, 647])
0	0.0	0.2777448304162602	([517], [517, 516])
0	0.0	0.27780023768442036	([320], [320, 319])
0	0.0	0.2778304589902315	([387], [387, 386])
0	0.0	0.2780948947406362	([70], [70, 69])
0	0.0	0.27847429248929106	([646], [646, 645])
0	0.0	0.27930427008796027	([599], [599, 598])
0	0.0	0.2796448078179963	([425], [425, 424])
0	0.0	0.2799325105683586	([446], [446, 445])
0	0.0	0.27997699938896475	([112], [112, 111])
0	0.0	0.28059691798865866	([660], [660, 659])
0	0.0	0.2807650142403743	([221], [221, 220])
0	0.0	0.2809026034680841	([609], [609, 608])
0	0.0	0.28105902178693476	([444], [444, 443])
0	0.0	0.28154882830265615	([534], [534, 533])
0	0.0	0.28228105196136205	([607], [607, 606])
0	0.0	0.2822832902611015	([57], [57, 56])
0	0.0	0.28247247405765424	([349], [349, 348])
0	0.0	0.28248494254809936	([148], [148, 147])
0	0.0	0.28249703217668626	([565], [565, 564])
0	0.0	0.28263319791034064	([182], [182, 181])
0	0.0	0.2829398413343069	([590], [590, 589])
0	0.0	0.28298174877844384	([37], [37, 36])
0	0.0	0.28340350823649413	([314], [314, 313])
0	0.0	0.28354248587522246	([220], [220, 219])
0	0.0	0.28361612296462896	([376], [376, 375])
0	0.0	0.28365895943141856	([508], [508, 507])
0	0.0	0.28383905884558996	([61], [61, 60])
0	0.0	0.2840436278507231	([100], [100, 99])
0	0.0	0.28415673794514223	([363], [363, 362])
0	0.0	0.28460696149525816	([150], [150, 149])
0	0.0	0.2847399796725029	([101], [101, 100])
0	0.0	0.285026540928368	([342], [342, 341])
0	0.0	0.2850384667315568	([50], [50, 49])
0	0.0	0.2853368652330329	([38], [38, 37])
0	0.0	0.28539121565439457	([636], [636, 635])
0	0.0	0.28585253890370443	([234], [234, 233])
0	0.0	0.2861277473033788	([418], [418, 417])
0	0.0	0.28613738542486783	([470], [470, 469])
0	0.0	0.2864634133797543	([33], [33, 32])
0	0.0	0.2866348446239024	([547], [547, 546])
0	0.0	0.28706902228963677	([624], [624, 623])
0	0.0	0.2872852112692181	([75], [75, 74])
0	0.0	0.2873990120939759	([610], [610, 609])
0	0.0	0.2874829780523691	([219], [219, 218])
0	0.0	0.2875337980883501	([298], [298, 297])
0	0.0	0.2875949279530727	([361], [361, 360])
0	0.0	0.28761430310191827	([560], [560, 559])
0	0.0	0.28776518905657567	([225], [225, 224])
0	0.0	0.2881133911437824	([7], [7, 6])
0	0.0	0.28842613195604505	([145], [145, 144])
0	0.0	0.2885209798917193	([360], [360, 359])
0	0.0	0.28856298759134813	([553], [553, 552])
0	0.0	0.2887207088815709	([323], [323, 322])
0	0.0	0.28906745292133684	([600], [600, 598])
0	0.0	0.2892128046200516	([141], [141, 140])
0	0.0	0.2893648352726198	([99], [99, 98])
0	0.0	0.28944306274826626	([92], [92, 91])
0	0.0	0.289534988916269	([6], [6, 5])
0	0.0	0.2896088668629095	([51], [51, 50])
0	0.0	0.28964453818910113	([657], [657, 656])
0	0.0	0.289916122674109	([72], [72, 71])
0	0.0	0.28996256272652726	([341], [341, 340])
0	0.0	0.290361975829093	([36], [36, 35])
0	0.0	0.29044113736600935	([578], [578, 577])
0	0.0	0.2906461979795604	([667], [667, 666])
0	0.0	0.290995637882142	([378], [378, 377])
0	0.0	0.29138726849480107	([142], [142, 141])
0	0.0	0.2915997185936768	([64], [64, 63])
0	0.0	0.29168963644001855	([56], [56, 55])
0	0.0	0.29173168964199075	([215], [215, 214])
0	0.0	0.2919739089658425	([230], [230, 229])
0	0.0	0.2920587966866005	([538], [538, 537])
0	0.0	0.2920796893973765	([564], [564, 563])
0	0.0	0.29225434081899904	([338], [338, 337])
0	0.0	0.2924102468997398	([554], [554, 553])
0	0.0	0.292698612593126	([575], [575, 574])
0	0.0	0.2927375464951709	([347], [347, 346])
0	0.0	0.2930013243672009	([218], [218, 217])
0	0.0	0.2933886479893329	([343], [343, 342])
0	0.0	0.2936511828859807	([333], [333, 332])
0	0.0	0.29367451184825344	([135], [135, 134])
0	0.0	0.293677090098644	([313], [313, 312])
0	0.0	0.29429183251037694	([670], [670, 669])
0	0.0	0.2946168599565365	([501], [501, 500])
0	0.0	0.2957135459980652	([242], [242, 241])
0	0.0	0.29576064271764685	([438], [438, 437])
0	0.0	0.29592631047097534	([346], [346, 345])
0	0.0	0.295953115399113	([659], [659, 658])
0	0.0	0.29614920142241047	([74], [74, 73])
0	0.0	0.29622209931093046	([12], [12, 11])
0	0.0	0.29623510643487655	([580], [580, 579])
0	0.0	0.2962905647084391	([81], [81, 80])
0	0.0	0.29630339815762247	([119], [119, 118])
0	0.0	0.296656064187182	([107], [107, 106])
0	0.0	0.29672534771485354	([149], [149, 148])
0	0.0	0.296923042927863	([400], [400, 399])
0	0.0	0.29699479743391377	([385], [385, 384])
0	0.0	0.2970736098307379	([98], [98, 97])
0	0.0	0.29712053856943554	([519], [519, 518])
0	0.0	0.2972888569973461	([198], [198, 197])
0	0.0	0.29753421446802136	([295], [295, 294])
0	0.0	0.2975974430367591	([316], [316, 315])
0	0.0	0.29761839510876015	([327], [327, 326])
0	0.0	0.29769037630828693	([454], [454, 453])
0	0.0	0.2980372412961827	([478], [478, 477])
0	0.0	0.2983148310848623	([467], [467, 466])
0	0.0	0.29834652459581085	([362], [362, 361])
0	0.0	0.29862030439562404	([174], [174, 173])
0	0.0	0.29863906537459173	([596], [596, 595])
0	0.0	0.2987331475741624	([433], [433, 432])
0	0.0	0.29878098501347694	([447], [447, 446])
0	0.0	0.29898216389433574	([426], [426, 425])
0	0.0	0.29914987728342957	([120], [120, 119])
0	0.0	0.2992289260268004	([577], [577, 576])
0	0.0	0.2994368103529615	([668], [668, 667])
0	0.0	0.29945480936463303	([334], [334, 333])
0	0.0	0.2995112608700828	([168], [168, 167])
0	0.0	0.2999888442684311	([49], [49, 48])
0	0.0	0.30010346742358535	([132], [132, 131])
0	0.0	0.30022670843744187	([656], [656, 655])
0	0.0	0.30049626613100827	([520], [520, 519])
0	0.0	0.30082267848627364	([238], [238, 237])
0	0.0	0.30092204303872583	([661], [661, 660])
0	0.0	0.3009855384129909	([559], [559, 558])
0	0.0	0.3011343519637293	([537], [537, 536])
0	0.0	0.3012324642092226	([431], [431, 430])
0	0.0	0.30130154391335134	([576], [576, 575])
0	0.0	0.3013139989261765	([18], [18, 17])
0	0.0	0.301518576079844	([325], [325, 324])
0	0.0	0.30164638848875913	([35], [35, 34])
0	0.0	0.3017809148575807	([65], [65, 64])
0	0.0	0.3018170576885261	([371], [371, 370])
0	0.0	0.30194828239030447	([60], [60, 59])
0	0.0	0.30197861694418976	([632], [632, 631])
0	0.0	0.3020280408542309	([231], [231, 230])
0	0.0	0.3020799360787501	([137], [137, 136])
0	0.0	0.30211482210777807	([480], [480, 479])
0	0.0	0.3024500409059376	([579], [579, 578])
0	0.0	0.3025883128880328	([236], [236, 235])
0	0.0	0.30259706650647167	([602], [602, 601])
0	0.0	0.30330152356657697	([55], [55, 54])
0	0.0	0.3033800540216515	([303], [303, 302])
0	0.0	0.3035616869595327	([315], [315, 314])
0	0.0	0.30373940383462633	([404], [404, 403])
0	0.0	0.304018130130228	([375], [375, 374])
0	0.0	0.3040542038116465	([605], [605, 604])
0	0.0	0.30451436915852764	([183], [183, 182])
0	0.0	0.3046804670025914	([326], [326, 325])
0	0.0	0.3049321086340298	([179], [179, 178])
0	0.0	0.3049828691011607	([232], [232, 231])
0	0.0	0.30509554898371993	([514], [514, 513])
0	0.0	0.3051357861565538	([619], [619, 618])
0	0.0	0.30514140392705513	([210], [210, 209])
0	0.0	0.3053551375812757	([32], [32, 31])
0	0.0	0.30549731569948774	([192], [192, 191])
0	0.0	0.30577278925468826	([39], [39, 38])
0	0.0	0.3058054160776205	([199], [199, 198])
0	0.0	0.306012626523646	([494], [494, 493])
0	0.0	0.3060449586493488	([121], [121, 120])
0	0.0	0.3060501784443775	([597], [597, 596])
0	0.0	0.306079140729774	([154], [154, 153])
0	0.0	0.30610785662573703	([175], [176, 174])
0	0.0	0.30619926481426263	([203], [203, 202])
0	0.0	0.30629717705719733	([502], [502, 501])
0	0.0	0.3065042377571326	([439], [439, 438])
0	0.0	0.3066404222292179	([442], [442, 441])
0	0.0	0.30721972039325024	([420], [420, 419])
0	0.0	0.3072549076731586	([146], [146, 145])
0	0.0	0.30727109840814315	([496], [496, 495])
0	0.0	0.30733656862912534	([280], [280, 279])
0	0.0	0.30745905515112865	([214], [214, 213])
0	0.0	0.3074966167432297	([200], [200, 199])
0	0.0	0.3076966787756579	([58], [58, 57])
0	0.0	0.30772925903876736	([73], [73, 72])
0	0.0	0.3077685961313877	([310], [310, 309])
0	0.0	0.30783518493163564	([159], [159, 158])
0	0.0	0.3078832549496365	([95], [95, 94])
0	0.0	0.30808126710568284	([407], [407, 406])
0	0.0	0.30816602157075934	([209], [209, 208])
0	0.0	0.3083639384027596	([162], [162, 161])
0	0.0	0.30838599752221196	([664], [664, 663])
0	0.0	0.30838612777657715	([66], [66, 65])
0	0.0	0.30843299014297393	([180], [180, 179])
0	0.0	0.3086002872500477	([557], [557, 556])
0	0.0	0.30863729113566607	([191], [191, 190])
0	0.0	0.3086390101702101	([307], [307, 306])
0	0.0	0.308692451212066	([116], [116, 115])
0	0.0	0.30886128076137487	([370], [370, 369])
0	0.0	0.30896508730574657	([350], [350, 349])
0	0.0	0.30906306577634374	([165], [165, 164])
0	0.0	0.30927363661312124	([616], [616, 615])
0	0.0	0.3096099064235152	([522], [522, 521])
0	0.0	0.3099614208381752	([308], [308, 307])
0	0.0	0.31007548538137014	([357], [357, 356])
0	0.0	0.310158885266207	([643], [643, 642])
0	0.0	0.3106837367919651	([527], [527, 526])
0	0.0	0.3108176607162416	([421], [421, 420])
0	0.0	0.31119880603403277	([663], [663, 662])
0	0.0	0.3112909219267991	([17], [17, 16])
0	0.0	0.3113333291381427	([82], [82, 81])
0	0.0	0.31149105250767384	([422], [422, 421])
0	0.0	0.31162626330600995	([79], [79, 78])
0	0.0	0.31184929743612366	([417], [417, 416])
0	0.0	0.31186388759721084	([647], [648, 646])
0	0.0	0.31194642520967963	([80], [80, 79])
0	0.0	0.3121253319843321	([614], [614, 613])
0	0.0	0.3124395767185621	([601], [601, 600])
0	0.0	0.3127061556848851	([562], [562, 561])
0	0.0	0.31279667796677846	([105], [105, 104])
0	0.0	0.31282332448037514	([91], [91, 90])
0	0.0	0.31295402700013636	([391], [391, 390])
0	0.0	0.3132454722141699	([196], [196, 195])
0	0.0	0.3132649060478788	([322], [322, 321])
0	0.0	0.3133202911485449	([568], [568, 567])
0	0.0	0.3134267004709856	([286], [286, 285])
0	0.0	0.31371530827819255	([46], [47, 45])
0	0.0	0.3137833418088653	([247], [247, 246])
0	0.0	0.3140203197697046	([555], [555, 554])
0	0.0	0.3140363070803809	([305], [305, 304])
0	0.0	0.3140665346786599	([44], [44, 43])
0	0.0	0.3142466649901893	([430], [431, 429])
0	0.0	0.31436942550849	([15], [15, 14])
0	0.0	0.3145177133015871	([604], [604, 603])
0	0.0	0.31452453411230435	([500], [500, 499])
0	0.0	0.31464109155586417	([104], [104, 103])
0	0.0	0.3146720444483793	([11], [11, 10])
0	0.0	0.31488273836682656	([374], [374, 373])
0	0.0	0.31513971154388487	([163], [163, 162])
0	0.0	0.3152160814815008	([377], [377, 376])
0	0.0	0.31539881731280417	([171], [171, 170])
0	0.0	0.31553025204613777	([355], [355, 354])
0	0.0	0.3155382844038631	([644], [644, 643])
0	0.0	0.3155651284499617	([598], [598, 597])
0	0.0	0.3156885150400521	([397], [397, 396])
0	0.0	0.3158905761715524	([368], [368, 367])
0	0.0	0.3159293442178602	([403], [403, 402])
0	0.0	0.3163008571613497	([48], [48, 47])
0	0.0	0.3163651220876024	([109], [109, 108])
0	0.0	0.3168044835538321	([471], [471, 470])
0	0.0	0.316937965755364	([429], [429, 428])
0	0.0	0.3169512238249379	([24], [24, 23])
0	0.0	0.31696428301536733	([86], [86, 85])
0	0.0	0.3170768079440238	([321], [321, 320])
0	0.0	0.31713341654132027	([189], [189, 188])
0	0.0	0.3178049316753397	([108], [108, 107])
0	0.0	0.31781753463188905	([337], [337, 336])
0	0.0	0.31787107994002356	([615], [615, 614])
0	0.0	0.31798972972084594	([477], [477, 476])
0	0.0	0.31820169416974814	([117], [117, 116])
0	0.0	0.31825027158910385	([133], [133, 132])
0	0.0	0.3182862806347249	([410], [410, 409])
0	0.0	0.31843459000089186	([396], [396, 395])
0	0.0	0.3185209814876562	([227], [227, 226])
0	0.0	0.3187404002888188	([455], [455, 454])
0	0.0	0.31876519087705074	([561], [561, 560])
0	0.0	0.318776190326255	([462], [462, 461])
0	0.0	0.31883997797789415	([583], [583, 582])
0	0.0	0.31913543723549914	([671], [671, 670])
0	0.0	0.319178474793332	([297], [297, 296])
0	0.0	0.3193900764936963	([188], [188, 187])
0	0.0	0.3195971435572869	([166], [166, 165])
0	0.0	0.3199571522451039	([211], [211, 210])
0	0.0	0.3200079130876934	([398], [398, 397])
0	0.0	0.32005291946655995	([515], [515, 514])
0	0.0	0.3201143937655561	([158], [158, 157])
0	0.0	0.32019628848329007	([140], [140, 139])
0	0.0	0.32025430873152216	([5], [5, 4])
0	0.0	0.3202728279361075	([208], [208, 207])
0	0.0	0.32040405301112546	([10], [10, 9])
0	0.0	0.3205498429857413	([414], [414, 413])
0	0.0	0.32055402799077654	([459], [459, 458])
0	0.0	0.32072280514433443	([493], [493, 492])
0	0.0	0.32107529981855654	([243], [243, 242])
0	0.0	0.3211120293302911	([195], [195, 194])
0	0.0	0.3212074207613263	([129], [129, 128])
0	0.0	0.3213370134641718	([567], [567, 566])
0	0.0	0.32150087823377776	([291], [291, 290])
0	0.0	0.32202886754393456	([139], [139, 138])
0	0.0	0.32202988649575515	([134], [135, 133])
0	0.0	0.32240518538486507	([190], [190, 189])
0	0.0	0.3224645162126851	([412], [412, 411])
0	0.0	0.32248610470693506	([364], [364, 363])
0	0.0	0.32268749196898366	([625], [625, 624])
0	0.0	0.32312335595704744	([573], [573, 572])
0	0.0	0.3231446827922494	([204], [204, 203])
0	0.0	0.32371374078209775	([489], [489, 488])
0	0.0	0.32374820679377925	([344], [344, 343])
0	0.0	0.32401114330891295	([328], [328, 327])
0	0.0	0.3242581319848908	([460], [460, 459])
0	0.0	0.32434597858111064	([223], [223, 222])
0	0.0	0.32445567022810257	([633], [633, 632])
0	0.0	0.3244819433747579	([160], [160, 159])
0	0.0	0.3245132645062624	([172], [172, 171])
0	0.0	0.32476845443362073	([205], [205, 204])
0	0.0	0.3248120120726016	([118], [118, 117])
0	0.0	0.324982889211899	([435], [435, 434])
0	0.0	0.3249879981754737	([456], [456, 455])
0	0.0	0.32504202072100136	([296], [296, 295])
0	0.0	0.325092922741156	([41], [41, 40])
0	0.0	0.3251445410216684	([237], [237, 236])
0	0.0	0.3251535027138301	([512], [512, 511])
0	0.0	0.3253140851623086	([452], [452, 451])
0	0.0	0.32531601436782515	([415], [415, 414])
0	0.0	0.32532254480457357	([603], [603, 602])
0	0.0	0.325627282390323	([93], [93, 92])
0	0.0	0.32571122996648644	([69], [69, 68])
0	0.0	0.32589025668467425	([649], [649, 648])
0	0.0	0.32607531583284055	([123], [123, 122])
0	0.0	0.3261292995706821	([151], [151, 150])
0	0.0	0.32620586998675827	([488], [488, 487])
0	0.0	0.32632240763384	([186], [186, 185])
0	0.0	0.32680846773787103	([292], [292, 291])
0	0.0	0.32695166482737126	([483], [483, 482])
0	0.0	0.32746032847249634	([542], [542, 541])
0	0.0	0.32754220468903045	([458], [458, 457])
0	0.0	0.32775908595326714	([402], [402, 401])
0	0.0	0.32786889924583384	([170], [170, 169])
0	0.0	0.32794474696769194	([366], [366, 365])
0	0.0	0.328347142673251	([301], [301, 300])
0	0.0	0.32847807987381966	([627], [627, 626])
0	0.0	0.32851301523733245	([548], [548, 547])
0	0.0	0.32868682664357984	([169], [169, 168])
0	0.0	0.3288525063097242	([581], [581, 580])
0	0.0	0.32885315152529404	([111], [111, 110])
0	0.0	0.3291118929272371	([409], [409, 408])
0	0.0	0.3291429451427054	([490], [490, 489])
0	0.0	0.32923988460500564	([157], [157, 156])
0	0.0	0.3293389336275357	([156], [156, 155])
0	0.0	0.3299740942327376	([593], [593, 592])
0	0.0	0.3299986204746103	([566], [566, 565])
0	0.0	0.33045426393791866	([652], [652, 651])
0	0.0	0.3305053350313093	([71], [71, 69])
0	0.0	0.3306063212335695	([611], [611, 610])
0	0.0	0.33063873184089204	([19], [19, 18])
0	0.0	0.3307011580863969	([571], [571, 570])
0	0.0	0.3307023482617949	([45], [45, 44])
0	0.0	0.33070260777344135	([102], [102, 101])
0	0.0	0.33072854982827854	([550], [550, 549])
0	0.0	0.33078557269461956	([345], [345, 344])
0	0.0	0.3308267346034905	([523], [523, 522])
0	0.0	0.3309381651840047	([317], [317, 316])
0	0.0	0.33098102738008717	([76], [76, 75])
0	0.0	0.3314698626981644	([42], [42, 41])
0	0.0	0.33149643483611374	([465], [465, 464])
0	0.0	0.33152436724806594	([413], [413, 412])
0	0.0	0.3318558202310312	([453], [453, 452])
0	0.0	0.33187970668325983	([586], [586, 585])
0	0.0	0.3319075086294094	([641], [641, 640])
0	0.0	0.3319945462196895	([543], [543, 542])
0	0.0	0.33208876400997694	([167], [167, 166])
0	0.0	0.33227881048658464	([595], [595, 594])
0	0.0	0.33233581863359885	([181], [181, 180])
0	0.0	0.3324441835826757	([620], [620, 619])
0	0.0	0.33252459266799245	([340], [340, 339])
0	0.0	0.33294921797183796	([348], [348, 345])
0	0.0	0.33299427023335193	([299], [299, 298])
0	0.0	0.33327959286136516	([233], [233, 232])
0	0.0	0.33331578238318543	([212], [212, 211])
0	0.0	0.33334573264507494	([558], [558, 557])
0	0.0	0.3334128895285245	([106], [106, 105])
0	0.0	0.33348260043551897	([623], [623, 622])
0	0.0	0.333971323733567	([399], [399, 398])
0	0.0	0.334651270250646	([8], [8, 7])
0	0.0	0.3348065626301456	([384], [384, 383])
0	0.0	0.33552554408299173	([658], [658, 657])
0	0.0	0.3359705649585768	([202], [202, 201])
0	0.0	0.33597827908301464	([193], [193, 192])
0	0.0	0.33629041042019325	([539], [539, 538])
0	0.0	0.33633271540414417	([319], [319, 318])
0	0.0	0.3365620905721513	([533], [533, 531])
0	0.0	0.33684275600292984	([476], [478, 475])
0	0.0	0.33698568074984725	([164], [164, 163])
0	0.0	0.3370043878915498	([448], [448, 445])
0	0.0	0.33700715963079175	([640], [640, 639])
0	0.0	0.3370954142325749	([513], [513, 512])
0	0.0	0.3371356862538674	([509], [509, 508])
0	0.0	0.33731159609977407	([213], [213, 212])
0	0.0	0.3373311868854992	([556], [556, 552])
0	0.0	0.3374395881345483	([178], [178, 177])
0	0.0	0.3375098745419141	([77], [77, 76])
0	0.0	0.33776867135200395	([318], [318, 317])
0	0.0	0.3379189475132467	([589], [589, 587])
0	0.0	0.337933378393564	([358], [358, 357])
0	0.0	0.33813042309156555	([185], [185, 184])
1	0.32097209645488783	0.33815568677803826	([150, 147], [150, 149, 148])
0	0.0	0.33839541570557913	([544], [544, 543])
0	0.0	0.33889862427387873	([373], [373, 372])
0	0.0	0.3389163534412579	([394], [394, 393])
0	0.0	0.33893922560310974	([153], [154, 151])
0	0.0	0.33897987967203574	([131], [131, 130])
0	0.0	0.33904926281182557	([645], [645, 644])
0	0.0	0.3391030975032396	([40], [40, 39])
0	0.0	0.33916186701827894	([173], [174, 172])
0	0.0	0.33917962091961135	([390], [390, 389])
0	0.0	0.3392967820662101	([136], [136, 135])
0	0.0	0.33970524004452346	([485], [485, 484])
0	0.0	0.34007677350734616	([487], [487, 486])
0	0.0	0.3402966127319754	([491], [491, 490])
0	0.0	0.34029728726397607	([427], [427, 426])
0	0.0	0.34033506779110123	([63], [64, 61])
0	0.0	0.34051887510464574	([335], [335, 334])
0	0.0	0.3405431334362601	([324], [324, 323])
0	0.0	0.34065000272531976	([268], [268, 255])
0	0.0	0.3406698070792086	([386], [387, 385])
0	0.0	0.34072519588165656	([25], [25, 23])
0	0.0	0.34116395865753496	([549], [549, 548])
0	0.0	0.3411996715835051	([628], [628, 627])
0	0.0	0.34149266381786064	([492], [492, 491])
0	0.0	0.34151499868975255	([155], [155, 154])
0	0.0	0.34179485677913274	([650], [650, 649])
0	0.0	0.34192720451445247	([130], [130, 129])
0	0.0	0.34224971413527605	([405], [405, 404])
0	0.0	0.3422929909803242	([528], [528, 527])
0	0.0	0.34304566494259353	([472], [472, 471])
0	0.0	0.34308458988781654	([161], [161, 160])
0	0.0	0.3430860068835067	([401], [401, 400])
0	0.0	0.34329651456050114	([606], [606, 605])
0	0.0	0.34366866170859195	([124], [124, 123])
0	0.0	0.3436898010971506	([78], [78, 77])
0	0.0	0.3437879592914652	([1], [1, 0])
0	0.0	0.3442383215061803	([34], [34, 33])
0	0.0	0.34426915605856034	([304], [304, 303])
0	0.0	0.34442866832300495	([411], [411, 408])
0	0.0	0.34476777534038694	([631], [631, 630])
0	0.0	0.34487503775059497	([94], [94, 93])
0	0.0	0.3451323687994992	([639], [639, 638])
0	0.0	0.34514545265497903	([570], [570, 569])
0	0.0	0.3453827696972867	([574], [574, 573])
0	0.0	0.3458148786609187	([113], [113, 112])
0	0.0	0.3460486462173228	([669], [669, 668])
0	0.0	0.34641356531301565	([468], [468, 467])
0	0.0	0.34678488022217896	([572], [572, 571])
0	0.0	0.3470512904635146	([239], [239, 238])
0	0.0	0.34713677153157174	([184], [184, 183])
0	0.0	0.3471999739106064	([516], [516, 515])
0	0.0	0.34821886991560674	([187], [187, 186])
0	0.0	0.3482455930250862	([475], [475, 474])
0	0.0	0.34830637621398025	([563], [563, 562])
0	0.0	0.34835270692595527	([666], [666, 665])
0	0.0	0.3485666610535599	([197], [197, 196])
0	0.0	0.34857851918279736	([379], [379, 378])
0	0.0	0.34868729421550404	([551], [551, 550])
1	0.3379807006392477	0.34906695619177125	([159, 156], [159, 158, 157])
0	0.0	0.34924491697456583	([240], [240, 239])
0	0.0	0.3493706692070138	([90], [90, 89])
0	0.0	0.3494635075193543	([443], [443, 442])
0	0.0	0.3501650732266032	([654], [654, 652])
0	0.0	0.3504436100833142	([381], [381, 379])
0	0.0	0.35103967696808414	([21], [22, 20])
0	0.0	0.3517074061646694	([486], [486, 485])
0	0.0	0.35180130817532423	([587], [587, 586])
0	0.0	0.3518134313233151	([521], [521, 520])
0	0.0	0.3522324300341825	([97], [97, 95])
1	0.3455674891307767	0.3526385287959913	([348, 347], [348, 347, 345])
0	0.0	0.35282380406794067	([569], [569, 568])
0	0.0	0.3528251674364922	([309], [309, 308])
0	0.0	0.35301547542205586	([529], [529, 528])
0	0.0	0.35326442888751625	([499], [499, 498])
0	0.0	0.3544083251502286	([540], [540, 539])
0	0.0	0.35466324832197205	([484], [484, 483])
0	0.0	0.3551871655375018	([332], [332, 331])
0	0.0	0.35584927613541073	([524], [524, 523])
0	0.0	0.356834337013933	([441], [442, 439])
0	0.0	0.35688696472847725	([144], [145, 138])
0	0.0	0.357167212690266	([584], [584, 583])
0	0.0	0.3572931712519462	([416], [416, 414])
0	0.0	0.3574133315979104	([434], [434, 433])
0	0.0	0.35756876131890547	([408], [408, 407])
0	0.0	0.35763974323194286	([546], [546, 544])
0	0.0	0.3580413729776439	([635], [635, 634])
0	0.0	0.35833014304184213	([201], [201, 200])
0	0.0	0.358626792065253	([510], [510, 509])
1	0.35172391874894093	0.3588149587721943	([556, 555], [556, 555, 552])
0	0.0	0.35881814834638487	([498], [498, 495])
0	0.0	0.35894345050562665	([552], [552, 551])
0	0.0	0.3590263299260667	([54], [54, 53])
0	0.0	0.36080729707426673	([207], [207, 206])
0	0.0	0.3612334103932117	([367], [367, 366])
0	0.0	0.3612630458020589	([84], [84, 83])
0	0.0	0.36168399762115294	([457], [457, 456])
0	0.0	0.36172334686029617	([122], [122, 121])
0	0.0	0.3618477494075965	([266], [266, 254])
0	0.0	0.3621606417808796	([461], [461, 460])
0	0.0	0.3622837320214415	([466], [466, 465])
0	0.0	0.3627515768367168	([352], [352, 351])
0	0.0	0.36276775276700013	([282], [282, 280])
0	0.0	0.36350475957833267	([613], [613, 612])
0	0.0	0.3641806561046328	([406], [406, 405])
0	0.0	0.36425896609282243	([138], [138, 137])
0	0.0	0.364750537983358	([359], [359, 358])
0	0.0	0.36500490785415185	([229], [229, 228])
0	0.0	0.3651451346091767	([354], [354, 353])
0	0.0	0.3651962363910944	([662], [662, 661])
0	0.0	0.36519629721355296	([464], [464, 462])
0	0.0	0.36583398044910886	([4], [4, 3])
0	0.0	0.3660854940782577	([388], [388, 387])
0	0.0	0.3667273109405468	([128], [128, 126])
0	0.0	0.3668528700526478	([503], [503, 502])
0	0.0	0.3670593377667867	([665], [665, 664])
0	0.0	0.36708146333217645	([445], [445, 444])
0	0.0	0.36724188359467014	([463], [463, 462])
0	0.0	0.3675718834049783	([306], [306, 305])
0	0.0	0.3679118676469584	([103], [103, 102])
0	0.0	0.36825814757470027	([206], [206, 205])
0	0.0	0.36852227265726734	([23], [23, 22])
0	0.0	0.36890027309610707	([339], [339, 338])
0	0.0	0.36913708035352494	([655], [655, 654])
0	0.0	0.37022043424538287	([505], [505, 504])
1	0.3604765642867344	0.37026261757268975	([422, 419], [422, 421, 419])
0	0.0	0.37073099432782225	([52], [52, 51])
0	0.0	0.3708961090536053	([450], [450, 448])
0	0.0	0.371193359514958	([673], [673, 671])
0	0.0	0.37163569992759743	([294], [294, 293])
0	0.0	0.372320518426119	([449], [449, 448])
0	0.0	0.3724221284357748	([59], [59, 58])
0	0.0	0.3734157233885258	([351], [351, 350])
0	0.0	0.37351494417972936	([437], [437, 436])
0	0.0	0.37458554212777767	([89], [97, 96])
0	0.0	0.3751270629640275	([518], [518, 516])
0	0.0	0.375676619358646	([432], [432, 431])
0	0.0	0.3758576277161247	([290], [290, 289])
0	0.0	0.3771398811057308	([651], [651, 650])
0	0.0	0.37826112018742786	([531], [531, 530])
0	0.0	0.3785784724090594	([241], [241, 240])
0	0.0	0.3786499767775737	([608], [608, 607])
0	0.0	0.37876588242114095	([28], [28, 27])
0	0.0	0.3791663215378939	([592], [592, 590])
0	0.0	0.3801750699715549	([621], [621, 620])
0	0.0	0.3805387547883853	([473], [473, 472])
1	0.36303377015984123	0.38194903277615766	([121, 117], [121, 119, 117])
1	0.37076200758051947	0.38227040418644986	([669, 665], [669, 668, 667])
0	0.0	0.38318183042531756	([43], [43, 42])
0	0.0	0.38340464321966466	([674], [674, 673])
0	0.0	0.3838639888364373	([526], [526, 524])
0	0.0	0.38509154569523874	([125], [125, 124])
0	0.0	0.3868271418099646	([530], [530, 529])
0	0.0	0.3875210542473012	([83], [83, 78])
0	0.0	0.38790441692882377	([283], [283, 282])
0	0.0	0.38802732309203647	([423], [423, 422])
0	0.0	0.38907826863976663	([126], [126, 125])
0	0.0	0.3896259131384162	([469], [469, 468])
0	0.0	0.3899069252754208	([26], [26, 25])
1	0.3906375918522398	0.3906601815919806	([83, 82], [83, 82, 79])
0	0.0	0.3915411714964211	([622], [622, 620])
0	0.0	0.39195784287457125	([96], [89, 87])
0	0.0	0.3927037019212851	([311], [311, 310])
0	0.0	0.39387763349272215	([507], [526, 525])
0	0.0	0.39393316120688426	([177], [177, 176])
0	0.0	0.3944231103816253	([638], [673, 672])
0	0.0	0.39568347826454714	([288], [288, 287])
0	0.0	0.3962042687263249	([497], [497, 496])
0	0.0	0.3962506292350567	([419], [419, 418])
0	0.0	0.3968224001056874	([281], [281, 280])
0	0.0	0.3970636487663696	([244], [244, 243])
0	0.0	0.39716424434346814	([451], [451, 450])
1	0.3416741529404501	0.39746527873652127	([212, 207], [212, 210, 209])
0	0.0	0.39769613570065976	([293], [293, 292])
0	0.0	0.39801305202656034	([545], [545, 544])
0	0.0	0.3990687310960737	([68], [89, 88])
0	0.0	0.3993382543989989	([251], [251, 249])
0	0.0	0.3995550948110362	([278], [278, 277])
0	0.0	0.40018264441275153	([672], [638, 637])
0	0.0	0.4005788207378095	([383], [383, 381])
0	0.0	0.40238363510378555	([287], [287, 286])
0	0.0	0.4032935483778554	([617], [617, 616])
0	0.0	0.4043138654839383	([428], [441, 440])
0	0.0	0.4061913368853289	([30], [63, 62])
0	0.0	0.40625714942068053	([506], [506, 505])
0	0.0	0.4069392409518434	([194], [194, 193])
0	0.0	0.40827877136210455	([525], [507, 505])
0	0.0	0.408322684051692	([147], [151, 146])
0	0.0	0.4084181345685793	([653], [653, 652])
0	0.0	0.40987768415961656	([115], [115, 114])
0	0.0	0.4100034966072267	([637], [638, 636])
0	0.0	0.4106306965372166	([440], [428, 427])
0	0.0	0.4106657209287467	([289], [289, 288])
0	0.0	0.4123840620811921	([591], [591, 590])
0	0.0	0.4126287217244125	([252], [252, 251])
0	0.0	0.4126537604003333	([249], [251, 250])
0	0.0	0.41396594109823864	([312], [312, 311])
0	0.0	0.41475187276754266	([424], [427, 423])
0	0.0	0.4166828454235352	([279], [279, 278])
0	0.0	0.4187969941765544	([27], [28, 25])
0	0.0	0.41920047514533004	([269], [269, 265])
0	0.0	0.4210565005954537	([330], [330, 329])
0	0.0	0.42192988335313886	([127], [127, 126])
0	0.0	0.42274074832526154	([331], [331, 330])
0	0.0	0.4240682840292701	([536], [536, 533])
0	0.0	0.42499301244088816	([275], [275, 274])
0	0.0	0.42522501100388743	([479], [479, 478])
0	0.0	0.4263691298856262	([284], [284, 279])
0	0.0	0.4307239531871071	([393], [393, 392])
0	0.0	0.4320349348993634	([495], [495, 494])
0	0.0	0.4324170792610513	([618], [618, 617])
0	0.0	0.4331263095719994	([216], [216, 215])
0	0.0	0.4353183918064047	([675], [675, 674])
1	0.41510439001098137	0.43628661111335393	([406, 398], [406, 405, 400])
0	0.0	0.4364646952876049	([532], [532, 531])
0	0.0	0.43649761441631024	([88], [68, 67])
0	0.0	0.43661494755764935	([246], [247, 244])
0	0.0	0.4367942377278894	([217], [217, 216])
1	0.4348298422763638	0.43684637026471956	([529, 518], [529, 524, 521])
0	0.0	0.4377139726404292	([114], [114, 113])
0	0.0	0.4381544248357409	([272], [272, 271])
0	0.0	0.4388158577068816	([250], [249, 248])
0	0.0	0.4396438711711644	([267], [267, 265])
0	0.0	0.4403529688224456	([482], [482, 479])
0	0.0	0.4404843773217749	([257], [257, 152])
0	0.0	0.4406123361031539	([276], [276, 257])
0	0.0	0.44406148929732264	([382], [382, 381])
0	0.0	0.4447176575194246	([248], [248, 247])
0	0.0	0.44496150098425413	([67], [68, 66])
0	0.0	0.4475295557745394	([274], [274, 272])
0	0.0	0.44798644452718206	([273], [273, 272])
0	0.0	0.45140546500475354	([29], [29, 28])
0	0.0	0.4544983072190168	([253], [253, 251])
0	0.0	0.4559381102584703	([62], [30, 29])
0	0.0	0.45886132965662085	([277], [653, 258])
0	0.0	0.45912596941631795	([258], [258, 67])
1	0.45396144361558716	0.4591423817542357	([247, 241], [247, 244, 241])
0	0.0	0.4617940743255046	([0], [277, 276])
0	0.0	0.4629972830924249	([152], [246, 245])
0	0.0	0.46429601454416025	([245], [277, 275])
0	0.0	0.46659514586253675	([270], [270, 248])
0	0.0	0.47105011529695284	([271], [382, 260])
0	0.0	0.4716040169015044	([260], [273, 264])
0	0.0	0.4754992036536754	([264], [675, 267])
0	0.0	0.47777958425594663	([262], [262, 252])
1	0.46567739903090427	0.4785527546906435	([245, 244], [247, 246, 241])
0	0.0	0.4797250494532211	([265], [617, 256])
1	0.4760656768573841	0.48089917553707695	([495, 482], [495, 492, 487])
0	0.0	0.48179842257597516	([263], [263, 250])
0	0.0	0.517219209210765	([254], [254, 253])
1	0.4874240793595464	0.521880598522682	([270, 244], [270, 248, 244])
1	0.4884458366176129	0.558937998926309	([454, 449], [454, 453, 449])
1	0.560459009683556	0.5711496008234016	([291, 282], [291, 287, 284])
1	0.569604715324708	0.5958704197464101	([284, 271], [284, 277, 275])
1	0.5862184051519054	0.6011779599006198	([162, 153], [162, 161, 153])
1	0.5986183336623624	0.6044536258203376	([337, 329], [337, 333, 331])
0	0.0	0.6116746297655058	([256], [650, 268])
1	0.603690861627274	0.6178647395769613	([289, 272], [289, 284, 283])
1	0.6152212692030801	0.6197107832107711	([353, 339], [353, 348, 339])
1	0.5178223998707102	0.6211077373194063	([283, 262], [283, 273, 272])
1	0.6004669422992592	0.6220649592496429	([469, 449], [469, 465, 449])
1	0.623664633752993	0.6272058549878253	([446, 427], [446, 434, 427])
1	0.6303573140047013	0.6339129964369643	([560, 541], [560, 557, 541])
1	0.6219328208647974	0.6348193583332903	([275, 243], [275, 271, 243])
1	0.6150185014827143	0.6350365105588868	([306, 288], [306, 303, 298])
1	0.6262498159818731	0.6365189947217023	([389, 375], [389, 383, 375])
1	0.6309384613029623	0.6378333634284895	([548, 449], [548, 539, 449])
1	0.6223035131138333	0.6400071451006499	([32, 16], [32, 20, 16])
1	0.5705455964207292	0.6422210142114051	([449, 419], [449, 432, 423])
1	0.5293747945841235	0.646919023952485	([289, 263], [293, 275, 274])
1	0.646158544005606	0.6502364948060971	([43, 18], [43, 32, 18])
1	0.6372491835692636	0.6521395388805101	([308, 0], [318, 311, 308])
1	0.6482658034418943	0.6564890898338565	([443, 421], [443, 434, 426])
1	0.6450153611653241	0.6579900927399054	([372, 351], [366, 361, 351])
1	0.6476228793344981	0.6606912323823204	([449, 304], [449, 311, 304])
1	0.6467510229567793	0.6621156199026917	([562, 449], [570, 562, 561])
1	0.6500003437826978	0.6631506097577257	([510, 478], [510, 503, 480])
1	0.6530564715092351	0.6648558148883155	([366, 339], [368, 366, 339])
1	0.6565627496065272	0.6659171785529585	([635, 620], [635, 631, 629])
1	0.6390059764902364	0.6662285214355674	([471, 443], [471, 452, 443])
1	0.6654653289175309	0.666381460442165	([389, 369], [389, 375, 372])
1	0.6616946805192003	0.6693489294328946	([639, 621], [639, 632, 628])
1	0.6557564347272137	0.6712426915663066	([412, 271], [427, 420, 271])
1	0.6665451976028003	0.6749290030841583	([305, 17], [305, 297, 288])
1	0.6317959136381623	0.67588176227877	([217, 172], [217, 201, 182])
1	0.6652904539820045	0.6763406722811296	([339, 311], [339, 311, 306])
1	0.6708148845999098	0.6773039339551747	([600, 587], [600, 594, 587])
1	0.6389318965607895	0.6797761476170102	([358, 335], [358, 352, 335])
1	0.678517309312977	0.6798018121611297	([432, 403], [432, 421, 415])
1	0.6632707857498833	0.6814533031790296	([449, 180], [449, 185, 180])
1	0.6611066149344684	0.6815301652649591	([587, 567], [587, 582, 567])
1	0.6800324292992562	0.6836577409860918	([219, 169], [219, 206, 179])
1	0.6583658398238555	0.6849705904344922	([540, 511], [540, 530, 515])
1	0.6424866055564665	0.6864281460636275	([486, 449], [486, 478, 476])
1	0.6675952335401586	0.6864810134315199	([666, 640], [666, 654, 647])
1	0.6694716010443339	0.6866670693959896	([306, 233], [306, 305, 239])
1	0.6740041882693959	0.688246913544128	([237, 16], [237, 234, 18])
1	0.6769433462093429	0.6887564838926181	([225, 180], [225, 219, 180])
1	0.6309131081143318	0.688780409170526	([339, 306], [335, 322, 306])
1	0.6458040939863534	0.6896697273060535	([314, 303], [314, 307, 298])
1	0.6325082415046127	0.6896697273060535	([316, 302], [316, 314, 298])
1	0.6162633750992369	0.6898399886924055	([220, 175], [220, 219, 175])
1	0.6879777388173253	0.6907545668804947	([457, 412], [457, 445, 443])
1	0.6362865660422172	0.6911819481431829	([317, 271], [317, 315, 296])
1	0.6613987162278907	0.6914755743077056	([237, 46], [237, 46, 18])
1	0.6504694837034505	0.6925050195916947	([509, 449], [509, 486, 481])
1	0.6569512993866164	0.6927603656676767	([449, 164], [449, 139, 113])
1	0.6853265872732042	0.6929206478027555	([377, 319], [377, 338, 319])
1	0.6922075269539962	0.6965583118359446	([625, 605], [627, 625, 605])
1	0.6947242024838651	0.6969268492149757	([363, 321], [363, 335, 326])
1	0.692132093552918	0.6970665104632862	([224, 176], [224, 218, 176])
1	0.6941372282934345	0.6973452949032104	([572, 551], [572, 568, 551])
1	0.6392570373318766	0.6973754662830776	([506, 271], [529, 513, 512])
1	0.5384918003597934	0.6975190293925736	([271, 253], [273, 262, 252])
1	0.6778424733045566	0.6976532369538385	([660, 635], [660, 651, 643])
1	0.6879134594201474	0.6977812977949561	([86, 44], [86, 70, 44])
1	0.6845094014685215	0.6978914454580396	([182, 158], [182, 174, 162])
1	0.6760160637625212	0.6986828941817391	([84, 60], [85, 84, 60])
1	0.6826771271473566	0.6992434519920537	([385, 356], [373, 365, 357])
1	0.6409328990967783	0.7000800336044845	([362, 333], [362, 345, 342])
1	0.6777262754787261	0.7002746774196822	([550, 512], [550, 537, 512])
1	0.6883474054225405	0.7006825084197397	([313, 236], [310, 306, 236])
1	0.6934361243218174	0.7013158006660773	([72, 19], [81, 72, 17])
1	0.5008217017086368	0.7013762483442383	([274, 263], [274, 263, 252])
1	0.6973642254797379	0.7021257109631027	([92, 18], [92, 72, 17])
1	0.6705520813345385	0.7025912625458482	([57, 17], [57, 51, 17])
1	0.6981139928739134	0.7026882147162633	([369, 322], [369, 366, 322])
1	0.70267350299458	0.7038436067543902	([607, 582], [607, 602, 582])
1	0.7010677604930593	0.7038816904962137	([211, 157], [211, 204, 157])
1	0.6579466886018918	0.7044449509247336	([46, 9], [46, 18, 13])
1	0.6962659639015535	0.7045367894289495	([246, 33], [246, 239, 32])
1	0.6923424235078058	0.7048721622845221	([84, 17], [84, 60, 17])
1	0.676807113447849	0.7054489415796943	([596, 339], [596, 367, 359])
1	0.6865795607116614	0.705953608967346	([625, 595], [625, 605, 595])
1	0.6954205299053735	0.7063398165355776	([249, 39], [249, 246, 39])
1	0.6954718758761319	0.7068100704172732	([645, 613], [645, 635, 613])
1	0.6881676726907383	0.7072509641738266	([173, 136], [173, 168, 136])
1	0.7018509007103719	0.7074389929664882	([89, 42], [89, 52, 42])
1	0.7026641385611497	0.7080693907408564	([589, 340], [596, 589, 340])
1	0.6680144739318697	0.7082667350861279	([277, 245], [449, 448, 278])
1	0.6685879769408858	0.70862076417996	([246, 218], [246, 240, 217])
1	0.7004966976863589	0.7086940919949011	([89, 52], [89, 70, 62])
1	0.49082067830825526	0.7090296199166529	([275, 270], [275, 270, 253])
1	0.6874559447925056	0.7098531003163676	([302, 242], [302, 298, 242])
1	0.6947456381586495	0.7099626382184037	([356, 325], [356, 351, 325])
1	0.6567203747595505	0.7104754597750008	([384, 358], [384, 369, 367])
1	0.6850291590370164	0.7104866680644724	([597, 372], [597, 596, 372])
1	0.6416466806815455	0.711000314167166	([448, 245], [277, 272, 245])
1	0.7101600011670398	0.7113534456128967	([228, 172], [237, 228, 165])
1	0.6525401762622774	0.7114037633602971	([238, 166], [232, 220, 166])
1	0.7031373626216673	0.711847582606333	([167, 17], [173, 153, 136])
1	0.6968329709329705	0.7119984862348049	([239, 164], [239, 220, 219])
1	0.7075809348935811	0.7123152626717754	([366, 330], [366, 358, 330])
1	0.6926388076224995	0.7123222723883074	([223, 17], [222, 179, 17])
1	0.6646991418430395	0.712373657054463	([361, 327], [352, 344, 323])
1	0.6802166424318465	0.7128045384950191	([380, 323], [380, 363, 361])
1	0.7115116882853242	0.7128489868514416	([136, 97], [136, 107, 102])
1	0.706858443031457	0.7131820175497692	([214, 155], [215, 188, 155])
1	0.6857659938667648	0.7136264820448173	([376, 341], [376, 350, 346])
1	0.6971800175228513	0.7141916336562142	([48, 11], [48, 32, 18])
1	0.7096174814833951	0.7142021527402225	([95, 55], [95, 84, 55])
1	0.6905745196214825	0.7150869279778099	([375, 335], [375, 358, 357])
1	0.7143325853299398	0.7155636880458682	([600, 334], [600, 593, 358])
1	0.6997932501609051	0.7155980166119797	([251, 214], [251, 243, 215])
1	0.7051453217383646	0.7156308099851589	([455, 409], [457, 455, 409])
1	0.7148159949709977	0.7160172972457258	([243, 21], [245, 243, 34])
1	0.7014210663390854	0.7160991935447302	([360, 312], [360, 358, 312])
1	0.5964931411548078	0.7162438979840191	([530, 449], [539, 513, 509])
1	0.7042051565024954	0.7162734809968511	([385, 233], [385, 384, 231])
1	0.689344224259763	0.7163341484891055	([614, 17], [627, 614, 605])
1	0.7128975898833919	0.7163773034932506	([606, 581], [606, 592, 588])
1	0.7164408101245521	0.7164477726432766	([639, 607], [639, 631, 607])
1	0.7023132587852453	0.7165656549242898	([229, 60], [238, 229, 220])
1	0.7160162413820413	0.716722315383459	([613, 358], [613, 603, 358])
1	0.706546615811337	0.7169945043711982	([215, 159], [214, 210, 160])
1	0.708819243660057	0.7179562461709543	([630, 594], [630, 615, 613])
1	0.7029056787607991	0.7189145162622642	([53, 16], [53, 44, 14])
1	0.6720994279584028	0.719010220714123	([377, 343], [377, 368, 339])
1	0.6908564943210629	0.7191200848249006	([593, 366], [596, 593, 339])
1	0.7142640204231813	0.7191710507867904	([209, 146], [209, 182, 156])
1	0.7109676957134745	0.7192712135474608	([488, 447], [488, 475, 472])
1	0.7181852259561315	0.7193543697104245	([235, 175], [235, 223, 175])
1	0.7155154669135668	0.719477048058056	([333, 305], [333, 319, 312])
1	0.7076590579948698	0.7195271215112027	([332, 47], [332, 233, 46])
1	0.7077680298480798	0.7195636288828665	([670, 607], [670, 669, 598])
1	0.7100688890030042	0.7195810914403907	([153, 85], [153, 85, 44])
1	0.7104840245657336	0.7196803203589449	([631, 585], [631, 630, 594])
1	0.7032683045247372	0.7198189754370442	([630, 575], [630, 594, 589])
1	0.7064184944443943	0.7198637354553101	([471, 281], [471, 444, 281])
1	0.7147827722041278	0.7204015022031016	([47, 10], [47, 17, 14])
1	0.6374084794772097	0.7204125460398025	([570, 449], [562, 556, 555])
1	0.7128381305519442	0.7205005473673352	([283, 21], [302, 283, 242])
1	0.7128722213777237	0.7207454609818916	([319, 286], [319, 309, 286])
1	0.7101610937051298	0.7211548024309271	([72, 40], [72, 51, 40])
1	0.6886780931007732	0.7214211619477924	([515, 448], [515, 512, 448])
1	0.6230972464634855	0.7217427859371959	([255, 23], [255, 42, 23])
1	0.721505675126599	0.7217656504997378	([656, 627], [656, 651, 627])
1	0.7143172345200473	0.7218762633699166	([240, 40], [240, 237, 18])
1	0.7184451130448456	0.721945602827245	([230, 153], [230, 222, 171])
1	0.7060762584677965	0.7219488596884237	([669, 598], [670, 635, 631])
1	0.7156401191558606	0.7220999541046937	([223, 9], [223, 17, 9])
1	0.6988475224149737	0.7231258449402758	([137, 93], [137, 104, 99])
1	0.701174247154282	0.7233168940970537	([662, 610], [660, 643, 609])
1	0.6928139223590613	0.7240817647165982	([648, 612], [650, 636, 612])
1	0.7157816166712054	0.7240817647165982	([665, 612], [665, 650, 612])
1	0.6878291565200264	0.7241457632491988	([309, 238], [309, 305, 238])
1	0.7073238453833246	0.7244972311632724	([602, 365], [602, 592, 358])
1	0.6943867132537859	0.7254023889146739	([236, 54], [239, 236, 45])
1	0.7248724327546018	0.7254174214499122	([164, 95], [164, 137, 95])
1	0.6787184644818244	0.7254972353328722	([243, 215], [242, 240, 218])
1	0.6934781176836233	0.7255447816308975	([245, 34], [246, 243, 30])
1	0.7193845225992979	0.7256980684162799	([378, 347], [378, 371, 347])
1	0.6757493650389642	0.7260197954098103	([238, 84], [166, 136, 96])
1	0.7133909154167855	0.7263619387280554	([669, 334], [669, 624, 613])
1	0.720696743643747	0.7264253380002145	([307, 84], [307, 306, 84])
1	0.6918007582050127	0.7268475077608775	([358, 230], [358, 310, 236])
1	0.7076060442411257	0.7268475077608775	([331, 236], [358, 331, 236])
1	0.7132187098863664	0.7269093517232658	([599, 341], [599, 597, 338])
1	0.689377568800392	0.7271758490446036	([645, 563], [634, 631, 563])
1	0.71115355671219	0.7272578891466505	([244, 42], [244, 243, 34])
1	0.7226469664837635	0.7273245025029172	([249, 213], [249, 242, 213])
1	0.7242357684555614	0.7276436662681286	([592, 373], [595, 592, 370])
1	0.7211756899906584	0.7276939689370658	([659, 611], [659, 648, 611])
1	0.7131297063440247	0.7279345960723757	([231, 2], [237, 16, 1])
1	0.7067518011793444	0.728032175300453	([583, 357], [593, 583, 339])
1	0.7188367133127583	0.7280846032263453	([213, 141], [213, 183, 149])
1	0.7197623029522635	0.7282120884140336	([593, 317], [593, 339, 317])
1	0.7212857070497295	0.7282299946546127	([573, 554], [573, 562, 554])
1	0.7143220788967877	0.7282962409953058	([235, 48], [238, 235, 44])
1	0.7251517755430703	0.728375499099012	([229, 7], [233, 229, 7])
1	0.7110700513923852	0.7285570927007123	([100, 59], [100, 93, 59])
1	0.6400620419898069	0.7286517015259999	([620, 449], [638, 620, 619])
1	0.6975249270529585	0.7288772990772224	([153, 98], [153, 135, 98])
1	0.7238712423170462	0.7288909871121622	([105, 68], [105, 95, 84])
1	0.6975205170737099	0.7292590611691341	([601, 560], [601, 589, 575])
1	0.6978986925010231	0.7292598956820575	([87, 16], [87, 65, 16])
1	0.6924512953252979	0.729274993757445	([229, 170], [238, 229, 170])
1	0.6873155943211068	0.7293012689411745	([594, 331], [594, 593, 334])
1	0.7259546575088878	0.7294324644376966	([554, 448], [555, 554, 448])
1	0.7150498500077287	0.7296592256145653	([310, 16], [307, 237, 229])
1	0.712041877634933	0.7296592256145653	([306, 48], [308, 307, 237])
1	0.7086211394978542	0.7296597537842376	([327, 237], [327, 314, 308])
1	0.7038196767684872	0.7297541814438551	([324, 231], [339, 324, 231])
1	0.6718002213737413	0.7299499723012338	([153, 17], [137, 113, 17])
1	0.7289860340412261	0.7300813293370615	([586, 237], [593, 586, 2])
1	0.7153074975578152	0.7301815326750982	([649, 358], [651, 649, 604])
1	0.7121674510821379	0.7303423671543563	([383, 310], [383, 373, 310])
1	0.7255384984461729	0.7303522317949134	([583, 307], [595, 583, 307])
1	0.7244595864561627	0.7303522317949134	([604, 307], [604, 595, 307])
1	0.7183057134133682	0.7305442474270474	([595, 370], [592, 370, 359])
1	0.7267173796268943	0.7306407265093433	([596, 328], [596, 339, 338])
1	0.7288081428135336	0.7309454740448587	([673, 602], [673, 647, 630])
1	0.7303693289514857	0.7309872332579734	([595, 4], [595, 326, 324])
1	0.729884349327092	0.7309941211115494	([324, 4], [325, 324, 3])
1	0.7060642601650748	0.7310344891844252	([169, 100], [225, 171, 100])
1	0.6958904117175271	0.731280194257611	([308, 237], [307, 306, 236])
1	0.7173138441570357	0.7313171093194901	([162, 101], [168, 162, 101])
1	0.727458648393905	0.7313401766816636	([570, 538], [570, 567, 538])
1	0.6546667473766419	0.7313521600928035	([449, 193], [449, 209, 155])
1	0.7238217439907055	0.7313936706789398	([240, 157], [240, 217, 182])
1	0.7272039176155247	0.7314932424536983	([643, 574], [659, 643, 581])
1	0.7140830492761335	0.7315165582313156	([534, 466], [534, 513, 466])
1	0.7172205916903752	0.7316184522123631	([237, 85], [237, 85, 43])
1	0.7292919413676603	0.7316390354688218	([429, 338], [429, 390, 389])
1	0.7103874928416848	0.7316503556529759	([325, 3], [325, 320, 2])
1	0.7288480168672743	0.731731233974044	([390, 305], [390, 358, 305])
1	0.7084157381642027	0.7317507021219648	([649, 589], [649, 604, 601])
1	0.7148902951701621	0.7320629231342435	([362, 237], [362, 339, 231])
1	0.7180502575923174	0.7321361289039138	([339, 1], [339, 321, 1])
1	0.6848449038864264	0.7321430703245936	([309, 1], [339, 237, 231])
1	0.6667454328242738	0.7321430703245936	([339, 226], [339, 326, 237])
1	0.7191725210412461	0.7321700286643664	([96, 58], [96, 93, 58])
1	0.7168905783519274	0.7322082662041017	([109, 58], [109, 98, 58])
1	0.7309028838115618	0.7322333051212453	([172, 21], [172, 164, 21])
1	0.6884524529491689	0.7323054332638939	([233, 6], [229, 223, 9])
1	0.7261422105829263	0.7323459513908391	([560, 522], [560, 554, 522])
1	0.7308828583208475	0.732493791733226	([305, 10], [305, 19, 17])
1	0.6580541593614108	0.732493791733226	([288, 17], [305, 239, 19])
1	0.7143217451890812	0.732494111581348	([168, 93], [169, 162, 100])
1	0.7318264862318391	0.7328543935456774	([336, 16], [596, 359, 16])
1	0.7278864833017585	0.7329936262594968	([647, 339], [663, 660, 339])
1	0.6434917494037081	0.7330435306300842	([305, 239], [288, 277, 272])
1	0.7323667196953078	0.7332005334143774	([172, 15], [172, 21, 15])
1	0.72597560933159	0.7332434368735194	([487, 453], [487, 472, 471])
1	0.7134991060369478	0.7333328963282111	([595, 235], [595, 327, 324])
1	0.7225165291606984	0.7334378951721269	([582, 349], [599, 584, 582])
1	0.6920706266798995	0.7336171684421409	([385, 17], [385, 341, 17])
1	0.6999356857433543	0.7337576817470037	([225, 95], [168, 136, 93])
1	0.7198219964557747	0.733829156110799	([332, 1], [332, 47, 1])
1	0.7279618127549288	0.7338342985930656	([585, 367], [596, 586, 585])
1	0.7122742254067367	0.7338531305271766	([221, 58], [229, 221, 57])
1	0.7096138374986212	0.7338648182281999	([133, 77], [133, 102, 97])
1	0.7113591641726796	0.7339339289557871	([594, 321], [594, 331, 321])
1	0.697844930094171	0.7340882688539999	([611, 576], [611, 576, 569])
1	0.7323720921296615	0.7340928758256011	([575, 358], [575, 572, 358])
1	0.6924349981745053	0.7341978627988157	([358, 64], [358, 236, 54])
1	0.7175574947010267	0.7343146314232154	([341, 2], [341, 17, 2])
1	0.6871759149147736	0.7344047760479084	([136, 70], [136, 97, 70])
1	0.6685704889761283	0.7345960132665513	([302, 21], [283, 272, 21])
1	0.7088509557517485	0.7346411260164482	([320, 2], [320, 307, 237])
1	0.7128823820937786	0.7347747796026529	([595, 326], [595, 589, 340])
1	0.73036981071097	0.7347821432287284	([336, 227], [339, 336, 227])
1	0.6508125268981344	0.734871306070242	([239, 18], [236, 229, 84])
1	0.7321606281127543	0.7349253325805895	([561, 358], [600, 571, 358])
1	0.7187513441387039	0.7349655635234075	([63, 4], [63, 48, 18])
1	0.7288891823455608	0.7349655635234075	([235, 63], [235, 63, 48])
1	0.7229486712521419	0.7350518698458617	([586, 389], [586, 583, 389])
1	0.7289121866462546	0.7350589877247664	([623, 560], [627, 623, 560])
1	0.730225388897633	0.7351395757474017	([645, 384], [650, 645, 384])
1	0.6997155632090514	0.7351862227096533	([332, 233], [358, 332, 47])
1	0.732668009544491	0.735279801177454	([612, 580], [612, 594, 587])
1	0.7057717606295046	0.7352927640989563	([675, 623], [675, 666, 623])
1	0.609950838944609	0.7353053688514064	([358, 4], [595, 363, 326])
1	0.7219740617129755	0.7353054534024012	([649, 376], [645, 613, 358])
1	0.7327456535832019	0.7355657259370729	([670, 387], [670, 387, 339])
1	0.7161804605557378	0.7357619781481707	([670, 339], [649, 647, 359])
1	0.7296701572280423	0.735789355446112	([467, 418], [467, 451, 418])
1	0.7322428766666277	0.7357919583669944	([353, 304], [358, 353, 304])
1	0.7148087943138424	0.7358592353975019	([230, 87], [230, 87, 18])
1	0.7332097406787774	0.7358663115505106	([629, 543], [629, 618, 542])
1	0.7287230803755229	0.7358834337822937	([226, 16], [237, 226, 225])
1	0.6839662240743816	0.7358877165914621	([358, 167], [358, 230, 171])
1	0.7340472490086588	0.7359296269241485	([392, 352], [392, 375, 352])
1	0.7056733843385323	0.7360591863169729	([378, 326], [378, 351, 347])
1	0.7309454926062142	0.7360970766812595	([481, 351], [481, 351, 17])
1	0.7137178335730263	0.7361354988206508	([74, 35], [74, 70, 38])
1	0.7167587197617418	0.7362544302838918	([580, 387], [580, 570, 339])
1	0.73028771241831	0.7365386483983546	([586, 337], [586, 585, 329])
1	0.7198898082127745	0.7365386483983546	([598, 329], [598, 585, 329])
1	0.7148365438417142	0.7366135313563756	([596, 16], [359, 358, 310])
1	0.7249473864215428	0.7366688624505686	([224, 88], [224, 220, 87])
1	0.7108788250057689	0.7366688624505686	([175, 70], [230, 224, 87])
1	0.7174533697427321	0.7366799333074822	([538, 446], [538, 517, 446])
1	0.7091166268296608	0.7367481547196917	([438, 272], [471, 438, 272])
1	0.7223301182270829	0.7367554199131087	([319, 235], [319, 306, 236])
1	0.7348463137917489	0.736806705082389	([640, 334], [645, 640, 358])
1	0.7203294198281148	0.7368651792912848	([659, 581], [643, 642, 581])
1	0.73485287460888	0.7369773758279013	([646, 602], [646, 630, 615])
1	0.7095495149743778	0.7370115944580978	([672, 597], [672, 665, 597])
1	0.7120714341550938	0.7370122035107773	([239, 86], [239, 86, 19])
1	0.7262763654345591	0.7370592706173826	([228, 61], [231, 228, 54])
1	0.728298825402534	0.7371189067141866	([564, 383], [569, 564, 383])
1	0.7066987464079991	0.737241464569421	([443, 282], [443, 439, 277])
1	0.7324800568624625	0.7373355568268706	([325, 166], [325, 309, 307])
1	0.726804180222732	0.7373863817186095	([624, 572], [624, 612, 572])
1	0.7358066370143074	0.7374729778867284	([353, 224], [358, 353, 224])
1	0.7362159290736543	0.7377528421208409	([368, 3], [368, 339, 1])
1	0.7352161281314168	0.7378752970532141	([381, 236], [381, 333, 331])
1	0.7169090937514093	0.7378752970532141	([381, 333], [381, 351, 331])
1	0.720200019696229	0.7378999596630023	([481, 432], [473, 453, 450])
1	0.729989137746651	0.7381210975215063	([219, 48], [235, 219, 166])
1	0.7249219937271295	0.7381232284494937	([136, 19], [239, 181, 19])
1	0.7204388268436687	0.7382760381470946	([384, 345], [384, 381, 345])
1	0.7330882844005931	0.738356190316759	([591, 332], [591, 586, 337])
1	0.724107285323684	0.7383645255374576	([567, 374], [567, 560, 376])
1	0.7321598256967596	0.7384887844999684	([656, 374], [656, 374, 353])
1	0.7377042322976121	0.7386703064013769	([174, 50], [231, 174, 50])
1	0.7002777194441218	0.7387545131739618	([165, 63], [175, 165, 63])
1	0.7384844132930044	0.738869285944202	([246, 67], [246, 81, 72])
1	0.7197766666287138	0.7390963764858242	([670, 367], [670, 387, 367])
1	0.7205423584593087	0.7391496036218078	([95, 47], [95, 55, 43])
1	0.7009341800997856	0.7393064380062224	([222, 66], [227, 222, 66])
1	0.689347239876668	0.7393477688956945	([248, 73], [248, 73, 41])
1	0.7327868838339138	0.739438394912387	([642, 483], [642, 512, 503])
1	0.7165064419680479	0.7395009210558366	([618, 540], [618, 611, 540])
1	0.7147559268562913	0.7395231051418375	([160, 28], [214, 160, 42])
1	0.7349373638008538	0.7395580096041992	([573, 363], [583, 573, 357])
1	0.7282556837067682	0.7397742274676741	([318, 15], [318, 306, 15])
1	0.720942570479658	0.7397805128294185	([560, 375], [649, 580, 567])
1	0.7337685311280548	0.7397805128294185	([670, 567], [670, 649, 567])
1	0.7074080743654245	0.7397848202045167	([108, 82], [133, 108, 100])
1	0.7370928090172152	0.739814317024761	([664, 503], [664, 663, 572])
1	0.7371618553823326	0.7399814344140457	([605, 565], [605, 582, 581])
1	0.705711851991853	0.7399971009934685	([588, 379], [592, 569, 379])
1	0.6408161856497241	0.7400144894904656	([427, 271], [472, 443, 420])
1	0.7278287385345804	0.7400941069669833	([376, 332], [380, 376, 332])
1	0.7311085058741167	0.7401237923408431	([661, 588], [661, 631, 630])
1	0.7373202475667413	0.7401448675562109	([531, 453], [531, 505, 470])
1	0.7169789882524344	0.7401677162668983	([375, 227], [375, 336, 331])
1	0.7332669969600527	0.7402084444801659	([389, 288], [390, 389, 288])
1	0.728983641082475	0.7402084444801659	([433, 288], [433, 390, 288])
1	0.7256566588365612	0.7402121434573325	([592, 319], [595, 592, 324])
1	0.7329028318185888	0.7402959119087635	([112, 73], [106, 93, 92])
1	0.7212603494215324	0.7402988150601327	([246, 81], [246, 81, 39])
1	0.711072192814914	0.7403056585215783	([670, 346], [670, 366, 346])
1	0.7362652173051032	0.7405615422811391	([570, 367], [570, 367, 359])
1	0.7285561806711428	0.7406473082708263	([604, 373], [604, 584, 568])
1	0.7045446119686323	0.7406473082708263	([604, 568], [604, 587, 584])
1	0.7289809313743647	0.74091826183726	([217, 91], [217, 166, 153])
1	0.7025263093197613	0.7409744984859995	([470, 282], [470, 449, 291])
1	0.7027713435154155	0.7411091331344155	([386, 354], [386, 380, 317])
1	0.7368738006993553	0.7411436291341879	([377, 16], [377, 370, 16])
1	0.7137802048083243	0.7412901362447027	([572, 503], [570, 503, 475])
1	0.7288878964020579	0.7413050380162848	([161, 78], [179, 161, 137])
1	0.7415006425786167	0.7416957435268915	([410, 302], [443, 410, 282])
1	0.7288977495249863	0.7417592488844162	([582, 394], [582, 394, 338])
1	0.7303194521300104	0.7419099217203607	([327, 6], [327, 237, 11])
1	0.7419137886012506	0.7419745593740896	([161, 105], [168, 161, 105])
1	0.7372249219490358	0.7421406962006659	([185, 21], [185, 172, 158])
1	0.679327959723001	0.742195636316592	([627, 558], [627, 592, 560])
1	0.7267658723408004	0.7423708553904496	([321, 44], [320, 237, 19])
1	0.7318940707477686	0.7424075713386373	([76, 24], [76, 70, 41])
1	0.7373882054246331	0.7424463976490251	([671, 570], [671, 612, 594])
1	0.7360956781622222	0.7424584266405696	([232, 94], [232, 164, 94])
1	0.7420165867387504	0.7424908107435163	([597, 391], [597, 391, 372])
1	0.7333687139204198	0.7425089570048731	([619, 545], [629, 619, 543])
1	0.7342966068381596	0.7425578436875069	([617, 550], [613, 592, 560])
1	0.6902449525486043	0.7428572521342744	([441, 358], [561, 542, 358])
1	0.7230866853118672	0.7428716520031241	([240, 71], [246, 240, 71])
1	0.7271684208624237	0.7429596601414719	([590, 378], [590, 378, 347])
1	0.7268533870066934	0.7430533987695198	([215, 94], [217, 215, 94])
1	0.7388713735007929	0.7430921442193605	([247, 93], [247, 239, 93])
1	0.728539039187735	0.7431283754793294	([91, 48], [91, 68, 66])
1	0.7328264766320306	0.7432306333816342	([134, 36], [153, 134, 42])
1	0.6874261345844972	0.7432398809927012	([351, 233], [351, 324, 231])
1	0.6862335033382078	0.7432398809927012	([384, 231], [384, 351, 231])
1	0.6728097115049545	0.7433012182075129	([304, 240], [304, 286, 240])
1	0.7397559486815825	0.7433582737785366	([627, 330], [627, 339, 330])
1	0.7178635027188055	0.7434593824689522	([623, 582], [627, 623, 582])
1	0.7203670279462885	0.7435258300035106	([226, 98], [226, 98, 58])
1	0.7201893090019225	0.7435258300035106	([226, 49], [226, 221, 58])
1	0.7408753561624163	0.7435434409919125	([558, 468], [558, 538, 468])
1	0.705274006169549	0.7435534049931198	([610, 558], [610, 594, 558])
1	0.7285967546914006	0.7435791203026457	([589, 9], [595, 589, 9])
1	0.7406890412644851	0.7435865767013665	([613, 573], [613, 586, 584])
1	0.687384772501961	0.7436410275207767	([556, 339], [570, 562, 339])
1	0.7410098310979002	0.743758228068263	([598, 349], [598, 349, 340])
1	0.7415366207197667	0.7438069185001842	([673, 361], [673, 376, 361])
1	0.7386058003240795	0.7439660773932981	([321, 234], [321, 234, 11])
1	0.742048519226928	0.7439805801690083	([163, 58], [221, 167, 163])
1	0.7370984313930746	0.7440553355492487	([319, 218], [319, 235, 234])
1	0.7245737413882953	0.7440784640230127	([536, 249], [536, 471, 272])
1	0.7108062908633568	0.7440784640230127	([530, 272], [536, 530, 272])
1	0.6990468183323106	0.7442167387808861	([227, 8], [222, 94, 65])
1	0.7370707232752635	0.7442400189181828	([312, 3], [312, 310, 3])
1	0.7084372403680107	0.7445225197092733	([218, 102], [218, 149, 101])
1	0.6988300813626755	0.7445247939264267	([354, 317], [386, 377, 354])
1	0.7310308227903047	0.7445848336165815	([141, 89], [141, 113, 107])
1	0.7316491028775737	0.7445920703487219	([358, 94], [358, 171, 100])
1	0.7293078588964705	0.7447163390228032	([228, 14], [235, 228, 19])
1	0.7386427447951605	0.74476642676476	([218, 20], [246, 218, 20])
1	0.7344151086845684	0.7448414408893822	([242, 117], [242, 150, 117])
1	0.7345876028151124	0.7448978951712832	([601, 385], [601, 387, 385])
1	0.6582020451509003	0.7448998771558849	([271, 155], [271, 155, 126])
1	0.7092930040616079	0.7449133709785526	([646, 378], [646, 602, 383])
1	0.732607485467092	0.7449133709785526	([657, 383], [657, 646, 383])
1	0.7337729734194679	0.7449924535886031	([376, 314], [383, 376, 320])
1	0.7418749910899004	0.7453371657378897	([627, 389], [627, 615, 592])
1	0.7237026288483228	0.7453794464236945	([389, 340], [389, 370, 340])
1	0.707097587714882	0.7454008111983623	([656, 347], [668, 375, 366])
1	0.7033818058344565	0.7454008111983623	([668, 375], [670, 668, 366])
1	0.7370476828424989	0.7454416972073965	([656, 576], [657, 604, 578])
1	0.7431144178197359	0.7455033296695996	([71, 6], [71, 48, 4])
1	0.7137580777015171	0.7455033296695996	([85, 4], [85, 71, 4])
1	0.6845247951590296	0.7456789538816522	([324, 17], [593, 377, 11])
1	0.7028853568994418	0.7456981253462844	([272, 74], [272, 74, 38])
1	0.7144449425735724	0.7457509416481539	([596, 313], [596, 331, 328])
1	0.7368946439904727	0.7459124910957007	([570, 392], [571, 570, 392])
1	0.7390367784723552	0.745986534685128	([93, 12], [93, 46, 42])
1	0.6484908878308397	0.7460822257435823	([44, 0], [240, 44, 18])
1	0.7326050482297288	0.7461038291107239	([389, 9], [589, 586, 9])
1	0.718236515461572	0.7461368895234468	([462, 406], [462, 426, 419])
1	0.7274106192830975	0.7461667920111501	([380, 2], [380, 332, 2])
1	0.7366507699409565	0.7461854826954326	([615, 389], [615, 575, 389])
1	0.7128923576496959	0.7463786902399642	([308, 8], [319, 308, 8])
1	0.7413406419622746	0.7465710510701358	([166, 6], [237, 166, 6])
1	0.7372928990700115	0.746825705440499	([534, 277], [534, 471, 277])
1	0.656003671714551	0.746873843973441	([596, 367], [441, 430, 358])
1	0.6980956858452737	0.7469040296824788	([602, 383], [602, 597, 383])
1	0.7404172462292702	0.747053229664098	([336, 48], [338, 63, 57])
1	0.7364829811864304	0.7470677932287719	([103, 24], [110, 103, 24])
1	0.7439879534711308	0.7472893812033374	([583, 10], [583, 574, 10])
1	0.7267765149783394	0.7472991694721763	([635, 392], [635, 625, 392])
1	0.6882467845111607	0.7473090156872715	([627, 17], [614, 597, 17])
1	0.740179308029766	0.7473736342065894	([599, 228], [599, 338, 221])
1	0.633116270407918	0.7475782998588187	([449, 275], [449, 311, 291])
1	0.6221008345898126	0.747599350307467	([240, 0], [240, 236, 3])
1	0.6567228807368297	0.7476491318700121	([498, 358], [572, 503, 358])
1	0.7434843188228961	0.7476600815541024	([381, 47], [381, 351, 17])
1	0.7275477698026102	0.7477394363876753	([653, 542], [641, 567, 542])
1	0.7075368690383292	0.7477444960999019	([102, 21], [134, 102, 21])
1	0.7338251505087634	0.7477718410353169	([606, 381], [592, 581, 381])
1	0.6983379521099257	0.7478501848456222	([467, 388], [467, 433, 418])
1	0.7096842904306453	0.7479249664564365	([376, 5], [376, 350, 5])
1	0.7236518733303207	0.7479405856648672	([380, 229], [380, 317, 232])
1	0.7388906719570996	0.7479871779112831	([359, 42], [359, 42, 16])
1	0.7218046120717241	0.7481580222134911	([632, 570], [632, 594, 586])
1	0.740687469246143	0.748165082348954	([537, 444], [554, 537, 444])
1	0.7309046483740672	0.7482529551705521	([117, 81], [117, 110, 81])
1	0.7469759545718033	0.7484102441403852	([477, 278], [477, 448, 447])
1	0.7431079212372069	0.7486235950136048	([493, 411], [493, 453, 411])
1	0.7465444170098753	0.7487039480671044	([353, 14], [353, 14, 1])
1	0.7478858246017983	0.7488807976630872	([141, 24], [141, 89, 42])
1	0.7485323228411908	0.7489674454410282	([338, 5], [352, 350, 5])
1	0.7356498781449955	0.7489684709283152	([443, 247], [470, 443, 247])
1	0.7386540533855535	0.749139976335697	([309, 98], [309, 238, 98])
1	0.7452300731506024	0.749399934602377	([651, 52], [651, 587, 567])
1	0.7213152332534579	0.7494693057332372	([562, 526], [562, 542, 537])
1	0.7387337767765784	0.7494857710410727	([639, 307], [639, 630, 559])
1	0.7471355430692626	0.7494870194180359	([477, 404], [481, 477, 404])
1	0.7379872570972317	0.7495368873995889	([675, 596], [675, 673, 596])
1	0.7465337368343334	0.749565070790844	([602, 233], [602, 593, 233])
1	0.749289558594292	0.7495859917597216	([172, 97], [172, 97, 78])
1	0.727285234647621	0.7495884783410438	([589, 391], [597, 589, 584])
1	0.7357878433913291	0.7496423030365752	([663, 396], [663, 616, 614])
1	0.7119121785486547	0.749686771313781	([570, 46], [570, 46, 1])
1	0.6907440815843046	0.7497131883582525	([570, 17], [570, 367, 17])
1	0.73527456703704	0.7497594858321728	([630, 375], [673, 630, 390])
1	0.7045919750821534	0.7497594858321728	([605, 392], [673, 663, 390])
1	0.7431123438635361	0.7500182084857415	([608, 403], [608, 403, 387])
1	0.7316466920904136	0.7500696685379475	([613, 475], [613, 597, 17])
1	0.7298747911731016	0.7501205779722683	([616, 229], [627, 593, 339])
1	0.732287385370664	0.7501506053319025	([644, 569], [644, 606, 570])
1	0.7439724042765858	0.7501626059083564	([612, 317], [612, 593, 365])
1	0.7219251893726911	0.7502411652653264	([585, 232], [592, 584, 324])
1	0.7461281057082882	0.750375383063605	([182, 37], [240, 182, 37])
1	0.7455622103730645	0.750375383063605	([286, 37], [286, 240, 37])
1	0.7278460842929763	0.7504307501102678	([178, 60], [230, 178, 60])
1	0.7493993460882917	0.7506017231301505	([568, 393], [569, 568, 393])
1	0.7110150806332265	0.750654259150229	([670, 318], [670, 318, 309])
1	0.7320334048813054	0.750654259150229	([415, 309], [670, 387, 309])
1	0.7355959702500084	0.7509473785154489	([559, 429], [559, 429, 392])
1	0.7477780197128419	0.751068302539612	([132, 72], [136, 132, 72])
1	0.7434063175140345	0.7511631680192725	([624, 557], [624, 618, 538])
1	0.7337344169811274	0.7512137814922072	([432, 307], [430, 429, 307])
1	0.7155468112578993	0.7512821018975642	([75, 34], [75, 70, 42])
1	0.7091115224762844	0.7513243045069589	([317, 232], [380, 329, 312])
1	0.7396860094404673	0.7513243045069589	([582, 380], [582, 380, 329])
1	0.7319895651361892	0.7513285256023235	([383, 230], [383, 368, 230])
1	0.7463857115844669	0.751381836088838	([620, 480], [620, 480, 470])
1	0.71119775985507	0.751381836088838	([620, 534], [620, 536, 470])
1	0.7222619799167198	0.7515208924165286	([561, 389], [564, 561, 389])
1	0.7196944725466689	0.7515570846534048	([106, 20], [142, 141, 24])
1	0.723414447454419	0.7516447120916581	([378, 224], [378, 365, 224])
1	0.6717987215365543	0.751645780086442	([246, 158], [246, 183, 158])
1	0.7482722066135039	0.7517738528274533	([468, 298], [468, 389, 298])
1	0.7248583441184404	0.7517812076792093	([669, 391], [669, 601, 589])
1	0.7348213661922736	0.75195107970623	([308, 178], [308, 225, 178])
1	0.7003884118612509	0.7520000288619799	([594, 306], [594, 321, 308])
1	0.7456075367775457	0.7521131253943513	([467, 286], [468, 467, 286])
1	0.736677135172444	0.7521791219017915	([158, 27], [158, 141, 26])
1	0.708104983710329	0.7521918840176439	([329, 229], [329, 321, 229])
1	0.7365532210938912	0.7522092195912131	([630, 319], [630, 559, 313])
1	0.7165909058226645	0.75235640389186	([331, 57], [599, 595, 228])
1	0.733109269583261	0.7525042767185114	([540, 463], [540, 479, 463])
1	0.7475032532898842	0.7525388060009511	([650, 327], [650, 351, 325])
1	0.7459242474805374	0.7525804022074045	([503, 309], [503, 363, 358])
1	0.7362947119943442	0.7525887307139203	([652, 397], [652, 646, 397])
1	0.7409089314373698	0.7526080080841062	([384, 308], [384, 376, 320])
1	0.7523884342967951	0.7526349110943696	([91, 3], [91, 44, 14])
1	0.74444960765655	0.7526502473421242	([587, 361], [587, 583, 357])
1	0.7166410223482168	0.7527716776898132	([665, 393], [670, 665, 386])
1	0.7468844811600897	0.7528390599599276	([583, 543], [583, 569, 543])
1	0.7438406241100399	0.752859149029804	([109, 28], [109, 103, 24])
1	0.7222460156322967	0.752871199457875	([511, 288], [511, 472, 288])
1	0.7524736321014135	0.7529274845195264	([215, 74], [215, 94, 74])
1	0.7153196784133523	0.7529290191023805	([638, 396], [663, 657, 396])
1	0.7174082806548351	0.7530196368109944	([658, 590], [658, 631, 590])
1	0.7368308859304915	0.7530862259502383	([631, 365], [657, 383, 377])
1	0.751633328540539	0.7530862259502383	([672, 377], [672, 657, 377])
1	0.7504972900748464	0.7531555679229474	([300, 22], [300, 295, 34])
1	0.7438953903243107	0.753215689881556	([536, 297], [536, 297, 274])
1	0.7409162617821744	0.7532712822799554	([137, 23], [242, 155, 23])
1	0.7243961990135434	0.7534414488840792	([618, 444], [618, 554, 538])
1	0.737302948224128	0.7534414488840792	([636, 554], [636, 618, 554])
1	0.7489608487660964	0.7535459879675922	([393, 353], [394, 353, 343])
1	0.7503393615763251	0.7535725347900647	([420, 280], [444, 420, 281])
1	0.7399338382927625	0.753589616469468	([673, 376], [673, 390, 361])
1	0.7292962523254176	0.75385852439662	([50, 8], [231, 50, 8])
1	0.7367419391568297	0.7539195688764371	([304, 7], [304, 288, 280])
1	0.7271659405921208	0.7539434027741955	([335, 7], [335, 327, 6])
1	0.6126611092091173	0.7540932723812578	([449, 311], [471, 467, 300])
1	0.7323315421844044	0.754130579828043	([642, 512], [631, 560, 558])
1	0.722538823909002	0.754218133788194	([158, 82], [158, 138, 82])
1	0.745136475276272	0.7542262884833325	([619, 460], [619, 553, 537])
1	0.5985423658721148	0.75428433224694	([331, 0], [331, 236, 2])
1	0.6264047718303434	0.7543616914455814	([638, 449], [618, 542, 480])
1	0.6950157726648869	0.754409407850088	([521, 339], [570, 503, 339])
1	0.7221683938553634	0.754546998035649	([272, 124], [272, 124, 104])
1	0.7543168485213844	0.7545697618042513	([632, 368], [632, 616, 378])
1	0.7406462294118996	0.7545697618042513	([616, 378], [646, 632, 378])
1	0.7292196973661288	0.7546708202705678	([560, 246], [560, 511, 467])
1	0.7452541144075654	0.7547017702317694	([328, 49], [389, 360, 328])
1	0.7473902547439905	0.7547770950149456	([674, 569], [674, 670, 569])
1	0.7431673439688429	0.7548574948529542	([564, 342], [584, 576, 342])
1	0.7535442574681237	0.7550885236044153	([67, 22], [76, 67, 22])
1	0.7233693571588438	0.7551552238017605	([601, 354], [601, 368, 354])
1	0.7546111093113369	0.7552011385029904	([405, 339], [405, 401, 339])
1	0.6924772380908527	0.7552048555285011	([358, 289], [572, 358, 277])
1	0.7325903719885106	0.755356222781037	([607, 362], [607, 591, 373])
1	0.634448567924104	0.7553639609497413	([271, 27], [271, 248, 27])
1	0.7409995914980366	0.7554655204573988	([104, 35], [104, 82, 74])
1	0.7535071268536606	0.7554655204573988	([125, 74], [125, 104, 74])
1	0.7528727500853384	0.7554857869662797	([550, 16], [560, 550, 16])
1	0.7225650231003202	0.7555769294318792	([425, 17], [425, 413, 385])
1	0.7442815787131777	0.7555958635235795	([294, 28], [294, 272, 28])
1	0.7257077190332261	0.7557954287846427	([223, 40], [223, 175, 99])
1	0.7438726399349758	0.756057206674556	([204, 116], [195, 156, 116])
1	0.7269411272895099	0.7563186323031972	([170, 71], [170, 97, 72])
1	0.7535946386971242	0.7563273580602751	([642, 343], [642, 581, 344])
1	0.7266638850753103	0.7563273580602751	([630, 344], [642, 617, 344])
1	0.7388515089240566	0.7565114880248547	([542, 404], [542, 404, 389])
1	0.7426655665851992	0.7565114880248547	([653, 389], [653, 542, 389])
1	0.7541988689926656	0.7565494386681132	([249, 134], [249, 155, 134])
1	0.6375939466786199	0.7565494386681132	([271, 126], [271, 249, 155])
1	0.6803735474168803	0.7566171072737418	([358, 76], [358, 76, 64])
1	0.721088675442618	0.7566186876028912	([144, 39], [116, 103, 39])
1	0.7222823511681274	0.7566569956718586	([671, 342], [671, 601, 570])
1	0.7404142201312413	0.7566661018374466	([209, 39], [249, 209, 155])
1	0.7278446927403306	0.7566721975820622	([213, 38], [214, 208, 22])
1	0.7443043031038988	0.7568410240168686	([553, 460], [619, 460, 407])
1	0.7554156578191726	0.7570805872489739	([328, 14], [328, 323, 14])
1	0.7262850437943285	0.7570984672950076	([539, 295], [547, 539, 280])
1	0.7553403284058559	0.7571287514041403	([628, 351], [628, 602, 593])
1	0.7484079979326054	0.7573237120321025	([476, 285], [476, 469, 285])
1	0.752328337998017	0.7574055912611216	([673, 574], [673, 574, 567])
1	0.7472236520018267	0.7574865378684036	([326, 95], [326, 237, 225])
1	0.6387225159938701	0.7576091061072932	([572, 271], [470, 450, 358])
1	0.7532586689974918	0.7576793519464567	([369, 168], [378, 224, 93])
1	0.7321705600635354	0.7576793519464567	([361, 93], [378, 361, 93])
1	0.7511289299482191	0.7576963660979202	([90, 2], [97, 90, 2])
1	0.7549644785605419	0.7578192269344486	([557, 340], [573, 557, 340])
1	0.6861104156208089	0.7579149748503008	([339, 131], [339, 163, 102])
1	0.7543272939935045	0.7580880798076948	([648, 322], [648, 385, 374])
1	0.7452007582306175	0.7580880798076948	([648, 13], [648, 632, 374])
1	0.7199641527063702	0.7581108599524449	([446, 339], [446, 435, 339])
1	0.7560110033514347	0.7581192772266871	([191, 81], [191, 189, 81])
1	0.7541665990258676	0.7582045392081325	([335, 60], [335, 60, 7])
1	0.7578754840620902	0.7582045392081325	([567, 60], [567, 60, 7])
1	0.7107695909412052	0.7582556513537125	([389, 49], [389, 288, 49])
1	0.7536043695452965	0.758271562521689	([383, 239], [416, 383, 239])
1	0.7373877016564326	0.758419514597425	([159, 31], [159, 148, 31])
1	0.7278975086243277	0.7586228648691806	([585, 51], [585, 232, 51])
1	0.6493698451507207	0.7586453606855653	([193, 0], [240, 211, 157])
1	0.7340887617509496	0.7586734249045513	([663, 572], [664, 624, 613])
1	0.7571750927551035	0.7587148392566795	([540, 437], [540, 463, 437])
1	0.7527210072368719	0.7588342699119909	([606, 394], [610, 606, 394])
1	0.7520059079620522	0.7588434107781301	([307, 99], [307, 226, 99])
1	0.7567433118800647	0.758936252137866	([244, 197], [244, 208, 197])
1	0.7392384631467396	0.758960778804766	([671, 511], [671, 570, 503])
1	0.7514646035485374	0.7589927146076079	([577, 315], [582, 577, 315])
1	0.7237366042671037	0.758999223209014	([315, 13], [323, 315, 13])
1	0.7283750844116481	0.7592038226773692	([354, 308], [354, 317, 314])
1	0.7363519469670571	0.7593158043119208	([452, 303], [452, 443, 247])
1	0.7592458163379986	0.7593814032613068	([182, 108], [182, 137, 108])
1	0.7582940790105445	0.7594866384862391	([163, 36], [163, 141, 26])
1	0.7555707418767873	0.7595333204471808	([530, 434], [530, 449, 442])
1	0.7590037027480167	0.7595901476721204	([205, 140], [205, 167, 150])
1	0.7093119473236824	0.7595921229415358	([108, 26], [108, 106, 26])
1	0.7563493920620272	0.7596364867675152	([124, 25], [124, 112, 25])
1	0.7324159002154552	0.7598517741684431	([619, 410], [619, 530, 470])
1	0.7505224249012076	0.7598527746382541	([667, 388], [667, 618, 388])
1	0.7547825376539675	0.7598555032561556	([634, 395], [634, 616, 392])
1	0.7580565411617153	0.7599193543969923	([479, 297], [479, 471, 297])
1	0.726156956764459	0.7600438342580804	([374, 305], [391, 374, 305])
1	0.728728230590955	0.7601420480889854	([604, 541], [618, 604, 541])
1	0.7296224307839241	0.7601420480889854	([628, 541], [628, 618, 541])
1	0.7452653398527539	0.7601679925210479	([599, 84], [599, 229, 221])
1	0.7424139019348583	0.7602708120386237	([537, 306], [569, 543, 306])
1	0.5089557070777939	0.7603643607306185	([311, 263], [311, 293, 290])
1	0.756616851800424	0.7603744106630735	([304, 168], [304, 247, 168])
1	0.7482317707044488	0.7604623377627603	([466, 274], [466, 441, 316])
1	0.7292672121790016	0.7606109602566703	([594, 46], [600, 594, 46])
1	0.6464834044986076	0.7606550309915282	([603, 449], [603, 570, 558])
1	0.7515540790428648	0.7606957074233518	([566, 371], [582, 566, 371])
1	0.7295103437821687	0.7608347240976254	([576, 342], [671, 584, 570])
1	0.7589484439699272	0.7611270734661977	([564, 236], [564, 559, 236])
1	0.7365048714560134	0.7611384297478938	([178, 41], [178, 135, 132])
1	0.7544314542154485	0.7613076916166797	([615, 325], [650, 644, 325])
1	0.7479356191019289	0.7613272011092426	([147, 33], [147, 139, 33])
1	0.7431964332665625	0.761389030993328	([610, 86], [610, 594, 86])
1	0.7394749623180616	0.761451475397185	([536, 417], [536, 446, 417])
1	0.7482335406236801	0.7614940030039382	([339, 72], [570, 339, 72])
1	0.7580323384826619	0.7615192936909752	([568, 354], [568, 379, 354])
1	0.7451839207504722	0.7615951412392731	([370, 246], [370, 311, 246])
1	0.7606945190260441	0.7618709851554182	([335, 50], [335, 322, 44])
1	0.7361854200388847	0.7619731479566112	([340, 56], [347, 340, 54])
1	0.7542366949033186	0.7620491358174981	([579, 476], [618, 578, 476])
1	0.7383204192092996	0.7620527801569856	([671, 6], [675, 671, 6])
1	0.7539149009116226	0.7621440236392577	([675, 564], [675, 633, 564])
1	0.7534109883784184	0.7621637693289434	([455, 359], [467, 455, 359])
1	0.7233410693491819	0.7622857478286853	([675, 2], [671, 354, 233])
1	0.7618552289189674	0.7623904721218363	([316, 27], [316, 302, 27])
1	0.7555793583539584	0.7624126027382172	([670, 476], [670, 646, 569])
1	0.7208202867488227	0.7624971916407454	([481, 17], [481, 393, 391])
1	0.7617452480725545	0.7625892147870079	([659, 153], [659, 339, 153])
1	0.6398921671334828	0.7626627108945991	([472, 271], [420, 280, 272])
1	0.7401389282376201	0.7628270330615461	([574, 98], [574, 98, 10])
1	0.7589633173922248	0.7629386831234887	([621, 522], [621, 553, 548])
1	0.7558548003355068	0.7629386831234887	([621, 548], [621, 619, 553])
1	0.7350469236252662	0.7629425260620734	([369, 46], [369, 358, 52])
1	0.7081624905896517	0.7630316939725786	([272, 159], [272, 159, 128])
1	0.757771677922247	0.763051096518201	([313, 59], [313, 59, 46])
1	0.7382653665864524	0.7630846510431996	([568, 364], [568, 379, 374])
1	0.7504687505660778	0.7631381037613467	([588, 54], [588, 575, 228])
1	0.7378400774759095	0.7631381037613467	([669, 228], [669, 588, 228])
1	0.7456342941569206	0.7632280726029793	([587, 320], [587, 353, 335])
1	0.7595616109792521	0.7635296397321546	([468, 218], [389, 306, 218])
1	0.7534198868749029	0.7635593926130539	([626, 349], [652, 626, 433])
1	0.7576467412720966	0.7635760126505198	([553, 430], [539, 451, 450])
1	0.7595279329355222	0.7637254764044337	([140, 35], [140, 112, 35])
1	0.7604765845946153	0.7638198371689672	([395, 326], [395, 374, 322])
1	0.7392978939756784	0.7638793309900448	([587, 52], [651, 600, 46])
1	0.7511821904634212	0.7638908180912518	([127, 30], [272, 128, 30])
1	0.7592891879328728	0.7639538637876904	([612, 514], [612, 582, 558])
1	0.7623770775647178	0.7639837538521693	([671, 556], [671, 652, 556])
1	0.760187351183216	0.7640828986208985	([107, 22], [146, 132, 22])
1	0.6496107258067081	0.764146773568052	([567, 0], [567, 550, 538])
1	0.7615661689819634	0.7642120895390525	([591, 14], [591, 358, 4])
1	0.7613479963728473	0.7642470101783647	([669, 435], [669, 652, 435])
1	0.732090925694417	0.7642596234941472	([514, 407], [514, 477, 437])
1	0.7574857475785763	0.7642975786673654	([419, 290], [419, 416, 272])
1	0.7495133545063566	0.7643123998378796	([594, 510], [594, 558, 510])
1	0.7486854245580955	0.7646952254287078	([560, 15], [574, 560, 15])
1	0.741759102867466	0.7647238795852437	([611, 404], [611, 564, 383])
1	0.7062059055165979	0.7648160930782406	([162, 9], [225, 162, 100])
1	0.7450875101812078	0.7649206170731989	([310, 40], [310, 306, 40])
1	0.7250482370164527	0.764955989547778	([641, 388], [674, 640, 391])
1	0.7329538778637613	0.7649767146915785	([377, 71], [369, 71, 54])
1	0.7529493209271912	0.7650338851232843	([614, 393], [656, 614, 393])
1	0.759859219151571	0.765190919093831	([466, 403], [466, 450, 403])
1	0.7461213061512247	0.7652153946162135	([378, 65], [378, 326, 18])
1	0.7405140562672452	0.7652419733363158	([673, 86], [673, 596, 594])
1	0.7442001450539427	0.7652637052520448	([629, 221], [642, 323, 221])
1	0.740999606805213	0.7652651981061762	([389, 247], [389, 317, 288])
1	0.7644465225470786	0.7652713931052665	([564, 428], [564, 428, 389])
1	0.757815631049624	0.765288549496669	([560, 56], [560, 56, 17])
1	0.7343012850118825	0.765288549496669	([574, 11], [568, 560, 17])
1	0.7617920861616876	0.765408138100653	([609, 434], [609, 434, 431])
1	0.7531850894968483	0.765408138100653	([579, 431], [609, 579, 431])
1	0.7553409247436357	0.7654934653067271	([415, 342], [450, 415, 342])
1	0.7467005854886148	0.7656391544625498	([650, 557], [650, 582, 557])
1	0.7234878417542504	0.7656717752569026	([354, 12], [354, 233, 12])
1	0.7561412154255959	0.7656872414301668	([390, 97], [390, 305, 97])
1	0.7384655958424483	0.766062243984915	([652, 237], [652, 567, 556])
1	0.759072901261941	0.766079052711164	([563, 415], [563, 512, 479])
1	0.7640176024891103	0.7660919730495924	([641, 286], [641, 623, 286])
1	0.7290503245055748	0.7662176305948634	([647, 394], [647, 394, 378])
1	0.7591031387181673	0.7662458208137861	([367, 316], [466, 400, 316])
1	0.7567401184080652	0.7662948177807297	([645, 478], [645, 615, 473])
1	0.7573597308554261	0.7663478950804063	([665, 563], [668, 665, 563])
1	0.7539629597449943	0.7664182225024327	([553, 299], [553, 299, 277])
1	0.6916478620416346	0.7666148511677368	([622, 272], [622, 621, 555])
1	0.7653018736900286	0.7666203987126712	([339, 33], [339, 153, 37])
1	0.7544562473420047	0.7667419636860285	([644, 515], [644, 551, 542])
1	0.7063203651324498	0.7667429388031898	([389, 171], [389, 247, 231])
1	0.742724426767913	0.766750564865225	([596, 168], [596, 236, 168])
1	0.7459589988091007	0.7668620422986128	([334, 40], [334, 40, 11])
1	0.7620470037196959	0.7669513656435761	([648, 220], [667, 648, 220])
1	0.7421502528258008	0.7670832643295327	([558, 386], [558, 468, 431])
1	0.7665589495194612	0.7671317403054972	([310, 172], [310, 229, 225])
1	0.7656448293575798	0.7672338861343414	([396, 304], [396, 381, 304])
1	0.764673522163354	0.7672343456631606	([563, 8], [563, 324, 8])
1	0.740373589106292	0.767287855861852	([578, 55], [587, 578, 55])
1	0.7277233652043902	0.7673656817126968	([345, 15], [345, 15, 8])
1	0.7533312104510828	0.7674114395572699	([476, 354], [651, 601, 476])
1	0.7279315247097702	0.7674491890717206	([620, 315], [620, 614, 315])
1	0.7458408174718566	0.7674952339392148	([556, 304], [557, 537, 306])
1	0.756039175609174	0.7675527800612953	([626, 321], [626, 596, 372])
1	0.7662540036373657	0.76757824810339	([634, 9], [634, 614, 604])
1	0.7517850204944427	0.7675863792736595	([576, 372], [589, 576, 388])
1	0.7531346594286014	0.7675934788151686	([605, 54], [605, 54, 17])
1	0.7615126212827881	0.7676171395464445	([181, 51], [181, 72, 51])
1	0.7568202280400762	0.7676563936894619	([334, 226], [362, 334, 226])
1	0.7639556566023937	0.767656515992626	([327, 62], [339, 327, 62])
1	0.7673772713138565	0.7677205699550195	([568, 500], [568, 559, 503])
1	0.7674493523209873	0.7677531590744023	([504, 376], [504, 468, 339])
1	0.7541755887081409	0.7678322192970201	([656, 313], [656, 353, 313])
1	0.7661645054320053	0.7679334054013084	([582, 225], [661, 657, 225])
1	0.7470700705849664	0.7679986962853572	([609, 556], [615, 609, 556])
1	0.755931335226661	0.7682368162601942	([649, 15], [649, 626, 15])
1	0.7669918634077204	0.7684176056170962	([492, 420], [492, 477, 420])
1	0.7657352584123951	0.7684473848571355	([670, 522], [670, 522, 339])
1	0.7599081430927669	0.7685578944787507	([411, 335], [411, 398, 335])
1	0.7567937727773832	0.7686916752320534	([212, 24], [212, 158, 24])
1	0.7471656959029934	0.7688827325802984	([670, 162], [670, 162, 18])
1	0.7317204868784212	0.768892346526658	([441, 316], [469, 466, 285])
1	0.7286708560481219	0.7689154647606316	([629, 52], [629, 542, 52])
1	0.7251223974185921	0.7690661002371079	([566, 272], [566, 554, 544])
1	0.7454723557056405	0.7691646491169056	([655, 430], [655, 626, 503])
1	0.7454514102680277	0.7691835008292054	([435, 51], [435, 307, 15])
1	0.7407202039390808	0.7692171384452782	([614, 171], [614, 171, 17])
1	0.7601913810630715	0.7692240726275946	([344, 170], [344, 320, 170])
1	0.7318297169192362	0.7693296226758597	([482, 338], [631, 475, 338])
1	0.7583690765489348	0.7693415259240842	([161, 14], [237, 161, 14])
1	0.7690735536792103	0.7693506092847395	([503, 413], [503, 413, 339])
1	0.7592295341547382	0.7693523988270697	([448, 374], [567, 550, 448])
1	0.7595056947394309	0.7694207202176901	([540, 21], [554, 540, 21])
1	0.7236362499859053	0.7694782448479544	([338, 272], [595, 543, 272])
1	0.7470879151118928	0.769500693338583	([510, 402], [510, 468, 402])
1	0.7484338609876614	0.7695275848927541	([581, 534], [581, 572, 534])
1	0.7559997706250079	0.76956811178747	([658, 86], [658, 86, 17])
1	0.7469703614271251	0.7695832956042139	([348, 9], [348, 85, 9])
1	0.7412341747902342	0.7696355054555261	([610, 502], [610, 502, 490])
1	0.7410287782453889	0.7696471323386126	([167, 68], [167, 153, 68])
1	0.7686677751604295	0.7696491088429662	([642, 424], [642, 626, 425])
1	0.7585770208697862	0.7696625945270172	([633, 363], [633, 582, 371])
1	0.7568887743858185	0.7698722431054096	([616, 435], [616, 435, 310])
1	0.7553631148389696	0.7699762252811437	([417, 314], [417, 386, 314])
1	0.754145119337616	0.7700585348307712	([567, 7], [652, 567, 60])
1	0.7441633575478194	0.7700772213718549	([569, 175], [569, 306, 237])
1	0.7673472745369821	0.7701623398302062	([558, 336], [559, 558, 342])
1	0.7575221555030894	0.770225316600829	([623, 547], [638, 623, 547])
1	0.7473459268278396	0.7702798272330764	([615, 450], [615, 613, 481])
1	0.7419298024049252	0.7703222553861739	([504, 304], [557, 504, 468])
1	0.7556511376362172	0.7704243250069019	([623, 309], [644, 623, 309])
1	0.7680379757647726	0.7704552525769854	([346, 288], [346, 321, 288])
1	0.7427661294855517	0.7704924740260001	([661, 398], [661, 640, 391])
1	0.7479354346559945	0.7705085397757472	([673, 463], [673, 463, 411])
1	0.7501363145320437	0.7705497445333099	([661, 562], [661, 613, 562])
1	0.7443227080834754	0.7706224623161366	([551, 432], [551, 480, 473])
1	0.7566476750564317	0.7707786039761934	([425, 304], [425, 304, 285])
1	0.7617402253764761	0.7708038017621531	([379, 48], [383, 379, 48])
1	0.760486459045768	0.7708340644353173	([572, 435], [572, 435, 425])
1	0.7674119023644435	0.771041885450023	([564, 326], [564, 326, 17])
1	0.7631886989859356	0.7710915481760844	([542, 240], [542, 305, 240])
1	0.7604635725850742	0.7711195739811425	([561, 92], [561, 167, 92])
1	0.7699064051699782	0.7712546809370999	([198, 77], [198, 173, 77])
1	0.7702418166098722	0.7714026094323029	([192, 105], [192, 178, 105])
1	0.760923347025849	0.7714565606576188	([623, 510], [644, 623, 510])
1	0.7430716641697712	0.7715482405343969	([617, 395], [617, 607, 395])
1	0.7683377165029209	0.7715810556915992	([552, 390], [561, 552, 390])
1	0.7343298583847573	0.7715996682392497	([563, 230], [587, 563, 230])
1	0.7705076000398368	0.7716091673110524	([628, 230], [628, 625, 230])
1	0.7580033848001724	0.7716159985380784	([652, 509], [567, 538, 528])
1	0.7427111133304477	0.7717311693665865	([630, 169], [630, 225, 169])
1	0.7642210995462986	0.7717311693665865	([661, 225], [657, 630, 225])
1	0.7528752596838078	0.7719212756350664	([393, 331], [589, 393, 331])
1	0.7602113407066624	0.7719782718514483	([628, 415], [628, 627, 415])
1	0.7259691331672156	0.7721115133176133	([273, 36], [285, 273, 36])
1	0.758864320993135	0.7722468758541082	([559, 466], [559, 503, 486])
1	0.7598689211499879	0.7722468758541082	([639, 502], [639, 559, 486])
1	0.7586093125468756	0.7722517965128244	([504, 246], [492, 469, 459])
1	0.7638471461161942	0.7723290275745059	([667, 413], [667, 413, 393])
1	0.7552240120943642	0.7723439513690484	([540, 298], [540, 472, 463])
1	0.7694376858597073	0.7724826708119251	([421, 317], [421, 317, 294])
1	0.7606314986753356	0.7724826708119251	([424, 294], [424, 421, 294])
1	0.7645781353829865	0.7725200353905854	([628, 249], [628, 619, 249])
1	0.7590704687308072	0.7725810547675934	([465, 241], [465, 441, 300])
1	0.7624400642404293	0.772601293623681	([174, 127], [174, 153, 141])
1	0.771247545722741	0.7727454212127997	([604, 238], [604, 596, 238])
1	0.7539958068563369	0.77279984442191	([373, 59], [373, 230, 226])
1	0.6934440220677168	0.7729605262622037	([381, 304], [558, 382, 381])
1	0.7717064481190268	0.7730501676741204	([525, 378], [526, 525, 378])
1	0.6583370777461062	0.7730775894263411	([444, 248], [444, 278, 276])
1	0.7473176268855091	0.7730817225413547	([551, 369], [560, 551, 367])
1	0.75466515172008	0.7732091624926767	([337, 53], [357, 60, 53])
1	0.7628477676030151	0.7732747708367421	([473, 305], [510, 473, 305])
1	0.7273049046960365	0.773277567406298	([339, 12], [339, 226, 12])
1	0.7496957761865007	0.7733083881133783	([334, 165], [334, 226, 174])
1	0.7504226734148354	0.7733313401987223	([615, 90], [657, 604, 90])
1	0.7427388955449139	0.7734263637771869	([403, 349], [403, 385, 349])
1	0.7550272183661455	0.7734263637771869	([644, 349], [644, 385, 349])
1	0.7621824280931006	0.7734338480985774	([210, 80], [210, 199, 80])
1	0.750619766431069	0.7735647521268184	([360, 59], [363, 360, 59])
1	0.7582903315403017	0.7736477327607476	([418, 295], [512, 418, 417])
1	0.7644888711577971	0.7736569011943167	([444, 58], [444, 248, 41])
1	0.7715786593992889	0.7736967401722128	([178, 13], [181, 178, 13])
1	0.7664101050269282	0.7737485972151721	([630, 432], [639, 630, 432])
1	0.7736655668740071	0.7738589495346103	([368, 169], [368, 328, 318])
1	0.7683184174569628	0.7740765431792561	([550, 285], [550, 435, 285])
1	0.7442209422086045	0.7740915956641812	([448, 220], [448, 246, 220])
1	0.642464019211382	0.7741709616316219	([550, 0], [550, 435, 427])
1	0.7566095322390876	0.7742250325647861	([395, 94], [395, 386, 94])
1	0.7645169381463678	0.7742998134481112	([249, 10], [249, 39, 10])
1	0.7608560618986664	0.7743197046899956	([656, 533], [656, 645, 524])
1	0.7562923824860447	0.7743619593078154	([600, 309], [600, 334, 309])
1	0.757299464686686	0.7743793593971624	([600, 99], [600, 99, 44])
1	0.7542072909217591	0.7744432990973763	([560, 219], [560, 246, 219])
1	0.7539464542367	0.774549172551213	([632, 474], [632, 615, 474])
1	0.7709714786782109	0.7745609516033465	([441, 243], [441, 300, 296])
1	0.7594527516170627	0.7746203889764534	([333, 84], [599, 333, 322])
1	0.7646990173733472	0.7746472919515305	([566, 226], [566, 371, 226])
1	0.6355999052720483	0.7747016889140803	([344, 271], [344, 317, 312])
1	0.7717595183163172	0.77483629731349	([558, 66], [558, 66, 17])
1	0.7648064340009166	0.7748434002698122	([540, 403], [540, 437, 435])
1	0.7642154080011323	0.7749491802528676	([328, 65], [596, 328, 65])
1	0.7572773796454428	0.774985918655294	([617, 436], [617, 511, 480])
1	0.7535262995755617	0.775055989795268	([622, 411], [622, 616, 392])
1	0.7549392581268419	0.7751797506713007	([425, 364], [425, 389, 385])
1	0.7733790324372201	0.7752899050814883	([627, 496], [627, 496, 481])
1	0.7581082787779557	0.7753703745921341	([388, 295], [388, 387, 295])
1	0.7724959268945483	0.7755427467747719	([287, 93], [287, 234, 93])
1	0.7691480154741582	0.7755601385998608	([633, 317], [633, 612, 582])
1	0.7504191943710063	0.775573150985427	([611, 166], [606, 599, 84])
1	0.7650272923945116	0.7757939739479032	([630, 526], [630, 560, 526])
1	0.7689482087375945	0.7759044303978803	([328, 169], [368, 230, 169])
1	0.7586789852349934	0.7759557101654532	([555, 292], [555, 542, 293])
1	0.7572727913051959	0.7760339315793103	([557, 377], [557, 377, 305])
1	0.763780510714324	0.7760955250168042	([617, 226], [617, 607, 226])
1	0.7375586377461227	0.7761881916339655	([356, 65], [596, 356, 321])
1	0.7723405963434246	0.7762298041229718	([666, 3], [666, 595, 594])
1	0.7591742680527553	0.7762444413618869	([631, 434], [631, 434, 360])
1	0.7568287106428172	0.7763379931924722	([571, 434], [571, 434, 392])
1	0.754574714130036	0.7763869362281168	([647, 501], [647, 520, 501])
1	0.7613960090910664	0.7764172933068215	([541, 286], [541, 302, 297])
1	0.7579087848935978	0.7764172933068215	([541, 302], [541, 536, 297])
1	0.7297507752674512	0.7764504846488	([645, 524], [645, 524, 473])
1	0.7748440178259624	0.7768508743071306	([609, 462], [615, 609, 462])
1	0.6330770067462548	0.7769020008248035	([318, 0], [318, 15, 3])
1	0.7662199839648551	0.7770321743379498	([506, 359], [506, 490, 359])
1	0.7647697634652296	0.7770352269553484	([633, 402], [633, 614, 402])
1	0.7723120829742394	0.7770581374809782	([394, 59], [571, 564, 59])
1	0.7512176485283585	0.7771798244262721	([655, 465], [630, 538, 526])
1	0.7678405253806698	0.7772717509697109	([332, 217], [332, 235, 217])
1	0.7679466013024145	0.7774021266162195	([660, 408], [660, 408, 391])
1	0.7509251543224862	0.7774818999893884	([384, 61], [384, 231, 50])
1	0.7617219418205393	0.7776445434827949	([666, 448], [664, 503, 481])
1	0.7640282622684711	0.7776818974995369	([562, 222], [562, 560, 219])
1	0.7413825951976909	0.7776930877169553	([628, 282], [628, 316, 282])
1	0.7764673359058034	0.7776930877169553	([624, 316], [628, 624, 316])
1	0.7589715740607637	0.7777068365177905	([480, 9], [558, 480, 9])
1	0.7704154093169152	0.7777751505329175	([331, 220], [331, 325, 220])
1	0.7686431470830573	0.7778890340994038	([368, 21], [368, 333, 272])
1	0.6469336988735148	0.7780129985144469	([170, 0], [170, 93, 71])
1	0.7599819404467513	0.7780129985144469	([393, 170], [393, 170, 93])
1	0.7741166298859862	0.778040559506652	([669, 539], [669, 619, 539])
1	0.7666403355793898	0.7780794074710166	([509, 239], [509, 455, 359])
1	0.7704897788791891	0.7782052512914526	([628, 72], [628, 570, 365])
1	0.7676324300992159	0.7782116555661054	([350, 219], [355, 350, 227])
1	0.7764220195626609	0.7782611685230679	([367, 73], [367, 230, 73])
1	0.7522692078955392	0.7782958663719667	([664, 352], [664, 634, 395])
1	0.7775668635754931	0.7785045896661854	([286, 163], [286, 235, 163])
1	0.7772658037902436	0.7785071351213956	([635, 227], [635, 232, 227])
1	0.7580862843262673	0.7785071351213956	([635, 94], [635, 601, 232])
1	0.638003871955427	0.7786963988010579	([415, 0], [468, 415, 280])
1	0.7546822862011966	0.7786989527155976	([576, 66], [576, 558, 342])
1	0.7782203427874205	0.778702486491188	([477, 321], [477, 321, 311])
1	0.7662224276435495	0.7787291953676894	([386, 220], [386, 332, 331])
1	0.7653222582582582	0.7787522018853723	([205, 107], [205, 202, 107])
1	0.6375537251445426	0.7788886203819124	([529, 271], [506, 472, 457])
1	0.7584852079111598	0.7789595326910503	([644, 57], [644, 233, 57])
1	0.7734860047434157	0.7790224361156631	([315, 65], [315, 230, 175])
1	0.7548292288498037	0.7791323162626838	([393, 136], [393, 386, 170])
1	0.7745943297306528	0.7794096559629194	([639, 218], [639, 218, 17])
1	0.7778024788969864	0.7794914829681677	([643, 222], [643, 599, 221])
1	0.7518642819394195	0.7797734771922941	([598, 488], [598, 558, 511])
1	0.7765987433413203	0.7797829353122043	([541, 85], [541, 286, 85])
1	0.716018561051544	0.7797829353122043	([623, 85], [623, 286, 85])
1	0.7316896019202682	0.7798004750785928	([659, 406], [659, 633, 406])
1	0.7550754005104359	0.7798068716635184	([526, 394], [531, 439, 418])
1	0.7629855740751593	0.7798315388138216	([553, 371], [553, 371, 315])
1	0.7237532694431372	0.7799865648272455	([348, 85], [348, 306, 85])
1	0.7663930419942648	0.7799865648272455	([368, 85], [368, 306, 85])
1	0.775124542696958	0.7801526731606082	([621, 279], [621, 548, 279])
1	0.757033754920181	0.7801772175420904	([345, 84], [345, 84, 2])
1	0.7763142449115237	0.7804029114651538	([341, 87], [341, 90, 87])
1	0.4980468226354821	0.7804718732292463	([287, 270], [287, 275, 273])
1	0.761705312353026	0.7806061683685225	([629, 246], [629, 623, 286])
1	0.7626922992031959	0.7806167390432992	([493, 307], [483, 474, 307])
1	0.761146772921872	0.7806812087767161	([581, 63], [606, 581, 63])
1	0.7560364996650353	0.7808234486644942	([662, 529], [662, 609, 525])
1	0.7772546654583515	0.7808285171190039	([431, 223], [387, 223, 10])
1	0.637431201712361	0.7809347757292621	([309, 271], [309, 285, 271])
1	0.7598726450494174	0.7809931699247473	([675, 239], [675, 239, 231])
1	0.7547218649546019	0.7810451324383054	([387, 94], [575, 386, 94])
1	0.7705089150653565	0.781071193161258	([525, 415], [538, 525, 415])
1	0.7532453948965433	0.7810735885743346	([598, 167], [650, 646, 167])
1	0.7577412489023381	0.7812302454057323	([395, 179], [395, 238, 179])
1	0.7566568698519938	0.7812302454057323	([395, 56], [395, 286, 238])
1	0.7794228839167793	0.7813929778817921	([516, 392], [516, 452, 447])
1	0.7753254505812549	0.7814048440322128	([398, 39], [398, 386, 17])
1	0.7178173226197248	0.7814853914906165	([673, 223], [673, 229, 223])
1	0.7789414841459342	0.7817480595033399	([424, 365], [424, 402, 365])
1	0.7705277332063044	0.7818343933609095	([613, 89], [613, 89, 16])
1	0.7766655118571388	0.7818546739607586	([340, 176], [340, 322, 176])
1	0.6444393856015228	0.7820009295898719	([449, 113], [449, 281, 155])
1	0.4875775800602452	0.7820548503457537	([506, 260], [532, 506, 504])
1	0.779909689944421	0.7820677861408908	([673, 286], [673, 376, 286])
1	0.7745005701215711	0.7820859146142111	([672, 171], [672, 307, 239])
1	0.7765129658500645	0.7820913078480051	([661, 451], [663, 661, 451])
1	0.7811614425706495	0.7825251206596509	([531, 337], [586, 555, 337])
1	0.7541826317775477	0.7825814222220775	([359, 247], [455, 445, 359])
1	0.7751004114218001	0.7828716016073418	([568, 91], [568, 234, 91])
1	0.7671529488182823	0.7830270116497597	([474, 357], [474, 357, 305])
1	0.7645058374429513	0.7830289514656905	([525, 225], [630, 524, 225])
1	0.7820848907197696	0.783088111121346	([445, 68], [445, 302, 247])
1	0.7781015186057451	0.7831795283275566	([475, 219], [475, 448, 246])
1	0.7761444316491793	0.7832217340188588	([372, 83], [372, 317, 83])
1	0.7657056080857618	0.7832739959651552	([402, 299], [420, 402, 299])
1	0.6388646623562942	0.7833983723233142	([93, 0], [567, 235, 170])
1	0.7740909813744207	0.7834584458777106	([607, 161], [607, 162, 161])
1	0.7570900887929507	0.7834866346786652	([652, 12], [669, 652, 12])
1	0.7710667919948032	0.7834981026277765	([595, 434], [595, 434, 384])
1	0.7790091836752018	0.7835320199430351	([571, 502], [610, 571, 502])
1	0.6516008056382224	0.7835659973826602	([271, 166], [309, 271, 166])
1	0.7721925987856247	0.7836276200265363	([380, 96], [380, 323, 96])
1	0.7582656314720184	0.7837544938140336	([549, 422], [549, 471, 438])
1	0.7780354684453769	0.7838246741769278	([465, 18], [566, 560, 18])
1	0.7571746644715275	0.7839695888215974	([661, 490], [661, 643, 490])
1	0.7667876720093142	0.784076740365886	([592, 85], [592, 311, 85])
1	0.7671252817572044	0.7840963412756049	([426, 85], [426, 309, 305])
1	0.7680450249393309	0.7841867035684876	([586, 433], [586, 433, 389])
1	0.7649055886572735	0.7842013040133037	([623, 428], [623, 480, 477])
1	0.7611615549762554	0.784252467891704	([625, 487], [625, 487, 462])
1	0.7840110949156548	0.7845225151144091	([629, 3], [629, 238, 221])
1	0.782029393796067	0.7845779128618808	([574, 50], [574, 569, 50])
1	0.7801935396837263	0.7846032968738247	([434, 97], [582, 434, 360])
1	0.779113642803254	0.7847261732440962	([607, 492], [607, 580, 492])
1	0.7617378482089934	0.7847718894233354	([657, 530], [657, 632, 272])
1	0.7772240761251525	0.7847773233691321	([510, 171], [510, 288, 239])
1	0.7690526409342022	0.7848427916762629	([351, 178], [616, 356, 349])
1	0.7663899124131602	0.7852025477588586	([655, 316], [655, 323, 316])
1	0.7726701169529855	0.7852329684884667	([662, 133], [662, 647, 167])
1	0.7710956950709702	0.7853514936864641	([277, 80], [277, 243, 80])
1	0.7610194205760276	0.7854235895802466	([403, 173], [403, 388, 228])
1	0.7678368428406254	0.7854904124136205	([474, 51], [474, 84, 57])
1	0.7841830348474965	0.7854942177808663	([621, 445], [621, 553, 445])
1	0.7760159055898727	0.7857749980858327	([476, 251], [513, 476, 420])
1	0.7814141557448006	0.7857814090124065	([299, 161], [304, 299, 161])
1	0.7786828032804182	0.7857890894527629	([626, 303], [626, 425, 285])
1	0.7641634507473772	0.7858873018143657	([625, 53], [642, 625, 580])
1	0.7721452395523452	0.7860071490055816	([638, 73], [638, 536, 242])
1	0.7372325894445787	0.7860219195552405	([639, 409], [639, 536, 409])
1	0.7644535799556337	0.7860692483462889	([502, 384], [502, 480, 9])
1	0.7566056958007461	0.7861955008606506	([518, 384], [518, 502, 471])
1	0.7756084842358226	0.7863489335068282	([316, 202], [316, 214, 202])
1	0.7500218558903364	0.7863500277592452	([658, 499], [658, 643, 499])
1	0.7657428578724288	0.7863761440477992	([513, 251], [555, 513, 251])
1	0.6168635790535586	0.7866066311616423	([255, 113], [255, 113, 23])
1	0.7850241009581033	0.7868054719361873	([460, 221], [562, 460, 433])
1	0.7580305798515004	0.7869715294106991	([590, 471], [590, 482, 471])
1	0.7448233646640793	0.7870942519276647	([533, 406], [533, 425, 406])
1	0.7859848306066465	0.7871209477108904	([651, 315], [651, 360, 317])
1	0.7832990841277302	0.7871889052998288	([633, 86], [633, 224, 98])
1	0.7759493149283484	0.787249544921537	([648, 504], [648, 642, 504])
1	0.7868215923840247	0.7874293569460166	([587, 80], [587, 80, 55])
1	0.7674628210620827	0.7874406776060034	([479, 165], [479, 165, 141])
1	0.7874757774594314	0.7875490733105267	([462, 92], [462, 92, 7])
1	0.7532115594627794	0.7875993878024652	([624, 419], [624, 618, 426])
1	0.7846766357217229	0.7876047000907626	([298, 180], [298, 240, 180])
1	0.7655024929095956	0.7877304628065254	([456, 380], [456, 434, 380])
1	0.7846843530768429	0.7877530350443207	([147, 2], [169, 147, 2])
1	0.7745966610441383	0.7878403907483787	([580, 181], [580, 232, 19])
1	0.7315583542201503	0.7878784118772199	([612, 100], [630, 612, 100])
1	0.7809981297823888	0.7879503367041744	([612, 484], [618, 612, 484])
1	0.7867293270989619	0.7879595908104443	([633, 439], [633, 439, 433])
1	0.7845065613803266	0.7880013659664078	([551, 227], [551, 369, 227])
1	0.7524829860507366	0.7880700909057126	([433, 66], [416, 239, 17])
1	0.7823343030638179	0.7881691567224954	([396, 101], [396, 385, 101])
1	0.7643354436419689	0.7883112821748114	([627, 106], [627, 559, 91])
1	0.7803066970323372	0.7883366107718895	([407, 327], [407, 394, 327])
1	0.784555527302402	0.7883671582811052	([552, 319], [568, 552, 319])
1	0.6284591529442368	0.7883927216437108	([268, 77], [268, 77, 25])
1	0.777413212743864	0.788440174585079	([633, 182], [633, 182, 175])
1	0.7796376987114109	0.7884732057789396	([624, 39], [624, 316, 300])
1	0.7694738821185768	0.7885580912201507	([397, 222], [397, 379, 378])
1	0.7547462723175692	0.7886504096633569	([616, 178], [616, 178, 175])
1	0.7845965197499523	0.7887890341072249	([658, 459], [658, 459, 400])
1	0.7735110362575103	0.7888562793990173	([657, 460], [657, 460, 383])
1	0.7807093258903182	0.7888987308941023	([491, 334], [572, 504, 347])
1	0.7626402278594754	0.7889907636241218	([489, 335], [489, 386, 345])
1	0.7845852306166965	0.7890337229205667	([654, 290], [654, 290, 286])
1	0.7513044175091208	0.7890337229205667	([654, 444], [654, 481, 286])
1	0.7885960382978231	0.7890606164396928	([560, 105], [560, 105, 95])
1	0.6475565268529455	0.7892061273401083	([615, 0], [654, 615, 389])
1	0.48434955829744514	0.7892815680151845	([264, 245], [273, 264, 245])
1	0.7721766278907778	0.7893843404209867	([448, 144], [448, 220, 136])
1	0.7837463126572396	0.7893990060357916	([617, 55], [617, 344, 55])
1	0.7391798228430354	0.7894163423983486	([670, 51], [670, 84, 58])
1	0.7831717876796161	0.7894163423983486	([636, 58], [670, 636, 58])
1	0.7491584581610246	0.7896474904869087	([539, 325], [539, 416, 325])
1	0.7719727290034039	0.7896863166270376	([404, 236], [404, 367, 236])
1	0.7852417476895234	0.7897489490175273	([527, 352], [561, 527, 511])
1	0.7815875702781867	0.7898827520118132	([141, 3], [135, 98, 3])
1	0.7803372344803703	0.789925785061243	([349, 82], [608, 403, 82])
1	0.7716189654565437	0.7899518396677129	([433, 8], [433, 388, 8])
1	0.774829004653148	0.7901117245691152	([465, 99], [465, 100, 99])
1	0.7834280593275986	0.7901336340831463	([650, 455], [650, 627, 455])
1	0.7833735352593523	0.7901748877597139	([647, 71], [647, 288, 246])
1	0.7765893866720291	0.7902036768119783	([608, 82], [588, 349, 82])
1	0.789836590461036	0.7902073842790381	([673, 302], [673, 302, 286])
1	0.7898420747584061	0.7903295291159036	([656, 244], [661, 656, 244])
1	0.7806625684168295	0.790420922763812	([658, 518], [658, 518, 392])
1	0.7765889351370594	0.7905697257064247	([456, 179], [456, 448, 179])
1	0.7799945421529833	0.7905704152569525	([409, 99], [415, 409, 99])
1	0.7884287257399878	0.7905890345794797	([597, 501], [597, 501, 17])
1	0.7741110945043678	0.7907111467518293	([423, 350], [433, 423, 350])
1	0.7419905688229241	0.7908268944404684	([654, 219], [654, 605, 563])
1	0.6373570481054668	0.7908396025392722	([468, 0], [193, 170, 140])
1	0.7574930479074073	0.7909047334405388	([429, 40], [429, 246, 20])
1	0.7573601415484843	0.7909285243241577	([350, 61], [350, 346, 61])
1	0.7724487673311694	0.7909408501337744	([627, 172], [627, 218, 172])
1	0.7909229254018789	0.7909631504276582	([480, 71], [480, 305, 240])
1	0.7733013195446622	0.7909631504276582	([482, 240], [482, 480, 240])
1	0.7872162973595538	0.7911499711691888	([434, 219], [434, 360, 227])
1	0.7887372320192023	0.791153288272311	([530, 91], [530, 288, 91])
1	0.7551406745787841	0.7912099373638883	([661, 19], [661, 655, 181])
1	0.7836702006408923	0.7912683404830688	([646, 91], [646, 167, 91])
1	0.7900980879482352	0.7913512797926929	([519, 371], [553, 519, 500])
1	0.7801071691561915	0.7913860132523645	([626, 69], [641, 626, 68])
1	0.7895817829912654	0.7916305990590413	([656, 31], [656, 313, 14])
1	0.6154413830304268	0.7916677459223834	([654, 0], [650, 93, 64])
1	0.7713082386787916	0.7917483836225987	([448, 192], [448, 220, 179])
1	0.7482003295920144	0.7922734160586231	([590, 61], [590, 333, 61])
1	0.7894881790699916	0.7924685923467274	([379, 109], [606, 394, 109])
1	0.7851576970961549	0.7924834565968792	([546, 158], [546, 250, 158])
1	0.7897095715062911	0.7925106930104163	([573, 274], [573, 546, 274])
1	0.7917992780615987	0.7929221099180035	([645, 49], [645, 628, 72])
1	0.7844757234439177	0.7929352124281354	([544, 224], [599, 544, 524])
1	0.7851103406427004	0.7930023582801841	([634, 492], [634, 623, 492])
1	0.7816635383516226	0.7930023582801841	([660, 492], [660, 623, 492])
1	0.7884352670967087	0.793006258344515	([645, 37], [645, 49, 37])
1	0.7831659886542799	0.7932825012285893	([658, 285], [658, 476, 400])
1	0.7897339432533172	0.7934010484969561	([621, 252], [621, 279, 277])
1	0.7920189977157032	0.793425277300468	([573, 168], [573, 219, 168])
1	0.7560208190744295	0.7935260145272698	([394, 87], [426, 401, 87])
1	0.7877265964668504	0.7935709804856249	([441, 222], [441, 287, 17])
1	0.7913195003353055	0.7936763917587298	([298, 55], [298, 55, 43])
1	0.7792925837282101	0.7936904715650354	([369, 283], [369, 307, 285])
1	0.7783469924911158	0.7938562403607298	([521, 44], [550, 521, 44])
1	0.7886021275249049	0.7939700889875527	([492, 348], [598, 492, 348])
1	0.7636985900773209	0.7940313894612587	([479, 141], [479, 389, 165])
1	0.7754165428575032	0.794095178289538	([553, 69], [553, 299, 69])
1	0.758894612854051	0.7941752986783425	([461, 48], [461, 435, 17])
1	0.7850474620419525	0.7943260936069134	([618, 283], [618, 386, 279])
1	0.7710973386922201	0.7943700647481674	([362, 68], [362, 223, 90])
1	0.7871826961902884	0.7944834446789589	([599, 497], [599, 593, 464])
1	0.5275154666822136	0.7945060772396069	([263, 114], [263, 125, 27])
1	0.743851586528698	0.7946157118311641	([574, 462], [574, 558, 462])
1	0.7725788816233986	0.7946359737730635	([432, 174], [432, 389, 174])
1	0.6563836945527186	0.7947641118302271	([271, 82], [271, 252, 82])
1	0.7725298657847696	0.7948121246237384	([512, 73], [512, 218, 93])
1	0.7777212818190168	0.7949262758463451	([470, 145], [470, 412, 145])
1	0.7804624281772953	0.7952460713071733	([407, 77], [477, 404, 77])
1	0.767713594370787	0.7952460713071733	([486, 77], [588, 404, 77])
1	0.789291194993593	0.7954947535133983	([675, 192], [675, 192, 13])
1	0.776220172238817	0.7956967349953634	([450, 217], [450, 429, 217])
1	0.779588094574027	0.7957561827053629	([312, 74], [312, 238, 74])
1	0.7952379780755219	0.7958649230643671	([526, 142], [526, 405, 142])
1	0.7897750161980336	0.7960228530085475	([484, 381], [484, 392, 381])
1	0.773291292892072	0.7960285685445999	([451, 69], [451, 272, 69])
1	0.7908768839054167	0.7960285685445999	([586, 69], [586, 272, 69])
1	0.7791320064740732	0.7960371549991175	([522, 2], [541, 522, 2])
1	0.7658860415637148	0.7960879062046304	([426, 24], [426, 87, 24])
1	0.7808671027107383	0.7961237525209691	([409, 16], [432, 409, 384])
1	0.7906273095677493	0.7964418324487045	([527, 222], [527, 381, 17])
1	0.5056705881413457	0.7965232059748493	([281, 260], [506, 281, 277])
1	0.7839514847796349	0.7965397941245403	([420, 183], [446, 420, 183])
1	0.625613859627408	0.7966340221567593	([665, 449], [665, 476, 449])
1	0.7849705722175571	0.7967729936112276	([609, 149], [609, 246, 149])
1	0.7864108795142161	0.797192870864713	([585, 179], [585, 232, 179])
1	0.7904527706658969	0.7973585433401288	([514, 230], [563, 549, 230])
1	0.7724828733508942	0.7976970808920062	([407, 137], [410, 407, 247])
1	0.7909289679401047	0.7977950660453867	([321, 104], [321, 104, 37])
1	0.785771003267774	0.7977960590277687	([514, 38], [514, 297, 242])
1	0.7847302503591199	0.7978975653898928	([530, 233], [631, 530, 233])
1	0.7899990290704738	0.797934126834992	([355, 156], [355, 339, 131])
1	0.7882486111462333	0.7979607615710593	([478, 224], [478, 288, 246])
1	0.7840516530175242	0.7979859291692493	([674, 472], [674, 475, 472])
1	0.7811595216076131	0.7980648242175766	([481, 234], [585, 481, 234])
1	0.7951147587976454	0.798095275661297	([620, 341], [620, 372, 337])
1	0.7834286186416236	0.7984626276303577	([514, 101], [514, 415, 280])
1	0.7845411323606416	0.7987333861585333	([648, 34], [648, 66, 34])
1	0.7900884506190575	0.7988832581711734	([667, 241], [667, 618, 241])
1	0.7969849879213805	0.7989993141292339	([394, 199], [394, 242, 198])
1	0.7983293321927003	0.7991653592407457	([611, 442], [611, 442, 428])
1	0.7744284023298882	0.7993808470421855	([510, 58], [570, 510, 344])
1	0.7975074543095766	0.799509970308247	([567, 75], [567, 235, 75])
1	0.7937820513238864	0.7995964455723882	([591, 89], [591, 366, 332])
1	0.7777348947691415	0.7998661246735603	([348, 140], [348, 238, 140])
1	0.788922418180324	0.7999732876034802	([410, 142], [410, 247, 102])
1	0.7915207523751274	0.8000172420057393	([364, 80], [364, 86, 80])
1	0.7943673762156868	0.800277048449121	([408, 120], [446, 408, 107])
1	0.7944080584285199	0.800277048449121	([459, 107], [459, 446, 107])
1	0.7842461223886579	0.8003066669610902	([473, 96], [473, 179, 163])
1	0.5165312429286602	0.8004957417698743	([497, 270], [497, 275, 272])
1	0.7935972425707576	0.8006977830689687	([622, 235], [622, 615, 235])
1	0.7837116202710953	0.8007743999593019	([462, 7], [477, 462, 92])
1	0.7927498890547959	0.8008262031284455	([438, 354], [499, 438, 354])
1	0.795043310344085	0.8009353906361864	([552, 163], [566, 552, 163])
1	0.7926276571252077	0.8009647469663653	([436, 88], [436, 237, 88])
1	0.7750389128895645	0.8010296476706049	([527, 213], [527, 412, 393])
1	0.7923613864832958	0.8015441786626394	([619, 130], [619, 572, 130])
1	0.7782156554713243	0.8019183192600209	([499, 211], [499, 302, 248])
1	0.7810848030984693	0.8020375510488758	([411, 166], [430, 411, 377])
1	0.7978762891655082	0.8020503015654094	([327, 108], [327, 204, 177])
1	0.7948800115216376	0.8021066205671297	([454, 347], [454, 447, 347])
1	0.7787351442289768	0.8021439622627606	([423, 162], [446, 423, 162])
1	0.7981029943676392	0.8021550555867185	([518, 12], [518, 392, 12])
1	0.7958855461285643	0.8022105194326484	([397, 189], [412, 397, 196])
1	0.7994348736280732	0.8022484312101595	([344, 191], [344, 191, 78])
1	0.7956987674813144	0.8022484456551774	([537, 42], [537, 292, 42])
1	0.785660965978644	0.8024382290637737	([606, 109], [379, 166, 109])
1	0.8009884973497187	0.8024609688059592	([576, 150], [576, 166, 150])
1	0.7595119471452817	0.8024637626098742	([620, 75], [620, 211, 180])
1	0.7965384475182106	0.8032169229398775	([410, 205], [410, 215, 205])
1	0.7541475542032257	0.8033980810639934	([503, 99], [503, 340, 99])
1	0.8001757939833911	0.8035066755761286	([419, 348], [419, 405, 348])
1	0.7998701845784262	0.8036507304403089	([456, 313], [456, 390, 380])
1	0.8023132538117662	0.803958181273829	([460, 133], [475, 460, 91])
1	0.7886345246818609	0.8041612213925488	([417, 191], [417, 412, 213])
1	0.8041126203894489	0.8044836960820749	([383, 108], [383, 108, 17])
1	0.8019285239483996	0.8049923382012057	([622, 122], [622, 248, 214])
1	0.7910172972260673	0.8050590719302876	([522, 66], [522, 435, 339])
1	0.7944903052949847	0.8054066641938338	([480, 178], [480, 339, 185])
1	0.7737065190814842	0.8055471727380389	([617, 141], [617, 179, 141])
1	0.7895689140470868	0.8070346070396149	([427, 202], [436, 427, 202])
1	0.7980168945356939	0.8071881090413612	([283, 222], [554, 541, 222])
1	0.785872036716062	0.8072122601731148	([662, 183], [662, 183, 109])
1	0.795707461400404	0.8073285882360296	([634, 108], [661, 634, 108])
1	0.8048833707833181	0.807722489301467	([366, 138], [366, 138, 17])
1	0.8073641017421516	0.8078285264283238	([517, 181], [517, 280, 195])
1	0.7893230652583533	0.8080148089441277	([510, 79], [510, 240, 171])
1	0.8080932956349375	0.8081604823251921	([442, 115], [442, 420, 121])
1	0.7903420733352982	0.8083119101383022	([400, 125], [400, 389, 135])
1	0.8066733436008041	0.808316335877426	([401, 155], [402, 401, 173])
1	0.8071690873795985	0.808363294557701	([433, 154], [433, 174, 154])
1	0.7869695827272359	0.8084083678762081	([550, 182], [550, 182, 92])
1	0.7934964935955797	0.8086590285510743	([505, 140], [611, 505, 407])
1	0.7943905854142519	0.8087506478436155	([472, 61], [472, 457, 87])
1	0.6120063651138447	0.8088017077799242	([255, 42], [255, 239, 23])
1	0.7978881084923567	0.8088117054921082	([534, 126], [508, 251, 242])
1	0.8069225455388287	0.8094845934599938	([532, 39], [553, 532, 39])
1	0.8050304858784357	0.809632114377951	([581, 251], [581, 509, 251])
1	0.8089269944139648	0.8103420489373828	([665, 243], [665, 625, 383])
1	0.8025397596129823	0.8103952508201778	([557, 88], [557, 272, 240])
1	0.8093225365913781	0.8104779565275622	([329, 146], [329, 146, 101])
1	0.8077616297039303	0.8108269051515543	([408, 176], [430, 408, 176])
1	0.8047708341012545	0.8113257025042196	([417, 25], [417, 191, 134])
1	0.7858366043701817	0.811643468440662	([473, 330], [473, 418, 330])
1	0.8095296702198979	0.8121053058811221	([522, 208], [522, 448, 208])
1	0.8123313521102818	0.8125339393586061	([598, 196], [598, 586, 224])
1	0.4971309093536267	0.8130967813237935	([258, 127], [258, 127, 67])
1	0.8072523648661094	0.813121878027944	([453, 111], [453, 393, 122])
1	0.7857837584298523	0.813240602664048	([407, 187], [407, 214, 187])
1	0.8045553970119783	0.8138305480567173	([638, 115], [638, 115, 104])
1	0.7936285175251462	0.8138305480567173	([529, 104], [638, 529, 104])
1	0.6283664959648243	0.8140673341043132	([484, 268], [530, 484, 393])
1	0.7743077706157828	0.8147861661092173	([647, 213], [647, 213, 178])
1	0.7849333062127841	0.8148640784502528	([496, 205], [496, 205, 182])
1	0.799155309341811	0.81492701346928	([484, 81], [486, 484, 81])
1	0.806622110532386	0.8151688752965741	([406, 200], [406, 401, 173])
1	0.8119506918423065	0.8153938612291417	([332, 113], [616, 332, 113])
1	0.8147913574730944	0.8154108098725957	([529, 174], [651, 529, 174])
1	0.8056468517298381	0.816349198713583	([577, 186], [577, 386, 186])
1	0.8148758758026304	0.8170051963565569	([413, 106], [413, 106, 105])
1	0.7881563756633726	0.8183162834743815	([666, 128], [666, 217, 132])
1	0.8148419837289576	0.8190993230595163	([455, 76], [455, 215, 76])
1	0.5128182174651706	0.8199558857893446	([621, 269], [621, 278, 269])
1	0.8142913463694209	0.8200619236211579	([343, 254], [343, 254, 251])
1	0.8102727856874233	0.8215112854327894	([507, 184], [507, 302, 280])
1	0.8141521462434861	0.8221737561749952	([524, 159], [524, 503, 159])
1	0.819738920720736	0.8242909951929484	([489, 105], [510, 489, 105])
1	0.8187161551164615	0.8244408521485617	([119, 5], [119, 53, 23])
1	0.526730537314421	0.8245657277655268	([263, 27], [311, 263, 27])
1	0.8205896990036018	0.8287382322290063	([321, 254], [585, 374, 254])
1	0.5143791654281175	0.829739153874376	([545, 262], [545, 283, 262])
1	0.5372760700506785	0.8372446100809932	([423, 262], [423, 283, 262])
1	0.4962976726369738	0.8379057124692175	([258, 29], [258, 67, 29])
1	0.49593900484625797	0.8390374720390331	([382, 263], [382, 289, 263])
1	0.5083421257605443	0.8424938856853409	([440, 264], [440, 264, 245])
1	0.645675387413202	0.845822096927081	([291, 268], [291, 268, 25])
1	0.5036580058323606	0.8481368019199811	([532, 267], [675, 532, 380])
1	0.6241347629356299	0.8524749096016027	([268, 25], [530, 291, 268])
1	0.6118066080972857	0.8590823438338134	([530, 268], [650, 484, 268])
1	0.4816414674539721	0.8618534111438115	([532, 260], [382, 281, 260])
1	0.5385265607118209	0.8718251782967897	([525, 263], [525, 263, 27])
1	0.4805409794498805	0.872681830168549	([273, 262], [653, 258, 127])
1	0.5070023567956784	0.8739399667115313	([269, 29], [621, 269, 29])
1	0.5311064701948928	0.8779719124448442	([262, 96], [273, 262, 96])
1	0.5182725165108525	0.8791387117895941	([637, 266], [637, 266, 254])
1	0.46946273762907437	0.8793469908373709	([153, 152], [276, 257, 152])
1	0.493212316997938	0.8828032982121098	([256, 216], [256, 216, 89])
1	0.48394972283532994	0.8828032982121098	([256, 88], [330, 256, 89])
1	0.4817993174284028	0.8828032982121098	([330, 256], [616, 256, 89])
1	0.5100893639191049	0.883497978034238	([672, 262], [672, 283, 262])
1	0.5091762548834187	0.8923688851615911	([674, 270], [674, 673, 270])
1	0.4810459702853451	0.8928215991606405	([591, 264], [591, 590, 264])
1	0.49790273668292506	0.8933049067457214	([260, 62], [505, 281, 260])
1	0.8599442675375923	0.9189903947964049	([279, 265], [279, 269, 265])
1	0.5023424779216759	0.9200434820549489	([278, 269], [675, 278, 265])
1	0.5195442684815872	0.9225794418479439	([267, 26], [674, 267, 26])
1	0.6117379092505043	0.9517401537729671	([255, 239], [268, 255, 42])
0	0.0	0.972489402703427	([255], [536, 535])
0	0.0	0.9753263350893229	([259], [144, 143])
0	0.0	inf	([143], [])
