0	0.0	0.02198877890211674	([449], [449, 351])
0	0.0	0.022265279544177948	([348], [348, 334])
0	0.0	0.24358071816384128	([71], [71, 70])
0	0.0	0.2558529550877177	([190], [190, 189])
0	0.0	0.2563607866948362	([905], [905, 904])
0	0.0	0.2573669591671999	([705], [705, 704])
0	0.0	0.25740559268431723	([566], [566, 565])
0	0.0	0.2588102958763652	([892], [892, 891])
0	0.0	0.2604071959732542	([165], [165, 164])
0	0.0	0.26206958273357184	([275], [275, 274])
0	0.0	0.2621727201509619	([207], [207, 206])
0	0.0	0.262992555835798	([680], [680, 679])
0	0.0	0.2650130892971518	([322], [322, 321])
0	0.0	0.26526392500688006	([869], [869, 868])
0	0.0	0.26558354245480487	([7], [7, 6])
0	0.0	0.26579190757657445	([640], [640, 639])
0	0.0	0.26623104765399214	([886], [886, 885])
0	0.0	0.26656915819034205	([223], [223, 222])
0	0.0	0.26689969372461403	([740], [740, 739])
0	0.0	0.26747470479700963	([298], [298, 297])
0	0.0	0.26766490081428895	([749], [749, 748])
0	0.0	0.26793388985864675	([801], [801, 800])
0	0.0	0.2690185064101363	([616], [616, 615])
0	0.0	0.26921995409927135	([179], [179, 178])
0	0.0	0.26993336917214156	([674], [674, 673])
0	0.0	0.27035964755251213	([683], [683, 682])
0	0.0	0.27086594384184537	([709], [709, 708])
0	0.0	0.2708754158646729	([861], [861, 860])
0	0.0	0.27107815978128075	([1], [1, 0])
0	0.0	0.2710908403821999	([74], [74, 73])
0	0.0	0.2712989024901678	([485], [485, 484])
0	0.0	0.2717253129330866	([798], [798, 797])
0	0.0	0.271947988675065	([2], [2, 1])
0	0.0	0.27256386645967523	([285], [285, 284])
0	0.0	0.2727469577462043	([456], [456, 455])
0	0.0	0.27286895379350873	([734], [734, 733])
0	0.0	0.2728831719171549	([283], [283, 282])
0	0.0	0.27308155978911974	([408], [408, 407])
0	0.0	0.27380206353733744	([313], [313, 312])
0	0.0	0.2743403679772912	([358], [358, 357])
0	0.0	0.2747454677907337	([743], [743, 742])
0	0.0	0.27498823545378276	([181], [181, 180])
0	0.0	0.2751759853561154	([318], [318, 317])
0	0.0	0.2753235851137521	([300], [300, 299])
0	0.0	0.27616065825865943	([760], [760, 759])
0	0.0	0.2763643317887733	([563], [563, 562])
0	0.0	0.27646892787699245	([186], [186, 185])
0	0.0	0.2765272273148255	([177], [177, 176])
0	0.0	0.27716966681105504	([753], [753, 752])
0	0.0	0.2776446851020919	([155], [155, 154])
0	0.0	0.27778639313837017	([866], [866, 865])
0	0.0	0.27785785695861387	([859], [859, 858])
0	0.0	0.27786870333310926	([858], [858, 857])
0	0.0	0.2779275315626571	([694], [694, 693])
0	0.0	0.27816637365488156	([201], [201, 200])
0	0.0	0.2783120326829834	([481], [481, 480])
0	0.0	0.2783421233707876	([26], [26, 25])
0	0.0	0.2784721496351914	([756], [756, 755])
0	0.0	0.2785229784461235	([253], [253, 252])
0	0.0	0.2788461426884772	([319], [319, 318])
0	0.0	0.278896985107279	([87], [87, 86])
0	0.0	0.2796957977743152	([47], [47, 46])
0	0.0	0.27972813924248446	([751], [751, 750])
0	0.0	0.2808180507095882	([668], [668, 667])
0	0.0	0.2811713825932483	([273], [273, 272])
0	0.0	0.28147507878699113	([15], [15, 14])
0	0.0	0.2815129079527969	([747], [747, 746])
0	0.0	0.28170664910067955	([3], [3, 2])
0	0.0	0.28172290731325333	([695], [695, 694])
0	0.0	0.28201316258365255	([32], [32, 31])
0	0.0	0.2821237866972817	([227], [227, 226])
0	0.0	0.282138113533583	([9], [9, 8])
0	0.0	0.28267489335112284	([53], [53, 52])
0	0.0	0.28290204658610363	([118], [118, 117])
0	0.0	0.2831567063357828	([211], [211, 210])
0	0.0	0.28331700050987696	([199], [199, 198])
0	0.0	0.28408549424628016	([899], [899, 898])
0	0.0	0.2841022032690502	([93], [93, 92])
0	0.0	0.2841054090547744	([115], [115, 114])
0	0.0	0.2841307418467901	([414], [414, 413])
0	0.0	0.2842386814639767	([202], [202, 201])
0	0.0	0.28472336307414253	([517], [517, 516])
0	0.0	0.2847573825152782	([666], [666, 665])
0	0.0	0.28502793020274747	([272], [272, 271])
0	0.0	0.2851436701820916	([514], [514, 513])
0	0.0	0.28528275503849315	([174], [174, 173])
0	0.0	0.2854138812271432	([879], [879, 878])
0	0.0	0.28548449272737686	([724], [724, 723])
0	0.0	0.28556270307217757	([573], [573, 572])
0	0.0	0.2855739932075953	([652], [652, 651])
0	0.0	0.2856815622650329	([228], [228, 227])
0	0.0	0.28612539498870965	([660], [660, 659])
0	0.0	0.2867331173725915	([162], [162, 161])
0	0.0	0.286786766107284	([442], [442, 441])
0	0.0	0.2868343437858626	([764], [764, 763])
0	0.0	0.2869112229440109	([10], [10, 9])
0	0.0	0.2869613756529879	([173], [173, 172])
0	0.0	0.2873868492901676	([902], [902, 901])
0	0.0	0.2874590566241858	([696], [696, 695])
0	0.0	0.28751120606500713	([30], [30, 29])
0	0.0	0.28752627661676533	([671], [671, 670])
0	0.0	0.2876282348257997	([315], [315, 314])
0	0.0	0.28766798497768725	([662], [662, 661])
0	0.0	0.2876941274082992	([632], [632, 631])
0	0.0	0.2878716345548892	([216], [216, 215])
0	0.0	0.2878730522671712	([316], [316, 315])
0	0.0	0.2879937748484453	([567], [567, 566])
0	0.0	0.2880259756810014	([50], [50, 49])
0	0.0	0.28826704133841463	([329], [329, 328])
0	0.0	0.2883213266725067	([650], [650, 649])
0	0.0	0.28837907684526	([38], [38, 37])
0	0.0	0.2885440966376493	([706], [706, 705])
0	0.0	0.28911151287544673	([864], [864, 863])
0	0.0	0.2891209892127775	([106], [106, 105])
0	0.0	0.2892461283543961	([291], [291, 290])
0	0.0	0.28961406882394225	([878], [878, 877])
0	0.0	0.28962941639892026	([148], [148, 147])
0	0.0	0.28965918120114725	([57], [57, 56])
0	0.0	0.28985654148555734	([282], [282, 281])
0	0.0	0.28998420597943536	([906], [906, 905])
0	0.0	0.29015800262208635	([389], [389, 388])
0	0.0	0.2902614098019847	([787], [787, 786])
0	0.0	0.2902884758327939	([669], [669, 668])
0	0.0	0.2904876912670658	([151], [151, 150])
0	0.0	0.2909201137496287	([455], [455, 454])
0	0.0	0.29095669066054203	([55], [55, 54])
0	0.0	0.2910708227739218	([487], [487, 486])
0	0.0	0.2910982197123248	([821], [821, 820])
0	0.0	0.29116110390754013	([78], [78, 77])
0	0.0	0.2913057042647041	([559], [559, 558])
0	0.0	0.29139165142565965	([647], [647, 646])
0	0.0	0.29163552200399956	([560], [560, 559])
0	0.0	0.2916592986001433	([777], [777, 776])
0	0.0	0.2917853282681366	([855], [855, 854])
0	0.0	0.29194952783333505	([663], [663, 662])
0	0.0	0.2920193196967861	([410], [410, 409])
0	0.0	0.2922543669703708	([169], [169, 167])
0	0.0	0.29228360669562403	([19], [19, 18])
0	0.0	0.29236245850892645	([871], [871, 870])
0	0.0	0.29238463828099387	([655], [655, 654])
0	0.0	0.2925256800816084	([819], [819, 818])
0	0.0	0.2925396267258126	([35], [35, 34])
0	0.0	0.29259410139727804	([304], [304, 303])
0	0.0	0.2926101682084851	([83], [83, 82])
0	0.0	0.2926290741204796	([278], [278, 277])
0	0.0	0.29264824335018874	([839], [839, 838])
0	0.0	0.29298639037368707	([193], [193, 192])
0	0.0	0.2930226627956182	([712], [712, 711])
0	0.0	0.29340796642783096	([43], [43, 42])
0	0.0	0.2934276182979431	([799], [799, 798])
0	0.0	0.293518734838137	([737], [737, 736])
0	0.0	0.29371557636476353	([326], [326, 325])
0	0.0	0.2942213489614131	([409], [409, 408])
0	0.0	0.29434344771426274	([213], [213, 212])
0	0.0	0.2946862961251317	([20], [20, 19])
0	0.0	0.294744703457485	([66], [66, 65])
0	0.0	0.2950177437635872	([897], [897, 896])
0	0.0	0.29511069516064975	([569], [569, 568])
0	0.0	0.2952017990702902	([59], [59, 58])
0	0.0	0.2952569765151068	([164], [164, 163])
0	0.0	0.295271477596953	([699], [699, 698])
0	0.0	0.2952752767911204	([682], [683, 681])
0	0.0	0.2952822753592679	([720], [720, 719])
0	0.0	0.2953687861213029	([761], [761, 760])
0	0.0	0.29570184821406464	([42], [42, 41])
0	0.0	0.2957136465764303	([863], [863, 862])
0	0.0	0.29573471786887146	([653], [653, 652])
0	0.0	0.2959996147681926	([896], [896, 895])
0	0.0	0.2960678370950775	([361], [361, 360])
0	0.0	0.29609269117700276	([31], [31, 30])
0	0.0	0.29611930187375857	([867], [867, 866])
0	0.0	0.29626663905880335	([105], [105, 104])
0	0.0	0.2964095482243063	([520], [520, 519])
0	0.0	0.2965276379245594	([501], [501, 500])
0	0.0	0.29655283277844935	([25], [25, 24])
0	0.0	0.2965908099818325	([153], [153, 152])
0	0.0	0.2966843173906806	([876], [876, 875])
0	0.0	0.29669785387064207	([183], [183, 182])
0	0.0	0.2967934720230398	([493], [493, 492])
0	0.0	0.29679915783081395	([622], [622, 621])
0	0.0	0.2968808818324295	([837], [837, 836])
0	0.0	0.29698584949509016	([6], [6, 5])
0	0.0	0.29701875030288166	([327], [327, 326])
0	0.0	0.2974940067718778	([205], [205, 204])
0	0.0	0.2975707998571921	([687], [687, 686])
0	0.0	0.2978440897483103	([45], [45, 44])
0	0.0	0.2980644315604453	([544], [544, 543])
0	0.0	0.29814780489302095	([343], [343, 342])
0	0.0	0.2981791930336945	([900], [900, 899])
0	0.0	0.298208497627735	([301], [301, 300])
0	0.0	0.298546766649953	([124], [124, 123])
0	0.0	0.29854755348544504	([325], [325, 324])
0	0.0	0.29856244960277034	([781], [781, 780])
0	0.0	0.2985904537135666	([90], [90, 89])
0	0.0	0.29859305878049486	([824], [824, 823])
0	0.0	0.2987019728993574	([510], [510, 509])
0	0.0	0.2987414699406588	([643], [643, 642])
0	0.0	0.29877575711487864	([692], [692, 691])
0	0.0	0.29893507762602844	([556], [556, 555])
0	0.0	0.29902121781066265	([884], [884, 883])
0	0.0	0.2990381221850801	([29], [29, 28])
0	0.0	0.2990588269038395	([176], [176, 175])
0	0.0	0.2990662331761498	([188], [188, 187])
0	0.0	0.2994129842530498	([446], [446, 445])
0	0.0	0.29949799520389037	([269], [269, 268])
0	0.0	0.29961565128898	([427], [427, 426])
0	0.0	0.2997174185179592	([41], [41, 40])
0	0.0	0.29972255928871894	([498], [498, 497])
0	0.0	0.2997511073780208	([771], [771, 770])
0	0.0	0.29976771556138765	([476], [476, 475])
0	0.0	0.29979454697013785	([873], [873, 872])
0	0.0	0.29982954001238427	([448], [448, 447])
0	0.0	0.29983291636441795	([117], [117, 116])
0	0.0	0.2998376228092864	([746], [746, 745])
0	0.0	0.29989285368041124	([139], [139, 138])
0	0.0	0.2999400108272386	([212], [212, 211])
0	0.0	0.2999682038564268	([860], [860, 859])
0	0.0	0.29997903813338095	([555], [555, 554])
0	0.0	0.3000940028394003	([562], [562, 561])
0	0.0	0.30017615025972316	([460], [460, 459])
0	0.0	0.30018662044290145	([815], [815, 814])
0	0.0	0.3001998042543422	([262], [262, 261])
0	0.0	0.3002360641277278	([689], [689, 688])
0	0.0	0.30024905840456445	([612], [612, 611])
0	0.0	0.3002686015822133	([714], [714, 713])
0	0.0	0.3003233334856057	([137], [137, 136])
0	0.0	0.30033771749297467	([85], [85, 84])
0	0.0	0.30033789372267744	([630], [630, 629])
0	0.0	0.30035340749982087	([794], [794, 793])
0	0.0	0.3004098169256125	([739], [739, 738])
0	0.0	0.30041652202559654	([601], [601, 600])
0	0.0	0.30054603908747474	([596], [596, 595])
0	0.0	0.3008451337663228	([69], [69, 68])
0	0.0	0.3009523800288852	([307], [307, 306])
0	0.0	0.3010000807493786	([293], [293, 292])
0	0.0	0.3010398511751887	([744], [744, 743])
0	0.0	0.3012294925123429	([745], [745, 744])
0	0.0	0.30123387002466157	([453], [453, 452])
0	0.0	0.3012947078733523	([91], [91, 90])
0	0.0	0.30133486961325684	([795], [795, 794])
0	0.0	0.30141677848180465	([690], [690, 689])
0	0.0	0.3014530880669611	([367], [367, 366])
0	0.0	0.30173161766940454	([665], [665, 664])
0	0.0	0.3017424651723597	([833], [833, 832])
0	0.0	0.30198373056398203	([154], [154, 153])
0	0.0	0.30204930555381476	([386], [386, 385])
0	0.0	0.30209235382933114	([901], [901, 900])
0	0.0	0.30217223398948406	([619], [619, 618])
0	0.0	0.30221421311335306	([768], [768, 767])
0	0.0	0.30224531570170243	([557], [557, 556])
0	0.0	0.30239019604443523	([849], [849, 848])
0	0.0	0.30247897094959686	([898], [898, 897])
0	0.0	0.3025250571043933	([648], [648, 647])
0	0.0	0.3025491119448356	([584], [584, 583])
0	0.0	0.3027718642657658	([140], [140, 139])
0	0.0	0.3030349740342451	([479], [479, 478])
0	0.0	0.3033190758000589	([131], [131, 130])
0	0.0	0.30339274049525755	([68], [68, 67])
0	0.0	0.30346830040035955	([265], [265, 264])
0	0.0	0.3035188481331813	([280], [280, 279])
0	0.0	0.30362307463374605	([200], [200, 199])
0	0.0	0.30378456089102945	([64], [64, 63])
0	0.0	0.3037854661716771	([268], [268, 267])
0	0.0	0.3039363568518455	([844], [844, 843])
0	0.0	0.3039397607190044	([769], [769, 768])
0	0.0	0.30403669779996556	([287], [287, 286])
0	0.0	0.30406499997451586	([806], [806, 805])
0	0.0	0.3041075549317639	([654], [654, 653])
0	0.0	0.3042098423263723	([685], [685, 684])
0	0.0	0.30464231739262043	([321], [321, 320])
0	0.0	0.3046716597259891	([113], [113, 112])
0	0.0	0.3047956035468314	([812], [812, 811])
0	0.0	0.3048219686717447	([112], [112, 111])
0	0.0	0.3050301068751678	([506], [506, 505])
0	0.0	0.30507079826138384	([54], [54, 53])
0	0.0	0.3051026277161094	([161], [161, 160])
0	0.0	0.30512917306554793	([428], [428, 427])
0	0.0	0.3052941249096513	([492], [492, 491])
0	0.0	0.305367227440739	([146], [146, 145])
0	0.0	0.30541725492731153	([138], [138, 137])
0	0.0	0.30551955454206725	([28], [28, 27])
0	0.0	0.3055451688327852	([579], [579, 578])
0	0.0	0.3055734749064504	([635], [635, 634])
0	0.0	0.3057857547509181	([678], [678, 677])
0	0.0	0.3058354452648271	([644], [644, 643])
0	0.0	0.3058555300864725	([558], [558, 557])
0	0.0	0.305859915271237	([37], [37, 36])
0	0.0	0.30586631546527443	([741], [741, 740])
0	0.0	0.3060222912896181	([58], [58, 57])
0	0.0	0.3061090617408892	([436], [436, 435])
0	0.0	0.30618850653831164	([310], [310, 309])
0	0.0	0.30625485083377874	([178], [178, 177])
0	0.0	0.30629935850675577	([385], [385, 384])
0	0.0	0.30643757628092544	([159], [159, 158])
0	0.0	0.30644902967846294	([549], [549, 548])
0	0.0	0.3066494585928041	([490], [490, 489])
0	0.0	0.30668910293070756	([782], [782, 781])
0	0.0	0.3066937063099753	([445], [445, 444])
0	0.0	0.3067019427993195	([63], [63, 62])
0	0.0	0.3067963286786902	([147], [147, 146])
0	0.0	0.30685344166710554	([295], [295, 294])
0	0.0	0.3068710946007994	([488], [488, 487])
0	0.0	0.30688033774142814	([698], [698, 697])
0	0.0	0.30693839326167477	([814], [814, 813])
0	0.0	0.3070342515827612	([541], [541, 540])
0	0.0	0.3070371874784968	([371], [371, 370])
0	0.0	0.30729574687535144	([810], [810, 809])
0	0.0	0.3073362298976886	([551], [551, 550])
0	0.0	0.3077454191769113	([477], [477, 476])
0	0.0	0.3077621059424787	([97], [97, 96])
0	0.0	0.3078441457340142	([482], [482, 481])
0	0.0	0.30787630008557515	([459], [459, 458])
0	0.0	0.3078942665075558	([44], [44, 43])
0	0.0	0.3079207274547407	([65], [65, 64])
0	0.0	0.30804026096268927	([308], [308, 307])
0	0.0	0.30811554489667686	([813], [813, 812])
0	0.0	0.308237974099624	([467], [467, 466])
0	0.0	0.30825048914021463	([434], [434, 433])
0	0.0	0.30845574248999286	([62], [62, 61])
0	0.0	0.30852218894916	([184], [184, 183])
0	0.0	0.30852604163226793	([491], [491, 490])
0	0.0	0.30868067472521865	([95], [95, 94])
0	0.0	0.30875514642120117	([337], [337, 336])
0	0.0	0.3088777207323926	([679], [679, 678])
0	0.0	0.30902226668090466	([309], [309, 308])
0	0.0	0.3090725734123005	([126], [126, 125])
0	0.0	0.30911598806907675	([661], [661, 660])
0	0.0	0.30913664276644104	([210], [210, 209])
0	0.0	0.30918379878793417	([830], [830, 829])
0	0.0	0.30931813696550087	([785], [785, 784])
0	0.0	0.3094921965926119	([288], [288, 287])
0	0.0	0.3096396412717527	([700], [700, 699])
0	0.0	0.3096494001404323	([716], [716, 715])
0	0.0	0.30965935396904654	([197], [197, 196])
0	0.0	0.3096830540093801	([12], [12, 11])
0	0.0	0.30977679981976	([702], [702, 701])
0	0.0	0.30979288242301006	([472], [472, 471])
0	0.0	0.3099398824435424	([480], [480, 479])
0	0.0	0.31000300782146495	([81], [81, 80])
0	0.0	0.310006246881243	([829], [829, 828])
0	0.0	0.3101176617106413	([645], [645, 644])
0	0.0	0.3101205392550283	([473], [473, 472])
0	0.0	0.31026408581684917	([40], [40, 39])
0	0.0	0.3102646366245622	([600], [600, 599])
0	0.0	0.310443798280877	([639], [639, 638])
0	0.0	0.3105529582857076	([185], [185, 184])
0	0.0	0.31062684479819547	([691], [691, 690])
0	0.0	0.310667010211562	([637], [637, 636])
0	0.0	0.3107537292303034	([279], [279, 278])
0	0.0	0.3107551899084051	([625], [625, 624])
0	0.0	0.3107575662780764	([195], [195, 194])
0	0.0	0.31076002335330766	([605], [605, 604])
0	0.0	0.310783070798755	([608], [608, 607])
0	0.0	0.3107878693505722	([423], [423, 422])
0	0.0	0.3109699460095048	([727], [727, 726])
0	0.0	0.31115162535651625	([852], [852, 851])
0	0.0	0.31121554986092376	([466], [466, 465])
0	0.0	0.31122576323494205	([471], [471, 470])
0	0.0	0.3112370092738005	([783], [783, 782])
0	0.0	0.31132683734684335	([834], [834, 833])
0	0.0	0.3116422987584231	([586], [586, 585])
0	0.0	0.311656936638716	([424], [424, 423])
0	0.0	0.3117115488739238	([79], [79, 78])
0	0.0	0.31176933759013487	([773], [773, 772])
0	0.0	0.3118925481850675	([636], [636, 635])
0	0.0	0.3119498235361107	([885], [885, 884])
0	0.0	0.31195063632506337	([521], [521, 520])
0	0.0	0.3120354057244073	([827], [827, 826])
0	0.0	0.3120850047331055	([667], [667, 666])
0	0.0	0.3121068579913734	([832], [832, 831])
0	0.0	0.31214193048175365	([160], [160, 159])
0	0.0	0.3121646973747769	([16], [16, 15])
0	0.0	0.312204897588035	([463], [463, 462])
0	0.0	0.31229388508794215	([537], [537, 536])
0	0.0	0.3124648360459805	([676], [676, 675])
0	0.0	0.31249222954182765	([52], [52, 51])
0	0.0	0.31257304017267923	([672], [672, 671])
0	0.0	0.31273010564787684	([462], [462, 461])
0	0.0	0.3128808665694964	([489], [489, 488])
0	0.0	0.31290282031356503	([807], [807, 806])
0	0.0	0.31290628662925696	([96], [96, 95])
0	0.0	0.3129937385661616	([429], [429, 428])
0	0.0	0.31339632638142	([36], [36, 35])
0	0.0	0.313508544415698	([17], [17, 16])
0	0.0	0.3135189511306333	([677], [677, 676])
0	0.0	0.3135196773019718	([621], [621, 620])
0	0.0	0.3135895693587312	([397], [397, 396])
0	0.0	0.31369804044639493	([599], [599, 598])
0	0.0	0.31386212608760694	([711], [711, 710])
0	0.0	0.3139446906633009	([114], [114, 113])
0	0.0	0.3140638721532838	([629], [629, 628])
0	0.0	0.3142166129999063	([274], [274, 272])
0	0.0	0.3143450888518886	([404], [404, 403])
0	0.0	0.3143456033533883	([447], [447, 446])
0	0.0	0.31440219654032614	([100], [100, 99])
0	0.0	0.3144113309914936	([376], [376, 375])
0	0.0	0.3144506068870508	([686], [686, 685])
0	0.0	0.3146255736977148	([580], [580, 579])
0	0.0	0.31467397932680696	([73], [73, 72])
0	0.0	0.31473212833735087	([84], [84, 83])
0	0.0	0.3147387534318652	([127], [127, 126])
0	0.0	0.31490442392185264	([693], [693, 692])
0	0.0	0.31496044573172416	([550], [550, 549])
0	0.0	0.3151367599524089	([277], [277, 276])
0	0.0	0.3151755237037949	([545], [545, 544])
0	0.0	0.315251783665098	([136], [136, 135])
0	0.0	0.3152583652688034	([776], [776, 775])
0	0.0	0.3152622697957096	([129], [129, 128])
0	0.0	0.3154348266026412	([214], [214, 213])
0	0.0	0.31543616857263673	([607], [607, 606])
0	0.0	0.3155050362087286	([589], [589, 588])
0	0.0	0.31555182356143185	([564], [564, 563])
0	0.0	0.31561604404003973	([394], [394, 392])
0	0.0	0.31562066636029257	([430], [430, 429])
0	0.0	0.3156383143299492	([387], [387, 386])
0	0.0	0.3156955346600345	([731], [731, 730])
0	0.0	0.31574752695828967	([809], [809, 808])
0	0.0	0.3157535478409065	([264], [264, 263])
0	0.0	0.3158488529565041	([391], [391, 390])
0	0.0	0.31600350854916837	([67], [67, 66])
0	0.0	0.3160416161254088	([142], [142, 141])
0	0.0	0.3160971400928594	([591], [591, 590])
0	0.0	0.31613053246281225	([831], [831, 830])
0	0.0	0.3161434522801946	([120], [120, 119])
0	0.0	0.3163140529217834	([582], [582, 581])
0	0.0	0.31634025000816146	([805], [805, 804])
0	0.0	0.3164262572576606	([484], [484, 483])
0	0.0	0.31645462471147706	([206], [206, 205])
0	0.0	0.3165168213511378	([804], [804, 803])
0	0.0	0.31651849063873877	([222], [222, 221])
0	0.0	0.3166443109289281	([226], [228, 224])
0	0.0	0.31667046625066564	([851], [851, 850])
0	0.0	0.3168580210156458	([158], [158, 157])
0	0.0	0.3169702249694978	([536], [536, 535])
0	0.0	0.3169749940092451	([615], [615, 614])
0	0.0	0.3170179492680782	([754], [754, 753])
0	0.0	0.3173866688843492	([203], [203, 202])
0	0.0	0.3174915148673849	([515], [515, 514])
0	0.0	0.317553415367786	([903], [903, 902])
0	0.0	0.31767030457254647	([108], [108, 107])
0	0.0	0.3176884289597783	([742], [742, 741])
0	0.0	0.31777057421193583	([752], [752, 751])
0	0.0	0.31794983799158505	([803], [803, 802])
0	0.0	0.31798508832289196	([290], [290, 289])
0	0.0	0.3180387393065127	([398], [398, 397])
0	0.0	0.31806381555529273	([21], [21, 20])
0	0.0	0.3181396482967579	([822], [822, 821])
0	0.0	0.31814978817098327	([543], [543, 542])
0	0.0	0.3182904731850641	([675], [675, 674])
0	0.0	0.3185175539487484	([364], [364, 363])
0	0.0	0.3185328349906495	([598], [598, 597])
0	0.0	0.3185336529792776	([762], [762, 761])
0	0.0	0.31867764185240144	([620], [620, 619])
0	0.0	0.31870785501589677	([853], [853, 852])
0	0.0	0.3187125110370445	([628], [628, 627])
0	0.0	0.31874211437338335	([725], [725, 724])
0	0.0	0.31889229285799914	([13], [13, 12])
0	0.0	0.3190483750377397	([392], [392, 391])
0	0.0	0.31919891813709905	([122], [122, 121])
0	0.0	0.3192090065536483	([526], [526, 525])
0	0.0	0.31932998784991573	([365], [365, 364])
0	0.0	0.3193624531997698	([904], [905, 903])
0	0.0	0.3193884163155423	([574], [574, 573])
0	0.0	0.31956014529176885	([552], [552, 551])
0	0.0	0.31969528999399105	([779], [779, 778])
0	0.0	0.3197158759546389	([196], [196, 195])
0	0.0	0.3198413929479434	([99], [99, 98])
0	0.0	0.3198612113118708	([748], [748, 747])
0	0.0	0.3198777164195201	([862], [862, 861])
0	0.0	0.31992970150815164	([865], [865, 864])
0	0.0	0.3203642843914867	([182], [182, 181])
0	0.0	0.32038971641321196	([723], [723, 722])
0	0.0	0.3204173792086889	([606], [606, 605])
0	0.0	0.3204299439202483	([634], [634, 633])
0	0.0	0.32047291232867964	([306], [306, 305])
0	0.0	0.3204933314055061	([758], [758, 757])
0	0.0	0.3205091146909094	([258], [258, 257])
0	0.0	0.3205434768230346	([370], [370, 369])
0	0.0	0.3209325805107031	([390], [394, 393])
0	0.0	0.32097250633602037	([767], [767, 766])
0	0.0	0.321048046835608	([847], [847, 846])
0	0.0	0.3213905511153394	([141], [141, 140])
0	0.0	0.32151016549052563	([372], [372, 371])
0	0.0	0.32153833921953207	([56], [56, 55])
0	0.0	0.32170959106512403	([774], [774, 773])
0	0.0	0.3217542583171759	([192], [192, 191])
0	0.0	0.3217720902421691	([627], [627, 626])
0	0.0	0.3218389660987815	([527], [527, 526])
0	0.0	0.32219735971972124	([624], [624, 623])
0	0.0	0.3224291011946984	([128], [128, 127])
0	0.0	0.322507239036911	([887], [887, 886])
0	0.0	0.3226550611104693	([149], [149, 148])
1	0.3209209240686482	0.32279111274781697	([410, 407], [410, 409, 407])
0	0.0	0.32283504340746083	([416], [416, 415])
0	0.0	0.32285072986147983	([656], [656, 655])
0	0.0	0.3228747063064772	([710], [710, 709])
0	0.0	0.32314246999914503	([528], [528, 527])
0	0.0	0.3232064556141721	([719], [719, 718])
0	0.0	0.3232997998889329	([554], [554, 553])
0	0.0	0.32338927685267627	([590], [590, 589])
0	0.0	0.3234012790695251	([604], [604, 603])
0	0.0	0.3234461072446345	([267], [267, 266])
0	0.0	0.32346601812645237	([825], [825, 824])
0	0.0	0.32349620029168724	([393], [390, 388])
0	0.0	0.32365850486661357	([512], [512, 511])
0	0.0	0.3238558945182169	([895], [895, 894])
0	0.0	0.32387988941621165	([82], [82, 81])
0	0.0	0.32405380397851524	([856], [856, 854])
0	0.0	0.3241359498553774	([130], [130, 129])
0	0.0	0.32423498806402595	([535], [535, 534])
0	0.0	0.32425618326778644	([209], [209, 208])
0	0.0	0.3246555269267838	([657], [657, 656])
0	0.0	0.3246957515094742	([441], [441, 440])
0	0.0	0.32480938316560337	([382], [382, 381])
0	0.0	0.3250120103948093	([296], [296, 295])
0	0.0	0.325014475689526	([461], [461, 460])
0	0.0	0.32512530423945085	([651], [651, 650])
0	0.0	0.32546056824656355	([150], [150, 149])
0	0.0	0.32571570060220806	([840], [840, 839])
0	0.0	0.3257531418388803	([417], [417, 416])
0	0.0	0.32576603793400344	([701], [701, 700])
0	0.0	0.32580666914645706	([508], [508, 507])
0	0.0	0.325886774765516	([664], [664, 663])
0	0.0	0.3258898969869042	([101], [101, 100])
0	0.0	0.325962370668305	([330], [330, 329])
0	0.0	0.3260666578084847	([218], [218, 217])
0	0.0	0.3260778868915492	([132], [132, 131])
0	0.0	0.3261650379955695	([432], [432, 431])
0	0.0	0.3262686573859855	([499], [499, 498])
0	0.0	0.32639324061834096	([504], [504, 503])
0	0.0	0.3264696639469626	([732], [732, 731])
0	0.0	0.32664119207915077	([76], [76, 75])
0	0.0	0.32667763717607057	([133], [133, 132])
0	0.0	0.3267492073642178	([525], [525, 524])
0	0.0	0.32688944884138	([872], [872, 871])
0	0.0	0.32713425783284994	([413], [413, 412])
0	0.0	0.32723023550535973	([786], [786, 785])
0	0.0	0.32724317454166274	([500], [500, 499])
0	0.0	0.3272534045445655	([166], [166, 165])
0	0.0	0.3276815732135716	([697], [697, 696])
0	0.0	0.3277086909069234	([289], [289, 288])
0	0.0	0.3277623961552044	([585], [585, 584])
0	0.0	0.3279553479260903	([426], [426, 425])
0	0.0	0.3280105348923984	([60], [60, 59])
0	0.0	0.32830730528496743	([145], [145, 144])
0	0.0	0.32840425394142553	([80], [80, 79])
0	0.0	0.32844597084178623	([420], [420, 419])
0	0.0	0.32848472939569895	([757], [757, 756])
0	0.0	0.3284850023845834	([415], [415, 414])
0	0.0	0.32848974382358415	([703], [703, 702])
0	0.0	0.32866685545882607	([102], [102, 101])
0	0.0	0.32870030752874724	([854], [854, 853])
0	0.0	0.3287490663798333	([722], [722, 721])
0	0.0	0.3288338250214165	([14], [14, 13])
0	0.0	0.3290773431073449	([396], [396, 395])
0	0.0	0.32929656677864094	([532], [532, 531])
0	0.0	0.32941362185670764	([33], [33, 32])
0	0.0	0.3295168451222182	([524], [524, 523])
0	0.0	0.32961647399575683	([735], [735, 734])
0	0.0	0.3296302961475571	([646], [646, 645])
0	0.0	0.33010668455424474	([529], [529, 528])
0	0.0	0.3301821101417423	([399], [399, 398])
0	0.0	0.33023961959613346	([125], [125, 124])
0	0.0	0.33032538379371035	([890], [890, 889])
0	0.0	0.330447389247229	([431], [431, 430])
0	0.0	0.3305147678835917	([581], [581, 580])
0	0.0	0.3306117707575857	([495], [495, 494])
0	0.0	0.3306309398371589	([61], [61, 60])
0	0.0	0.33069348033969165	([548], [548, 547])
0	0.0	0.33088320253661957	([507], [507, 506])
0	0.0	0.3310267968171083	([623], [623, 622])
0	0.0	0.33109031860110827	([603], [603, 602])
0	0.0	0.3312516741829886	([24], [24, 23])
0	0.0	0.3312726423235511	([531], [531, 530])
0	0.0	0.3312737221800845	([505], [505, 504])
0	0.0	0.33133244696009395	([733], [734, 732])
0	0.0	0.3313568989018706	([883], [883, 882])
0	0.0	0.33136104994940807	([294], [294, 293])
0	0.0	0.3313941941097331	([726], [726, 725])
0	0.0	0.3314133087481337	([110], [110, 109])
0	0.0	0.33154049831442933	([217], [217, 216])
0	0.0	0.3315562228877069	([642], [642, 641])
0	0.0	0.33161042098805954	([496], [496, 495])
0	0.0	0.33172134745974885	([509], [509, 508])
0	0.0	0.3322069342314926	([602], [602, 601])
0	0.0	0.3327261614632763	([433], [433, 432])
0	0.0	0.33289123664735437	([470], [470, 469])
0	0.0	0.33303080196581547	([251], [251, 250])
0	0.0	0.3335067626832843	([366], [366, 365])
0	0.0	0.3335516951018115	([419], [419, 418])
0	0.0	0.3335844209258277	([784], [784, 783])
0	0.0	0.3338939996181331	([631], [631, 630])
0	0.0	0.334117708623975	([877], [877, 875])
0	0.0	0.3341575099335254	([540], [540, 539])
0	0.0	0.3341692638196476	([587], [587, 586])
0	0.0	0.33419653931305077	([780], [780, 779])
0	0.0	0.33420848259772723	([570], [570, 569])
0	0.0	0.3343163343608926	([850], [850, 848])
0	0.0	0.33437798845630784	([123], [123, 122])
0	0.0	0.33442852871916284	([72], [72, 71])
0	0.0	0.33443398866101504	([284], [284, 281])
0	0.0	0.3345410474195803	([384], [384, 383])
0	0.0	0.3345430382218838	([208], [208, 207])
0	0.0	0.3350281901192093	([412], [412, 411])
0	0.0	0.33510421912201727	([530], [530, 529])
0	0.0	0.3351220119402219	([836], [836, 835])
0	0.0	0.3352671688447845	([503], [503, 502])
0	0.0	0.33552017452443117	([823], [823, 822])
0	0.0	0.33599120921500214	([778], [778, 777])
0	0.0	0.3361259069495261	([730], [730, 729])
0	0.0	0.3365304533429815	([797], [797, 796])
0	0.0	0.3365461995637316	([475], [475, 474])
0	0.0	0.33659856985915704	([451], [451, 450])
0	0.0	0.33660476546992224	([292], [292, 291])
0	0.0	0.3366628658133079	([189], [189, 188])
0	0.0	0.33667512912281633	([403], [403, 402])
0	0.0	0.3368263229515596	([121], [121, 120])
0	0.0	0.3368434450319566	([266], [266, 265])
0	0.0	0.3368663863337058	([519], [519, 518])
0	0.0	0.33698136733766143	([826], [826, 825])
0	0.0	0.3372179052966409	([469], [469, 468])
0	0.0	0.33749759618444497	([383], [383, 382])
0	0.0	0.3377509341920372	([221], [221, 218])
0	0.0	0.33779267646461736	([513], [513, 512])
0	0.0	0.3378176880665484	([256], [256, 255])
0	0.0	0.3378255954612443	([688], [688, 687])
1	0.33377426350967754	0.33783869476818407	([327, 324], [327, 326, 324])
0	0.0	0.33807148241413437	([882], [882, 881])
0	0.0	0.3382365268823092	([791], [791, 790])
0	0.0	0.338425721799282	([338], [338, 337])
0	0.0	0.33857472777323105	([796], [796, 795])
0	0.0	0.3386175064534444	([538], [538, 537])
0	0.0	0.3387419822100967	([626], [626, 625])
0	0.0	0.3389379521758608	([790], [790, 789])
0	0.0	0.33920875713118265	([793], [793, 790])
0	0.0	0.33933862567936357	([811], [811, 810])
0	0.0	0.33985401957164546	([373], [373, 372])
0	0.0	0.33990076655066076	([134], [134, 133])
0	0.0	0.3403815177128646	([511], [511, 510])
0	0.0	0.34044006013305494	([103], [103, 102])
0	0.0	0.3404455133532237	([167], [169, 168])
0	0.0	0.34049179648059663	([888], [888, 887])
0	0.0	0.3405190701094421	([425], [425, 424])
0	0.0	0.34065357924686235	([617], [617, 616])
0	0.0	0.34067624741855346	([381], [381, 380])
0	0.0	0.34068283943791894	([755], [755, 754])
0	0.0	0.3407675733763415	([215], [215, 214])
0	0.0	0.3409231768099555	([718], [718, 717])
0	0.0	0.3410677793358669	([736], [736, 735])
0	0.0	0.3410851112945289	([263], [263, 262])
0	0.0	0.3411042507477612	([77], [77, 76])
0	0.0	0.34151798602890765	([891], [891, 890])
0	0.0	0.341644811899383	([347], [347, 346])
0	0.0	0.3419951738174243	([638], [638, 637])
0	0.0	0.342017210452499	([553], [553, 552])
0	0.0	0.34223995489566295	([808], [808, 807])
0	0.0	0.3425038563399963	([401], [401, 400])
0	0.0	0.34262446304832195	([497], [497, 496])
0	0.0	0.34275832622603686	([172], [172, 171])
0	0.0	0.3428596405021741	([135], [135, 134])
0	0.0	0.3432533054496461	([443], [443, 442])
0	0.0	0.3439250049083964	([305], [305, 304])
0	0.0	0.34489164523951027	([46], [46, 45])
0	0.0	0.3449005274101425	([673], [673, 672])
0	0.0	0.3454617565966511	([458], [458, 457])
0	0.0	0.3456153443262639	([98], [98, 97])
0	0.0	0.34627134493703565	([152], [152, 151])
1	0.34157566397162104	0.3463631133819216	([309, 305], [309, 308, 305])
0	0.0	0.34652169679167083	([107], [107, 106])
0	0.0	0.3465269752247951	([516], [516, 515])
0	0.0	0.34734538694397643	([452], [452, 451])
0	0.0	0.3477019136413142	([750], [750, 749])
0	0.0	0.34826720806433564	([450], [450, 448])
0	0.0	0.3488624484056117	([286], [286, 285])
0	0.0	0.3489829104977572	([594], [594, 593])
0	0.0	0.34921026638687436	([49], [49, 48])
0	0.0	0.3492217272559634	([232], [232, 230])
0	0.0	0.349447436370438	([333], [333, 332])
0	0.0	0.3496340206459439	([163], [163, 162])
0	0.0	0.3498690274422396	([157], [157, 156])
0	0.0	0.3504681178984291	([8], [8, 7])
0	0.0	0.35047227735827213	([444], [444, 443])
0	0.0	0.35062949399264504	([439], [439, 438])
0	0.0	0.3506991781691576	([772], [772, 770])
0	0.0	0.3515080476708577	([89], [89, 88])
0	0.0	0.35161733922024996	([34], [34, 33])
0	0.0	0.35171328236559135	([194], [194, 192])
0	0.0	0.3517254845948557	([340], [340, 339])
0	0.0	0.3519675169910198	([597], [597, 596])
0	0.0	0.35242081883966747	([339], [340, 338])
0	0.0	0.35255341096264153	([440], [440, 439])
0	0.0	0.3528989566427983	([388], [388, 387])
0	0.0	0.3530375432192302	([314], [314, 313])
0	0.0	0.35306303707796244	([881], [881, 880])
0	0.0	0.3534435641101757	([775], [775, 774])
0	0.0	0.3537296644721925	([478], [478, 477])
0	0.0	0.3538698415701437	([835], [835, 834])
0	0.0	0.3538952690859777	([75], [75, 73])
0	0.0	0.35398319640273634	([523], [523, 522])
0	0.0	0.35398348568309906	([317], [317, 316])
0	0.0	0.3540495981644914	([276], [276, 275])
0	0.0	0.35406410454029025	([588], [588, 587])
0	0.0	0.3545034919629664	([48], [48, 47])
0	0.0	0.35462116211869743	([474], [474, 473])
0	0.0	0.35498623153592973	([94], [94, 93])
0	0.0	0.3550952490870861	([11], [11, 10])
0	0.0	0.3552408688806504	([704], [704, 703])
0	0.0	0.35553707908511273	([539], [539, 538])
0	0.0	0.355553262920081	([360], [360, 358])
0	0.0	0.3566964464957639	([175], [175, 174])
0	0.0	0.3571179246373572	([715], [715, 714])
0	0.0	0.3573504459302555	([368], [368, 367])
0	0.0	0.35790093798506845	([763], [763, 762])
0	0.0	0.35805758133541854	([111], [111, 109])
0	0.0	0.35807290472162673	([119], [119, 118])
1	0.35491798890050874	0.35827416918577126	([223, 218], [223, 222, 221])
0	0.0	0.35831112301904855	([259], [259, 258])
0	0.0	0.3589249505070378	([302], [302, 301])
0	0.0	0.3590257463801248	([894], [894, 893])
0	0.0	0.35916338348583565	([713], [713, 712])
0	0.0	0.3592374049219909	([765], [765, 764])
0	0.0	0.35956601807644617	([841], [841, 840])
0	0.0	0.3600038478558668	([156], [156, 155])
0	0.0	0.3603289176034197	([400], [400, 399])
0	0.0	0.36051536180476595	([109], [109, 108])
0	0.0	0.3605410051310369	([320], [320, 319])
0	0.0	0.3606321489712592	([422], [422, 421])
0	0.0	0.36064220204041303	([180], [180, 179])
0	0.0	0.3607807317213137	([270], [270, 269])
0	0.0	0.36090177240869614	([328], [328, 327])
0	0.0	0.36144998252324845	([116], [116, 115])
0	0.0	0.36151023984705244	([311], [311, 310])
0	0.0	0.361635816922134	([51], [51, 50])
0	0.0	0.3617031599941842	([614], [614, 612])
0	0.0	0.3623950458342063	([571], [571, 570])
0	0.0	0.3626469116207241	([838], [838, 837])
0	0.0	0.36267575781974654	([380], [380, 379])
0	0.0	0.3629158851454825	([336], [336, 335])
0	0.0	0.36325442361166577	([254], [254, 253])
0	0.0	0.36327078251972306	([611], [611, 610])
0	0.0	0.3637534598116144	([766], [766, 765])
0	0.0	0.3637638371990577	([395], [395, 394])
0	0.0	0.364865574921835	([738], [738, 737])
0	0.0	0.3651066842179184	([438], [438, 437])
0	0.0	0.365277009441131	([261], [261, 260])
0	0.0	0.36559091254679404	([406], [406, 403])
0	0.0	0.36581185309722813	([421], [421, 420])
0	0.0	0.3660810416879189	([379], [380, 378])
0	0.0	0.3661171816413807	([402], [402, 401])
0	0.0	0.36628876897883	([828], [828, 827])
0	0.0	0.3663155247734511	([411], [411, 410])
0	0.0	0.36675169064125673	([618], [618, 617])
1	0.35385397906337424	0.36706294426206887	([179, 175], [179, 178, 175])
0	0.0	0.3671096412562996	([255], [255, 254])
0	0.0	0.3675637608576333	([297], [298, 296])
0	0.0	0.3678238221693313	([204], [204, 203])
0	0.0	0.36834258843961043	([846], [847, 844])
0	0.0	0.36865748012188077	([522], [522, 521])
0	0.0	0.3688957173476648	([187], [187, 186])
0	0.0	0.3695590737955025	([5], [5, 4])
0	0.0	0.3697440295330618	([595], [595, 594])
0	0.0	0.3698076021116978	([465], [465, 464])
0	0.0	0.3700451581105689	([235], [235, 234])
0	0.0	0.37042886569859373	([363], [364, 361])
0	0.0	0.3707310228150212	([191], [191, 190])
0	0.0	0.37097483773985157	([281], [281, 280])
1	0.36890939261462247	0.37110438013028924	([726, 723], [726, 723, 722])
1	0.36823212539121497	0.37110438013028924	([726, 721], [726, 725, 722])
0	0.0	0.3713148703152392	([378], [378, 376])
0	0.0	0.37142733651592513	([369], [369, 368])
0	0.0	0.3718706225065737	([681], [681, 680])
0	0.0	0.37226838548841923	([583], [583, 582])
0	0.0	0.3723155730767099	([170], [170, 169])
0	0.0	0.3723347812223527	([770], [770, 769])
0	0.0	0.3725593633387148	([820], [820, 818])
0	0.0	0.3728238014319372	([649], [649, 648])
0	0.0	0.3730532763199929	([198], [198, 197])
0	0.0	0.3737272429328916	([659], [660, 657])
0	0.0	0.37375183318258565	([670], [670, 669])
0	0.0	0.3744051220859979	([875], [875, 874])
0	0.0	0.3744771990785046	([168], [167, 166])
0	0.0	0.3749841088144112	([257], [257, 256])
0	0.0	0.37514020950335913	([27], [27, 26])
0	0.0	0.3755881190118757	([572], [572, 568])
1	0.3743510416541513	0.3756184454418088	([417, 411], [417, 413, 412])
1	0.34706882253784505	0.37562060577309797	([203, 199], [203, 202, 201])
0	0.0	0.3762577797259046	([592], [592, 591])
0	0.0	0.37634176701999006	([843], [843, 841])
0	0.0	0.3764165839672977	([457], [457, 454])
0	0.0	0.3765193668285636	([561], [561, 560])
0	0.0	0.3766743712633323	([143], [143, 142])
0	0.0	0.3769566074408206	([468], [468, 467])
0	0.0	0.377020521233709	([303], [303, 301])
1	0.36567092163297094	0.37728872156571464	([32, 27], [32, 31, 29])
0	0.0	0.3773773980211233	([717], [717, 716])
0	0.0	0.3775091687802701	([707], [707, 706])
0	0.0	0.37842551563579024	([435], [435, 434])
0	0.0	0.37842769112962116	([575], [575, 574])
0	0.0	0.3794771597117717	([312], [312, 311])
0	0.0	0.380166066711129	([577], [577, 576])
0	0.0	0.38028908146910906	([593], [593, 591])
0	0.0	0.3810494410381853	([344], [344, 343])
1	0.3639974244006097	0.38121279589790635	([373, 369], [373, 372, 369])
0	0.0	0.3812874173594252	([407], [407, 406])
0	0.0	0.38170046669472146	([816], [816, 815])
1	0.379533642345124	0.382007588246433	([808, 804], [808, 807, 804])
0	0.0	0.38240108453429644	([565], [565, 564])
0	0.0	0.3828727124871203	([547], [547, 545])
0	0.0	0.38296257601864303	([342], [342, 341])
0	0.0	0.3830515357302493	([4], [4, 3])
0	0.0	0.3833120529618583	([236], [236, 231])
0	0.0	0.3834248553722432	([39], [39, 38])
0	0.0	0.38353800313050995	([454], [454, 453])
0	0.0	0.38370937383338055	([271], [271, 267])
1	0.3844264552632953	0.38463767589374287	([506, 502], [506, 504, 503])
0	0.0	0.3846980786524316	([23], [23, 22])
0	0.0	0.3851647465408284	([332], [332, 331])
0	0.0	0.38516836519083064	([88], [88, 87])
1	0.3831283139659592	0.38571350908699625	([572, 570], [572, 570, 568])
0	0.0	0.3857281085049774	([818], [846, 845])
0	0.0	0.38636040491330587	([92], [92, 91])
0	0.0	0.38646725181206737	([848], [848, 847])
0	0.0	0.38731025113333134	([889], [890, 888])
0	0.0	0.38738052406178186	([22], [22, 21])
0	0.0	0.3875179599842748	([759], [759, 758])
0	0.0	0.38804974242324347	([502], [502, 501])
0	0.0	0.38839869504300684	([857], [857, 856])
0	0.0	0.3900586560080219	([546], [546, 545])
0	0.0	0.39039909534480255	([104], [104, 102])
0	0.0	0.3905050239671992	([252], [252, 251])
0	0.0	0.39132064441724024	([483], [483, 482])
0	0.0	0.39152218052449844	([219], [219, 218])
0	0.0	0.39178651371285017	([494], [494, 493])
0	0.0	0.3919766503892673	([230], [230, 229])
0	0.0	0.3919881169087494	([518], [518, 517])
1	0.38436574417592834	0.39236224167015327	([473, 469], [473, 471, 469])
0	0.0	0.39260849439592893	([842], [842, 841])
0	0.0	0.3926709644659661	([568], [568, 567])
0	0.0	0.3932682623561478	([874], [874, 873])
1	0.39330907931885817	0.39370843839575814	([156, 150], [156, 152, 151])
0	0.0	0.394332791043151	([684], [684, 683])
0	0.0	0.394540995440233	([870], [870, 869])
0	0.0	0.39540015472227213	([464], [464, 463])
0	0.0	0.3954643597239736	([641], [641, 638])
0	0.0	0.3955602753461026	([171], [171, 170])
0	0.0	0.3955730066121064	([144], [221, 220])
0	0.0	0.39557448389876704	([845], [818, 817])
1	0.3871687194777783	0.3969970682609514	([655, 649], [655, 653, 650])
0	0.0	0.3971176843174697	([357], [357, 356])
0	0.0	0.39716750877820495	([868], [868, 867])
0	0.0	0.397744688836812	([405], [405, 404])
0	0.0	0.39796161779599193	([880], [881, 878])
0	0.0	0.39806951460887147	([800], [800, 799])
0	0.0	0.3984904808884345	([893], [893, 891])
0	0.0	0.3993932222588301	([542], [542, 541])
0	0.0	0.39952693064709555	([248], [248, 247])
0	0.0	0.3997583171711853	([437], [437, 436])
0	0.0	0.39988348433554033	([18], [18, 17])
1	0.3765011340621113	0.39993883759880644	([67, 61], [67, 66, 61])
0	0.0	0.4003654108956425	([224], [224, 223])
0	0.0	0.4009182431738897	([788], [788, 787])
0	0.0	0.40133443905883437	([299], [299, 298])
0	0.0	0.4018711002489358	([534], [534, 532])
0	0.0	0.4019072499740862	([633], [633, 632])
0	0.0	0.4023478558623243	([658], [658, 657])
0	0.0	0.40256525359425044	([335], [335, 333])
1	0.3742330216139378	0.40269093740465933	([784, 779], [784, 783, 780])
0	0.0	0.4031149679729733	([362], [362, 361])
0	0.0	0.4032720899782222	([323], [323, 321])
0	0.0	0.40397553730745334	([375], [378, 377])
0	0.0	0.40405446554589936	([350], [350, 347])
1	0.39346375060355154	0.40417410119860775	([501, 496], [501, 499, 496])
0	0.0	0.40497464741811534	([260], [263, 254])
0	0.0	0.40525243920560067	([231], [236, 229])
0	0.0	0.40539118796135	([220], [228, 225])
0	0.0	0.4066881349169573	([578], [578, 577])
0	0.0	0.40752445906709267	([418], [418, 417])
1	0.4000225480735549	0.4077623139265836	([105, 103], [105, 104, 102])
1	0.40165741724288595	0.4079243015684992	([50, 45], [50, 47, 46])
1	0.3937521250156974	0.40890096845521096	([451, 444], [451, 450, 448])
0	0.0	0.4091145321573254	([728], [728, 727])
0	0.0	0.40992518292044633	([70], [70, 69])
0	0.0	0.4107508477752882	([610], [614, 613])
1	0.4102999958946971	0.41090583539360853	([260, 254], [263, 261, 260])
0	0.0	0.4113258958821835	([721], [721, 720])
1	0.40806783432516947	0.41136431677189345	([260, 259], [260, 259, 256])
0	0.0	0.4120479531849973	([374], [374, 373])
0	0.0	0.41310924254171516	([576], [576, 575])
0	0.0	0.4139506582060202	([324], [324, 323])
0	0.0	0.4140600111119062	([792], [792, 791])
1	0.4138636589391311	0.4141374833882272	([271, 265], [271, 267, 265])
1	0.41255003355567815	0.4141964752370473	([45, 39], [45, 43, 39])
1	0.4126125323852609	0.41633307612348713	([816, 809], [816, 815, 809])
1	0.40488626460347715	0.41651074436371543	([835, 828], [835, 834, 830])
0	0.0	0.4174471646479062	([341], [341, 340])
0	0.0	0.41767662369033	([331], [331, 330])
0	0.0	0.4186509597645207	([86], [86, 83])
0	0.0	0.4194252405435032	([225], [144, 143])
0	0.0	0.41943438834937113	([377], [376, 373])
0	0.0	0.4222449378206082	([729], [729, 728])
0	0.0	0.4226279548320823	([708], [708, 707])
0	0.0	0.4245093599143587	([789], [789, 788])
1	0.41835594910032325	0.42529096836370733	([363, 362], [364, 363, 362])
0	0.0	0.42651845273855954	([250], [250, 247])
1	0.3849503887007063	0.4272375970951049	([769, 762], [769, 767, 762])
1	0.42276388845377505	0.4281135478856203	([827, 822], [827, 825, 824])
0	0.0	0.43993878349629173	([356], [360, 359])
0	0.0	0.440217671992266	([486], [494, 485])
0	0.0	0.441587690446725	([802], [802, 801])
0	0.0	0.44561095718827876	([817], [817, 816])
0	0.0	0.4460743136886233	([229], [230, 228])
0	0.0	0.44827721892747946	([533], [533, 353])
0	0.0	0.448539533325533	([609], [609, 608])
1	0.4254919604003694	0.44989417609720234	([375, 374], [376, 375, 374])
1	0.44994344165282574	0.4534327976243787	([21, 11], [21, 17, 13])
1	0.43958582343441843	0.45484690722985593	([593, 582], [593, 587, 582])
0	0.0	0.4554872294391676	([359], [609, 353])
0	0.0	0.46509143697395455	([613], [610, 608])
0	0.0	0.4674566206627016	([346], [346, 345])
1	0.43204077271345886	0.467626055199277	([434, 418], [433, 426, 425])
0	0.0	0.46955482259516923	([354], [354, 345])
0	0.0	0.4771159328383272	([353], [792, 352])
0	0.0	0.47794614654818735	([345], [345, 344])
1	0.4712525463612799	0.4779602089558529	([108, 92], [108, 103, 101])
1	0.4791056620048315	0.4842125276690186	([469, 457], [468, 464, 457])
0	0.0	0.4885556163303265	([352], [359, 349])
0	0.0	0.49307141040693664	([349], [374, 354])
0	0.0	0.49790379086417624	([355], [355, 346])
1	0.5014289900067673	0.5073080078453422	([482, 476], [482, 479, 477])
0	0.0	0.5173423974193765	([247], [352, 220])
1	0.4659099571872197	0.5189137669285617	([486, 482], [493, 486, 482])
1	0.47154281282225413	0.5204200174179238	([236, 225], [236, 229, 225])
0	0.0	0.5543479548154001	([0], [248, 233])
1	0.5389656776899997	0.5614198996324651	([889, 879], [889, 888, 879])
0	0.0	0.5727609505693657	([233], [817, 234])
1	0.5330979149807076	0.5742224993487542	([888, 880], [888, 886, 881])
1	0.5668946038293098	0.5760402320425232	([840, 823], [840, 837, 823])
1	0.575768084333251	0.5771198003948329	([71, 53], [71, 69, 53])
1	0.54762168627902	0.5802103578008032	([358, 355], [358, 357, 346])
1	0.5374489586367831	0.5813728124709395	([350, 341], [350, 346, 341])
1	0.5747403560845308	0.5824116066689828	([905, 895], [904, 900, 899])
1	0.5671193628626642	0.5874265826768196	([110, 89], [110, 108, 89])
1	0.559136415759053	0.5893205303014758	([311, 296], [311, 303, 301])
1	0.587231797795235	0.5918711712314685	([250, 235], [250, 248, 247])
1	0.6029600228161978	0.6047453671636701	([714, 705], [714, 710, 708])
1	0.6017196660482322	0.6055284629015716	([708, 699], [708, 703, 701])
1	0.6057334169195473	0.6066296667823236	([165, 153], [165, 158, 157])
1	0.5961455926903351	0.6088016700600479	([261, 235], [261, 251, 250])
1	0.6069053030493483	0.6125671707847634	([459, 439], [459, 454, 453])
1	0.608043234776675	0.6176639974176341	([355, 337], [355, 345, 337])
1	0.6110661607436322	0.6249653290918161	([791, 779], [791, 788, 784])
1	0.5296764095763616	0.6282359018923969	([349, 331], [349, 344, 331])
1	0.6195788890772962	0.6317671473859252	([554, 525], [554, 552, 518])
1	0.6302057175897064	0.632180317776073	([60, 40], [60, 53, 40])
1	0.4913978379130334	0.6341951326342047	([788, 352], [792, 788, 785])
1	0.6312340651056436	0.6388035438801131	([803, 793], [803, 801, 800])
1	0.6276613967544594	0.6400351284538714	([390, 370], [390, 385, 370])
1	0.5773491442592931	0.640161650185223	([259, 247], [259, 252, 251])
1	0.5872986831331323	0.6447246062597447	([260, 234], [260, 250, 235])
1	0.5990539543096978	0.6513693905649586	([368, 355], [368, 360, 355])
1	0.5943310217935677	0.6523898197573184	([691, 673], [690, 688, 673])
1	0.6230905371783472	0.6536065055237875	([230, 211], [230, 219, 211])
1	0.6542427745767919	0.6566241478011634	([874, 858], [874, 868, 858])
1	0.6241162456944243	0.656836289895381	([574, 555], [574, 568, 555])
1	0.6586958337209542	0.6592341139869576	([542, 514], [542, 537, 514])
1	0.6576569125524896	0.6607177127260283	([686, 662], [686, 678, 669])
1	0.6445806096564454	0.662009268363904	([738, 715], [738, 723, 720])
1	0.5809632324283326	0.6628519756020926	([270, 247], [270, 259, 253])
1	0.6651206930812323	0.6654795320532179	([396, 364], [396, 393, 356])
1	0.6645822567558474	0.6654795320532179	([393, 356], [402, 396, 356])
1	0.6626108227942558	0.6655610946519591	([843, 797], [843, 817, 797])
1	0.6191198256909637	0.6668599789727839	([402, 356], [396, 387, 384])
1	0.6491147264622933	0.6676339379616825	([887, 356], [894, 888, 887])
1	0.6616723227215648	0.669516831143351	([757, 738], [757, 754, 741])
1	0.6595989218905339	0.6695911053494986	([186, 160], [186, 181, 160])
1	0.6570836495717852	0.6705504796133116	([751, 734], [751, 746, 745])
1	0.6262244268665412	0.670570734089583	([171, 136], [171, 164, 147])
1	0.6559829051693802	0.6712642361151994	([185, 161], [185, 180, 161])
1	0.6607046043518654	0.6730022445116627	([746, 712], [746, 733, 732])
1	0.6679949657739286	0.6732110966272654	([889, 873], [891, 889, 862])
1	0.6533182273665379	0.6737151143886171	([355, 311], [355, 330, 311])
1	0.651586846634681	0.6741330704140813	([217, 185], [217, 197, 195])
1	0.6671487743797162	0.6743049207460761	([891, 862], [889, 879, 878])
1	0.6639495112448134	0.674448628067777	([397, 365], [397, 385, 384])
1	0.6671554243498475	0.6744549979628139	([363, 332], [363, 358, 343])
1	0.6734929417163472	0.6746529438930794	([555, 511], [555, 541, 526])
1	0.6720765074954342	0.6768040887603765	([645, 629], [645, 637, 629])
1	0.6741388262492723	0.6793597538652764	([356, 12], [356, 33, 27])
1	0.6768412284347519	0.6811497473303142	([896, 876], [896, 885, 882])
1	0.6654325526008893	0.6812721735793881	([296, 254], [296, 280, 272])
1	0.6661607303124206	0.6816525756750542	([694, 664], [694, 690, 664])
1	0.6771695453644052	0.6817820847858449	([702, 672], [702, 694, 672])
1	0.6704871071537669	0.6819521052398749	([789, 756], [789, 774, 756])
1	0.5901186657782653	0.6824271352551629	([252, 233], [253, 250, 248])
1	0.6814564870532526	0.6826789495733471	([356, 267], [356, 267, 255])
1	0.6665873659887119	0.6835577693470231	([725, 355], [735, 725, 713])
1	0.6752315592974659	0.6836112689553473	([340, 171], [340, 332, 171])
1	0.6551751781667903	0.6843828469550495	([356, 286], [356, 328, 296])
1	0.6850314982180866	0.6863883431530355	([723, 706], [723, 720, 706])
1	0.4931034042293577	0.6872016137085346	([171, 104], [171, 123, 113])
1	0.6870571110148405	0.687699496909564	([402, 372], [402, 389, 384])
1	0.6679524153136007	0.6881807513766626	([841, 795], [838, 817, 795])
1	0.6730092059451761	0.6884573013222232	([873, 844], [862, 855, 844])
1	0.6729891104809087	0.6888703411270559	([832, 791], [832, 808, 803])
1	0.6634190747440287	0.6893084083546293	([233, 120], [233, 120, 101])
1	0.6671606563238803	0.6895401522412713	([663, 632], [663, 648, 643])
1	0.6775597551455255	0.6898428740801107	([785, 754], [785, 770, 754])
1	0.6896099796990013	0.6900314652604774	([903, 880], [903, 899, 880])
1	0.6838118733075961	0.690824269380566	([804, 780], [804, 796, 786])
1	0.6863717745431888	0.6918067866313319	([307, 274], [307, 285, 274])
1	0.6838768488799042	0.6919197405449926	([847, 798], [847, 839, 798])
1	0.674997274115042	0.6919803101966069	([47, 7], [47, 27, 15])
1	0.6915649645932098	0.6928419447455492	([696, 680], [701, 696, 680])
1	0.6926396245484793	0.6928662745714277	([861, 840], [861, 852, 846])
1	0.6779774908419542	0.6929338066909531	([754, 729], [754, 741, 729])
1	0.6903729618763528	0.6929912280202158	([202, 178], [202, 191, 187])
1	0.6514937960359268	0.6932826074653431	([747, 711], [741, 731, 724])
1	0.6853349598979479	0.6933377279976586	([755, 737], [755, 747, 746])
1	0.6856460398066758	0.6942189485867664	([222, 194], [222, 215, 194])
1	0.6524173297362096	0.6947361720658408	([770, 748], [770, 758, 748])
1	0.6838702240937491	0.6949001605348765	([815, 766], [815, 791, 766])
1	0.6734154250113137	0.695224284590359	([845, 799], [845, 817, 797])
1	0.6941946866429958	0.6959489297553152	([802, 759], [802, 791, 776])
1	0.6941260867414314	0.6961310272031084	([355, 40], [355, 72, 68])
1	0.6926121032464646	0.6961310272031084	([355, 112], [355, 89, 68])
1	0.6853912580466791	0.6969805701174371	([201, 176], [201, 189, 176])
1	0.687704513544421	0.6973506338134777	([295, 264], [295, 279, 264])
1	0.6301403384781209	0.6977278899603266	([204, 171], [204, 188, 183])
1	0.694931259176681	0.6980284359671391	([277, 235], [277, 266, 235])
1	0.6969677286310489	0.6983111479152386	([751, 714], [751, 748, 714])
1	0.6929373311473275	0.6984641878883574	([83, 47], [83, 72, 47])
1	0.6980036484245792	0.6987162968939459	([660, 616], [660, 642, 634])
1	0.6791332446603102	0.6987162968939459	([666, 634], [666, 660, 634])
1	0.700529502725006	0.7017002722623297	([850, 800], [850, 845, 800])
1	0.6830288977382667	0.701790087736103	([750, 692], [750, 747, 692])
1	0.6973034266385096	0.7018621308191356	([211, 177], [211, 196, 177])
1	0.685839518628237	0.7019038279452526	([876, 852], [876, 870, 852])
1	0.6763340033991402	0.7021683728844547	([752, 700], [752, 748, 701])
1	0.6920311051480197	0.7024921290509675	([846, 805], [846, 818, 805])
1	0.5126735713024306	0.7026391693348801	([357, 345], [362, 350, 347])
1	0.6791609434548944	0.7034364921108504	([747, 693], [747, 708, 699])
1	0.6865901003962479	0.703797538246919	([299, 252], [299, 293, 263])
1	0.6848863641356814	0.7039302334309294	([324, 252], [324, 314, 252])
1	0.6956447807420888	0.7041859758357503	([356, 68], [356, 68, 25])
1	0.6987155035318559	0.7048569423470563	([401, 340], [401, 386, 363])
1	0.6949354609398835	0.7049055229136184	([693, 661], [693, 678, 661])
1	0.7008697710474788	0.704994937495899	([772, 710], [772, 746, 712])
1	0.6950725783680565	0.706086481359101	([122, 83], [122, 112, 83])
1	0.692652092992538	0.7062701214947482	([901, 883], [901, 893, 890])
1	0.7010857790198359	0.7067334605984716	([834, 782], [834, 803, 791])
1	0.7017930544296536	0.7068443008407218	([478, 235], [478, 454, 235])
1	0.7069698442579985	0.707184067576181	([707, 687], [707, 704, 687])
1	0.7066956828569322	0.7076429013328192	([702, 681], [705, 702, 681])
1	0.6840511592936189	0.7078143005914673	([840, 771], [840, 817, 771])
1	0.66134521912093	0.7079097783975693	([220, 171], [220, 213, 171])
1	0.6963767222809872	0.7079252864407024	([744, 698], [747, 744, 708])
1	0.6967923928285309	0.7079347624063663	([712, 664], [712, 710, 664])
1	0.6962758983354245	0.7079963066283451	([822, 794], [826, 822, 794])
1	0.6950412868864773	0.7085954054027384	([330, 283], [329, 298, 284])
1	0.7022163108449786	0.7090386461606201	([304, 261], [305, 304, 235])
1	0.6924560834623985	0.7093555019801162	([641, 589], [641, 633, 610])
1	0.70784175488186	0.7097688856204405	([856, 777], [856, 853, 787])
1	0.6636584333479671	0.7106660465649484	([305, 235], [304, 293, 263])
1	0.6833970928175576	0.7107538380475624	([383, 328], [383, 363, 360])
1	0.6652904538273479	0.7109612347989565	([749, 691], [749, 739, 691])
1	0.6619588203550716	0.7113356828981617	([356, 251], [356, 287, 267])
1	0.7106480601661663	0.7113737342959895	([501, 463], [501, 482, 476])
1	0.6896538678804072	0.7116729059048607	([667, 633], [667, 657, 642])
1	0.7045547292838787	0.7117003624022419	([649, 625], [649, 642, 625])
1	0.6830584648732684	0.7121930655639964	([497, 436], [497, 473, 472])
1	0.7003366811430127	0.7126686036674093	([456, 394], [456, 412, 403])
1	0.6959922356465705	0.7132498013589885	([416, 171], [430, 416, 411])
1	0.5216278873973967	0.7132520025413184	([349, 344], [359, 349, 344])
1	0.6926071506656126	0.7134228206578075	([848, 786], [848, 821, 786])
1	0.6961154553999017	0.7134921003057163	([680, 641], [678, 660, 656])
1	0.5869481178644951	0.7137624028583726	([248, 235], [333, 326, 235])
1	0.7113975401167599	0.7139002211488532	([742, 690], [747, 742, 699])
1	0.6932562514687883	0.7140789729082152	([684, 659], [699, 684, 676])
1	0.699035944039382	0.7144422953537455	([302, 268], [302, 293, 265])
1	0.687297281302282	0.7149443357559854	([470, 356], [483, 470, 455])
1	0.7076544117959243	0.7149567144878428	([520, 460], [520, 500, 460])
1	0.6548181308676194	0.7152212175616321	([735, 355], [773, 750, 735])
1	0.7067815047533391	0.7157798060875721	([853, 787], [856, 842, 800])
1	0.6506560911205728	0.7158478293325177	([400, 355], [393, 360, 356])
1	0.713485519757543	0.7160426030537199	([200, 175], [200, 194, 175])
1	0.7061444639329468	0.7160858357338501	([718, 689], [718, 712, 689])
1	0.7033664097576642	0.7168158918308488	([757, 717], [757, 738, 732])
1	0.7093439262161825	0.7170724464657938	([879, 838], [888, 879, 837])
1	0.6980281965831562	0.7171188792887251	([300, 262], [300, 293, 263])
1	0.7139345866019997	0.7176787638149339	([766, 718], [766, 757, 754])
1	0.7161141473028405	0.7180960211393191	([850, 782], [850, 799, 782])
1	0.6872224537686243	0.7181772444728238	([858, 748], [887, 858, 752])
1	0.7177890263946577	0.7182454487578598	([178, 126], [178, 152, 122])
1	0.7132027686343878	0.7183229378620716	([211, 151], [211, 179, 151])
1	0.5772569356467335	0.7183813846965108	([302, 247], [302, 260, 251])
1	0.7115198045692945	0.7186082437926267	([53, 8], [53, 33, 28])
1	0.714359038221721	0.718766074405897	([906, 485], [906, 516, 485])
1	0.7055937833184793	0.7189205134217922	([862, 753], [864, 862, 753])
1	0.7162878830878506	0.7197332582761311	([830, 768], [840, 830, 768])
1	0.7028674539187224	0.7201645659071305	([412, 369], [412, 404, 369])
1	0.7055025121186884	0.7203607482737896	([121, 61], [121, 118, 61])
1	0.7049082211917229	0.7203906735007862	([888, 837], [879, 871, 848])
1	0.7196574748875744	0.7204088664620397	([613, 564], [613, 594, 582])
1	0.7201645680134487	0.7206618167122714	([615, 563], [615, 593, 584])
1	0.709293242927143	0.7213560479298289	([574, 501], [574, 520, 510])
1	0.7137042206490419	0.7214013000344996	([290, 251], [304, 291, 290])
1	0.7141161511084662	0.7215571130316715	([651, 608], [651, 639, 608])
1	0.6745032629498465	0.7220750833923568	([875, 845], [875, 870, 850])
1	0.6870948084338395	0.7222042037605924	([873, 747], [887, 881, 747])
1	0.714448300980563	0.7223242339407714	([745, 704], [746, 745, 704])
1	0.7003237982415684	0.7224498830396955	([315, 253], [315, 311, 253])
1	0.7098833083651969	0.7225521963694876	([885, 695], [885, 884, 697])
1	0.6713268276017667	0.7227064506583136	([355, 289], [355, 311, 289])
1	0.6817807612950142	0.7227461979097453	([740, 687], [740, 735, 687])
1	0.6958822464503722	0.7227960126739756	([388, 235], [388, 376, 364])
1	0.6661006120513676	0.7231498298363868	([52, 1], [52, 19, 6])
1	0.6970793436447603	0.723200958613705	([652, 607], [650, 640, 597])
1	0.7139258924939441	0.7234127513234689	([711, 632], [747, 711, 614])
1	0.6843389699181219	0.7234561479112963	([812, 355], [835, 812, 801])
1	0.6784400049563293	0.7240054442282475	([730, 673], [730, 712, 673])
1	0.7087517869123567	0.7240104235804049	([879, 673], [889, 879, 663])
1	0.7193307207342512	0.7241122819312928	([235, 198], [235, 198, 187])
1	0.6959343736034463	0.7242416058400298	([863, 692], [873, 863, 747])
1	0.7236875139451441	0.7244377839672227	([624, 585], [624, 611, 585])
1	0.7195586330635068	0.7244557993827804	([565, 484], [565, 514, 484])
1	0.7224736197308513	0.7247295483542072	([847, 773], [847, 817, 773])
1	0.7098280420263136	0.7248733861611468	([751, 672], [751, 714, 672])
1	0.7234406536681401	0.7248978684792889	([390, 337], [390, 383, 328])
1	0.6826732142009282	0.7249317049401249	([714, 657], [714, 710, 663])
1	0.6609000144247921	0.7250426791297678	([748, 670], [753, 752, 702])
1	0.724567257833872	0.7251388860528024	([685, 653], [685, 666, 653])
1	0.7132321856548677	0.7254571772930929	([654, 604], [654, 637, 604])
1	0.7204470046479328	0.7255830170004854	([829, 779], [851, 829, 818])
1	0.7030661518059194	0.7256795676758941	([864, 670], [858, 853, 753])
1	0.6977649990686463	0.7258116414089153	([879, 745], [879, 745, 687])
1	0.6998298525347394	0.7258604015175197	([851, 779], [829, 803, 779])
1	0.7216415586647381	0.725895955457582	([758, 709], [758, 750, 709])
1	0.7179102554932303	0.726024411053821	([248, 221], [250, 248, 232])
1	0.7071539406495676	0.7260469616871189	([901, 789], [901, 880, 755])
1	0.7049514223310495	0.7265037308105506	([884, 675], [885, 877, 691])
1	0.7237792937974498	0.7269583384003161	([308, 255], [308, 302, 255])
1	0.6996544010756884	0.7269622920015714	([888, 3], [895, 889, 0])
1	0.7084694004984162	0.7269915165786498	([796, 716], [796, 772, 738])
1	0.7137657771733527	0.7276127860720557	([448, 399], [448, 413, 407])
1	0.7207051729868132	0.7276920929479143	([219, 175], [219, 206, 183])
1	0.7098494289541418	0.727852738644955	([715, 684], [735, 715, 684])
1	0.6775935837194336	0.727852738644955	([757, 684], [741, 735, 684])
1	0.7245411603747229	0.7279512877024054	([753, 720], [753, 720, 708])
1	0.7019356137313879	0.7279874123406753	([161, 83], [161, 146, 122])
1	0.7269365705492936	0.7280366756447039	([706, 678], [712, 706, 678])
1	0.7241030752277852	0.7281202825167947	([252, 156], [252, 226, 180])
1	0.7280127760686945	0.7281202825167947	([248, 180], [252, 248, 180])
1	0.7278368095900153	0.7281213931127992	([855, 171], [867, 863, 171])
1	0.7127901705427393	0.7281216299808193	([786, 737], [786, 773, 735])
1	0.6916614533656589	0.7281372266543198	([880, 744], [880, 873, 747])
1	0.7251242961256641	0.7281815952613581	([335, 276], [347, 335, 276])
1	0.7236099739080455	0.7284073630918121	([882, 690], [882, 864, 696])
1	0.7188105388189407	0.7284132845732147	([327, 275], [327, 291, 275])
1	0.7260689174869698	0.7285809034145836	([171, 2], [171, 24, 6])
1	0.7237144147001922	0.7286228122998912	([387, 332], [387, 367, 364])
1	0.7189465087016925	0.728814119244913	([871, 665], [871, 696, 682])
1	0.712433562561624	0.7288968843394585	([79, 19], [79, 57, 33])
1	0.6972012987317786	0.7290750078194266	([720, 682], [871, 753, 682])
1	0.6906730055836343	0.7291170358832636	([880, 696], [753, 689, 682])
1	0.7130948353460775	0.7291368325352099	([770, 725], [770, 754, 725])
1	0.7288582951779581	0.729568549413749	([450, 343], [450, 401, 392])
1	0.7118550600313419	0.7295720057622109	([700, 635], [879, 700, 635])
1	0.6809035546458961	0.7295720057622109	([880, 635], [880, 879, 635])
1	0.6616053071520134	0.729609032106651	([233, 101], [233, 101, 85])
1	0.6596954685767569	0.7296220365936756	([504, 233], [529, 499, 497])
1	0.678123995864161	0.7298252732648998	([892, 752], [853, 787, 753])
1	0.6943636354564818	0.7301148460635033	([877, 691], [887, 885, 692])
1	0.6573031385592624	0.7302314482861666	([889, 663], [883, 864, 673])
1	0.5088985281550158	0.7302715526699713	([362, 350], [377, 362, 356])
1	0.7151195495433571	0.730463627280526	([875, 742], [875, 865, 697])
1	0.6802558076637991	0.7305216454114963	([850, 756], [880, 850, 756])
1	0.7022373879364491	0.7305552197709867	([340, 294], [340, 325, 297])
1	0.7249449182559036	0.7305788044767095	([719, 683], [719, 708, 683])
1	0.7294157691383243	0.7306910795032534	([321, 248], [321, 316, 250])
1	0.7259522978170099	0.7307071153249254	([491, 235], [489, 478, 470])
1	0.7028735492109751	0.7307771530878041	([900, 857], [900, 883, 857])
1	0.7272985547058601	0.7309871043564489	([789, 711], [789, 747, 744])
1	0.7239486757775525	0.7310323602218854	([762, 733], [762, 754, 733])
1	0.6891107015080794	0.731039253278776	([360, 277], [335, 313, 276])
1	0.6974755152005657	0.7310400279441243	([697, 629], [697, 661, 629])
1	0.7207373116929856	0.7310580056855993	([888, 447], [888, 447, 435])
1	0.7295783725344303	0.7313820569519006	([877, 401], [880, 877, 401])
1	0.7056550452879927	0.7313902991075406	([855, 789], [855, 844, 789])
1	0.7108226060629285	0.7315631396167306	([747, 614], [711, 675, 663])
1	0.6649350445281571	0.7316790370279912	([233, 196], [233, 196, 166])
1	0.6595458320030134	0.7316928163614123	([529, 233], [499, 469, 460])
1	0.700059435649087	0.7318257825353187	([444, 235], [515, 468, 456])
1	0.7037658894490736	0.7318336508836816	([206, 158], [206, 183, 182])
1	0.7309366098843355	0.7318646805512857	([340, 272], [340, 297, 254])
1	0.7151115580580426	0.7320741862276605	([662, 615], [662, 639, 615])
1	0.7113694112137153	0.7321410011095957	([557, 492], [557, 516, 511])
1	0.6754924344116569	0.7322505693522655	([316, 250], [332, 316, 250])
1	0.7265956159394913	0.7322525858678822	([851, 666], [861, 851, 634])
1	0.7061734433658905	0.7322788125950837	([898, 748], [898, 865, 753])
1	0.7122141692141967	0.7322963822932242	([411, 370], [411, 401, 388])
1	0.7304370319986773	0.7323294717950357	([761, 726], [761, 742, 735])
1	0.71553588455314	0.7325852788722845	([741, 662], [741, 684, 676])
1	0.7281473975549877	0.7326341234723959	([764, 702], [764, 758, 702])
1	0.6988221688945909	0.7328128230591077	([563, 478], [563, 517, 478])
1	0.6665612884039878	0.7329181443576473	([700, 356], [732, 707, 700])
1	0.7287140753981151	0.7329237438642815	([885, 845], [885, 875, 845])
1	0.7132572121935913	0.7333031221264475	([889, 830], [889, 846, 830])
1	0.701956763195591	0.7334337447087039	([759, 722], [776, 754, 723])
1	0.7295008810921008	0.7337977172018674	([686, 643], [686, 662, 642])
1	0.7232994489815173	0.7338450594793028	([885, 664], [885, 697, 664])
1	0.7269878798394641	0.7341247158749358	([366, 273], [386, 366, 273])
1	0.6967647804352903	0.7341369445364867	([405, 379], [405, 392, 390])
1	0.7272012407540759	0.7341926277605144	([638, 584], [638, 627, 621])
1	0.7243291895543891	0.7342337064527633	([865, 801], [865, 851, 843])
1	0.7183968381127754	0.7342559394456957	([479, 408], [479, 454, 452])
1	0.7275386591904837	0.7342612208010746	([337, 290], [337, 313, 297])
1	0.7025157810313823	0.7343231119077664	([848, 752], [861, 858, 752])
1	0.6589285552463742	0.7348034386279464	([865, 669], [872, 864, 673])
1	0.6900538547072905	0.7351491645692008	([889, 846], [889, 862, 846])
1	0.7337115955281077	0.7352002300839353	([683, 640], [683, 668, 648])
1	0.7216514538663976	0.7352745767887782	([391, 335], [373, 363, 335])
1	0.725906900811007	0.7352959785814878	([879, 393], [880, 879, 393])
1	0.7033292678777922	0.735324505675864	([70, 15], [74, 47, 46])
1	0.6878475638382536	0.7353720389925137	([882, 754], [882, 862, 787])
1	0.7290431672269839	0.7354033282351047	([158, 86], [162, 158, 70])
1	0.7316084101540374	0.735476122074109	([642, 598], [652, 642, 598])
1	0.7023564998891564	0.7356782975162236	([862, 695], [890, 885, 695])
1	0.7271768613755476	0.735772888780927	([874, 685], [884, 874, 685])
1	0.7357815794654708	0.735840346919953	([170, 96], [170, 122, 96])
1	0.7235805577722073	0.7358606117748252	([128, 59], [128, 110, 87])
1	0.730749238620715	0.7359108262124934	([215, 71], [215, 182, 157])
1	0.7306011283445286	0.7359358313436888	([876, 771], [876, 844, 797])
1	0.7248575301524269	0.7359451089680324	([890, 800], [892, 871, 800])
1	0.6917054890286426	0.7360176009785737	([906, 872], [906, 887, 886])
1	0.716746963832615	0.7360453397118664	([380, 322], [380, 375, 318])
1	0.7115934931516603	0.7361466570664903	([906, 786], [906, 901, 786])
1	0.7081386739447977	0.7362406497176389	([345, 280], [387, 364, 345])
1	0.6978892944608474	0.7364648659181281	([881, 735], [881, 747, 735])
1	0.7189813319347086	0.7365659433413477	([697, 5], [697, 689, 3])
1	0.7235479977070695	0.7365659433413477	([738, 3], [738, 697, 3])
1	0.6997752452606021	0.7366345359048235	([363, 278], [363, 328, 278])
1	0.7352144956991097	0.736645353487753	([790, 658], [790, 693, 669])
1	0.7010331945801515	0.736669726505127	([794, 740], [794, 740, 730])
1	0.7121239064920605	0.736816428270672	([192, 52], [192, 160, 52])
1	0.5679960641254659	0.7368206223957673	([575, 247], [592, 575, 566])
1	0.7322345041132985	0.7368461131138195	([437, 317], [437, 432, 317])
1	0.6922994720053016	0.7368934850647985	([880, 713], [880, 714, 713])
1	0.7159389363572343	0.7369485606372171	([788, 697], [869, 865, 697])
1	0.7219174377261625	0.7370539222330532	([401, 2], [401, 340, 171])
1	0.7364176275307751	0.7371247902992195	([549, 363], [567, 549, 517])
1	0.6604275492247756	0.737219780428116	([312, 171], [382, 365, 340])
1	0.7347643762877393	0.7372535198229835	([857, 631], [873, 857, 631])
1	0.7028496888059522	0.7372669643068671	([649, 602], [643, 638, 583])
1	0.7247335351929944	0.7373542132868649	([755, 666], [755, 751, 672])
1	0.7324125788723936	0.7373729666137121	([872, 698], [868, 866, 698])
1	0.7124094247409383	0.7373795479156539	([372, 324], [372, 369, 324])
1	0.7272834333930994	0.7373795479156539	([412, 324], [412, 369, 324])
1	0.728020936463226	0.7375172935831084	([228, 161], [228, 202, 176])
1	0.7221295683287778	0.7375842647552985	([642, 566], [642, 598, 586])
1	0.7292289084111361	0.7377575890532942	([790, 693], [864, 852, 693])
1	0.7377772637272814	0.7378020666955726	([903, 859], [903, 898, 859])
1	0.7310340915309534	0.7378524684673069	([751, 393], [751, 393, 360])
1	0.7342407440702806	0.7380295845675606	([867, 406], [888, 867, 854])
1	0.6657714133311609	0.7380295845675606	([893, 854], [888, 867, 865])
1	0.7061316978853109	0.7380904636038407	([387, 280], [366, 363, 282])
1	0.6882497626973506	0.7381218601343618	([376, 235], [384, 376, 283])
1	0.7234987898202877	0.7381218601343618	([391, 283], [391, 384, 283])
1	0.7268257171830135	0.7381362231381943	([786, 672], [788, 786, 672])
1	0.7341875916528133	0.7381586372260907	([169, 78], [169, 162, 78])
1	0.7098823193648066	0.7382575383201067	([861, 617], [865, 851, 666])
1	0.7215580988804742	0.7383549748601539	([407, 285], [396, 386, 285])
1	0.7268218846640043	0.738516489407104	([321, 257], [321, 291, 257])
1	0.7384018980072184	0.7386164723676337	([161, 53], [161, 83, 72])
1	0.6787541260776668	0.738651935155813	([716, 670], [716, 701, 699])
1	0.720739629217855	0.7388238345336942	([595, 478], [595, 581, 478])
1	0.7202274222718604	0.738879618308593	([858, 690], [858, 748, 690])
1	0.7131213155511362	0.739003391878347	([901, 698], [888, 698, 676])
1	0.7218365180269725	0.7390240544935565	([853, 676], [890, 853, 676])
1	0.6549397311194768	0.7390240544935565	([888, 672], [890, 888, 676])
1	0.7106999975624113	0.7390453795947975	([883, 0], [895, 889, 873])
1	0.7240291403087069	0.7391674993691509	([801, 698], [866, 850, 698])
1	0.7347739470984066	0.7391872133559073	([702, 647], [702, 694, 647])
1	0.7334249157991947	0.7392709124087263	([763, 727], [763, 758, 709])
1	0.733533003713908	0.73954654921474	([365, 1], [365, 215, 0])
1	0.7163400319338317	0.7396250719006768	([848, 712], [713, 712, 634])
1	0.7376908461379873	0.739677427208311	([861, 404], [881, 878, 404])
1	0.7204048565068335	0.7397586921520299	([898, 693], [898, 889, 693])
1	0.7341191766801414	0.7398029655788315	([199, 140], [199, 178, 165])
1	0.7397015527088033	0.7398207456886553	([906, 667], [906, 752, 701])
1	0.7391516413378552	0.7398463936408981	([854, 772], [859, 854, 772])
1	0.710243248676993	0.739863663887108	([653, 599], [653, 641, 599])
1	0.7311732093571389	0.7400377310321297	([147, 69], [147, 107, 88])
1	0.6816347875881045	0.7400499762528159	([869, 746], [879, 869, 745])
1	0.6882920395926981	0.7401742091013844	([774, 730], [794, 774, 759])
1	0.7316191767895481	0.7401931396100375	([691, 630], [691, 677, 633])
1	0.7090643431890188	0.7403665088561086	([738, 619], [738, 697, 629])
1	0.728035225579275	0.7404702831343282	([860, 713], [884, 860, 711])
1	0.6988080327869749	0.7405107519005439	([478, 171], [478, 446, 436])
1	0.7251176311919971	0.7405138778546291	([785, 694], [880, 876, 785])
1	0.7360120000685705	0.7405604695036072	([686, 383], [691, 686, 383])
1	0.7115243370678294	0.7406004765771735	([380, 250], [380, 356, 251])
1	0.6924733861149165	0.7406348583336024	([869, 776], [786, 747, 734])
1	0.6987595383873632	0.7407358762095159	([235, 168], [235, 198, 177])
1	0.732110262590378	0.7407917240111911	([342, 3], [366, 342, 329])
1	0.7302608623268613	0.7409147830069946	([841, 709], [841, 771, 757])
1	0.7378654627419823	0.7410078914945324	([655, 577], [655, 616, 601])
1	0.7373614435081557	0.7411821208756514	([845, 678], [851, 845, 677])
1	0.7395761836370763	0.7412087061611357	([855, 740], [855, 794, 789])
1	0.7383572462038916	0.7413229357587323	([659, 600], [659, 652, 600])
1	0.7269308667202665	0.7413398993401926	([858, 832], [858, 847, 832])
1	0.7349208559978498	0.7413873523148111	([331, 288], [331, 327, 275])
1	0.7320504128341022	0.741406704030872	([687, 616], [687, 661, 660])
1	0.731898396283687	0.7414364435511147	([382, 311], [383, 382, 311])
1	0.7239144036289559	0.741453402371764	([732, 641], [732, 709, 688])
1	0.7293350233380257	0.7415117408183718	([292, 248], [292, 269, 262])
1	0.7402398277467804	0.7415357083586865	([878, 678], [878, 875, 678])
1	0.663928303741896	0.7415678728521627	([849, 356], [883, 856, 849])
1	0.7198841792591084	0.7417123886519483	([757, 634], [757, 691, 663])
1	0.7282084483092295	0.7417123886519483	([774, 663], [774, 757, 663])
1	0.740299823038315	0.7417147596772647	([735, 171], [758, 735, 709])
1	0.7191735691593315	0.7417575745582894	([857, 681], [857, 848, 676])
1	0.7097509640688817	0.7419000997666119	([891, 746], [891, 746, 709])
1	0.6998152196843349	0.7419000997666119	([896, 709], [896, 891, 709])
1	0.7088830376972799	0.7419135486828413	([861, 737], [861, 755, 752])
1	0.738047737056416	0.7420400604194275	([408, 330], [408, 330, 277])
1	0.7307523715006013	0.7421006481358178	([797, 670], [789, 787, 670])
1	0.7305720355357691	0.7421216977683228	([703, 171], [731, 703, 171])
1	0.7317474350787476	0.7421216977683228	([755, 171], [735, 731, 171])
1	0.7415924884225727	0.7422491138673961	([862, 705], [862, 750, 705])
1	0.7273178778093816	0.7422690283912651	([867, 656], [867, 656, 171])
1	0.7262848860832715	0.7424327000380956	([172, 84], [172, 104, 84])
1	0.7000016112570068	0.7426900426563122	([343, 271], [344, 335, 273])
1	0.7209181226363218	0.7428513708932684	([678, 622], [686, 642, 635])
1	0.7260203537181997	0.7428811790642775	([372, 295], [372, 324, 295])
1	0.7285461485797782	0.7430596158145221	([900, 666], [900, 865, 857])
1	0.7196913412628843	0.7431875602706064	([856, 699], [886, 856, 702])
1	0.713016829170492	0.7432258745367768	([367, 279], [367, 363, 282])
1	0.7007534778500318	0.743295966768654	([868, 677], [868, 698, 680])
1	0.7329076798210499	0.7436453755740112	([691, 371], [749, 691, 371])
1	0.6859688014332684	0.7437262806456938	([852, 679], [852, 693, 679])
1	0.6901603387930595	0.7437893286033995	([400, 281], [400, 393, 279])
1	0.6668356751245014	0.7438559267115075	([356, 33], [356, 103, 67])
1	0.7394940839604364	0.7438572669907465	([724, 678], [724, 701, 678])
1	0.7404527904605283	0.743867561591194	([849, 766], [849, 836, 766])
1	0.7353969358291125	0.743879138385577	([734, 566], [801, 786, 734])
1	0.7040843655874921	0.7439951536572378	([899, 852], [899, 880, 862])
1	0.7431148507826104	0.7440421833341998	([188, 137], [188, 173, 137])
1	0.7414976500643707	0.7441529050739586	([716, 633], [716, 699, 623])
1	0.7275126744438501	0.74425293250363	([180, 82], [157, 118, 82])
1	0.6110551033279041	0.7443424635583697	([379, 233], [380, 252, 250])
1	0.7317816914815073	0.7443424635583697	([381, 252], [381, 380, 252])
1	0.736847911625985	0.7445079178758616	([872, 732], [872, 863, 747])
1	0.7431096984887344	0.7445213290603371	([570, 463], [570, 534, 463])
1	0.725752114545119	0.7445825228579682	([669, 171], [867, 851, 634])
1	0.7391886720229397	0.7447610324567882	([904, 874], [904, 891, 874])
1	0.7205098597916488	0.744793247716812	([700, 401], [730, 700, 673])
1	0.7436459554320423	0.7448470111078217	([589, 515], [589, 573, 515])
1	0.7159743793368616	0.7451287152015085	([692, 585], [692, 615, 585])
1	0.7152464189201024	0.7451310691275653	([855, 684], [855, 848, 676])
1	0.7206261880632159	0.7451658789986495	([714, 389], [880, 714, 389])
1	0.7309647343914185	0.7451817439404643	([851, 746], [861, 851, 746])
1	0.7067729473770011	0.7451916114865287	([700, 280], [700, 401, 366])
1	0.7440679726521816	0.7451916114865287	([663, 366], [700, 663, 366])
1	0.7406783520793989	0.7453794222320711	([216, 51], [216, 172, 160])
1	0.7439144472276396	0.7454136922975294	([549, 248], [554, 549, 248])
1	0.7143549406367171	0.7454258675739784	([162, 70], [192, 183, 52])
1	0.7316995100891115	0.7454849822039135	([842, 759], [882, 842, 759])
1	0.715376126228285	0.7455398571934692	([746, 637], [746, 738, 665])
1	0.7361611204610382	0.7457210471909963	([904, 756], [906, 904, 756])
1	0.7224416816618673	0.7457682986715615	([879, 358], [879, 863, 357])
1	0.7446316047033461	0.7458489904171003	([671, 1], [750, 671, 1])
1	0.7412121596946611	0.7458489904171003	([750, 6], [886, 750, 1])
1	0.745498423499885	0.7459302321853357	([857, 765], [857, 787, 765])
1	0.726215776615257	0.7459518457536688	([223, 52], [222, 189, 52])
1	0.7161402668162881	0.7459527003536567	([851, 3], [886, 851, 3])
1	0.7405506035118999	0.7461003745676144	([902, 861], [902, 881, 877])
1	0.7121238646402469	0.7462740746001506	([73, 9], [73, 51, 19])
1	0.7215629616415793	0.7463142396921777	([688, 594], [688, 642, 594])
1	0.7413672517619485	0.7463840282683538	([664, 360], [671, 664, 283])
1	0.7439896262579918	0.7464077528249545	([730, 344], [730, 401, 357])
1	0.7321684983253721	0.7466314694702895	([561, 412], [561, 516, 478])
1	0.7424436140573534	0.7466371293146712	([841, 742], [841, 757, 742])
1	0.7372682127710533	0.7466996892410984	([137, 66], [137, 110, 90])
1	0.7420578535854654	0.7468088046905984	([665, 623], [665, 637, 634])
1	0.7302972618155481	0.7468314837465352	([903, 798], [903, 880, 785])
1	0.7019490288982854	0.7468571150245521	([160, 73], [168, 94, 74])
1	0.7432574602583356	0.7468571150245521	([156, 74], [168, 156, 74])
1	0.7280609742994101	0.7469885545496089	([695, 646], [695, 693, 625])
1	0.7358323452744306	0.7469955979214526	([840, 744], [840, 796, 738])
1	0.7203176365123853	0.7472962965381742	([853, 701], [853, 753, 701])
1	0.7422456650543895	0.7473527109837541	([602, 512], [602, 573, 554])
1	0.7316597351039523	0.7473981260029079	([554, 252], [554, 492, 475])
1	0.7369645385897808	0.7474338760361838	([897, 708], [897, 708, 696])
1	0.7371463331287482	0.7475323178439469	([182, 54], [182, 172, 84])
1	0.7460073103811379	0.7475392393601148	([371, 259], [371, 277, 267])
1	0.7219241983724526	0.7476173857779067	([754, 678], [754, 692, 671])
1	0.7415053216104573	0.7476173857779067	([760, 671], [760, 754, 671])
1	0.7427647504341783	0.7476204072108489	([635, 562], [635, 612, 583])
1	0.724493080307616	0.7476487966781901	([896, 401], [896, 894, 401])
1	0.7266636557187953	0.747696050751461	([671, 283], [664, 360, 171])
1	0.7331578797187598	0.7477928168961766	([870, 392], [877, 870, 401])
1	0.7380080449286321	0.7478221677744882	([781, 724], [781, 760, 722])
1	0.7094687723820078	0.7478861056506927	([863, 357], [745, 730, 700])
1	0.727428971941779	0.7479414133136604	([408, 277], [408, 366, 363])
1	0.7477374349038964	0.7480073087388573	([900, 699], [900, 889, 699])
1	0.7416832338965559	0.7480622625162897	([880, 611], [880, 635, 629])
1	0.7145651107920529	0.7481113959373706	([170, 16], [170, 36, 10])
1	0.7459451713849411	0.7481114587820126	([802, 704], [802, 800, 704])
1	0.7457120453637944	0.7481143243761559	([452, 362], [456, 452, 362])
1	0.72698093169263	0.748144543900705	([708, 248], [888, 708, 698])
1	0.7330580491895677	0.748144543900705	([897, 696], [897, 888, 708])
1	0.6983936347914735	0.7481918476711494	([888, 761], [888, 865, 773])
1	0.7272143178999226	0.7482983977667604	([848, 723], [848, 723, 712])
1	0.7471584531205764	0.74837482602678	([878, 347], [878, 853, 347])
1	0.7448290408866446	0.7483819791463463	([218, 3], [218, 207, 3])
1	0.7392254882931708	0.7484367569269145	([790, 611], [790, 669, 171])
1	0.732522599956268	0.7484972282648877	([810, 725], [794, 791, 725])
1	0.6998160631850484	0.7485404577775718	([722, 685], [722, 708, 685])
1	0.7359236314541485	0.7486529823894396	([796, 690], [882, 796, 786])
1	0.7396336194101921	0.7486529823894396	([882, 806], [882, 806, 796])
1	0.7370739089296643	0.7486535998956599	([611, 479], [611, 559, 484])
1	0.7247787235193249	0.7486996739722531	([699, 623], [695, 667, 625])
1	0.7307743858635901	0.7487664980052238	([670, 367], [670, 663, 366])
1	0.7116828500310497	0.7488309196981606	([888, 651], [888, 672, 651])
1	0.7392898406726974	0.7489192495539592	([708, 396], [708, 671, 657])
1	0.7226542931237544	0.7490097288481518	([867, 171], [867, 170, 0])
1	0.7488522342938106	0.7490646632098179	([858, 623], [858, 676, 669])
1	0.6827395495706499	0.7491366614077621	([430, 171], [416, 401, 385])
1	0.7353825230426346	0.749152337503533	([856, 730], [856, 730, 708])
1	0.7167683885114227	0.7491659593866254	([839, 624], [839, 735, 624])
1	0.7273108392188508	0.749219138686117	([409, 332], [409, 390, 328])
1	0.7328498955270295	0.7494445657677757	([731, 611], [660, 616, 171])
1	0.7017219620626318	0.7495373281892997	([171, 24], [158, 70, 46])
1	0.6748316812443874	0.7495373281892997	([170, 36], [170, 158, 46])
1	0.7252746437070854	0.7495430174392025	([906, 825], [906, 811, 801])
1	0.7358991978344425	0.749568413267434	([608, 485], [608, 595, 485])
1	0.7395281403268508	0.7496328320168012	([442, 307], [454, 442, 252])
1	0.7393707064552104	0.7496328320168012	([490, 252], [490, 442, 252])
1	0.7439594548323036	0.7496506066052961	([841, 392], [841, 392, 357])
1	0.7010991154971834	0.749664530867008	([872, 633], [872, 862, 633])
1	0.7415808084495458	0.7496707975227298	([386, 248], [386, 376, 248])
1	0.7128363152450629	0.7499368289051316	([794, 682], [888, 843, 682])
1	0.7417662254718993	0.7500424288556091	([831, 719], [840, 831, 719])
1	0.7426584347601012	0.7500760710741727	([271, 206], [271, 265, 206])
1	0.7307057576034333	0.7501804859845801	([879, 770], [879, 842, 770])
1	0.7089046826965766	0.7502474159892415	([432, 375], [432, 404, 375])
1	0.6797012942813895	0.7502495823179802	([483, 356], [470, 356, 251])
1	0.7106545449775992	0.7502495823179802	([476, 250], [476, 470, 251])
1	0.7473198033293457	0.7502762650039074	([789, 643], [789, 643, 637])
1	0.746209683509007	0.7502811489157879	([901, 838], [901, 848, 838])
1	0.7234447214322177	0.7502839624322889	([861, 706], [861, 706, 700])
1	0.7256574733999406	0.7503130779900274	([801, 656], [801, 774, 656])
1	0.7408319555587172	0.7503218767391017	([854, 731], [867, 854, 731])
1	0.750497813150713	0.7505321069382631	([166, 79], [166, 134, 79])
1	0.7428489613946954	0.7505574585232149	([340, 216], [340, 216, 171])
1	0.7440588110142058	0.7505574585232149	([862, 216], [862, 216, 171])
1	0.7250884441924184	0.7505717662302444	([770, 680], [770, 748, 680])
1	0.7256626019750035	0.7506725444477734	([232, 121], [232, 188, 88])
1	0.7246747914289381	0.7507388370097322	([574, 466], [574, 489, 482])
1	0.6860002255382522	0.7507549221205974	([672, 0], [865, 666, 0])
1	0.7233907811072593	0.7507606272350026	([852, 719], [852, 842, 719])
1	0.7428519363957824	0.7508129247968409	([719, 637], [719, 656, 637])
1	0.7494858458183455	0.750823837069574	([755, 377], [755, 633, 377])
1	0.7369378946357787	0.7508545222309355	([742, 616], [742, 741, 635])
1	0.7231174120614736	0.7508617791873488	([432, 300], [437, 379, 317])
1	0.7327464685089102	0.7509979242426116	([855, 714], [855, 847, 714])
1	0.7260437519204026	0.751051338696017	([860, 792], [860, 852, 792])
1	0.7219743477713391	0.751073594946018	([188, 88], [232, 172, 165])
1	0.7482820003406634	0.751073594946018	([229, 165], [232, 229, 165])
1	0.7246643600169727	0.7512170937880879	([445, 365], [445, 404, 386])
1	0.7269983525779662	0.7513362249028167	([791, 655], [791, 777, 648])
1	0.6932786076983131	0.7513818708758364	([689, 3], [889, 885, 5])
1	0.7478183299804056	0.7513958269487735	([480, 384], [480, 456, 384])
1	0.7064095158712217	0.7515127016321252	([576, 171], [576, 516, 478])
1	0.7448598693046128	0.7515852694251779	([854, 675], [856, 854, 688])
1	0.7383978316834847	0.7515864318738643	([564, 407], [684, 564, 398])
1	0.7444760433184079	0.7516176496593171	([253, 162], [253, 226, 162])
1	0.7346520903551623	0.7517094866475655	([832, 769], [832, 791, 780])
1	0.7062609147030333	0.7517469778957093	([730, 401], [700, 366, 365])
1	0.7104691736496476	0.7518007718081386	([889, 190], [889, 190, 178])
1	0.7133446159049701	0.7518011414207849	([759, 707], [774, 759, 707])
1	0.7396240036043189	0.751808863255468	([358, 264], [358, 335, 277])
1	0.7366655470329079	0.7518406864386361	([618, 516], [618, 567, 558])
1	0.7247854374066015	0.7518467085412	([776, 679], [776, 736, 677])
1	0.7494612415167168	0.7518988847474717	([644, 592], [644, 636, 597])
1	0.7020368395065384	0.7519371745206886	([232, 42], [232, 88, 58])
1	0.7068169944836854	0.7519897029381228	([889, 793], [889, 856, 793])
1	0.7383447405962844	0.7520087294051613	([877, 774], [877, 855, 854])
1	0.7478863648560945	0.7521360719402115	([565, 406], [583, 565, 406])
1	0.7369569974367782	0.7521658639952671	([900, 758], [900, 758, 702])
1	0.7325675104934575	0.7522289340431324	([870, 727], [870, 727, 715])
1	0.7414894311317419	0.7522957959815753	([679, 652], [679, 676, 652])
1	0.7282594979364978	0.752334586533109	([737, 583], [737, 729, 638])
1	0.7456825058623806	0.7523371575365304	([572, 502], [572, 560, 526])
1	0.751783913201626	0.7523721420109422	([700, 578], [700, 624, 614])
1	0.7453675313465541	0.752410426681401	([567, 477], [567, 561, 454])
1	0.7339767000219092	0.7524200034706555	([684, 398], [671, 670, 398])
1	0.7382057077354653	0.7524226576657352	([876, 717], [876, 861, 737])
1	0.7324423086812422	0.7524536961431317	([369, 290], [369, 360, 275])
1	0.7188957222676506	0.7524660580002787	([251, 229], [252, 251, 230])
1	0.7298251426428688	0.7524665660274819	([806, 663], [806, 774, 760])
1	0.7506892592953102	0.7525687195487849	([779, 729], [798, 779, 729])
1	0.7440021653105102	0.7525819804864107	([677, 386], [677, 657, 649])
1	0.7469345383840035	0.7526563654521217	([784, 705], [784, 730, 705])
1	0.7143595559331656	0.7526743729124911	([441, 382], [441, 404, 378])
1	0.7276275112948526	0.7527661372209927	([753, 619], [889, 753, 696])
1	0.7039699274626777	0.7528071184178722	([436, 253], [454, 436, 263])
1	0.7493083928008731	0.7528183686729999	([772, 624], [772, 771, 655])
1	0.7342779507105689	0.7530011569087999	([416, 282], [416, 386, 273])
1	0.7514608314435275	0.7530707732573969	([776, 651], [776, 654, 651])
1	0.7201497481555648	0.7530750648845662	([460, 380], [460, 430, 380])
1	0.7451209488813492	0.7530785598581312	([904, 529], [904, 529, 503])
1	0.7477346194135587	0.753135272210185	([703, 370], [703, 680, 370])
1	0.7481793967573813	0.7532217119756247	([819, 751], [819, 801, 751])
1	0.7154462051364971	0.7532515433364361	([898, 171], [898, 867, 753])
1	0.7084536168781376	0.7532796550950225	([897, 845], [897, 885, 884])
1	0.7400655639660202	0.7532803196526922	([854, 410], [856, 854, 410])
1	0.7237353434190311	0.7532996166184858	([215, 0], [217, 160, 52])
1	0.7328486194538255	0.7533330151088181	([687, 413], [691, 398, 396])
1	0.7114049011266196	0.7533330151088181	([749, 361], [691, 671, 398])
1	0.7490371319854097	0.7533825920734757	([164, 48], [164, 151, 42])
1	0.6703249799748937	0.7534480277092391	([906, 0], [611, 576, 559])
1	0.7532750970798108	0.7534763836386666	([745, 630], [757, 745, 631])
1	0.6728574854686392	0.7535190059845086	([686, 355], [686, 383, 368])
1	0.7529479545072028	0.7535227687686994	([875, 280], [875, 700, 636])
1	0.7066092329122952	0.7535341449924499	([252, 226], [253, 235, 187])
1	0.7389767264180207	0.7535816031073466	([873, 720], [873, 747, 737])
1	0.7508909557928354	0.7536191253424279	([795, 689], [795, 773, 689])
1	0.7472218459978048	0.7536403343498617	([840, 577], [841, 840, 614])
1	0.7495482149155843	0.7538368887581575	([559, 446], [559, 484, 446])
1	0.742317173214185	0.7538632123968592	([265, 224], [265, 252, 206])
1	0.7127634116726025	0.7539616263408132	([846, 718], [805, 797, 718])
1	0.7012752769974936	0.7540018154008252	([575, 235], [575, 524, 509])
1	0.7353061331177312	0.754053034566158	([893, 818], [893, 866, 818])
1	0.7513691849398344	0.754143270196997	([850, 668], [850, 682, 668])
1	0.7441847254783149	0.7542339247111367	([899, 664], [899, 887, 659])
1	0.7165948448910737	0.7542544807373112	([897, 686], [897, 708, 686])
1	0.7462722798582261	0.7542811104413683	([826, 721], [826, 766, 718])
1	0.738120432278602	0.754405209383308	([817, 647], [811, 794, 647])
1	0.7464850369956586	0.7544092809435079	([859, 6], [898, 859, 6])
1	0.7279250076275633	0.7544092809435079	([897, 6], [898, 897, 6])
1	0.7502337001740045	0.7544453804403581	([625, 216], [702, 693, 216])
1	0.7510578156190312	0.7544920743380862	([622, 560], [622, 583, 561])
1	0.7541395643679657	0.7544953600734249	([277, 170], [277, 257, 256])
1	0.7132129293152398	0.7544986910931107	([880, 4], [889, 884, 4])
1	0.7397870218688157	0.7545501666077874	([210, 132], [210, 175, 164])
1	0.7479431438393266	0.7545759536464179	([903, 673], [903, 898, 673])
1	0.7448361696719493	0.7546060978658625	([452, 381], [452, 386, 381])
1	0.7477102950345381	0.7546836614463583	([537, 473], [564, 537, 467])
1	0.7459661573658007	0.7547255568637931	([758, 635], [862, 860, 635])
1	0.7454444460036526	0.7548918210118112	([263, 220], [263, 248, 232])
1	0.7471630080818288	0.7549292604953268	([704, 596], [708, 704, 596])
1	0.7193129749082424	0.7549558743380679	([906, 361], [906, 395, 392])
1	0.7336057286808515	0.7549936322452719	([897, 515], [906, 897, 515])
1	0.754693519696269	0.7550278779651111	([899, 384], [899, 659, 656])
1	0.7440513002119021	0.7550278779651111	([887, 659], [899, 801, 656])
1	0.7093187670423653	0.755101873996592	([250, 232], [251, 248, 231])
1	0.7504428925614958	0.7551157649205427	([161, 20], [180, 161, 7])
1	0.7292577391551412	0.7551261536623898	([880, 485], [880, 485, 389])
1	0.7453079065488022	0.7551273570468374	([640, 541], [640, 563, 541])
1	0.7470649973341039	0.7551454935614608	([514, 430], [514, 458, 430])
1	0.7460268314725094	0.7551519522076334	([729, 384], [853, 729, 384])
1	0.7020756904041656	0.7552528194214728	([800, 641], [800, 774, 641])
1	0.7225746829732612	0.7552633248706315	([843, 710], [843, 738, 710])
1	0.7464094829898167	0.7553157284931905	([732, 397], [732, 686, 670])
1	0.7525115263489621	0.7553581025620668	([670, 5], [885, 670, 664])
1	0.7437080340373399	0.755426208733769	([484, 375], [484, 448, 446])
1	0.7297440188711517	0.7554386408860662	([745, 595], [745, 630, 614])
1	0.7518224509937514	0.7555012756859321	([638, 479], [650, 638, 479])
1	0.749325757994705	0.7555260916946682	([798, 741], [791, 779, 729])
1	0.7435475120907026	0.7555468996078429	([864, 620], [864, 670, 622])
1	0.7553418472278097	0.7556219741619282	([841, 661], [854, 841, 661])
1	0.6955783612565515	0.7556372371591494	([786, 639], [786, 672, 669])
1	0.7466216073005405	0.755722810142292	([180, 7], [187, 180, 145])
1	0.716670460730988	0.7557828888616085	([339, 269], [339, 313, 294])
1	0.7417867968136233	0.7558123946342963	([747, 592], [747, 614, 596])
1	0.7434977396937195	0.7558123946342963	([735, 596], [747, 735, 596])
1	0.754120517080138	0.7558636782488808	([856, 610], [889, 856, 632])
1	0.7238677232833833	0.7560387512886451	([751, 283], [888, 751, 393])
1	0.7000519145070333	0.7560387512886451	([880, 400], [888, 879, 393])
1	0.7554413884461111	0.7561354634469958	([793, 683], [793, 683, 640])
1	0.7461214475008742	0.7561354634469958	([775, 640], [793, 775, 640])
1	0.7250343477462597	0.7561386298519135	([182, 26], [182, 171, 24])
1	0.7390822573060679	0.7561525933741229	([888, 60], [888, 112, 60])
1	0.7190523185297631	0.756158902192155	([701, 402], [701, 684, 402])
1	0.7494464996787448	0.7562380229605551	([727, 610], [727, 708, 610])
1	0.731285585334488	0.7562472898281306	([492, 248], [554, 462, 442])
1	0.7527198694400877	0.7562646032665445	([679, 404], [687, 679, 404])
1	0.7309914463757616	0.7563395686768719	([564, 467], [564, 456, 407])
1	0.7512197386292279	0.7564502134788423	([711, 390], [711, 393, 390])
1	0.7201776150100733	0.7564502134788423	([697, 393], [711, 697, 393])
1	0.6472033749534365	0.7564502134788423	([888, 406], [751, 711, 393])
1	0.7442612333632193	0.7565044123443864	([841, 567], [841, 594, 567])
1	0.7174297733916215	0.7565055752333275	([906, 643], [906, 743, 643])
1	0.7335026457185112	0.7565478225663562	([761, 659], [888, 761, 659])
1	0.7296346661790564	0.7566077585395241	([365, 215], [366, 365, 1])
1	0.7396552875844601	0.7566343157464629	([706, 583], [706, 682, 678])
1	0.7422186509126038	0.7566619714823426	([818, 733], [844, 818, 733])
1	0.7521539845238157	0.7566775441731016	([736, 628], [736, 729, 612])
1	0.740140248837189	0.7567053954497661	([624, 456], [624, 611, 456])
1	0.7436672327080088	0.7567553420081203	([803, 737], [803, 795, 737])
1	0.7484169100468099	0.7567697053600625	([329, 156], [329, 214, 156])
1	0.7266280932308307	0.7567939019795804	([285, 217], [323, 273, 171])
1	0.5665146375318949	0.7568534627098867	([464, 247], [464, 439, 420])
1	0.7434114990698679	0.7569077671649349	([599, 493], [599, 534, 515])
1	0.7230103299236041	0.7569377743348469	([647, 561], [647, 633, 561])
1	0.7491336383878461	0.7569377743348469	([872, 561], [872, 633, 561])
1	0.7302352986039466	0.7569869888266847	([825, 727], [843, 825, 727])
1	0.735078247972152	0.757164271418163	([799, 665], [799, 691, 673])
1	0.7299634904067341	0.7573186222314353	([194, 28], [194, 77, 53])
1	0.5646681143132882	0.757351178940123	([437, 247], [437, 435, 318])
1	0.7507306812722943	0.757352972440079	([781, 636], [781, 740, 636])
1	0.7358173954050837	0.7573640981923668	([539, 463], [539, 502, 478])
1	0.750001869572	0.7573922696346341	([813, 601], [813, 776, 775])
1	0.7370169604470171	0.7573994909668633	([501, 379], [488, 470, 379])
1	0.731214373495192	0.7575958427087307	([624, 7], [170, 161, 20])
1	0.7435296358340976	0.7576408730487042	([669, 565], [666, 634, 567])
1	0.747165458359556	0.7576408730487042	([672, 567], [672, 666, 567])
1	0.7491565501361284	0.7576572071448696	([806, 649], [806, 663, 657])
1	0.7294184928717488	0.7576572071448696	([794, 657], [806, 794, 657])
1	0.7239395250266445	0.7576744289949824	([894, 706], [894, 889, 706])
1	0.7339451964212541	0.7577080336461669	([801, 566], [748, 734, 566])
1	0.6683893768170578	0.7577095100418245	([524, 235], [442, 431, 307])
1	0.7365735265018756	0.7577699318711348	([378, 255], [378, 322, 252])
1	0.6880950678787826	0.7578325016145301	([423, 355], [423, 404, 368])
1	0.7514514479232476	0.7578832455302977	([667, 595], [667, 654, 589])
1	0.7528399343267809	0.7578832455302977	([665, 589], [667, 665, 589])
1	0.7335497839609433	0.757994324538224	([906, 180], [906, 180, 173])
1	0.7375492059982367	0.757994324538224	([895, 173], [906, 895, 173])
1	0.7484755291517092	0.7580339911715134	([633, 275], [633, 564, 280])
1	0.7448990560838458	0.7580339911715134	([564, 280], [667, 633, 280])
1	0.7286612495146833	0.7580618579636266	([739, 640], [739, 713, 640])
1	0.6711651338755815	0.7580920988309651	([779, 356], [779, 732, 729])
1	0.7424888188839116	0.7581589144151383	([780, 649], [780, 676, 652])
1	0.7316822196040752	0.7582075990708694	([633, 373], [633, 564, 407])
1	0.7281429035043574	0.7583669602146625	([745, 659], [888, 745, 698])
1	0.691135532444926	0.7584094594927188	([767, 235], [842, 767, 759])
1	0.7522053509746601	0.758421079830898	([123, 20], [123, 72, 20])
1	0.7321637687804393	0.7584879270082283	([814, 726], [814, 805, 726])
1	0.7419778256185772	0.7585315301517765	([450, 268], [450, 358, 264])
1	0.7305441014444483	0.7586164272120413	([684, 564], [537, 516, 467])
1	0.7185318938614531	0.7586562306150009	([435, 235], [444, 435, 404])
1	0.7206796739554422	0.7586775021899576	([682, 366], [682, 666, 366])
1	0.7369985478046135	0.7586843648870072	([696, 592], [880, 696, 592])
1	0.7585953848757094	0.7586843648870072	([850, 592], [880, 850, 592])
1	0.7576230566615652	0.758750173490876	([705, 611], [790, 705, 693])
1	0.7556118542528818	0.7587552032402534	([770, 360], [770, 751, 743])
1	0.7476633737967947	0.7587826442369902	([371, 321], [371, 321, 259])
1	0.7428039604873177	0.7588174575632551	([399, 272], [399, 361, 277])
1	0.7565586490387974	0.7588187705467937	([823, 592], [850, 823, 793])
1	0.7320944540872683	0.7588478365944086	([799, 645], [799, 765, 645])
1	0.7531696982262854	0.7588593315114176	([202, 115], [202, 153, 115])
1	0.7562657273111777	0.7589060657114652	([83, 5], [83, 16, 14])
1	0.7301172766702981	0.7590303972298874	([612, 3], [889, 632, 3])
1	0.7474506910806087	0.7591304466544407	([395, 286], [395, 328, 277])
1	0.7494671971425136	0.7591372238323243	([719, 363], [862, 705, 364])
1	0.7529429322741338	0.7591372238323243	([860, 364], [862, 860, 364])
1	0.6630609887252276	0.7591372238323243	([732, 356], [880, 862, 364])
1	0.7313661561753229	0.7591435778526352	([311, 191], [311, 253, 222])
1	0.6724935660932837	0.7592023274166887	([597, 355], [645, 604, 595])
1	0.7549394146690934	0.7592225703134365	([876, 707], [896, 876, 705])
1	0.7474392732913039	0.7592612821828995	([776, 601], [776, 763, 654])
1	0.7554809183832565	0.7592724932112906	([202, 26], [202, 117, 115])
1	0.6713842441772641	0.7592779673934857	([645, 355], [852, 700, 645])
1	0.7061570266033891	0.7593780045086094	([881, 638], [881, 876, 638])
1	0.7386048590905379	0.7595151361352525	([248, 135], [248, 180, 136])
1	0.722720177536609	0.7595925558808625	([889, 284], [889, 284, 0])
1	0.5577363323916513	0.7596263926321437	([379, 247], [379, 248, 247])
1	0.6661252556343513	0.7598073770920639	([852, 355], [852, 835, 794])
1	0.7532660561506097	0.7598474105599565	([669, 593], [669, 593, 569])
1	0.7342146471124202	0.7599047443903003	([200, 105], [200, 147, 139])
1	0.7520432336809746	0.7599168799250665	([456, 296], [466, 447, 265])
1	0.7526491144235905	0.7599168799250665	([480, 265], [480, 466, 265])
1	0.751721860955794	0.7599349544040093	([447, 265], [456, 454, 296])
1	0.7368823789972657	0.7599617714928062	([872, 365], [743, 730, 397])
1	0.7582295662322529	0.7600170363842039	([893, 650], [893, 880, 650])
1	0.7433607107046444	0.7601195133651385	([827, 561], [854, 850, 561])
1	0.7490204648533615	0.7602825439102529	([621, 545], [621, 617, 545])
1	0.7585976436030656	0.7603346661767026	([824, 717], [826, 824, 721])
1	0.7446313602574777	0.7603704514858038	([793, 745], [793, 745, 640])
1	0.7575812139590901	0.7604573528900717	([855, 613], [855, 613, 611])
1	0.7568977587235135	0.7604720405644235	([735, 642], [735, 718, 642])
1	0.736417141252285	0.7604871842220644	([793, 653], [850, 793, 745])
1	0.7500911112766822	0.7604917742931714	([773, 370], [773, 730, 710])
1	0.7472033331688964	0.7605132786388835	([497, 321], [497, 476, 300])
1	0.7396059336754618	0.7605335612580645	([186, 17], [186, 173, 17])
1	0.7439748786031964	0.7605539999634431	([841, 594], [840, 798, 614])
1	0.7403134083161848	0.7605540002110462	([640, 384], [899, 664, 396])
1	0.7498382126909778	0.7606073356400065	([632, 367], [711, 632, 390])
1	0.7593368862000281	0.7606560743963687	([887, 273], [887, 758, 344])
1	0.7415055446422997	0.7607272632832306	([879, 565], [884, 879, 565])
1	0.72125938823621	0.7607439268601984	([375, 253], [381, 375, 253])
1	0.5697400987848874	0.7607695291828174	([247, 168], [168, 161, 22])
1	0.7571166388365794	0.7607756570805776	([839, 587], [839, 621, 587])
1	0.7347012849196345	0.7608673080122217	([879, 11], [879, 691, 3])
1	0.7535959710956144	0.7608825094621314	([477, 261], [477, 355, 311])
1	0.7544291074909673	0.7608825094621314	([444, 311], [477, 444, 311])
1	0.7583944365785699	0.7608843169807659	([772, 537], [839, 800, 537])
1	0.7608302064684502	0.760970157835067	([729, 412], [729, 412, 384])
1	0.7609276880287021	0.7609758954750261	([445, 294], [454, 445, 294])
1	0.6904964893231047	0.7611047429161975	([235, 187], [273, 253, 217])
1	0.7288257163935259	0.7611147269949959	([276, 182], [391, 280, 276])
1	0.7603085124322337	0.7611147269949959	([403, 276], [403, 391, 276])
1	0.731503725871671	0.7611635779659565	([756, 626], [756, 662, 632])
1	0.7261381172197886	0.7611762389446954	([823, 604], [823, 604, 591])
1	0.7442499253718535	0.7612202135386853	([702, 404], [881, 702, 673])
1	0.7514326713106354	0.7612297759248664	([721, 625], [721, 705, 611])
1	0.7591516289861926	0.761237733191445	([256, 194], [256, 194, 177])
1	0.7086134564136686	0.7612890997394524	([881, 404], [881, 667, 664])
1	0.758024378114529	0.7613568092215204	([437, 255], [437, 299, 262])
1	0.7237140882352453	0.7613608393742007	([85, 0], [85, 78, 0])
1	0.6443837899411367	0.7614953352792915	([772, 355], [881, 664, 395])
1	0.7606034554049329	0.76152309185268	([541, 450], [541, 484, 478])
1	0.7606067303241968	0.7615748654787403	([723, 643], [740, 723, 643])
1	0.75028103445044	0.7616141719182498	([443, 291], [450, 443, 291])
1	0.7566502410888002	0.7616311393282866	([409, 257], [455, 409, 257])
1	0.7599108923332666	0.7617188754203785	([206, 1], [206, 158, 1])
1	0.7401329951363116	0.7617265549297402	([881, 279], [881, 360, 279])
1	0.7617149340871623	0.7617581351119249	([445, 191], [445, 227, 191])
1	0.7584915823804562	0.7618021772399206	([496, 306], [496, 442, 306])
1	0.7371492277710079	0.7618646388643104	([661, 363], [671, 661, 364])
1	0.7569933582904207	0.7618901171523981	([798, 593], [798, 614, 605])
1	0.7563547155528723	0.7618901171523981	([783, 584], [798, 783, 605])
1	0.7365853971511586	0.7618901171523981	([810, 599], [810, 798, 605])
1	0.7444486268760709	0.761921789642036	([868, 369], [868, 670, 369])
1	0.6625575730790213	0.7619464788372038	([835, 355], [812, 779, 760])
1	0.7264180853405974	0.7619512346289129	([889, 374], [889, 711, 393])
1	0.7589841843597552	0.7619688932258881	([800, 484], [800, 537, 484])
1	0.7521089848232175	0.7620281710489407	([479, 264], [479, 456, 283])
1	0.7563197173712787	0.762061594106077	([662, 410], [662, 632, 410])
1	0.73866484115697	0.762061594106077	([856, 402], [856, 632, 410])
1	0.7580350235067506	0.7620624517033988	([864, 654], [883, 654, 631])
1	0.748292825450549	0.7620971151474721	([802, 577], [840, 802, 750])
1	0.7298425507045532	0.7621079124950941	([847, 625], [864, 847, 625])
1	0.7566036423459616	0.7621177403540135	([424, 261], [424, 406, 266])
1	0.7620667859019293	0.7621416647432204	([186, 58], [186, 173, 74])
1	0.7414942104252443	0.7621933979276481	([767, 396], [773, 767, 396])
1	0.7583218150479334	0.7622091366016697	([839, 674], [850, 839, 668])
1	0.735042022962527	0.7622211107359765	([576, 366], [566, 547, 386])
1	0.7515386685652778	0.762221596931005	([402, 189], [403, 402, 189])
1	0.7529109273777842	0.7622222334791318	([715, 406], [855, 715, 406])
1	0.7475660499683273	0.7622254375551122	([738, 382], [738, 710, 409])
1	0.7582055942162448	0.7622455564592975	([718, 604], [718, 642, 625])
1	0.7599212407439363	0.7622761200907514	([504, 417], [504, 439, 417])
1	0.7567601463960129	0.7622842558560244	([342, 170], [392, 342, 282])
1	0.7568678949785139	0.7623062272567209	([887, 642], [887, 667, 659])
1	0.6480953483066656	0.7623189263528398	([894, 356], [887, 356, 287])
1	0.7494898642796716	0.7623388313966579	([878, 620], [878, 864, 693])
1	0.762074498680938	0.7623427025538944	([692, 307], [865, 692, 282])
1	0.7593051068806358	0.7623758130288136	([865, 282], [692, 665, 277])
1	0.7569985672503912	0.7624320381359195	([770, 628], [770, 716, 623])
1	0.7475085192109325	0.7624726095130313	([256, 170], [269, 256, 170])
1	0.7398839449404945	0.7624870611015739	([329, 214], [329, 311, 191])
1	0.7478414719925346	0.7624894673982663	([142, 58], [142, 118, 58])
1	0.7547751936602051	0.7625112504570148	([720, 291], [720, 713, 389])
1	0.7577378006135961	0.7625235263061045	([207, 55], [207, 206, 55])
1	0.7443986823558204	0.7626272339958278	([685, 626], [685, 642, 641])
1	0.7441781064443106	0.7627855123728169	([702, 216], [873, 862, 216])
1	0.6926774036914972	0.7628758247845951	([906, 513], [906, 485, 364])
1	0.7580898775955294	0.7629276423578368	([254, 219], [254, 253, 217])
1	0.7242438543822924	0.762951031075265	([162, 1], [906, 173, 74])
1	0.6837168786008254	0.7629583831394299	([466, 355], [462, 423, 418])
1	0.7287810690754061	0.7629726516018434	([853, 608], [853, 745, 614])
1	0.7442756450153891	0.7630513836325122	([691, 221], [698, 691, 221])
1	0.7621208831318296	0.7630796609170896	([563, 217], [591, 563, 226])
1	0.7465053174010456	0.7630828757826228	([342, 248], [356, 342, 187])
1	0.7540182923546268	0.7631381514328891	([704, 367], [704, 667, 367])
1	0.7512399859401563	0.7631823273681884	([689, 381], [689, 381, 364])
1	0.719932064672378	0.7631823273681884	([366, 3], [689, 661, 364])
1	0.7525825717943242	0.7633421963085212	([848, 370], [848, 840, 366])
1	0.7507990942615439	0.7633580920182141	([902, 810], [902, 888, 797])
1	0.7612195535733752	0.7633947792462061	([558, 457], [558, 509, 503])
1	0.7422426041702853	0.7634560092480007	([364, 193], [366, 355, 185])
1	0.7541289566138325	0.76346515521967	([621, 285], [633, 621, 285])
1	0.7202323830066613	0.76346515521967	([649, 248], [677, 633, 285])
1	0.7571743846822991	0.7634769627650788	([183, 12], [183, 70, 24])
1	0.7304690884222179	0.763525703955028	([406, 266], [477, 441, 261])
1	0.7483926943011107	0.7635344152224708	([871, 83], [906, 871, 83])
1	0.7609612568367128	0.7635391743488852	([675, 612], [675, 666, 565])
1	0.7251981675103983	0.7635482666102176	([694, 183], [694, 364, 193])
1	0.7565612564783609	0.7635707438397934	([622, 343], [638, 622, 361])
1	0.7280401234966035	0.7635992675586714	([283, 158], [671, 283, 158])
1	0.7345211417392911	0.7636282885161793	([749, 5], [889, 744, 5])
1	0.7464700686898883	0.763634149261954	([840, 366], [889, 848, 366])
1	0.7039379236508145	0.7636441437410494	([394, 5], [394, 366, 3])
1	0.7161456162973935	0.7637147269033173	([626, 401], [631, 626, 416])
1	0.7158896130261577	0.7637261250800754	([690, 248], [708, 685, 248])
1	0.7547601084585916	0.763742855442269	([532, 423], [532, 503, 423])
1	0.7540259242595766	0.7639569237361865	([371, 220], [371, 365, 215])
1	0.7377942124670095	0.7639569237361865	([566, 215], [561, 371, 215])
1	0.6907806370063133	0.7639846809106551	([356, 126], [356, 211, 134])
1	0.7335049729758744	0.7639850955616787	([884, 657], [884, 751, 657])
1	0.7633639991428809	0.7639936304548418	([899, 484], [899, 892, 484])
1	0.7463170659416615	0.7640160938757053	([187, 109], [187, 145, 103])
1	0.6725139283915554	0.7640160938757053	([356, 187], [356, 187, 103])
1	0.6663948250088376	0.7640299932929627	([703, 235], [703, 478, 235])
1	0.7508207227124492	0.7640589720647571	([621, 357], [633, 621, 368])
1	0.7274270618170299	0.764062238123742	([658, 362], [661, 658, 364])
1	0.7633747314044281	0.7640737537485366	([847, 373], [847, 845, 373])
1	0.7484573679205474	0.7640872877206001	([905, 769], [905, 787, 785])
1	0.7566138302125518	0.7641221864269953	([256, 213], [256, 213, 194])
1	0.7600021570074796	0.7641403552708829	([659, 403], [659, 403, 276])
1	0.7479107543162943	0.764158138380296	([614, 362], [616, 614, 372])
1	0.7515972084113385	0.7642236384152046	([624, 364], [634, 624, 364])
1	0.7442467112080098	0.7642914785202201	([694, 593], [733, 694, 593])
1	0.7470733492608702	0.7644062111407174	([583, 396], [866, 855, 406])
1	0.7369307308337992	0.7644062111407174	([866, 394], [867, 866, 406])
1	0.6826431346376702	0.7645039143628383	([355, 255], [355, 318, 255])
1	0.7412100616981743	0.7645586178031112	([672, 185], [672, 670, 185])
1	0.7472982004398278	0.7646004660769131	([798, 565], [798, 603, 593])
1	0.7108405481691259	0.7646128464069083	([893, 357], [893, 365, 357])
1	0.701657504809624	0.7646128464069083	([893, 399], [893, 399, 365])
1	0.7616179738728538	0.7646156964279553	([535, 455], [535, 494, 455])
1	0.7541488768519629	0.7646372226723688	([882, 8], [864, 861, 8])
1	0.763983292797798	0.7646626304431186	([902, 400], [902, 855, 406])
1	0.7422547963666666	0.7646754281975456	([880, 158], [880, 158, 1])
1	0.7429120856003161	0.7646922028942613	([763, 642], [813, 810, 599])
1	0.7102493473531786	0.7647044415526323	([285, 173], [285, 217, 173])
1	0.7612112054190162	0.7647162623259135	([658, 537], [658, 612, 577])
1	0.7625334178306187	0.7648266419194515	([462, 301], [462, 442, 306])
1	0.7611905848694748	0.7649518800378753	([405, 287], [408, 405, 287])
1	0.6386734892191634	0.7649568318790918	([539, 355], [597, 539, 534])
1	0.7486376902475143	0.7649788970525919	([250, 164], [251, 229, 210])
1	0.7308198624214167	0.7650247365091538	([685, 391], [685, 391, 386])
1	0.6907397090974201	0.7650247365091538	([888, 248], [685, 677, 386])
1	0.7502510615271517	0.7650590193849687	([867, 542], [867, 860, 274])
1	0.7568106412786576	0.7651495698307247	([398, 308], [398, 337, 332])
1	0.7427924894235485	0.7651642543490884	([902, 717], [906, 902, 720])
1	0.7648161038361498	0.7652362741299317	([814, 514], [829, 814, 514])
1	0.7634917540899185	0.7652362741299317	([829, 531], [839, 829, 514])
1	0.7439588030266888	0.7652362741299317	([839, 514], [889, 829, 514])
1	0.7528442552468056	0.7653541444032113	([831, 659], [831, 719, 683])
1	0.7560600542380272	0.7653694855254396	([541, 282], [541, 450, 392])
1	0.7599816961320605	0.7654106578127123	([811, 739], [811, 773, 763])
1	0.754800679442734	0.7654631298633268	([453, 289], [453, 411, 285])
1	0.7647643348249857	0.7654853376988917	([753, 7], [753, 749, 7])
1	0.7387902845758356	0.7654853376988917	([789, 7], [789, 749, 7])
1	0.7140090106483432	0.7654889727968555	([184, 3], [186, 184, 3])
1	0.7602217520558672	0.7655245975676213	([577, 342], [577, 342, 266])
1	0.7384935900316453	0.765555561389464	([673, 277], [875, 695, 277])
1	0.7419466615126943	0.7656139102196086	([543, 393], [561, 543, 371])
1	0.740351703324639	0.76563696632036	([796, 585], [801, 796, 585])
1	0.7612166708809563	0.76563696632036	([848, 585], [848, 801, 585])
1	0.748474884556832	0.7657020029622503	([899, 185], [899, 396, 162])
1	0.7592867725654842	0.7657020029622503	([883, 162], [899, 883, 162])
1	0.7436798093032673	0.7657475224637086	([788, 635], [841, 788, 635])
1	0.757516018930133	0.7657548329306484	([698, 579], [685, 670, 662])
1	0.7531660851187548	0.7657567002333814	([696, 408], [696, 408, 384])
1	0.7567770363624668	0.7657933453258344	([625, 391], [625, 624, 391])
1	0.7336727375108029	0.7658520921516042	([839, 347], [756, 635, 626])
1	0.7332525371261358	0.7658606727151821	([628, 574], [628, 583, 562])
1	0.7615918802904467	0.7658964254968594	([367, 194], [372, 367, 194])
1	0.7414737198573276	0.7659045514745986	([640, 286], [640, 384, 371])
1	0.7469912781137228	0.7659045514745986	([660, 371], [660, 640, 371])
1	0.7477878177419277	0.7659045514745986	([784, 371], [784, 640, 371])
1	0.7543601448403403	0.7659055387890398	([379, 202], [379, 248, 230])
1	0.7632615668923228	0.7659683135431229	([821, 578], [823, 821, 604])
1	0.7272423445771801	0.7660832402328568	([874, 628], [874, 858, 628])
1	0.7459793313966435	0.7661026337979783	([574, 250], [574, 520, 250])
1	0.7215856602297727	0.7661648600861328	([777, 648], [797, 777, 648])
1	0.7384552605435135	0.766177026038506	([393, 217], [880, 393, 208])
1	0.6818837407432465	0.7662901989158206	([888, 193], [894, 888, 193])
1	0.7539901950259064	0.7663348584231768	([412, 74], [412, 404, 74])
1	0.760157759747462	0.7664203661166982	([766, 590], [765, 759, 649])
1	0.7266917803893974	0.7664357103650145	([547, 369], [801, 566, 273])
1	0.7651128837287408	0.7664550296027111	([798, 182], [798, 614, 182])
1	0.7202107908460987	0.7664992532303696	([624, 187], [789, 624, 613])
1	0.7587102799595314	0.7665040947981197	([705, 400], [705, 403, 400])
1	0.7366135329004824	0.7665141902583338	([269, 173], [307, 285, 173])
1	0.6642876591321929	0.7665437017722438	([546, 356], [537, 483, 467])
1	0.7564460125847222	0.7666002936491424	([670, 579], [704, 698, 596])
1	0.7481116733088519	0.7666633149646631	([619, 277], [619, 612, 277])
1	0.7649578392392201	0.7666760223713407	([886, 795], [886, 870, 857])
1	0.7437895268223741	0.7666790449129356	([857, 273], [887, 861, 273])
1	0.7594415039528258	0.7666840975335554	([893, 704], [893, 866, 691])
1	0.7205228533008509	0.7666971246710931	([684, 186], [689, 673, 186])
1	0.7304252205580946	0.7666971246710931	([698, 186], [698, 689, 186])
1	0.7579950488440589	0.7667046885540767	([456, 173], [543, 456, 393])
1	0.7655593054332994	0.7667191805230467	([636, 0], [889, 636, 619])
1	0.7310739227868204	0.7667357370829462	([833, 611], [833, 790, 768])
1	0.7638049787931143	0.7667625417400478	([843, 279], [888, 843, 279])
1	0.7370071295848971	0.7667725464241257	([447, 313], [441, 313, 302])
1	0.7437344162174518	0.7667930774948303	([638, 361], [622, 621, 368])
1	0.7611416442927269	0.7668486743823155	([619, 398], [619, 614, 372])
1	0.765537228464569	0.7668587976475055	([836, 563], [836, 801, 563])
1	0.7473612671039612	0.7668665556587057	([453, 316], [453, 316, 289])
1	0.7334919697192481	0.7668689155554241	([628, 393], [614, 612, 372])
1	0.729591800208979	0.7668711736966196	([696, 274], [696, 671, 283])
1	0.7646958696481583	0.7668973290944063	([668, 392], [668, 667, 367])
1	0.7294745752376589	0.7669010162151355	([654, 3], [888, 654, 643])
1	0.73497235563384	0.7669738042437211	([684, 341], [684, 398, 383])
1	0.7560695483689573	0.7669779080104515	([744, 564], [738, 731, 564])
1	0.7577349015227827	0.7669783660752635	([863, 218], [863, 218, 171])
1	0.760676233538293	0.7670115109394566	([693, 409], [710, 693, 671])
1	0.7623355010389572	0.767106609057203	([753, 606], [784, 753, 606])
1	0.7587220753057604	0.7671089308978623	([890, 14], [890, 14, 7])
1	0.753969241015779	0.7671089308978623	([890, 573], [890, 617, 7])
1	0.7552773300123855	0.7671121766549015	([724, 407], [730, 724, 407])
1	0.7569252291978913	0.7671844199457594	([420, 315], [420, 386, 380])
1	0.7657401518113237	0.767334571513476	([825, 570], [825, 789, 566])
1	0.7471623676621728	0.7673347172622125	([403, 186], [396, 372, 162])
1	0.7597214280999475	0.7674340561201233	([688, 399], [688, 667, 372])
1	0.7503766582003726	0.767447905328622	([335, 193], [335, 276, 182])
1	0.7547991669625217	0.7674678704977693	([883, 760], [883, 760, 755])
1	0.7533334959322056	0.7675013633913021	([747, 391], [872, 747, 391])
1	0.7619781612237079	0.7675013633913021	([885, 391], [885, 872, 391])
1	0.7386899521333213	0.767517901144652	([824, 596], [823, 822, 596])
1	0.6825712781273056	0.767528198802282	([889, 607], [889, 756, 607])
1	0.755262238275242	0.7675379518293918	([803, 668], [803, 790, 668])
1	0.7450815670193621	0.7675465573476853	([151, 42], [151, 115, 114])
1	0.7065921976415388	0.7675471766226933	([631, 416], [901, 703, 626])
1	0.7580278197763837	0.7675879179409686	([716, 539], [716, 706, 583])
1	0.764374365096766	0.767598095779952	([657, 535], [657, 646, 543])
1	0.7511215815199559	0.7676972358546816	([697, 173], [676, 668, 173])
1	0.7507286223573737	0.7677615863333754	([905, 681], [905, 888, 672])
1	0.7673187427801001	0.7677915088276142	([853, 452], [853, 452, 347])
1	0.7238576153323649	0.7678087752391246	([799, 340], [799, 777, 347])
1	0.733866081556119	0.7678442473863842	([685, 7], [753, 682, 7])
1	0.747735288752925	0.7678858612809413	([392, 170], [906, 392, 170])
1	0.7349362212623689	0.7678894591751588	([615, 411], [632, 615, 279])
1	0.7309350811815046	0.7679788326573594	([797, 559], [804, 786, 561])
1	0.6713480147857585	0.7680632017274508	([627, 355], [627, 612, 360])
1	0.7506569214568981	0.7681101873714999	([901, 595], [906, 901, 595])
1	0.7571027526805111	0.7681567682061046	([646, 543], [657, 580, 560])
1	0.7645902352254768	0.7681567682061046	([806, 560], [806, 657, 560])
1	0.7217738536998949	0.7682046147659594	([181, 75], [181, 133, 75])
1	0.7573881171463956	0.7682635934858179	([873, 578], [873, 646, 631])
1	0.7678618773601188	0.7682635934858179	([895, 646], [895, 873, 646])
1	0.7632397371688588	0.7682707216743918	([690, 572], [690, 572, 248])
1	0.753495190680444	0.7683473475690584	([819, 654], [819, 802, 631])
1	0.7652227387666091	0.76840527236929	([542, 409], [542, 410, 409])
1	0.7497382868502199	0.76840527236929	([542, 274], [568, 542, 410])
1	0.7428666152415	0.76840527236929	([568, 410], [632, 542, 410])
1	0.7536932501192924	0.7684074576058362	([371, 16], [888, 393, 16])
1	0.7648685144567591	0.7684225964805071	([283, 223], [358, 338, 223])
1	0.5517039958999842	0.7684578612268752	([816, 350], [845, 816, 782])
1	0.7658582150242739	0.7684794594177279	([641, 450], [756, 641, 607])
1	0.7335223656299995	0.7684813369325056	([558, 277], [612, 602, 277])
1	0.7367896985249336	0.7685083946673736	([889, 514], [825, 800, 570])
1	0.7248526542676116	0.7685233226891686	([706, 378], [887, 706, 703])
1	0.7678685107946579	0.7686837825909901	([278, 184], [278, 268, 173])
1	0.7092131632411038	0.7687067191331454	([838, 734], [842, 838, 734])
1	0.7623218278163482	0.7687150643573308	([648, 516], [648, 642, 547])
1	0.7501180408687822	0.768734664336104	([885, 285], [885, 861, 286])
1	0.7644250641688033	0.7687653054377848	([641, 19], [641, 19, 1])
1	0.7336127382626204	0.768785635032045	([799, 627], [799, 790, 627])
1	0.7645640031300621	0.7688442417646284	([639, 282], [858, 711, 282])
1	0.7590746003207474	0.7688442417646284	([727, 282], [865, 858, 282])
1	0.7464727576121422	0.7688508766090942	([631, 267], [640, 631, 286])
1	0.7621459854985817	0.7688808411604503	([214, 86], [214, 156, 86])
1	0.7671428695035911	0.7688808411604503	([904, 86], [904, 156, 86])
1	0.7129175084187539	0.7689019319279973	([391, 182], [403, 276, 186])
1	0.7629353441830954	0.7689691642916061	([556, 380], [556, 506, 380])
1	0.7343671509572957	0.7691090264700619	([791, 591], [823, 804, 591])
1	0.7318934735141291	0.7691810135541569	([737, 347], [839, 737, 735])
1	0.7252487137628685	0.769218423195969	([889, 455], [889, 455, 400])
1	0.7649713592178875	0.76924605845149	([893, 11], [893, 11, 0])
1	0.7523698231140699	0.7692641912074395	([813, 706], [803, 799, 706])
1	0.7398688837998745	0.7692987858610907	([583, 283], [861, 611, 583])
1	0.7660437924308087	0.7692987858610907	([820, 583], [861, 845, 583])
1	0.7413794615649614	0.7693343647730096	([622, 248], [686, 662, 248])
1	0.7495922371435239	0.7693747869895482	([543, 173], [451, 329, 173])
1	0.730514945485583	0.7694247834376949	([903, 816], [903, 816, 759])
1	0.7675587476401237	0.7694261554150372	([637, 478], [664, 637, 616])
1	0.7538388005228244	0.7694269609512324	([565, 373], [565, 406, 372])
1	0.7603193808703768	0.7694269609512324	([563, 372], [565, 563, 372])
1	0.7631580698194692	0.7694628764179525	([774, 565], [774, 746, 564])
1	0.7603838442619655	0.7694628764179525	([765, 280], [774, 765, 564])
1	0.7524114495655845	0.7695436396603719	([475, 260], [475, 440, 252])
1	0.7679073296252898	0.7695568446095026	([892, 370], [892, 888, 370])
1	0.7104435259408303	0.7695694903335876	([634, 8], [882, 671, 1])
1	0.7269686952640374	0.7695703162617534	([317, 232], [317, 263, 251])
1	0.7372729083217181	0.7696907082752458	([262, 200], [262, 256, 213])
1	0.7159226198643406	0.7697041028951211	([892, 276], [906, 892, 276])
1	0.7653341293228841	0.7697880528747247	([586, 416], [626, 617, 416])
1	0.745543893432231	0.7698689284720307	([517, 421], [513, 499, 432])
1	0.7468075347256534	0.7699114747710732	([761, 562], [732, 711, 562])
1	0.7613412773188235	0.7699360767529492	([565, 290], [583, 565, 283])
1	0.724592812473428	0.7700084908134277	([757, 273], [757, 678, 273])
1	0.7672006829692931	0.7700115982672127	([501, 171], [574, 501, 171])
1	0.7650320692420784	0.7700115982672127	([681, 574], [681, 574, 171])
1	0.7624335847126558	0.7700363517270288	([717, 591], [737, 717, 617])
1	0.7656634388864734	0.7700731420728826	([723, 565], [888, 723, 565])
1	0.7596437689759115	0.7700800872694911	([281, 195], [307, 281, 258])
1	0.7602774124821793	0.7702479214525872	([617, 329], [622, 617, 329])
1	0.752587251781798	0.770340490014532	([683, 339], [902, 720, 339])
1	0.7692422519901401	0.770352041528484	([323, 228], [323, 317, 232])
1	0.7638941178485783	0.770414526323057	([859, 570], [864, 859, 570])
1	0.7666599108527697	0.7704169234430093	([692, 403], [696, 692, 403])
1	0.7537826789093731	0.7705103036116842	([591, 226], [373, 226, 171])
1	0.765565360492791	0.7706627450354195	([404, 293], [404, 358, 278])
1	0.7694015440392364	0.7707587000604637	([702, 162], [702, 698, 182])
1	0.7604741544236299	0.7707587000604637	([707, 182], [707, 702, 182])
1	0.7580811979174464	0.7707860221011377	([767, 541], [767, 764, 640])
1	0.7522363867804248	0.7708105782472753	([358, 78], [358, 171, 78])
1	0.7621644005388367	0.7708168205776569	([610, 268], [631, 610, 606])
1	0.7707080723652644	0.7708534840043014	([480, 322], [480, 446, 322])
1	0.7592070789857733	0.770862640143116	([744, 384], [744, 742, 384])
1	0.7689372898169797	0.7708965511852383	([754, 281], [750, 710, 281])
1	0.7591827546431055	0.7709044223580669	([637, 290], [752, 739, 290])
1	0.7589815465421829	0.7709522223744791	([285, 14], [342, 277, 3])
1	0.7695485346116604	0.770985743467798	([876, 390], [876, 856, 410])
1	0.740894153156861	0.7709912462052299	([764, 8], [764, 702, 8])
1	0.7675901462606546	0.7710002792367634	([686, 444], [686, 444, 417])
1	0.7531285010609557	0.7710132795008234	([801, 444], [801, 444, 413])
1	0.7662787054208859	0.7710637183070242	([493, 296], [493, 474, 296])
1	0.7690198001760704	0.7711242465840392	([720, 608], [721, 720, 608])
1	0.7456939479860297	0.7711506063624528	([706, 254], [704, 367, 271])
1	0.7481217835133718	0.7711540913184312	([852, 361], [852, 844, 361])
1	0.7504683105413399	0.7711585776915855	([881, 577], [881, 840, 577])
1	0.7621124169468444	0.7712108816933109	([264, 227], [445, 306, 227])
1	0.7345078949005179	0.7712717407622716	([880, 208], [393, 377, 217])
1	0.7592564823024052	0.7712768328902829	([849, 564], [857, 849, 564])
1	0.7284783728912503	0.771298940728359	([888, 255], [888, 383, 360])
1	0.7705011504487191	0.771298940728359	([654, 383], [888, 654, 383])
1	0.7632296984360252	0.771335450712167	([870, 283], [870, 664, 642])
1	0.757422371782832	0.7713603360609719	([443, 325], [443, 325, 311])
1	0.7491061143830311	0.771382904238761	([127, 22], [168, 127, 94])
1	0.7654886017257245	0.7713951718605798	([725, 172], [733, 725, 172])
1	0.7578673000794227	0.7713951718605798	([739, 172], [739, 733, 172])
1	0.7511163215820847	0.771397992816127	([294, 232], [294, 257, 226])
1	0.7668736514984331	0.7714159898023916	([647, 343], [647, 622, 561])
1	0.7618488010962968	0.7714258149605844	([387, 187], [408, 401, 184])
1	0.7310866510886203	0.7714324349500843	([297, 212], [271, 269, 212])
1	0.7571921149930305	0.7714363989448909	([762, 644], [762, 668, 667])
1	0.7526602967055191	0.7714363989448909	([762, 668], [762, 704, 667])
1	0.7583337799828747	0.7714822813904121	([399, 161], [361, 347, 161])
1	0.7707740060992446	0.771521878316599	([834, 623], [850, 834, 623])
1	0.755037478646611	0.7715320403583455	([756, 450], [641, 637, 450])
1	0.771030820043162	0.7715497258265338	([700, 10], [700, 670, 5])
1	0.7592433940409097	0.7715616718145357	([757, 332], [757, 663, 398])
1	0.7447887882360859	0.7715804052982416	([654, 551], [654, 589, 573])
1	0.7657871708345102	0.7715962437442322	([558, 370], [558, 484, 370])
1	0.7695672127298542	0.7716112543472153	([206, 102], [206, 102, 85])
1	0.5842992457757434	0.7716744845958577	([339, 247], [463, 339, 326])
1	0.7600308678126009	0.7717237908508693	([832, 406], [902, 805, 406])
1	0.7467172688310282	0.7717463812029082	([844, 325], [870, 852, 275])
1	0.7667653875182454	0.7717636622090086	([689, 559], [772, 689, 559])
1	0.744292854484401	0.771805862929296	([860, 274], [888, 860, 274])
1	0.7379934714523702	0.771808393851326	([591, 373], [563, 407, 285])
1	0.7622767325495545	0.7718217790689973	([781, 579], [784, 781, 579])
1	0.7457192400055069	0.7719175307620607	([775, 574], [802, 775, 574])
1	0.7700542922691618	0.7719201771588939	([535, 422], [535, 511, 422])
1	0.7529242452843476	0.7719387758453283	([258, 161], [258, 226, 224])
1	0.7690049167617558	0.7719874443937007	([871, 372], [871, 850, 368])
1	0.7584044301095001	0.7720379452956178	([691, 161], [694, 691, 161])
1	0.7524285127929418	0.7721563575345483	([250, 3], [277, 263, 235])
1	0.7617837378699547	0.7722240642158775	([432, 254], [452, 432, 254])
1	0.753595614522324	0.7722418537416491	([484, 281], [750, 746, 281])
1	0.7659597548922483	0.7723013594086101	([863, 619], [874, 863, 619])
1	0.7426407751059769	0.77234164258771	([899, 85], [899, 162, 70])
1	0.7669024929228968	0.77234164258771	([890, 70], [899, 890, 70])
1	0.7509478188900142	0.7723647280038206	([710, 484], [484, 453, 281])
1	0.7213423517825749	0.7723691409340309	([887, 378], [706, 703, 335])
1	0.7663772492819866	0.7723899769622725	([769, 653], [776, 769, 601])
1	0.7719817834524926	0.772407898206701	([799, 181], [799, 665, 181])
1	0.7569060585176081	0.772408504060428	([429, 322], [437, 429, 322])
1	0.7568391052682849	0.7724321888568312	([583, 465], [583, 564, 465])
1	0.7520381059196721	0.7724419795821964	([680, 74], [671, 662, 74])
1	0.7362018750252662	0.7724625933595415	([699, 581], [699, 691, 581])
1	0.7672968899572079	0.7724791791647376	([762, 558], [766, 762, 558])
1	0.7615739758865656	0.7725237340937644	([445, 227], [264, 252, 226])
1	0.7618495142002225	0.7725309108715965	([829, 615], [851, 829, 615])
1	0.768902766129005	0.7725411761124433	([610, 328], [577, 563, 328])
1	0.7598906042821157	0.7725477418879851	([537, 415], [537, 484, 415])
1	0.7343676182637401	0.772581458502664	([267, 192], [371, 267, 192])
1	0.7469069724368492	0.7726456362929418	([835, 600], [840, 835, 600])
1	0.7606775157818656	0.7726736411901666	([534, 311], [534, 448, 444])
1	0.7694808293838193	0.7727511462571341	([384, 168], [906, 395, 180])
1	0.763079635401354	0.7728221584037848	([227, 75], [227, 183, 52])
1	0.7697668288482241	0.772831972653343	([504, 295], [514, 504, 295])
1	0.770482713948151	0.7728345886370576	([179, 25], [179, 134, 28])
1	0.7471841680959723	0.7728438418907427	([674, 370], [684, 680, 279])
1	0.7303591971442464	0.7728693250306704	([896, 766], [896, 773, 766])
1	0.7717002301223187	0.772924589532091	([711, 450], [711, 450, 268])
1	0.7340453113561206	0.7730383176340162	([710, 409], [702, 693, 409])
1	0.7492919286105577	0.7730402510504433	([752, 290], [637, 367, 347])
1	0.7525107687817869	0.7730428166037047	([585, 392], [612, 585, 360])
1	0.7451502254871422	0.7730737561949749	([634, 271], [634, 563, 271])
1	0.743036987200576	0.7730922309752093	([562, 343], [562, 541, 450])
1	0.7387729975208667	0.7730965897014578	([392, 17], [392, 170, 33])
1	0.7439933094947666	0.7731363597270999	([775, 661], [775, 726, 661])
1	0.7456666733393832	0.7731393766626686	([751, 548], [714, 707, 546])
1	0.7316509497892946	0.7731717755287794	([710, 362], [710, 409, 342])
1	0.767323665010323	0.7731776556768944	([771, 407], [759, 730, 707])
1	0.7346241537793885	0.7732180223290189	([660, 544], [660, 612, 557])
1	0.7721648734821553	0.7732522653319057	([477, 373], [477, 451, 373])
1	0.7729512252050936	0.7732854796134344	([770, 589], [770, 716, 589])
1	0.7599201279525855	0.7733386430618225	([802, 454], [791, 648, 647])
1	0.7422261244856874	0.7733590911849192	([746, 343], [789, 670, 397])
1	0.6513268939846345	0.7733823109303888	([382, 171], [662, 357, 342])
1	0.757387000386481	0.7733823109303888	([577, 266], [662, 577, 342])
1	0.7559089580413785	0.7733958556260639	([787, 0], [867, 787, 753])
1	0.7675789129505575	0.7735379201253171	([618, 448], [618, 516, 448])
1	0.7592769186177696	0.7735395094856458	([890, 372], [890, 617, 397])
1	0.7719589563777949	0.7735927453231002	([814, 606], [814, 797, 642])
1	0.7480484350749217	0.7736128905604409	([455, 187], [455, 385, 171])
1	0.7406840840075782	0.7737474862317555	([714, 272], [714, 664, 284])
1	0.754508401103751	0.7737489748337418	([754, 358], [754, 691, 358])
1	0.7437720985938681	0.7737835096293733	([230, 35], [230, 171, 163])
1	0.7581857966658342	0.7738032607927723	([892, 343], [892, 378, 370])
1	0.7528311244237126	0.7738202072661542	([562, 272], [562, 550, 272])
1	0.7511870030476245	0.7738264524289544	([666, 278], [666, 360, 344])
1	0.6906045066110615	0.773827484357446	([355, 185], [366, 330, 187])
1	0.7728678855978729	0.7738477159199981	([675, 9], [756, 675, 661])
1	0.7564765501372106	0.7738953165292546	([287, 162], [372, 287, 273])
1	0.7712092054104188	0.7739148970263616	([615, 345], [615, 345, 278])
1	0.7547738183834565	0.7739447232908631	([880, 269], [880, 269, 1])
1	0.758641260432768	0.7739614254263789	([672, 346], [565, 346, 273])
1	0.753739664553199	0.7739614254263789	([600, 273], [600, 565, 273])
1	0.7660167405099076	0.7739765154015464	([732, 466], [732, 452, 397])
1	0.7423994498582168	0.7739784365650855	([725, 343], [746, 725, 343])
1	0.7415250406722543	0.7740473442496069	([715, 618], [715, 656, 630])
1	0.7469515274987985	0.7741166503039488	([276, 6], [900, 703, 6])
1	0.7422981378753409	0.7741471902947843	([668, 536], [668, 639, 536])
1	0.7738906597082852	0.7741704130911538	([424, 336], [447, 424, 336])
1	0.7372945325971015	0.7742239407946435	([554, 337], [554, 442, 326])
1	0.7715384063762772	0.7742252443818287	([623, 405], [682, 623, 616])
1	0.7577916526260784	0.774329817806409	([325, 190], [360, 325, 181])
1	0.7545569503323251	0.7743308725810296	([714, 606], [714, 704, 606])
1	0.7560368275277349	0.774370373259999	([716, 174], [734, 716, 184])
1	0.7544245080186335	0.7743821114791695	([803, 549], [803, 800, 575])
1	0.7407421745014398	0.7744035976355235	([207, 104], [208, 207, 104])
1	0.7114752217544807	0.7744038689362135	([614, 269], [614, 372, 269])
1	0.7555054228325057	0.7744207046443461	([634, 409], [630, 624, 384])
1	0.7596714283198787	0.7744477485649506	([712, 414], [712, 673, 277])
1	0.7343106593953506	0.7744632570120616	([868, 10], [882, 868, 10])
1	0.7703626973520926	0.7744657493947358	([810, 651], [824, 810, 651])
1	0.7629491405634264	0.7744680103426963	([228, 48], [228, 171, 161])
1	0.7402327394200795	0.7744736328366134	([748, 340], [856, 748, 398])
1	0.6961163082835868	0.774480156889197	([880, 548], [880, 635, 536])
1	0.7711710800657602	0.7745450030998822	([815, 608], [815, 784, 608])
1	0.7686008958106779	0.774575066285101	([773, 216], [873, 773, 691])
1	0.7677911578848889	0.7745932879139767	([814, 248], [814, 766, 706])
1	0.7652124564627077	0.7746172341162105	([261, 223], [261, 251, 210])
1	0.7744260166853236	0.7746187020667258	([650, 555], [650, 597, 581])
1	0.7627113231433225	0.7746475357781283	([872, 281], [872, 789, 673])
1	0.7714777468944501	0.7746535533450498	([510, 261], [520, 510, 261])
1	0.7702676538448298	0.77478975895746	([797, 276], [901, 892, 276])
1	0.7674159136837964	0.7748099399367316	([674, 281], [674, 398, 287])
1	0.769209258494983	0.7748233989039738	([190, 10], [190, 158, 1])
1	0.7702788743542226	0.7748735968411286	([889, 84], [889, 84, 83])
1	0.7739956717769186	0.7749437902022974	([642, 312], [642, 451, 329])
1	0.7725534057275004	0.7749437902022974	([642, 451], [642, 617, 329])
1	0.7614530815968468	0.7749600605701991	([726, 395], [889, 726, 689])
1	0.7696543957300234	0.7750600628655657	([603, 444], [603, 492, 444])
1	0.7711824029655518	0.7751439544286894	([425, 338], [444, 425, 338])
1	0.7579750414441683	0.7751725988556087	([561, 325], [615, 561, 279])
1	0.7747406117015591	0.7751843279251663	([376, 227], [377, 376, 227])
1	0.7608138413737972	0.7752522993200371	([641, 388], [663, 641, 388])
1	0.7615342309208197	0.7752522993200371	([869, 384], [869, 663, 388])
1	0.7712398761550842	0.775272536826763	([540, 257], [577, 540, 257])
1	0.7742110497240047	0.7753068127505259	([846, 360], [846, 766, 360])
1	0.7718793465198189	0.7753877257545783	([212, 33], [212, 208, 25])
1	0.7050504267090585	0.7754109858769551	([870, 232], [895, 891, 232])
1	0.6541700749022549	0.7755152623258342	([469, 233], [504, 460, 380])
1	0.7705364418864353	0.775528797619363	([682, 405], [682, 405, 369])
1	0.7370383496249302	0.7755546246859168	([662, 81], [662, 412, 410])
1	0.7574512525516056	0.7755937479916423	([884, 361], [884, 401, 363])
1	0.7740760070514	0.7755937479916423	([897, 363], [897, 884, 363])
1	0.7583009469635887	0.7756781257563375	([564, 162], [564, 398, 372])
1	0.7662221888803435	0.7757693829508834	([744, 406], [744, 406, 384])
1	0.7756218735721009	0.7758126603031319	([804, 471], [804, 601, 591])
1	0.7748656085963506	0.7758318149552261	([600, 338], [611, 600, 338])
1	0.7724487126026179	0.7758318149552261	([611, 337], [635, 611, 338])
1	0.7663852332621193	0.7758782342819918	([618, 158], [636, 618, 0])
1	0.7680099657387083	0.7758868352582313	([593, 393], [593, 583, 406])
1	0.73783824579513	0.7758927492324167	([844, 479], [844, 801, 273])
1	0.7627147076541552	0.7758938872167329	([573, 177], [573, 501, 171])
1	0.7753889916390813	0.7760879326494532	([448, 298], [448, 298, 271])
1	0.7736047580381913	0.7761328788071599	([657, 331], [671, 657, 331])
1	0.7713673104586948	0.7762274713764719	([573, 422], [573, 508, 422])
1	0.7704356049760495	0.776250140271551	([479, 214], [611, 479, 214])
1	0.7541167822243253	0.7763656124754754	([845, 395], [881, 845, 756])
1	0.7602410533878821	0.7764305591614991	([608, 327], [608, 455, 327])
1	0.7715017538647833	0.7764369545909725	([681, 453], [681, 453, 171])
1	0.7723654106632742	0.7764632913769641	([804, 74], [804, 789, 642])
1	0.7618385219898725	0.7764760002952226	([555, 426], [555, 499, 426])
1	0.7636726928583892	0.7765111937573416	([737, 191], [737, 693, 216])
1	0.753683526205677	0.7765879767853404	([570, 402], [570, 448, 436])
1	0.776250418867253	0.7765879767853404	([594, 436], [594, 570, 436])
1	0.759231914217053	0.7765891656965204	([702, 333], [702, 333, 276])
1	0.7717975404616665	0.7765891656965204	([717, 287], [717, 702, 276])
1	0.7662412795283701	0.7766023800076488	([820, 713], [820, 794, 713])
1	0.7762976425738755	0.7766190649710535	([709, 81], [866, 709, 70])
1	0.7570013927984324	0.7766787603126817	([566, 347], [566, 347, 273])
1	0.7445808910027822	0.7767246966959358	([711, 207], [711, 207, 192])
1	0.7664951145461636	0.7767260274026729	([807, 555], [807, 797, 582])
1	0.7543965146156935	0.7767331685555052	([452, 84], [452, 226, 171])
1	0.7513377915065316	0.7767411060662376	([640, 313], [640, 410, 383])
1	0.7570776410121012	0.7768311503751655	([227, 107], [227, 107, 70])
1	0.7606666156897492	0.7768367633797664	([640, 181], [640, 221, 181])
1	0.6728073239511227	0.7768813770619472	([842, 235], [820, 575, 541])
1	0.745375448933814	0.7768841871448303	([818, 646], [818, 787, 646])
1	0.7735639748831189	0.7769340211957189	([727, 338], [727, 611, 610])
1	0.7681928307463962	0.7769527320189897	([882, 591], [882, 847, 591])
1	0.7588286612867288	0.7770100671140284	([715, 373], [715, 389, 373])
1	0.7701491681975593	0.7771154947426763	([591, 405], [591, 405, 398])
1	0.7632648434098994	0.7772455480600721	([328, 159], [328, 195, 166])
1	0.7589639930177705	0.7772514845202727	([571, 471], [571, 507, 484])
1	0.7772286954358143	0.7772830044628322	([412, 185], [670, 662, 185])
1	0.7627363322130285	0.7773251698395021	([828, 681], [857, 828, 786])
1	0.7330819914667356	0.7773253017554574	([567, 363], [661, 591, 549])
1	0.7506358554100042	0.7773484313007887	([832, 670], [842, 832, 670])
1	0.7673792696971272	0.7773804915081546	([407, 190], [407, 372, 215])
1	0.7659665646726478	0.7774035289579121	([817, 280], [817, 637, 280])
1	0.7721413914848105	0.7774236055773857	([798, 408], [798, 767, 408])
1	0.7442942983917372	0.7774611898974908	([641, 259], [641, 388, 259])
1	0.7411607741759466	0.7774855432537	([647, 497], [647, 497, 454])
1	0.6476605076432009	0.7774925482850157	([233, 166], [252, 233, 196])
1	0.7541893483122979	0.7774964736829522	([663, 85], [686, 663, 6])
1	0.7671043165659763	0.7775144119020917	([734, 73], [751, 689, 629])
1	0.5371381177560685	0.7775824798051857	([546, 349], [714, 544, 543])
1	0.7739996929776373	0.7776162221444703	([821, 394], [821, 798, 394])
1	0.4936605078255162	0.7776823199225559	([405, 354], [405, 374, 368])
1	0.7692532555981123	0.7777568410545093	([897, 168], [899, 860, 168])
1	0.7708308654155491	0.7777768586636365	([706, 295], [706, 467, 295])
1	0.7776049376814229	0.7778018624226495	([705, 343], [725, 723, 343])
1	0.7778542882347338	0.7779396147184302	([783, 392], [841, 797, 392])
1	0.7505123634280628	0.7779950562484275	([898, 603], [898, 638, 634])
1	0.7698269216230337	0.7780057347960111	([568, 268], [651, 568, 524])
1	0.7592964501851208	0.7780057347960111	([651, 524], [651, 578, 568])
1	0.7707069504096457	0.7780079843428627	([554, 110], [554, 379, 248])
1	0.7774381836756478	0.7780603180077841	([573, 278], [849, 737, 278])
1	0.7517030395630083	0.7781824496145427	([651, 268], [660, 651, 268])
1	0.7550785135275176	0.7782016881003635	([592, 494], [592, 577, 494])
1	0.7590718192703447	0.77822913784912	([654, 462], [654, 551, 525])
1	0.7519889263537017	0.7783155376315753	([667, 480], [686, 480, 417])
1	0.7749618356018056	0.7783182233928503	([866, 70], [749, 710, 70])
1	0.7493711052499127	0.7783443281643827	([588, 453], [588, 569, 468])
1	0.7735599388237728	0.7783525900002343	([656, 18], [656, 641, 18])
1	0.753494256080242	0.7783550151018835	([688, 190], [749, 688, 190])
1	0.7561156828346165	0.7783744494325998	([338, 223], [283, 223, 158])
1	0.7722875339867128	0.7783993906082038	([850, 446], [850, 446, 408])
1	0.7689628669596416	0.7784121273239374	([581, 287], [581, 564, 335])
1	0.7710880595460279	0.7784178156658547	([808, 686], [825, 808, 686])
1	0.7652439143067076	0.7784434684277233	([760, 543], [758, 582, 562])
1	0.7740902511271873	0.7784509081038218	([838, 268], [838, 787, 268])
1	0.7727156992215793	0.7784865928581131	([847, 359], [847, 748, 359])
1	0.771399378348643	0.778497911445077	([536, 360], [547, 536, 360])
1	0.771463900491377	0.778517931285235	([698, 359], [748, 359, 328])
1	0.7775257956485742	0.7785607203254121	([643, 333], [678, 643, 333])
1	0.7323727079435008	0.778562990925008	([888, 112], [888, 178, 112])
1	0.7783810768997962	0.7786701015015948	([740, 394], [821, 743, 740])
1	0.7740550175338236	0.778794976565714	([725, 652], [725, 686, 652])
1	0.7704257881947161	0.7788612030277026	([787, 84], [881, 787, 84])
1	0.7523494261991717	0.7788612030277026	([881, 71], [889, 881, 84])
1	0.7716388863459164	0.7789232138306872	([620, 270], [620, 273, 270])
1	0.7373926551673775	0.7789945227282509	([384, 47], [707, 398, 7])
1	0.7603776061273636	0.7789987130431293	([802, 188], [889, 802, 188])
1	0.7495516030350489	0.7790076235468474	([850, 368], [871, 842, 372])
1	0.7714847523059231	0.7790237136116652	([760, 610], [760, 681, 636])
1	0.7506770877626792	0.7790312130903124	([559, 74], [559, 358, 273])
1	0.7516735343817015	0.7790408747171559	([790, 393], [790, 764, 393])
1	0.7656339704964917	0.7790442780881572	([569, 404], [569, 404, 338])
1	0.7782896383926685	0.7790618226698617	([636, 432], [636, 444, 415])
1	0.7779659861957409	0.7791117173116167	([679, 571], [683, 679, 562])
1	0.7658595689281561	0.779114576778802	([707, 491], [710, 707, 484])
1	0.7549575905417018	0.7791645963919903	([855, 328], [899, 888, 328])
1	0.7762115737062387	0.7792720292765355	([543, 287], [543, 541, 287])
1	0.7445375986639725	0.7793372564152743	([771, 188], [888, 658, 188])
1	0.7707263822277806	0.7793737386700201	([266, 70], [268, 266, 70])
1	0.7606176779659174	0.7793737386700201	([311, 70], [311, 268, 70])
1	0.7663923787327993	0.7793985164887367	([571, 189], [571, 565, 189])
1	0.774573088843073	0.7794256570151061	([209, 40], [209, 155, 40])
1	0.7297652654337871	0.7794822273049461	([675, 394], [675, 670, 394])
1	0.774867765887789	0.779670011461664	([683, 562], [679, 666, 565])
1	0.7720917363428371	0.7796965907033854	([484, 255], [484, 448, 255])
1	0.7780724144877436	0.7796981458268494	([892, 21], [892, 888, 21])
1	0.7368497489641836	0.7797675204925979	([851, 363], [884, 857, 363])
1	0.7702394384194718	0.7797873426551319	([581, 263], [581, 287, 263])
1	0.7428344401475911	0.7798045701995263	([737, 278], [737, 615, 585])
1	0.7752720834485248	0.7799337582377379	([759, 394], [759, 740, 723])
1	0.7713158799768313	0.7799513182524842	([874, 14], [882, 874, 14])
1	0.6856283820684431	0.7799582665797101	([889, 56], [889, 72, 56])
1	0.7572372831350135	0.7799617183155049	([394, 216], [394, 343, 216])
1	0.7571392311575221	0.7799617183155049	([873, 343], [873, 343, 216])
1	0.7359336774004465	0.7799885526574186	([892, 402], [892, 672, 402])
1	0.7748108644812252	0.7800719743348338	([412, 256], [412, 324, 298])
1	0.7749840946193743	0.7801641203428906	([515, 399], [515, 454, 399])
1	0.7544621394010269	0.7803270835353469	([859, 250], [876, 859, 390])
1	0.777142543433951	0.7803406206634544	([399, 207], [399, 377, 277])
1	0.7661892431378603	0.7803592357615683	([458, 310], [458, 440, 252])
1	0.7647480740760806	0.7804291296049276	([119, 12], [119, 42, 25])
1	0.7768962293342583	0.7805075238459874	([846, 466], [846, 817, 466])
1	0.7755841586292153	0.7805163726235212	([699, 232], [870, 677, 232])
1	0.7605845448260866	0.7805363044890106	([844, 308], [844, 537, 291])
1	0.7772981328644637	0.7805653319934112	([797, 379], [797, 638, 607])
1	0.7645134504813796	0.7805792225958114	([834, 499], [834, 604, 499])
1	0.7701229798619275	0.7806030701792546	([762, 279], [762, 640, 632])
1	0.7787256063439606	0.7806124876909979	([667, 443], [667, 657, 443])
1	0.7712305381634134	0.7806673639945368	([659, 379], [800, 797, 248])
1	0.7747111999689075	0.780688083342018	([697, 265], [732, 697, 676])
1	0.7775174994403202	0.780731330611506	([737, 14], [896, 737, 709])
1	0.7519712118514028	0.7807417478443179	([903, 257], [903, 787, 268])
1	0.7672628556548935	0.7808089861522098	([502, 333], [643, 513, 502])
1	0.7662620871793931	0.780811906037098	([842, 183], [844, 842, 183])
1	0.768440855059939	0.7808821567619075	([702, 532], [702, 542, 532])
1	0.7768816813815639	0.7808846996084338	([616, 333], [616, 397, 333])
1	0.7727356658076989	0.780927812988693	([552, 293], [552, 297, 293])
1	0.7675672462616924	0.780927812988693	([535, 297], [552, 535, 297])
1	0.7774663063617457	0.7809640362880528	([673, 416], [673, 416, 335])
1	0.7552854267374737	0.7810017965060808	([705, 253], [705, 701, 248])
1	0.7682163597068336	0.7810617526508402	([904, 606], [904, 855, 606])
1	0.7764746345778288	0.7811374741490145	([720, 540], [720, 694, 540])
1	0.7432981197358574	0.781196191503115	([889, 319], [889, 331, 319])
1	0.7569680754567681	0.7813378933392401	([649, 159], [649, 561, 478])
1	0.7500493842767987	0.7813642063665158	([635, 183], [635, 347, 192])
1	0.7581544043046635	0.7814994991640916	([402, 157], [402, 189, 161])
1	0.7486984039827524	0.7815013040646022	([832, 497], [831, 798, 497])
1	0.7813527560191953	0.7815102841408657	([759, 493], [759, 687, 560])
1	0.7790316830668117	0.7815265364749118	([255, 160], [888, 255, 160])
1	0.7787353036468874	0.781577614745618	([713, 550], [718, 713, 550])
1	0.7806218967518143	0.78169764873624	([738, 215], [738, 731, 217])
1	0.7589701549440421	0.781760216997694	([785, 404], [861, 766, 706])
1	0.7812334567310791	0.7817942945440424	([828, 1], [843, 828, 1])
1	0.7611178648060357	0.7818388770906907	([641, 1], [656, 335, 18])
1	0.78035334713223	0.781850996746051	([766, 479], [766, 452, 362])
1	0.7801026642467074	0.7818568899450281	([623, 363], [624, 623, 364])
1	0.7509722878586338	0.781886325359077	([903, 591], [903, 881, 612])
1	0.7780129708805955	0.7818889564407513	([811, 468], [811, 802, 468])
1	0.7664897927921653	0.7819433976457467	([501, 293], [552, 501, 490])
1	0.7799118810319042	0.7819462389283677	([848, 167], [848, 712, 167])
1	0.7796828800523006	0.7820277021445116	([752, 64], [752, 169, 165])
1	0.773604962858789	0.7820277021445116	([741, 165], [752, 741, 165])
1	0.779998517991356	0.7820429719396966	([283, 33], [384, 283, 47])
1	0.7537309928424485	0.7820479359619891	([737, 413], [737, 413, 403])
1	0.7749217339364725	0.7820795062680233	([536, 214], [536, 360, 329])
1	0.7811026058685121	0.7820855508506244	([675, 338], [675, 394, 343])
1	0.7804902605474171	0.7821759808475064	([719, 265], [719, 359, 264])
1	0.7769325230221309	0.7822333932896207	([544, 290], [617, 544, 290])
1	0.7742416478335019	0.7822409972797888	([214, 32], [214, 86, 15])
1	0.7606517602792535	0.782274217242501	([581, 388], [578, 559, 388])
1	0.777208693646434	0.7822774160281354	([854, 375], [854, 846, 375])
1	0.777660235658089	0.782295155758891	([551, 401], [551, 401, 384])
1	0.7698926305697128	0.782295155758891	([551, 253], [567, 551, 384])
1	0.7363410529770336	0.7822981306559502	([904, 503], [904, 554, 503])
1	0.7645089729852044	0.7822981306559502	([904, 563], [904, 563, 554])
1	0.7580859205607713	0.7822981306559502	([905, 496], [905, 904, 554])
1	0.7726724568208801	0.7823170781973792	([680, 545], [680, 613, 564])
1	0.7787984792298336	0.7823193079074084	([601, 432], [601, 471, 462])
1	0.7599537363135285	0.782319393800778	([646, 508], [646, 578, 570])
1	0.7759918062306402	0.7823437205059919	([855, 96], [855, 171, 77])
1	0.7266232434832507	0.7824072534719649	([722, 605], [794, 722, 605])
1	0.7725796084356145	0.7824268741741541	([747, 336], [747, 743, 336])
1	0.7777764326347917	0.7824318930611324	([252, 29], [252, 230, 29])
1	0.7648238393740635	0.7824386435228206	([248, 55], [248, 180, 11])
1	0.7654531361368276	0.782442271669967	([641, 490], [641, 490, 484])
1	0.7685176261807956	0.7825212439482407	([564, 73], [900, 564, 53])
1	0.7525495800628037	0.7825419431341942	([733, 162], [733, 702, 162])
1	0.7766013388530674	0.7825985093380186	([648, 452], [648, 516, 452])
1	0.7735655870577094	0.7826233407029347	([421, 297], [421, 414, 297])
1	0.7631629810234148	0.7826310915473054	([562, 187], [626, 624, 187])
1	0.7689347350446563	0.7827521809667567	([891, 385], [891, 698, 396])
1	0.7815178516454668	0.7827698029876814	([682, 103], [682, 680, 103])
1	0.7819748814951144	0.7827857749575454	([575, 416], [586, 575, 547])
1	0.7710476479301992	0.782841860549284	([645, 281], [715, 645, 618])
1	0.7792116123011169	0.7828511053901006	([875, 174], [875, 871, 174])
1	0.764923565548257	0.7829176873243137	([702, 80], [702, 160, 80])
1	0.7766335568376949	0.7829457875504147	([776, 550], [776, 751, 393])
1	0.7592756631179932	0.7829620248411644	([678, 552], [852, 678, 552])
1	0.7442637871660807	0.7829764372963761	([902, 161], [902, 702, 218])
1	0.7681905421298312	0.783032187162785	([581, 219], [581, 537, 513])
1	0.7628986648230229	0.7830447852030656	([780, 513], [780, 561, 513])
1	0.7785516809834304	0.7830466996283957	([844, 81], [844, 183, 81])
1	0.7824440446497262	0.7830651228942941	([306, 27], [306, 285, 14])
1	0.7567070415400188	0.7830701669090763	([389, 51], [389, 280, 226])
1	0.7704680588478543	0.7830748307829366	([874, 484], [874, 860, 484])
1	0.6077640892356394	0.7831659904167626	([421, 234], [421, 400, 392])
1	0.7787056380160521	0.7831750626146718	([891, 559], [891, 786, 731])
1	0.7577125542691681	0.7832922796386251	([256, 26], [256, 170, 33])
1	0.7781928897545032	0.783294254814958	([876, 266], [876, 318, 266])
1	0.764373688264533	0.783328727193621	([812, 448], [888, 812, 751])
1	0.7805309871810495	0.7833536932811531	([676, 538], [797, 682, 538])
1	0.7571336273664905	0.7833649347309543	([900, 53], [564, 280, 53])
1	0.7727049999488025	0.783419710866497	([322, 126], [322, 171, 154])
1	0.7616311917796619	0.7834208635892101	([373, 110], [379, 204, 201])
1	0.7615705950029127	0.7835242254607149	([797, 194], [797, 691, 371])
1	0.7655322298893871	0.7835337160973377	([843, 381], [843, 381, 366])
1	0.7748224703437298	0.7835528730797716	([685, 326], [685, 326, 325])
1	0.7711506729712543	0.7836119898779923	([846, 546], [846, 546, 466])
1	0.782567148391858	0.7836136412040668	([816, 364], [843, 816, 364])
1	0.7794469277142458	0.7837098649674858	([540, 283], [540, 391, 372])
1	0.783498659382172	0.783773775450656	([829, 488], [829, 572, 514])
1	0.7834854427534715	0.7838130418656906	([665, 227], [665, 399, 277])
1	0.7833805437546699	0.7838196208531711	([857, 222], [857, 285, 273])
1	0.76741082173043	0.7838542488830599	([311, 8], [311, 222, 8])
1	0.7795034997726198	0.783943773937474	([709, 257], [709, 266, 257])
1	0.7729747383079798	0.7839742073411009	([877, 268], [877, 345, 280])
1	0.7761504305088832	0.7840127751267764	([727, 476], [727, 562, 505])
1	0.7836522605123474	0.7840917965556001	([399, 31], [399, 31, 19])
1	0.7752020152149102	0.7840917965556001	([399, 54], [399, 54, 19])
1	0.7827911706050362	0.7841305544749324	([392, 85], [906, 392, 83])
1	0.7665643668567967	0.7841762170979659	([189, 92], [189, 104, 92])
1	0.7702371759872955	0.7842666004476269	([415, 20], [415, 394, 20])
1	0.7789294202903635	0.7844078007828638	([343, 84], [343, 216, 84])
1	0.7627964244066733	0.7844454146243413	([626, 465], [626, 478, 465])
1	0.7580290965481742	0.7844911257587199	([360, 8], [360, 171, 2])
1	0.7683742871376938	0.7845600382050868	([897, 570], [897, 570, 452])
1	0.7765703315099571	0.7847278601129525	([876, 318], [876, 394, 343])
1	0.7803025858509766	0.7847911150227612	([586, 172], [725, 718, 586])
1	0.7843663007698704	0.7848262845827012	([838, 416], [838, 737, 413])
1	0.7615214049577727	0.7848557703094224	([691, 272], [636, 562, 541])
1	0.7755796548498018	0.7848748104444404	([471, 363], [471, 411, 404])
1	0.7745597730096392	0.784885085496617	([661, 52], [881, 661, 52])
1	0.7612566267560866	0.7848877787958483	([383, 169], [888, 383, 79])
1	0.7741139023073724	0.784911047228698	([457, 223], [457, 428, 223])
1	0.7726711253813842	0.7849302598668614	([789, 534], [848, 630, 534])
1	0.7767780484804518	0.7849638147741496	([259, 174], [274, 259, 174])
1	0.7727135701500248	0.7850360201489314	([213, 56], [213, 180, 51])
1	0.7799866002372455	0.7850477805631938	([458, 232], [600, 466, 458])
1	0.7799591202181131	0.7850791944959752	([869, 540], [869, 566, 564])
1	0.7777822822528553	0.7851246425524844	([610, 445], [610, 445, 407])
1	0.781769104868027	0.7851626608269298	([341, 204], [341, 335, 204])
1	0.7771227815033472	0.7851641256523112	([629, 408], [663, 629, 408])
1	0.775391965264601	0.7852319242865003	([774, 448], [774, 773, 448])
1	0.7642699718594204	0.7853477636695176	([759, 375], [759, 727, 375])
1	0.7690073028944032	0.7853538971771614	([874, 296], [628, 365, 361])
1	0.7517168684504831	0.7854028185369666	([753, 376], [753, 745, 376])
1	0.7769228417676586	0.7854659611069146	([807, 107], [888, 807, 582])
1	0.7846964421515932	0.7855100622648284	([782, 528], [904, 782, 716])
1	0.7790718463942484	0.7856125064590371	([803, 452], [803, 549, 452])
1	0.7838447205852574	0.7856194702216949	([901, 306], [901, 702, 306])
1	0.6331254954856728	0.7856891859800521	([323, 233], [499, 330, 326])
1	0.7537839383331824	0.7857704062749129	([741, 275], [798, 741, 275])
1	0.7857413235652629	0.7858378672901888	([569, 80], [888, 569, 248])
1	0.7513038849330582	0.7858562343200237	([904, 222], [904, 311, 248])
1	0.7587852149474243	0.7858562343200237	([905, 310], [904, 311, 310])
1	0.7834232532958633	0.7859821146491259	([741, 465], [741, 647, 465])
1	0.7713669797762118	0.7860107985948463	([655, 504], [655, 572, 558])
1	0.7705398572489701	0.7860451950028551	([657, 488], [657, 560, 493])
1	0.7657342669657088	0.78610765354551	([538, 263], [538, 478, 171])
1	0.7749708012409658	0.7861422244527874	([312, 116], [312, 181, 116])
1	0.7797873269255174	0.7861994104885417	([652, 491], [707, 656, 652])
1	0.7829928887436621	0.7862209752259325	([603, 340], [748, 603, 566])
1	0.6691066784415366	0.7862986019790574	([637, 356], [637, 371, 356])
1	0.7801837735178048	0.7863556359825945	([813, 398], [813, 599, 398])
1	0.7713893458608764	0.786387599251892	([601, 281], [614, 601, 281])
1	0.763389737944759	0.7864063433635512	([790, 85], [790, 171, 6])
1	0.7778707269043198	0.7864066429375475	([835, 478], [835, 504, 478])
1	0.6699492570946822	0.7864466392640801	([355, 72], [366, 355, 72])
1	0.5213193438421565	0.7864792434177584	([707, 349], [571, 546, 484])
1	0.7833888189817864	0.7864974041102019	([817, 571], [832, 817, 571])
1	0.78313240812106	0.7866167052007589	([853, 575], [853, 753, 575])
1	0.7775954208161298	0.7866722492935676	([375, 199], [375, 253, 187])
1	0.783012817706506	0.7866763386949386	([558, 336], [558, 415, 336])
1	0.7752513187234855	0.7867662804054908	([346, 104], [346, 172, 104])
1	0.7809447306669148	0.7867857175064635	([617, 169], [752, 737, 169])
1	0.7796527640736449	0.7869240729479424	([742, 46], [742, 673, 170])
1	0.7805322994457282	0.7869315756848204	([364, 50], [364, 70, 50])
1	0.7801953153723657	0.7869315756848204	([390, 70], [390, 364, 70])
1	0.5206185863808406	0.7869448657036773	([576, 349], [546, 372, 344])
1	0.7712384035741441	0.787012075590755	([740, 491], [740, 631, 571])
1	0.7568725447749265	0.7870276268983065	([843, 343], [876, 819, 343])
1	0.7610414811013653	0.7870479187727653	([689, 73], [734, 190, 184])
1	0.770924797614378	0.7870479187727653	([783, 190], [783, 734, 190])
1	0.7843920652568653	0.7870867940212637	([628, 469], [628, 577, 485])
1	0.7522859525391378	0.7871527024501933	([644, 292], [660, 644, 292])
1	0.7771753092226203	0.787175721953618	([487, 316], [487, 439, 318])
1	0.7816926413692871	0.787186433749113	([903, 329], [903, 329, 257])
1	0.7330030502336813	0.7871977819451148	([760, 412], [785, 760, 412])
1	0.7760055201325593	0.787202302259998	([375, 130], [375, 361, 130])
1	0.7534761714120002	0.7872665653157979	([645, 162], [645, 642, 157])
1	0.7373943512755581	0.7874024097904783	([642, 157], [646, 645, 186])
1	0.7824798035772511	0.7874979123661122	([742, 453], [742, 740, 453])
1	0.7779538112959874	0.7875781449135644	([588, 427], [588, 468, 427])
1	0.7853585005360852	0.7875814275650643	([605, 260], [605, 260, 171])
1	0.765062166815191	0.7876285865448908	([902, 622], [902, 752, 622])
1	0.7802135108480736	0.78765021565177	([653, 266], [889, 653, 266])
1	0.7629442117832751	0.7877895786843826	([703, 69], [703, 171, 69])
1	0.782633173737501	0.7878759560272116	([668, 71], [668, 171, 166])
1	0.7803333561560832	0.7878920413190225	([717, 28], [717, 276, 6])
1	0.7775025193040113	0.7879206735681906	([725, 408], [746, 725, 386])
1	0.7761061634437411	0.7880061029691833	([98, 1], [98, 20, 15])
1	0.7731512921172178	0.788012589737575	([805, 216], [805, 795, 216])
1	0.7840890460456706	0.7881129256063367	([297, 169], [297, 222, 168])
1	0.7742016028593206	0.7881632517912839	([567, 174], [567, 558, 181])
1	0.7732184561902509	0.7881632517912839	([558, 181], [640, 567, 181])
1	0.7743844700376212	0.7883029841164845	([339, 0], [365, 339, 269])
1	0.7837203161958027	0.7883228047470922	([790, 335], [795, 790, 335])
1	0.7669958577888553	0.788337365169379	([828, 415], [828, 681, 415])
1	0.7859645943446255	0.7883537949295808	([769, 400], [794, 769, 722])
1	0.7822581684612901	0.788360279067676	([641, 107], [641, 612, 118])
1	0.7705721290978219	0.7885294898783726	([752, 169], [752, 64, 25])
1	0.779710235806851	0.7885543153754307	([622, 87], [622, 329, 87])
1	0.7874753195040829	0.7885674886899171	([726, 371], [726, 651, 643])
1	0.7713747514619572	0.7885983602546885	([783, 536], [845, 783, 536])
1	0.777164705295825	0.7887559875554825	([643, 209], [643, 209, 182])
1	0.7646672099826307	0.7888113004937589	([604, 297], [604, 600, 273])
1	0.7845181361816868	0.7888699552446995	([339, 76], [339, 247, 88])
1	0.7863160817366633	0.7888980337773289	([296, 85], [296, 277, 85])
1	0.7744293392016567	0.7888980337773289	([414, 85], [414, 277, 85])
1	0.7595305918715398	0.7889760800382983	([625, 70], [625, 569, 484])
1	0.7665795478888443	0.7890957871066291	([441, 228], [451, 441, 215])
1	0.7776901860422789	0.7892435789312447	([744, 540], [744, 564, 504])
1	0.78377705816173	0.7893692426713301	([801, 53], [900, 801, 273])
1	0.7753551764466842	0.7895376931599627	([395, 87], [622, 193, 186])
1	0.7873204291683872	0.7895550497032432	([691, 431], [691, 581, 431])
1	0.769807010106545	0.7895757969918015	([619, 159], [619, 295, 215])
1	0.7640941450484083	0.7896109757746511	([837, 545], [856, 828, 545])
1	0.7849415606050432	0.7896109757746511	([876, 545], [876, 856, 545])
1	0.7878387662042959	0.7896315334608004	([282, 12], [282, 78, 74])
1	0.7747497430113662	0.789660949420557	([660, 83], [691, 660, 83])
1	0.6765226027833868	0.7897152596475729	([606, 356], [606, 551, 513])
1	0.7540964705226011	0.7897444639807791	([327, 175], [327, 310, 175])
1	0.7839119035805069	0.7897581209740551	([880, 92], [880, 106, 92])
1	0.7794541382480228	0.7897755200994392	([809, 530], [831, 809, 530])
1	0.7647906019740355	0.7897799757057233	([818, 517], [818, 660, 535])
1	0.7730958846221498	0.7898693822999723	([298, 11], [870, 298, 275])
1	0.7696919252201689	0.7899035340856142	([812, 525], [812, 804, 490])
1	0.7808029975434674	0.7899275576721538	([706, 506], [706, 506, 488])
1	0.7562179434187981	0.7899314287242039	([715, 514], [715, 515, 514])
1	0.7880747441242218	0.7899371675224326	([607, 127], [844, 607, 81])
1	0.7846708509537287	0.7899631899815699	([718, 197], [718, 694, 183])
1	0.7817859908675516	0.7900109887020927	([808, 22], [808, 801, 22])
1	0.7509180783317323	0.7900569964655076	([856, 541], [856, 541, 392])
1	0.789725479832033	0.790090425945751	([667, 75], [671, 667, 75])
1	0.7726723125468699	0.790114108045555	([864, 79], [864, 79, 36])
1	0.7783436012118797	0.7901984053207093	([860, 54], [874, 860, 14])
1	0.7851882118191507	0.7902249320867899	([786, 418], [786, 564, 408])
1	0.58606541856358	0.7903269266063575	([765, 247], [765, 575, 564])
1	0.7888365551546801	0.7903410014021088	([632, 175], [632, 175, 174])
1	0.7863799001135536	0.7903807415490521	([409, 76], [409, 280, 84])
1	0.7740980385573016	0.7903957702469682	([630, 163], [790, 630, 170])
1	0.7894352913164616	0.7904040922152369	([734, 443], [734, 714, 443])
1	0.7471281286614747	0.7904177302598295	([600, 232], [458, 441, 228])
1	0.7626037385484112	0.790455188280387	([750, 87], [750, 395, 281])
1	0.7859655843091297	0.7904793863646282	([708, 471], [708, 697, 466])
1	0.7851519274831887	0.7904970233263792	([704, 195], [704, 195, 23])
1	0.7843443861007259	0.7905673543808657	([757, 506], [757, 706, 506])
1	0.7814729208991338	0.79056819982249	([845, 457], [845, 457, 171])
1	0.7859455462784878	0.7905814154976084	([655, 178], [655, 207, 188])
1	0.7804084374901624	0.7905814154976084	([655, 207], [658, 655, 188])
1	0.7677859500784298	0.7905887971074466	([819, 174], [819, 633, 173])
1	0.7906726083091116	0.7906755043806706	([863, 483], [863, 483, 340])
1	0.7829157938965086	0.7907151463471328	([423, 161], [423, 368, 161])
1	0.7674369992702726	0.79072999825859	([577, 183], [881, 577, 183])
1	0.7689546213842025	0.790753585256428	([471, 3], [471, 363, 273])
1	0.783192843168564	0.7908744085541496	([728, 250], [855, 714, 252])
1	0.7663428196363312	0.7909606109108692	([709, 172], [855, 709, 172])
1	0.7478342006733706	0.79100538575204	([598, 332], [602, 598, 332])
1	0.7791109728757152	0.791020502318735	([503, 303], [503, 468, 303])
1	0.7855498546898648	0.7910833264476955	([865, 104], [875, 865, 104])
1	0.7837429569391988	0.7910833264476955	([884, 104], [884, 875, 104])
1	0.7892299858880768	0.7911228439695422	([574, 126], [574, 171, 126])
1	0.79062465120049	0.791140163581953	([506, 312], [506, 316, 312])
1	0.7694362718471993	0.791201232562885	([835, 437], [835, 787, 478])
1	0.776378857965593	0.7912330675645904	([811, 221], [811, 605, 221])
1	0.7664444351024331	0.7912981936235469	([731, 500], [731, 578, 500])
1	0.7691432820617666	0.7914102941326848	([363, 39], [363, 184, 168])
1	0.777357734644805	0.7914314782524667	([517, 331], [517, 383, 363])
1	0.7908549062927667	0.7915302807321951	([804, 164], [804, 776, 164])
1	0.775649341519286	0.791546234575562	([763, 568], [763, 568, 408])
1	0.7838354317005045	0.7916125420435906	([736, 549], [736, 724, 549])
1	0.7791914471667103	0.7916384051141716	([563, 85], [640, 563, 85])
1	0.7628993281178431	0.7916384214115243	([815, 521], [815, 600, 513])
1	0.7667107811092784	0.7917175373291089	([628, 103], [628, 393, 170])
1	0.7864015430868467	0.7917587491419782	([808, 498], [808, 590, 573])
1	0.7430360491816741	0.7917639828244871	([894, 230], [905, 322, 219])
1	0.782085856967864	0.7917804451792481	([223, 12], [223, 183, 52])
1	0.767410831783812	0.7918974514343898	([803, 18], [805, 641, 398])
1	0.7859831960877283	0.7918997046949777	([462, 195], [462, 380, 171])
1	0.7900301928654284	0.791932547388009	([770, 191], [770, 360, 191])
1	0.7793057416487099	0.7920135009027349	([330, 24], [330, 24, 3])
1	0.7873947290301315	0.7920446318116615	([646, 306], [646, 306, 277])
1	0.7847350934081123	0.7920914429507723	([825, 519], [825, 579, 566])
1	0.7778722437684783	0.7921309904314517	([656, 469], [656, 469, 456])
1	0.7863878998405337	0.7921481016549532	([675, 172], [675, 172, 20])
1	0.7814596160609085	0.7921481016549532	([840, 20], [840, 675, 20])
1	0.7804461700308992	0.7921526932748714	([550, 364], [550, 445, 364])
1	0.7907520637314647	0.7921695636451987	([648, 125], [661, 648, 137])
1	0.7629017215481193	0.7922739027514911	([761, 372], [761, 755, 414])
1	0.7880238979768059	0.7922742101364236	([262, 165], [262, 200, 165])
1	0.7859192862965043	0.7923167532149732	([780, 270], [780, 561, 279])
1	0.7896018977996374	0.7923250141910426	([596, 223], [596, 406, 340])
1	0.7887889268838054	0.7923816260376396	([260, 87], [260, 220, 171])
1	0.7523013110503035	0.7924367123469155	([305, 17], [329, 305, 17])
1	0.7865767692601763	0.7924955980120632	([542, 104], [586, 544, 104])
1	0.7881072734059965	0.792518639621101	([722, 526], [722, 598, 526])
1	0.7923834444200205	0.7926629738274077	([848, 204], [889, 848, 204])
1	0.7746553722739956	0.7926845975226624	([707, 156], [718, 707, 156])
1	0.7921736665776821	0.792903583836231	([745, 175], [888, 745, 112])
1	0.7870080398395892	0.7930065660535525	([706, 155], [706, 177, 155])
1	0.5063473713426655	0.7930157714150592	([377, 350], [374, 354, 345])
1	0.7732215610755067	0.7931103080572766	([867, 315], [867, 332, 315])
1	0.7765417292376033	0.7931296128227389	([253, 77], [253, 181, 77])
1	0.7908321027457378	0.7931834713113737	([812, 331], [812, 760, 331])
1	0.7872572051043177	0.7932116568681983	([635, 150], [880, 635, 150])
1	0.766979210543906	0.793255249632212	([849, 166], [849, 679, 166])
1	0.7678846815662194	0.7932896297390194	([864, 36], [864, 79, 16])
1	0.7562954627564642	0.7933235415845361	([424, 177], [424, 261, 230])
1	0.7806536402441379	0.7934119234114722	([872, 207], [872, 669, 217])
1	0.7901361878086284	0.7934584931673746	([524, 327], [550, 524, 327])
1	0.7926852891955896	0.7934820797954918	([592, 394], [592, 584, 394])
1	0.7916414933565256	0.7935016420617953	([778, 482], [837, 778, 482])
1	0.7801622855817589	0.793506055902427	([649, 104], [671, 649, 104])
1	0.7689978103215519	0.7935214168075234	([337, 23], [343, 337, 5])
1	0.7849104380352688	0.7935969752632271	([542, 188], [881, 577, 542])
1	0.7785193625218557	0.7936299841536576	([726, 481], [726, 597, 516])
1	0.7932415359428506	0.7936397193777096	([841, 294], [841, 583, 294])
1	0.7858619952202095	0.7936599798747522	([824, 503], [904, 776, 503])
1	0.7794716203681258	0.7936939777675002	([718, 469], [718, 619, 456])
1	0.7925720320827843	0.7937061949042449	([629, 49], [640, 629, 49])
1	0.7889872856942518	0.7937065005432893	([709, 204], [709, 204, 70])
1	0.7824141057411241	0.7937747318182694	([709, 494], [709, 704, 494])
1	0.7857656098319118	0.7938948092262058	([590, 216], [590, 583, 216])
1	0.7908187978794112	0.7940006327383307	([768, 551], [768, 726, 551])
1	0.7811441888282528	0.7940041229803911	([642, 21], [642, 157, 13])
1	0.7778616501850649	0.7942015139608715	([828, 106], [828, 589, 583])
1	0.7894574063310733	0.7943898241941617	([438, 140], [438, 202, 140])
1	0.7631772989867993	0.7943921147582517	([812, 389], [812, 667, 389])
1	0.7816350004597421	0.7944355817228892	([768, 157], [840, 768, 157])
1	0.7669381992687174	0.7944820906723393	([715, 203], [715, 645, 157])
1	0.7905053504995715	0.7945118633807873	([864, 152], [864, 770, 191])
1	0.7824714858701204	0.794553003118086	([481, 222], [481, 480, 222])
1	0.7798119941308895	0.7945752022968952	([411, 77], [411, 393, 77])
1	0.785545961990803	0.7945957837313238	([557, 225], [557, 225, 208])
1	0.787243990577281	0.7945957837313238	([599, 208], [599, 557, 208])
1	0.7891433874321836	0.7946252667967293	([778, 578], [778, 759, 590])
1	0.7860480138916817	0.7946867554158921	([675, 35], [675, 652, 591])
1	0.7921832064157948	0.7947162174440074	([463, 189], [463, 357, 189])
1	0.7845585328701579	0.7947292379115332	([845, 15], [876, 875, 15])
1	0.7784069571422132	0.794759023334338	([742, 17], [753, 742, 17])
1	0.7924147090448459	0.7947728354271153	([435, 224], [455, 435, 224])
1	0.7867279721727976	0.7948634454195462	([653, 161], [902, 653, 398])
1	0.7446073122390929	0.7949034085785173	([852, 214], [852, 704, 214])
1	0.7824193773312639	0.7949115362621908	([302, 30], [302, 217, 106])
1	0.7785490848305836	0.7949241470140727	([710, 225], [710, 225, 158])
1	0.7898870952675636	0.794971407817211	([759, 167], [848, 791, 167])
1	0.7921706119725137	0.7950036913824791	([843, 254], [888, 843, 254])
1	0.7619878354512408	0.7950278452519154	([375, 23], [375, 130, 61])
1	0.794168325238419	0.7950585584619527	([372, 132], [372, 162, 132])
1	0.7887576268147902	0.7951053474820442	([340, 13], [708, 340, 272])
1	0.7816645476983359	0.7951163940947515	([278, 36], [278, 172, 36])
1	0.7933418419656332	0.7951355416565694	([891, 159], [891, 886, 159])
1	0.7798966766672243	0.7951430476697421	([723, 423], [723, 523, 459])
1	0.7920831205250748	0.7952116765746714	([799, 465], [875, 799, 465])
1	0.7818175932889698	0.7952587372822753	([900, 192], [900, 273, 186])
1	0.6422397010717963	0.7953514283597687	([757, 233], [846, 757, 691])
1	0.7824302546618827	0.7953704885861953	([775, 165], [775, 757, 232])
1	0.7923391363918433	0.795383805750454	([254, 54], [254, 180, 54])
1	0.7642902234860196	0.7954331401682018	([251, 50], [251, 188, 50])
1	0.7648920810049921	0.7954779447436234	([775, 373], [873, 775, 373])
1	0.780355353034591	0.7955850340226752	([843, 26], [843, 826, 20])
1	0.7947876232416359	0.7955863306581835	([324, 55], [324, 180, 159])
1	0.7555536747762908	0.7956451069368046	([879, 522], [879, 574, 565])
1	0.7953946803554779	0.7957199599546996	([851, 442], [851, 446, 442])
1	0.7890689887035127	0.7957476080469768	([686, 26], [686, 26, 18])
1	0.7823071223458987	0.7957963596539813	([865, 206], [865, 360, 191])
1	0.7957403714185313	0.7959629362940471	([270, 122], [270, 218, 184])
1	0.7752070945038138	0.7959641915377705	([326, 104], [544, 326, 290])
1	0.7923452801597985	0.7959877483978681	([497, 70], [497, 126, 117])
1	0.7877984673941417	0.7960497698344859	([825, 313], [825, 691, 272])
1	0.786012570183369	0.7961245075971681	([707, 57], [707, 182, 57])
1	0.7783002768373535	0.7963165460232046	([637, 73], [637, 290, 81])
1	0.7916852495314711	0.7963389691555594	([718, 419], [876, 718, 419])
1	0.7952643487443439	0.7963563310923119	([758, 472], [887, 758, 472])
1	0.7709677571713865	0.7963897228557268	([887, 28], [887, 28, 6])
1	0.7842939776434387	0.7964245219581038	([420, 83], [420, 83, 37])
1	0.7810651481243401	0.7964404255334037	([382, 118], [382, 219, 171])
1	0.7892060828373182	0.7965050711310792	([402, 108], [402, 157, 108])
1	0.7960664542565608	0.7965341413306718	([378, 14], [378, 190, 14])
1	0.7475674906491615	0.7966023612835454	([794, 162], [794, 685, 162])
1	0.7964662739502425	0.7967093855977745	([811, 168], [811, 766, 592])
1	0.7663937035311595	0.7967582829296945	([791, 293], [791, 454, 291])
1	0.7966578614329676	0.7967880484127507	([904, 28], [904, 86, 28])
1	0.7819795558931519	0.7968938864232785	([647, 56], [647, 631, 15])
1	0.7826246802009224	0.7970266603969998	([547, 207], [904, 547, 503])
1	0.7785165726164766	0.7970669720502177	([877, 73], [877, 204, 73])
1	0.7847628382197893	0.7971159574219028	([557, 145], [599, 306, 268])
1	0.7929183915401147	0.7971159574219028	([877, 599], [877, 599, 268])
1	0.7014903819005673	0.7971307069333428	([235, 76], [235, 198, 76])
1	0.7937996472766499	0.797155387050421	([595, 323], [595, 483, 323])
1	0.7886150115425703	0.7974023542846447	([296, 46], [329, 46, 19])
1	0.7774017279953013	0.7974283614228783	([692, 86], [692, 86, 18])
1	0.7815000225793258	0.797441020272473	([892, 568], [898, 892, 568])
1	0.7901817064290959	0.7974625488798062	([576, 284], [683, 576, 367])
1	0.6446079073443202	0.7974699770971545	([356, 103], [248, 247, 168])
1	0.7950609562016895	0.7976163925387364	([650, 87], [597, 580, 87])
1	0.7773600386456742	0.7976983637558839	([648, 53], [648, 640, 53])
1	0.7905969978138262	0.7977116402948671	([816, 306], [889, 816, 364])
1	0.7858763620163556	0.7977667830140517	([865, 418], [865, 418, 330])
1	0.788983900043316	0.7978255355819039	([485, 77], [485, 394, 77])
1	0.7636284995691924	0.7979586963945011	([853, 107], [853, 645, 608])
1	0.7753725410634649	0.7979795553084269	([589, 106], [596, 589, 106])
1	0.7562479960019733	0.7979795553084269	([636, 106], [636, 596, 106])
1	0.7873273587017091	0.7980537587068286	([320, 112], [320, 266, 112])
1	0.7867090402605549	0.7980873577299211	([798, 142], [798, 497, 142])
1	0.7796178619747781	0.7981025649220594	([652, 35], [686, 652, 35])
1	0.7828720706688085	0.798109159218649	([612, 54], [612, 577, 183])
1	0.5038115973144877	0.7982671230195841	([658, 352], [788, 658, 584])
1	0.7953018533635156	0.7983241508045323	([646, 113], [646, 170, 113])
1	0.7911908247395746	0.7983241508045323	([646, 46], [646, 170, 160])
1	0.6480833852767565	0.798329613287677	([233, 76], [233, 166, 76])
1	0.7777308525538397	0.7984553373929599	([722, 55], [722, 605, 16])
1	0.7727463728553488	0.7984892535996009	([684, 51], [684, 647, 343])
1	0.7895260141828885	0.7985901660815206	([726, 424], [726, 424, 378])
1	0.7800344864405071	0.7986612514433429	([580, 28], [650, 622, 583])
1	0.7798388920503053	0.7986917912953984	([552, 21], [586, 552, 504])
1	0.7912531787169281	0.7986969226370217	([309, 40], [379, 309, 40])
1	0.7945555220708604	0.7987824079264524	([539, 172], [539, 494, 172])
1	0.7916815623577701	0.798926201415665	([821, 496], [821, 535, 517])
1	0.6481289243211839	0.7989310296890207	([894, 355], [894, 357, 355])
1	0.5008692666638577	0.7990248386918912	([842, 349], [842, 707, 667])
1	0.7965949444142466	0.7990265531233416	([841, 179], [841, 564, 179])
1	0.7982176352582616	0.7990612095922206	([666, 34], [666, 159, 55])
1	0.7660166385039765	0.7990612095922206	([666, 55], [666, 328, 159])
1	0.7929432565679542	0.7991430694737942	([442, 93], [442, 255, 171])
1	0.7799112040802813	0.7991948779325766	([760, 27], [760, 759, 27])
1	0.7927623474820054	0.7991948779325766	([839, 180], [839, 759, 27])
1	0.7879480441319034	0.7993024988032846	([588, 256], [588, 335, 314])
1	0.7803091595484	0.7994149492350281	([272, 71], [272, 256, 71])
1	0.795191989963138	0.7994905965285863	([608, 124], [608, 392, 170])
1	0.780199472386913	0.7997982099923896	([699, 54], [699, 673, 70])
1	0.7844872677666803	0.7998135471340954	([314, 42], [314, 282, 78])
1	0.7968765404981273	0.7998847062098673	([786, 223], [799, 786, 223])
1	0.7934891471878677	0.7999374003897158	([767, 474], [767, 731, 474])
1	0.7649375353720007	0.7999403725000577	([879, 213], [879, 253, 219])
1	0.797588514623644	0.7999559433593533	([727, 421], [727, 651, 421])
1	0.7975696863669733	0.7999706527699881	([886, 420], [886, 420, 269])
1	0.7955734683648223	0.8000216133531584	([584, 315], [605, 584, 315])
1	0.7710632991834335	0.8000300973726263	([607, 185], [607, 194, 185])
1	0.7905265676362878	0.8001162420437496	([299, 59], [299, 217, 122])
1	0.7962119581128472	0.800357825774758	([627, 83], [633, 627, 83])
1	0.7910504521382901	0.800357825774758	([633, 65], [660, 633, 83])
1	0.7934250756907986	0.8006979713272236	([653, 37], [889, 653, 37])
1	0.8004907938798821	0.8007166173031198	([284, 211], [284, 211, 166])
1	0.7925543333608314	0.8007977546413882	([570, 122], [570, 370, 122])
1	0.7920251980980969	0.8008392271435765	([437, 145], [437, 230, 214])
1	0.7817446587188364	0.8008449047637246	([454, 57], [454, 446, 57])
1	0.7978852568072877	0.8008767025148188	([859, 150], [880, 859, 150])
1	0.7994499136965775	0.8008861395615416	([578, 121], [578, 228, 177])
1	0.7944470126816434	0.8008883133037914	([318, 63], [318, 211, 152])
1	0.7887844056221786	0.8009260737978344	([661, 137], [648, 221, 169])
1	0.7875427478068985	0.8009606105939544	([895, 572], [895, 781, 756])
1	0.7985387181096676	0.8011868322876002	([556, 111], [556, 171, 102])
1	0.7872149080296954	0.801221539764721	([395, 38], [379, 110, 55])
1	0.7999588588262952	0.801727111505795	([652, 254], [652, 508, 472])
1	0.7962878707331488	0.8017686608307351	([540, 12], [540, 479, 0])
1	0.8007325792658531	0.8018873780646043	([604, 166], [628, 604, 166])
1	0.8011424978942953	0.802022095005773	([284, 80], [284, 185, 84])
1	0.7841379958410292	0.8020264145619601	([524, 196], [524, 515, 182])
1	0.8004238424182574	0.8020992057572638	([791, 486], [791, 501, 486])
1	0.7905020995858952	0.8021673481670424	([448, 115], [448, 386, 127])
1	0.8011844630635698	0.8022196924249344	([727, 164], [759, 727, 164])
1	0.7871303256201475	0.802279982140479	([723, 31], [723, 715, 31])
1	0.7838663447569612	0.8024605023188426	([799, 319], [799, 340, 319])
1	0.7999582643431037	0.8024894885421897	([868, 99], [868, 99, 73])
1	0.7961333195860808	0.8026509928787808	([594, 78], [594, 248, 78])
1	0.7709416909403112	0.8027435076313385	([736, 76], [796, 736, 645])
1	0.77676248614143	0.8029287390496385	([673, 490], [673, 490, 456])
1	0.7948079498736014	0.8029706892446608	([651, 134], [651, 610, 178])
1	0.781158089323653	0.8030187550742552	([566, 15], [566, 162, 74])
1	0.8007968804505938	0.8030304804730747	([783, 323], [783, 323, 295])
1	0.7968408471969096	0.8031684899205812	([583, 6], [583, 276, 158])
1	0.7955153756053482	0.8031878431612861	([830, 432], [830, 759, 375])
1	0.8021210855661081	0.8033929952390784	([843, 189], [843, 678, 189])
1	0.8015093746988277	0.8034816644228328	([428, 139], [428, 139, 112])
1	0.7540533615087187	0.8034816644228328	([440, 112], [440, 428, 112])
1	0.7957477121719518	0.803516803847611	([705, 32], [705, 699, 32])
1	0.7890681751641612	0.8035662342663673	([484, 83], [566, 484, 83])
1	0.7953561729438897	0.8036822911329664	([831, 338], [831, 675, 616])
1	0.7900678139509619	0.8037362657385513	([812, 70], [812, 331, 70])
1	0.7873946783943294	0.8037781966862081	([856, 109], [797, 790, 109])
1	0.7815971449054456	0.8038675381678643	([857, 472], [870, 857, 472])
1	0.7939090687387267	0.8039437340446073	([250, 49], [250, 180, 49])
1	0.7856206049004383	0.8039645916912821	([502, 202], [572, 304, 202])
1	0.791939317011057	0.8040217919856014	([780, 161], [780, 444, 161])
1	0.8002571723758498	0.8041627947274373	([895, 497], [895, 572, 505])
1	0.8023826932810679	0.8042570179792805	([675, 430], [675, 430, 106])
1	0.7879746161861922	0.8043524937846582	([634, 86], [634, 86, 39])
1	0.7937740830962888	0.8043739903770842	([826, 341], [860, 826, 724])
1	0.8020959602796006	0.8044420669548731	([769, 486], [905, 769, 486])
1	0.7859265502049406	0.8046644357391426	([293, 94], [293, 94, 3])
1	0.7686241738003883	0.8047523920835444	([623, 207], [623, 372, 214])
1	0.7996087607615431	0.8047841385497566	([762, 70], [766, 762, 168])
1	0.7970461323517776	0.8050681698774559	([413, 96], [595, 413, 96])
1	0.5849519489912954	0.8052321598341322	([247, 88], [339, 180, 86])
1	0.7873499166570443	0.8052461674944974	([832, 462], [832, 499, 497])
1	0.8025595627626724	0.8055898017357875	([809, 72], [809, 806, 72])
1	0.6287320846297025	0.8056043465229331	([703, 233], [703, 330, 280])
1	0.7894581943106173	0.8056172578937051	([709, 146], [709, 147, 81])
1	0.8014351081380544	0.8056316768326661	([512, 200], [552, 512, 200])
1	0.7946224067583136	0.8057158911579801	([803, 228], [803, 232, 228])
1	0.7959776168971109	0.8060201377172986	([459, 125], [459, 260, 125])
1	0.8040918917872774	0.8062078388538972	([638, 124], [638, 402, 184])
1	0.7980453364252517	0.8064108839336411	([633, 29], [656, 633, 29])
1	0.8036009778116705	0.8065791164635303	([831, 283], [840, 831, 283])
1	0.7700878127564363	0.8066424202157338	([862, 489], [862, 489, 469])
1	0.8066284504771623	0.8067286722530695	([875, 124], [892, 875, 124])
1	0.6306604896321281	0.8068957859795624	([846, 233], [846, 233, 85])
1	0.7976709171494311	0.8072116533370851	([330, 117], [330, 305, 117])
1	0.8002986656203527	0.8072234637634395	([872, 471], [905, 872, 471])
1	0.7685994678127496	0.8073674877372876	([696, 220], [696, 220, 180])
1	0.8010166955550113	0.8073760523135066	([812, 176], [812, 176, 35])
1	0.8008395999586594	0.8076128898401537	([826, 102], [826, 102, 20])
1	0.8021449962354666	0.8076735199019187	([699, 437], [699, 437, 416])
1	0.8028878909064799	0.8080483464234812	([432, 156], [889, 432, 156])
1	0.7935721841365705	0.808206733189571	([326, 28], [326, 273, 28])
1	0.807783640159169	0.8082535360138008	([760, 149], [785, 760, 263])
1	0.7884244967466263	0.8082603078013723	([826, 269], [826, 748, 691])
1	0.7902316342174779	0.8084473789900053	([568, 123], [651, 568, 153])
1	0.8051366284872465	0.8085961481743558	([381, 93], [608, 381, 93])
1	0.7893298933367972	0.8086497256584961	([799, 119], [799, 606, 119])
1	0.7928132355562532	0.8088097378348069	([845, 36], [845, 36, 17])
1	0.8049027400567159	0.8088729607830693	([427, 119], [427, 171, 89])
1	0.8085770324396641	0.8091588335823671	([447, 176], [452, 447, 172])
1	0.7996453330996262	0.8091682056379295	([834, 36], [834, 823, 36])
1	0.8003878305793916	0.8091868525928503	([836, 108], [829, 376, 103])
1	0.8018574918733558	0.8093212093927177	([549, 82], [597, 549, 82])
1	0.8047909804798334	0.8094095103587627	([813, 11], [813, 799, 11])
1	0.8073339784768493	0.8097444635668007	([830, 251], [830, 375, 337])
1	0.801887586320744	0.8098184938167645	([309, 128], [309, 170, 148])
1	0.7900316487357577	0.8098336792103014	([823, 259], [823, 805, 407])
1	0.8051087431917	0.809849576686086	([654, 63], [662, 654, 117])
1	0.8095140752284882	0.809849576686086	([780, 117], [780, 662, 117])
1	0.792119859124783	0.8098723154075087	([653, 141], [653, 161, 141])
1	0.7782127764779162	0.8099271575572424	([741, 49], [741, 84, 49])
1	0.8053947567607588	0.8099474940758828	([740, 97], [740, 173, 97])
1	0.805826644846976	0.8099906813976004	([765, 435], [765, 435, 413])
1	0.7878979096501423	0.8100444394498882	([265, 134], [265, 250, 148])
1	0.8000832571573733	0.8106011688782416	([771, 48], [771, 767, 48])
1	0.8095551958699185	0.810604536676862	([481, 28], [887, 481, 378])
1	0.794032977570133	0.810687816137354	([784, 304], [784, 579, 304])
1	0.8108398415782639	0.8109580138268008	([369, 148], [375, 369, 148])
1	0.8110394134407101	0.8111083928572939	([447, 63], [462, 447, 63])
1	0.8059234047718705	0.811275146181347	([614, 97], [614, 182, 84])
1	0.787661861365799	0.8112839384244007	([555, 118], [566, 555, 152])
1	0.7803710159742967	0.8113505088804751	([836, 25], [836, 108, 68])
1	0.8077536523927704	0.8114315671625346	([327, 41], [327, 179, 157])
1	0.8111096442896062	0.8116195445003901	([778, 313], [778, 632, 313])
1	0.8087980693156466	0.8117104454982855	([654, 230], [696, 654, 220])
1	0.5642957850111557	0.8121391385252771	([592, 247], [592, 247, 168])
1	0.7947553022600903	0.8124454741216989	([811, 120], [811, 120, 82])
1	0.8108330406672155	0.8126070620423839	([751, 128], [888, 751, 128])
1	0.806095568501455	0.8128074928769585	([481, 175], [650, 481, 175])
1	0.812256482475767	0.8132016140637103	([418, 126], [418, 330, 117])
1	0.799039010780252	0.8138247767415857	([726, 154], [726, 158, 154])
1	0.811614053286702	0.8138381751937465	([420, 149], [420, 171, 147])
1	0.8132390923340087	0.8142654575203786	([603, 29], [603, 83, 72])
1	0.8072650032712697	0.8145757057724108	([788, 26], [890, 788, 26])
1	0.8134141619672342	0.8146237875890653	([632, 41], [632, 71, 41])
1	0.798491549674678	0.8147600678793756	([794, 198], [794, 599, 208])
1	0.8117589033191474	0.8147934513144706	([501, 36], [604, 501, 36])
1	0.7899949103269577	0.8148391774957023	([818, 110], [818, 803, 110])
1	0.8139557458558268	0.8151230411784384	([768, 38], [768, 283, 267])
1	0.8025785072747922	0.8151509152674129	([511, 63], [511, 462, 260])
1	0.7820317353587801	0.8152283153265723	([471, 150], [471, 375, 150])
1	0.5620090769497017	0.8155927293946662	([893, 247], [893, 250, 247])
1	0.5029161162194837	0.8158044538627102	([728, 354], [728, 613, 372])
1	0.8086963965775825	0.8159762477077142	([587, 140], [587, 224, 140])
1	0.8153387826441254	0.816014849955614	([586, 198], [586, 198, 156])
1	0.6540593782527514	0.8162917005918464	([415, 233], [415, 257, 233])
1	0.7989011917681205	0.8164421526523699	([802, 153], [803, 802, 153])
1	0.8122360731430939	0.8167745387882551	([520, 61], [520, 110, 104])
1	0.8138652172710839	0.8168962390880153	([473, 67], [473, 257, 255])
1	0.7947843024068048	0.8170294874865403	([567, 58], [567, 207, 158])
1	0.8070206447580027	0.8177185474850692	([810, 316], [845, 810, 316])
1	0.8167386429961071	0.818019129016584	([585, 68], [585, 181, 164])
1	0.8024863730116814	0.8180301956983521	([815, 201], [815, 201, 180])
1	0.803208193775175	0.8180313315163907	([338, 151], [338, 322, 151])
1	0.8020744148677507	0.8198777004040683	([690, 66], [690, 364, 342])
1	0.6031440300863262	0.8199613470423383	([717, 234], [717, 275, 260])
1	0.5010585409678157	0.8215311021893276	([613, 354], [728, 405, 358])
1	0.8108595620999582	0.821690977606973	([756, 98], [897, 756, 98])
1	0.600619919852664	0.8231458305332948	([400, 234], [817, 400, 234])
1	0.8017567958817828	0.8231687139075357	([450, 39], [450, 158, 122])
1	0.8223062883304106	0.8238269802848098	([794, 92], [794, 189, 162])
1	0.8194961609228666	0.8241439439023659	([575, 92], [601, 575, 92])
1	0.62054904628166	0.8245442363651428	([729, 233], [729, 703, 335])
1	0.8225015690318468	0.8257012415118754	([535, 67], [535, 442, 252])
1	0.5877531494791294	0.8260001196765691	([234, 22], [717, 234, 22])
1	0.5650436316807471	0.828473508806035	([247, 22], [707, 349, 219])
1	0.816870178008142	0.8285113041870146	([779, 130], [788, 779, 130])
1	0.815975021273059	0.8306348771267182	([519, 41], [883, 519, 487])
1	0.8226539926658559	0.8310608765089352	([526, 129], [526, 299, 43])
1	0.5409080017409068	0.8345318494071327	([349, 219], [359, 349, 4])
1	0.5361056364935917	0.8363433606622304	([352, 323], [359, 352, 323])
1	0.6085995490145818	0.842103100066159	([522, 234], [817, 522, 410])
1	0.5862682898223817	0.8433212012030195	([333, 234], [522, 333, 234])
1	0.6100819398103247	0.8466464718933395	([234, 48], [234, 48, 22])
1	0.5273121969922852	0.8480199259975534	([845, 350], [845, 350, 346])
1	0.5302417908295284	0.8482564875059474	([349, 4], [359, 352, 220])
1	0.5784466905546276	0.8541722218641272	([874, 247], [874, 247, 88])
1	0.5980972985256579	0.8613824488707422	([234, 231], [260, 234, 231])
1	0.4789835793115825	0.8641788322052422	([359, 352], [788, 359, 352])
1	0.5407155441791314	0.8781797621898357	([349, 143], [576, 349, 143])
1	0.45558144813746443	0.903764448366647	([533, 532], [609, 533, 353])
0	0.0	0.9654551857261687	([234], [335, 334])
0	0.0	0.9690851457758458	([334], [450, 449])
0	0.0	1.0	([237], [237, 0])
0	0.0	1.0	([238], [238, 0])
0	0.0	1.0	([239], [239, 0])
0	0.0	1.0	([240], [240, 0])
0	0.0	1.0	([241], [241, 0])
0	0.0	1.0	([242], [242, 0])
0	0.0	1.0	([243], [243, 0])
0	0.0	1.0	([244], [244, 0])
0	0.0	1.0	([245], [245, 0])
0	0.0	1.0	([246], [246, 0])
0	0.0	1.0	([249], [249, 0])
0	0.0	inf	([351], [])
