0	0.0	0.24817864577282164	([618], [618, 617])
0	0.0	0.24883270410561112	([261], [261, 260])
0	0.0	0.2520630748525008	([721], [721, 720])
0	0.0	0.25254196258211	([720], [720, 719])
0	0.0	0.25311369869900907	([722], [722, 721])
0	0.0	0.2531185272231476	([66], [66, 65])
0	0.0	0.2544888739133736	([502], [502, 501])
0	0.0	0.25488265940925636	([671], [671, 670])
0	0.0	0.25539972883187917	([520], [520, 519])
0	0.0	0.2554308680157839	([598], [598, 597])
0	0.0	0.2561857970057265	([404], [404, 403])
0	0.0	0.2582600958279654	([188], [188, 187])
0	0.0	0.25847772372763683	([471], [471, 470])
0	0.0	0.2588883790315344	([371], [371, 370])
0	0.0	0.26055019305785204	([505], [505, 504])
0	0.0	0.2614188229712487	([480], [480, 479])
0	0.0	0.2615698083734307	([516], [516, 515])
0	0.0	0.2618403352118744	([723], [723, 722])
0	0.0	0.2619573271176164	([496], [496, 495])
0	0.0	0.2629393111928218	([4], [4, 3])
0	0.0	0.2635718023452465	([304], [304, 303])
0	0.0	0.26357462985778146	([135], [135, 134])
0	0.0	0.2645170159627856	([206], [206, 205])
0	0.0	0.2649651130908202	([33], [33, 32])
0	0.0	0.2663935715456047	([705], [705, 704])
0	0.0	0.2666190394219485	([621], [621, 620])
0	0.0	0.2670359658239659	([565], [565, 564])
0	0.0	0.26709243874243316	([620], [620, 619])
0	0.0	0.26780048744425883	([532], [532, 531])
0	0.0	0.2678158963181938	([670], [670, 669])
0	0.0	0.26896480839650316	([360], [360, 359])
0	0.0	0.26899146111043565	([149], [149, 148])
0	0.0	0.26930543427757725	([270], [270, 269])
0	0.0	0.2694936617754833	([209], [209, 208])
0	0.0	0.269679300538803	([494], [494, 493])
0	0.0	0.2698878885215927	([451], [451, 450])
0	0.0	0.2699153110817369	([145], [145, 144])
0	0.0	0.2706031468912348	([424], [424, 423])
0	0.0	0.2707572236792623	([492], [492, 491])
0	0.0	0.27103655275708355	([301], [301, 300])
0	0.0	0.27168263528170106	([187], [187, 186])
0	0.0	0.2719587655262155	([540], [540, 539])
0	0.0	0.2719748661177848	([244], [244, 243])
0	0.0	0.2729853531004123	([447], [447, 446])
0	0.0	0.27308179990969994	([590], [590, 589])
0	0.0	0.2733920942026098	([397], [397, 396])
0	0.0	0.27343094588077294	([120], [120, 119])
0	0.0	0.2736765985192783	([490], [490, 489])
0	0.0	0.2737044796831309	([693], [693, 692])
0	0.0	0.2740210684135782	([528], [528, 527])
0	0.0	0.2740246416500601	([610], [610, 609])
0	0.0	0.2742565947424426	([27], [27, 26])
0	0.0	0.27432091904833084	([512], [512, 511])
0	0.0	0.27482095958614056	([183], [183, 182])
0	0.0	0.27492833445592	([295], [295, 294])
0	0.0	0.274996133193079	([487], [487, 486])
0	0.0	0.2752314435293165	([653], [653, 652])
0	0.0	0.27525799674149515	([152], [152, 151])
0	0.0	0.27583197001775184	([663], [663, 662])
0	0.0	0.2761970969613302	([712], [712, 711])
0	0.0	0.2762643650176921	([715], [715, 714])
0	0.0	0.27628070856197035	([268], [268, 267])
0	0.0	0.27638682399688635	([319], [319, 318])
0	0.0	0.2763965920806023	([595], [595, 594])
0	0.0	0.27645414538316027	([635], [635, 634])
0	0.0	0.2767785115320082	([704], [704, 703])
0	0.0	0.276805202686901	([327], [327, 326])
0	0.0	0.2768534801457087	([428], [428, 427])
0	0.0	0.27702552251944107	([647], [647, 646])
0	0.0	0.2771605579277832	([95], [95, 94])
0	0.0	0.27744755382745706	([320], [320, 319])
0	0.0	0.27750231293506883	([146], [146, 145])
0	0.0	0.27763965035701293	([601], [601, 600])
0	0.0	0.2780275604563194	([162], [162, 161])
0	0.0	0.278149628639461	([6], [6, 5])
0	0.0	0.2782221275025648	([325], [325, 324])
0	0.0	0.27839077202929674	([489], [489, 488])
0	0.0	0.2785576697275998	([717], [717, 716])
0	0.0	0.278836471057952	([312], [312, 311])
0	0.0	0.27906276671203795	([207], [207, 206])
0	0.0	0.2792992328593423	([363], [363, 362])
0	0.0	0.2795496871149409	([537], [537, 536])
0	0.0	0.2795990776545344	([334], [334, 333])
0	0.0	0.2797505193962555	([345], [345, 344])
0	0.0	0.28042436634345835	([609], [609, 608])
0	0.0	0.28051329199119834	([373], [373, 372])
0	0.0	0.28130554052598794	([724], [724, 723])
0	0.0	0.2813516187013374	([478], [478, 477])
0	0.0	0.2813703450545216	([141], [141, 140])
0	0.0	0.281481090527821	([526], [526, 525])
0	0.0	0.28152582538355575	([155], [155, 154])
0	0.0	0.2815405482107969	([475], [475, 474])
0	0.0	0.2815579478179746	([665], [665, 664])
0	0.0	0.2816692231753102	([658], [658, 657])
0	0.0	0.2817950858418805	([699], [699, 698])
0	0.0	0.28188808399625476	([211], [211, 210])
0	0.0	0.28211545587915604	([600], [600, 599])
0	0.0	0.2826880891996264	([326], [326, 325])
0	0.0	0.2827480936077988	([484], [484, 483])
0	0.0	0.2827704493896436	([632], [632, 631])
0	0.0	0.28293090976058755	([55], [55, 54])
0	0.0	0.2834337926220521	([657], [657, 656])
0	0.0	0.2840015099367112	([394], [394, 393])
0	0.0	0.284102295695456	([536], [536, 535])
0	0.0	0.28424662804559625	([123], [123, 122])
0	0.0	0.28435604914825935	([284], [284, 283])
0	0.0	0.28436057491306027	([196], [196, 195])
0	0.0	0.28445723445886306	([114], [114, 113])
0	0.0	0.284523691654784	([685], [685, 684])
0	0.0	0.28458863871225487	([407], [407, 406])
0	0.0	0.28461180638887035	([396], [396, 395])
0	0.0	0.2846618498056871	([274], [274, 273])
0	0.0	0.2846863555567992	([73], [73, 72])
0	0.0	0.2848657902875182	([92], [92, 91])
0	0.0	0.2849728938201373	([124], [124, 123])
0	0.0	0.28518364902547133	([629], [629, 628])
0	0.0	0.28542803704355857	([313], [313, 312])
0	0.0	0.2854626422457916	([324], [324, 323])
0	0.0	0.2855810575393098	([711], [711, 710])
0	0.0	0.28558186653285594	([650], [650, 649])
0	0.0	0.28566414636804455	([583], [583, 582])
0	0.0	0.28568665608535854	([546], [546, 545])
0	0.0	0.28581609538748476	([597], [597, 596])
0	0.0	0.2858400941185568	([548], [548, 547])
0	0.0	0.28586334014726617	([13], [13, 12])
0	0.0	0.2860593761169684	([458], [458, 457])
0	0.0	0.2861288401904954	([538], [538, 537])
0	0.0	0.28632132418210265	([631], [631, 630])
0	0.0	0.28642332013792116	([462], [462, 461])
0	0.0	0.2864304060489603	([310], [310, 309])
0	0.0	0.28644457057636064	([210], [210, 209])
0	0.0	0.2865513631937575	([26], [26, 25])
0	0.0	0.2868021439497183	([134], [134, 133])
0	0.0	0.2868175259261906	([15], [15, 14])
0	0.0	0.2869275103291902	([367], [367, 366])
0	0.0	0.286984865850649	([182], [182, 181])
0	0.0	0.28767750837921185	([652], [652, 651])
0	0.0	0.2876981137446384	([541], [541, 540])
0	0.0	0.2877107339750739	([185], [185, 184])
0	0.0	0.28802396269891856	([469], [469, 468])
0	0.0	0.2884306370139036	([137], [137, 136])
0	0.0	0.28862243201965826	([106], [106, 105])
0	0.0	0.288822457067552	([682], [682, 681])
0	0.0	0.2888380001056015	([103], [103, 102])
0	0.0	0.2889017818045342	([116], [116, 115])
0	0.0	0.2895447441243059	([364], [364, 363])
0	0.0	0.2899731299053537	([706], [706, 705])
0	0.0	0.2900499284922712	([254], [254, 253])
0	0.0	0.29008135107951033	([87], [87, 86])
0	0.0	0.2901952721674065	([118], [118, 117])
0	0.0	0.2903316191733339	([440], [440, 439])
0	0.0	0.2903815194503898	([395], [395, 394])
0	0.0	0.29046460740461827	([612], [612, 611])
0	0.0	0.290517022130501	([473], [473, 472])
0	0.0	0.290589842927306	([569], [569, 568])
0	0.0	0.29076370457299666	([246], [246, 245])
0	0.0	0.2909064223631594	([352], [352, 350])
0	0.0	0.2912623347765573	([389], [389, 388])
0	0.0	0.29128049138932066	([485], [485, 484])
0	0.0	0.2917749061044363	([672], [672, 671])
0	0.0	0.2918370298457395	([545], [545, 544])
0	0.0	0.2923682103115304	([277], [277, 276])
0	0.0	0.2924347162368896	([669], [669, 668])
0	0.0	0.29248593230619563	([305], [305, 304])
0	0.0	0.29255458378914645	([303], [303, 302])
0	0.0	0.2926612143093848	([454], [454, 453])
0	0.0	0.2927870037213379	([435], [435, 434])
0	0.0	0.2930746840673767	([393], [393, 392])
0	0.0	0.2931945422559454	([143], [143, 142])
0	0.0	0.29328923277962227	([673], [673, 672])
0	0.0	0.2933134792314697	([129], [129, 128])
0	0.0	0.2934364572732211	([694], [694, 693])
0	0.0	0.2936368179047856	([553], [553, 552])
0	0.0	0.2939018076971705	([656], [656, 655])
0	0.0	0.29408018604944486	([380], [380, 379])
0	0.0	0.2942206327677574	([509], [509, 508])
0	0.0	0.2942407877180426	([525], [525, 524])
0	0.0	0.29435141171137197	([179], [179, 178])
0	0.0	0.2944007457204226	([174], [174, 173])
0	0.0	0.2944362384609205	([680], [680, 679])
0	0.0	0.29445654852862746	([171], [171, 170])
0	0.0	0.29467306682148314	([581], [581, 580])
0	0.0	0.2947704240693581	([575], [575, 574])
0	0.0	0.29496225122912145	([411], [411, 410])
0	0.0	0.29503467137948736	([275], [275, 274])
0	0.0	0.29514930304164433	([104], [104, 103])
0	0.0	0.2952171598133691	([561], [561, 560])
0	0.0	0.2952566817995086	([276], [276, 275])
0	0.0	0.2953445239820915	([628], [628, 627])
0	0.0	0.295432845203837	([452], [452, 451])
0	0.0	0.2954707209881639	([190], [190, 189])
0	0.0	0.29559332446692727	([676], [676, 675])
0	0.0	0.29565421835121436	([586], [586, 585])
0	0.0	0.295680995398882	([517], [517, 516])
0	0.0	0.29619000580103333	([379], [379, 378])
0	0.0	0.2963273964564671	([177], [177, 176])
0	0.0	0.2964837147540204	([461], [461, 460])
0	0.0	0.2968835045496402	([678], [678, 677])
0	0.0	0.29704665242573647	([633], [633, 632])
0	0.0	0.2970656236960608	([444], [444, 443])
0	0.0	0.29712770474082606	([7], [7, 6])
0	0.0	0.2974037733504804	([523], [523, 522])
0	0.0	0.29745126019613594	([630], [630, 629])
0	0.0	0.2978156999418838	([255], [255, 254])
0	0.0	0.2978476608892789	([358], [358, 357])
0	0.0	0.2979393584689052	([272], [272, 271])
0	0.0	0.2980047117313407	([381], [381, 380])
0	0.0	0.2981263905656399	([369], [369, 368])
0	0.0	0.29824124181053197	([90], [90, 89])
0	0.0	0.2982835135818585	([288], [288, 287])
0	0.0	0.29857243736459727	([416], [416, 415])
0	0.0	0.29869722379706964	([355], [355, 354])
0	0.0	0.29925879473169287	([157], [157, 156])
0	0.0	0.2993984124323447	([386], [386, 385])
0	0.0	0.29978418183265554	([374], [374, 373])
0	0.0	0.29998750421890447	([638], [638, 637])
0	0.0	0.3000163733151055	([445], [445, 444])
0	0.0	0.30010194574923366	([549], [549, 548])
0	0.0	0.3001090731869801	([614], [614, 613])
0	0.0	0.3001632963791872	([257], [257, 256])
0	0.0	0.30022247350714065	([278], [278, 277])
0	0.0	0.30024551660747106	([83], [83, 82])
0	0.0	0.3004882275982611	([256], [256, 255])
0	0.0	0.30089244980810204	([311], [311, 310])
0	0.0	0.30092815604205747	([70], [70, 69])
0	0.0	0.3010561217108134	([593], [593, 592])
0	0.0	0.3011355565136708	([133], [133, 132])
0	0.0	0.3012840288512885	([645], [645, 644])
0	0.0	0.3014798949890261	([199], [199, 198])
0	0.0	0.30154655719635637	([463], [463, 462])
0	0.0	0.3015722692969295	([111], [111, 110])
0	0.0	0.3016852355898732	([616], [616, 615])
0	0.0	0.30176876211883985	([698], [698, 697])
0	0.0	0.3018841997604034	([347], [347, 346])
0	0.0	0.3019898063303027	([96], [96, 95])
0	0.0	0.3021863932647276	([344], [344, 343])
0	0.0	0.30221988393090177	([552], [552, 551])
0	0.0	0.3022724829903222	([282], [282, 281])
0	0.0	0.30239782900481915	([406], [406, 405])
0	0.0	0.30251970377066756	([390], [390, 389])
0	0.0	0.302567960926074	([399], [399, 398])
0	0.0	0.30264785940170674	([122], [122, 121])
0	0.0	0.30266123610630047	([527], [527, 526])
0	0.0	0.30276039253253284	([208], [208, 207])
0	0.0	0.3027918784429095	([173], [173, 172])
0	0.0	0.3028843029857907	([335], [335, 334])
0	0.0	0.3031214202071852	([683], [683, 682])
0	0.0	0.303124918594077	([193], [193, 192])
0	0.0	0.3032009446523183	([500], [500, 499])
0	0.0	0.30325452089705673	([415], [415, 414])
0	0.0	0.3033186280708006	([414], [414, 413])
0	0.0	0.30340279325369346	([646], [646, 645])
0	0.0	0.3034620555949446	([283], [283, 282])
0	0.0	0.30355717239593005	([31], [31, 30])
0	0.0	0.30359051102428175	([615], [615, 613])
0	0.0	0.30371785017374947	([443], [443, 442])
0	0.0	0.30389729664772946	([422], [422, 421])
0	0.0	0.3040066751937326	([296], [296, 295])
0	0.0	0.3040313670049494	([607], [607, 606])
0	0.0	0.3040813198607153	([186], [186, 185])
0	0.0	0.3041236757559823	([668], [668, 667])
0	0.0	0.3042733537414489	([253], [253, 252])
0	0.0	0.30439516317903026	([686], [686, 685])
0	0.0	0.30441574696082824	([585], [585, 584])
0	0.0	0.3047987749368159	([119], [119, 118])
0	0.0	0.30493062298101625	([637], [637, 636])
0	0.0	0.30524997254520886	([204], [204, 203])
0	0.0	0.3053952593823187	([402], [402, 401])
0	0.0	0.3056143874770759	([636], [636, 635])
0	0.0	0.30569732096881774	([644], [644, 643])
0	0.0	0.3058107739853927	([441], [441, 440])
0	0.0	0.3058135115164183	([555], [555, 554])
0	0.0	0.3060098837923227	([456], [456, 455])
0	0.0	0.30603409092908834	([594], [594, 593])
0	0.0	0.3061187936448691	([370], [370, 369])
0	0.0	0.30632035811188973	([476], [476, 475])
0	0.0	0.3063995073186313	([362], [362, 361])
0	0.0	0.30661137294404356	([710], [710, 709])
0	0.0	0.3067575207258148	([588], [588, 587])
0	0.0	0.3067885998631715	([175], [175, 174])
0	0.0	0.30680539839450643	([249], [249, 248])
0	0.0	0.30698083200076365	([420], [420, 419])
0	0.0	0.3071129904925711	([655], [655, 654])
0	0.0	0.3071541913694706	([579], [579, 578])
0	0.0	0.3074826769253773	([376], [376, 375])
0	0.0	0.3074867218403263	([606], [606, 605])
0	0.0	0.3075655905087127	([429], [429, 427])
0	0.0	0.30759067575356996	([580], [580, 579])
0	0.0	0.3076567204508802	([262], [262, 260])
0	0.0	0.3076991199788767	([573], [573, 572])
0	0.0	0.3077840897864052	([346], [346, 345])
0	0.0	0.30792378386020597	([521], [521, 520])
0	0.0	0.3082201558287632	([681], [681, 680])
0	0.0	0.30833859303701566	([336], [336, 335])
0	0.0	0.308443526553816	([493], [493, 492])
0	0.0	0.3084758572914121	([172], [172, 171])
0	0.0	0.30857047078852595	([642], [642, 641])
0	0.0	0.308666949547889	([641], [641, 640])
0	0.0	0.3087297987027398	([425], [425, 424])
0	0.0	0.30874163422304146	([16], [16, 15])
0	0.0	0.3087759106305547	([570], [570, 569])
0	0.0	0.30877909063745657	([442], [442, 441])
0	0.0	0.30883699913831264	([556], [556, 555])
0	0.0	0.30911152380705953	([412], [412, 411])
0	0.0	0.3091428719427361	([170], [170, 169])
0	0.0	0.30923757316838196	([640], [640, 639])
0	0.0	0.3092994848122977	([643], [643, 642])
0	0.0	0.30950545107190314	([551], [551, 550])
0	0.0	0.30961175140487296	([568], [568, 567])
0	0.0	0.30961441099201265	([117], [117, 116])
0	0.0	0.3096394443491232	([178], [178, 177])
0	0.0	0.30970437972243936	([572], [572, 571])
0	0.0	0.3098919340577249	([160], [160, 159])
0	0.0	0.31003601927371344	([342], [342, 341])
0	0.0	0.31006531056735487	([674], [674, 673])
0	0.0	0.31016925421623026	([716], [716, 715])
0	0.0	0.310179455467275	([125], [125, 124])
0	0.0	0.3103571850023391	([547], [547, 546])
0	0.0	0.31077081320285577	([151], [151, 150])
0	0.0	0.3108808903776439	([578], [578, 577])
0	0.0	0.3109052083872275	([115], [115, 114])
0	0.0	0.31095956326483515	([596], [596, 595])
0	0.0	0.31101853801498247	([110], [110, 109])
0	0.0	0.3111647169656182	([513], [513, 512])
0	0.0	0.31129154247183416	([667], [667, 666])
0	0.0	0.3113230428738027	([401], [401, 400])
0	0.0	0.31136595262454253	([357], [358, 354])
0	0.0	0.3114555423451803	([562], [562, 561])
0	0.0	0.311511940553288	([474], [474, 473])
0	0.0	0.31193377500508485	([439], [439, 438])
0	0.0	0.31206698160951496	([400], [400, 398])
0	0.0	0.31217042673423484	([142], [142, 141])
0	0.0	0.3128021721004657	([648], [648, 647])
0	0.0	0.31282117683424776	([707], [707, 706])
0	0.0	0.313095578680604	([589], [589, 588])
0	0.0	0.3131286183425044	([508], [508, 507])
0	0.0	0.3132674461198332	([98], [98, 97])
0	0.0	0.31335799586584906	([299], [299, 298])
0	0.0	0.3135530282867822	([195], [195, 194])
0	0.0	0.31358213068549967	([466], [466, 465])
0	0.0	0.31367995853371805	([501], [501, 500])
0	0.0	0.31414726584587677	([130], [130, 129])
0	0.0	0.3141482013046331	([534], [534, 533])
0	0.0	0.31426125181275716	([617], [617, 616])
0	0.0	0.31447488500255444	([388], [388, 387])
0	0.0	0.31450038692148774	([688], [688, 687])
0	0.0	0.31472757543799257	([543], [543, 539])
0	0.0	0.3147374410068298	([259], [259, 258])
0	0.0	0.31477662520940414	([131], [131, 130])
0	0.0	0.31480871027968654	([566], [566, 565])
0	0.0	0.31485778839791617	([418], [418, 417])
0	0.0	0.3148800792618237	([675], [675, 674])
0	0.0	0.3149505294641263	([584], [584, 583])
0	0.0	0.3150580366308131	([317], [317, 316])
0	0.0	0.3151369381560159	([285], [285, 284])
0	0.0	0.31515550703619516	([703], [703, 702])
0	0.0	0.31555458913298307	([446], [446, 445])
0	0.0	0.31570333716178073	([293], [293, 292])
0	0.0	0.31610119045675134	([368], [368, 367])
0	0.0	0.31614557362686746	([366], [366, 365])
0	0.0	0.3166756107566447	([662], [662, 661])
0	0.0	0.31716728845151654	([477], [477, 476])
0	0.0	0.31722956023151166	([354], [354, 353])
0	0.0	0.3173844824686633	([189], [189, 188])
0	0.0	0.3181011269925261	([307], [307, 306])
0	0.0	0.31820500373958754	([91], [91, 90])
0	0.0	0.3182983876595029	([651], [651, 650])
0	0.0	0.3183966736373957	([504], [504, 503])
0	0.0	0.3188668132278177	([365], [365, 364])
0	0.0	0.3192436705177693	([576], [576, 575])
0	0.0	0.31962225094802377	([419], [419, 418])
0	0.0	0.32013513389938736	([375], [375, 374])
0	0.0	0.32024430387539576	([491], [491, 490])
0	0.0	0.3203622211814743	([574], [574, 573])
0	0.0	0.32044576644286826	([198], [198, 196])
0	0.0	0.3206197131271504	([503], [503, 502])
0	0.0	0.321285310734457	([203], [204, 201])
0	0.0	0.3215439127974822	([535], [535, 534])
0	0.0	0.3218422492875995	([271], [271, 270])
0	0.0	0.3219130991337966	([550], [550, 549])
0	0.0	0.32203599766605845	([385], [385, 384])
0	0.0	0.32229458891413515	([479], [479, 478])
0	0.0	0.32259207903007237	([515], [515, 514])
0	0.0	0.3226186920924287	([571], [571, 570])
0	0.0	0.32323199292378824	([467], [467, 466])
0	0.0	0.3234216061090482	([577], [577, 576])
0	0.0	0.3235162550668959	([361], [361, 360])
0	0.0	0.32358274689830513	([459], [459, 458])
0	0.0	0.32367105969196824	([161], [161, 160])
0	0.0	0.32370321151399156	([486], [486, 485])
0	0.0	0.32371190763521207	([679], [679, 678])
0	0.0	0.3239857279827976	([128], [130, 127])
0	0.0	0.32435839417754914	([138], [138, 137])
0	0.0	0.32447681473996554	([438], [438, 437])
0	0.0	0.32454750394784176	([94], [94, 93])
0	0.0	0.32460637047497043	([708], [708, 707])
0	0.0	0.3246950923269761	([93], [93, 91])
0	0.0	0.3247515199899893	([105], [105, 104])
0	0.0	0.32493346680236573	([563], [563, 562])
0	0.0	0.32509362908405787	([159], [159, 158])
0	0.0	0.3252975925242929	([624], [624, 623])
0	0.0	0.32537063371630554	([238], [238, 237])
0	0.0	0.3254374611964432	([544], [544, 543])
0	0.0	0.3257717532076578	([709], [709, 708])
0	0.0	0.32599956848208056	([121], [121, 120])
0	0.0	0.32614020691626716	([14], [14, 13])
0	0.0	0.32629363084331514	([684], [684, 683])
0	0.0	0.3263993419923794	([714], [714, 713])
0	0.0	0.326475260916903	([560], [560, 559])
0	0.0	0.32670925468001294	([252], [252, 251])
0	0.0	0.3268270065570293	([495], [495, 494])
0	0.0	0.3272135417138381	([437], [437, 434])
0	0.0	0.3272308111486567	([260], [260, 259])
0	0.0	0.32733347264472945	([413], [413, 412])
0	0.0	0.32737790004512296	([269], [269, 268])
0	0.0	0.327418193658097	([725], [725, 724])
0	0.0	0.32747444185917407	([67], [67, 66])
0	0.0	0.32758273017216266	([514], [514, 513])
0	0.0	0.3277996594088088	([243], [243, 241])
0	0.0	0.32807030788842606	([611], [611, 610])
0	0.0	0.3281116586680411	([687], [687, 686])
0	0.0	0.3282430638254917	([144], [144, 143])
0	0.0	0.3284660931111278	([542], [542, 541])
0	0.0	0.3286418427697294	([567], [567, 566])
0	0.0	0.32868914004733435	([619], [619, 618])
0	0.0	0.3289974869265319	([280], [280, 279])
0	0.0	0.3290283807714093	([602], [602, 601])
0	0.0	0.32933987319263	([340], [340, 339])
0	0.0	0.3295242228226748	([136], [136, 135])
0	0.0	0.3296300280019716	([449], [449, 448])
0	0.0	0.32973286233846305	([472], [472, 471])
0	0.0	0.32999335232930577	([176], [176, 175])
0	0.0	0.3300936701121666	([468], [468, 467])
0	0.0	0.33015783055227704	([702], [702, 701])
0	0.0	0.3302528682680091	([59], [59, 57])
0	0.0	0.3302833057317465	([518], [518, 517])
0	0.0	0.33030523451216776	([341], [341, 339])
0	0.0	0.33031510401310715	([455], [455, 454])
0	0.0	0.33035232248934776	([522], [522, 521])
1	0.31041120072301515	0.3303933517986081	([364, 361], [364, 363, 362])
0	0.0	0.3304967984571651	([700], [700, 699])
0	0.0	0.330559308496675	([239], [239, 238])
0	0.0	0.3305694565258472	([132], [132, 131])
0	0.0	0.3307217763436382	([318], [318, 317])
0	0.0	0.3309785297820018	([279], [279, 278])
0	0.0	0.3311448601700882	([10], [10, 9])
0	0.0	0.33129366997235893	([300], [300, 299])
0	0.0	0.3313414056142364	([213], [213, 212])
0	0.0	0.3313764530797692	([169], [169, 168])
0	0.0	0.33156287862011796	([557], [557, 556])
0	0.0	0.3320346604434897	([421], [421, 420])
0	0.0	0.33253114468475375	([82], [82, 81])
0	0.0	0.3326499282151865	([453], [453, 452])
0	0.0	0.3326767053024157	([248], [248, 247])
0	0.0	0.3331045747751395	([163], [163, 162])
0	0.0	0.33316947422162874	([483], [483, 482])
0	0.0	0.33318942117884204	([409], [409, 408])
0	0.0	0.3332777742139094	([154], [154, 153])
0	0.0	0.33352051362126184	([22], [22, 21])
0	0.0	0.3336101644430792	([417], [417, 416])
0	0.0	0.333611165705822	([57], [57, 56])
0	0.0	0.3338296944895016	([497], [497, 496])
0	0.0	0.33406961946562996	([51], [51, 49])
0	0.0	0.33431477687675465	([448], [448, 447])
0	0.0	0.33445115933959535	([660], [660, 659])
0	0.0	0.3345347725706786	([99], [99, 98])
0	0.0	0.3345597722917558	([158], [158, 157])
0	0.0	0.3346541063980421	([387], [387, 386])
0	0.0	0.334874211038176	([692], [692, 690])
0	0.0	0.33488700563322105	([659], [659, 654])
0	0.0	0.3350260432271007	([298], [299, 296])
0	0.0	0.3351182753035713	([109], [109, 108])
0	0.0	0.3360439113480295	([498], [498, 497])
0	0.0	0.33663823082738425	([201], [203, 202])
0	0.0	0.33686520871036824	([194], [198, 197])
0	0.0	0.3371142490328085	([251], [251, 250])
0	0.0	0.3374475098732587	([457], [457, 456])
0	0.0	0.3377669238263054	([661], [662, 660])
0	0.0	0.3379092807925959	([410], [410, 409])
0	0.0	0.33813767158279595	([627], [627, 625])
0	0.0	0.33819093459914024	([273], [273, 272])
0	0.0	0.3383818547057467	([510], [510, 509])
0	0.0	0.3386177180745272	([639], [639, 638])
1	0.3284040521127706	0.3389595263151546	([463, 460], [463, 462, 460])
0	0.0	0.33898872090375637	([391], [391, 390])
0	0.0	0.33953959678828777	([11], [11, 10])
0	0.0	0.33997927090131547	([308], [308, 307])
0	0.0	0.3401320377904558	([382], [382, 381])
0	0.0	0.3402025333153034	([150], [150, 149])
0	0.0	0.340204525992726	([384], [384, 383])
0	0.0	0.3404015941704573	([519], [522, 518])
0	0.0	0.34053671851932676	([623], [623, 622])
0	0.0	0.34060359079146263	([30], [30, 25])
0	0.0	0.3406171463148608	([197], [194, 193])
0	0.0	0.3406306826110365	([205], [205, 204])
0	0.0	0.3407405571516598	([343], [343, 342])
0	0.0	0.3415464071449287	([24], [24, 21])
0	0.0	0.34167614947314434	([701], [701, 700])
0	0.0	0.34172967640402463	([165], [165, 163])
0	0.0	0.3417955672723447	([20], [20, 18])
0	0.0	0.3423056300347422	([156], [165, 164])
0	0.0	0.3429815864361251	([654], [654, 653])
0	0.0	0.34302519909956386	([378], [378, 377])
0	0.0	0.34307009616808787	([166], [166, 165])
0	0.0	0.34309689594112514	([294], [298, 297])
0	0.0	0.34311193393131134	([56], [56, 54])
0	0.0	0.3431353804393622	([408], [408, 407])
0	0.0	0.34316528757944964	([604], [604, 602])
0	0.0	0.3438393125320493	([666], [666, 664])
0	0.0	0.343958216400257	([482], [482, 481])
0	0.0	0.34424135087285823	([531], [532, 529])
0	0.0	0.34456711006775453	([432], [432, 431])
0	0.0	0.34474200730809157	([664], [664, 663])
0	0.0	0.34496138336444976	([258], [258, 257])
0	0.0	0.3449615203848522	([622], [622, 619])
0	0.0	0.3452944108510219	([247], [247, 246])
0	0.0	0.34539423832339394	([148], [150, 146])
0	0.0	0.3455357608224571	([86], [86, 85])
0	0.0	0.3459740164045269	([331], [331, 330])
0	0.0	0.3467710190952808	([5], [5, 4])
0	0.0	0.3468016921510293	([626], [626, 625])
0	0.0	0.3468950901538817	([79], [79, 78])
0	0.0	0.3470001780215007	([78], [78, 76])
0	0.0	0.34714665265710437	([21], [21, 20])
0	0.0	0.34754354681182853	([460], [460, 459])
0	0.0	0.34780210189293925	([100], [100, 99])
0	0.0	0.34807689097531797	([582], [582, 581])
0	0.0	0.348084186537427	([250], [250, 249])
0	0.0	0.3481308259053851	([677], [677, 676])
0	0.0	0.3482988264462381	([81], [81, 80])
0	0.0	0.34836639469313185	([507], [507, 506])
0	0.0	0.3484279814817964	([554], [554, 553])
0	0.0	0.34880702645922024	([377], [377, 376])
0	0.0	0.3491681212803739	([306], [307, 305])
0	0.0	0.3499359021753598	([470], [471, 469])
0	0.0	0.3507851326834847	([605], [605, 604])
0	0.0	0.35116544997273874	([49], [51, 50])
0	0.0	0.35118720730008557	([140], [148, 147])
0	0.0	0.35124078065595044	([290], [290, 287])
0	0.0	0.351377121762974	([127], [127, 125])
0	0.0	0.35138576240937996	([212], [212, 211])
0	0.0	0.3515245807353826	([353], [353, 352])
0	0.0	0.35164868552286754	([403], [403, 402])
0	0.0	0.35184965186218103	([499], [499, 497])
0	0.0	0.3521326046894821	([337], [337, 336])
0	0.0	0.3521657556793146	([48], [48, 47])
0	0.0	0.3524142120659299	([291], [291, 290])
0	0.0	0.35278063841683815	([60], [60, 59])
0	0.0	0.3529939353861848	([465], [465, 464])
0	0.0	0.3532339025773713	([54], [54, 53])
0	0.0	0.353258607249508	([58], [58, 57])
0	0.0	0.3534225857930209	([265], [265, 264])
0	0.0	0.3535420940722396	([102], [102, 101])
0	0.0	0.3538602634438802	([281], [281, 280])
0	0.0	0.35392882295461786	([228], [228, 225])
0	0.0	0.3541427114693621	([533], [533, 532])
0	0.0	0.35440222712693725	([488], [488, 487])
0	0.0	0.35445680878937985	([383], [383, 382])
0	0.0	0.3548024009326264	([71], [71, 70])
0	0.0	0.3553540240469368	([112], [112, 111])
0	0.0	0.35581832777757744	([153], [153, 152])
0	0.0	0.3558865593548273	([309], [309, 308])
1	0.3462059135614114	0.3561382978726554	([148, 146], [150, 149, 146])
0	0.0	0.35620176556642363	([36], [36, 35])
0	0.0	0.3562955008156055	([241], [243, 242])
0	0.0	0.3564503988366223	([316], [316, 315])
0	0.0	0.3567924645553533	([372], [372, 371])
1	0.3500488509885435	0.35708600581616784	([701, 698], [701, 700, 698])
0	0.0	0.3572972494435874	([713], [713, 712])
0	0.0	0.3574055293149738	([506], [506, 505])
0	0.0	0.35751453422482793	([314], [314, 313])
0	0.0	0.35751981429594454	([405], [405, 404])
0	0.0	0.35767079555174935	([97], [98, 96])
0	0.0	0.3577909726421193	([398], [398, 397])
1	0.34557886395656423	0.3578087486914504	([160, 156], [160, 158, 157])
1	0.33419076090087874	0.35829411707349795	([543, 542], [543, 542, 539])
0	0.0	0.3584864432897082	([426], [426, 425])
0	0.0	0.3585719232282211	([264], [264, 263])
0	0.0	0.35904314645570723	([72], [72, 71])
0	0.0	0.3593630360242031	([266], [266, 265])
0	0.0	0.35960986330363376	([297], [294, 293])
0	0.0	0.35971478757878184	([524], [524, 523])
0	0.0	0.3597422440056495	([289], [289, 288])
0	0.0	0.35987758660941305	([392], [392, 391])
0	0.0	0.360155182925069	([481], [481, 480])
0	0.0	0.3601653452906483	([89], [89, 88])
0	0.0	0.3605471456160402	([12], [12, 11])
0	0.0	0.36055987692682173	([427], [427, 426])
0	0.0	0.36057179511363174	([85], [85, 84])
0	0.0	0.3606796042213506	([108], [108, 106])
0	0.0	0.36084797868043406	([649], [649, 648])
0	0.0	0.360864335259863	([608], [608, 606])
0	0.0	0.36117154077008823	([80], [80, 79])
0	0.0	0.36126505150461136	([450], [452, 449])
0	0.0	0.3612710984244237	([599], [599, 598])
0	0.0	0.36144251341646305	([84], [85, 83])
0	0.0	0.3618326080501368	([44], [44, 43])
1	0.35727875793412506	0.3623139089038359	([712, 707], [712, 710, 708])
0	0.0	0.3632788085948709	([75], [75, 74])
1	0.35618107306166885	0.36371187864602167	([385, 382], [385, 384, 383])
0	0.0	0.364177019704577	([356], [356, 355])
0	0.0	0.3642415554599924	([242], [241, 240])
0	0.0	0.3643077837157829	([267], [267, 265])
0	0.0	0.36457095831779535	([214], [214, 213])
0	0.0	0.36464139491038317	([88], [89, 87])
0	0.0	0.36464867435529397	([329], [329, 328])
0	0.0	0.3649062971190835	([42], [42, 41])
0	0.0	0.36529918530141947	([431], [431, 430])
0	0.0	0.3653159643015108	([592], [592, 590])
0	0.0	0.3655160629937902	([35], [35, 34])
0	0.0	0.36609048536910266	([587], [587, 586])
0	0.0	0.36625821543816756	([113], [127, 126])
0	0.0	0.36644437257667173	([330], [330, 329])
0	0.0	0.3666829362158892	([25], [25, 24])
0	0.0	0.3674768375365192	([52], [52, 51])
0	0.0	0.36794549116117087	([564], [564, 563])
1	0.3503434179232853	0.36797702381302716	([299, 294], [299, 296, 295])
0	0.0	0.3680883719717791	([50], [49, 48])
0	0.0	0.3681574086077522	([168], [168, 167])
0	0.0	0.3683508803427626	([101], [108, 107])
0	0.0	0.3690088714136512	([359], [359, 354])
0	0.0	0.3690366398923687	([348], [348, 347])
0	0.0	0.36944261306261034	([719], [719, 718])
0	0.0	0.3702103355060551	([697], [697, 696])
0	0.0	0.3708841611075043	([8], [8, 7])
0	0.0	0.3719033841714738	([613], [613, 612])
0	0.0	0.371927807841141	([3], [3, 1])
0	0.0	0.3719377402274282	([315], [315, 308])
0	0.0	0.3729391001796954	([263], [263, 262])
0	0.0	0.37322329924543385	([76], [78, 77])
0	0.0	0.37387759795109105	([464], [464, 463])
0	0.0	0.37412038846150203	([200], [200, 199])
0	0.0	0.3744239606382623	([9], [9, 8])
0	0.0	0.3747897924674947	([43], [43, 42])
0	0.0	0.3748030360437344	([350], [350, 349])
0	0.0	0.3748768215554877	([349], [350, 348])
0	0.0	0.37527011839431934	([1], [3, 2])
0	0.0	0.3756269523237125	([321], [321, 320])
0	0.0	0.37832941209195753	([139], [139, 138])
0	0.0	0.3787315761628844	([167], [167, 166])
1	0.37267159335031724	0.3789136071410885	([519, 518], [522, 521, 518])
0	0.0	0.3792313320141383	([77], [76, 75])
0	0.0	0.3796212680105347	([53], [54, 52])
0	0.0	0.37973098118489496	([64], [64, 63])
0	0.0	0.37994626909348433	([625], [625, 622])
1	0.3688273967779806	0.38004042312233355	([257, 252], [257, 256, 253])
0	0.0	0.3809882836240662	([192], [193, 190])
0	0.0	0.38158017353621115	([690], [692, 691])
0	0.0	0.38166206735006786	([29], [29, 28])
0	0.0	0.3818998296089478	([529], [531, 530])
0	0.0	0.3824914612226132	([202], [201, 200])
0	0.0	0.3826827837737722	([147], [140, 139])
0	0.0	0.3827409383274912	([18], [30, 28])
0	0.0	0.38326533795172657	([559], [604, 603])
0	0.0	0.38354863909045406	([23], [23, 22])
0	0.0	0.3843033600492827	([184], [184, 183])
0	0.0	0.38487431569762554	([603], [559, 557])
0	0.0	0.3849602733027309	([164], [156, 155])
1	0.37879189653260514	0.38559812149361394	([391, 387], [391, 390, 389])
0	0.0	0.3857955902909916	([237], [237, 236])
0	0.0	0.38632951652582465	([302], [302, 301])
0	0.0	0.38661087545324396	([69], [71, 68])
0	0.0	0.3877205664327452	([333], [333, 332])
0	0.0	0.38784155560648614	([691], [690, 689])
0	0.0	0.3882667010625707	([695], [695, 694])
0	0.0	0.38862342101671754	([181], [181, 179])
0	0.0	0.38872471482765	([286], [286, 285])
0	0.0	0.39131758736729766	([240], [240, 239])
0	0.0	0.3919622651103141	([234], [234, 231])
0	0.0	0.3921832546669229	([511], [511, 510])
1	0.3676889014914619	0.3928964875789171	([487, 481], [487, 486, 481])
0	0.0	0.39312044207845415	([32], [32, 31])
0	0.0	0.3944926832315014	([245], [245, 244])
0	0.0	0.3946832999773327	([34], [34, 33])
0	0.0	0.39480184637642235	([292], [292, 287])
0	0.0	0.39532039506298533	([235], [235, 234])
0	0.0	0.395924370155816	([47], [48, 46])
0	0.0	0.3967134547191549	([328], [328, 327])
0	0.0	0.3969320924366909	([430], [430, 429])
0	0.0	0.39760287147268353	([74], [74, 73])
0	0.0	0.3979779461452704	([696], [697, 695])
1	0.3861394180773709	0.39797850640996796	([683, 677], [683, 680, 677])
0	0.0	0.39812260093144375	([718], [718, 717])
0	0.0	0.3982643427166252	([126], [113, 112])
1	0.3822440048975667	0.39907354595489264	([315, 314], [315, 314, 308])
0	0.0	0.39990359337495907	([436], [436, 435])
0	0.0	0.40069252842015385	([68], [68, 67])
0	0.0	0.4013125829361504	([689], [689, 688])
0	0.0	0.40147573531525865	([558], [558, 557])
0	0.0	0.4014818719851328	([591], [591, 590])
0	0.0	0.40276466092845536	([28], [18, 16])
0	0.0	0.40370410948935653	([332], [332, 330])
0	0.0	0.40387327019228453	([530], [529, 528])
0	0.0	0.40734252192351933	([423], [423, 422])
1	0.39361269513579095	0.4078162387765999	([612, 604], [612, 606, 605])
0	0.0	0.40807092372068504	([107], [101, 100])
0	0.0	0.41020642366942833	([339], [339, 337])
0	0.0	0.41022391428578636	([45], [45, 44])
0	0.0	0.41155403600995116	([65], [65, 64])
0	0.0	0.4119568460807059	([434], [434, 433])
0	0.0	0.4128020988203824	([46], [46, 45])
0	0.0	0.4132780614131439	([338], [338, 337])
0	0.0	0.41427791810311365	([61], [61, 37])
0	0.0	0.4164941870704338	([229], [229, 222])
0	0.0	0.4192981632885143	([539], [539, 538])
0	0.0	0.41996278731231146	([287], [287, 286])
0	0.0	0.422379577344795	([231], [234, 233])
0	0.0	0.42361279414006014	([323], [323, 322])
0	0.0	0.42584207861485823	([351], [351, 350])
0	0.0	0.42771238988421234	([236], [236, 234])
0	0.0	0.4277348125950846	([433], [433, 432])
1	0.4121212422825239	0.4311100700994896	([698, 694], [698, 696, 695])
0	0.0	0.43132978006302025	([62], [62, 61])
0	0.0	0.4315247256176207	([224], [224, 215])
0	0.0	0.4316876856568581	([17], [17, 16])
0	0.0	0.43258177128545766	([322], [322, 316])
0	0.0	0.43425879157403435	([215], [224, 216])
1	0.4165361494087426	0.4345408961304965	([269, 263], [269, 266, 264])
0	0.0	0.43503819732081517	([19], [19, 0])
0	0.0	0.4372714435126596	([191], [191, 190])
0	0.0	0.4374501601606696	([2], [17, 0])
1	0.3768701996813522	0.4386711039134181	([673, 667], [673, 671, 668])
0	0.0	0.43959685926686065	([221], [221, 217])
0	0.0	0.4408241204446928	([39], [39, 37])
0	0.0	0.44299036081152326	([634], [634, 633])
0	0.0	0.44567960481345964	([222], [222, 215])
0	0.0	0.4458513064366502	([216], [222, 218])
0	0.0	0.4465425583221052	([230], [230, 222])
0	0.0	0.4468050766177432	([219], [219, 218])
0	0.0	0.44711151802800164	([217], [221, 180])
0	0.0	0.4484750351295227	([232], [232, 223])
0	0.0	0.44860542047431085	([223], [232, 231])
1	0.4167332940646306	0.450217806527879	([648, 634], [648, 643, 638])
0	0.0	0.45264591048799135	([220], [220, 217])
0	0.0	0.4565935684469234	([233], [232, 222])
0	0.0	0.4583352684950894	([218], [230, 227])
0	0.0	0.46155055769520903	([180], [220, 191])
0	0.0	0.47055628967166013	([227], [230, 226])
0	0.0	0.4752551160400517	([226], [215, 214])
0	0.0	0.4781080153173228	([63], [351, 40])
0	0.0	0.4906680866504742	([40], [63, 62])
0	0.0	0.5016329349910518	([41], [45, 40])
1	0.4582968570701187	0.5069131837061833	([231, 230], [232, 231, 230])
1	0.47205417563727275	0.5135498134397637	([219, 216], [222, 218, 215])
0	0.0	0.5143550700131843	([37], [40, 29])
1	0.46796513652316185	0.5153083783487785	([233, 227], [233, 231, 230])
0	0.0	0.5179814984200143	([38], [38, 19])
1	0.5276586682815717	0.5332911337179829	([292, 283], [292, 287, 283])
1	0.5202825020828928	0.539513640563559	([236, 223], [236, 232, 231])
1	0.45948473281423224	0.5400629391563103	([229, 223], [232, 229, 223])
1	0.5417999026053855	0.5545500270397768	([38, 23], [38, 23, 19])
1	0.533229531287361	0.5571556277407053	([167, 153], [167, 161, 156])
0	0.0	0.5628633980455613	([225], [225, 219])
1	0.5494526751607227	0.5631215926384062	([60, 42], [62, 60, 42])
1	0.5439215247035101	0.5694264419578203	([60, 51], [60, 56, 51])
1	0.5276819897863883	0.5725737966875527	([84, 40], [84, 76, 75])
1	0.5607204667899521	0.5759552583289643	([245, 235], [245, 240, 238])
1	0.4465041498101144	0.5770220209635717	([19, 18], [19, 17, 15])
1	0.5680053660961834	0.577255034565574	([68, 38], [77, 69, 68])
1	0.5735443109773344	0.5840411417692551	([209, 194], [209, 205, 201])
1	0.5593075520694908	0.5861985820935481	([692, 669], [692, 690, 669])
1	0.5849840574836566	0.588192857520354	([86, 66], [86, 83, 67])
1	0.5770873615943501	0.5912869053637261	([328, 61], [337, 329, 328])
1	0.579426472386186	0.6011083184741542	([39, 29], [39, 34, 29])
1	0.5456772219805203	0.6046453629421653	([64, 61], [64, 63, 62])
1	0.6002640907384202	0.6114188434769102	([258, 236], [247, 245, 236])
1	0.588842721177162	0.612791000229297	([147, 138], [147, 143, 138])
1	0.5491348969481689	0.6164014300079841	([62, 60], [60, 51, 42])
1	0.6134911892005285	0.6206185198965909	([87, 64], [87, 86, 62])
1	0.558668356150613	0.6209467506791835	([714, 697], [713, 712, 699])
1	0.5495005890917514	0.6214441482001953	([61, 58], [62, 61, 56])
1	0.5326235288712013	0.6232246149833613	([64, 40], [84, 64, 63])
1	0.553844384805303	0.6255558771578511	([107, 38], [107, 100, 95])
1	0.565615498297431	0.6268681535330123	([60, 33], [62, 60, 34])
1	0.5922231455411867	0.6330558085582821	([147, 39], [147, 139, 138])
1	0.6145114654936288	0.6331697906557323	([187, 152], [187, 177, 167])
1	0.6318029533129206	0.6345094773012676	([694, 668], [694, 690, 668])
1	0.566209610461407	0.6346130633537185	([139, 39], [139, 130, 126])
1	0.6027575427667721	0.6348357714600553	([231, 216], [235, 231, 216])
1	0.6321568349483114	0.6396248856784111	([234, 219], [231, 229, 219])
1	0.5025478892297934	0.6404528327260771	([235, 224], [235, 230, 229])
1	0.6360525204273917	0.6406801457278479	([58, 36], [59, 58, 36])
1	0.6155108132471162	0.6408474961008602	([52, 33], [52, 49, 36])
1	0.5776428888723888	0.6408753869023738	([51, 36], [58, 53, 36])
1	0.5196952066252816	0.6409818487238235	([62, 41], [64, 62, 43])
1	0.543211473200901	0.6426798033273978	([88, 38], [88, 77, 63])
1	0.540462765849326	0.6427522620760509	([50, 40], [50, 45, 44])
1	0.6363463661128462	0.6437997277758523	([410, 397], [410, 409, 397])
1	0.46120893839972793	0.6503838462089141	([229, 224], [232, 222, 218])
1	0.6148707892249645	0.6506178564974834	([57, 35], [55, 53, 35])
1	0.6348823141124271	0.6507842313405389	([62, 20], [62, 37, 20])
1	0.6510084883467153	0.6510740231940695	([192, 148], [192, 167, 148])
1	0.6371098505755497	0.651739468382442	([280, 36], [291, 280, 276])
1	0.6487001318362455	0.6522853332584113	([49, 20], [49, 36, 32])
1	0.6306750291757702	0.6527718705291575	([62, 4], [62, 20, 10])
1	0.6186208638863638	0.6534395640379957	([264, 228], [264, 256, 235])
1	0.6111502233177186	0.6541278730023228	([36, 1], [35, 12, 1])
1	0.6414792456548146	0.6550073231866742	([80, 60], [85, 80, 60])
1	0.6422289500968722	0.6551664975562579	([149, 60], [149, 140, 139])
1	0.6371463047313036	0.657968506672942	([116, 95], [116, 105, 95])
1	0.6467705868583897	0.658561125325616	([138, 115], [138, 126, 124])
1	0.6524771642377375	0.6589232063392693	([50, 26], [50, 36, 35])
1	0.6442472971969039	0.659456491601992	([499, 480], [499, 490, 480])
1	0.6155925778377843	0.6616541760765391	([340, 39], [340, 330, 324])
1	0.6044026201842994	0.6617511044351764	([297, 61], [297, 291, 286])
1	0.6481394403106003	0.6638631096487927	([704, 665], [702, 693, 674])
1	0.6643114630759362	0.6644144097375285	([302, 270], [302, 290, 279])
1	0.6576535807320734	0.6684896540101661	([417, 395], [424, 417, 395])
1	0.6016524501266013	0.6697259013154554	([506, 39], [506, 498, 490])
1	0.5803469004084715	0.6704079293486097	([65, 36], [63, 45, 39])
1	0.5500209411405483	0.6704079293486097	([45, 39], [63, 45, 41])
1	0.6673358324249813	0.6704633242486788	([114, 60], [131, 114, 111])
1	0.6604534926726585	0.670810719577655	([195, 174], [195, 190, 167])
1	0.6707942144065127	0.6713606952884987	([400, 367], [400, 384, 376])
1	0.6627483025510525	0.6723486981165135	([91, 42], [91, 86, 42])
1	0.6573875764486238	0.673161244526278	([131, 60], [139, 131, 122])
1	0.6515939983438704	0.6732368624505536	([120, 97], [120, 109, 102])
1	0.6579007464945584	0.6737777379503981	([399, 369], [399, 383, 376])
1	0.6726355658466472	0.6738661665882884	([666, 626], [666, 651, 650])
1	0.6637423426450486	0.6738765531068006	([706, 666], [706, 700, 698])
1	0.6691659355851174	0.6739947444013351	([335, 308], [335, 330, 308])
1	0.6581822211832273	0.6754206433017816	([192, 36], [192, 153, 148])
1	0.5274249455372013	0.6755466009303056	([332, 223], [351, 333, 332])
1	0.5324484066591716	0.6767535293931771	([696, 222], [696, 690, 689])
1	0.6576441994796971	0.6767671358391131	([238, 212], [239, 238, 214])
1	0.626767086397766	0.6770866498632818	([167, 60], [157, 152, 149])
1	0.45833549523979944	0.6771723989765224	([227, 218], [233, 227, 218])
1	0.6732668385307626	0.6781163899248376	([514, 474], [514, 491, 474])
1	0.6630158784335394	0.6786840193014053	([189, 143], [190, 189, 150])
1	0.6714109036565695	0.6803102886946285	([630, 612], [630, 621, 612])
1	0.6801260214179937	0.68045071524391	([650, 599], [650, 623, 599])
1	0.5464080973801834	0.6805205803794055	([100, 38], [100, 89, 88])
1	0.6747305631107692	0.6805886559684474	([483, 461], [483, 473, 470])
1	0.5289786014877658	0.6814482968805705	([41, 38], [77, 63, 46])
1	0.6742779182178247	0.6819742155317914	([137, 96], [137, 121, 109])
1	0.6314255161626044	0.6822559976963943	([107, 36], [91, 86, 36])
1	0.6750472498675597	0.682274504793808	([516, 489], [516, 512, 489])
1	0.6755862737730705	0.6829041093182222	([449, 399], [449, 432, 399])
1	0.6370434359593617	0.6835051016344392	([141, 116], [141, 139, 116])
1	0.6672319650331445	0.6841064695477691	([709, 36], [715, 709, 36])
1	0.652195722825939	0.6842066250566935	([153, 36], [204, 192, 189])
1	0.6773429281989469	0.6858362943477527	([259, 36], [247, 234, 233])
1	0.6580587001361458	0.6860573570407151	([332, 292], [332, 315, 292])
1	0.6789281450631979	0.6871330698180758	([308, 275], [308, 291, 288])
1	0.6721448024564273	0.687479490084487	([240, 213], [240, 238, 214])
1	0.6776491278590455	0.6875044581111218	([674, 60], [674, 662, 661])
1	0.6809380488429233	0.6882173133507921	([376, 36], [376, 367, 36])
1	0.6853172086406057	0.6888490159251306	([120, 87], [120, 101, 87])
1	0.6836538034593996	0.68900773275621	([192, 138], [192, 148, 142])
1	0.6053304746527184	0.6890671583124763	([725, 62], [725, 62, 1])
1	0.6832444457079077	0.6893899199156692	([335, 36], [351, 335, 332])
1	0.6874087807505013	0.689706884917935	([101, 52], [101, 86, 60])
1	0.6608201708491332	0.689706884917935	([98, 60], [101, 98, 60])
1	0.5961956521997082	0.689706884917935	([139, 60], [116, 101, 60])
1	0.6644691674869541	0.6904752275687049	([459, 36], [498, 483, 476])
1	0.6795879273669148	0.6909508182052864	([407, 371], [407, 397, 392])
1	0.6803058539301667	0.6913994450291437	([214, 9], [214, 60, 9])
1	0.680092148628908	0.6914442222964854	([368, 60], [368, 351, 350])
1	0.6654981441832755	0.6916468168723716	([149, 103], [149, 134, 103])
1	0.6923171979931984	0.6927824894303266	([74, 27], [74, 69, 27])
1	0.673876647364837	0.6930869300920237	([281, 37], [299, 282, 281])
1	0.6614717651626738	0.6939112869115531	([514, 36], [514, 498, 490])
1	0.6395977215526502	0.6956767557786958	([219, 36], [215, 62, 1])
1	0.6271395483261627	0.69574759846669	([239, 214], [239, 231, 215])
1	0.674241505305234	0.696175164943125	([94, 41], [94, 84, 63])
1	0.6738418814184776	0.6965458355735904	([320, 282], [320, 306, 282])
1	0.6683531641498607	0.6969919319243651	([214, 155], [214, 155, 62])
1	0.6818224660649104	0.6972199754251623	([577, 36], [605, 589, 585])
1	0.569476129591689	0.6974437016202898	([112, 39], [126, 112, 109])
1	0.6628412573067286	0.69752621067369	([702, 36], [688, 667, 664])
1	0.6772175793905473	0.6978800636942173	([55, 4], [55, 52, 4])
1	0.6845405106939537	0.6979503225771136	([461, 430], [461, 453, 430])
1	0.6906587448085187	0.6985311746113676	([580, 533], [580, 559, 533])
1	0.6365642918211735	0.698667139818442	([143, 112], [143, 116, 112])
1	0.6810706432601256	0.6990534467487375	([371, 330], [371, 351, 347])
1	0.668432680789018	0.6991650312860579	([190, 115], [190, 151, 137])
1	0.6969807123730757	0.6994911381970106	([188, 116], [203, 188, 185])
1	0.6818624183096973	0.6995839939286841	([325, 286], [325, 307, 286])
1	0.6962283378301743	0.6997617309992037	([195, 1], [215, 212, 1])
1	0.694026907931673	0.7001194604072686	([255, 60], [255, 241, 237])
1	0.558829475781022	0.7001264921601502	([37, 34], [50, 40, 28])
1	0.6862754372303596	0.7012133236135004	([651, 613], [651, 630, 621])
1	0.6603672339698499	0.7016393205264684	([639, 36], [660, 639, 624])
1	0.6328859216823568	0.7016673755968794	([147, 62], [214, 187, 153])
1	0.6930132889471209	0.7017596043904942	([450, 396], [450, 435, 396])
1	0.6651599239760237	0.7018940491103759	([208, 59], [212, 197, 60])
1	0.6718993002142367	0.7020837441232807	([212, 46], [212, 59, 57])
1	0.6909076048819935	0.702100841351134	([458, 422], [458, 435, 432])
1	0.679551712650031	0.7034109445483935	([351, 36], [335, 308, 292])
1	0.7007433863581083	0.7034275963907045	([400, 345], [400, 367, 345])
1	0.694642100773982	0.7034393716562368	([116, 1], [116, 109, 1])
1	0.6754955301454022	0.7038199640793903	([108, 6], [108, 96, 1])
1	0.6868755831937372	0.7045430829404965	([210, 150], [210, 187, 150])
1	0.6996863392382183	0.7046889222341777	([641, 611], [654, 641, 635])
1	0.687112782014579	0.705392371252321	([182, 120], [190, 182, 120])
1	0.6953270615260688	0.705392371252321	([204, 120], [204, 190, 120])
1	0.6887819243007778	0.7054696432485157	([216, 196], [216, 213, 203])
1	0.6665362841952589	0.7058432450627118	([96, 57], [96, 57, 14])
1	0.6922849381485825	0.7059028981141946	([521, 487], [521, 514, 487])
1	0.6546758550646775	0.70626038769246	([203, 116], [203, 197, 60])
1	0.6134490664685448	0.7064138124296069	([214, 60], [140, 124, 60])
1	0.6852377078078189	0.7064138124296069	([212, 140], [212, 140, 60])
1	0.7043720421376646	0.7064386741180241	([186, 111], [190, 186, 111])
1	0.6841459429405412	0.7066284267740219	([209, 144], [209, 190, 144])
1	0.6823544303155451	0.7067834704166321	([505, 468], [505, 489, 468])
1	0.6513750652867427	0.7071003409546567	([201, 36], [215, 208, 201])
1	0.6979578263110879	0.707446076983161	([639, 60], [661, 652, 60])
1	0.6652984580865597	0.7075442578404998	([127, 62], [155, 137, 127])
1	0.6853464139263555	0.7080488612959867	([141, 92], [141, 127, 97])
1	0.7044256287939947	0.70859025725707	([304, 214], [304, 284, 271])
1	0.681273640581946	0.7092033438353639	([189, 117], [148, 132, 128])
1	0.7035704029109452	0.7092723584431029	([112, 57], [212, 210, 57])
1	0.6920322361752895	0.7096690830434682	([216, 163], [216, 196, 163])
1	0.7062289283271275	0.7099035954448528	([194, 97], [210, 194, 63])
1	0.7016377706429184	0.7100376537133228	([193, 140], [193, 189, 143])
1	0.5667876673200823	0.7100430117108734	([38, 8], [38, 28, 8])
1	0.709285907110283	0.7101378889904056	([665, 615], [665, 651, 649])
1	0.6831299354197674	0.7101618473535254	([376, 334], [376, 352, 334])
1	0.699401661262989	0.7101903067223946	([210, 112], [116, 112, 57])
1	0.6993031171873151	0.7106459120832795	([487, 60], [503, 497, 60])
1	0.6745472423566378	0.7112441378409547	([179, 62], [189, 137, 62])
1	0.703557518479558	0.7115125788909082	([138, 93], [144, 138, 93])
1	0.494265076404059	0.7115219700186979	([63, 39], [52, 39, 34])
1	0.5964887572092876	0.7116157817592458	([202, 61], [202, 152, 60])
1	0.6880167178380211	0.7121182183401493	([102, 55], [102, 93, 55])
1	0.7025948583177138	0.712333419425449	([709, 60], [709, 692, 674])
1	0.7099862613745235	0.7124468933654928	([358, 315], [358, 341, 339])
1	0.6953048809550797	0.7136962173708088	([210, 63], [210, 63, 60])
1	0.7054553899768625	0.7136962173708088	([469, 210], [469, 210, 60])
1	0.6955985510985365	0.7138059943675468	([654, 611], [654, 647, 615])
1	0.6871060974985349	0.7139578059818923	([166, 113], [166, 154, 130])
1	0.6964959400274555	0.7144925161642045	([508, 470], [508, 502, 470])
1	0.7093287789418055	0.7145256719370668	([699, 652], [699, 669, 667])
1	0.6400005169946351	0.7150296887857521	([242, 62], [242, 237, 214])
1	0.6827320491597304	0.7150603809884699	([588, 525], [588, 555, 525])
1	0.7100133411840344	0.7150917652807677	([211, 42], [213, 211, 42])
1	0.714605792331374	0.7152697488862584	([136, 49], [136, 126, 49])
1	0.71496415934021	0.715524296501842	([152, 45], [152, 60, 45])
1	0.7136808613471914	0.7159037480981405	([370, 303], [370, 336, 335])
1	0.6868510151021411	0.7160830256447626	([111, 58], [111, 96, 45])
1	0.6961829730995177	0.7166747490395008	([428, 326], [397, 349, 326])
1	0.7153733151528564	0.716685244740982	([612, 60], [632, 621, 60])
1	0.7024225431408315	0.7169926555015118	([162, 123], [162, 150, 147])
1	0.7121409049120857	0.7174410197773214	([639, 590], [639, 628, 590])
1	0.7123892008548884	0.717442395085707	([141, 58], [141, 140, 58])
1	0.683336127662307	0.717442395085707	([194, 58], [193, 140, 58])
1	0.699446161279066	0.7174517874672597	([190, 59], [211, 190, 9])
1	0.6883625162280614	0.7174609247617967	([189, 99], [189, 166, 99])
1	0.7041371587766397	0.7177640921854421	([137, 53], [137, 62, 44])
1	0.6857339452427924	0.7182083998492504	([142, 63], [189, 142, 63])
1	0.6798837011315463	0.718328613026241	([619, 586], [619, 614, 586])
1	0.7175986427354699	0.7184467764900327	([213, 3], [213, 211, 9])
1	0.707759063140959	0.7185015288055585	([182, 47], [182, 152, 60])
1	0.7074857238917281	0.7187330682424216	([206, 45], [206, 152, 151])
1	0.7088148617847956	0.7189774761054489	([461, 413], [461, 430, 413])
1	0.691643498132381	0.7190550242167251	([166, 44], [214, 166, 153])
1	0.7167544463535315	0.7191226647175182	([302, 60], [302, 270, 60])
1	0.7049247152738152	0.7191578842000488	([146, 89], [146, 127, 120])
1	0.6277754600357325	0.7191826413758319	([126, 36], [126, 52, 39])
1	0.5750990315288195	0.7192701851016522	([166, 39], [166, 147, 140])
1	0.6945068172139345	0.7195334269710572	([213, 86], [213, 42, 22])
1	0.7192491856527229	0.7195851516583575	([636, 600], [636, 622, 615])
1	0.6893530868166653	0.7199529350916624	([646, 598], [647, 615, 602])
1	0.7084338571305133	0.720059451429657	([725, 139], [725, 139, 117])
1	0.7074103166501394	0.7200761663716012	([240, 56], [240, 212, 60])
1	0.6560988498756526	0.7200761663716012	([241, 60], [241, 240, 60])
1	0.6554227147666837	0.7202628811698131	([498, 36], [498, 63, 39])
1	0.7167215522100983	0.7204042392387707	([85, 31], [76, 73, 26])
1	0.7121251895988517	0.7204240408347801	([219, 6], [219, 50, 6])
1	0.6981109901520359	0.7206401461374227	([189, 2], [189, 62, 2])
1	0.714762160719603	0.7207192019530895	([115, 46], [212, 115, 114])
1	0.7163630767117357	0.7207914675070365	([615, 509], [624, 615, 509])
1	0.6859755313419327	0.7208127145811704	([643, 606], [641, 637, 606])
1	0.7162374333091085	0.720841175633596	([211, 116], [211, 190, 120])
1	0.7192314477846032	0.7208629908543371	([136, 2], [136, 62, 49])
1	0.5636460683507739	0.7208629908543371	([126, 39], [136, 87, 62])
1	0.6976187278555408	0.7211488897331741	([627, 505], [623, 617, 501])
1	0.7197654486494778	0.721812415889247	([206, 124], [206, 148, 120])
1	0.7136277115824328	0.7219300219762051	([560, 520], [560, 546, 520])
1	0.7181533782559553	0.7222041693961118	([98, 20], [110, 98, 11])
1	0.6764578865121837	0.7225296025887858	([193, 110], [203, 193, 110])
1	0.7210285522773053	0.7227772064880854	([472, 418], [472, 449, 430])
1	0.5183630726207099	0.722817352902115	([286, 227], [286, 263, 233])
1	0.6997905778633308	0.7229569327187831	([627, 475], [627, 505, 475])
1	0.709531945018601	0.7231411009164913	([154, 42], [154, 147, 42])
1	0.7214235980448562	0.7236983146773907	([706, 615], [706, 628, 613])
1	0.7145862206285436	0.7239555090427666	([185, 123], [185, 149, 139])
1	0.7238494513054572	0.7243298381819502	([703, 627], [706, 703, 627])
1	0.7009226988413984	0.7243355165807858	([399, 328], [399, 365, 351])
1	0.7167260530991002	0.724471387916648	([128, 59], [128, 62, 43])
1	0.7201782383560562	0.7247596901529927	([706, 628], [704, 703, 627])
1	0.7154978476206391	0.7248006010386079	([478, 428], [478, 452, 427])
1	0.7136130647090988	0.7249577455092261	([594, 521], [594, 561, 521])
1	0.7248945307270207	0.7249800250401734	([427, 371], [427, 405, 371])
1	0.7155072966223037	0.7250865096110433	([389, 324], [389, 353, 342])
1	0.5289164320850669	0.725205877409806	([40, 2], [45, 40, 2])
1	0.7090918319820684	0.7253137195109698	([473, 369], [473, 466, 399])
1	0.6805671375697726	0.7253167235521726	([418, 36], [418, 406, 395])
1	0.7234311666423221	0.7253171313574087	([597, 542], [597, 560, 553])
1	0.719184653010864	0.7255134205202751	([454, 400], [454, 430, 407])
1	0.6468133911418975	0.7255254175682031	([605, 36], [577, 536, 521])
1	0.6324258000861694	0.7256126947887497	([291, 36], [455, 418, 408])
1	0.7196329810493005	0.7256428775794923	([391, 312], [391, 340, 312])
1	0.718348777889869	0.7258828507117135	([643, 594], [643, 606, 605])
1	0.682516162830828	0.7260206340647413	([130, 91], [130, 119, 91])
1	0.6721365382791741	0.726189997735957	([704, 626], [706, 662, 628])
1	0.7194026510630327	0.7263028078232725	([654, 517], [654, 651, 517])
1	0.7144567687645416	0.7263512120929618	([462, 409], [462, 449, 433])
1	0.6435415278044045	0.7263632360126933	([213, 37], [213, 42, 41])
1	0.7214725185987162	0.726672891926866	([660, 484], [660, 657, 484])
1	0.7143453156776464	0.7268147890438788	([651, 516], [651, 613, 607])
1	0.7119314749973288	0.7268147890438788	([724, 640], [724, 651, 607])
1	0.7242284053904056	0.7274024670842002	([662, 519], [662, 606, 590])
1	0.7246888985659262	0.727419533463075	([231, 60], [238, 231, 60])
1	0.725128627249772	0.7274882200878887	([329, 237], [329, 285, 275])
1	0.5958647536552981	0.7277726690728181	([498, 39], [284, 261, 259])
1	0.721427511155455	0.7283166739191858	([204, 56], [204, 120, 109])
1	0.69873609998378	0.7287189869085509	([119, 63], [120, 119, 63])
1	0.7201583623057968	0.7287264692537119	([132, 66], [132, 129, 66])
1	0.699499982040775	0.7287491732194171	([406, 62], [406, 351, 60])
1	0.7210395032778402	0.7289362638606549	([638, 597], [634, 633, 602])
1	0.7019146316167455	0.7290508325049254	([159, 47], [159, 47, 35])
1	0.6959467244305629	0.7292614914093746	([110, 11], [110, 96, 1])
1	0.6963265858782707	0.7292614914093746	([725, 110], [725, 110, 1])
1	0.7041154578330697	0.7293779266976173	([618, 489], [618, 617, 489])
1	0.7263564175978221	0.7294109400083864	([87, 12], [87, 43, 41])
1	0.7154801256001598	0.7294242399046583	([134, 57], [134, 109, 56])
1	0.6965856287700142	0.7299920716958747	([724, 607], [725, 724, 617])
1	0.7153640481071531	0.7300867309223731	([479, 403], [475, 463, 404])
1	0.7029916655758619	0.7300867309223731	([463, 404], [475, 474, 404])
1	0.7285241497974533	0.730260347943542	([320, 251], [320, 281, 251])
1	0.7252994630112115	0.7303752196206014	([635, 596], [635, 622, 611])
1	0.7288596695003048	0.7306955241206706	([97, 3], [194, 97, 16])
1	0.7248474151632264	0.7307379910104816	([348, 237], [348, 330, 237])
1	0.7293829461922392	0.7307787809975136	([616, 136], [622, 616, 62])
1	0.7220174295885166	0.7308854116550204	([385, 311], [385, 359, 343])
1	0.7150286595343023	0.7308899336144549	([542, 498], [542, 516, 498])
1	0.725076759206348	0.7309082315137354	([201, 125], [201, 186, 119])
1	0.7218071673355495	0.7309152769902749	([510, 371], [516, 510, 405])
1	0.7232879909890345	0.7310038471767137	([208, 92], [208, 194, 92])
1	0.7198089857630792	0.7311495202937708	([488, 401], [488, 472, 401])
1	0.7194368194468779	0.7314255529404292	([203, 14], [203, 110, 96])
1	0.7154677515880628	0.731526874405265	([307, 248], [307, 283, 270])
1	0.7096404826152531	0.7315308127200596	([667, 621], [667, 652, 649])
1	0.7272776549808153	0.7315588302356614	([237, 63], [237, 212, 63])
1	0.6873054047116121	0.7316772295821917	([571, 60], [612, 594, 60])
1	0.7301640765824335	0.7317073843342285	([218, 31], [218, 215, 31])
1	0.7207660065797439	0.7317783723959019	([598, 515], [599, 598, 515])
1	0.690500240092272	0.7319078823275169	([533, 62], [512, 508, 62])
1	0.676855530890291	0.7319304616914226	([725, 626], [725, 704, 701])
1	0.7156271433671239	0.7319796574169553	([358, 280], [358, 315, 280])
1	0.6964533635196416	0.7321884609853945	([599, 519], [598, 577, 521])
1	0.6614147463146461	0.7322426661920597	([503, 60], [432, 404, 60])
1	0.7026878323097495	0.7322865872470893	([474, 404], [475, 470, 403])
1	0.6265618531219862	0.7323006584676768	([351, 60], [349, 328, 60])
1	0.7034896465518555	0.7324638604318822	([335, 239], [335, 304, 292])
1	0.7215783505085157	0.7325524481711904	([480, 407], [486, 467, 408])
1	0.6908180074328512	0.7325718918326316	([705, 616], [706, 705, 62])
1	0.7033966904422702	0.7329546854709145	([369, 214], [369, 330, 304])
1	0.7295934669823402	0.7333447238283195	([652, 92], [652, 92, 62])
1	0.6471885847129237	0.7333447238283195	([661, 60], [652, 620, 62])
1	0.7327648665002748	0.733612984090016	([205, 103], [205, 103, 42])
1	0.7282556988004347	0.7337699091690318	([601, 524], [601, 590, 524])
1	0.7269784944245168	0.733881379929296	([476, 400], [476, 454, 400])
1	0.6894827651688368	0.7339185021342375	([616, 516], [610, 533, 516])
1	0.7213478642174354	0.7343297698453405	([293, 238], [293, 278, 275])
1	0.7280964681410452	0.7344518124973249	([610, 469], [610, 511, 489])
1	0.6907592160573818	0.7344518124973249	([623, 501], [617, 610, 489])
1	0.7115722088632973	0.7346651617376211	([200, 10], [214, 200, 35])
1	0.6560511527795425	0.7350298089767453	([660, 36], [702, 665, 623])
1	0.6819264545525742	0.7353240845643404	([607, 517], [607, 606, 517])
1	0.7080838842666278	0.7354940601836412	([717, 656], [724, 717, 656])
1	0.7338528564318967	0.7355243763632557	([688, 642], [688, 661, 642])
1	0.7207707953692043	0.7355429371312705	([521, 401], [520, 484, 472])
1	0.7302354249662273	0.7355429371312705	([622, 472], [622, 520, 472])
1	0.7241522783331368	0.7357276483818127	([596, 516], [596, 554, 525])
1	0.6679789322420546	0.7357548538488773	([219, 159], [219, 212, 199])
1	0.7210454337644467	0.7358920706750081	([703, 211], [369, 335, 211])
1	0.7304983207065111	0.735896523956593	([650, 470], [650, 627, 470])
1	0.7158897468184079	0.7359132483790649	([615, 474], [649, 623, 501])
1	0.7284883557639669	0.7359220883698148	([278, 215], [278, 234, 233])
1	0.5963758940395134	0.7359806726659495	([725, 1], [705, 646, 624])
1	0.7326054209099374	0.7360218435990566	([206, 6], [206, 203, 6])
1	0.7154952192355905	0.7360607633032704	([178, 121], [187, 178, 121])
1	0.725409791355425	0.7363028714114841	([528, 460], [528, 514, 460])
1	0.7241287463717928	0.7366329520476599	([482, 406], [482, 468, 406])
1	0.7258918057678536	0.7372539322827283	([718, 506], [721, 718, 505])
1	0.7354228537376806	0.7374054688169224	([501, 124], [508, 501, 124])
1	0.7323157192881197	0.7374077312510378	([524, 60], [571, 537, 60])
1	0.7113587958753628	0.7375599691316169	([584, 505], [620, 617, 505])
1	0.7205681692697525	0.7376463437809656	([303, 213], [303, 271, 243])
1	0.7368261511392225	0.7376640975348158	([703, 618], [703, 650, 627])
1	0.728993008043086	0.7377550620541484	([620, 482], [620, 505, 489])
1	0.7058104927164872	0.7382717940684027	([600, 62], [622, 600, 598])
1	0.699011763210621	0.7382913740038919	([516, 404], [510, 484, 472])
1	0.7376731023499178	0.7385496990961364	([720, 620], [720, 620, 610])
1	0.7101124223786465	0.7385886294445414	([310, 62], [310, 282, 273])
1	0.5946701967129993	0.7386717143107661	([510, 61], [651, 615, 604])
1	0.7295922988238089	0.7386927866201171	([489, 214], [474, 214, 112])
1	0.7382586394371541	0.7387058109039034	([474, 367], [474, 459, 367])
1	0.5834998860931502	0.7387623436255965	([624, 61], [652, 623, 513])
1	0.725224903460051	0.7393179986695898	([721, 599], [724, 721, 599])
1	0.7126627452381001	0.7393434859978696	([654, 549], [654, 549, 517])
1	0.7347009614298813	0.7393469935374358	([465, 414], [465, 441, 432])
1	0.6970121574968955	0.7393765442565104	([282, 62], [282, 231, 60])
1	0.6960283700657249	0.7394623277096324	([200, 133], [200, 188, 133])
1	0.7083508834755141	0.7397038886899022	([99, 5], [99, 53, 47])
1	0.7382464134346949	0.7397856944092449	([699, 610], [699, 652, 610])
1	0.732513742395804	0.7398246303473904	([196, 73], [196, 159, 75])
1	0.7390785916792286	0.7399918323095448	([360, 301], [360, 336, 316])
1	0.7392342915006244	0.7401271365795992	([198, 32], [198, 166, 32])
1	0.5672893563903867	0.7402532754557779	([200, 39], [200, 63, 39])
1	0.728434471541547	0.7402729799461052	([631, 515], [631, 616, 516])
1	0.7335465803503448	0.7405665263561665	([117, 54], [117, 116, 54])
1	0.7325135295902024	0.7406074976403221	([706, 153], [706, 213, 206])
1	0.716258952744571	0.7407121984286773	([662, 534], [662, 534, 519])
1	0.7222071911741257	0.74081411659461	([317, 246], [317, 275, 274])
1	0.7028613337516917	0.7410351841638853	([156, 26], [157, 60, 26])
1	0.7406568290175402	0.7411745228481667	([723, 209], [723, 209, 140])
1	0.7152640855291097	0.741428310986309	([160, 34], [160, 157, 34])
1	0.7413171028600999	0.7414511164586126	([480, 131], [480, 477, 131])
1	0.7340702693338277	0.741638346841442	([632, 577], [638, 632, 577])
1	0.7306067192804007	0.741646050894251	([607, 487], [607, 517, 497])
1	0.7239355902500797	0.7416690609566633	([589, 503], [589, 548, 533])
1	0.7003876299391506	0.7417202793391127	([505, 369], [505, 473, 462])
1	0.739977175098763	0.7417320047138755	([624, 188], [624, 188, 147])
1	0.7399948163722184	0.7417320047138755	([702, 147], [702, 188, 147])
1	0.7382906264397285	0.7418138568790448	([469, 265], [469, 265, 60])
1	0.7368233914709136	0.7418903868854658	([205, 131], [205, 187, 148])
1	0.7381687703419558	0.7419180750031181	([644, 94], [644, 118, 94])
1	0.7286011573905189	0.7421144063549313	([661, 592], [661, 616, 604])
1	0.7108322300219485	0.7421551197836496	([372, 310], [372, 339, 324])
1	0.7382067592756695	0.7423469273923635	([331, 256], [331, 306, 256])
1	0.7291767565431605	0.7424527585287402	([241, 206], [241, 215, 213])
1	0.720356742894899	0.7424573837494447	([717, 503], [723, 717, 504])
1	0.7405690879207747	0.7425220715963132	([687, 599], [687, 651, 599])
1	0.7153153494133524	0.7427420263196606	([625, 187], [625, 616, 62])
1	0.7300707744559851	0.7427927343610861	([720, 610], [720, 702, 620])
1	0.7338759256322602	0.7428154076870047	([661, 547], [661, 654, 549])
1	0.7138213079880651	0.7428154911426849	([273, 229], [273, 245, 231])
1	0.7396680139059849	0.7428711238903069	([328, 194], [328, 279, 194])
1	0.7182420051174083	0.7429070269677601	([703, 335], [703, 237, 211])
1	0.7354393099245504	0.7429352580235488	([105, 8], [110, 105, 8])
1	0.7355475976016818	0.7429497689671605	([155, 12], [165, 155, 12])
1	0.733659171665578	0.7430090937051524	([652, 5], [652, 632, 60])
1	0.7226169656448561	0.7431062347975548	([512, 429], [512, 406, 400])
1	0.7412190030146741	0.7431062347975548	([517, 406], [517, 512, 406])
1	0.7146664556298669	0.7432013715730527	([723, 508], [723, 718, 506])
1	0.7183625771595117	0.7432114181519133	([339, 235], [339, 319, 235])
1	0.7272086327895431	0.743295801607093	([179, 98], [179, 164, 98])
1	0.7378329026241104	0.7433218086392054	([499, 426], [499, 488, 426])
1	0.7373818227625072	0.7433467753423644	([243, 94], [243, 213, 41])
1	0.742214472035454	0.7433982071842028	([664, 371], [664, 583, 371])
1	0.7163196298181488	0.7436415990928718	([160, 91], [185, 91, 62])
1	0.7359243646530726	0.7437405061492135	([626, 151], [626, 151, 150])
1	0.7134604323195336	0.7438641961684641	([179, 9], [190, 179, 150])
1	0.7420257450663045	0.7438999548525126	([268, 197], [268, 237, 212])
1	0.7412756055035324	0.743973269637963	([674, 601], [674, 659, 592])
1	0.7374507026355878	0.7440256978414017	([583, 404], [583, 537, 516])
1	0.6520557106336222	0.7440642229802051	([713, 231], [692, 661, 60])
1	0.7373894107009081	0.7444674240045945	([702, 304], [702, 514, 304])
1	0.7069084657157614	0.7445995802676619	([501, 402], [514, 501, 402])
1	0.7255081245402053	0.7449088878584786	([474, 111], [472, 461, 130])
1	0.6907698506871406	0.7449473052214848	([704, 116], [704, 652, 62])
1	0.6983335874414672	0.7449473052214848	([688, 62], [704, 688, 62])
1	0.7347522591498709	0.7451252260949234	([510, 210], [521, 510, 210])
1	0.7390604110732942	0.7455282113343923	([716, 215], [716, 512, 489])
1	0.7309183507693482	0.7457138241874993	([239, 3], [241, 239, 3])
1	0.738048600766524	0.7457729948748745	([366, 243], [367, 366, 238])
1	0.7266811533466345	0.7457729948748745	([428, 238], [428, 367, 238])
1	0.7206745204878431	0.7457998889931505	([165, 15], [159, 155, 12])
1	0.7412923080843057	0.7458147650173705	([660, 523], [660, 652, 523])
1	0.7421275039142514	0.7459958002143979	([216, 137], [216, 137, 53])
1	0.7302433763470766	0.7459967317676148	([485, 416], [485, 467, 416])
1	0.7351468549318659	0.7460045660629456	([482, 209], [487, 482, 209])
1	0.7430036698210953	0.7460045660629456	([512, 209], [512, 487, 209])
1	0.7283983976508425	0.7462308842503919	([292, 209], [292, 270, 209])
1	0.7201273161035235	0.7462988243835613	([657, 500], [660, 622, 617])
1	0.7439279081365999	0.7463244525132579	([617, 192], [704, 623, 617])
1	0.7444013855463575	0.7463920522780975	([607, 460], [607, 588, 471])
1	0.7286716894612462	0.7463920522780975	([588, 471], [621, 607, 471])
1	0.7346694395131969	0.7464451123093425	([705, 481], [705, 624, 473])
1	0.730098377080834	0.7465580680172421	([462, 212], [473, 462, 212])
1	0.7446105871939324	0.7465827511549501	([515, 440], [515, 470, 466])
1	0.7412810344234814	0.7466506136871366	([615, 432], [615, 473, 459])
1	0.7312164899830994	0.7467419932648077	([581, 456], [590, 581, 453])
1	0.7309046857724727	0.7469028183676087	([369, 244], [371, 290, 244])
1	0.741492410492949	0.7471454896655914	([548, 455], [548, 542, 455])
1	0.7063580704785499	0.7472009700346518	([614, 405], [614, 475, 405])
1	0.732202794503755	0.7472140788268277	([477, 409], [477, 450, 449])
1	0.7259440094028623	0.7473784505513807	([525, 485], [525, 524, 485])
1	0.7467618473882066	0.7475539892205251	([197, 93], [197, 93, 12])
1	0.7167046576994457	0.7475646907694762	([605, 478], [614, 605, 478])
1	0.7452560250742101	0.7476474450371242	([587, 513], [587, 533, 528])
1	0.7134487148047172	0.7476524458304328	([659, 474], [659, 509, 483])
1	0.7368580542492735	0.7477047558788432	([685, 545], [685, 590, 562])
1	0.7437113863102175	0.7477073833300691	([588, 432], [588, 583, 432])
1	0.7393556704772835	0.7477683072014512	([609, 491], [609, 587, 513])
1	0.7327324912138465	0.7478906769858431	([532, 479], [532, 508, 502])
1	0.720176569661007	0.7479159073879832	([501, 351], [501, 402, 376])
1	0.7389889599494441	0.7479686964792638	([527, 432], [583, 527, 516])
1	0.7230519271373972	0.7480688149477508	([429, 337], [429, 371, 344])
1	0.7428049432411394	0.7481265430796411	([590, 504], [599, 590, 504])
1	0.7458582891405596	0.7481319525692337	([702, 54], [702, 54, 47])
1	0.73391959736764	0.7481909806436305	([615, 523], [615, 604, 523])
1	0.7160436913680573	0.7481977384861007	([158, 75], [173, 155, 82])
1	0.7357267218446605	0.7482500817830962	([620, 135], [620, 135, 128])
1	0.7425847038649348	0.7482500817830962	([614, 128], [620, 614, 128])
1	0.7310730535131877	0.7483386752556739	([706, 121], [706, 178, 121])
1	0.7386019819300892	0.7483991128700861	([663, 504], [663, 623, 501])
1	0.7448845367747592	0.7484332070444791	([725, 349], [725, 335, 295])
1	0.7223381435784473	0.7484505815893935	([684, 645], [684, 665, 645])
1	0.7296996804957487	0.7484545054273609	([182, 23], [197, 70, 23])
1	0.7291694125715501	0.7484655751681515	([524, 459], [524, 485, 478])
1	0.7376097762485997	0.7484655751681515	([554, 478], [554, 524, 478])
1	0.7411286918898209	0.7484893400178078	([218, 158], [218, 216, 196])
1	0.729908716248774	0.7485215767080432	([344, 298], [344, 307, 298])
1	0.7409780264324208	0.7486028077093415	([611, 477], [611, 587, 513])
1	0.7472466613097137	0.7489426975202034	([326, 47], [428, 326, 47])
1	0.7339113053838284	0.7492144306624617	([725, 521], [725, 597, 582])
1	0.6991128904237357	0.7492562078362524	([601, 462], [604, 601, 462])
1	0.7302207866192253	0.7492836733785531	([340, 248], [340, 320, 248])
1	0.7317745107922757	0.7493343862774621	([183, 49], [216, 183, 156])
1	0.7398834479103183	0.7493770975642066	([315, 249], [315, 265, 242])
1	0.7278870254040186	0.7494393104700028	([602, 518], [602, 596, 518])
1	0.7407602124974886	0.749442974575784	([609, 117], [609, 513, 117])
1	0.7272790952550526	0.7494812614686011	([679, 587], [694, 663, 600])
1	0.7456258352298007	0.7495811306552257	([493, 421], [493, 480, 470])
1	0.7459609773432263	0.7499247959975688	([333, 206], [333, 303, 213])
1	0.7197807619178939	0.7501532984037439	([716, 59], [716, 212, 110])
1	0.7238524872517617	0.7501532984037439	([461, 130], [716, 215, 212])
1	0.7366086486162992	0.7502691432210646	([626, 528], [626, 583, 534])
1	0.7240667714941951	0.7502958684249151	([651, 477], [651, 509, 487])
1	0.7214498249390603	0.7502958684249151	([635, 487], [651, 635, 487])
1	0.7002984933199541	0.7503175269584881	([590, 453], [590, 504, 475])
1	0.7213269851466613	0.7503494392786064	([716, 512], [489, 473, 369])
1	0.5536527413968062	0.7504616809769479	([266, 224], [266, 224, 216])
1	0.7382425397987913	0.7504671949881676	([706, 14], [716, 706, 59])
1	0.7380187633419034	0.7507044700853964	([651, 399], [651, 477, 399])
1	0.7470606749447766	0.75084905512831	([555, 428], [555, 554, 420])
1	0.7501774842777394	0.7508665205505076	([514, 349], [514, 349, 331])
1	0.7023959503485036	0.7510861672655232	([626, 115], [626, 624, 151])
1	0.7284102594936465	0.751147376688242	([688, 603], [688, 603, 600])
1	0.749554930213983	0.7512033615026321	([631, 428], [636, 631, 428])
1	0.7250404715451501	0.7512110561782387	([597, 481], [597, 589, 481])
1	0.741699261144199	0.7512454432620305	([472, 305], [614, 475, 305])
1	0.7127036736964122	0.7512499772360954	([724, 154], [724, 154, 138])
1	0.6950527518078115	0.7512499772360954	([724, 132], [724, 626, 138])
1	0.7431421852865343	0.7513325750394172	([512, 93], [512, 113, 93])
1	0.7181962351875908	0.7513688374696694	([519, 416], [519, 463, 449])
1	0.7437286311880751	0.7513694928131016	([417, 346], [417, 402, 346])
1	0.7454297334498969	0.7515671900721566	([407, 212], [462, 407, 371])
1	0.7450277668607552	0.7516299592898519	([627, 154], [627, 154, 121])
1	0.7515772508565128	0.7518699416711259	([545, 425], [545, 450, 442])
1	0.744592995585724	0.7518699416711259	([545, 450], [545, 526, 442])
1	0.7477773207188936	0.7518915937748282	([625, 479], [625, 505, 479])
1	0.7502162794939335	0.7519100904556999	([658, 538], [685, 658, 530])
1	0.7300143711506207	0.7519571681980881	([690, 597], [690, 688, 603])
1	0.742802329157474	0.7519693609917599	([664, 478], [664, 638, 475])
1	0.7271260095949655	0.7519880557294415	([624, 118], [624, 140, 118])
1	0.7288257914717474	0.7520100777473381	([681, 596], [681, 668, 596])
1	0.7295399753310944	0.7520801308667501	([168, 30], [168, 73, 30])
1	0.7294036366528684	0.752317683402727	([530, 471], [533, 530, 471])
1	0.731781298771998	0.7524484828473277	([475, 190], [482, 475, 209])
1	0.7500995220797828	0.7524599898522046	([201, 77], [201, 194, 77])
1	0.5272478469800406	0.7528809612492172	([77, 38], [79, 38, 28])
1	0.7417697882352824	0.7528878295966966	([704, 192], [704, 192, 187])
1	0.7512834379748086	0.7528906229008406	([177, 21], [190, 177, 21])
1	0.7380771186715789	0.7529235460759053	([630, 407], [651, 630, 399])
1	0.7495261372741583	0.7530337372950706	([641, 149], [641, 193, 149])
1	0.7479918621423556	0.7530337372950706	([641, 201], [641, 201, 193])
1	0.7222899942606222	0.7531924480793425	([398, 279], [432, 365, 279])
1	0.7468042872811422	0.7532139066324236	([688, 560], [688, 600, 595])
1	0.7496422587967478	0.7532139066324236	([689, 595], [689, 688, 595])
1	0.7216882357572182	0.7532865524689175	([648, 536], [656, 647, 529])
1	0.7408508537951252	0.7533013058911959	([554, 420], [607, 555, 428])
1	0.7140069653762376	0.7533013058911959	([599, 428], [607, 599, 428])
1	0.7402885907276789	0.7535616933620394	([237, 154], [237, 214, 162])
1	0.7340963948048882	0.7536299791068302	([526, 442], [545, 527, 432])
1	0.7180375129547614	0.7536576891354839	([705, 208], [705, 208, 1])
1	0.7525347047499469	0.7536576891354839	([710, 1], [710, 705, 1])
1	0.7304954697673779	0.7537528013345718	([483, 122], [503, 483, 109])
1	0.7275192927261431	0.7538304509655758	([644, 522], [644, 606, 522])
1	0.7192757817862756	0.753835448339794	([514, 208], [514, 208, 192])
1	0.7453145846730458	0.7538752993445262	([631, 134], [630, 623, 137])
1	0.7267493228654601	0.7539071234011275	([560, 451], [549, 526, 451])
1	0.7343373378159774	0.7540397746167893	([627, 541], [633, 632, 517])
1	0.7116359718256522	0.7542423792889494	([703, 237], [703, 212, 211])
1	0.7332212855333452	0.7542656712438843	([682, 571], [684, 682, 568])
1	0.7508854788075838	0.7542950002828956	([534, 415], [534, 530, 415])
1	0.7404861354109016	0.7543007258978491	([476, 132], [620, 476, 132])
1	0.7301496349408934	0.7545062259725349	([722, 210], [713, 708, 210])
1	0.7410282470336411	0.7546108909010842	([614, 305], [475, 365, 305])
1	0.6120944921921658	0.7546285570590362	([228, 213], [264, 231, 213])
1	0.7184762373065983	0.7546315652475355	([477, 117], [626, 611, 115])
1	0.7197465933790391	0.7546497192979313	([371, 193], [371, 367, 190])
1	0.7450814723367372	0.7546553575731305	([507, 399], [507, 472, 399])
1	0.7361250755871235	0.7546801167767548	([181, 11], [181, 62, 13])
1	0.7533941793679607	0.7547443378253348	([475, 335], [475, 453, 335])
1	0.7238616767020463	0.7548803282995387	([684, 568], [684, 680, 572])
1	0.7476508344956228	0.7548849122566413	([134, 30], [134, 30, 7])
1	0.7449757204655783	0.7548900215447237	([467, 87], [469, 467, 95])
1	0.7451232708307385	0.7549666167095176	([704, 9], [708, 704, 9])
1	0.7232879680744073	0.7550177172146437	([613, 366], [620, 366, 62])
1	0.7524967100577705	0.7550427059775008	([598, 125], [598, 125, 98])
1	0.7534984874379008	0.7550740689162135	([334, 2], [334, 242, 62])
1	0.7368997055366777	0.7550774737371407	([623, 137], [624, 623, 142])
1	0.751450991790612	0.755132492520671	([366, 204], [366, 244, 238])
1	0.7553752758346071	0.7553753993647198	([702, 529], [702, 589, 529])
1	0.754345422952917	0.7554610154672684	([599, 113], [651, 633, 113])
1	0.7548104175193047	0.755635206520922	([657, 581], [657, 610, 536])
1	0.7501039029455421	0.7556525756545207	([464, 358], [464, 401, 358])
1	0.7521041889828493	0.7557615525180593	([621, 141], [621, 205, 141])
1	0.754565143630363	0.7557884963955867	([559, 444], [559, 541, 444])
1	0.7528896906903656	0.755876147079803	([541, 434], [542, 541, 393])
1	0.7450103414086914	0.7559042505572122	([540, 470], [540, 517, 515])
1	0.7341125050559147	0.7560935377366281	([717, 2], [717, 116, 2])
1	0.7456391590688115	0.7562250543547189	([459, 268], [459, 432, 268])
1	0.7401617076283228	0.7562365003556022	([720, 189], [720, 189, 117])
1	0.7541613273570194	0.7562365003556022	([705, 117], [720, 705, 117])
1	0.7263486331724717	0.7562365003556022	([702, 188], [725, 720, 117])
1	0.7234961190831966	0.7562436020241967	([502, 115], [502, 498, 115])
1	0.7341529583448255	0.7562527844355407	([474, 141], [474, 141, 114])
1	0.7551794199722205	0.7562527844355407	([650, 114], [650, 474, 114])
1	0.7487694990290782	0.756317223868707	([719, 108], [719, 108, 101])
1	0.7398989423985525	0.7566071096409813	([502, 152], [502, 152, 141])
1	0.7355030497356531	0.75660791776914	([490, 136], [490, 188, 136])
1	0.7422902417931813	0.7566487368327214	([664, 214], [664, 624, 62])
1	0.7388047257541345	0.7567292832083166	([708, 134], [709, 704, 9])
1	0.7418553492152976	0.7568687207059415	([598, 408], [598, 556, 529])
1	0.7464178363036695	0.7568888202165279	([673, 576], [681, 673, 576])
1	0.7369598961167321	0.7569208614740186	([700, 598], [700, 690, 598])
1	0.7234736957100476	0.7569480250028352	([488, 188], [627, 488, 188])
1	0.753019097826411	0.7569888484709051	([723, 103], [723, 131, 128])
1	0.7045248968790139	0.7572489919312606	([650, 57], [650, 639, 57])
1	0.7451294545374403	0.7572843348148549	([540, 411], [555, 535, 411])
1	0.7332797840618172	0.7573234172313229	([542, 393], [575, 541, 444])
1	0.7402204808191882	0.7573413165103514	([512, 113], [512, 93, 86])
1	0.746104518873937	0.757354868192391	([722, 633], [722, 633, 210])
1	0.7499647004008076	0.7573744417111969	([627, 11], [724, 639, 11])
1	0.7564896918303863	0.7574434644064818	([270, 97], [270, 208, 97])
1	0.7564803914187649	0.7574753586869242	([491, 292], [491, 473, 301])
1	0.7389167087056734	0.7574799428543163	([672, 428], [688, 642, 428])
1	0.7539117458460156	0.7575053516606011	([479, 127], [479, 127, 100])
1	0.7337369998593273	0.757514402682407	([654, 208], [705, 662, 624])
1	0.6201699300765918	0.7576090293407868	([250, 225], [250, 231, 219])
1	0.7421758137637765	0.75761736637423	([494, 185], [510, 494, 185])
1	0.7564215860016713	0.7576259038729241	([645, 212], [662, 645, 212])
1	0.7557780444262918	0.7577108787217797	([373, 297], [373, 327, 297])
1	0.7486155487805025	0.7577403949938819	([712, 114], [718, 712, 114])
1	0.7499592578404906	0.7577423599814497	([615, 333], [615, 614, 333])
1	0.7554858680137277	0.7577462104077742	([304, 150], [304, 186, 150])
1	0.7501850678031554	0.7577574407929312	([430, 325], [432, 430, 325])
1	0.757567226267715	0.7579028488835189	([574, 443], [574, 545, 443])
1	0.75191742058503	0.7579433924531913	([271, 49], [271, 206, 62])
1	0.751796085510756	0.7579825768062102	([408, 169], [408, 214, 169])
1	0.749066856821913	0.7580619751978661	([502, 366], [519, 502, 366])
1	0.7200290562177623	0.7580655516076726	([335, 189], [335, 239, 62])
1	0.7543365249381676	0.7581718572834609	([169, 105], [169, 124, 105])
1	0.7502746257057981	0.7584580433317705	([465, 120], [505, 465, 120])
1	0.7492290921015861	0.7584580433317705	([500, 120], [505, 500, 120])
1	0.7542349045306718	0.7584607418260696	([462, 336], [472, 462, 336])
1	0.7399046627055159	0.7585082860866419	([353, 219], [353, 324, 219])
1	0.7505072801779183	0.7586140784633297	([564, 385], [564, 519, 421])
1	0.7442522293180958	0.7587413630474072	([688, 537], [688, 595, 587])
1	0.7418371542883215	0.7588467622931432	([399, 241], [421, 399, 241])
1	0.7430212324318701	0.7588864498075173	([621, 205], [598, 521, 205])
1	0.7355585969390277	0.758935329083664	([177, 69], [195, 177, 69])
1	0.7401066098011838	0.7589428930145414	([239, 111], [241, 239, 111])
1	0.7472311886190758	0.7589483703682189	([446, 287], [446, 317, 287])
1	0.7529493545767251	0.7589781153387258	([585, 468], [616, 585, 468])
1	0.7496697579963622	0.7589781153387258	([616, 461], [620, 616, 468])
1	0.7555469261667831	0.7589781153387258	([701, 468], [701, 616, 468])
1	0.732412332438287	0.7589945668746769	([294, 152], [303, 294, 152])
1	0.7117285008044045	0.7589945668746769	([497, 303], [502, 303, 152])
1	0.725836241287718	0.7590938530949077	([663, 211], [663, 624, 211])
1	0.7385829181560212	0.7592566178047662	([513, 332], [513, 332, 211])
1	0.7580049658967448	0.7593385870026224	([677, 609], [686, 677, 609])
1	0.7405231663584823	0.7593625605833451	([521, 347], [521, 401, 370])
1	0.7567321577112853	0.7595407720252454	([279, 179], [279, 211, 193])
1	0.7515644595857193	0.75954666654469	([711, 86], [711, 700, 213])
1	0.7442773970987138	0.7596896863960463	([451, 254], [451, 397, 261])
1	0.7469030829790726	0.7597079427555743	([725, 159], [725, 159, 62])
1	0.7460335603308802	0.7597523265177094	([428, 53], [428, 53, 25])
1	0.7458006803776648	0.7597788992270524	([501, 167], [501, 351, 328])
1	0.743889341481825	0.7597905466662931	([522, 140], [522, 508, 62])
1	0.7575839440547559	0.7598672705248735	([399, 208], [503, 403, 399])
1	0.7540185448237028	0.7598672705248735	([647, 503], [647, 503, 399])
1	0.7217779088849107	0.7600002344641514	([616, 211], [703, 657, 211])
1	0.7562577967936628	0.7600890133868143	([518, 119], [518, 505, 479])
1	0.7495557337028683	0.7601973078386871	([480, 312], [509, 480, 330])
1	0.7557743350211739	0.7602873919568874	([608, 404], [608, 517, 510])
1	0.7255199720478156	0.7602887055887295	([724, 11], [724, 718, 1])
1	0.7468759140992384	0.7603451270175496	([393, 240], [393, 323, 237])
1	0.7358563378528704	0.7603451270175496	([412, 237], [393, 389, 237])
1	0.7569828513606498	0.7603754424671516	([601, 120], [652, 601, 583])
1	0.7516649663223532	0.7603818634659575	([619, 485], [619, 588, 489])
1	0.7521668725974094	0.7604716155188225	([547, 397], [547, 440, 433])
1	0.7412340786069784	0.7604841543196219	([135, 50], [135, 91, 58])
1	0.7436232591150508	0.7605346057205841	([693, 606], [693, 667, 606])
1	0.74596643753476	0.7606108879119365	([719, 87], [719, 150, 140])
1	0.7329804047919343	0.7606108879119365	([723, 140], [723, 719, 140])
1	0.7557423706312748	0.7606335025463643	([635, 206], [635, 614, 206])
1	0.7257823918363537	0.7607043270950496	([635, 9], [704, 649, 62])
1	0.7380549476073819	0.7608431067610811	([237, 11], [237, 219, 11])
1	0.7460262870618295	0.7609833530204948	([494, 296], [494, 480, 296])
1	0.7140553161139616	0.7610514880671694	([719, 150], [719, 705, 624])
1	0.7543017138756548	0.7610638402980455	([531, 377], [531, 421, 362])
1	0.7585756254048635	0.7610965778434867	([331, 9], [331, 204, 9])
1	0.73064156486851	0.7611523038435468	([577, 405], [666, 577, 405])
1	0.7596051880940905	0.7612876643659449	([231, 79], [231, 79, 50])
1	0.7553669279074255	0.761291233518293	([527, 42], [527, 508, 62])
1	0.7313719976356298	0.7614694654787594	([547, 440], [547, 519, 482])
1	0.7477222222165963	0.7614906656265451	([596, 429], [596, 582, 400])
1	0.7590180044141842	0.7615121794385524	([239, 149], [239, 149, 120])
1	0.74348238544551	0.7615579074533885	([592, 211], [663, 600, 592])
1	0.7594815485078262	0.7616099624876926	([697, 254], [697, 254, 234])
1	0.7448074718557753	0.761641138159508	([188, 18], [188, 172, 18])
1	0.7537579996755791	0.7618212536109343	([476, 194], [614, 476, 194])
1	0.7323530875306031	0.761844359684694	([632, 5], [652, 510, 505])
1	0.7159290172672684	0.7619265097292264	([489, 134], [619, 489, 134])
1	0.7482084721640696	0.7619629996565999	([655, 461], [655, 653, 461])
1	0.7536461721828505	0.7620502562306617	([601, 401], [601, 428, 421])
1	0.7304114139230353	0.7621781029854034	([486, 243], [486, 270, 243])
1	0.7395836834237651	0.7622020819364851	([642, 404], [642, 428, 404])
1	0.7491189197165857	0.7622882058785435	([686, 550], [686, 680, 580])
1	0.7548502122846448	0.7623176271461902	([331, 204], [331, 302, 204])
1	0.7579727020188621	0.7624143230179793	([491, 202], [477, 202, 9])
1	0.7553583073433786	0.7624546065533511	([398, 167], [398, 211, 167])
1	0.5098180014910331	0.762493480982215	([433, 223], [433, 432, 236])
1	0.6186296825988152	0.7625203334939137	([306, 225], [306, 225, 219])
1	0.7463665394329734	0.7625878218297593	([665, 528], [703, 665, 528])
1	0.7359832406966277	0.762596672764973	([428, 25], [667, 428, 53])
1	0.7465111163651056	0.7627430041306041	([682, 517], [682, 659, 517])
1	0.7559315932379684	0.7627544824858744	([401, 283], [401, 344, 283])
1	0.7599153515437633	0.7628145244030154	([706, 400], [706, 662, 400])
1	0.723415591471534	0.7628473492160075	([508, 294], [508, 294, 62])
1	0.749297944839443	0.7629353270441835	([513, 103], [513, 116, 103])
1	0.7103493061073903	0.7629353270441835	([513, 211], [513, 211, 116])
1	0.7513365489544014	0.7629369119987223	([671, 569], [671, 660, 597])
1	0.7362450762047595	0.7629692420456899	([505, 57], [505, 119, 116])
1	0.7293164962955421	0.7629692420456899	([505, 119], [508, 505, 116])
1	0.7523297542123045	0.7631220672209931	([662, 328], [662, 428, 406])
1	0.7494658306097687	0.7632547310285452	([668, 267], [668, 267, 62])
1	0.7391986421055814	0.7633246856755659	([296, 63], [296, 240, 62])
1	0.7468083021881189	0.7634756062518149	([497, 121], [497, 473, 126])
1	0.7594393916389538	0.7636196392045174	([571, 454], [571, 541, 530])
1	0.759655093907393	0.763629758477448	([495, 375], [495, 485, 375])
1	0.7603215875362512	0.7637001260550674	([709, 279], [725, 694, 279])
1	0.7454666600607829	0.7637419906022028	([460, 152], [473, 460, 152])
1	0.7489513224471086	0.763746615288179	([269, 190], [269, 211, 190])
1	0.725196613703457	0.763746615288179	([276, 1], [269, 237, 211])
1	0.7283508124520454	0.7638316820014269	([605, 152], [622, 619, 145])
1	0.7180215429851035	0.7639314790605432	([622, 113], [633, 113, 48])
1	0.7412430330739731	0.7639763941616021	([708, 632], [708, 666, 590])
1	0.7606044363096186	0.7640056071442305	([403, 34], [467, 403, 58])
1	0.726132656915873	0.7640144779554159	([656, 578], [656, 652, 578])
1	0.7428830352418768	0.7640268520142778	([400, 287], [400, 328, 315])
1	0.7381426150173938	0.7640871942054052	([636, 117], [636, 625, 117])
1	0.7589202806247661	0.7641394040639163	([665, 336], [665, 472, 469])
1	0.7602340962814568	0.7641856329164768	([469, 300], [469, 300, 265])
1	0.7480771796859291	0.7642266207303449	([159, 115], [159, 133, 115])
1	0.7556804604981576	0.7642502334748148	([656, 367], [656, 608, 367])
1	0.7479750671507968	0.7642960175376426	([509, 58], [509, 491, 240])
1	0.7608855658918086	0.7643871134977819	([579, 416], [572, 524, 519])
1	0.7642848504367611	0.7644291342889886	([704, 457], [704, 457, 432])
1	0.7244020659320212	0.7644862920604543	([490, 110], [505, 494, 119])
1	0.742559937872213	0.7644999121591936	([665, 63], [693, 665, 1])
1	0.7531259868309902	0.7645215145612583	([538, 383], [538, 404, 383])
1	0.7611009067303525	0.7646026817161065	([428, 181], [428, 181, 47])
1	0.7195964338713524	0.7646423427187214	([507, 11], [627, 492, 470])
1	0.754362548411769	0.7646635649942258	([487, 138], [626, 501, 487])
1	0.7551200178665372	0.7646916307435944	([569, 424], [569, 526, 442])
1	0.7530214436991804	0.7647387577550749	([599, 308], [599, 428, 347])
1	0.7547653211155193	0.7647912637843303	([399, 88], [399, 208, 193])
1	0.7557440206953953	0.7650840887737081	([546, 493], [546, 518, 493])
1	0.7515686528030224	0.765103860476467	([549, 414], [580, 549, 414])
1	0.7310013598418675	0.765103860476467	([580, 407], [598, 580, 414])
1	0.7089883595596085	0.7652012117350828	([706, 94], [706, 94, 59])
1	0.7305564789341684	0.7652297029331149	([500, 241], [519, 500, 241])
1	0.734986838029892	0.7653476521447053	([401, 111], [403, 401, 111])
1	0.7350041801394244	0.765486171016111	([720, 494], [720, 627, 488])
1	0.7450557670188087	0.76556977133858	([510, 146], [510, 210, 142])
1	0.7566429963253699	0.7656387839866594	([496, 145], [507, 496, 145])
1	0.7619379371325024	0.7656573758198206	([694, 373], [694, 398, 373])
1	0.7603306362360585	0.7656633625623799	([677, 369], [677, 665, 369])
1	0.7614936975405082	0.7657068828781467	([654, 366], [654, 652, 366])
1	0.7436102314453398	0.7657237057796091	([717, 34], [717, 34, 5])
1	0.7597920084864563	0.7657237057796091	([721, 5], [721, 717, 5])
1	0.7479073515390958	0.7659161774911596	([468, 303], [466, 399, 303])
1	0.7629359988608706	0.7659590351329254	([498, 384], [498, 485, 375])
1	0.7600849199185439	0.7660275043415297	([709, 135], [709, 620, 619])
1	0.7653408005585927	0.7660785088218216	([636, 525], [643, 636, 525])
1	0.7462888149748358	0.7661308005367803	([403, 188], [403, 370, 188])
1	0.7582854872868736	0.7661313550486547	([639, 405], [639, 487, 475])
1	0.7525359327138069	0.7661508791530531	([376, 185], [376, 282, 62])
1	0.7631596822569554	0.7662065059857699	([465, 383], [465, 454, 351])
1	0.7563049630223475	0.7664414311057637	([480, 171], [480, 171, 152])
1	0.7646168469673236	0.7664886971746803	([618, 129], [618, 207, 129])
1	0.7353565462466058	0.7666167445842353	([501, 204], [502, 501, 208])
1	0.7565391591557192	0.7666184082250246	([482, 143], [489, 482, 11])
1	0.7351798410997987	0.7666390754860343	([616, 107], [616, 511, 107])
1	0.7637043268383101	0.7667410148259883	([404, 113], [404, 163, 128])
1	0.7632516586342655	0.7667410148259883	([404, 163], [471, 404, 128])
1	0.754749860254	0.7667410148259883	([499, 128], [499, 404, 128])
1	0.7618659421096659	0.7667842599818114	([248, 20], [248, 233, 26])
1	0.7638421199040711	0.7669461509517358	([285, 2], [285, 237, 214])
1	0.7645698780826452	0.7670019039894811	([493, 4], [493, 489, 206])
1	0.757418895441201	0.7670120384732029	([601, 385], [601, 401, 385])
1	0.7610738832056088	0.7670305213790891	([526, 363], [526, 410, 404])
1	0.7431523484099039	0.7670901042301338	([722, 507], [722, 507, 145])
1	0.7652678848310337	0.7670985339892639	([658, 189], [658, 647, 189])
1	0.7336227762892322	0.7671073171415405	([488, 65], [721, 488, 142])
1	0.7402322038953931	0.7671346851846872	([546, 409], [546, 520, 415])
1	0.7572971464786955	0.7671346851846872	([576, 415], [576, 546, 415])
1	0.7534021309731316	0.7671478002901131	([448, 318], [448, 398, 396])
1	0.7193507332703404	0.7672214440761634	([284, 195], [284, 238, 214])
1	0.7644056540807219	0.7672693396419762	([478, 1], [625, 479, 1])
1	0.739170331220373	0.7672784838892047	([398, 102], [398, 167, 62])
1	0.7502855144579158	0.7672928585545573	([545, 349], [545, 411, 397])
1	0.7617251836182225	0.7673562375743127	([576, 35], [556, 514, 35])
1	0.7640087208836776	0.7673598408454845	([637, 420], [637, 420, 62])
1	0.7611822596548635	0.7676596076040447	([572, 445], [596, 572, 445])
1	0.7661522019717627	0.7676721668056238	([592, 363], [592, 523, 363])
1	0.7449051757152902	0.7676859880256245	([356, 254], [356, 317, 254])
1	0.76706520832721	0.7677722440709839	([612, 294], [612, 522, 520])
1	0.763443984280947	0.7677863201102186	([346, 201], [428, 346, 319])
1	0.7595509745683152	0.7680454641933065	([533, 125], [533, 125, 45])
1	0.7678153617555328	0.7680633833271462	([630, 298], [630, 602, 270])
1	0.7665747462474819	0.7681890344383632	([723, 409], [723, 502, 474])
1	0.7283127356186873	0.768282066329521	([485, 12], [503, 485, 12])
1	0.7575563270155938	0.7683555381257761	([493, 302], [493, 244, 206])
1	0.7515891745555702	0.7684004529972444	([708, 485], [708, 706, 485])
1	0.7663358680628368	0.768414627275969	([468, 93], [477, 468, 94])
1	0.7583093103600556	0.7684417163167342	([668, 331], [668, 331, 237])
1	0.7192504903598401	0.7685462672821733	([592, 131], [592, 570, 480])
1	0.7562527673268837	0.7685588457270316	([171, 28], [171, 166, 31])
1	0.7645000480476057	0.7685675292530219	([387, 270], [387, 340, 60])
1	0.767807872679638	0.7687395357709064	([384, 58], [384, 367, 194])
1	0.7171231338199462	0.7688206945545649	([475, 2], [475, 209, 55])
1	0.7665449571073947	0.7688745066495327	([423, 278], [423, 377, 313])
1	0.7499392726406663	0.7688750500333436	([618, 207], [618, 501, 153])
1	0.757522977959665	0.7689019798200013	([585, 288], [585, 288, 62])
1	0.74734562250854	0.7690066300835963	([491, 240], [475, 334, 240])
1	0.7684541828434587	0.7690781246166261	([700, 517], [700, 690, 517])
1	0.7419474586357934	0.7691352901995073	([427, 215], [427, 329, 308])
1	0.7634591221554304	0.7692032161800079	([258, 16], [258, 219, 216])
1	0.756064984284723	0.7692331055416234	([575, 388], [575, 566, 388])
1	0.7689320448849606	0.7693141175253951	([528, 419], [528, 519, 419])
1	0.7682328847703496	0.7693636707904674	([657, 454], [657, 536, 432])
1	0.741878416012095	0.7693808418053195	([509, 330], [509, 503, 330])
1	0.7559100772530611	0.7694394277024529	([516, 269], [516, 420, 401])
1	0.7488200014658258	0.76948296963297	([713, 115], [713, 712, 115])
1	0.7555978387774637	0.7695425110571487	([639, 329], [639, 329, 267])
1	0.7535966836082815	0.769552810804001	([608, 148], [619, 615, 145])
1	0.7622994350746677	0.7695630037799704	([456, 324], [456, 434, 340])
1	0.7634687678405504	0.7695706150809427	([681, 424], [681, 564, 541])
1	0.7334597991197007	0.7695928652722752	([354, 231], [354, 326, 233])
1	0.7566434497001873	0.7696127224024274	([497, 275], [497, 491, 275])
1	0.7410492963589652	0.7696426590055437	([489, 42], [527, 464, 432])
1	0.7336110283069477	0.7696670197701747	([666, 304], [666, 304, 302])
1	0.7649250972572087	0.7696786090561938	([649, 332], [649, 421, 407])
1	0.7683079989691517	0.7697128821103016	([470, 146], [482, 470, 146])
1	0.7654981912478158	0.7697906766083841	([249, 198], [249, 233, 216])
1	0.7679307365840798	0.769871393919001	([324, 76], [324, 219, 76])
1	0.7647962082382922	0.7698968006098957	([616, 346], [616, 366, 346])
1	0.7664980134582132	0.7699956178658142	([661, 125], [661, 627, 125])
1	0.7626959509498669	0.7700481120512133	([295, 119], [295, 119, 95])
1	0.5394082087050659	0.7700592994345364	([321, 227], [321, 286, 262])
1	0.7630918479438941	0.7702015564695683	([548, 398], [548, 430, 398])
1	0.7672613086171299	0.770242990308002	([519, 201], [519, 201, 170])
1	0.741787702903535	0.77029694245922	([480, 234], [480, 312, 234])
1	0.7623358312165464	0.7703342195511659	([633, 369], [633, 622, 399])
1	0.7558239810512076	0.7703543005509326	([315, 1], [319, 276, 235])
1	0.7487702725379523	0.77039545059104	([452, 316], [452, 396, 314])
1	0.7594678849048114	0.770421201177081	([552, 437], [598, 552, 521])
1	0.7597573272083843	0.7705586532919642	([656, 199], [656, 211, 199])
1	0.759232958262912	0.7706337865262466	([536, 22], [536, 513, 34])
1	0.7626409817302691	0.7707519530028579	([725, 384], [725, 403, 384])
1	0.7659608603729928	0.770776341042376	([481, 139], [481, 473, 152])
1	0.7652293822424123	0.7708001120339241	([678, 465], [678, 663, 465])
1	0.7656365881972468	0.7708156494478086	([247, 160], [247, 216, 159])
1	0.7399220013505188	0.7708156494478086	([725, 216], [725, 216, 159])
1	0.7606975580077437	0.7708264404725944	([638, 141], [638, 621, 600])
1	0.7541045070051934	0.7708764677622989	([571, 389], [571, 443, 435])
1	0.7440506499252368	0.7709062380377619	([716, 570], [716, 588, 570])
1	0.7452127953868907	0.7710550934289226	([703, 16], [703, 60, 32])
1	0.7367672852044568	0.7711367940383151	([711, 236], [711, 270, 236])
1	0.725590762934463	0.7712384740940141	([711, 107], [711, 125, 86])
1	0.7652071769161518	0.771318974625597	([649, 279], [694, 649, 626])
1	0.7194693554158579	0.7714239584484426	([479, 93], [497, 479, 127])
1	0.7513721700613007	0.7714254956941321	([687, 448], [687, 666, 427])
1	0.7650731718440474	0.7714836990701816	([551, 319], [551, 451, 412])
1	0.7471959609148513	0.7714875070041673	([610, 336], [615, 610, 336])
1	0.7315444575154393	0.7714951836441498	([289, 70], [289, 75, 70])
1	0.7476456298723062	0.7715161514638837	([305, 35], [325, 305, 35])
1	0.767849663972085	0.7715651720869716	([647, 91], [663, 647, 91])
1	0.7584466578192345	0.7716531173233009	([336, 59], [710, 664, 336])
1	0.7557521200147649	0.7717719642436871	([470, 200], [470, 399, 193])
1	0.7648515614542123	0.7717719642436871	([591, 111], [591, 470, 193])
1	0.7644316789840963	0.7718022253428202	([405, 54], [473, 405, 54])
1	0.7404340128906396	0.7718174136383769	([514, 102], [717, 514, 102])
1	0.7418871396996353	0.7718182919791896	([725, 403], [725, 384, 348])
1	0.7584878880096658	0.7720605434167936	([594, 332], [594, 412, 402])
1	0.752523555115081	0.772102327053226	([484, 107], [490, 486, 110])
1	0.7537866432536954	0.7721202054958805	([360, 209], [360, 336, 209])
1	0.7565803603676995	0.772137125735581	([408, 273], [408, 273, 238])
1	0.7717951054959202	0.7721379505112901	([499, 242], [499, 480, 242])
1	0.7669001395894839	0.7721760015052093	([385, 273], [385, 315, 311])
1	0.7655009073112452	0.7724875470845429	([697, 33], [697, 234, 62])
1	0.7595831760733224	0.7725345954517744	([474, 5], [474, 111, 98])
1	0.7563661789834711	0.7725721089072808	([647, 196], [647, 627, 196])
1	0.7694539928784159	0.7727046507312932	([256, 27], [256, 159, 75])
1	0.766294156351633	0.7728195071140657	([621, 335], [621, 335, 137])
1	0.7641504629802417	0.7729709368563714	([288, 190], [334, 288, 190])
1	0.7722467846201602	0.773068720348789	([663, 136], [663, 635, 139])
1	0.7695376070343538	0.7732558735658887	([721, 330], [721, 509, 488])
1	0.7605391760465774	0.7732592535624297	([402, 32], [703, 514, 402])
1	0.7585420063911241	0.7732592535624297	([699, 402], [703, 699, 402])
1	0.7564422447361935	0.773321465509919	([331, 141], [331, 141, 9])
1	0.7721245279748508	0.7733275977790675	([524, 358], [524, 428, 406])
1	0.74544640135721	0.7733993441055964	([668, 401], [668, 663, 401])
1	0.7719737156884002	0.7734778049841011	([609, 416], [609, 460, 416])
1	0.7645852010783407	0.7735153272049279	([602, 270], [602, 521, 210])
1	0.7734667025338757	0.7735499976136676	([515, 106], [515, 480, 140])
1	0.7587440803557859	0.7735507415521196	([661, 507], [661, 636, 507])
1	0.7694743339445472	0.773676982374511	([538, 337], [538, 429, 404])
1	0.7517748103604665	0.7737787265251453	([601, 185], [601, 185, 120])
1	0.7481741553155129	0.7737894547755947	([658, 430], [668, 658, 430])
1	0.767538381708858	0.7738095523020886	([487, 352], [487, 475, 352])
1	0.7550240819476953	0.7738235239517113	([482, 52], [482, 473, 54])
1	0.773808642082716	0.7738518923855313	([487, 108], [488, 487, 108])
1	0.7586181539399964	0.7738803041056952	([586, 86], [586, 536, 86])
1	0.7697189004084687	0.7739413670876277	([563, 384], [563, 541, 393])
1	0.7661204156130047	0.7739478905332461	([261, 89], [407, 370, 261])
1	0.6851854846600335	0.774055886071728	([390, 37], [390, 306, 299])
1	0.7644499778001336	0.7740861927543403	([678, 526], [678, 570, 554])
1	0.7739146543928729	0.7741493720563439	([644, 205], [644, 205, 188])
1	0.7701225435043103	0.7741872534510806	([562, 295], [562, 518, 295])
1	0.749472476670954	0.7742952821387987	([449, 263], [451, 449, 263])
1	0.7566372219023804	0.7743960015036754	([392, 249], [392, 315, 297])
1	0.7671062674908107	0.7744171608575665	([562, 426], [562, 526, 405])
1	0.7699897652036546	0.7744619239257597	([692, 277], [692, 277, 246])
1	0.7539165315254818	0.7746075221431687	([547, 371], [547, 405, 397])
1	0.7493216554276684	0.7746797816744749	([543, 395], [569, 532, 395])
1	0.7724744896208261	0.7746930089629127	([644, 35], [644, 599, 35])
1	0.7663872506017974	0.7747054410436252	([580, 345], [580, 393, 345])
1	0.7492310007910704	0.7747855250510979	([570, 439], [570, 439, 418])
1	0.7200652089649352	0.7748987444111722	([725, 448], [725, 448, 62])
1	0.7676814969700423	0.7749192776526577	([655, 202], [705, 655, 202])
1	0.7701115103297222	0.7749362287291179	([302, 174], [302, 204, 196])
1	0.7694667698181648	0.7749696811928879	([623, 348], [623, 513, 364])
1	0.7724157399206617	0.7750085061786424	([477, 262], [477, 407, 261])
1	0.7180605442256623	0.7750594851327529	([637, 204], [638, 331, 204])
1	0.7720798886630517	0.7751063373252566	([465, 69], [465, 120, 69])
1	0.7742071269755809	0.7751234528711676	([517, 424], [569, 524, 517])
1	0.7680682312589397	0.775296381620879	([278, 110], [296, 280, 188])
1	0.7660639214739788	0.77537221641837	([369, 117], [369, 187, 117])
1	0.7632130827784173	0.7753760887514443	([495, 318], [495, 480, 278])
1	0.7536268359838222	0.7753801926629448	([602, 431], [602, 519, 431])
1	0.7720003764651276	0.7753961659922007	([481, 18], [481, 473, 55])
1	0.7681887499481861	0.775415901633129	([698, 429], [698, 666, 429])
1	0.7526998504366622	0.7755179852290963	([431, 298], [431, 385, 370])
1	0.7557572333853511	0.7755436817881005	([684, 219], [695, 684, 219])
1	0.7646486363115433	0.7757200435718333	([674, 88], [674, 150, 88])
1	0.7558244812309073	0.7757603386364875	([288, 121], [288, 190, 121])
1	0.7648700181282516	0.7758514696955269	([720, 292], [720, 511, 292])
1	0.7746661737796372	0.775957600631539	([542, 357], [542, 479, 357])
1	0.7619693460766429	0.7760030391534642	([344, 125], [344, 212, 125])
1	0.7674119309710931	0.7761488615832797	([709, 100], [717, 709, 100])
1	0.7607596102956008	0.7761985819230286	([540, 216], [671, 540, 216])
1	0.7381382206048992	0.776260472891341	([458, 259], [462, 458, 294])
1	0.748263891915321	0.7763920300580773	([588, 172], [623, 588, 172])
1	0.5871067450865547	0.7764769711659348	([314, 38], [356, 314, 307])
1	0.7546245983816344	0.7764963347772265	([538, 206], [538, 283, 242])
1	0.7345286318613549	0.7765344176313154	([290, 178], [290, 243, 178])
1	0.7702628348178798	0.7766014784037577	([691, 291], [691, 291, 234])
1	0.7564212533130245	0.7766362114879509	([626, 3], [626, 21, 16])
1	0.7657890655022531	0.7767119797342396	([660, 185], [660, 138, 55])
1	0.7765086501584872	0.7768227356115495	([305, 185], [305, 185, 35])
1	0.7553684218454979	0.7768325433801334	([691, 396], [691, 396, 291])
1	0.7711837555704659	0.7770363008060057	([601, 267], [601, 475, 267])
1	0.7757708037110084	0.7770796472704206	([578, 401], [578, 523, 521])
1	0.7717994116418868	0.7770989864793223	([492, 44], [492, 484, 44])
1	0.751434545212292	0.7771789060884248	([598, 98], [641, 598, 98])
1	0.7632085666866666	0.7772554488294128	([484, 346], [484, 405, 402])
1	0.7752948853098587	0.7773592223881436	([597, 325], [597, 572, 376])
1	0.6692002754941735	0.7778217055147566	([401, 37], [401, 390, 329])
1	0.7343935079767238	0.7778736986458701	([685, 48], [702, 685, 147])
1	0.7608471743428327	0.7779116347586936	([523, 97], [523, 518, 119])
1	0.7593762712047195	0.7779156619076526	([474, 337], [517, 474, 337])
1	0.7527173667615272	0.777952993357817	([468, 151], [468, 208, 151])
1	0.7649458174940305	0.777952993357817	([468, 203], [468, 208, 203])
1	0.7381414616747346	0.7780255006582251	([337, 197], [337, 302, 197])
1	0.7737667251956472	0.7780463513134598	([325, 42], [325, 307, 42])
1	0.7621896725316883	0.7781197669181139	([559, 303], [559, 533, 497])
1	0.75912522468561	0.7781368933296466	([532, 253], [532, 521, 240])
1	0.7777987747017501	0.7784120574495085	([463, 91], [463, 101, 91])
1	0.7723042618024247	0.778420825893397	([588, 200], [624, 588, 151])
1	0.5564666230309705	0.7784220946608902	([289, 40], [289, 270, 97])
1	0.7598017046902211	0.778449900911565	([606, 146], [662, 606, 146])
1	0.7563315836067914	0.7785082951311824	([505, 177], [505, 177, 123])
1	0.7606793875757013	0.7786543433407312	([604, 110], [616, 604, 107])
1	0.7610780231396138	0.7787205156875363	([375, 20], [375, 320, 20])
1	0.762352305435858	0.7787251046649233	([505, 8], [505, 57, 2])
1	0.7769730637876594	0.7787268019360004	([653, 384], [653, 432, 384])
1	0.7696920067130161	0.7788149784549848	([688, 365], [688, 467, 365])
1	0.753416652733347	0.7789545740357883	([577, 213], [616, 599, 213])
1	0.7718804883969799	0.7789637943199264	([682, 326], [682, 446, 326])
1	0.7741884668735115	0.7789794198869123	([317, 71], [317, 234, 71])
1	0.7616283339693574	0.7789860976578755	([368, 77], [368, 214, 77])
1	0.7720563729105945	0.7790048393000235	([579, 336], [666, 579, 336])
1	0.7703200832939006	0.7790108516626509	([584, 204], [584, 521, 496])
1	0.770745949904585	0.7790131417730728	([515, 342], [541, 515, 342])
1	0.7562508895505574	0.7790648309825149	([503, 135], [503, 192, 189])
1	0.7744501113803204	0.779186027594991	([715, 320], [715, 320, 233])
1	0.7609001603224227	0.7791930931909287	([278, 77], [278, 214, 205])
1	0.7623836843235297	0.7792931945573335	([537, 345], [537, 421, 405])
1	0.7459978921789614	0.7792986470748643	([643, 124], [643, 627, 124])
1	0.758463076079147	0.7793180878368132	([465, 298], [465, 384, 348])
1	0.7710003669959112	0.7793870342315228	([716, 356], [716, 356, 330])
1	0.7789650553589125	0.7794211884731341	([467, 35], [467, 100, 95])
1	0.7678684534083733	0.7794211884731341	([351, 100], [467, 351, 100])
1	0.7790519402512052	0.7794879675220467	([590, 251], [590, 455, 453])
1	0.7542480705257604	0.7795006446358679	([283, 11], [283, 235, 20])
1	0.7673986150790532	0.779567863866023	([701, 375], [701, 547, 408])
1	0.6191190042734763	0.7796043311758383	([228, 10], [228, 213, 10])
1	0.728640209087867	0.7796237924008141	([603, 290], [588, 432, 290])
1	0.7484233119834744	0.7797194378310158	([529, 202], [529, 477, 465])
1	0.7567814577185923	0.7798655041333992	([546, 234], [669, 546, 541])
1	0.7603168068886045	0.7799092806291161	([548, 315], [668, 548, 315])
1	0.7558136004097555	0.7799218762750891	([283, 147], [283, 239, 147])
1	0.7620434403314132	0.7799960974363368	([449, 77], [492, 449, 44])
1	0.7344944924791665	0.7800661724720501	([706, 259], [706, 694, 259])
1	0.7652168270142663	0.780100152106808	([366, 172], [366, 195, 172])
1	0.7671191817245753	0.7801428293127695	([660, 300], [706, 658, 303])
1	0.7800004355146614	0.780169839220625	([712, 31], [712, 114, 3])
1	0.7771063324697922	0.780258090728018	([377, 15], [407, 212, 15])
1	0.7759326269072349	0.7802817638815861	([613, 96], [620, 613, 87])
1	0.7576494139067971	0.7803231117996987	([684, 390], [684, 390, 306])
1	0.7782247532927514	0.7803685641063132	([596, 135], [623, 596, 135])
1	0.778118058151503	0.780463407950624	([534, 213], [534, 483, 466])
1	0.754656351052486	0.7805029946160692	([610, 195], [610, 407, 212])
1	0.6684405252208007	0.7805236392137195	([299, 37], [281, 250, 219])
1	0.7745085696047164	0.7805318062235408	([581, 14], [581, 533, 125])
1	0.7707277359120236	0.7805449888723522	([678, 317], [678, 317, 62])
1	0.5571216201146776	0.7806947907842822	([240, 38], [240, 41, 38])
1	0.758887319988692	0.7807258753158709	([669, 452], [669, 547, 433])
1	0.7540446838769608	0.7807289413632633	([416, 183], [519, 416, 170])
1	0.7278869591470248	0.7807789879639935	([363, 11], [363, 234, 219])
1	0.7694888530825363	0.7807789879639935	([423, 219], [423, 363, 219])
1	0.7290461387747662	0.7808348167124777	([293, 111], [401, 293, 283])
1	0.7644185802219479	0.7808649917702869	([532, 207], [618, 532, 492])
1	0.7715750947151065	0.7809229574162478	([565, 386], [565, 437, 423])
1	0.7800332128649686	0.7812371362019354	([417, 31], [417, 396, 216])
1	0.7583755411599311	0.7813476934958176	([607, 271], [607, 271, 138])
1	0.7674630369639365	0.7813642943011049	([701, 103], [701, 616, 103])
1	0.752964996491878	0.7814396327462249	([409, 154], [410, 409, 154])
1	0.7732087980948168	0.7815463151428432	([707, 492], [707, 637, 627])
1	0.7767080857625	0.7817108132295241	([720, 265], [720, 302, 292])
1	0.7449878007695819	0.782086406358076	([284, 141], [331, 284, 234])
1	0.7796166935449723	0.7822364662364952	([278, 158], [278, 254, 158])
1	0.7769961480561347	0.7822364662364952	([254, 74], [278, 254, 233])
1	0.7711989482111095	0.7823094521716084	([704, 298], [704, 298, 213])
1	0.7778716702499173	0.7823209772092706	([329, 172], [329, 219, 213])
1	0.7748429833607058	0.7824459949790841	([670, 389], [670, 389, 339])
1	0.7753357860366626	0.7825429660849073	([576, 302], [576, 559, 303])
1	0.7742373969536107	0.7825866879280656	([570, 343], [570, 392, 365])
1	0.7692606048207128	0.7826761306110731	([697, 325], [697, 325, 233])
1	0.761971587871384	0.7827364729256896	([517, 195], [647, 517, 196])
1	0.7719246579053214	0.7828228948574475	([707, 200], [707, 702, 5])
1	0.7793842092953034	0.7828598231556915	([285, 82], [320, 285, 82])
1	0.7427304789800799	0.7829349655927101	([643, 185], [643, 330, 185])
1	0.7752597913839642	0.7831142820263802	([654, 288], [654, 348, 331])
1	0.7727612490599931	0.7831311594631604	([723, 229], [723, 237, 229])
1	0.7771017299132181	0.7833374447111995	([705, 396], [705, 404, 396])
1	0.7792204690785728	0.7834518556308011	([583, 296], [583, 422, 283])
1	0.7725148295536973	0.7834991727734417	([440, 73], [440, 285, 73])
1	0.7398735702096993	0.7835003421140678	([506, 6], [508, 60, 3])
1	0.758434635866768	0.7836399986373501	([701, 22], [701, 213, 206])
1	0.7477824079459523	0.7836939819047495	([602, 108], [602, 210, 133])
1	0.7697683543069049	0.7839276700220285	([636, 216], [636, 449, 396])
1	0.7695275740551736	0.78397006894704	([520, 15], [520, 509, 15])
1	0.7602823131475146	0.7839871709827555	([554, 344], [554, 538, 337])
1	0.7748136298084367	0.784086247154621	([714, 574], [714, 694, 574])
1	0.7744181508095975	0.7841272705760911	([586, 8], [674, 592, 586])
1	0.7493689721560914	0.7841840446647907	([499, 298], [499, 304, 298])
1	0.7528756246160591	0.7842776287310099	([476, 216], [476, 216, 214])
1	0.7727903314411425	0.7843722959869958	([297, 115], [297, 115, 89])
1	0.7692472014306339	0.7845170519769132	([251, 171], [255, 251, 171])
1	0.7680567257680344	0.784648794936948	([291, 184], [291, 268, 233])
1	0.7739289546894148	0.7847475479789165	([674, 8], [600, 586, 8])
1	0.7687833776365804	0.7848345717298532	([617, 299], [484, 367, 299])
1	0.7556851744040368	0.7849104757594141	([525, 120], [525, 517, 120])
1	0.7504119713538397	0.78498157179653	([666, 123], [666, 513, 123])
1	0.7777203245072688	0.7852867465688095	([683, 450], [683, 658, 597])
1	0.7604154377184291	0.7852885739039729	([587, 59], [657, 587, 508])
1	0.7659364723777278	0.7853034329653471	([273, 98], [279, 273, 98])
1	0.7787296861923946	0.7853288085221625	([449, 123], [449, 335, 123])
1	0.7693016907335818	0.7853703891183633	([676, 296], [676, 666, 296])
1	0.7805498356455729	0.7853706799095401	([581, 355], [581, 392, 355])
1	0.7569630552117143	0.7855109533095672	([298, 48], [298, 272, 48])
1	0.7829170479325189	0.785630857800315	([456, 172], [463, 456, 172])
1	0.7662218830766625	0.785670841021368	([618, 13], [618, 153, 3])
1	0.7822448709984782	0.7857566309200713	([690, 380], [691, 690, 396])
1	0.7783832705861594	0.7858888922935463	([486, 199], [486, 476, 199])
1	0.7806406524840043	0.7858888922935463	([530, 199], [522, 476, 199])
1	0.780353789116987	0.7859984883658925	([684, 500], [684, 662, 520])
1	0.7742602647728494	0.7861002067767245	([645, 281], [645, 639, 267])
1	0.7732020357891937	0.7861130989557422	([689, 327], [714, 689, 327])
1	0.7817302714011861	0.7861177709935243	([600, 319], [672, 600, 319])
1	0.78272220815168	0.7861371293111276	([611, 312], [611, 385, 345])
1	0.7784099858417509	0.7861853038329372	([675, 346], [675, 372, 346])
1	0.7522639887560011	0.7862100150923241	([589, 291], [589, 291, 290])
1	0.7818916140642898	0.786214423969192	([574, 248], [574, 379, 256])
1	0.7805558287082895	0.7862161751558263	([663, 29], [663, 336, 29])
1	0.7623271492424271	0.786290169225315	([723, 352], [723, 366, 352])
1	0.7624439500419216	0.7865001837485469	([720, 440], [721, 470, 459])
1	0.7860976954121698	0.7867372748207325	([373, 122], [373, 334, 122])
1	0.7820391460844855	0.786800576877965	([724, 397], [724, 501, 368])
1	0.7844465998100258	0.7868341951333889	([528, 310], [528, 376, 288])
1	0.7718316429501871	0.7868895024108311	([358, 89], [358, 297, 237])
1	0.7790783470327772	0.787019999249452	([281, 28], [253, 72, 60])
1	0.7842201706412786	0.7870868870736464	([500, 284], [500, 304, 284])
1	0.7535008207275931	0.787175811506617	([680, 356], [716, 680, 662])
1	0.5194964434561046	0.787190550116203	([74, 40], [349, 289, 238])
1	0.7745523111608372	0.7872132721249946	([596, 316], [596, 557, 316])
1	0.7755508306576542	0.7873142161327216	([581, 109], [581, 140, 125])
1	0.762304979292245	0.7873142161327216	([581, 168], [581, 168, 140])
1	0.7819111688151875	0.787416118585055	([603, 34], [603, 99, 34])
1	0.7743671717980515	0.7874465050135221	([530, 233], [530, 518, 283])
1	0.7741148679537173	0.7874574714218165	([630, 219], [630, 539, 219])
1	0.7858600147539293	0.7877262023116522	([504, 133], [512, 504, 102])
1	0.7737575017592714	0.7878639549310043	([361, 6], [584, 365, 361])
1	0.7718732690332132	0.7879727914817236	([254, 158], [256, 254, 158])
1	0.7752553463042657	0.7880596176191293	([538, 13], [538, 514, 13])
1	0.7862168012905689	0.7882073888735687	([659, 47], [659, 638, 405])
1	0.7774688677546899	0.7882709864652001	([693, 372], [716, 693, 372])
1	0.777437519261444	0.788595278084665	([686, 457], [686, 598, 550])
1	0.7858101156666383	0.7887475399337878	([444, 195], [444, 317, 312])
1	0.781608533048781	0.7888401580840624	([701, 293], [701, 293, 214])
1	0.7649273349495915	0.7888644029512784	([320, 138], [409, 320, 261])
1	0.7846406610640013	0.7889629360489723	([277, 30], [714, 277, 30])
1	0.7865860429212569	0.789023152188136	([355, 86], [368, 355, 86])
1	0.7540124686600016	0.789061073979962	([597, 90], [597, 510, 481])
1	0.7687430987294391	0.7891659038183759	([420, 23], [533, 453, 424])
1	0.6655994201009524	0.7891841650284481	([250, 37], [390, 288, 62])
1	0.7441339791512422	0.7893070494387456	([481, 256], [481, 256, 241])
1	0.5926737828408103	0.7895808757117656	([330, 39], [330, 263, 214])
1	0.7700925267266026	0.7896531665832695	([282, 84], [282, 231, 84])
1	0.7842371984157577	0.7898302266149677	([493, 170], [493, 170, 123])
1	0.7662064211577098	0.7898697165423424	([263, 69], [316, 263, 69])
1	0.7679446462661055	0.7898991206453049	([549, 4], [549, 503, 4])
1	0.7703776347065534	0.7900548200862251	([724, 236], [724, 711, 236])
1	0.7492651062374047	0.7900694379339905	([605, 175], [605, 175, 152])
1	0.7560776884318892	0.7900794972770875	([229, 160], [229, 218, 160])
1	0.7870491765576311	0.7905007487157757	([467, 174], [467, 178, 174])
1	0.769576389287573	0.7905336676111427	([712, 300], [712, 662, 330])
1	0.7796555759224945	0.7905854784476968	([645, 346], [649, 645, 332])
1	0.7905193448910884	0.7906050240037471	([708, 310], [708, 667, 310])
1	0.7797316770398587	0.7907800598345163	([517, 250], [517, 480, 278])
1	0.7839155644414401	0.7908626405535214	([708, 384], [708, 704, 522])
1	0.7879370434846795	0.7908945469545241	([680, 394], [692, 680, 394])
1	0.7862262247558407	0.7910518630082989	([553, 313], [553, 375, 313])
1	0.7895189414527501	0.7912295444956546	([669, 168], [669, 662, 328])
1	0.7801212931276479	0.7912475699411404	([724, 429], [724, 429, 9])
1	0.7908048412571455	0.7912840329925908	([410, 82], [410, 82, 66])
1	0.7895815588381472	0.7914378955544311	([372, 73], [395, 372, 73])
1	0.7702287658300726	0.7914524461275566	([679, 423], [679, 601, 402])
1	0.7801413481396833	0.7915376000172502	([365, 105], [365, 332, 105])
1	0.7878622418908695	0.7915499052712529	([419, 126], [426, 419, 126])
1	0.5976995117733228	0.7915499052712529	([426, 39], [473, 426, 126])
1	0.7900609246869593	0.7915749206125994	([678, 153], [678, 639, 144])
1	0.7895951429969216	0.791699624349811	([593, 318], [596, 593, 318])
1	0.7883844607571676	0.7917174191618236	([657, 245], [657, 245, 90])
1	0.7644719787820669	0.7919239116064253	([418, 72], [418, 406, 84])
1	0.7774567057042687	0.7919239116064253	([526, 84], [526, 406, 84])
1	0.7800504244394261	0.7920562669267438	([383, 112], [383, 369, 112])
1	0.7692212213504466	0.7922119220613114	([637, 275], [700, 637, 517])
1	0.7890604906927593	0.792657622192558	([658, 358], [658, 358, 357])
1	0.778211620103781	0.7927601129574294	([385, 78], [385, 78, 47])
1	0.7859528084876185	0.7928170725133727	([593, 91], [657, 593, 91])
1	0.7908635169238757	0.7929080159027548	([526, 20], [536, 526, 20])
1	0.7667479207637771	0.793007865236663	([667, 349], [667, 349, 344])
1	0.7641883241490142	0.7934115644469684	([715, 41], [715, 216, 4])
1	0.7799218306265868	0.7934563476866423	([667, 167], [667, 650, 167])
1	0.7906615698632073	0.7935054438801341	([598, 186], [656, 598, 400])
1	0.7903030864145568	0.793603786280515	([462, 96], [462, 142, 96])
1	0.7909102783162585	0.793649170449232	([544, 297], [544, 435, 315])
1	0.7614318808169985	0.7936529028946013	([419, 143], [419, 126, 124])
1	0.7794093714255831	0.7937865977789088	([435, 175], [435, 360, 175])
1	0.7879953228079839	0.793974551540744	([546, 325], [598, 546, 325])
1	0.788864844669017	0.7939961658656859	([605, 263], [605, 537, 263])
1	0.7650729664783331	0.7939963810749614	([248, 133], [248, 204, 133])
1	0.7779043450658474	0.7940106794511745	([482, 272], [482, 430, 272])
1	0.7938880598373378	0.7941453848848097	([695, 348], [695, 348, 329])
1	0.7929061039487953	0.7943079045331997	([288, 166], [288, 190, 166])
1	0.584813662325048	0.7943476062458961	([263, 39], [330, 88, 64])
1	0.7933532934838208	0.7946405848468432	([464, 184], [464, 184, 153])
1	0.7828495733477527	0.7948670349572483	([682, 376], [682, 556, 376])
1	0.783681953267158	0.7954250669568297	([364, 82], [623, 364, 82])
1	0.7941291892771655	0.7954705532742427	([396, 12], [441, 396, 12])
1	0.7929679243422864	0.7955289272989278	([506, 79], [506, 79, 64])
1	0.5184899490014786	0.7955956054419907	([718, 38], [718, 38, 23])
1	0.7902678774504457	0.7957047576230203	([678, 395], [678, 564, 395])
1	0.7818067864915713	0.7958599228181902	([680, 288], [695, 680, 298])
1	0.7945169639531079	0.7958752734722294	([543, 243], [694, 543, 428])
1	0.778304181590051	0.7959050938458205	([671, 28], [683, 671, 47])
1	0.5749034131526224	0.7959263963900052	([337, 61], [328, 61, 53])
1	0.7841118928609522	0.7961248320800342	([424, 155], [424, 415, 155])
1	0.7916052501307594	0.7961710371506145	([429, 158], [429, 424, 158])
1	0.7902001159830659	0.7962619471640563	([422, 162], [432, 422, 162])
1	0.7828746809994895	0.7962790183564672	([458, 177], [608, 458, 177])
1	0.7799753135228626	0.7962855978100353	([343, 134], [358, 343, 134])
1	0.7925608389701636	0.7963088623825	([345, 107], [345, 197, 194])
1	0.7954083981007303	0.796578533558931	([528, 30], [528, 474, 198])
1	0.787387648159715	0.7965838584545212	([383, 65], [454, 383, 65])
1	0.7898719358409673	0.7968513259459494	([578, 276], [578, 378, 345])
1	0.7859902292671731	0.7972615754780957	([676, 353], [676, 671, 424])
1	0.7879285313693485	0.7973037261731936	([508, 248], [508, 259, 248])
1	0.7879836867575989	0.7973436926431197	([675, 25], [675, 186, 41])
1	0.7874131417340503	0.7974060489181166	([565, 252], [565, 313, 252])
1	0.760988341366971	0.7974841392675686	([411, 198], [411, 393, 198])
1	0.7886246424991342	0.7976013391072967	([439, 135], [439, 418, 135])
1	0.785839812582719	0.7977480541992499	([315, 132], [315, 213, 161])
1	0.767633382191698	0.7977725118224324	([586, 280], [586, 402, 293])
1	0.7972176397574069	0.7978587774698396	([687, 281], [687, 281, 237])
1	0.7938289134556389	0.7979238928702368	([374, 173], [374, 344, 178])
1	0.7862590765895133	0.7981733710531758	([450, 187], [501, 450, 187])
1	0.7918672028707239	0.7982273109907786	([459, 10], [463, 459, 10])
1	0.7974680142677125	0.7986123035671805	([357, 133], [357, 339, 133])
1	0.796742185682627	0.7989313954272395	([495, 30], [506, 495, 30])
1	0.7947216265920054	0.7989563077312496	([575, 289], [575, 541, 289])
1	0.7911235528986221	0.799122469182535	([580, 158], [580, 393, 158])
1	0.7949617383014301	0.7992893198972603	([422, 24], [422, 162, 24])
1	0.7974556059454493	0.7994954254073177	([692, 7], [692, 230, 219])
1	0.7919770612766465	0.7998021718944828	([625, 354], [625, 600, 354])
1	0.7589273352260124	0.7998697349190073	([681, 251], [681, 356, 251])
1	0.7990500241791383	0.8001536805436179	([418, 196], [418, 196, 78])
1	0.7979047931433912	0.8001536805436179	([439, 78], [439, 418, 78])
1	0.7843416369737936	0.8003232641635919	([557, 142], [579, 557, 142])
1	0.7808302623064255	0.8008223493800294	([635, 68], [635, 617, 68])
1	0.7553342357554828	0.8009090249731146	([673, 76], [701, 673, 76])
1	0.7952474509590561	0.801004526821594	([721, 173], [721, 173, 118])
1	0.797149454787797	0.8012142057517634	([575, 264], [575, 573, 264])
1	0.7985532845027707	0.8014273129311127	([577, 155], [577, 155, 153])
1	0.6066467828769652	0.8025294782513606	([383, 61], [383, 323, 202])
1	0.7991369848521	0.8025422987151447	([556, 78], [556, 78, 35])
1	0.5319229693353698	0.8025674715826727	([689, 222], [696, 231, 218])
1	0.5770785714175395	0.8027625042238881	([356, 38], [356, 240, 38])
1	0.5930580149553387	0.8028282303003674	([626, 39], [626, 426, 150])
1	0.5977150521827187	0.8031864333411242	([291, 61], [383, 297, 271])
1	0.6760303530754946	0.8033076179603719	([346, 37], [390, 346, 274])
1	0.7637411812664551	0.8043831460595581	([634, 297], [634, 297, 211])
1	0.7839427036495804	0.8044773535832913	([339, 75], [339, 202, 160])
1	0.798270246777989	0.8055644032841194	([677, 286], [677, 286, 276])
1	0.7834304115631119	0.8063007469641513	([388, 115], [398, 388, 115])
1	0.8074889913206262	0.8079328343373632	([499, 229], [499, 477, 229])
1	0.8003930227303182	0.8080379896093518	([597, 179], [710, 597, 179])
1	0.8032372792572897	0.8084613920771134	([445, 159], [445, 159, 117])
1	0.7937318890708758	0.8109498282730517	([557, 81], [557, 341, 81])
1	0.6307101344210756	0.8110581147579211	([542, 225], [542, 247, 225])
1	0.50852982218269	0.8113127700333359	([691, 224], [691, 266, 231])
1	0.5556639762416562	0.8113662316574645	([242, 40], [349, 242, 60])
1	0.8070843965808656	0.8115233066354501	([563, 68], [563, 555, 68])
1	0.5460261701363176	0.8124281847455234	([430, 224], [430, 224, 215])
1	0.7961559276252324	0.8146948563647297	([683, 80], [683, 199, 80])
1	0.8052754600828231	0.815802875264307	([437, 114], [512, 437, 114])
1	0.6109470935562046	0.8158430959077466	([700, 39], [700, 626, 51])
1	0.4947153571158	0.8164368861514669	([351, 223], [433, 332, 301])
1	0.8163145712779311	0.8187829418534701	([687, 74], [687, 74, 31])
1	0.7968300951535651	0.8208603215011921	([229, 133], [229, 133, 51])
1	0.5320282750812391	0.8235675445082219	([603, 38], [603, 46, 38])
1	0.6338404532342125	0.8259552280491482	([228, 158], [235, 228, 158])
1	0.604077115933993	0.8275105760336922	([713, 61], [713, 337, 111])
1	0.6294424985736222	0.8314624063699003	([708, 225], [708, 542, 305])
1	0.4910692076328676	0.8365756206916675	([436, 226], [436, 338, 226])
1	0.48663276349041973	0.8405430486760687	([338, 226], [338, 230, 226])
1	0.5934182687099864	0.84965843494698	([464, 61], [464, 328, 61])
1	0.6242745692648839	0.8613065984455335	([482, 228], [482, 228, 158])
1	0.5348915273501226	0.8636885595879468	([530, 223], [530, 232, 223])
1	0.5110038244945952	0.8844573875532303	([322, 220], [322, 220, 191])
1	0.5008756667585522	0.8850337299826931	([224, 217], [221, 217, 180])
1	0.4879815516941907	0.8891878928978804	([558, 226], [558, 557, 226])
1	0.5128259447843055	0.8926047703684284	([591, 227], [591, 233, 227])
1	0.4735258304746584	0.9125194822440708	([180, 179], [220, 217, 191])
1	0.5949334811815076	0.9159831223471235	([235, 228], [228, 225, 219])
0	0.0	inf	([0], [])
