0	0.0	0.02087610004929133	([553], [553, 298])
0	0.0	0.022336619787631688	([299], [299, 276])
0	0.0	0.023090206139559182	([376], [376, 231])
0	0.0	0.26835246812004115	([623], [623, 622])
0	0.0	0.26949680101775275	([28], [28, 27])
0	0.0	0.26987488483342753	([588], [588, 587])
0	0.0	0.2698758751376058	([692], [692, 691])
0	0.0	0.26990155696401436	([125], [125, 124])
0	0.0	0.27009637375995693	([529], [529, 528])
0	0.0	0.271534249173452	([590], [590, 589])
0	0.0	0.27174579466439575	([39], [39, 38])
0	0.0	0.272172773052792	([488], [488, 487])
0	0.0	0.272816973555785	([168], [168, 167])
0	0.0	0.2728299411848746	([440], [440, 439])
0	0.0	0.27315404233864177	([191], [191, 190])
0	0.0	0.2735203442144019	([701], [701, 700])
0	0.0	0.2738941685065178	([179], [179, 178])
0	0.0	0.27450433744872477	([505], [505, 504])
0	0.0	0.27516483119087454	([200], [200, 199])
0	0.0	0.2754176074530083	([626], [626, 625])
0	0.0	0.2764982987092982	([662], [662, 661])
0	0.0	0.27651434892042764	([193], [193, 192])
0	0.0	0.27681816969376194	([727], [727, 726])
0	0.0	0.27703294240451276	([127], [127, 126])
0	0.0	0.27719274040249225	([689], [689, 688])
0	0.0	0.2774803852660931	([467], [467, 466])
0	0.0	0.278144476907031	([68], [68, 67])
0	0.0	0.2783005578909477	([71], [71, 70])
0	0.0	0.27832863674818853	([177], [177, 176])
0	0.0	0.278754364604951	([131], [131, 130])
0	0.0	0.27881791964253977	([515], [515, 514])
0	0.0	0.2788365855884805	([152], [152, 151])
0	0.0	0.27893907462580675	([149], [149, 148])
0	0.0	0.27911311919989473	([5], [5, 4])
0	0.0	0.2794524971848547	([622], [622, 621])
0	0.0	0.27953228072431796	([499], [499, 498])
0	0.0	0.2797500925894131	([31], [31, 30])
0	0.0	0.2799228740297057	([40], [40, 39])
0	0.0	0.2799576395232351	([146], [146, 145])
0	0.0	0.27999778879825216	([582], [582, 581])
0	0.0	0.28012194966394277	([169], [169, 168])
0	0.0	0.28047252876258544	([609], [609, 608])
0	0.0	0.2810632109225699	([27], [27, 26])
0	0.0	0.28131937020199216	([683], [683, 682])
0	0.0	0.28185512592830153	([181], [181, 180])
0	0.0	0.2821581738976614	([510], [510, 509])
0	0.0	0.28238548645507194	([373], [373, 372])
0	0.0	0.28246706253714265	([172], [172, 171])
0	0.0	0.2829132454898343	([7], [7, 6])
0	0.0	0.2829516842954081	([655], [655, 654])
0	0.0	0.2831519770956399	([640], [640, 639])
0	0.0	0.28316104495311545	([107], [107, 106])
0	0.0	0.28327044064383533	([130], [130, 129])
0	0.0	0.2834610245438451	([357], [357, 356])
0	0.0	0.2837982440083652	([190], [190, 189])
0	0.0	0.2841773091991248	([225], [225, 224])
0	0.0	0.2846663527001282	([137], [137, 136])
0	0.0	0.28472258684686075	([720], [720, 719])
0	0.0	0.2849884204008041	([3], [3, 2])
0	0.0	0.2850770099512456	([2], [2, 1])
0	0.0	0.2852972495443783	([145], [145, 144])
0	0.0	0.28605259143631007	([10], [10, 9])
0	0.0	0.28638680042769826	([188], [188, 187])
0	0.0	0.2864110488074956	([677], [677, 676])
0	0.0	0.2865066939027983	([15], [15, 14])
0	0.0	0.28651552192037805	([595], [595, 594])
0	0.0	0.2865168236393777	([691], [691, 690])
0	0.0	0.286559758557306	([763], [763, 762])
0	0.0	0.286591203319019	([135], [135, 134])
0	0.0	0.28702267256778974	([437], [437, 436])
0	0.0	0.2870792258356624	([632], [632, 631])
0	0.0	0.2871307846558607	([652], [652, 651])
0	0.0	0.28748868418601253	([91], [91, 90])
0	0.0	0.2877943783761498	([496], [496, 495])
0	0.0	0.28807561813161525	([790], [790, 789])
0	0.0	0.28821825178317606	([87], [87, 86])
0	0.0	0.28834699012003523	([352], [352, 351])
0	0.0	0.2883872967814538	([81], [81, 80])
0	0.0	0.28842045782960757	([53], [53, 52])
0	0.0	0.28848670880736715	([20], [20, 19])
0	0.0	0.2885581629166455	([151], [151, 150])
0	0.0	0.2886327806314675	([668], [668, 667])
0	0.0	0.2887954164509476	([143], [143, 142])
0	0.0	0.2888853636967114	([753], [753, 752])
0	0.0	0.289135269277057	([86], [86, 85])
0	0.0	0.28945182051237356	([1], [1, 0])
0	0.0	0.2895541788235491	([102], [102, 101])
0	0.0	0.29050181388184165	([744], [744, 743])
0	0.0	0.2907445673964388	([542], [542, 541])
0	0.0	0.29081262413390185	([118], [118, 117])
0	0.0	0.29119099979035545	([470], [470, 469])
0	0.0	0.29122390760331324	([117], [117, 116])
0	0.0	0.2916925006142139	([233], [233, 232])
0	0.0	0.29170847200070293	([728], [728, 727])
0	0.0	0.29173937796572347	([696], [696, 695])
0	0.0	0.29186208674447073	([206], [206, 205])
0	0.0	0.29191560520498444	([693], [693, 692])
0	0.0	0.2919794098255879	([355], [355, 354])
0	0.0	0.2919805751082942	([619], [619, 618])
0	0.0	0.2923792397701462	([475], [475, 474])
0	0.0	0.2924383464534843	([403], [403, 402])
0	0.0	0.2926914884068365	([540], [540, 539])
0	0.0	0.2927630983916753	([681], [681, 680])
0	0.0	0.293373134268897	([202], [202, 201])
0	0.0	0.29355712109806725	([653], [653, 652])
0	0.0	0.29370269064939214	([644], [644, 643])
0	0.0	0.2937745450351459	([695], [695, 694])
0	0.0	0.29385092599825907	([509], [509, 508])
0	0.0	0.2939317768052667	([30], [30, 29])
0	0.0	0.29432043901414506	([216], [216, 215])
0	0.0	0.29491790575252336	([13], [13, 12])
0	0.0	0.29505732282210756	([661], [661, 660])
0	0.0	0.29507739528319255	([743], [743, 742])
0	0.0	0.2951741760227278	([108], [108, 107])
0	0.0	0.2954618514360283	([635], [635, 634])
0	0.0	0.2955728843434195	([120], [120, 119])
0	0.0	0.2955926305912152	([571], [571, 570])
0	0.0	0.2957665279808044	([760], [760, 759])
0	0.0	0.29606439436513826	([358], [358, 357])
0	0.0	0.2961297868640047	([564], [564, 563])
0	0.0	0.2961409678933112	([196], [196, 195])
0	0.0	0.2962299538481131	([674], [674, 673])
0	0.0	0.2963805098424985	([9], [9, 8])
0	0.0	0.29659532939460376	([77], [77, 76])
0	0.0	0.2966161141362878	([398], [398, 397])
0	0.0	0.2967187064567296	([660], [660, 659])
0	0.0	0.2967848177611341	([607], [607, 606])
0	0.0	0.2968167415881479	([735], [735, 734])
0	0.0	0.29686080989977376	([227], [227, 226])
0	0.0	0.29692426438861136	([772], [772, 771])
0	0.0	0.2969270312523318	([732], [732, 731])
0	0.0	0.29699145454169873	([113], [113, 112])
0	0.0	0.29735170503455216	([699], [699, 698])
0	0.0	0.297364768162042	([408], [408, 407])
0	0.0	0.2974172797115464	([665], [665, 664])
0	0.0	0.2974292790251976	([415], [415, 414])
0	0.0	0.2975121629431225	([228], [228, 227])
0	0.0	0.2976181120746338	([17], [17, 16])
0	0.0	0.29761995981246947	([204], [204, 203])
0	0.0	0.2977553387489861	([212], [212, 211])
0	0.0	0.2982100710770435	([121], [121, 120])
0	0.0	0.29839585128020746	([399], [399, 398])
0	0.0	0.29839942284716386	([651], [653, 650])
0	0.0	0.29843632272198245	([139], [139, 138])
0	0.0	0.2985647494052169	([129], [129, 128])
0	0.0	0.29878375939743435	([771], [771, 770])
0	0.0	0.2988960118789503	([158], [158, 157])
0	0.0	0.29894767603078826	([526], [526, 525])
0	0.0	0.29895431249655685	([74], [74, 73])
0	0.0	0.2991912232601459	([502], [502, 501])
0	0.0	0.29922654163527235	([230], [230, 229])
0	0.0	0.29926370173163447	([703], [703, 702])
0	0.0	0.2995953251703512	([576], [576, 575])
0	0.0	0.2996918805960534	([710], [710, 709])
0	0.0	0.29971162551312835	([195], [195, 194])
0	0.0	0.2998586165794335	([79], [79, 78])
0	0.0	0.2998923374523953	([461], [461, 460])
0	0.0	0.30045308922187774	([535], [535, 534])
0	0.0	0.30069159979581744	([749], [749, 748])
0	0.0	0.3007050574349487	([758], [758, 757])
0	0.0	0.30085701735551346	([353], [353, 352])
0	0.0	0.30096964380946606	([723], [723, 722])
0	0.0	0.30105821205887895	([255], [255, 253])
0	0.0	0.301272532000626	([362], [362, 361])
0	0.0	0.30221345793349164	([253], [255, 254])
0	0.0	0.3026063028922196	([593], [593, 592])
0	0.0	0.3026308209142707	([175], [175, 174])
0	0.0	0.30272267905479633	([454], [454, 453])
0	0.0	0.3027230832507199	([185], [185, 184])
0	0.0	0.30278356320814626	([479], [479, 478])
0	0.0	0.3028585954224255	([133], [133, 132])
0	0.0	0.30293703493833235	([224], [224, 223])
0	0.0	0.3033583465392644	([538], [538, 537])
0	0.0	0.3034216323870816	([778], [778, 777])
0	0.0	0.30355554934011386	([539], [539, 538])
0	0.0	0.3036081670443494	([762], [763, 761])
0	0.0	0.3037329216628994	([123], [123, 122])
0	0.0	0.3038787911360887	([478], [478, 477])
0	0.0	0.30397615464527666	([82], [82, 81])
0	0.0	0.3042086748118723	([669], [669, 668])
0	0.0	0.3042644062552123	([265], [265, 264])
0	0.0	0.3043372664778314	([50], [50, 49])
0	0.0	0.30443856052452056	([238], [238, 237])
0	0.0	0.304473637326064	([457], [457, 456])
0	0.0	0.30497633905783605	([456], [456, 455])
0	0.0	0.3049907462164165	([423], [423, 422])
0	0.0	0.30501332882059207	([187], [187, 186])
0	0.0	0.30526234137463054	([409], [409, 408])
0	0.0	0.3054666293975231	([184], [184, 183])
0	0.0	0.30553869449876964	([631], [631, 630])
0	0.0	0.30564153382910614	([360], [360, 359])
0	0.0	0.3056820457126107	([78], [78, 77])
0	0.0	0.3058568165189764	([174], [174, 173])
0	0.0	0.30595363736989173	([427], [427, 426])
0	0.0	0.30612812304751413	([270], [270, 269])
0	0.0	0.30626231781588376	([768], [768, 767])
0	0.0	0.30640570594772154	([575], [575, 574])
0	0.0	0.3065090280326706	([47], [47, 46])
0	0.0	0.30660414822458576	([704], [704, 703])
0	0.0	0.30675660692060086	([208], [208, 207])
0	0.0	0.3068110986631926	([697], [697, 696])
0	0.0	0.3069338294240498	([568], [568, 567])
0	0.0	0.3070470327651715	([173], [173, 172])
0	0.0	0.3070880091084655	([167], [167, 166])
0	0.0	0.30724662962823157	([134], [134, 133])
0	0.0	0.3072859261276544	([115], [115, 114])
0	0.0	0.30728968795650513	([557], [557, 556])
0	0.0	0.30772462134626827	([361], [361, 360])
0	0.0	0.30781157397773046	([36], [36, 35])
0	0.0	0.30781888292400644	([370], [370, 369])
0	0.0	0.3078556750792378	([217], [217, 216])
0	0.0	0.30786377081093086	([524], [524, 523])
0	0.0	0.308034418519788	([392], [392, 391])
0	0.0	0.30805990297297753	([738], [738, 737])
0	0.0	0.30807178522600664	([150], [150, 149])
0	0.0	0.3081330074459729	([637], [637, 636])
0	0.0	0.3081393573416023	([639], [639, 638])
0	0.0	0.30831930273242186	([144], [144, 143])
0	0.0	0.30834641197994433	([687], [687, 686])
0	0.0	0.30835899613486034	([65], [65, 63])
0	0.0	0.30853946179182035	([530], [530, 529])
0	0.0	0.3086451586340092	([97], [97, 96])
0	0.0	0.30873067850694474	([395], [395, 394])
0	0.0	0.3091228861466298	([645], [645, 644])
0	0.0	0.3092255713819901	([142], [142, 141])
0	0.0	0.30937338981977747	([90], [90, 89])
0	0.0	0.3094702336554109	([671], [671, 670])
0	0.0	0.3098725739456907	([573], [573, 572])
0	0.0	0.3100223191520241	([628], [628, 627])
0	0.0	0.3101370359999765	([430], [430, 429])
0	0.0	0.31014774402576756	([733], [733, 732])
0	0.0	0.3102474231369453	([551], [551, 550])
0	0.0	0.3102729028752829	([614], [614, 613])
0	0.0	0.31027763052533563	([207], [207, 206])
0	0.0	0.3103696376631463	([426], [427, 425])
0	0.0	0.31040106077604523	([397], [397, 396])
0	0.0	0.3104320135232127	([37], [37, 36])
0	0.0	0.3104736484024616	([215], [215, 214])
0	0.0	0.31081820110221087	([585], [585, 584])
0	0.0	0.31101270238306045	([183], [183, 182])
0	0.0	0.3111240497127739	([435], [435, 434])
0	0.0	0.31134069027791833	([433], [433, 432])
0	0.0	0.31135638258314546	([203], [203, 202])
0	0.0	0.31136858309200227	([94], [94, 93])
0	0.0	0.31161882298405347	([520], [520, 517])
0	0.0	0.3116430230647993	([462], [462, 461])
0	0.0	0.31171213541860954	([765], [765, 764])
0	0.0	0.3117267961042419	([636], [636, 635])
0	0.0	0.31173201835304154	([264], [264, 263])
0	0.0	0.3118904792111379	([247], [247, 246])
0	0.0	0.3119046620259849	([154], [154, 153])
0	0.0	0.3119082082970592	([726], [726, 725])
0	0.0	0.3123000932785551	([501], [501, 500])
0	0.0	0.31242032821995036	([141], [141, 140])
0	0.0	0.3124233705741041	([658], [658, 657])
0	0.0	0.31247072975935214	([756], [756, 755])
0	0.0	0.31254797517769106	([464], [464, 463])
0	0.0	0.3125582403509518	([237], [237, 236])
0	0.0	0.3126945249878254	([165], [165, 164])
0	0.0	0.31273311089408334	([371], [371, 370])
0	0.0	0.31285686171332633	([45], [45, 44])
0	0.0	0.31288106809071786	([258], [258, 257])
0	0.0	0.31296219138704273	([506], [506, 505])
0	0.0	0.3132589763973781	([422], [422, 421])
0	0.0	0.3134022642784224	([777], [777, 776])
0	0.0	0.31355733277873055	([344], [344, 343])
0	0.0	0.31368612781383537	([739], [739, 738])
0	0.0	0.3137489885618858	([349], [349, 348])
0	0.0	0.3138072850615156	([260], [260, 259])
0	0.0	0.31385908970072945	([109], [109, 108])
0	0.0	0.31387703730711886	([458], [458, 457])
0	0.0	0.3141059416451343	([589], [589, 588])
0	0.0	0.3141362782068967	([516], [516, 515])
0	0.0	0.31425512150966506	([156], [156, 155])
0	0.0	0.31425815490942166	([275], [275, 274])
0	0.0	0.3143198517161432	([116], [116, 115])
0	0.0	0.3145657007686253	([767], [767, 766])
0	0.0	0.31459975318336836	([92], [92, 91])
0	0.0	0.31462582747471224	([550], [550, 549])
0	0.0	0.3148070801759817	([95], [95, 94])
0	0.0	0.31491959901648875	([128], [128, 127])
0	0.0	0.31508649728168564	([533], [533, 532])
0	0.0	0.3151433457233744	([566], [566, 565])
0	0.0	0.3151870742638523	([489], [489, 487])
0	0.0	0.3153419760090408	([54], [54, 53])
0	0.0	0.31544406852440954	([356], [356, 355])
0	0.0	0.31546883406348397	([251], [251, 250])
0	0.0	0.31563165383162656	([14], [14, 13])
0	0.0	0.31563837952401264	([96], [97, 95])
0	0.0	0.31563878365251447	([160], [160, 158])
0	0.0	0.31564886575877943	([527], [527, 525])
0	0.0	0.3156813320452302	([453], [453, 452])
0	0.0	0.31577246135146136	([561], [561, 559])
0	0.0	0.31605898022532436	([567], [567, 566])
0	0.0	0.3161136191211002	([629], [629, 628])
0	0.0	0.31614812862429437	([555], [555, 554])
0	0.0	0.31622194968662154	([757], [757, 756])
0	0.0	0.31624614849180294	([342], [342, 341])
0	0.0	0.3163056830790123	([694], [694, 693])
0	0.0	0.3163795060607972	([682], [682, 681])
0	0.0	0.3163985891982575	([594], [594, 593])
0	0.0	0.3165148837402144	([503], [503, 502])
0	0.0	0.3169701790576245	([246], [246, 245])
0	0.0	0.31746115790732415	([8], [8, 7])
0	0.0	0.3175161958558692	([592], [592, 591])
0	0.0	0.3176083991862891	([114], [114, 113])
0	0.0	0.3177597777804328	([80], [80, 79])
0	0.0	0.3178081812796692	([46], [46, 45])
0	0.0	0.31794721733813525	([55], [55, 54])
0	0.0	0.3180034661973457	([178], [178, 177])
0	0.0	0.3180292015543925	([378], [378, 377])
0	0.0	0.3180554411949602	([471], [471, 470])
0	0.0	0.31822481504868655	([162], [162, 161])
0	0.0	0.31831781827491534	([269], [269, 268])
0	0.0	0.3183439163079282	([211], [211, 210])
0	0.0	0.3184336263106436	([26], [26, 25])
0	0.0	0.31877037609774356	([504], [504, 503])
0	0.0	0.31878930231473424	([272], [272, 271])
0	0.0	0.3188310140583975	([381], [381, 380])
0	0.0	0.31885535684725125	([500], [500, 499])
0	0.0	0.3189615638094544	([424], [424, 423])
0	0.0	0.3190033972439055	([72], [72, 71])
0	0.0	0.31913664478408904	([11], [11, 10])
0	0.0	0.3191491095031437	([734], [734, 733])
0	0.0	0.3197104703915065	([197], [197, 194])
0	0.0	0.31973375197241277	([405], [405, 404])
0	0.0	0.3198294187900931	([708], [708, 707])
0	0.0	0.31992696186180536	([213], [213, 212])
0	0.0	0.32027542123264846	([388], [388, 387])
0	0.0	0.3202856617731498	([60], [60, 59])
0	0.0	0.32029354314220904	([608], [608, 607])
0	0.0	0.3203800626182547	([122], [122, 121])
0	0.0	0.32038105368747866	([89], [89, 88])
0	0.0	0.3204850358182804	([148], [148, 147])
0	0.0	0.32059300360588716	([416], [416, 415])
0	0.0	0.3207292611623011	([548], [548, 547])
0	0.0	0.32087479699427673	([205], [205, 204])
0	0.0	0.3208821338260109	([445], [445, 444])
0	0.0	0.3210167658533656	([776], [776, 775])
0	0.0	0.32109985008198266	([84], [84, 83])
0	0.0	0.32139346863485746	([736], [736, 735])
0	0.0	0.32154481316855865	([56], [56, 55])
0	0.0	0.32169126393150166	([240], [240, 239])
0	0.0	0.32204671944126323	([198], [198, 197])
0	0.0	0.32212477321999244	([719], [720, 718])
0	0.0	0.322288483867959	([560], [560, 559])
0	0.0	0.3225068717826201	([742], [742, 741])
0	0.0	0.32252467697479537	([369], [369, 368])
0	0.0	0.3228603286682645	([469], [469, 468])
0	0.0	0.32286147542441485	([737], [737, 736])
0	0.0	0.32299058163293515	([786], [786, 785])
0	0.0	0.32306592074519047	([271], [271, 270])
0	0.0	0.32315577597207656	([52], [52, 51])
0	0.0	0.32341449884364576	([675], [675, 674])
0	0.0	0.32347612086378846	([219], [219, 218])
0	0.0	0.32370350424920574	([795], [795, 794])
0	0.0	0.32373035463310385	([61], [61, 60])
0	0.0	0.3238045640039067	([51], [51, 50])
0	0.0	0.3238477399851786	([147], [147, 146])
0	0.0	0.32386471468291517	([99], [99, 98])
0	0.0	0.3238752691527513	([153], [153, 152])
0	0.0	0.3239662979960353	([164], [164, 163])
0	0.0	0.3239803334650905	([256], [256, 255])
0	0.0	0.32412135307711915	([740], [740, 739])
0	0.0	0.3241860863248976	([223], [223, 222])
0	0.0	0.32429707991462553	([725], [725, 724])
0	0.0	0.32437908402806115	([432], [432, 429])
0	0.0	0.3246029114443571	([707], [707, 705])
0	0.0	0.32463628244190446	([630], [630, 629])
0	0.0	0.324885566217258	([218], [218, 217])
0	0.0	0.3252022942742548	([627], [627, 626])
0	0.0	0.3254069181506405	([132], [132, 131])
0	0.0	0.3254688339632441	([235], [235, 233])
0	0.0	0.3255120411108858	([340], [340, 339])
0	0.0	0.32552548481205457	([12], [12, 11])
0	0.0	0.32554117758143397	([731], [731, 730])
0	0.0	0.32554338507410474	([4], [4, 3])
0	0.0	0.32558738614923627	([477], [477, 476])
0	0.0	0.32562857586661015	([667], [667, 666])
0	0.0	0.32567530312635135	([380], [380, 379])
0	0.0	0.3256864961734453	([404], [404, 403])
0	0.0	0.32569980582731795	([63], [65, 64])
0	0.0	0.32576095496966123	([16], [16, 15])
0	0.0	0.3259961641729081	([552], [552, 551])
0	0.0	0.3261797857860882	([25], [25, 24])
0	0.0	0.32622220805444074	([34], [34, 33])
0	0.0	0.32650173512821584	([189], [189, 188])
0	0.0	0.3268203960214909	([599], [599, 598])
0	0.0	0.3268627497225364	([248], [248, 247])
0	0.0	0.32694758017729286	([579], [579, 578])
0	0.0	0.3270224971665888	([254], [253, 252])
0	0.0	0.3271146786981795	([724], [724, 723])
0	0.0	0.3271789050723431	([339], [339, 338])
0	0.0	0.3272201172703761	([685], [685, 684])
0	0.0	0.3276178245705273	([705], [705, 704])
0	0.0	0.3276268558474908	([611], [611, 610])
0	0.0	0.327717729841619	([450], [450, 449])
0	0.0	0.32776357274882123	([686], [687, 685])
0	0.0	0.32798124562852266	([421], [421, 420])
0	0.0	0.3280466203973643	([73], [73, 72])
0	0.0	0.3281023792185999	([64], [63, 62])
0	0.0	0.3281121931469294	([465], [465, 464])
0	0.0	0.32811552588679777	([659], [659, 658])
0	0.0	0.3282437569737558	([796], [796, 795])
0	0.0	0.32825181781275864	([155], [155, 154])
0	0.0	0.32827513615701265	([333], [333, 332])
0	0.0	0.32827930596325494	([338], [338, 337])
0	0.0	0.32831541055426655	([382], [382, 381])
0	0.0	0.32838892295946404	([621], [623, 620])
0	0.0	0.32840817215539236	([766], [766, 765])
0	0.0	0.3285295176971077	([620], [620, 619])
0	0.0	0.32879176228986834	([170], [170, 169])
0	0.0	0.3288202784624294	([556], [556, 555])
0	0.0	0.3289192165457628	([784], [784, 783])
0	0.0	0.3291360684715738	([606], [606, 605])
0	0.0	0.3292158395629515	([498], [498, 497])
0	0.0	0.32926792811728556	([434], [434, 433])
0	0.0	0.32936684266981037	([761], [761, 760])
0	0.0	0.32943677379620145	([754], [754, 753])
0	0.0	0.3295170376489554	([602], [602, 601])
0	0.0	0.329651934639914	([616], [616, 615])
0	0.0	0.32994188899576105	([214], [214, 213])
0	0.0	0.330027425667903	([580], [580, 579])
0	0.0	0.3302360613976849	([664], [664, 663])
0	0.0	0.3304653035622785	([452], [452, 451])
0	0.0	0.3305335813091437	([666], [666, 665])
0	0.0	0.3306142143121777	([105], [105, 104])
0	0.0	0.33063671592282684	([98], [98, 97])
0	0.0	0.33075596184356454	([769], [769, 768])
0	0.0	0.3307858744322523	([565], [565, 564])
0	0.0	0.33105791454514616	([534], [534, 533])
0	0.0	0.33121606746187543	([642], [642, 641])
0	0.0	0.33140014228254105	([88], [88, 87])
0	0.0	0.3316711686534591	([673], [673, 672])
0	0.0	0.3320848552188174	([641], [641, 640])
0	0.0	0.3324570124577333	([709], [709, 708])
0	0.0	0.3324800406740689	([684], [684, 683])
0	0.0	0.33266124564553023	([138], [138, 137])
0	0.0	0.3329235465376505	([428], [428, 427])
0	0.0	0.33294251736078656	([702], [702, 701])
0	0.0	0.33305113337595177	([241], [241, 240])
0	0.0	0.3330553479176019	([6], [6, 5])
0	0.0	0.3330625145264217	([387], [387, 386])
0	0.0	0.33330669072092683	([532], [532, 531])
0	0.0	0.3333604984691654	([646], [646, 645])
0	0.0	0.3333904263982232	([791], [791, 790])
0	0.0	0.3334131561839491	([670], [670, 669])
0	0.0	0.33350212755529773	([252], [252, 251])
0	0.0	0.33353013565499834	([283], [283, 282])
0	0.0	0.33362113444810704	([514], [514, 513])
0	0.0	0.3336567617871513	([745], [745, 744])
0	0.0	0.33375952435911477	([511], [511, 510])
0	0.0	0.33392365473176033	([266], [266, 265])
0	0.0	0.33404327855644383	([716], [716, 715])
0	0.0	0.33411208742333826	([343], [343, 342])
0	0.0	0.33418444904114913	([643], [643, 642])
0	0.0	0.33470438233200517	([487], [487, 486])
0	0.0	0.33473421878309545	([140], [140, 139])
0	0.0	0.3348383058146676	([157], [157, 156])
0	0.0	0.33495355379880315	([350], [350, 349])
0	0.0	0.3349705055688816	([70], [70, 69])
0	0.0	0.33499414356297474	([601], [601, 600])
0	0.0	0.3350718462318013	([41], [41, 40])
0	0.0	0.3351244995562745	([491], [491, 490])
0	0.0	0.3351656619749176	([678], [678, 677])
0	0.0	0.335258049742203	([239], [239, 238])
0	0.0	0.3354331479599963	([690], [690, 689])
0	0.0	0.3355057274757252	([574], [574, 573])
0	0.0	0.33586922730145835	([119], [119, 118])
0	0.0	0.3359266941507727	([112], [112, 110])
0	0.0	0.33596184084886965	([451], [451, 450])
0	0.0	0.3360535936749983	([486], [489, 485])
0	0.0	0.33612754504624426	([106], [106, 105])
0	0.0	0.3362008614681593	([386], [386, 385])
0	0.0	0.33620891116119184	([752], [752, 751])
0	0.0	0.3364827975372087	([755], [755, 754])
0	0.0	0.3366812559965504	([273], [273, 272])
0	0.0	0.3368547077313863	([93], [93, 92])
0	0.0	0.33691488735235176	([480], [480, 479])
0	0.0	0.3371230550689379	([406], [406, 405])
0	0.0	0.3371349183205453	([714], [714, 713])
0	0.0	0.33727834467601137	([584], [584, 583])
0	0.0	0.3374027117378085	([62], [62, 61])
0	0.0	0.3378193178560418	([541], [541, 540])
0	0.0	0.3380005388741443	([587], [587, 586])
0	0.0	0.33804248060512876	([59], [59, 57])
0	0.0	0.3380535102876935	([329], [329, 328])
0	0.0	0.33857997800571277	([700], [707, 706])
0	0.0	0.3386077912174422	([136], [160, 159])
1	0.32776040778906745	0.3386733019528115	([185, 182], [185, 184, 182])
1	0.32502595668402684	0.3387370979891206	([197, 196], [197, 196, 194])
0	0.0	0.3388457542872989	([444], [444, 443])
0	0.0	0.3390298481940922	([490], [490, 489])
0	0.0	0.3390682578454585	([715], [715, 714])
0	0.0	0.33914257098126993	([436], [436, 435])
0	0.0	0.3392166632203754	([163], [163, 162])
0	0.0	0.3394495559079479	([259], [259, 258])
0	0.0	0.3394579398086403	([110], [110, 109])
0	0.0	0.33947232944427924	([347], [347, 346])
0	0.0	0.33954308618543894	([600], [600, 599])
0	0.0	0.3395715693491714	([199], [199, 198])
0	0.0	0.33959944805877235	([29], [29, 28])
0	0.0	0.33969820985852467	([69], [69, 68])
0	0.0	0.3397050117253406	([232], [235, 229])
0	0.0	0.3397594018881144	([245], [245, 244])
0	0.0	0.33980023407692855	([570], [570, 569])
0	0.0	0.3400566272988982	([468], [468, 467])
0	0.0	0.34040518149644944	([484], [484, 482])
0	0.0	0.3407879149943371	([161], [161, 160])
0	0.0	0.3410328196000099	([537], [537, 536])
0	0.0	0.34120488808029953	([656], [656, 655])
0	0.0	0.3414248083463451	([586], [586, 585])
0	0.0	0.34261745553002115	([679], [679, 678])
0	0.0	0.3428530659005014	([33], [33, 32])
0	0.0	0.3428930889912748	([337], [337, 336])
0	0.0	0.3430239033790335	([680], [680, 679])
0	0.0	0.34305955950529354	([336], [336, 335])
0	0.0	0.34309842001619234	([578], [578, 577])
0	0.0	0.34353841366398974	([379], [379, 378])
0	0.0	0.3439209654406955	([572], [572, 571])
0	0.0	0.344120223204532	([226], [226, 225])
0	0.0	0.3445122206853628	([618], [618, 617])
0	0.0	0.3450859528686617	([351], [351, 350])
0	0.0	0.3454022521727103	([331], [331, 330])
0	0.0	0.3454072183786655	([348], [348, 347])
0	0.0	0.3456492190536739	([411], [411, 410])
0	0.0	0.3457731462602508	([391], [391, 390])
0	0.0	0.34577345519595426	([657], [657, 655])
0	0.0	0.3459583288983472	([759], [759, 758])
0	0.0	0.3461522480528495	([549], [549, 548])
0	0.0	0.34630297556383965	([394], [394, 393])
0	0.0	0.3463899308406226	([244], [244, 241])
0	0.0	0.3464051395211464	([268], [268, 267])
0	0.0	0.34673468597594337	([460], [460, 459])
0	0.0	0.34681596948916693	([698], [698, 697])
0	0.0	0.3468281859551952	([345], [345, 344])
0	0.0	0.34692827536493315	([472], [472, 471])
0	0.0	0.34694922487392826	([577], [577, 576])
0	0.0	0.34695671067734263	([497], [497, 496])
0	0.0	0.34704389624173426	([512], [512, 511])
0	0.0	0.3472848122964575	([569], [569, 568])
0	0.0	0.3473253141363523	([547], [547, 546])
0	0.0	0.3477575371075737	([323], [323, 322])
0	0.0	0.3481311661642981	([741], [741, 740])
0	0.0	0.34818793548534116	([267], [267, 266])
0	0.0	0.3483195701731013	([402], [402, 401])
0	0.0	0.3483446690234338	([528], [528, 527])
0	0.0	0.3483550499112494	([35], [35, 34])
0	0.0	0.34841138997781723	([581], [581, 580])
0	0.0	0.3486425962764292	([481], [481, 480])
0	0.0	0.34867174047128174	([466], [466, 465])
0	0.0	0.3490453275705772	([455], [455, 454])
0	0.0	0.34905856315994677	([650], [650, 649])
0	0.0	0.34911078315460115	([393], [393, 392])
0	0.0	0.34916311148272444	([346], [346, 345])
1	0.32003143717978977	0.3495418088080651	([651, 650], [653, 652, 651])
0	0.0	0.349715420904461	([517], [517, 516])
0	0.0	0.350099183536791	([495], [495, 494])
0	0.0	0.35038438290865154	([322], [323, 321])
0	0.0	0.35077242310408047	([372], [372, 371])
0	0.0	0.35099344066194765	([384], [384, 383])
0	0.0	0.35102165708204164	([525], [525, 524])
0	0.0	0.351422665416817	([85], [85, 84])
0	0.0	0.3514607168331587	([383], [383, 382])
0	0.0	0.3514766476236993	([274], [274, 273])
0	0.0	0.3520292438232593	([24], [24, 23])
0	0.0	0.35296396041408995	([32], [32, 31])
0	0.0	0.3530362086316422	([250], [250, 249])
0	0.0	0.3530364199090958	([209], [209, 208])
0	0.0	0.35314628556391087	([722], [722, 721])
0	0.0	0.3546378043119242	([523], [523, 521])
0	0.0	0.35465483664420483	([583], [583, 582])
0	0.0	0.35521173637332704	([672], [672, 671])
0	0.0	0.35526762257706573	([789], [789, 788])
0	0.0	0.3555747389843688	([410], [410, 409])
0	0.0	0.3555920799396366	([49], [49, 48])
0	0.0	0.3557557679947667	([194], [194, 193])
0	0.0	0.3559199427026758	([180], [180, 179])
0	0.0	0.3563576678287507	([443], [443, 441])
1	0.3432830583098064	0.35640398686000785	([740, 737], [740, 739, 737])
0	0.0	0.3564222825050421	([788], [789, 787])
0	0.0	0.3567592856386448	([38], [38, 37])
0	0.0	0.35684932935525	([603], [603, 602])
0	0.0	0.35700532982562605	([676], [676, 675])
0	0.0	0.35810719169251054	([483], [483, 482])
0	0.0	0.35815110367101566	([429], [429, 428])
0	0.0	0.3583529740868185	([476], [476, 475])
1	0.3518449343863034	0.35848741128355277	([769, 766], [769, 768, 766])
1	0.33506079625715407	0.358593313024725	([358, 354], [358, 357, 354])
0	0.0	0.35864168266487423	([407], [407, 406])
0	0.0	0.3586816701307844	([494], [494, 492])
0	0.0	0.3588220743509388	([58], [58, 57])
0	0.0	0.3590474556941995	([182], [182, 181])
0	0.0	0.35959493665589204	([654], [654, 653])
0	0.0	0.360086336125193	([279], [279, 278])
0	0.0	0.3603159876787441	([459], [459, 458])
0	0.0	0.36033571568781325	([482], [482, 481])
0	0.0	0.36072062467693516	([341], [341, 340])
0	0.0	0.3607718733083242	([359], [359, 358])
1	0.357264711218313	0.3608343683871695	([80, 76], [80, 79, 76])
0	0.0	0.36096549139911993	([101], [102, 99])
1	0.3590403917736421	0.36131857539111023	([248, 245], [248, 247, 246])
0	0.0	0.361836112381555	([596], [596, 595])
0	0.0	0.3621674220338534	([363], [363, 362])
1	0.3459984802989013	0.36232084882582233	([158, 155], [158, 157, 155])
0	0.0	0.3624147685091985	([210], [210, 209])
0	0.0	0.3624203031281781	([706], [700, 698])
0	0.0	0.3631087532053725	([83], [83, 82])
0	0.0	0.3634102633183562	([420], [420, 419])
0	0.0	0.3643036569081717	([794], [794, 793])
0	0.0	0.3643306460249428	([417], [417, 416])
0	0.0	0.36467371276029453	([67], [67, 66])
0	0.0	0.36470216819215134	([222], [222, 221])
0	0.0	0.3648926336960699	([176], [177, 175])
0	0.0	0.3652506843796502	([783], [783, 782])
0	0.0	0.36567519281809846	([124], [124, 123])
0	0.0	0.3660376336503854	([781], [781, 779])
0	0.0	0.3660780399932931	([321], [321, 320])
0	0.0	0.3670821160919175	([330], [330, 329])
0	0.0	0.3676204072480281	([531], [531, 530])
0	0.0	0.3678370646029657	([750], [750, 749])
0	0.0	0.3684187135771588	([396], [396, 395])
0	0.0	0.3685087080576341	([492], [492, 491])
1	0.35962540800131354	0.3687535731303192	([486, 485], [489, 487, 485])
0	0.0	0.36889636837255974	([19], [19, 18])
0	0.0	0.3689622160852871	([281], [281, 280])
0	0.0	0.3690583901707336	([431], [431, 430])
0	0.0	0.36913268841084934	([401], [401, 400])
0	0.0	0.3697562809036987	([485], [485, 484])
0	0.0	0.37020834882230025	([610], [610, 609])
0	0.0	0.37032177185427234	([463], [463, 462])
0	0.0	0.3707889276137636	([221], [222, 220])
0	0.0	0.3710411989566592	([166], [166, 165])
0	0.0	0.3719517402868186	([18], [18, 17])
0	0.0	0.37198091816350387	([171], [171, 170])
0	0.0	0.37203176372708074	([48], [48, 47])
1	0.368502244089751	0.3722701221345473	([170, 166], [170, 169, 166])
0	0.0	0.3724084867825867	([521], [521, 517])
0	0.0	0.37247925151438716	([597], [597, 596])
0	0.0	0.37253174894697966	([605], [605, 604])
0	0.0	0.37292623600841474	([513], [520, 519])
0	0.0	0.37303631517127517	([385], [385, 384])
0	0.0	0.3736110175111281	([23], [23, 22])
0	0.0	0.3736183502141962	([126], [126, 125])
1	0.3636190134483256	0.3743946019372881	([213, 209], [213, 211, 210])
0	0.0	0.3746860188324775	([751], [751, 750])
0	0.0	0.37520817782297927	([100], [100, 99])
0	0.0	0.3752437745036532	([474], [475, 472])
0	0.0	0.37559669799222645	([43], [43, 42])
0	0.0	0.3758333419129601	([282], [282, 281])
0	0.0	0.3758341191272224	([249], [249, 248])
0	0.0	0.3762771297736376	([449], [474, 473])
0	0.0	0.3763721921414633	([546], [546, 545])
0	0.0	0.3764425806213614	([507], [507, 506])
0	0.0	0.37775116461624475	([647], [647, 646])
0	0.0	0.3780988075007537	([598], [598, 597])
0	0.0	0.37828625231837115	([554], [554, 552])
0	0.0	0.37847744658948634	([438], [438, 437])
0	0.0	0.3789756389102245	([780], [780, 779])
1	0.37767268680633154	0.37980489677965523	([72, 67], [72, 69, 68])
1	0.3799061882372356	0.3799711676951094	([753, 750], [753, 752, 751])
1	0.37266910172656265	0.3799711676951094	([754, 751], [754, 753, 751])
0	0.0	0.3801790306108584	([263], [263, 262])
0	0.0	0.3802008132392471	([721], [721, 720])
0	0.0	0.3802197924974111	([66], [66, 65])
0	0.0	0.38041525634293233	([22], [22, 21])
1	0.3655939612174691	0.3810418904065988	([208, 204], [208, 206, 205])
0	0.0	0.3810448567809344	([746], [746, 745])
0	0.0	0.38125589513584085	([536], [536, 535])
0	0.0	0.38153357985420855	([278], [278, 277])
0	0.0	0.382854537421722	([439], [439, 438])
0	0.0	0.38323154172993734	([104], [104, 103])
0	0.0	0.383559525793397	([604], [605, 603])
0	0.0	0.3837692158951006	([775], [775, 774])
0	0.0	0.38463222819593673	([748], [748, 746])
0	0.0	0.3848856395953415	([21], [21, 19])
1	0.37890481304922846	0.3853221216243154	([19, 16], [19, 18, 17])
0	0.0	0.38545462320010754	([522], [522, 521])
0	0.0	0.3859515927793381	([364], [364, 363])
0	0.0	0.38597724491105584	([544], [544, 543])
0	0.0	0.3862002461598901	([615], [615, 614])
0	0.0	0.38662925484840416	([301], [301, 296])
1	0.38227527088219915	0.38685537493277705	([485, 480], [485, 484, 480])
0	0.0	0.38702214390882583	([229], [235, 234])
0	0.0	0.38771956384524675	([103], [103, 102])
1	0.3816531625183386	0.3877714090125028	([684, 680], [684, 683, 680])
0	0.0	0.3878208842553903	([159], [136, 135])
0	0.0	0.3879817916983966	([201], [201, 200])
0	0.0	0.3881397651722877	([782], [782, 781])
0	0.0	0.38817153877667054	([192], [192, 191])
0	0.0	0.3882290365896718	([591], [591, 590])
0	0.0	0.38986823485507355	([633], [633, 632])
1	0.36977502841392507	0.38986966349333696	([208, 201], [208, 204, 203])
0	0.0	0.39041559425680494	([730], [730, 725])
0	0.0	0.3907617897939089	([663], [663, 662])
0	0.0	0.39136733931781403	([236], [244, 242])
0	0.0	0.39229860455283583	([638], [638, 637])
1	0.38541693537644567	0.39251922208181633	([599, 596], [599, 598, 596])
0	0.0	0.3926017397049697	([508], [508, 507])
0	0.0	0.39316076727116805	([242], [236, 235])
0	0.0	0.3934747310211852	([335], [335, 334])
0	0.0	0.39384433724040974	([446], [446, 445])
0	0.0	0.39415428690499593	([425], [425, 419])
0	0.0	0.3942612663240606	([284], [284, 283])
0	0.0	0.395180427190788	([413], [413, 410])
0	0.0	0.39555561386692634	([441], [443, 442])
0	0.0	0.3956590444327995	([729], [729, 728])
0	0.0	0.3957838915170283	([280], [280, 279])
0	0.0	0.3964260909474216	([612], [612, 611])
0	0.0	0.3967097709437396	([44], [44, 42])
0	0.0	0.39686501046841444	([711], [711, 710])
0	0.0	0.39721894367173	([375], [375, 374])
0	0.0	0.39762657437727406	([447], [447, 445])
0	0.0	0.39829476871524555	([688], [688, 687])
0	0.0	0.39867652341876003	([713], [713, 712])
0	0.0	0.3998413324921812	([389], [389, 388])
0	0.0	0.40010670104748763	([543], [543, 542])
1	0.39915070035299716	0.40044834999293344	([730, 729], [730, 729, 728])
0	0.0	0.40059910931797044	([332], [332, 331])
0	0.0	0.4008163465440918	([418], [418, 417])
0	0.0	0.4016305050766164	([334], [334, 333])
0	0.0	0.40188107728782	([374], [375, 372])
0	0.0	0.4023413519120885	([649], [649, 648])
0	0.0	0.4034997179619298	([111], [111, 110])
0	0.0	0.40362452533129706	([770], [770, 769])
0	0.0	0.403673964978412	([563], [563, 562])
1	0.39698105570830794	0.40441882543313834	([232, 230], [235, 232, 230])
0	0.0	0.4046212352821532	([562], [562, 559])
0	0.0	0.4056732880263648	([519], [520, 518])
0	0.0	0.4062511070347166	([289], [289, 288])
0	0.0	0.4072182671373116	([57], [57, 56])
0	0.0	0.4078389282397835	([493], [493, 492])
0	0.0	0.40806928232833517	([307], [307, 305])
0	0.0	0.40868012116366903	([559], [562, 558])
0	0.0	0.4093057189160647	([354], [354, 353])
0	0.0	0.40965219776386824	([311], [311, 304])
0	0.0	0.40978356530971843	([320], [320, 319])
0	0.0	0.4100162793080695	([400], [400, 396])
0	0.0	0.4102530111796375	([390], [413, 412])
0	0.0	0.410306856282484	([442], [441, 440])
0	0.0	0.41065392129926376	([310], [310, 307])
0	0.0	0.4110012983079374	([324], [324, 323])
0	0.0	0.41115113625823324	([634], [634, 633])
0	0.0	0.41126429433441475	([473], [450, 441])
0	0.0	0.41149937623660093	([367], [367, 366])
0	0.0	0.41152270578155237	([419], [419, 417])
0	0.0	0.41185128412850774	([625], [625, 624])
0	0.0	0.4119556549628708	([414], [449, 448])
0	0.0	0.41196850269519764	([76], [76, 75])
0	0.0	0.4126897720948804	([613], [613, 611])
0	0.0	0.4131519679214976	([747], [747, 746])
0	0.0	0.41383430239404423	([792], [792, 791])
1	0.4128842976280555	0.41392183903322705	([412, 411], [413, 412, 410])
0	0.0	0.41515575856506215	([234], [229, 228])
0	0.0	0.4157400793552882	([558], [558, 557])
1	0.4107298016171216	0.41593520570489945	([346, 340], [346, 345, 340])
0	0.0	0.41689816475275665	([288], [288, 284])
0	0.0	0.4170313895664041	([785], [785, 784])
0	0.0	0.41826453896895555	([368], [368, 367])
0	0.0	0.4188151743017537	([773], [773, 772])
0	0.0	0.4195424131744737	([648], [649, 646])
0	0.0	0.42001847486826294	([75], [75, 74])
1	0.41600548543565263	0.4205103265713993	([425, 424], [425, 424, 419])
0	0.0	0.4221045301927052	([717], [717, 716])
0	0.0	0.42361172086716864	([42], [42, 41])
0	0.0	0.42383474476783695	([787], [787, 786])
0	0.0	0.42423524127314555	([412], [390, 389])
0	0.0	0.42428845592740766	([624], [624, 620])
0	0.0	0.4243115622160754	([262], [262, 260])
1	0.39866764654827813	0.4245350337350118	([579, 570], [578, 574, 573])
0	0.0	0.426506639897495	([261], [261, 260])
0	0.0	0.427212034424197	([326], [326, 325])
0	0.0	0.4274869335908921	([545], [545, 544])
1	0.42308953916724823	0.4276689472419994	([380, 377], [380, 379, 377])
1	0.4273576038637012	0.42890161929268766	([450, 447], [450, 449, 447])
0	0.0	0.4297057497810251	([277], [277, 275])
0	0.0	0.43044575025873766	([319], [319, 318])
0	0.0	0.4307109919598746	([793], [793, 792])
0	0.0	0.43173335454740763	([327], [327, 326])
0	0.0	0.43211613417097067	([290], [290, 289])
0	0.0	0.4333702382528056	([286], [286, 285])
1	0.4318783268869416	0.4334355576884903	([663, 658], [663, 662, 658])
0	0.0	0.4338202629426353	([304], [311, 307])
0	0.0	0.433952867894427	([328], [328, 326])
1	0.42998228606713196	0.4349996850563454	([670, 663], [670, 667, 666])
1	0.43255612133090315	0.4361625695173942	([548, 543], [548, 546, 543])
0	0.0	0.4362824124822729	([325], [325, 324])
1	0.4167395698917534	0.43642454334168873	([448, 447], [450, 447, 443])
0	0.0	0.4365523594129586	([617], [617, 616])
0	0.0	0.43674448601597926	([712], [712, 711])
0	0.0	0.43685988764208544	([366], [366, 364])
0	0.0	0.4369338468314578	([186], [186, 185])
0	0.0	0.43722770594052895	([774], [774, 773])
0	0.0	0.43725919719287076	([316], [316, 315])
0	0.0	0.43907219510574824	([779], [783, 291])
0	0.0	0.4396806820603483	([257], [288, 286])
1	0.4040593436679936	0.4428993917658752	([386, 382], [386, 385, 383])
0	0.0	0.4439415272209594	([220], [244, 243])
0	0.0	0.4447706419046166	([302], [302, 301])
0	0.0	0.4457696729961082	([448], [414, 413])
1	0.4439781137224334	0.44695417445136404	([713, 710], [713, 712, 711])
0	0.0	0.4483149661861886	([314], [314, 313])
0	0.0	0.44874987238146913	([315], [315, 314])
0	0.0	0.45188590813760654	([305], [310, 308])
0	0.0	0.45345232024859716	([312], [312, 300])
0	0.0	0.45490065044891415	([291], [784, 778])
1	0.4336204701172673	0.4551846005759036	([772, 766], [772, 770, 769])
0	0.0	0.4556301600408963	([300], [312, 303])
0	0.0	0.4569576200342781	([309], [309, 294])
1	0.45073927091335425	0.4576588995957528	([555, 543], [555, 549, 543])
0	0.0	0.45839261081559696	([318], [321, 316])
1	0.43550019982296695	0.45900266294366976	([305, 304], [311, 307, 305])
0	0.0	0.4615338845490224	([287], [287, 286])
0	0.0	0.46253673259095296	([294], [309, 300])
0	0.0	0.4637353830211317	([317], [317, 316])
1	0.4602105004035991	0.4637358468119383	([318, 316], [321, 320, 316])
0	0.0	0.4641816102736217	([313], [317, 283])
1	0.4525789692001856	0.46473425372159494	([272, 257], [272, 269, 259])
0	0.0	0.46520925491555487	([285], [257, 256])
0	0.0	0.4652766080281285	([243], [327, 295])
1	0.44836090589425187	0.46703694331636086	([310, 304], [311, 310, 307])
1	0.4528932340189468	0.4673250997563458	([796, 791], [796, 794, 792])
0	0.0	0.46876079307708995	([295], [222, 219])
1	0.4689307920129619	0.46936615258293446	([556, 547], [556, 552, 547])
0	0.0	0.46952617522119483	([518], [616, 297])
0	0.0	0.4697186138665314	([297], [717, 293])
0	0.0	0.470148118273693	([0], [315, 292])
1	0.4713966972107167	0.47177775922105564	([285, 284], [286, 285, 283])
0	0.0	0.47294109025882103	([292], [313, 312])
1	0.45275419591509397	0.47330713072228553	([286, 282], [288, 286, 285])
0	0.0	0.4735296243637871	([718], [747, 293])
0	0.0	0.47551647717665535	([303], [309, 291])
0	0.0	0.47843601349422704	([377], [412, 295])
0	0.0	0.4810044224291809	([764], [764, 763])
1	0.4753203256195656	0.4811226192300184	([347, 336], [347, 338, 337])
1	0.45754604699877627	0.4835113766054289	([750, 746], [750, 749, 746])
1	0.46739609574754487	0.48521207948281403	([308, 305], [311, 310, 308])
1	0.4557451753592535	0.48595998351833425	([672, 658], [672, 671, 658])
0	0.0	0.4897012730706943	([308], [311, 290])
0	0.0	0.494330789801003	([293], [367, 365])
1	0.49126880917119914	0.4963083578989806	([307, 289], [311, 307, 289])
1	0.4899661048131941	0.5051801660587109	([351, 337], [351, 350, 349])
0	0.0	0.5098106243102242	([365], [309, 306])
0	0.0	0.5124206492717918	([306], [315, 296])
1	0.481206744099771	0.5162275489834414	([314, 303], [314, 313, 312])
1	0.5241278723045093	0.5276530014903995	([493, 486], [493, 492, 486])
1	0.5112907144263357	0.5341110676916173	([790, 779], [790, 787, 779])
1	0.534715042991149	0.5403587428389933	([791, 781], [791, 787, 779])
1	0.5481416942727269	0.5506917289285069	([394, 383], [394, 389, 388])
1	0.5458301219650413	0.5514410298403944	([308, 282], [308, 305, 289])
1	0.4916247804785173	0.5563764478011	([325, 300], [325, 322, 320])
1	0.537564519106175	0.5615389794774523	([328, 317], [328, 325, 317])
1	0.5533747837676611	0.566097531641332	([163, 152], [163, 155, 152])
1	0.5599429970334382	0.5672496397419566	([389, 384], [389, 387, 386])
1	0.4665707303904114	0.5804999311288069	([363, 335], [363, 353, 336])
1	0.5246752048422969	0.5819474120444423	([309, 308], [309, 305, 290])
1	0.5630251105511015	0.5833482236928281	([401, 384], [401, 390, 389])
1	0.5776746309427065	0.5837121703681118	([465, 457], [465, 461, 460])
1	0.5607867447303558	0.5869408359170659	([438, 292], [438, 431, 430])
1	0.5512673788598594	0.591311550313421	([26, 12], [26, 24, 12])
1	0.586718798671423	0.5914576671680118	([171, 159], [172, 171, 159])
1	0.5899830055360524	0.593634096262496	([307, 48], [307, 58, 48])
1	0.562252280749935	0.59471725057022	([738, 721], [738, 724, 723])
1	0.5711599732324877	0.5956387658850729	([788, 300], [793, 788, 785])
1	0.5240848948588934	0.5991237135328173	([624, 297], [624, 617, 616])
1	0.5860468547466137	0.6004948078571539	([317, 309], [317, 309, 284])
1	0.5447633412614229	0.6035311044567768	([300, 279], [300, 285, 279])
1	0.5769027596568906	0.6054915437657581	([302, 277], [302, 286, 282])
1	0.5825667402026957	0.6074573874703201	([375, 364], [375, 370, 369])
1	0.5973695143652973	0.608222792615359	([402, 385], [402, 389, 385])
1	0.6007384321916183	0.6162666701041066	([531, 523], [531, 527, 525])
1	0.6010869811739697	0.6196420649371962	([592, 580], [592, 591, 580])
1	0.5998454093342611	0.6201782934300499	([746, 723], [746, 744, 723])
1	0.5678145948114128	0.6204130801990162	([483, 292], [493, 484, 483])
1	0.620559692700702	0.6220985677804176	([796, 766], [796, 781, 766])
1	0.5868101954450478	0.6246596609732069	([778, 761], [778, 774, 762])
1	0.6239981072133303	0.6279415255116423	([640, 623], [640, 633, 623])
1	0.6215996624871963	0.6284423994570764	([750, 710], [750, 718, 717])
1	0.5181308799377413	0.6287043632272815	([312, 311], [317, 312, 283])
1	0.6219114161544427	0.6336815168379004	([638, 622], [638, 634, 622])
1	0.6064067836861209	0.6340732658888366	([284, 257], [284, 277, 257])
1	0.6232437766591106	0.6345932551427962	([639, 618], [640, 639, 618])
1	0.5161710198866847	0.6346609306692078	([309, 302], [309, 291, 287])
1	0.6146692533903017	0.6359706265609196	([585, 563], [585, 583, 563])
1	0.6059802872115165	0.6361728749963416	([334, 318], [334, 329, 318])
1	0.5003595039243067	0.636223981212045	([300, 285], [309, 300, 285])
1	0.6375923447063586	0.6389833289788807	([423, 402], [423, 415, 402])
1	0.6189407546137868	0.641222752025727	([521, 302], [531, 522, 521])
1	0.48721304229700335	0.6464671959352397	([291, 287], [312, 309, 294])
1	0.4662253307717932	0.6464671959352397	([312, 294], [312, 309, 300])
1	0.6149481254141559	0.6466922675909305	([750, 728], [750, 728, 723])
1	0.6048000102804156	0.6466922675909305	([750, 718], [750, 746, 723])
1	0.6366109676434818	0.6471248728081881	([766, 752], [773, 766, 752])
1	0.5659164423786976	0.6486539203569263	([318, 285], [318, 313, 312])
1	0.6305164907668687	0.6502732560476063	([773, 284], [796, 766, 284])
1	0.648479262081952	0.6506269570652027	([480, 284], [480, 465, 284])
1	0.582463282170521	0.6524212964860547	([306, 280], [309, 306, 280])
1	0.647977515241464	0.6529424700706159	([793, 750], [796, 793, 750])
1	0.608065890809965	0.6533114457877286	([320, 308], [320, 308, 285])
1	0.6350308854459826	0.6552902436725773	([754, 721], [751, 749, 721])
1	0.5494014669922502	0.6577711968273983	([329, 278], [329, 317, 278])
1	0.6214086471374696	0.6598167243572168	([792, 284], [767, 766, 284])
1	0.6336496509357846	0.660090696042928	([385, 364], [385, 381, 369])
1	0.5105186881913332	0.6610957094906295	([313, 307], [313, 310, 288])
1	0.6400481061608787	0.6614480914945675	([676, 652], [676, 668, 654])
1	0.6316870303633135	0.6627793092621258	([200, 179], [200, 186, 179])
1	0.60992984005855	0.6664517580868313	([390, 374], [387, 378, 366])
1	0.6531761834534909	0.6670989651899734	([216, 193], [216, 202, 193])
1	0.6511166162835513	0.6697081366782895	([284, 84], [284, 103, 84])
1	0.6328718544768286	0.6697149373465647	([180, 152], [180, 168, 165])
1	0.5142928980152146	0.6700836607405612	([770, 750], [765, 762, 750])
1	0.6554576330838933	0.6721116887754177	([712, 318], [796, 750, 710])
1	0.6559889446107746	0.672144019236686	([435, 284], [435, 411, 404])
1	0.6479855264796129	0.6725707848080668	([318, 254], [318, 273, 255])
1	0.6288443205089609	0.6726936271853127	([385, 330], [385, 364, 335])
1	0.6396557965747536	0.6726936271853127	([383, 335], [385, 380, 335])
1	0.6301965767352525	0.6726936271853127	([513, 335], [513, 385, 335])
1	0.6617178356514674	0.672802033302527	([374, 337], [374, 366, 339])
1	0.6727439308700409	0.6743830616649065	([452, 318], [476, 464, 318])
1	0.6698570514875065	0.67458969159566	([773, 318], [787, 782, 318])
1	0.6660407572468362	0.6754108491471398	([786, 383], [786, 759, 758])
1	0.6671142053769773	0.6762849309605568	([533, 318], [543, 533, 532])
1	0.6755666147008734	0.677286446501762	([761, 374], [785, 764, 374])
1	0.6745790939882116	0.6784826353644423	([182, 163], [182, 176, 166])
1	0.6612698583840633	0.6788707221538802	([232, 210], [232, 223, 219])
1	0.6798862845978765	0.681002294772248	([199, 165], [199, 186, 181])
1	0.6646867151472656	0.6815303309141901	([519, 318], [533, 525, 517])
1	0.6699547106032763	0.6818576824054708	([192, 172], [192, 190, 172])
1	0.6764518458966601	0.6823695035262541	([560, 384], [560, 540, 536])
1	0.6142157474809727	0.6826152457459178	([284, 242], [284, 274, 246])
1	0.632698938228672	0.683210483520401	([428, 302], [442, 430, 428])
1	0.6663343585840401	0.6838369918389903	([513, 501], [513, 511, 506])
1	0.6554730178387949	0.6839385257344386	([658, 384], [658, 649, 646])
1	0.6704147920280147	0.6839823276655138	([382, 333], [382, 379, 333])
1	0.668086303650188	0.6843973678942287	([506, 382], [512, 506, 385])
1	0.6311749641921971	0.6843973678942287	([512, 385], [513, 506, 385])
1	0.67992078948811	0.6849233849960714	([605, 318], [629, 613, 318])
1	0.6754629211120484	0.6850118213149229	([317, 11], [317, 23, 19])
1	0.6751131539990641	0.685485625430259	([739, 318], [733, 725, 318])
1	0.6753301369782668	0.6856496750497509	([584, 537], [584, 560, 542])
1	0.6703198963197714	0.6860300615808177	([374, 234], [374, 234, 227])
1	0.6821916525473984	0.6865383054880732	([371, 220], [384, 371, 368])
1	0.6805439801824035	0.6867657505093346	([696, 651], [696, 654, 651])
1	0.6688247052585479	0.6867657505093346	([696, 643], [696, 676, 654])
1	0.6824278443823847	0.6869445342242506	([144, 120], [144, 136, 120])
1	0.6866343551848981	0.6881814359722092	([509, 381], [509, 502, 381])
1	0.6646433966527742	0.6882634857506753	([372, 334], [370, 366, 363])
1	0.6835811884505849	0.6884127483500403	([758, 702], [761, 758, 702])
1	0.6809949877603327	0.6886057542436783	([71, 38], [71, 62, 38])
1	0.6880262421549099	0.6886952559099073	([214, 183], [214, 203, 183])
1	0.6783726752734833	0.6890268242562931	([702, 374], [761, 755, 716])
1	0.6288027813095924	0.6904159021419245	([317, 21], [317, 284, 22])
1	0.606841029883637	0.6911801201679475	([284, 22], [302, 282, 22])
1	0.6823564695285299	0.6911874721094489	([679, 642], [679, 673, 642])
1	0.6674342255187732	0.6918129234671772	([700, 674], [700, 695, 674])
1	0.6548111527106157	0.6918913188749996	([641, 318], [605, 592, 318])
1	0.6439306587470363	0.692556976185059	([154, 125], [154, 148, 125])
1	0.6906733964718074	0.6926826391681342	([522, 488], [522, 514, 488])
1	0.6879824405888565	0.6938491215911616	([756, 642], [757, 756, 642])
1	0.6466927618137973	0.6955841163936568	([714, 284], [741, 718, 714])
1	0.6849216545210863	0.695671088179672	([743, 642], [756, 744, 743])
1	0.6905754414154669	0.695855585312279	([374, 249], [374, 249, 234])
1	0.6635898478431735	0.6959827543960203	([505, 375], [501, 500, 370])
1	0.6959152944972704	0.6961375456908333	([692, 649], [692, 678, 651])
1	0.6815144035253141	0.6961513007903304	([765, 713], [752, 746, 713])
1	0.6723200651180887	0.6969340553583485	([369, 34], [383, 369, 335])
1	0.6412712748230094	0.6971269549864275	([787, 318], [796, 318, 313])
1	0.677168052596371	0.6971269549864275	([750, 320], [796, 750, 313])
1	0.6968825246429795	0.697162736777169	([495, 329], [496, 495, 329])
1	0.686393107109548	0.6974925974804649	([621, 589], [621, 612, 607])
1	0.6967587044640371	0.6976858020150376	([114, 61], [114, 86, 84])
1	0.6154862286113105	0.6984657269962843	([459, 302], [459, 442, 439])
1	0.6857525438524928	0.698606877411771	([774, 721], [774, 753, 751])
1	0.6422481790608568	0.6986279475686189	([503, 374], [511, 502, 379])
1	0.6286446371908877	0.6987744019912372	([366, 325], [366, 334, 329])
1	0.6957223646123953	0.6988319151289546	([31, 0], [31, 11, 0])
1	0.6769975493407798	0.6989589767600752	([304, 21], [304, 283, 21])
1	0.6714247940606827	0.6993252655735194	([585, 535], [585, 563, 554])
1	0.6840849792724997	0.7000798606035735	([430, 385], [430, 421, 385])
1	0.6885615215634288	0.7001818410032646	([513, 198], [513, 198, 185])
1	0.6847024170364443	0.7001818410032646	([513, 179], [513, 385, 185])
1	0.7005333221273576	0.7006944841993332	([384, 1], [384, 11, 3])
1	0.6832870105414374	0.7011054206981775	([83, 34], [83, 62, 38])
1	0.6901624927517304	0.7016744714696448	([513, 229], [513, 229, 221])
1	0.6551470834555856	0.7018167522950103	([761, 742], [761, 748, 742])
1	0.6759651700051967	0.702318831304161	([200, 148], [200, 199, 150])
1	0.6939956628986333	0.7031479442232662	([697, 642], [701, 697, 642])
1	0.7011870571391677	0.7031859760439627	([659, 513], [660, 659, 513])
1	0.6836229771880271	0.70321808543095	([453, 374], [453, 387, 382])
1	0.6790147595250642	0.703424805133093	([701, 641], [697, 690, 642])
1	0.6963683656357486	0.7039925369479839	([564, 527], [564, 554, 527])
1	0.6948308828877221	0.7040902830453375	([660, 335], [663, 659, 513])
1	0.697391619939073	0.7041129064505549	([371, 330], [371, 367, 336])
1	0.6916114686848936	0.7041726068423908	([384, 362], [384, 362, 348])
1	0.6913344093530037	0.7044524409444667	([695, 647], [696, 695, 643])
1	0.690104672709929	0.7049353427970758	([227, 190], [227, 215, 190])
1	0.699679417521288	0.7050295380678829	([308, 23], [308, 282, 22])
1	0.6872651068304638	0.7052327007400915	([550, 366], [550, 540, 374])
1	0.6987166874828509	0.7053029819145951	([755, 646], [755, 750, 646])
1	0.6985923610902529	0.7060373273155127	([745, 330], [761, 745, 716])
1	0.6756304546065802	0.7060778785099164	([328, 275], [328, 317, 278])
1	0.6579034785095947	0.7061391776592514	([560, 284], [585, 560, 554])
1	0.6991269180260264	0.7062222978394713	([208, 175], [208, 190, 189])
1	0.7057939129326769	0.7065310681304172	([709, 627], [750, 709, 637])
1	0.6985485662451272	0.7067091874473039	([761, 641], [761, 759, 383])
1	0.6890062960689668	0.7074037654766533	([764, 714], [764, 749, 714])
1	0.6753401223642106	0.7074138769520758	([757, 513], [758, 743, 642])
1	0.556348250339691	0.7074396365578698	([300, 262], [300, 279, 262])
1	0.6654418345067533	0.7074486616043537	([685, 513], [685, 679, 513])
1	0.7031083737636783	0.7079119398059642	([502, 330], [502, 499, 330])
1	0.6703650877523484	0.7079276829179261	([494, 328], [494, 329, 328])
1	0.6937482788809616	0.7079276829179261	([496, 325], [495, 494, 329])
1	0.6866890018908683	0.7084108135030647	([652, 385], [679, 652, 513])
1	0.7011957373503993	0.7084180482569011	([364, 237], [364, 237, 221])
1	0.7035975313274645	0.7086712330700573	([335, 135], [513, 198, 135])
1	0.7026239434974669	0.7089002327945528	([796, 513], [796, 513, 281])
1	0.7061153530996017	0.7091740739664768	([167, 128], [167, 150, 146])
1	0.6946220438681955	0.709206605545035	([152, 116], [152, 131, 124])
1	0.6634115310104768	0.7093321224977757	([230, 209], [230, 229, 209])
1	0.6822864285490173	0.7094067249038994	([385, 207], [385, 207, 185])
1	0.6783151434698623	0.7099748950558781	([385, 185], [385, 384, 185])
1	0.704740468984921	0.7100056744914672	([787, 310], [787, 778, 310])
1	0.6243387818046472	0.7102475732939612	([513, 511], [516, 513, 510])
1	0.7023982337067683	0.7102733932531274	([620, 588], [620, 609, 588])
1	0.6640930720084917	0.7103548625732714	([384, 348], [384, 348, 333])
1	0.6263818310085031	0.7103548625732714	([384, 328], [384, 379, 333])
1	0.7100943895429686	0.7104545633968953	([382, 216], [383, 382, 216])
1	0.7101842190918429	0.7105183366901022	([508, 494], [513, 508, 494])
1	0.7069026541447752	0.7106163910263055	([498, 238], [513, 498, 493])
1	0.6590128566584438	0.7106163910263055	([513, 493], [513, 501, 498])
1	0.5427550246874241	0.7108843879884474	([300, 242], [300, 262, 242])
1	0.6764970678613922	0.7112141964344633	([750, 492], [750, 498, 385])
1	0.6772292228532298	0.7113735375481222	([756, 497], [756, 500, 497])
1	0.7003879843818234	0.7113735375481222	([756, 505], [756, 505, 500])
1	0.711306754472315	0.7114160848897078	([383, 23], [383, 23, 10])
1	0.7067528111128177	0.7114160848897078	([225, 10], [383, 225, 10])
1	0.6634395288022076	0.7115813116888449	([642, 513], [652, 648, 512])
1	0.6756604037409918	0.711668082370817	([384, 220], [513, 506, 220])
1	0.6736973800123072	0.7120231072866494	([758, 644], [786, 756, 642])
1	0.6703932869952774	0.712183575911308	([453, 382], [451, 433, 426])
1	0.6657880626582022	0.7123573641292696	([513, 220], [384, 220, 214])
1	0.7110429426561771	0.7127470760679272	([492, 321], [492, 491, 317])
1	0.4763180607619882	0.7141682175557378	([719, 716], [747, 720, 717])
1	0.7107856777038706	0.7144847731855527	([582, 536], [582, 555, 552])
1	0.6991488719029897	0.7144996317913759	([756, 700], [756, 700, 642])
1	0.6401508251211847	0.7148623298181642	([494, 318], [494, 491, 330])
1	0.6916410458197363	0.7148623298181642	([516, 491], [516, 491, 330])
1	0.7098767138003874	0.7148660836883315	([220, 31], [224, 31, 5])
1	0.7022216525949152	0.7148736355101781	([690, 387], [690, 680, 366])
1	0.6827605865946034	0.7152829016483343	([496, 460], [496, 494, 460])
1	0.6988653524254745	0.7155223849264014	([384, 148], [384, 185, 176])
1	0.6911930513345964	0.7157012514873241	([311, 259], [311, 277, 259])
1	0.6968640142241427	0.7157685793651457	([491, 317], [775, 750, 492])
1	0.6670164290771448	0.7159200672317008	([383, 175], [383, 185, 175])
1	0.7060290906999476	0.7160707209183642	([642, 525], [642, 526, 525])
1	0.702495163928068	0.7160707209183642	([641, 526], [642, 641, 526])
1	0.7109632676893077	0.716229577978734	([650, 366], [680, 674, 366])
1	0.7153365486339676	0.7162774588423416	([682, 364], [700, 687, 364])
1	0.7077404741003065	0.7164809987641603	([220, 180], [220, 218, 180])
1	0.7161767212687048	0.7165467149200478	([98, 53], [98, 79, 53])
1	0.6600412288993479	0.7166886952015633	([641, 383], [642, 507, 502])
1	0.6691370065704247	0.7166886952015633	([644, 502], [644, 642, 502])
1	0.7011551312411785	0.7167103838181663	([718, 643], [745, 698, 695])
1	0.7084343149059307	0.7167103838181663	([743, 695], [745, 743, 695])
1	0.65944539771059	0.7167495576239931	([642, 512], [758, 702, 697])
1	0.5648174450614742	0.7168242471588939	([597, 292], [612, 597, 592])
1	0.6902789418219072	0.7170364883482485	([702, 639], [695, 691, 643])
1	0.6963261261077679	0.7170929437411114	([222, 183], [224, 222, 176])
1	0.6526372360292114	0.7173751819155239	([655, 383], [663, 655, 383])
1	0.7085909952360296	0.7176467708646959	([651, 372], [651, 648, 372])
1	0.6846592605000678	0.7178590081511121	([513, 281], [796, 776, 513])
1	0.7059603256423838	0.7178842198907043	([643, 503], [643, 642, 502])
1	0.68718469771074	0.7179439927015605	([748, 516], [748, 747, 513])
1	0.6749437110207032	0.7179439927015605	([747, 513], [757, 748, 513])
1	0.6868105505876003	0.7183525339711195	([159, 134], [163, 148, 139])
1	0.6991868455459017	0.7184463916834186	([208, 152], [207, 182, 163])
1	0.7165829953972702	0.7185515247578463	([525, 506], [528, 525, 506])
1	0.6853445545600221	0.7188390772594864	([645, 378], [645, 638, 383])
1	0.6741059182097947	0.7188390772594864	([699, 383], [699, 645, 383])
1	0.7047265916165778	0.7188862667569831	([755, 27], [755, 750, 29])
1	0.6975083086527537	0.7189206992747551	([680, 366], [690, 679, 384])
1	0.7096026695502072	0.7189206992747551	([697, 384], [697, 690, 384])
1	0.7121326016982826	0.7189389081327342	([612, 383], [612, 593, 592])
1	0.7040041419831219	0.7190251387514587	([678, 380], [678, 651, 384])
1	0.6958936291696536	0.7190690482410169	([703, 512], [703, 696, 512])
1	0.670063564180866	0.7192429924403666	([310, 267], [310, 283, 267])
1	0.6904850872948446	0.719323605219017	([204, 169], [204, 179, 177])
1	0.6811993759707072	0.7193487388836782	([375, 223], [375, 364, 218])
1	0.7105540111917322	0.7195776962633423	([587, 540], [587, 569, 542])
1	0.6906662746893619	0.7198049822071486	([222, 27], [317, 222, 11])
1	0.71752965385038	0.7198974353755205	([344, 325], [344, 336, 330])
1	0.6473560000332556	0.7199337910305249	([511, 336], [511, 382, 336])
1	0.7165142307467259	0.720131748302907	([176, 130], [176, 153, 136])
1	0.7163354123385609	0.7202913684810882	([248, 163], [275, 248, 242])
1	0.6951451727493013	0.7203177698280743	([751, 503], [756, 751, 503])
1	0.7076759105170949	0.7203734508994859	([753, 325], [770, 758, 325])
1	0.7069015335774239	0.720410385248024	([193, 145], [193, 178, 164])
1	0.7048522961226431	0.720435772224788	([181, 135], [181, 149, 138])
1	0.645213208399334	0.7206978866370161	([649, 384], [679, 642, 383])
1	0.6867067216295023	0.7207949508898381	([363, 322], [363, 331, 328])
1	0.6754395981959659	0.7210253676959412	([785, 374], [757, 513, 506])
1	0.6725669173558589	0.7210660079388709	([741, 383], [759, 745, 383])
1	0.7201682016774346	0.7210795400731127	([194, 144], [194, 191, 137])
1	0.6628265011831719	0.721113022485937	([643, 375], [643, 502, 501])
1	0.6807086851563142	0.7211601013520422	([641, 496], [642, 641, 512])
1	0.6820667834393102	0.7211922579561147	([535, 383], [642, 535, 525])
1	0.7104712462075186	0.7213818864127415	([248, 34], [248, 163, 33])
1	0.7145822691768988	0.7214731316683926	([744, 502], [757, 744, 502])
1	0.6898717116121955	0.7215304559896862	([479, 316], [493, 491, 317])
1	0.7033160810032361	0.7215838731389538	([513, 22], [513, 19, 16])
1	0.7083081412200788	0.7216982540760756	([171, 127], [171, 154, 127])
1	0.7126558529302144	0.7217462853048869	([153, 29], [153, 140, 136])
1	0.7146124330016344	0.7218163754879837	([308, 194], [308, 192, 172])
1	0.6672031961429913	0.7218676361977215	([721, 316], [787, 785, 316])
1	0.6974211410740733	0.7218824652707797	([163, 33], [175, 164, 34])
1	0.6962918661400472	0.7218824652707797	([164, 34], [383, 175, 34])
1	0.6845606552662856	0.7219413223614872	([116, 29], [152, 116, 34])
1	0.6886033186282778	0.721955986122435	([514, 486], [514, 493, 486])
1	0.662213663926379	0.721955986122435	([775, 317], [514, 513, 493])
1	0.7055506011906478	0.7219816995923586	([280, 163], [275, 242, 167])
1	0.7202990766063514	0.7219998308559848	([175, 131], [175, 163, 139])
1	0.7189294777939517	0.7220124541575478	([92, 29], [92, 62, 39])
1	0.7181009877829184	0.7220338991100168	([179, 141], [179, 164, 141])
1	0.6863973559365729	0.7222968004552895	([226, 194], [226, 213, 194])
1	0.6841284107758779	0.7224061330995847	([288, 230], [288, 258, 249])
1	0.7208398294862614	0.7224307292573873	([647, 377], [702, 647, 382])
1	0.6640289856479062	0.7224723493921223	([513, 461], [513, 461, 423])
1	0.7145580455191769	0.7225770221852581	([684, 646], [695, 684, 674])
1	0.7005186347799643	0.7226134609051295	([325, 17], [325, 317, 22])
1	0.7217281338299184	0.7226546840031233	([530, 328], [530, 514, 328])
1	0.7194407746456735	0.7226546840031233	([749, 514], [749, 514, 328])
1	0.717620277028527	0.7227872092185345	([702, 382], [647, 641, 383])
1	0.7056751899723174	0.7229411392821582	([175, 8], [175, 33, 31])
1	0.6286436324429644	0.7230026448299269	([302, 267], [302, 277, 267])
1	0.7024548371285531	0.7230912627765642	([198, 143], [513, 178, 149])
1	0.6975266873580678	0.7231570138128041	([750, 507], [750, 642, 637])
1	0.6964057979157994	0.7231570138128041	([750, 649], [750, 646, 642])
1	0.7023629893108848	0.7231570138128041	([750, 679], [750, 679, 642])
1	0.6459803058400254	0.7231570138128041	([750, 629], [750, 742, 642])
1	0.6981322684477959	0.7232688698679514	([242, 169], [288, 275, 159])
1	0.6808860851736217	0.7233778794167507	([751, 382], [751, 494, 382])
1	0.7164619136807132	0.7233837840845165	([702, 526], [702, 642, 639])
1	0.648591661950052	0.7234165244581382	([514, 325], [516, 513, 494])
1	0.6716256886545324	0.7234165244581382	([527, 494], [527, 516, 494])
1	0.6938219009352181	0.723493418767237	([758, 325], [762, 758, 325])
1	0.7150693404122435	0.7237954014173927	([696, 370], [696, 512, 501])
1	0.7235619370438122	0.7238615977974411	([119, 32], [119, 116, 32])
1	0.6936725787764793	0.7238867625150787	([237, 203], [237, 232, 203])
1	0.7217758021257155	0.7239105234286513	([328, 29], [335, 328, 29])
1	0.6784647817600062	0.7239105234286513	([335, 11], [375, 335, 29])
1	0.646518536403449	0.724133893674947	([750, 385], [750, 492, 321])
1	0.7077780009109816	0.7241617881997626	([703, 527], [703, 702, 527])
1	0.7014203945447292	0.7242405586037793	([668, 639], [668, 652, 639])
1	0.7058337557205374	0.7242465755613464	([745, 495], [745, 495, 326])
1	0.6985371522501954	0.7242465755613464	([761, 330], [750, 745, 326])
1	0.7199790615201623	0.7243208811689896	([675, 367], [699, 675, 378])
1	0.7212912621070977	0.7243797999412723	([435, 310], [477, 459, 454])
1	0.6617205926574105	0.7244561911446734	([718, 673], [750, 718, 679])
1	0.6917607674741376	0.724491047750086	([371, 2], [383, 34, 23])
1	0.7187263137941339	0.7245266303238177	([584, 497], [585, 584, 497])
1	0.6912798516075449	0.724535355500348	([238, 180], [238, 215, 200])
1	0.6986482454852074	0.7245715462257791	([310, 195], [310, 195, 165])
1	0.6493580524168255	0.7248049099863011	([375, 29], [384, 328, 24])
1	0.7171231442029236	0.7248049099863011	([785, 24], [785, 328, 24])
1	0.6825046732195803	0.7248886499094715	([561, 383], [561, 535, 534])
1	0.7147675951816026	0.7249856388534285	([611, 562], [611, 590, 565])
1	0.7216209646921169	0.7250740286698719	([549, 520], [554, 549, 520])
1	0.7135155277128054	0.7251352686062145	([116, 69], [116, 105, 69])
1	0.7036358684915593	0.7253024213383562	([37, 22], [37, 34, 15])
1	0.6513342646092218	0.7254273206882423	([513, 423], [513, 493, 492])
1	0.6695451795899077	0.7254597328028265	([666, 374], [679, 666, 652])
1	0.6663606695016417	0.7256720525821679	([497, 373], [512, 497, 371])
1	0.7212245250537547	0.7261010259053516	([239, 199], [239, 226, 199])
1	0.7200792319406586	0.7261754135891055	([460, 404], [461, 460, 405])
1	0.7095508816417391	0.7262430468575423	([709, 514], [750, 709, 514])
1	0.6861585436150283	0.7262430468575423	([750, 524], [750, 749, 514])
1	0.7088337526422314	0.7262984213556133	([240, 201], [240, 226, 213])
1	0.7138852735011737	0.7263129214064468	([308, 162], [513, 281, 172])
1	0.7100472442932967	0.7264182518317528	([210, 147], [210, 147, 133])
1	0.6753932698263708	0.7265111295285429	([436, 328], [436, 406, 317])
1	0.6480541866217383	0.7265111295285429	([449, 317], [446, 436, 317])
1	0.7094297969061775	0.7265135032832464	([207, 122], [207, 163, 122])
1	0.7153854583170004	0.7267009323000208	([165, 110], [165, 140, 124])
1	0.723342594842205	0.7267410274849452	([383, 125], [383, 123, 122])
1	0.6487370009485411	0.7268558837641228	([512, 225], [506, 500, 370])
1	0.5272155636890039	0.7268815703196138	([365, 234], [365, 243, 234])
1	0.719871868895043	0.7269125085631132	([178, 119], [178, 140, 138])
1	0.701490678165246	0.7269342722422512	([689, 507], [689, 513, 510])
1	0.7186461050087531	0.7269342722422512	([699, 511], [699, 689, 510])
1	0.7265367361758147	0.7270546112353806	([650, 506], [650, 644, 506])
1	0.56051052530998	0.7270981939854373	([315, 302], [315, 309, 302])
1	0.6356289086966135	0.727143008429252	([759, 383], [750, 385, 320])
1	0.7095841931217922	0.7272157997475143	([192, 119], [194, 137, 120])
1	0.6960674361540483	0.7272185261486293	([513, 8], [796, 513, 22])
1	0.7044879903820972	0.7273829248977592	([512, 23], [512, 23, 9])
1	0.7210126283207188	0.7273829248977592	([507, 9], [512, 507, 9])
1	0.7243129756057678	0.727447213422214	([383, 149], [383, 169, 149])
1	0.7172647552052552	0.727456542227946	([757, 331], [757, 497, 331])
1	0.7007950244372938	0.7275324619246363	([470, 328], [470, 449, 317])
1	0.6373254231211485	0.7275324619246363	([411, 284], [491, 470, 317])
1	0.7099302720105571	0.7275453128788234	([228, 196], [228, 215, 209])
1	0.6636219765311159	0.7276704146672414	([540, 512], [540, 526, 512])
1	0.6228254498867732	0.7276712616029734	([331, 284], [331, 321, 318])
1	0.7070947406789655	0.7277999761628487	([512, 462], [516, 512, 462])
1	0.6643500989209296	0.7279220519483505	([564, 513], [548, 533, 513])
1	0.5419375287483935	0.7279384257452757	([793, 300], [788, 773, 753])
1	0.6923990996107671	0.7279726943595923	([384, 11], [506, 382, 11])
1	0.6644761745074628	0.7281509761605418	([793, 328], [761, 749, 328])
1	0.6685817246634884	0.7281727621585358	([536, 384], [536, 528, 384])
1	0.7196324871868528	0.7282385316514133	([694, 640], [694, 640, 496])
1	0.6290097644529834	0.7282728792866355	([546, 318], [641, 496, 334])
1	0.7097289518087878	0.7283804860858166	([547, 522], [547, 538, 534])
1	0.7226942578736081	0.7288389987630356	([134, 99], [134, 116, 109])
1	0.6867155647198373	0.7288826456404158	([513, 438], [513, 460, 450])
1	0.6939724673333353	0.7292567763731449	([224, 176], [239, 199, 176])
1	0.6863883368666653	0.7292906218470159	([487, 384], [498, 487, 478])
1	0.6771860114921415	0.7293478483058845	([477, 310], [492, 320, 316])
1	0.7169115220236584	0.729903656556185	([695, 586], [702, 692, 676])
1	0.6817544978237834	0.7299674025841304	([383, 102], [383, 113, 102])
1	0.6163482858545446	0.7301075944376726	([513, 385], [493, 316, 315])
1	0.7182995192110284	0.7301258013617593	([238, 122], [238, 222, 124])
1	0.7219837973856367	0.7301829100303445	([207, 141], [216, 207, 141])
1	0.7236268723690549	0.7302606134700392	([718, 206], [750, 718, 208])
1	0.674943458148196	0.7303471668979409	([648, 374], [644, 383, 375])
1	0.671059872282255	0.7304691992672849	([794, 325], [794, 762, 513])
1	0.7227641354040966	0.7307406074150503	([742, 500], [742, 642, 512])
1	0.7283495677939165	0.7307634402048726	([228, 164], [228, 220, 164])
1	0.7256783988028522	0.7308161399943666	([157, 99], [310, 157, 99])
1	0.7097840961968016	0.7308297183006102	([534, 317], [525, 491, 318])
1	0.6127458030527365	0.7308297183006102	([746, 284], [525, 516, 491])
1	0.71487595794711	0.7309151608996488	([217, 26], [224, 217, 209])
1	0.7241270306895724	0.7309311153561298	([563, 328], [563, 560, 328])
1	0.646041720148566	0.7309672726125253	([384, 188], [513, 279, 254])
1	0.7291467917812149	0.7312338478371876	([233, 170], [233, 176, 170])
1	0.670697235400103	0.7312338478371876	([233, 148], [233, 222, 176])
1	0.7216639151181934	0.731443763438954	([335, 107], [335, 135, 107])
1	0.6918225303429281	0.731522068500694	([216, 153], [207, 190, 141])
1	0.7262660420622542	0.7316590702868865	([130, 27], [141, 130, 26])
1	0.6969250880942331	0.7319144702496659	([718, 470], [718, 495, 470])
1	0.7216194923990974	0.7319298137328042	([654, 585], [696, 585, 497])
1	0.7269820777756247	0.7321333475165346	([176, 117], [176, 153, 117])
1	0.7119280039780703	0.7321360296546217	([131, 29], [131, 116, 112])
1	0.7276737494125167	0.7321493873017874	([642, 589], [642, 621, 620])
1	0.7129635331959852	0.7321493873017874	([669, 621], [669, 642, 621])
1	0.7310903541976391	0.7321493873017874	([688, 621], [688, 642, 621])
1	0.7083876986076825	0.7322064990522839	([210, 133], [210, 182, 149])
1	0.6955986567866675	0.7324679424812306	([769, 310], [769, 709, 310])
1	0.7278726783707149	0.7324680828057591	([204, 145], [204, 187, 179])
1	0.7244630574464593	0.7325736911883634	([227, 132], [227, 225, 129])
1	0.7327095400337719	0.7328014493797271	([155, 0], [175, 155, 153])
1	0.7240381878053076	0.7328179557276377	([141, 26], [216, 141, 26])
1	0.6788782551187473	0.7328179557276377	([224, 5], [217, 216, 26])
1	0.7229154442542759	0.7328276525310577	([206, 127], [206, 144, 127])
1	0.683722655326306	0.7328702432588203	([317, 222], [224, 222, 13])
1	0.6491321390162758	0.7329382694745417	([384, 24], [383, 380, 10])
1	0.6735194329816041	0.7330366220268789	([371, 310], [371, 329, 328])
1	0.6551260203956601	0.7330715342681459	([585, 284], [565, 541, 317])
1	0.7207267258169685	0.7331220911302397	([760, 379], [760, 644, 383])
1	0.7267122244336461	0.7331407913309259	([536, 335], [536, 520, 513])
1	0.6652290893993018	0.7333148433449882	([701, 364], [701, 652, 649])
1	0.7132349409169487	0.7333680805609626	([228, 143], [223, 218, 142])
1	0.7251098783095493	0.7334534675954566	([659, 505], [659, 657, 505])
1	0.6783849424783612	0.7335629564151093	([587, 383], [593, 557, 545])
1	0.7072654893814082	0.7335898059974699	([229, 34], [229, 209, 34])
1	0.7277469318281096	0.7336764232947326	([478, 326], [478, 454, 453])
1	0.7161279172673797	0.7337752707638941	([392, 310], [435, 416, 310])
1	0.6994238243159916	0.7338472282988847	([225, 129], [228, 227, 132])
1	0.7130922233513375	0.733877982687363	([638, 554], [701, 554, 385])
1	0.666404454124718	0.7339741003318174	([384, 240], [254, 237, 187])
1	0.7331251105634043	0.7340448484475025	([124, 71], [124, 107, 89])
1	0.7112246384979921	0.7341456138360404	([220, 130], [227, 220, 130])
1	0.7189645115489651	0.7342035598967478	([161, 119], [156, 146, 125])
1	0.7316600045997839	0.7342040397784272	([515, 322], [515, 513, 322])
1	0.6913797580350154	0.7343314254871287	([218, 142], [236, 227, 132])
1	0.7047097563871187	0.7343559355020003	([642, 363], [642, 369, 363])
1	0.7333833382843521	0.7344442498048317	([513, 401], [513, 401, 385])
1	0.7327962326415699	0.7345155390258362	([519, 482], [519, 515, 482])
1	0.6898683281802759	0.7345428271314656	([288, 159], [288, 281, 172])
1	0.7184337390962122	0.7345699042634204	([698, 540], [698, 585, 540])
1	0.6376005103835576	0.734702395781549	([618, 513], [642, 618, 589])
1	0.6472248161416819	0.734765663361386	([597, 513], [597, 586, 513])
1	0.7043824299760374	0.734765663361386	([586, 382], [689, 586, 513])
1	0.725539605226759	0.7350523006411019	([495, 367], [495, 367, 333])
1	0.7345101878105379	0.7351463784754564	([383, 253], [383, 253, 225])
1	0.5090102334363877	0.7352866602575736	([493, 292], [495, 471, 453])
1	0.7272318269816419	0.7353424982432931	([311, 171], [311, 279, 171])
1	0.6989098266994013	0.7356582630042873	([219, 9], [224, 219, 5])
1	0.7022285294824024	0.7356987377116764	([535, 325], [550, 535, 513])
1	0.7104281117601681	0.7358244522287375	([222, 124], [221, 165, 150])
1	0.7294398368459768	0.735856005336274	([107, 50], [107, 84, 62])
1	0.7129215738782696	0.7358612066194405	([691, 368], [691, 373, 368])
1	0.7241861014697286	0.7358612066194405	([673, 373], [691, 673, 373])
1	0.7257587454835864	0.735992545852685	([254, 91], [254, 114, 113])
1	0.5156369685703349	0.7360037198617496	([319, 291], [319, 291, 287])
1	0.6301782375240704	0.7360840048518239	([577, 302], [600, 577, 568])
1	0.7287256231157555	0.7361250371296666	([511, 10], [511, 507, 10])
1	0.7329480531104421	0.7362111676998792	([240, 127], [242, 240, 167])
1	0.6987469360900677	0.7362346418747268	([128, 38], [128, 84, 38])
1	0.7135172768907462	0.736336962306108	([451, 329], [461, 451, 329])
1	0.6936767093850925	0.736336962306108	([461, 332], [494, 461, 329])
1	0.7298601299793362	0.7363817394371558	([244, 83], [251, 244, 83])
1	0.7359890511872188	0.7365368334007739	([481, 335], [496, 481, 335])
1	0.734078932138592	0.7365438052103154	([716, 672], [716, 703, 672])
1	0.7100688412658566	0.7365803496644546	([694, 496], [698, 694, 640])
1	0.707886089833138	0.7366550263192985	([758, 380], [758, 497, 380])
1	0.7141374597755106	0.736670658506219	([253, 0], [253, 225, 218])
1	0.7240115853011746	0.7366816653411189	([335, 224], [335, 243, 238])
1	0.7288425806207196	0.7366816653411189	([332, 238], [335, 332, 238])
1	0.7245344146262026	0.7366816653411189	([369, 238], [369, 335, 238])
1	0.7041614561897366	0.7366816653411189	([335, 243], [513, 335, 238])
1	0.7138261661164639	0.736732543312466	([750, 234], [750, 234, 208])
1	0.7142363026832348	0.7368145873426831	([363, 228], [364, 358, 228])
1	0.7054992167360994	0.7368145873426831	([501, 228], [501, 364, 228])
1	0.7005412235682598	0.7369130594312208	([523, 484], [523, 514, 488])
1	0.6955481225341665	0.7369400380450682	([691, 331], [745, 702, 331])
1	0.7262726853744266	0.7369454651989513	([718, 151], [718, 288, 172])
1	0.6895639880535103	0.7370270501729347	([236, 147], [237, 225, 129])
1	0.70893602254917	0.7370504365195807	([653, 364], [661, 654, 653])
1	0.7278166669770667	0.7370586391257822	([212, 132], [212, 193, 132])
1	0.6639443088902794	0.7372006817909157	([364, 218], [513, 508, 221])
1	0.7230805143798212	0.7372466523229456	([743, 490], [743, 642, 490])
1	0.733677672978594	0.7372502619214099	([196, 142], [196, 151, 142])
1	0.6896796232191494	0.7373140409454267	([216, 0], [383, 253, 2])
1	0.7011116178556244	0.7373488868915374	([582, 374], [582, 538, 536])
1	0.7352758876092008	0.7373728305058619	([515, 334], [515, 512, 334])
1	0.726082354637023	0.7375059616764431	([232, 136], [232, 216, 136])
1	0.7126479529850201	0.7375059616764431	([382, 136], [382, 216, 136])
1	0.722922215545171	0.7375114166944647	([714, 618], [714, 707, 636])
1	0.6945986776921549	0.7375259320593169	([225, 28], [364, 221, 32])
1	0.6525863701179155	0.7375259320593169	([374, 221], [374, 221, 32])
1	0.6835202681953819	0.7375356494925075	([532, 374], [530, 510, 503])
1	0.7066757245731925	0.7375478037317157	([529, 505], [529, 516, 510])
1	0.7259733567873442	0.7376175808931722	([515, 464], [515, 513, 466])
1	0.6788901070084452	0.7376318736452718	([318, 96], [317, 278, 94])
1	0.6458208699450465	0.7378656235069406	([383, 34], [328, 283, 22])
1	0.7293109546352997	0.7378876587004719	([762, 375], [762, 756, 375])
1	0.7271471752609276	0.7378924873633327	([691, 12], [691, 331, 12])
1	0.734618477959366	0.7379172585888493	([759, 11], [759, 383, 34])
1	0.7101612859847969	0.7379864608433878	([317, 192], [317, 192, 161])
1	0.5176992800188626	0.7380000654128318	([493, 300], [493, 320, 315])
1	0.7163153290584855	0.7380888899037542	([310, 83], [310, 61, 56])
1	0.7328542796146964	0.7381095243854191	([275, 109], [275, 267, 94])
1	0.705942855009163	0.7381154826840405	([310, 35], [310, 288, 45])
1	0.7198543660085116	0.7381769608816365	([224, 127], [335, 224, 125])
1	0.7090199183528394	0.7381769608816365	([364, 137], [364, 335, 125])
1	0.7133789641823689	0.738304951550366	([751, 640], [744, 742, 640])
1	0.7165452654308331	0.7383429985661129	([786, 364], [786, 383, 333])
1	0.5952112885788023	0.7384033438736305	([302, 22], [113, 84, 83])
1	0.6757362693542329	0.7385017230931638	([454, 383], [500, 490, 463])
1	0.697863152317455	0.7387626014738978	([310, 165], [279, 275, 163])
1	0.7329295765636914	0.7387673671469519	([381, 0], [382, 381, 0])
1	0.7166926662290969	0.7389385372983064	([246, 172], [513, 246, 238])
1	0.727416445687378	0.738943958219513	([587, 310], [587, 563, 540])
1	0.7304294420204749	0.7389562004649333	([253, 153], [253, 173, 165])
1	0.7382272644281457	0.7389562004649333	([252, 165], [253, 252, 165])
1	0.7191451917721039	0.7390884895030447	([497, 346], [497, 368, 346])
1	0.7252004851817859	0.7391027205586461	([762, 528], [744, 528, 383])
1	0.728911310273727	0.739230398437746	([755, 691], [755, 691, 649])
1	0.7297500216367349	0.7392459608504744	([741, 674], [741, 700, 674])
1	0.7118612554501089	0.7393522770418184	([710, 630], [710, 709, 633])
1	0.7226529988095991	0.7394756331755518	([366, 1], [368, 366, 27])
1	0.7068361036093271	0.7395718561319715	([767, 304], [796, 773, 304])
1	0.7332528395544441	0.7396405273296199	([619, 335], [619, 590, 513])
1	0.7317614873172603	0.739763249244703	([696, 325], [696, 501, 325])
1	0.7217867176012991	0.7399187543657859	([715, 635], [715, 710, 635])
1	0.7252593988736868	0.7400171973294452	([650, 584], [689, 674, 587])
1	0.7376610050938357	0.7400299440240695	([526, 469], [526, 469, 456])
1	0.7074550160013842	0.7400302959844517	([661, 385], [682, 661, 655])
1	0.7216320152858735	0.7400464418445167	([792, 493], [792, 776, 513])
1	0.7078473827121626	0.7401919330927991	([145, 25], [152, 145, 25])
1	0.7333455380833922	0.7403351177176009	([657, 589], [657, 641, 618])
1	0.720362138968227	0.7403351177176009	([684, 618], [684, 657, 618])
1	0.7317708082618017	0.7403578293435469	([240, 110], [240, 127, 110])
1	0.6392847613015681	0.7404476867655464	([447, 284], [445, 435, 426])
1	0.7204754883275631	0.7404797934592152	([89, 32], [89, 82, 35])
1	0.7350156488898797	0.7405646060989937	([176, 38], [176, 128, 117])
1	0.6929435984142329	0.7406909460452024	([750, 29], [750, 29, 12])
1	0.7399831911028711	0.7408330660653528	([762, 32], [762, 335, 328])
1	0.7405591765641422	0.7408367541890182	([524, 485], [524, 513, 493])
1	0.7316263985657863	0.7409458756125965	([760, 526], [760, 703, 526])
1	0.7155055420302848	0.7409568300771499	([454, 326], [495, 478, 453])
1	0.7099338627187759	0.7410562038705378	([274, 173], [279, 274, 157])
1	0.7228501319809592	0.741068969486777	([697, 505], [697, 659, 658])
1	0.731338433310447	0.7412837121091669	([509, 218], [509, 505, 218])
1	0.7217000950204248	0.7413618783668832	([501, 4], [501, 30, 4])
1	0.7251236225372776	0.7414146771873481	([384, 114], [384, 154, 114])
1	0.7309759235263932	0.7416665325370598	([200, 8], [513, 198, 8])
1	0.7329638922792707	0.7416833130265522	([758, 4], [754, 749, 4])
1	0.7207498890955383	0.7417004330211984	([640, 529], [649, 640, 529])
1	0.7244765312254189	0.7418004458429583	([706, 675], [719, 696, 675])
1	0.7403871317719833	0.7418334852972388	([711, 325], [746, 711, 325])
1	0.7285339956801802	0.7418991131417848	([403, 349], [403, 397, 349])
1	0.7113571199717341	0.7419106787805433	([707, 636], [707, 705, 636])
1	0.7127790164065669	0.742081588575787	([700, 539], [700, 698, 540])
1	0.7249413336525132	0.7420921399143405	([712, 589], [712, 702, 589])
1	0.7398849050844486	0.7422249339349896	([90, 5], [117, 90, 5])
1	0.7406310901092877	0.7422249339349896	([139, 5], [139, 117, 5])
1	0.7061821714828732	0.7425258804608134	([526, 310], [526, 456, 453])
1	0.6519177889309127	0.7425269621623308	([503, 12], [642, 507, 10])
1	0.6178712266438099	0.7425423090994209	([302, 57], [302, 104, 60])
1	0.6965913601564161	0.7426172028984143	([476, 374], [500, 476, 463])
1	0.6985366823653396	0.7426234804677772	([364, 9], [364, 219, 218])
1	0.7297236456985194	0.7427289448989985	([669, 582], [658, 654, 582])
1	0.7095753956198444	0.7427808369766193	([335, 1], [368, 366, 1])
1	0.7060375789057548	0.7427808369766193	([368, 27], [384, 368, 1])
1	0.7337610582559713	0.7427902276909198	([693, 328], [761, 701, 328])
1	0.7015887532261905	0.742822555990112	([226, 128], [226, 201, 128])
1	0.7324815916200972	0.7429526655302744	([696, 537], [696, 585, 537])
1	0.6905533964010602	0.7429861214358803	([310, 132], [310, 155, 132])
1	0.7359596042683932	0.7430951510333417	([247, 162], [275, 247, 162])
1	0.7409369025585915	0.7431222829661406	([504, 453], [504, 495, 491])
1	0.6323580689960365	0.7431412251202042	([679, 374], [687, 644, 643])
1	0.7395078891736858	0.7432847515109395	([499, 387], [499, 387, 333])
1	0.7341732822649037	0.7433985657718835	([168, 115], [168, 149, 115])
1	0.6702909549447267	0.7434835804288934	([317, 94], [317, 64, 51])
1	0.7065010524452157	0.7434887685565198	([335, 165], [513, 335, 197])
1	0.6517550462147857	0.7436417998594106	([374, 32], [375, 374, 234])
1	0.7308580972741054	0.7436785219413902	([686, 330], [693, 686, 328])
1	0.7399009482989745	0.7437276062203003	([649, 581], [649, 581, 384])
1	0.671483135126325	0.7437556441741409	([325, 198], [377, 224, 199])
1	0.7282686618402486	0.7437556441741409	([373, 199], [377, 373, 199])
1	0.7291741473917236	0.7437773362868799	([704, 528], [762, 704, 698])
1	0.7427324514046951	0.7438044406123256	([674, 623], [674, 639, 623])
1	0.6882114874542724	0.7439633439511655	([233, 29], [233, 225, 29])
1	0.6724861252370352	0.7440296915844742	([750, 12], [750, 278, 20])
1	0.6688771094908605	0.744039522973772	([721, 604], [721, 710, 635])
1	0.696477478384501	0.744064473058911	([363, 12], [364, 337, 5])
1	0.730359001620614	0.7441532748308344	([468, 408], [468, 443, 433])
1	0.7194556696311001	0.7442236916141477	([204, 6], [221, 204, 6])
1	0.6728952758486585	0.744255827879125	([374, 186], [374, 186, 163])
1	0.7438428133925826	0.7443231096421751	([739, 489], [739, 489, 488])
1	0.7425453179277737	0.7443248312004973	([606, 514], [606, 597, 514])
1	0.7388838110999476	0.7443996198977277	([256, 198], [275, 256, 170])
1	0.7274879955210816	0.7444351616815971	([254, 150], [254, 199, 187])
1	0.7086384900654036	0.7444492429606958	([228, 25], [228, 224, 7])
1	0.7032467578006129	0.7444492429606958	([501, 30], [501, 228, 7])
1	0.7000506522140955	0.744700324813555	([227, 152], [227, 152, 142])
1	0.7386673578028112	0.7447509067547784	([248, 197], [248, 240, 197])
1	0.7397290875721928	0.7447567550709265	([405, 354], [405, 384, 345])
1	0.7178076555121011	0.7448078970179852	([185, 30], [179, 176, 13])
1	0.6964284547244953	0.744809294294893	([581, 335], [700, 698, 335])
1	0.7395683943417325	0.7449683531772696	([172, 105], [172, 151, 146])
1	0.7383227258093679	0.7449913555444589	([621, 385], [621, 585, 584])
1	0.7372553109801421	0.7450541556636896	([604, 523], [604, 569, 523])
1	0.6506742502361919	0.7451258611414115	([374, 163], [374, 221, 163])
1	0.7245864682240024	0.745157907202978	([763, 645], [763, 757, 645])
1	0.7420558154755249	0.7452426286882664	([745, 617], [745, 638, 617])
1	0.685373761809464	0.7455336672932126	([382, 164], [506, 382, 164])
1	0.6796186395122057	0.7455600662910797	([718, 454], [718, 470, 450])
1	0.7109085199084251	0.7457926331709522	([163, 70], [163, 70, 40])
1	0.7364977795275642	0.7457926331709522	([165, 40], [165, 163, 40])
1	0.7447210512000625	0.7459246904229383	([689, 226], [690, 689, 372])
1	0.7221215415855979	0.7459761383711725	([249, 196], [249, 238, 196])
1	0.617564564843052	0.7461158887542223	([302, 32], [277, 239, 32])
1	0.7131834121661859	0.7461753664274313	([508, 31], [508, 335, 29])
1	0.7256200423439394	0.7462017978936722	([433, 327], [433, 409, 317])
1	0.6835986801933787	0.7462218950890916	([791, 308], [791, 764, 752])
1	0.7316708783008936	0.7463538865266524	([772, 523], [772, 771, 523])
1	0.7331516594236489	0.7464906008553741	([614, 524], [618, 614, 524])
1	0.7157661777626302	0.7465390787665788	([530, 490], [518, 515, 490])
1	0.7261138909641844	0.7465595819728066	([622, 317], [622, 572, 317])
1	0.7405225682565258	0.7466523835939001	([647, 539], [697, 647, 539])
1	0.7449372205067019	0.7466874550043455	([252, 35], [252, 239, 34])
1	0.7421510667720461	0.7466874550043455	([338, 252], [338, 252, 34])
1	0.7266726295051533	0.7467786560682739	([131, 11], [164, 131, 11])
1	0.7331457268479001	0.7467786560682739	([721, 164], [721, 164, 11])
1	0.7213938743322923	0.7468062199773701	([366, 126], [379, 130, 31])
1	0.7436549298359598	0.7468062199773701	([333, 31], [379, 333, 31])
1	0.7458330681196695	0.7468662904028295	([107, 33], [146, 105, 33])
1	0.6810326369193763	0.7469190049253316	([512, 356], [512, 506, 356])
1	0.7340535405816007	0.7472430825607823	([718, 133], [718, 151, 133])
1	0.7393041925898504	0.7472569116577782	([133, 15], [133, 132, 15])
1	0.7452179346684057	0.7473624245399486	([501, 131], [501, 132, 131])
1	0.7208328539577751	0.7473624245399486	([501, 120], [501, 228, 132])
1	0.6957684544864428	0.7473685607582772	([763, 329], [775, 763, 329])
1	0.7442289953092215	0.747373997565497	([117, 40], [117, 30, 7])
1	0.7310163054658033	0.7473946757306796	([151, 83], [152, 151, 71])
1	0.7251631432820788	0.7473946757306796	([170, 71], [170, 151, 71])
1	0.7431077606245375	0.7474728797468002	([535, 404], [404, 335, 333])
1	0.6691107042922476	0.7476504893017596	([284, 45], [160, 157, 99])
1	0.6254136019583838	0.7477026127855072	([302, 248], [302, 277, 248])
1	0.7358129617511979	0.747778383537137	([159, 79], [383, 167, 102])
1	0.7357672927435287	0.7478779123878109	([362, 30], [362, 348, 3])
1	0.7226931913629584	0.7480242842437389	([325, 137], [325, 146, 105])
1	0.5780012427671272	0.7483160381430268	([307, 58], [310, 307, 66])
1	0.7215300605880378	0.7484226849837213	([515, 288], [515, 322, 288])
1	0.7057832958634249	0.748463835362984	([334, 33], [334, 333, 33])
1	0.7440764899391403	0.7484670789748856	([240, 145], [240, 237, 145])
1	0.7461227870427046	0.7485012186201173	([278, 41], [288, 278, 41])
1	0.7481098100362211	0.7485699664858818	([710, 308], [767, 710, 308])
1	0.7432828331657647	0.7486317844474122	([215, 137], [215, 198, 143])
1	0.7255777375600924	0.7487927749842899	([661, 588], [677, 657, 589])
1	0.6942350830952669	0.7488826632811401	([285, 17], [285, 282, 22])
1	0.7273387550233754	0.7489770783547548	([183, 6], [204, 183, 145])
1	0.736836281740098	0.7489977286976301	([180, 32], [233, 170, 32])
1	0.7234448410946914	0.7490129196949871	([399, 340], [405, 399, 338])
1	0.7221516090924625	0.749016645728778	([495, 29], [508, 495, 494])
1	0.7275735404103302	0.7491053419692982	([749, 13], [758, 644, 4])
1	0.60389242057809	0.7491831543498644	([516, 512], [604, 582, 325])
1	0.726432352794826	0.7492784058811905	([352, 215], [350, 336, 202])
1	0.7461305643414247	0.7492833577638955	([695, 356], [695, 506, 373])
1	0.7235023277646078	0.7494160366013818	([703, 29], [703, 328, 317])
1	0.7395805383670729	0.7494169179273642	([664, 223], [664, 660, 226])
1	0.7467407512456771	0.7494746380194447	([719, 605], [719, 715, 629])
1	0.7438825908766217	0.7495029702584654	([462, 331], [495, 462, 453])
1	0.7468519498845757	0.7495486134435341	([280, 120], [304, 280, 120])
1	0.661290483874374	0.749587787272632	([400, 318], [404, 347, 333])
1	0.619045840834243	0.7495933485645561	([284, 103], [84, 38, 37])
1	0.7300892924392203	0.7496424857859731	([385, 36], [385, 36, 25])
1	0.7469597967473068	0.7496780527913642	([546, 438], [546, 533, 438])
1	0.740760241603993	0.7497343350297675	([289, 36], [289, 280, 36])
1	0.5468239670070705	0.7498541686322963	([604, 300], [773, 493, 492])
1	0.6452358667930633	0.7499727993649229	([347, 318], [476, 437, 427])
1	0.7214082103230326	0.7500590497648614	([195, 134], [195, 163, 157])
1	0.7461359439487185	0.7500837655603619	([187, 5], [201, 190, 5])
1	0.7394088933071274	0.7500884344648514	([721, 371], [721, 371, 3])
1	0.7386366656549823	0.7502055697292098	([331, 256], [331, 256, 237])
1	0.7385929289996679	0.7502055697292098	([702, 219], [331, 318, 237])
1	0.7321301450533915	0.7502267401982894	([587, 424], [587, 421, 405])
1	0.7331670792715153	0.7503308504147197	([117, 7], [123, 117, 30])
1	0.6805029464113139	0.7503508029957017	([374, 114], [374, 114, 32])
1	0.7433239216852773	0.7504099101803843	([328, 143], [328, 168, 155])
1	0.749461087571883	0.7504505577965014	([106, 43], [106, 82, 43])
1	0.7474628848190493	0.750465414120136	([738, 634], [738, 705, 513])
1	0.7082753723913097	0.7505523495891863	([750, 208], [222, 215, 29])
1	0.7406206599347538	0.7506258684616892	([691, 534], [691, 679, 534])
1	0.7473683266850578	0.7508004385374875	([346, 116], [346, 335, 29])
1	0.7222840178657844	0.7508592153641424	([755, 367], [755, 499, 333])
1	0.6909667990058139	0.7509211608603087	([750, 455], [750, 486, 467])
1	0.7503318801513793	0.7509990617469434	([794, 699], [794, 785, 699])
1	0.7150984027779133	0.7510040263693452	([366, 205], [366, 237, 205])
1	0.7326571589967239	0.7510573284845419	([304, 176], [304, 177, 155])
1	0.7473866865893597	0.7510658657727906	([610, 519], [634, 610, 519])
1	0.7248111698124147	0.7510996945114081	([344, 184], [344, 325, 198])
1	0.6846643727521564	0.7512792795975065	([750, 377], [750, 505, 492])
1	0.7457273738490465	0.7513361582140278	([510, 331], [510, 495, 331])
1	0.7506667953301918	0.7513472899575344	([509, 401], [533, 509, 401])
1	0.7469039224205277	0.7513666100791555	([370, 181], [370, 223, 181])
1	0.7491782333392999	0.7515170666576423	([244, 186], [244, 239, 186])
1	0.7416331431513319	0.7515570242959841	([780, 311], [780, 750, 313])
1	0.7395164845643943	0.7515967690160703	([490, 277], [490, 329, 325])
1	0.7269597048584696	0.7516210873752482	([338, 34], [338, 328, 29])
1	0.7475527078856172	0.7517017136087113	([645, 356], [645, 639, 356])
1	0.7486300524953801	0.7517244859097162	([644, 461], [644, 461, 383])
1	0.735319914787266	0.7518233020492862	([328, 210], [328, 210, 29])
1	0.7356909766286751	0.7518233020492862	([495, 210], [495, 210, 29])
1	0.7462306352187437	0.7518952829727102	([150, 37], [150, 145, 31])
1	0.726166688527787	0.7520287962045541	([653, 0], [653, 644, 0])
1	0.7346770310511643	0.7520966841100939	([661, 640], [661, 648, 645])
1	0.7446265435712855	0.7521303171358797	([707, 515], [707, 702, 527])
1	0.7441686353340797	0.7521378215356311	([252, 106], [254, 252, 106])
1	0.7372063628872219	0.7521829168421063	([510, 358], [510, 504, 358])
1	0.7344357616970151	0.7522320667476592	([308, 85], [310, 308, 77])
1	0.751310090688588	0.7522836284999846	([637, 473], [637, 513, 473])
1	0.7346434201070096	0.7523799684977264	([377, 80], [377, 325, 108])
1	0.7243131030476515	0.7524086399139798	([197, 130], [197, 163, 139])
1	0.7366174027123109	0.7524131418448884	([171, 77], [172, 171, 105])
1	0.7451065377841646	0.7524242760317637	([42, 20], [42, 37, 22])
1	0.7393744240890479	0.7524794229796988	([583, 503], [583, 530, 503])
1	0.7156827619160792	0.7526958873003011	([718, 509], [718, 673, 509])
1	0.6804062502168529	0.7527230497487151	([513, 54], [513, 68, 56])
1	0.7161454589536456	0.752726544808986	([718, 360], [718, 450, 435])
1	0.7252171746214318	0.7527618731968586	([687, 29], [703, 687, 672])
1	0.7471685666480601	0.7527969162066549	([655, 215], [664, 655, 215])
1	0.6882584125851346	0.7528392139321418	([310, 214], [214, 205, 157])
1	0.7449412484133926	0.753041601113351	([734, 519], [734, 637, 513])
1	0.7301733622858015	0.7531263115071489	([724, 517], [724, 705, 513])
1	0.751996365151746	0.7532478213845896	([529, 329], [529, 516, 328])
1	0.7531959534073821	0.7533232336604742	([174, 14], [178, 174, 14])
1	0.7317193285965616	0.7533350207067353	([742, 681], [742, 701, 681])
1	0.7363454736649819	0.7533759325999045	([498, 26], [502, 498, 8])
1	0.7515743439035809	0.7534285763714982	([246, 188], [246, 193, 188])
1	0.7491097993747942	0.7534779863924095	([583, 460], [583, 535, 462])
1	0.6812861034845599	0.7535739559018685	([385, 25], [385, 151, 25])
1	0.7515496350645738	0.7536719148532618	([629, 483], [750, 629, 483])
1	0.7506192122373125	0.7536727226572733	([724, 607], [724, 709, 607])
1	0.7301420119908667	0.75372420464287	([175, 95], [175, 139, 95])
1	0.7393079399284338	0.7537742006413704	([259, 79], [259, 248, 79])
1	0.7515266483545266	0.7537949931522843	([541, 445], [541, 459, 445])
1	0.7514750849376264	0.7539139900237335	([588, 397], [588, 554, 383])
1	0.7476564719971855	0.7539503758608306	([220, 92], [383, 220, 92])
1	0.7081456434355325	0.7539781259805467	([750, 558], [750, 609, 572])
1	0.7461288083977461	0.7540097562936862	([692, 200], [692, 366, 363])
1	0.7086356192863057	0.7540441681272106	([116, 4], [116, 32, 0])
1	0.718753069125188	0.7541400294327402	([328, 168], [328, 288, 172])
1	0.7502886141493099	0.7542482311417398	([530, 4], [530, 385, 4])
1	0.7408776685020809	0.7542698442506003	([718, 531], [718, 707, 517])
1	0.7295619077905715	0.7542796121755078	([646, 325], [646, 618, 604])
1	0.7528489962476838	0.7544308591668457	([624, 521], [637, 624, 521])
1	0.7240934664583873	0.7545354585738381	([310, 246], [310, 267, 246])
1	0.7438809045174254	0.7547917131794302	([608, 522], [608, 575, 522])
1	0.7330268642515503	0.7548612409731765	([474, 381], [474, 453, 382])
1	0.7505581110816003	0.7551232086399354	([212, 36], [212, 182, 36])
1	0.745991741889974	0.7552308170466151	([163, 106], [163, 115, 106])
1	0.7144456829027037	0.7552666809868255	([721, 285], [721, 719, 285])
1	0.7282329293129871	0.7552786496743658	([761, 584], [761, 702, 584])
1	0.7503363843335337	0.7553208781295503	([642, 201], [642, 383, 206])
1	0.7520446373706395	0.7554041082828478	([607, 521], [607, 550, 533])
1	0.7341547136380363	0.755438346686595	([346, 148], [387, 346, 148])
1	0.7527028027025068	0.755451293596438	([157, 69], [175, 157, 69])
1	0.7261970819865161	0.7554593515037468	([687, 147], [687, 147, 29])
1	0.7477650982502818	0.7554789206823143	([333, 116], [333, 116, 33])
1	0.7554720468124732	0.7559446413268128	([104, 31], [123, 104, 31])
1	0.7452394322191593	0.7560412753589746	([125, 3], [125, 123, 3])
1	0.7359839092996923	0.7561079235537455	([654, 336], [648, 512, 336])
1	0.7466007867706403	0.7561328261177536	([486, 364], [637, 486, 473])
1	0.7446737041984153	0.7561688770678707	([372, 116], [372, 366, 116])
1	0.7482021440458936	0.7562506868688179	([499, 456], [499, 490, 478])
1	0.7375115854456058	0.7562696657865852	([219, 131], [219, 198, 131])
1	0.6360034988529086	0.7562759384162356	([718, 288], [718, 360, 288])
1	0.7524389451212203	0.7563652399821105	([586, 470], [586, 535, 470])
1	0.7475470409510636	0.7563748718377129	([692, 3], [692, 200, 8])
1	0.7424408714964623	0.7564675344397307	([713, 482], [796, 713, 482])
1	0.7049279190569436	0.7566473068318439	([721, 30], [721, 500, 463])
1	0.6707936220307517	0.7566473068318439	([721, 463], [748, 721, 500])
1	0.6925038558023038	0.7566874170938932	([340, 317], [406, 340, 338])
1	0.7514933596855262	0.7567307106093746	([726, 578], [726, 625, 593])
1	0.736442958369624	0.756735460367511	([282, 34], [311, 34, 19])
1	0.6987435208499367	0.7567870959419175	([384, 59], [384, 102, 74])
1	0.7496023727453374	0.7568494697214401	([342, 145], [342, 202, 145])
1	0.7378621470669665	0.7568588039270144	([178, 12], [183, 174, 6])
1	0.7494100659265122	0.756915030431332	([375, 285], [375, 326, 285])
1	0.7497543655308972	0.7571018245594946	([716, 25], [756, 716, 25])
1	0.738471796529525	0.7571195642167247	([583, 356], [645, 356, 334])
1	0.7392163186835964	0.7572381794265828	([132, 10], [380, 191, 132])
1	0.7298906935151763	0.7572405150365038	([689, 144], [689, 510, 179])
1	0.7362397010924687	0.7572464855694442	([344, 240], [388, 330, 240])
1	0.7527116815878585	0.7572691348867225	([347, 149], [347, 335, 190])
1	0.6973919612326931	0.757287594285854	([317, 139], [317, 192, 139])
1	0.7046805821081741	0.7575232660391799	([718, 9], [718, 667, 2])
1	0.553323353077819	0.7575432632126378	([431, 292], [483, 457, 431])
1	0.7407782351809837	0.7577716428939221	([382, 107], [382, 161, 96])
1	0.7408634464809201	0.7578314051568368	([289, 18], [289, 281, 22])
1	0.7483210156258131	0.7578719598248861	([345, 229], [345, 337, 254])
1	0.7331963283798414	0.7578719598248861	([361, 254], [384, 345, 254])
1	0.7121815007666087	0.7580887172130603	([658, 363], [675, 658, 363])
1	0.7492986785633946	0.7581386916563192	([363, 176], [363, 176, 32])
1	0.7438436417706489	0.7581414943610026	([685, 375], [685, 675, 378])
1	0.7213426754966659	0.7581496661518291	([363, 203], [363, 195, 183])
1	0.7569295029588798	0.7581496661518291	([690, 183], [366, 363, 183])
1	0.7508250047132365	0.7583052419420259	([623, 457], [623, 469, 457])
1	0.756675179945386	0.7583509911432676	([415, 377], [415, 410, 377])
1	0.7339232108672287	0.7583822773900404	([362, 315], [488, 384, 362])
1	0.7370832964472703	0.7585410487991325	([749, 368], [749, 716, 691])
1	0.7396010537874763	0.7585978967461893	([250, 30], [253, 250, 30])
1	0.7577155957385586	0.7586353300479707	([635, 454], [635, 583, 460])
1	0.7488232988728499	0.7586526034526616	([613, 474], [613, 556, 513])
1	0.7269226886420248	0.7586732524421379	([440, 325], [470, 440, 325])
1	0.511510055810529	0.7586756068513081	([324, 294], [324, 312, 310])
1	0.7305061753271612	0.7588800671466057	([199, 35], [199, 176, 35])
1	0.7496112518368099	0.7588831138551525	([763, 453], [763, 641, 526])
1	0.7522105783258057	0.758898255162436	([316, 134], [316, 155, 144])
1	0.7557887201979123	0.759000670543571	([239, 70], [239, 107, 70])
1	0.7584461542358403	0.7590140965161716	([340, 199], [377, 340, 337])
1	0.7135996975022797	0.7590867279430179	([686, 228], [686, 363, 328])
1	0.611969144524352	0.7594806072079024	([284, 156], [311, 289, 161])
1	0.7549649109321148	0.7595488053963385	([336, 174], [336, 202, 198])
1	0.7165427867428703	0.759602662673604	([656, 194], [656, 384, 206])
1	0.7533704486549512	0.7596283078995346	([664, 607], [664, 607, 384])
1	0.7267650409023951	0.759672193844396	([672, 211], [672, 651, 218])
1	0.7456502197753685	0.7597089752711857	([244, 40], [244, 83, 38])
1	0.7514607886875339	0.7597597889612052	([213, 117], [213, 117, 27])
1	0.7442998609152325	0.759904108838417	([232, 87], [232, 136, 121])
1	0.7455401439000615	0.7599567471156484	([754, 352], [754, 501, 352])
1	0.7595511001983257	0.7600526005532529	([202, 109], [202, 186, 120])
1	0.7215108656142729	0.7601482781916022	([637, 327], [768, 637, 327])
1	0.7550413610941806	0.7602462803401563	([671, 541], [671, 657, 541])
1	0.7554276267505471	0.7602638245534491	([712, 481], [712, 486, 481])
1	0.7493662016744552	0.7602795127069747	([759, 361], [759, 379, 366])
1	0.7501874645000155	0.7602795127069747	([519, 366], [759, 519, 366])
1	0.7538369715961076	0.7604199010996235	([172, 51], [308, 172, 53])
1	0.7599055091276526	0.7605063871079069	([679, 140], [699, 679, 140])
1	0.7486201771431003	0.7605316936686037	([796, 568], [796, 568, 522])
1	0.7416374629641616	0.7605395624981898	([352, 114], [352, 142, 121])
1	0.758611096640509	0.7605511902385594	([361, 227], [361, 254, 215])
1	0.743121670819436	0.7606586278417956	([239, 107], [239, 176, 70])
1	0.7567798605332292	0.7606596272232433	([196, 93], [196, 124, 89])
1	0.6990097985531856	0.7607321161992151	([513, 359], [513, 502, 359])
1	0.7328450780427653	0.7607627505127069	([650, 515], [650, 528, 515])
1	0.7338039896660832	0.7608057979320626	([675, 609], [681, 646, 618])
1	0.7573003284316959	0.7608088427811157	([504, 213], [504, 213, 183])
1	0.7580472931737592	0.7608097745296083	([332, 2], [332, 331, 6])
1	0.7552817642876919	0.7608287966458651	([690, 0], [692, 690, 8])
1	0.7484711509043476	0.7608287966458651	([700, 8], [700, 690, 8])
1	0.7455825281932813	0.7609124990124289	([596, 531], [618, 596, 582])
1	0.7416200839473047	0.7610674158881617	([637, 364], [637, 524, 513])
1	0.7489997454423648	0.7611254022713663	([699, 230], [699, 366, 27])
1	0.7350445777044651	0.7611746375866656	([635, 482], [796, 705, 635])
1	0.7434433972051314	0.7613060772645754	([567, 430], [597, 567, 430])
1	0.7517000439988187	0.7613252827653756	([121, 1], [121, 116, 0])
1	0.7399247997221594	0.7614476997125199	([726, 522], [726, 709, 522])
1	0.7468291545685586	0.7615564537584602	([726, 625], [737, 726, 625])
1	0.6779603788958782	0.7615813798242294	([318, 36], [249, 83, 39])
1	0.7346463929712852	0.7616990220178012	([256, 146], [256, 170, 169])
1	0.7601934284511941	0.7618129753366824	([634, 489], [770, 634, 615])
1	0.7378082399005	0.7618129753366824	([770, 615], [770, 718, 634])
1	0.755589501158845	0.7618495879899353	([349, 222], [349, 348, 3])
1	0.7572504577850153	0.7619188171737666	([332, 211], [332, 326, 193])
1	0.7462669276101571	0.7619417223941979	([358, 0], [358, 335, 0])
1	0.7577624413646631	0.7621299674638329	([505, 308], [505, 368, 179])
1	0.7453812792534263	0.7621451465695585	([226, 109], [275, 238, 226])
1	0.7492242375263504	0.7621834928085955	([498, 33], [498, 33, 26])
1	0.7398685791426787	0.7622064508854203	([695, 32], [535, 383, 335])
1	0.7497251220683837	0.7622097355039901	([156, 95], [156, 95, 65])
1	0.7466040001700289	0.7622769655197171	([668, 404], [668, 535, 513])
1	0.7603053981633915	0.7623229091363861	([472, 399], [472, 435, 421])
1	0.7178689496185026	0.7623937126635035	([325, 112], [325, 219, 112])
1	0.7590137666979258	0.7624741274666441	([721, 130], [721, 148, 136])
1	0.7519934875761878	0.7624797056222201	([118, 9], [118, 116, 8])
1	0.7514450217953195	0.7624797056222201	([498, 118], [498, 118, 8])
1	0.7390553130825612	0.7625253411013708	([375, 177], [654, 642, 177])
1	0.7478872711484253	0.7625651242134642	([727, 615], [727, 705, 631])
1	0.7297156727440065	0.7626109846339203	([368, 129], [368, 179, 129])
1	0.7473141472144186	0.7626124641696745	([124, 23], [145, 124, 24])
1	0.7334821803334431	0.7626229901256164	([372, 226], [372, 226, 32])
1	0.7403371060189236	0.762724219666835	([649, 28], [643, 503, 12])
1	0.7433989643020319	0.7627716466269875	([384, 287], [384, 287, 272])
1	0.7222463967279571	0.7627724280528928	([656, 353], [656, 621, 363])
1	0.7613777101174599	0.7630838539197684	([763, 238], [763, 238, 200])
1	0.7516278088575857	0.7630838539197684	([716, 200], [763, 716, 200])
1	0.7476778502037025	0.763181810978467	([268, 102], [268, 251, 90])
1	0.7514172420076707	0.7632074288784857	([350, 164], [350, 215, 164])
1	0.7296786004917389	0.7633235113285748	([270, 101], [270, 251, 101])
1	0.749713533026891	0.7634244241696516	([329, 10], [336, 329, 10])
1	0.7458200969589536	0.7634258374973438	([757, 145], [757, 500, 145])
1	0.7461375280539685	0.7634848126815267	([541, 175], [541, 328, 317])
1	0.763016691890096	0.7634848126815267	([761, 541], [761, 541, 328])
1	0.738482632022394	0.7635460497593857	([638, 498], [646, 638, 498])
1	0.7501170495810294	0.7635479094055827	([628, 447], [750, 628, 467])
1	0.7607881184704332	0.763644404789686	([164, 72], [164, 101, 72])
1	0.7602723386429923	0.7637948367348814	([382, 54], [382, 54, 0])
1	0.7481687449838266	0.7637974167867849	([743, 128], [743, 697, 128])
1	0.7604646669630242	0.7638882452711659	([245, 119], [288, 245, 119])
1	0.7423796388155474	0.763936043567807	([707, 671], [705, 700, 671])
1	0.757731238039161	0.7639656695480755	([629, 439], [629, 483, 439])
1	0.7619425893660469	0.7639828123257372	([662, 222], [662, 652, 222])
1	0.7021887214158988	0.7640655749559631	([770, 489], [634, 513, 493])
1	0.717755862641449	0.7641119430342503	([563, 310], [762, 587, 325])
1	0.7640478178532552	0.7641119430342503	([762, 610], [762, 610, 587])
1	0.7509636119163979	0.7641129043240334	([752, 155], [752, 514, 328])
1	0.7428365022496346	0.7642043855502247	([264, 92], [264, 247, 92])
1	0.7429287554857369	0.764569043505549	([304, 120], [280, 163, 156])
1	0.7643793219747954	0.7646104175655996	([688, 143], [688, 673, 143])
1	0.7550994922132643	0.7646794088637575	([786, 168], [786, 275, 174])
1	0.763262745810427	0.7647081877045823	([749, 214], [749, 721, 214])
1	0.7596692378082881	0.7647978349923401	([604, 437], [613, 604, 437])
1	0.7529507850322489	0.7648203821079342	([698, 147], [698, 687, 640])
1	0.7595468373621299	0.764835735821623	([693, 357], [702, 693, 357])
1	0.7387459524692844	0.7648524041297207	([731, 626], [731, 714, 626])
1	0.7599809372720124	0.7649681460408143	([714, 375], [749, 714, 375])
1	0.7507913526899134	0.7649979320329845	([512, 125], [512, 218, 116])
1	0.7591835452649112	0.7650792353368995	([702, 459], [702, 463, 435])
1	0.7562888609966797	0.7651175497459511	([370, 308], [370, 367, 308])
1	0.7098446744146829	0.7651175497459511	([351, 308], [505, 367, 308])
1	0.749576344595196	0.7651597946852555	([641, 138], [641, 138, 29])
1	0.745321890608991	0.7652286341422533	([677, 164], [677, 649, 164])
1	0.7443569907401909	0.7652535871959425	([505, 28], [750, 505, 28])
1	0.7612386513019194	0.7653192143810743	([695, 168], [695, 689, 168])
1	0.7415634984766	0.7653358535433308	([792, 640], [792, 777, 640])
1	0.758099962984818	0.7654148510877602	([584, 332], [584, 495, 332])
1	0.7549501783881847	0.7654183066477968	([481, 163], [481, 379, 163])
1	0.7507710275174826	0.7656695246698151	([716, 355], [721, 371, 342])
1	0.7618137853997357	0.7656696445602834	([347, 226], [347, 332, 238])
1	0.7515841129906863	0.7656880625040816	([527, 277], [527, 363, 277])
1	0.7511134536213238	0.7658030749749073	([778, 7], [778, 501, 498])
1	0.7604049610590609	0.7658148661907853	([402, 352], [405, 402, 352])
1	0.7463670117967699	0.7658315888797907	([691, 205], [697, 660, 217])
1	0.7538969146103065	0.7659239151187358	([173, 92], [173, 147, 92])
1	0.7558712344019052	0.7659300192842131	([439, 363], [439, 363, 323])
1	0.761256646604959	0.7659953156477743	([235, 36], [240, 235, 36])
1	0.7645565003942785	0.7660571781909399	([721, 237], [721, 237, 148])
1	0.6524113845464959	0.7660609956750575	([318, 210], [318, 237, 210])
1	0.7357589803337494	0.7661146726188058	([668, 379], [668, 652, 29])
1	0.758249015139749	0.7661226916793193	([262, 118], [277, 262, 118])
1	0.7336370254978078	0.7661966157395523	([721, 148], [721, 355, 237])
1	0.7543919346213716	0.7662773758674292	([699, 145], [757, 699, 645])
1	0.7590471803817698	0.7663168295424835	([591, 465], [626, 591, 465])
1	0.7369646178783884	0.7664014674664739	([228, 85], [228, 116, 69])
1	0.7644371862142535	0.7664391082459815	([422, 34], [422, 400, 34])
1	0.7629350177985492	0.7664561429556482	([367, 143], [381, 367, 140])
1	0.7455537812928865	0.7664722039052354	([174, 58], [174, 172, 58])
1	0.7497013481366334	0.7665135528600122	([680, 397], [684, 680, 397])
1	0.6539294101364664	0.7665135528600122	([684, 310], [718, 684, 397])
1	0.7379608624099151	0.7665770419959206	([660, 226], [655, 652, 215])
1	0.759985550252757	0.7665915514003161	([703, 452], [703, 494, 462])
1	0.7510585957061282	0.7665960706012502	([233, 81], [244, 233, 84])
1	0.7641418134587391	0.7666723432988652	([188, 86], [188, 187, 86])
1	0.735224198910252	0.7666935993641172	([388, 210], [495, 388, 334])
1	0.7534066025157297	0.766731900877591	([582, 349], [582, 397, 393])
1	0.7466599265265236	0.7667798641261415	([311, 59], [311, 59, 36])
1	0.7550818095371782	0.7669781609806137	([404, 110], [404, 335, 128])
1	0.7627044899807331	0.7669862065076389	([640, 234], [642, 640, 234])
1	0.7563123292218021	0.7670425494836951	([657, 145], [657, 500, 381])
1	0.7619198696377962	0.7671350751408017	([381, 140], [381, 190, 140])
1	0.7647976147070028	0.7671451815386299	([790, 694], [790, 785, 694])
1	0.7589096902233055	0.7671793403131713	([598, 463], [607, 598, 463])
1	0.7582777633415658	0.7671793403131713	([607, 457], [621, 607, 463])
1	0.7593303879594031	0.7672112254402685	([265, 69], [265, 92, 39])
1	0.748368771392394	0.7672114131448888	([460, 370], [498, 460, 405])
1	0.7447648441200446	0.7672612772103254	([528, 332], [528, 368, 334])
1	0.75072268210911	0.7673172099643747	([569, 453], [582, 569, 454])
1	0.7239475294090147	0.7673172099643747	([602, 374], [602, 569, 454])
1	0.7618010345565666	0.7673444488678486	([326, 118], [326, 279, 277])
1	0.7547393642753509	0.7674075946601372	([677, 461], [689, 677, 461])
1	0.7554691391604049	0.7674358833212759	([726, 487], [737, 726, 384])
1	0.7644615404035129	0.7674786553077739	([691, 399], [691, 399, 336])
1	0.7341891739848232	0.7674982911185423	([695, 124], [695, 124, 32])
1	0.7494635000438792	0.7675668659455269	([695, 232], [695, 693, 232])
1	0.7493775846957376	0.7676578614603699	([560, 164], [586, 560, 164])
1	0.7244380588154264	0.7677772311014974	([505, 128], [505, 218, 149])
1	0.5536010651192457	0.7678952426299251	([519, 300], [519, 493, 328])
1	0.7566805003793622	0.7679017828226008	([765, 515], [794, 765, 515])
1	0.7511756113590956	0.7679568536753962	([437, 308], [437, 377, 325])
1	0.7516483537888202	0.7679948248841577	([673, 114], [684, 673, 114])
1	0.7503001442987773	0.7680495202599409	([672, 134], [672, 154, 147])
1	0.7461519028575144	0.7680495202599409	([672, 154], [687, 672, 147])
1	0.7512273699860403	0.768051990859012	([83, 4], [83, 34, 30])
1	0.7628158300757495	0.7680880414495831	([723, 391], [744, 723, 391])
1	0.762356852542794	0.76808856056583	([494, 162], [494, 329, 162])
1	0.7436940944463333	0.7681204870924679	([649, 221], [649, 221, 31])
1	0.7638378301853697	0.7682183252328787	([358, 180], [358, 228, 196])
1	0.7650070643845092	0.7682382688210397	([288, 188], [288, 274, 188])
1	0.7590291326038688	0.7685141224017538	([593, 466], [607, 593, 466])
1	0.7632001328368023	0.7686695732990564	([662, 339], [662, 655, 339])
1	0.7590661591271056	0.7686732402963982	([390, 219], [390, 219, 34])
1	0.7640028553682346	0.7687116824008734	([790, 531], [790, 531, 312])
1	0.7328858671990381	0.7687376185960778	([351, 207], [351, 333, 207])
1	0.7501052263224796	0.76883476412632	([701, 181], [695, 678, 181])
1	0.7614824063852589	0.768870379994905	([182, 100], [182, 100, 33])
1	0.7684637613137472	0.7689555997580537	([671, 624], [671, 632, 624])
1	0.7493816830466167	0.7689608475648726	([537, 176], [537, 333, 317])
1	0.7521630509072803	0.7689705621502633	([538, 347], [538, 512, 330])
1	0.7338141577140744	0.7689753541419443	([352, 142], [352, 238, 215])
1	0.7523284191860259	0.768982142584885	([718, 81], [718, 254, 45])
1	0.7088570697407649	0.7690602249135218	([385, 77], [385, 77, 32])
1	0.7681286353836412	0.7690602249135218	([401, 32], [401, 385, 32])
1	0.7248236552283419	0.7691391845471099	([662, 237], [692, 662, 237])
1	0.7392298107190126	0.7691960081532007	([745, 460], [745, 643, 460])
1	0.7642307325192402	0.7691971487283673	([668, 143], [688, 216, 203])
1	0.7687801659275612	0.76926851768869	([462, 339], [462, 339, 331])
1	0.547879914643067	0.76928434807577	([633, 291], [782, 633, 513])
1	0.7652295566820739	0.7692909269515601	([421, 337], [421, 399, 336])
1	0.7258061305138142	0.7693317112145615	([531, 308], [531, 508, 308])
1	0.6972953064090375	0.7693768720304119	([698, 34], [698, 679, 400])
1	0.7662228387545237	0.7694267403286634	([673, 202], [673, 203, 202])
1	0.750468081765546	0.7694357393871567	([277, 95], [277, 118, 111])
1	0.7341695678086458	0.7697350358340235	([688, 216], [675, 386, 216])
1	0.7512358575984714	0.7697764847256752	([661, 229], [661, 364, 219])
1	0.762226021895574	0.7698145563101251	([128, 16], [128, 124, 16])
1	0.7230155898147486	0.7698771239384818	([375, 62], [375, 62, 55])
1	0.7544965766046275	0.7698771239384818	([762, 55], [762, 375, 55])
1	0.7611161583960192	0.7699239831272726	([610, 478], [610, 575, 465])
1	0.7646834167993021	0.7699828913950791	([470, 353], [535, 470, 353])
1	0.7661874067974297	0.7699961459134511	([748, 620], [748, 694, 620])
1	0.7640707922243661	0.7700480125744497	([559, 334], [559, 529, 334])
1	0.7156270943786057	0.7700809514493614	([718, 112], [718, 112, 9])
1	0.7680089944880796	0.7701001132054665	([469, 254], [528, 469, 254])
1	0.7604467273719507	0.7702872081451024	([794, 360], [794, 360, 331])
1	0.7432004654616623	0.77030935008473	([597, 468], [567, 486, 430])
1	0.7560608962442915	0.7703735860576534	([499, 199], [750, 499, 492])
1	0.7682986134033534	0.7705022014212488	([589, 427], [589, 561, 402])
1	0.7671202100772576	0.7706731923773493	([721, 671], [721, 689, 665])
1	0.7125402718155862	0.7707779578994418	([590, 336], [623, 590, 329])
1	0.7659615439148442	0.7708286658595267	([684, 583], [697, 684, 583])
1	0.7628951804763601	0.7708653503759293	([662, 16], [667, 662, 2])
1	0.7708944419595267	0.7711141515305302	([713, 546], [718, 713, 546])
1	0.7270313383352988	0.7712073128016238	([660, 153], [660, 652, 153])
1	0.7509222553460908	0.7712113021204113	([147, 11], [147, 131, 29])
1	0.7631746601163247	0.7714025883887508	([458, 336], [458, 387, 385])
1	0.7629376120029062	0.7714108377569161	([738, 163], [738, 716, 163])
1	0.7691926736516026	0.7714142925230885	([694, 338], [745, 694, 338])
1	0.7581784936102641	0.7714334947946972	([242, 20], [242, 238, 20])
1	0.7582353012159782	0.7714462327626257	([745, 239], [745, 511, 495])
1	0.7532583959855709	0.7715140499708073	([686, 604], [721, 686, 671])
1	0.7704126163839062	0.7715669089485931	([237, 105], [246, 237, 105])
1	0.7575923862374752	0.7715669089485931	([325, 246], [325, 246, 105])
1	0.7680905310145858	0.7716151312024713	([362, 212], [362, 212, 147])
1	0.7672550065463042	0.7718670138004892	([561, 458], [561, 528, 458])
1	0.7608707917903242	0.7719370073608232	([329, 90], [329, 274, 162])
1	0.7649320400256513	0.7720859018863836	([579, 487], [550, 537, 475])
1	0.7210821364274683	0.7721357736939457	([248, 137], [248, 137, 132])
1	0.7445685789970358	0.7721454038522495	([496, 153], [496, 380, 153])
1	0.7660990181770287	0.77219665347329	([726, 457], [726, 626, 457])
1	0.7487310711555967	0.772220058707361	([517, 377], [529, 517, 377])
1	0.7290033342545149	0.7724703193321416	([614, 481], [600, 550, 513])
1	0.7586679431369272	0.7724852034409292	([574, 469], [574, 537, 528])
1	0.7694125997132893	0.7726020320860801	([644, 128], [644, 153, 128])
1	0.7692201905500167	0.7726020320860801	([644, 148], [644, 153, 148])
1	0.7126217332575551	0.7726135390488852	([362, 112], [364, 362, 212])
1	0.732630240046695	0.7728226395360924	([664, 344], [677, 664, 344])
1	0.7349992871770439	0.7730076024651836	([542, 370], [542, 501, 497])
1	0.7695775428956445	0.7730234471978381	([645, 186], [750, 645, 186])
1	0.7282637348384347	0.7730358072277188	([524, 364], [659, 637, 364])
1	0.7689581026464994	0.7731269119673476	([539, 31], [539, 336, 31])
1	0.7641916821156207	0.7731523629632361	([491, 114], [529, 527, 114])
1	0.7248335555701875	0.7731595345029059	([532, 362], [534, 362, 334])
1	0.49181000501282884	0.7731988341651271	([292, 290], [315, 292, 290])
1	0.7395785683937962	0.7732312436867473	([750, 423], [750, 455, 423])
1	0.7463242156201461	0.7735181064614107	([590, 400], [590, 582, 393])
1	0.7502660799082543	0.7736306314096323	([643, 119], [645, 643, 186])
1	0.7523054804843378	0.7736933998915522	([575, 435], [575, 465, 435])
1	0.764933341321812	0.77373499151206	([635, 401], [635, 454, 401])
1	0.7729280075674375	0.7739417499931683	([340, 109], [351, 340, 109])
1	0.7660549289904424	0.7739885699221895	([144, 7], [228, 144, 116])
1	0.7632196165877287	0.7740109602857616	([348, 126], [348, 201, 126])
1	0.7614578810475163	0.7740109602857616	([348, 192], [348, 201, 192])
1	0.6899397235656816	0.7740781249058905	([671, 310], [671, 654, 582])
1	0.7529674260241845	0.774122951889094	([706, 547], [718, 706, 547])
1	0.7686321084324125	0.7741646065533171	([349, 118], [355, 349, 118])
1	0.7732988661077643	0.7743375643232039	([491, 230], [491, 230, 200])
1	0.7299924249226311	0.7743375643232039	([491, 176], [763, 491, 200])
1	0.7674578326803386	0.7744542034547477	([266, 217], [266, 240, 239])
1	0.7584490762751424	0.7745097559133296	([605, 391], [605, 589, 391])
1	0.7740958456499404	0.7746688197370339	([622, 387], [622, 582, 397])
1	0.7629045892190215	0.7747121915002428	([670, 118], [670, 660, 118])
1	0.7612476873622342	0.7747970082699087	([742, 362], [742, 512, 406])
1	0.7533209551911547	0.7748560923060694	([476, 393], [476, 463, 393])
1	0.7636831687368634	0.7748680878364843	([770, 359], [770, 756, 359])
1	0.7580781098604658	0.7748787302744314	([661, 141], [661, 219, 141])
1	0.7691261259021881	0.7749467714648273	([314, 301], [790, 314, 301])
1	0.7633497465865576	0.77509547257101	([651, 23], [651, 499, 494])
1	0.7601548179635619	0.7751381294168118	([693, 30], [693, 656, 353])
1	0.7506699365127012	0.7751381609968827	([656, 30], [721, 656, 194])
1	0.7722097957846081	0.7751639568910811	([755, 17], [755, 27, 26])
1	0.7375630313450234	0.7751734936015318	([692, 524], [692, 540, 524])
1	0.7452693760378923	0.7753672929021985	([663, 212], [662, 222, 187])
1	0.7587330368253797	0.7754248872365066	([246, 4], [246, 164, 28])
1	0.7748221479561096	0.7754807144622374	([364, 283], [364, 283, 256])
1	0.7603940028968479	0.7755657820968275	([289, 79], [289, 109, 99])
1	0.5268531255694919	0.7755874013281044	([446, 295], [446, 414, 412])
1	0.7698530646805094	0.7758320616257083	([490, 141], [490, 335, 228])
1	0.7583889986616319	0.775892895718282	([580, 506], [580, 532, 518])
1	0.7749980731477508	0.7759133371944281	([316, 71], [316, 155, 87])
1	0.770872372095366	0.7760048921630677	([793, 534], [793, 534, 533])
1	0.7378990372067181	0.7760952779508996	([790, 301], [314, 309, 301])
1	0.7535402741398298	0.7761379763629801	([391, 251], [391, 363, 251])
1	0.7760950324997071	0.7762246608404444	([393, 196], [393, 352, 341])
1	0.7502974076784742	0.7762448042080312	([527, 114], [491, 135, 114])
1	0.7695422057721637	0.7763211641687278	([459, 130], [459, 384, 379])
1	0.7758999501298643	0.7764034412473708	([620, 471], [620, 529, 472])
1	0.7729327300595183	0.7766745161529226	([395, 311], [408, 395, 316])
1	0.7445071804762494	0.7766745161529226	([408, 316], [443, 395, 316])
1	0.7732385590046634	0.7766993530793449	([508, 436], [508, 451, 436])
1	0.7656200040373677	0.7767748363982717	([770, 15], [770, 756, 15])
1	0.7406373181325207	0.7767899479906274	([648, 123], [696, 232, 181])
1	0.7767767595463803	0.7769121328230782	([402, 131], [402, 385, 131])
1	0.7682072169020501	0.7769209209792992	([655, 161], [655, 215, 195])
1	0.7681805245884247	0.7769529841916576	([678, 615], [678, 642, 639])
1	0.7720483709097435	0.7769595769180342	([719, 421], [719, 703, 421])
1	0.7696476141473844	0.7770231869351633	([796, 372], [796, 372, 326])
1	0.7516557224241235	0.777156212780245	([342, 20], [378, 342, 20])
1	0.7577819499652227	0.7772731602518763	([787, 23], [787, 313, 284])
1	0.7713094155692753	0.7774317266460513	([737, 579], [737, 734, 579])
1	0.6065367932772197	0.777557031263299	([656, 306], [791, 721, 656])
1	0.7696209363588642	0.7776606291808456	([345, 217], [345, 235, 217])
1	0.7674633267680926	0.777697511366146	([669, 606], [669, 606, 584])
1	0.7755746515316544	0.7777131392617691	([649, 308], [649, 505, 308])
1	0.7459016653480304	0.7777989539234	([178, 39], [182, 178, 39])
1	0.7603568892126699	0.7778714105567764	([653, 233], [653, 233, 196])
1	0.7690935173262593	0.7778714105567764	([531, 196], [653, 531, 196])
1	0.7581583379751512	0.7780208231755247	([640, 423], [640, 582, 423])
1	0.776122612889012	0.7781737801992702	([209, 2], [209, 183, 34])
1	0.7704470931690004	0.7782572080438654	([269, 93], [275, 269, 98])
1	0.7663805610109267	0.7783296761093915	([785, 213], [785, 328, 168])
1	0.767834637699418	0.7783750764893547	([705, 361], [705, 642, 507])
1	0.7568184513675393	0.7785030449906984	([424, 229], [424, 229, 153])
1	0.7712535814497399	0.7786408229237327	([490, 27], [490, 141, 30])
1	0.7770338762908153	0.7789499605830155	([680, 5], [680, 641, 5])
1	0.7788908867737256	0.7789741990469291	([269, 46], [269, 172, 46])
1	0.7755849627791381	0.7789759823682731	([676, 139], [676, 139, 124])
1	0.5851799909214277	0.7791831708135484	([706, 307], [706, 313, 307])
1	0.7593789037933029	0.7791934002368498	([746, 357], [760, 746, 357])
1	0.7624191991032536	0.7791944526290954	([523, 361], [523, 361, 327])
1	0.7227847748862536	0.7793110323969061	([351, 127], [351, 207, 127])
1	0.7677041089313487	0.7793411935477995	([638, 278], [641, 638, 278])
1	0.7696413319634552	0.7793428005866297	([263, 122], [263, 248, 122])
1	0.7445841828859239	0.7793651923978598	([511, 239], [511, 351, 239])
1	0.7658217069696405	0.7795353608954371	([713, 458], [713, 487, 482])
1	0.7732825044285377	0.7795360588595386	([361, 194], [361, 198, 194])
1	0.7694718325482212	0.7797025219929554	([681, 542], [689, 681, 542])
1	0.779343440119986	0.7799344126112902	([431, 319], [492, 431, 420])
1	0.770987704320189	0.7800145605907239	([618, 399], [684, 618, 399])
1	0.7616348922100253	0.7800209411004351	([659, 252], [659, 336, 239])
1	0.7766363646766962	0.7800897541265647	([504, 416], [504, 416, 325])
1	0.7655304644637768	0.7801685345705807	([263, 74], [265, 263, 74])
1	0.6027528502858487	0.7806280604057256	([781, 302], [790, 781, 290])
1	0.7785894688154394	0.7806289949708463	([628, 417], [628, 445, 383])
1	0.7777225821301754	0.7807153239892073	([759, 137], [759, 222, 117])
1	0.7804783800646661	0.780728532442211	([192, 79], [192, 159, 133])
1	0.7551442226470225	0.7810185383320498	([659, 126], [659, 650, 126])
1	0.7792020283195862	0.7810969327774373	([423, 104], [513, 423, 108])
1	0.7507923780412179	0.7811358970424059	([156, 19], [289, 156, 99])
1	0.7762844414570198	0.781142412884316	([756, 110], [756, 132, 110])
1	0.7781904349753097	0.7811777154956265	([566, 443], [595, 566, 443])
1	0.7517785336694004	0.7812623060329859	([518, 0], [525, 332, 326])
1	0.7475240677824145	0.7812872220554452	([460, 25], [745, 716, 25])
1	0.7537143392061416	0.7813731542216121	([202, 17], [211, 202, 20])
1	0.7746657723867736	0.7813982472990392	([505, 36], [505, 182, 128])
1	0.7534611207585743	0.7814556829572646	([621, 175], [679, 640, 175])
1	0.7742095482578053	0.7815109653002177	([258, 52], [258, 102, 44])
1	0.7652020254123404	0.7815955016543042	([281, 113], [281, 166, 113])
1	0.7710227876109814	0.7816477244645597	([517, 388], [517, 439, 388])
1	0.7756602853618765	0.7818037665373271	([662, 308], [675, 662, 308])
1	0.7796926916750463	0.7818194553784193	([669, 183], [669, 584, 385])
1	0.5350969467932193	0.781836583851278	([292, 21], [292, 290, 21])
1	0.7674797429428134	0.7820109387907396	([345, 186], [349, 345, 186])
1	0.7787585233423612	0.7820724361134849	([559, 379], [672, 559, 142])
1	0.7431936798800238	0.7822149237594409	([529, 217], [529, 328, 210])
1	0.7768301190680529	0.7822383026284102	([540, 352], [540, 495, 334])
1	0.7781465757968045	0.7822533885631826	([730, 395], [730, 726, 395])
1	0.7542199955812539	0.7822586567058359	([316, 189], [331, 316, 189])
1	0.7792494566415451	0.7824028622248936	([410, 115], [651, 403, 115])
1	0.7592958276570684	0.7824510407319227	([573, 411], [622, 573, 436])
1	0.7824852555883409	0.782532487618106	([402, 7], [402, 131, 7])
1	0.757457820513833	0.7827061053496995	([582, 206], [582, 495, 206])
1	0.7620077742752045	0.7827094407055646	([618, 479], [618, 518, 470])
1	0.7720614784250383	0.7828377049310378	([386, 305], [386, 308, 305])
1	0.7266828065093924	0.7828883914002301	([684, 163], [684, 211, 197])
1	0.7218330741151083	0.7829513332722717	([542, 163], [542, 497, 163])
1	0.7786320816555113	0.7831041774085873	([632, 419], [556, 513, 467])
1	0.7754672134523795	0.7831153408025278	([477, 236], [477, 335, 328])
1	0.7588527551448426	0.7832123286012826	([749, 566], [749, 604, 566])
1	0.7687840015153422	0.7832152059986491	([165, 81], [165, 124, 81])
1	0.7753604362988222	0.7833798975036623	([460, 256], [460, 256, 228])
1	0.7661793450864407	0.7834268993842478	([751, 131], [751, 373, 131])
1	0.7716240338524405	0.7835230301838091	([347, 159], [347, 190, 159])
1	0.7495558479398092	0.7835848450794664	([691, 115], [406, 245, 115])
1	0.7797599887572751	0.7838186026378802	([524, 162], [524, 332, 329])
1	0.7827328520032356	0.7838476439462152	([461, 285], [470, 461, 285])
1	0.776933985882805	0.7838529701152298	([669, 105], [669, 183, 123])
1	0.7825500367234259	0.7840026172845539	([57, 7], [57, 34, 7])
1	0.7833273188026613	0.7841180991749985	([198, 46], [198, 46, 40])
1	0.773692602921524	0.7841972742257023	([581, 186], [581, 526, 186])
1	0.7491871011474859	0.7842218412567037	([508, 129], [699, 508, 129])
1	0.7791966055206675	0.784474549244799	([283, 122], [364, 283, 122])
1	0.7830465936316058	0.7844908919964239	([739, 662], [739, 662, 501])
1	0.7784731858616478	0.7848706279459579	([235, 74], [235, 89, 74])
1	0.5782766650340433	0.7848916139149087	([307, 159], [307, 159, 48])
1	0.7593819676190628	0.7849467012700679	([789, 362], [789, 742, 524])
1	0.7779074186328497	0.7850723179221557	([727, 399], [727, 436, 433])
1	0.7688228478557505	0.7851787793236467	([713, 246], [713, 625, 246])
1	0.7740716853475266	0.7852518480252408	([264, 66], [264, 66, 39])
1	0.7826606655525362	0.7852575398928319	([739, 501], [739, 662, 618])
1	0.7520623368045645	0.7852662312881158	([534, 143], [534, 334, 148])
1	0.7727263073740609	0.7853336937174089	([670, 470], [670, 470, 402])
1	0.7820971758283637	0.7855907964612128	([422, 147], [698, 422, 147])
1	0.7739297664839861	0.7856485821498405	([580, 361], [580, 548, 361])
1	0.7816535126000718	0.785730139395146	([212, 19], [212, 36, 19])
1	0.7840945720854303	0.785885362391503	([648, 17], [648, 511, 336])
1	0.7750627017197708	0.7858875039474744	([675, 146], [667, 654, 182])
1	0.7853842511712312	0.7859165940174115	([606, 389], [606, 389, 329])
1	0.7847643444998964	0.786355874003453	([493, 403], [493, 437, 403])
1	0.74569666884801	0.786451885270194	([525, 420], [582, 525, 420])
1	0.765741321176202	0.7867453176246426	([740, 533], [740, 700, 663])
1	0.7126921458858491	0.7869252761023582	([428, 364], [428, 364, 326])
1	0.7839033944768097	0.787028942016667	([770, 252], [770, 750, 252])
1	0.7844694499909228	0.7871318458191453	([619, 390], [619, 408, 390])
1	0.7488686298395798	0.7871686256817001	([661, 316], [661, 332, 316])
1	0.6110985564583709	0.7871931119165699	([481, 306], [486, 310, 309])
1	0.7870915999364771	0.7873484837337851	([396, 126], [396, 138, 126])
1	0.7785874722133092	0.7873611870328477	([417, 96], [417, 414, 96])
1	0.7650487011501877	0.7873914606012944	([389, 227], [389, 361, 347])
1	0.7793019776487885	0.787538693922739	([435, 353], [435, 408, 353])
1	0.7829235532366879	0.7875575147979809	([391, 112], [391, 385, 131])
1	0.7738318203456953	0.7876288801055292	([331, 59], [331, 315, 311])
1	0.7818801629171531	0.7877164340356252	([611, 485], [636, 611, 485])
1	0.7723955868822658	0.787752988553256	([648, 549], [648, 549, 539])
1	0.7851551580163301	0.7877921687277348	([733, 676], [733, 676, 334])
1	0.7511983978971098	0.7878032558714515	([526, 151], [741, 618, 528])
1	0.5347912530916215	0.7878179006396966	([773, 300], [792, 316, 312])
1	0.7845236082034938	0.788218883367308	([289, 128], [289, 241, 128])
1	0.7870991290179946	0.7884535665994553	([676, 311], [676, 311, 124])
1	0.7823710754379785	0.7884566944027068	([451, 180], [508, 451, 180])
1	0.7612689410239319	0.7884906902344859	([578, 364], [599, 578, 375])
1	0.7779512402440388	0.7885080979064342	([764, 204], [764, 506, 491])
1	0.78652464822459	0.7885242449181338	([261, 78], [268, 261, 78])
1	0.7780039332300582	0.7886443149027595	([569, 34], [781, 609, 569])
1	0.7780802828200722	0.7886896196221308	([683, 136], [683, 550, 308])
1	0.7820224188523873	0.7888115442744484	([783, 280], [783, 489, 280])
1	0.782922080931876	0.7890257808111736	([547, 425], [601, 454, 436])
1	0.7772565519067075	0.7891194687299778	([770, 170], [770, 166, 163])
1	0.78714968527565	0.7891352087028037	([754, 265], [754, 265, 216])
1	0.7799580404135781	0.7894024469194834	([455, 200], [461, 455, 332])
1	0.786083622252428	0.78952285098552	([481, 184], [481, 184, 163])
1	0.7390635585622957	0.7895279576123935	([721, 64], [721, 214, 64])
1	0.7760022166259531	0.7896144224024075	([547, 456], [547, 524, 516])
1	0.7861760822809	0.7896958251856904	([506, 304], [506, 304, 277])
1	0.7793660955812697	0.7897713203869263	([664, 131], [664, 384, 114])
1	0.7853798183132779	0.7898220749954887	([467, 289], [522, 467, 466])
1	0.7786924346278562	0.7900305886101073	([685, 580], [685, 580, 536])
1	0.7488999218649348	0.7900927589128484	([511, 121], [511, 505, 121])
1	0.7724090145366269	0.790259864916843	([603, 377], [686, 603, 582])
1	0.7777339598921773	0.7903366596265965	([665, 480], [741, 660, 480])
1	0.7790016201557631	0.7903912681191729	([713, 203], [713, 203, 174])
1	0.7635781796178523	0.7910327133749083	([534, 9], [534, 336, 333])
1	0.787727214322137	0.7910645622851104	([652, 426], [679, 652, 426])
1	0.7499216957599708	0.7914895257235508	([770, 427], [770, 487, 450])
1	0.7909601559419656	0.7915000463384743	([412, 216], [412, 397, 216])
1	0.7823490948017366	0.7916412764898028	([538, 167], [538, 167, 128])
1	0.7884216606287475	0.791779441372097	([464, 264], [464, 281, 264])
1	0.7810312918343965	0.79187129169755	([525, 38], [721, 525, 38])
1	0.7115356444742947	0.7919849613827514	([317, 177], [317, 280, 177])
1	0.772702685404663	0.7920787430117733	([95, 12], [95, 92, 12])
1	0.7793794034032793	0.7921754376118152	([793, 393], [793, 751, 393])
1	0.5124723155353503	0.792178425191969	([792, 303], [647, 367, 365])
1	0.7804607569958171	0.792271971613732	([573, 351], [573, 529, 411])
1	0.5257384681717978	0.7922865954592928	([292, 221], [292, 221, 18])
1	0.7911579600489834	0.7923377565620471	([345, 13], [345, 253, 33])
1	0.7833737102812307	0.7924140738119019	([410, 258], [410, 398, 258])
1	0.61347223477044	0.7925611581634545	([302, 104], [302, 267, 57])
1	0.7884839211939368	0.7926255293402917	([441, 222], [501, 441, 394])
1	0.7893553206647255	0.7926406150555758	([398, 230], [496, 398, 230])
1	0.7871170697737254	0.7926913480173499	([337, 17], [364, 337, 17])
1	0.7664934437442045	0.7927165887434888	([327, 167], [327, 279, 162])
1	0.7784739151214349	0.7927224399430652	([541, 242], [541, 242, 181])
1	0.5406688364604777	0.7927605784314442	([612, 292], [597, 431, 383])
1	0.7865908588212552	0.7928312888907078	([434, 6], [643, 434, 6])
1	0.7894848743579093	0.7929604268604645	([713, 125], [713, 697, 125])
1	0.7895630617700224	0.793115931001394	([539, 201], [539, 530, 201])
1	0.7831050764390252	0.7932901957270335	([187, 56], [187, 84, 56])
1	0.7911723065410016	0.7934299490092234	([450, 148], [462, 443, 148])
1	0.7648172327292078	0.7934816442316128	([484, 373], [497, 484, 373])
1	0.7750913272629187	0.793653402699527	([638, 217], [697, 638, 334])
1	0.7578092525788277	0.7936680297222919	([525, 224], [525, 356, 326])
1	0.7760935406554991	0.7937101975404866	([739, 159], [744, 739, 27])
1	0.778540322931493	0.7937646753590342	([691, 474], [691, 684, 474])
1	0.7922175756260424	0.7938732280384464	([688, 121], [688, 144, 143])
1	0.7817643661591301	0.7940885284768072	([520, 311], [520, 335, 326])
1	0.7941482870191972	0.7941686244687418	([733, 71], [733, 721, 71])
1	0.7843936910368503	0.7941870388510986	([412, 256], [412, 329, 256])
1	0.7745993464706555	0.7942631514649132	([730, 567], [730, 708, 627])
1	0.770225860291101	0.794443600264457	([732, 450], [770, 766, 450])
1	0.7489244799164447	0.7944453689264143	([375, 160], [375, 160, 135])
1	0.659046667518843	0.7944534726991181	([284, 183], [284, 218, 183])
1	0.7843318208827794	0.794591616367134	([586, 255], [586, 337, 255])
1	0.7938568017603636	0.7949597203904697	([787, 123], [787, 721, 129])
1	0.7784810276797758	0.7950437745763111	([666, 275], [666, 275, 252])
1	0.7928247119315096	0.7950898004411837	([582, 266], [582, 554, 266])
1	0.7911643730870139	0.7951821706235783	([746, 195], [746, 308, 195])
1	0.7848822970948305	0.7954390699153568	([396, 191], [693, 396, 382])
1	0.7789577047452295	0.7954609715296505	([454, 217], [454, 383, 216])
1	0.7903949660862138	0.7954613336603371	([408, 61], [408, 165, 157])
1	0.787093711525186	0.7954613336603371	([408, 157], [458, 408, 165])
1	0.7608796882346553	0.7956560337206828	([770, 69], [770, 69, 39])
1	0.7853069205412685	0.7957884769503998	([436, 174], [590, 436, 422])
1	0.7705300908175333	0.7962753851069319	([619, 187], [621, 619, 175])
1	0.7853415917952559	0.7964080141030864	([457, 277], [750, 457, 442])
1	0.7959561806182999	0.7965318882736446	([569, 340], [569, 532, 340])
1	0.7848356627274913	0.7965723384169643	([582, 100], [582, 100, 36])
1	0.7778406811311963	0.7965723384169643	([674, 36], [674, 582, 36])
1	0.7926369618563559	0.7968353165320755	([604, 180], [604, 586, 180])
1	0.5138702546206602	0.7969494030147924	([522, 294], [522, 309, 294])
1	0.5718861929023705	0.7970253597620478	([447, 307], [447, 313, 307])
1	0.7870393320513279	0.7972562696406782	([508, 265], [508, 265, 243])
1	0.7959588757189457	0.7973034718917507	([435, 135], [435, 333, 326])
1	0.7850285158611204	0.7973104736262008	([587, 119], [639, 587, 119])
1	0.6901310979549156	0.7973977342405653	([374, 313], [785, 374, 313])
1	0.7830876837411564	0.7975187986452877	([373, 101], [373, 171, 150])
1	0.7805987767575212	0.7977032333292283	([682, 242], [682, 676, 242])
1	0.784083303435019	0.797775862447511	([522, 228], [522, 481, 228])
1	0.7814806234194451	0.797923178245218	([670, 159], [670, 160, 159])
1	0.793893830809122	0.797923178245218	([701, 160], [701, 670, 160])
1	0.7941936167002087	0.79815325178069	([548, 195], [586, 548, 255])
1	0.7882564595400879	0.7982431626205877	([667, 244], [667, 639, 244])
1	0.7761942680966547	0.7983740806206584	([793, 107], [793, 124, 107])
1	0.5171929215946737	0.7983802671289156	([389, 365], [647, 389, 365])
1	0.7967143701784692	0.7984399835212129	([343, 41], [343, 154, 142])
1	0.7937567426696245	0.7986253556552566	([655, 73], [669, 123, 73])
1	0.790790650216587	0.7986408804218758	([767, 352], [767, 735, 352])
1	0.7871804747236858	0.7989207654546946	([550, 130], [561, 550, 130])
1	0.6130276438371636	0.7991382357949764	([531, 302], [531, 446, 308])
1	0.7792983716125964	0.7993601027434968	([666, 323], [666, 439, 385])
1	0.791505474024904	0.7993680890947384	([462, 17], [528, 462, 17])
1	0.7970524762054793	0.7996467618840575	([625, 161], [625, 513, 160])
1	0.7933489461538371	0.7999064207673212	([581, 344], [639, 581, 372])
1	0.7970488977600506	0.7999187891388798	([457, 14], [457, 381, 20])
1	0.7940061470473372	0.8000033814556695	([472, 245], [472, 351, 245])
1	0.7669030580621055	0.8003044064068847	([423, 214], [423, 228, 214])
1	0.7907547492684869	0.8005058551599642	([707, 226], [707, 617, 226])
1	0.7724057764239879	0.8005080618367094	([436, 122], [436, 435, 148])
1	0.7849371734143393	0.8005724421056915	([536, 170], [536, 378, 255])
1	0.7811505491394527	0.8006314920887991	([391, 51], [391, 282, 21])
1	0.7888089189750931	0.8007035033957292	([415, 160], [415, 350, 348])
1	0.7838467646673185	0.8007070234254241	([694, 155], [694, 212, 146])
1	0.7843081011767075	0.8013020681995086	([449, 178], [449, 428, 178])
1	0.643842967047749	0.8015806238827768	([284, 218], [284, 277, 218])
1	0.7802885359269996	0.8016109729224574	([319, 240], [319, 280, 240])
1	0.7877304570084804	0.8016985079548301	([511, 412], [512, 511, 412])
1	0.788732953469849	0.8019787492317437	([524, 92], [531, 524, 92])
1	0.8010835866430445	0.8023526773636169	([569, 233], [569, 453, 233])
1	0.773277136733876	0.8024030712469592	([713, 174], [713, 385, 179])
1	0.6292731123973461	0.8024697343783477	([345, 284], [345, 331, 311])
1	0.6606695386354161	0.8025119855666303	([599, 284], [599, 585, 384])
1	0.757722157179439	0.8026634215747805	([418, 247], [563, 418, 247])
1	0.7927770193154664	0.8026634215747805	([543, 193], [563, 543, 247])
1	0.7829413844289165	0.8027477168570731	([635, 274], [765, 635, 274])
1	0.8026081419894272	0.8028873877710597	([670, 45], [670, 45, 12])
1	0.7768288623326904	0.8029822893364288	([471, 152], [500, 471, 219])
1	0.803714476516648	0.8038566254755608	([470, 248], [470, 329, 251])
1	0.8027830056190248	0.804277522632844	([392, 127], [397, 392, 127])
1	0.7873999261715801	0.8046279586239456	([719, 103], [719, 280, 44])
1	0.802225665619199	0.8046426559276554	([745, 268], [745, 268, 239])
1	0.7869639710465555	0.804661967855639	([409, 146], [409, 346, 341])
1	0.7994604181870903	0.8046999606973131	([422, 102], [443, 422, 102])
1	0.7979749526873211	0.8050552475951145	([668, 264], [668, 264, 242])
1	0.8051349289582084	0.8052851833502812	([619, 18], [750, 618, 18])
1	0.7981660098123939	0.8055482734999763	([476, 10], [476, 316, 15])
1	0.8027676356739624	0.8055699280838599	([628, 267], [639, 628, 267])
1	0.7909923100709881	0.8056230776597603	([464, 115], [464, 410, 318])
1	0.7880189117076075	0.805736243542432	([492, 212], [520, 510, 212])
1	0.7937369970100873	0.805906880998274	([796, 341], [796, 758, 341])
1	0.7872154699413532	0.8061495391922895	([679, 67], [679, 244, 111])
1	0.8043939641190851	0.806450798291216	([668, 48], [705, 668, 174])
1	0.8026221084084547	0.8066375892816449	([435, 79], [435, 353, 41])
1	0.7970465743387314	0.8066631787893961	([430, 263], [430, 420, 263])
1	0.7863528453388662	0.8070960259926232	([576, 199], [576, 199, 169])
1	0.8061905474533053	0.8072630365250465	([735, 108], [735, 495, 108])
1	0.8070589204181132	0.8077443721764345	([411, 100], [411, 337, 120])
1	0.510865661923903	0.8077858662258492	([711, 295], [780, 711, 493])
1	0.8063678982504252	0.8082844936616461	([769, 86], [769, 756, 86])
1	0.8051402885738136	0.808424978019575	([416, 172], [416, 325, 172])
1	0.802213674571296	0.808438338796945	([312, 123], [787, 312, 123])
1	0.799687775663635	0.8084547657703708	([413, 266], [750, 481, 266])
1	0.7983596537550662	0.8084729317309949	([736, 402], [736, 716, 703])
1	0.7822515157428261	0.8086151982057561	([356, 273], [515, 356, 273])
1	0.8021539299562768	0.8086947253106913	([542, 48], [536, 357, 48])
1	0.799376860488805	0.8091230379645417	([465, 39], [770, 465, 313])
1	0.8082037853658008	0.8093355222930523	([486, 95], [486, 320, 309])
1	0.797648983972469	0.8099371393904367	([578, 108], [578, 503, 108])
1	0.6268999861509135	0.810013401353685	([600, 302], [600, 521, 467])
1	0.8077813053390066	0.8101678598755543	([466, 171], [466, 403, 171])
1	0.8007389760420538	0.8103717005523299	([696, 72], [696, 84, 72])
1	0.8043365263876892	0.8106570871525562	([659, 305], [701, 659, 305])
1	0.8025289692280075	0.8113612759303217	([780, 156], [780, 156, 19])
1	0.8060528475284192	0.8114736103495397	([558, 122], [700, 558, 377])
1	0.8021719682626113	0.8116251566055135	([568, 7], [585, 568, 7])
1	0.5647883365505834	0.8116269794632552	([774, 307], [774, 412, 391])
1	0.7979231497767748	0.8117339916472117	([484, 45], [484, 481, 45])
1	0.8071173351165369	0.8118287752026955	([734, 272], [734, 721, 272])
1	0.809336174338295	0.8121483943221699	([471, 38], [471, 385, 152])
1	0.5525406193542296	0.8123150419127169	([448, 300], [448, 313, 308])
1	0.7874901140285914	0.8125646036208689	([607, 2], [695, 607, 2])
1	0.8040901174729442	0.8128933772577581	([618, 74], [618, 117, 74])
1	0.5951452135937092	0.8130300210559218	([442, 302], [577, 310, 277])
1	0.8117366104708997	0.8136006758316859	([428, 226], [428, 389, 226])
1	0.511961043157257	0.8138441283837884	([647, 365], [782, 319, 318])
1	0.8011407207064685	0.8139273344589206	([562, 150], [562, 528, 150])
1	0.8051400484586652	0.8140544317135907	([572, 264], [581, 572, 264])
1	0.8133352500784062	0.8146444141400316	([409, 111], [586, 409, 391])
1	0.7989007626396752	0.8148448459657193	([747, 169], [747, 715, 169])
1	0.8051555616265241	0.8148747338130278	([579, 99], [734, 579, 99])
1	0.7821191369358059	0.8150009165619827	([433, 44], [442, 400, 44])
1	0.8051593596001213	0.8152197208824915	([413, 289], [413, 289, 278])
1	0.8071293215912754	0.8158504702833254	([584, 70], [584, 251, 151])
1	0.8140486025021799	0.8162025483509895	([487, 109], [550, 487, 109])
1	0.7801509750833054	0.8162807058636351	([468, 94], [468, 308, 94])
1	0.8159883183252832	0.8167351560531058	([441, 257], [750, 441, 257])
1	0.8124222218133125	0.8167367176773819	([496, 272], [496, 380, 272])
1	0.7791981075599318	0.8168859931060033	([753, 115], [753, 335, 115])
1	0.8156274090526625	0.8173300145547582	([729, 161], [782, 729, 614])
1	0.8108651633754251	0.8174715506643901	([782, 161], [729, 727, 161])
1	0.8139058388112592	0.8174814953582747	([707, 96], [707, 279, 96])
1	0.8161456616552707	0.8175745538695007	([607, 38], [607, 389, 38])
1	0.5408556312889643	0.8178627576433917	([545, 365], [612, 545, 472])
1	0.8102990002654477	0.8183950577634255	([633, 207], [633, 531, 207])
1	0.8095868342710735	0.8187761910154234	([598, 67], [610, 117, 90])
1	0.8147624778820923	0.8189213289839158	([544, 97], [544, 540, 97])
1	0.8170721138917638	0.819316059655161	([580, 94], [618, 580, 94])
1	0.5362983759411211	0.819440763312322	([507, 365], [507, 389, 365])
1	0.8183749137729509	0.8196718139498198	([447, 166], [605, 447, 166])
1	0.7920872290253136	0.8200814120573539	([682, 21], [682, 328, 21])
1	0.7872333497795347	0.82018200192695	([580, 47], [592, 274, 162])
1	0.816726366945597	0.8203214098692129	([596, 263], [596, 419, 263])
1	0.49319716439079286	0.8204107331250731	([379, 375], [446, 327, 311])
1	0.8178318523229052	0.821296429535126	([567, 146], [572, 567, 146])
1	0.5126315244199149	0.8213254116897215	([712, 365], [712, 389, 365])
1	0.8141050292259867	0.8214550559529361	([430, 62], [430, 265, 262])
1	0.8144815276215711	0.8215261637710272	([575, 132], [625, 575, 132])
1	0.7783963902124033	0.8218225614427684	([626, 195], [626, 195, 189])
1	0.7965598204518528	0.822042621173448	([451, 48], [451, 192, 48])
1	0.8224657876572136	0.8226413734239848	([725, 55], [725, 171, 55])
1	0.5497902255049252	0.8227351338031182	([365, 100], [612, 365, 100])
1	0.8124876471004706	0.8229113274525255	([632, 81], [632, 612, 81])
1	0.6263017303546957	0.8233441945526678	([306, 64], [306, 280, 64])
1	0.5031917065054031	0.8240080434828748	([558, 297], [615, 562, 465])
1	0.4996071536177893	0.8240353911715883	([291, 111], [291, 287, 111])
1	0.8219768735405811	0.824395543550154	([482, 84], [482, 325, 84])
1	0.5507676717317446	0.8269690945319548	([473, 365], [545, 473, 365])
1	0.8027769162767358	0.8289768944017282	([447, 91], [447, 381, 114])
1	0.8140114343166245	0.8291514782364576	([725, 240], [735, 725, 240])
1	0.5134442443243039	0.8306748360720733	([302, 290], [315, 302, 296])
1	0.8182741577439661	0.8316235566729268	([689, 309], [689, 309, 288])
1	0.49042550857261297	0.8316992290112869	([333, 292], [333, 292, 221])
1	0.7925212884122941	0.831978840820623	([724, 72], [724, 163, 72])
1	0.8302872578565609	0.8335250402371401	([594, 73], [594, 550, 73])
1	0.5597776924713613	0.8338347496404835	([400, 292], [438, 400, 292])
1	0.5315647545662445	0.8358614271726548	([612, 365], [473, 389, 365])
1	0.49601807434973816	0.8378986172021395	([365, 243], [367, 365, 234])
1	0.5034666227179639	0.8381696565101396	([648, 297], [648, 624, 335])
1	0.5055920522274295	0.8383213149669055	([780, 295], [711, 327, 295])
1	0.5627226420492518	0.8432541875674151	([412, 307], [774, 307, 304])
1	0.6034830579618767	0.8504776501874316	([791, 306], [791, 481, 306])
1	0.5335343250823721	0.8527597257161297	([448, 297], [615, 448, 308])
1	0.7690320640353172	0.8533112593623225	([566, 301], [790, 566, 301])
1	0.4849950979522029	0.8578535442305589	([297, 287], [448, 297, 287])
1	0.6098872124200503	0.8590471435330128	([393, 306], [486, 393, 306])
1	0.6021722804616546	0.860324034302328	([536, 306], [536, 486, 306])
1	0.4895792170919202	0.8607039068585531	([294, 243], [324, 294, 243])
1	0.509521422226486	0.866216174387115	([518, 303], [518, 312, 303])
1	0.5332467958511308	0.8714830172617021	([544, 291], [784, 544, 291])
1	0.533383225231767	0.8801404553976641	([729, 303], [729, 518, 303])
1	0.525113571158893	0.8803766601499617	([294, 43], [294, 243, 43])
1	0.5029450907324163	0.8903908952740732	([293, 261], [418, 417, 293])
1	0.4900375595708225	0.8903908952740732	([418, 293], [746, 417, 293])
1	0.5259984080887042	0.8916839343370726	([442, 294], [522, 442, 294])
1	0.529187104554467	0.8965951068347937	([773, 296], [773, 315, 296])
1	0.519834592819281	0.9150818992235603	([303, 75], [520, 314, 303])
0	0.0	0.9684789341823656	([231], [231, 230])
0	0.0	0.9710363236521524	([296], [277, 276])
0	0.0	0.9723167851687247	([276], [554, 553])
1	0.9747654773787428	0.9926844446482989	([553, 365], [553, 549, 365])
0	0.0	inf	([298], [])
