0	0.0	0.23322608150114388	([466], [466, 465])
0	0.0	0.2389857845298147	([177], [177, 176])
0	0.0	0.239782966428621	([317], [317, 316])
0	0.0	0.24216746379735737	([507], [507, 506])
0	0.0	0.24598313612798053	([297], [297, 296])
0	0.0	0.246783868130181	([495], [495, 494])
0	0.0	0.24814608107171213	([515], [515, 514])
0	0.0	0.25064832785871916	([85], [85, 84])
0	0.0	0.25104413887768207	([621], [621, 620])
0	0.0	0.2532353294724643	([90], [90, 89])
0	0.0	0.25378550760291924	([18], [18, 17])
0	0.0	0.2545378034155558	([58], [58, 57])
0	0.0	0.2548151825283218	([663], [663, 662])
0	0.0	0.2549564392150332	([358], [358, 357])
0	0.0	0.25547099462456313	([552], [552, 551])
0	0.0	0.25547482465494364	([194], [194, 193])
0	0.0	0.2576767286213685	([3], [3, 2])
0	0.0	0.25959634640702073	([387], [387, 386])
0	0.0	0.2601814242302805	([67], [67, 66])
0	0.0	0.26044459669378706	([344], [344, 343])
0	0.0	0.26114996069444546	([408], [408, 407])
0	0.0	0.2618610115591184	([146], [146, 145])
0	0.0	0.26271884500223797	([519], [519, 518])
0	0.0	0.2638454034041654	([575], [575, 574])
0	0.0	0.2640125682126944	([20], [20, 19])
0	0.0	0.26468098397224377	([504], [504, 503])
0	0.0	0.2651083718413983	([438], [438, 437])
0	0.0	0.26529602867933705	([105], [105, 104])
0	0.0	0.26552581692437216	([631], [631, 630])
0	0.0	0.266154338891343	([364], [364, 363])
0	0.0	0.2664629216499751	([510], [510, 509])
0	0.0	0.26690279276749	([662], [662, 661])
0	0.0	0.2671873039641675	([100], [100, 99])
0	0.0	0.26777672283116877	([22], [22, 21])
0	0.0	0.2677940045301513	([28], [28, 27])
0	0.0	0.26785586457869154	([315], [315, 314])
0	0.0	0.2679169982620985	([658], [658, 657])
0	0.0	0.268000356205841	([12], [12, 11])
0	0.0	0.26875879570332956	([108], [108, 107])
0	0.0	0.26876039578137584	([490], [490, 489])
0	0.0	0.26925700084499654	([384], [384, 383])
0	0.0	0.26926504660076067	([130], [130, 129])
0	0.0	0.26943030195419754	([580], [580, 579])
0	0.0	0.26951536626274647	([488], [488, 487])
0	0.0	0.2699640982144136	([355], [355, 354])
0	0.0	0.2703222872490924	([642], [642, 641])
0	0.0	0.2706405290441019	([17], [17, 16])
0	0.0	0.2706951064549661	([404], [404, 403])
0	0.0	0.2714450602061837	([603], [603, 602])
0	0.0	0.27164565600121	([461], [461, 460])
0	0.0	0.271905846971592	([134], [134, 133])
0	0.0	0.2719224203722056	([227], [227, 226])
0	0.0	0.27231769300448544	([648], [648, 647])
0	0.0	0.2724454986043322	([394], [394, 393])
0	0.0	0.27248959362407993	([373], [373, 372])
0	0.0	0.27262158218618243	([117], [117, 116])
0	0.0	0.27299374879134247	([538], [538, 537])
0	0.0	0.27375041437462355	([397], [397, 396])
0	0.0	0.2747924276749515	([524], [524, 523])
0	0.0	0.2749317236367901	([132], [132, 131])
0	0.0	0.27494188586861035	([64], [64, 63])
0	0.0	0.2750075140492037	([392], [392, 391])
0	0.0	0.275116036421639	([500], [500, 499])
0	0.0	0.2751227636006736	([70], [70, 69])
0	0.0	0.2751582059548126	([578], [578, 577])
0	0.0	0.2753871764668458	([1], [1, 0])
0	0.0	0.27556558486556454	([589], [589, 588])
0	0.0	0.27644495564558963	([467], [467, 466])
0	0.0	0.2767546158594909	([157], [157, 156])
0	0.0	0.2768127309981983	([86], [86, 84])
0	0.0	0.2771221298214461	([156], [156, 155])
0	0.0	0.27773404884860803	([540], [540, 539])
0	0.0	0.2778426724269678	([49], [49, 48])
0	0.0	0.27788273448601	([314], [314, 313])
0	0.0	0.2782254000586121	([43], [43, 42])
0	0.0	0.2785155705129806	([664], [664, 663])
0	0.0	0.278695845167887	([372], [372, 371])
0	0.0	0.2787104376515676	([458], [458, 457])
0	0.0	0.2787585663156474	([503], [503, 502])
0	0.0	0.2787934672420737	([31], [31, 30])
0	0.0	0.27903239747188263	([62], [62, 61])
0	0.0	0.27904136593816786	([45], [45, 44])
0	0.0	0.27906739133904307	([145], [145, 144])
0	0.0	0.2791845618258843	([293], [293, 292])
0	0.0	0.2794336328265844	([41], [41, 40])
0	0.0	0.2794390337065368	([179], [179, 178])
0	0.0	0.27949617209253824	([8], [8, 7])
0	0.0	0.28016595454570736	([393], [393, 392])
0	0.0	0.2802647733622593	([381], [381, 380])
0	0.0	0.28073250973897357	([160], [160, 159])
0	0.0	0.28094402174984745	([614], [614, 613])
0	0.0	0.28106690188251965	([516], [516, 515])
0	0.0	0.2811577212239077	([280], [280, 279])
0	0.0	0.2812789512399639	([180], [180, 179])
0	0.0	0.28143423860894323	([367], [367, 366])
0	0.0	0.28154225029504887	([109], [109, 108])
0	0.0	0.28246041561939716	([623], [623, 622])
0	0.0	0.2825903363863483	([51], [51, 50])
0	0.0	0.28308021923255694	([551], [551, 550])
0	0.0	0.28313118544956795	([144], [144, 143])
0	0.0	0.28321762476456874	([520], [520, 519])
0	0.0	0.28347394811548954	([619], [619, 618])
0	0.0	0.2835131557602623	([639], [639, 638])
0	0.0	0.2839344442599715	([471], [471, 469])
0	0.0	0.2839641622363862	([368], [368, 367])
0	0.0	0.28415661621135063	([2], [2, 1])
0	0.0	0.2842298354773245	([103], [103, 102])
0	0.0	0.28435676430231094	([348], [348, 347])
0	0.0	0.28436120200013915	([418], [418, 417])
0	0.0	0.28459703482278925	([570], [570, 569])
0	0.0	0.2846024739477429	([341], [341, 340])
0	0.0	0.284891250476527	([74], [74, 73])
0	0.0	0.2850538411985193	([353], [353, 352])
0	0.0	0.28509517354190317	([267], [267, 266])
0	0.0	0.28512236695175824	([56], [56, 55])
0	0.0	0.285157102982522	([66], [66, 65])
0	0.0	0.28523420850039427	([187], [187, 186])
0	0.0	0.2852591537792765	([452], [452, 451])
0	0.0	0.2852691522188198	([363], [363, 362])
0	0.0	0.2853002042706318	([388], [388, 387])
0	0.0	0.28538183955789326	([649], [649, 648])
0	0.0	0.28544204168683424	([102], [102, 101])
0	0.0	0.2858490056175975	([627], [627, 626])
0	0.0	0.28611999691696144	([138], [138, 137])
0	0.0	0.28612159942304827	([289], [289, 288])
0	0.0	0.28620268124966164	([63], [63, 62])
0	0.0	0.28628686512910334	([101], [101, 100])
0	0.0	0.2866682088297555	([333], [333, 332])
0	0.0	0.2879168759747767	([155], [155, 154])
0	0.0	0.2882174938470904	([21], [21, 20])
0	0.0	0.28837207307690577	([35], [35, 34])
0	0.0	0.2884450508996405	([542], [542, 541])
0	0.0	0.2884748810489174	([616], [616, 615])
0	0.0	0.2886642769342558	([302], [302, 301])
0	0.0	0.288783587988753	([72], [72, 71])
0	0.0	0.28889355341965317	([441], [441, 439])
0	0.0	0.28909952245782855	([456], [456, 455])
0	0.0	0.28913091611569547	([273], [273, 272])
0	0.0	0.28918934099568905	([336], [336, 335])
0	0.0	0.2892044948431235	([170], [170, 169])
0	0.0	0.28925941307601577	([468], [468, 467])
0	0.0	0.2892599244671932	([611], [611, 610])
0	0.0	0.289288213693674	([350], [350, 349])
0	0.0	0.28934171887007903	([276], [276, 275])
0	0.0	0.2894771942005178	([656], [656, 655])
0	0.0	0.28967018479541823	([632], [632, 631])
0	0.0	0.28982741350305324	([277], [277, 276])
0	0.0	0.29002283121314243	([181], [181, 180])
0	0.0	0.29041305291965197	([416], [416, 415])
0	0.0	0.2905343271064715	([612], [612, 611])
0	0.0	0.2905757775571011	([391], [391, 390])
0	0.0	0.2910718616166835	([357], [358, 356])
0	0.0	0.2913612849068442	([382], [382, 381])
0	0.0	0.29151794104520745	([44], [44, 43])
0	0.0	0.2915630608793798	([332], [332, 331])
0	0.0	0.2915849786902164	([325], [325, 324])
0	0.0	0.2916251073988726	([80], [80, 79])
0	0.0	0.29215970133628133	([498], [498, 497])
0	0.0	0.292309282746993	([176], [176, 175])
0	0.0	0.29240423848503155	([318], [318, 317])
0	0.0	0.29276701387668685	([65], [65, 64])
0	0.0	0.29277818464133865	([610], [610, 609])
0	0.0	0.292945391895632	([136], [136, 135])
0	0.0	0.29310034378157646	([502], [502, 501])
0	0.0	0.293142737221401	([564], [564, 563])
0	0.0	0.2931460962648777	([489], [489, 488])
0	0.0	0.29388906486862115	([417], [417, 416])
0	0.0	0.2939133861354473	([52], [52, 51])
0	0.0	0.2939403240558367	([594], [594, 593])
0	0.0	0.2940361018460107	([55], [55, 54])
0	0.0	0.2941698130739902	([236], [236, 235])
0	0.0	0.2942110844742709	([565], [565, 564])
0	0.0	0.29439603814981824	([73], [73, 72])
0	0.0	0.2946386537847969	([469], [469, 468])
0	0.0	0.29464381795539074	([527], [527, 526])
0	0.0	0.294651202324547	([118], [118, 117])
0	0.0	0.2947086314078648	([337], [337, 336])
0	0.0	0.29493844734775965	([644], [644, 643])
0	0.0	0.29503185973995916	([328], [328, 327])
0	0.0	0.295534167866445	([660], [660, 659])
0	0.0	0.2958544147559282	([23], [23, 22])
0	0.0	0.29599744181310866	([609], [609, 608])
0	0.0	0.2960109152866888	([284], [284, 283])
0	0.0	0.2965979569306757	([657], [657, 656])
0	0.0	0.29667432424598544	([356], [356, 355])
0	0.0	0.2968106968019164	([460], [460, 459])
0	0.0	0.2968525143991558	([563], [563, 562])
0	0.0	0.2971989455743858	([548], [548, 547])
0	0.0	0.2973222212028748	([525], [525, 524])
0	0.0	0.2979027487677883	([131], [131, 129])
0	0.0	0.2983899840423617	([567], [567, 566])
0	0.0	0.2985303361385963	([375], [375, 374])
0	0.0	0.2987328066813662	([556], [556, 555])
0	0.0	0.2988162452816532	([54], [54, 53])
0	0.0	0.29897405966334034	([521], [521, 520])
0	0.0	0.29924011648906745	([661], [661, 660])
0	0.0	0.2992795493961656	([306], [306, 305])
0	0.0	0.3001564235908378	([366], [366, 365])
0	0.0	0.3004613447824642	([532], [532, 531])
0	0.0	0.30048597365540847	([329], [329, 328])
0	0.0	0.3007212500949759	([640], [640, 639])
0	0.0	0.3008018035035752	([4], [4, 3])
0	0.0	0.3009458287396987	([290], [290, 289])
0	0.0	0.30101377901096876	([140], [140, 138])
0	0.0	0.3011919218995112	([459], [459, 458])
0	0.0	0.3013160190051334	([588], [588, 587])
0	0.0	0.30149004893086495	([638], [638, 637])
0	0.0	0.3015107727165601	([305], [305, 304])
0	0.0	0.30154564789609006	([36], [36, 35])
0	0.0	0.30182892481156365	([472], [472, 471])
0	0.0	0.3022500920176562	([354], [354, 353])
0	0.0	0.3026735615856135	([311], [311, 310])
0	0.0	0.3027413863907809	([374], [374, 373])
0	0.0	0.303148320523796	([643], [643, 642])
0	0.0	0.3033104868382992	([343], [343, 342])
0	0.0	0.303358961079498	([462], [462, 461])
0	0.0	0.3034512673856093	([122], [122, 121])
0	0.0	0.30368594150272044	([330], [330, 329])
0	0.0	0.3042649976724754	([220], [220, 219])
0	0.0	0.30426502966541996	([430], [430, 429])
0	0.0	0.30429500443701984	([114], [114, 113])
0	0.0	0.3044257529206749	([365], [365, 364])
0	0.0	0.30446347724401684	([168], [168, 167])
0	0.0	0.304476819678468	([151], [151, 150])
0	0.0	0.30450905577747844	([442], [442, 441])
0	0.0	0.30460421437308155	([486], [486, 485])
0	0.0	0.30467329807213145	([465], [471, 470])
0	0.0	0.30491870734320614	([121], [121, 120])
0	0.0	0.3049786053807529	([514], [514, 513])
0	0.0	0.30511372575103984	([135], [135, 134])
0	0.0	0.30546652769218174	([494], [495, 493])
0	0.0	0.3056324559851801	([501], [501, 500])
0	0.0	0.30564925239407814	([526], [526, 525])
0	0.0	0.30573996447433216	([279], [279, 278])
0	0.0	0.30587151434878734	([528], [528, 527])
0	0.0	0.3060686328715755	([412], [412, 411])
0	0.0	0.30625244841299193	([274], [274, 273])
0	0.0	0.30630341831086555	([223], [223, 222])
0	0.0	0.30640078772078544	([29], [29, 28])
0	0.0	0.30670313590296355	([439], [441, 440])
0	0.0	0.30676222512198464	([334], [334, 333])
0	0.0	0.30684725647379546	([557], [557, 556])
0	0.0	0.3069486497886966	([53], [53, 52])
0	0.0	0.30706648425219524	([81], [81, 80])
0	0.0	0.3070827831271223	([544], [544, 543])
0	0.0	0.3072023822648921	([550], [550, 549])
0	0.0	0.3072860680904173	([407], [407, 406])
0	0.0	0.3074277553423562	([310], [310, 309])
0	0.0	0.30769119219693847	([577], [577, 576])
0	0.0	0.307804586172711	([5], [5, 4])
0	0.0	0.3079671475112847	([448], [448, 447])
0	0.0	0.3082137823099831	([566], [566, 565])
0	0.0	0.3083274588489416	([554], [554, 553])
0	0.0	0.3083276694714327	([186], [186, 185])
0	0.0	0.3087500349104852	([513], [513, 512])
0	0.0	0.308772091991996	([326], [326, 325])
0	0.0	0.3089838976935934	([345], [345, 344])
0	0.0	0.3092439266538928	([653], [653, 652])
0	0.0	0.30932985653620526	([50], [50, 49])
0	0.0	0.30949772554086274	([415], [415, 414])
0	0.0	0.3097112744901615	([546], [546, 545])
0	0.0	0.30981920674994545	([347], [347, 346])
0	0.0	0.30983606060683483	([573], [573, 572])
0	0.0	0.3098519919524894	([426], [426, 425])
0	0.0	0.30996355481296495	([597], [597, 596])
0	0.0	0.3102450662043096	([541], [541, 540])
0	0.0	0.31033955062489704	([141], [141, 140])
0	0.0	0.31052890924161075	([444], [444, 443])
0	0.0	0.31055713187002626	([75], [75, 74])
0	0.0	0.31073275446406246	([346], [346, 345])
0	0.0	0.31087030340717275	([395], [395, 394])
0	0.0	0.3109178533383678	([581], [581, 578])
0	0.0	0.3109186688143544	([69], [69, 68])
0	0.0	0.3110576413673814	([470], [465, 464])
0	0.0	0.31107617869108334	([182], [182, 181])
0	0.0	0.3112129308468299	([42], [42, 41])
0	0.0	0.31156479514601737	([445], [445, 444])
0	0.0	0.3115905255642947	([491], [491, 490])
0	0.0	0.31161402094447854	([9], [9, 8])
0	0.0	0.3116707681155652	([576], [581, 580])
0	0.0	0.31181988647792025	([169], [169, 168])
0	0.0	0.3119469541467782	([457], [457, 456])
0	0.0	0.31194973919272667	([281], [281, 280])
0	0.0	0.3120073630710252	([97], [97, 96])
0	0.0	0.31224939040189126	([113], [114, 112])
0	0.0	0.3123384782060404	([71], [71, 70])
0	0.0	0.3124897036496307	([383], [383, 382])
0	0.0	0.31280731798768674	([592], [592, 591])
0	0.0	0.3129811073880572	([307], [307, 306])
0	0.0	0.3136689085443334	([591], [591, 587])
0	0.0	0.3137129190416147	([443], [443, 442])
0	0.0	0.31416430890138414	([129], [129, 128])
0	0.0	0.3142048893220449	([380], [380, 379])
0	0.0	0.314638227948466	([617], [617, 616])
0	0.0	0.3146908001244019	([83], [83, 80])
0	0.0	0.31485641779095835	([655], [655, 654])
0	0.0	0.3149137023168499	([429], [429, 428])
0	0.0	0.31515825794000973	([143], [143, 142])
0	0.0	0.3151981555698345	([601], [601, 600])
0	0.0	0.31526959162283075	([308], [308, 307])
0	0.0	0.315339195353464	([152], [152, 151])
0	0.0	0.31545423443201753	([585], [585, 583])
0	0.0	0.3157529978235462	([668], [668, 667])
0	0.0	0.3157628234498745	([260], [260, 259])
0	0.0	0.31586348137229364	([259], [259, 257])
0	0.0	0.3158942337040648	([128], [128, 127])
0	0.0	0.3159942293643611	([630], [632, 629])
0	0.0	0.31604802866886783	([309], [309, 308])
0	0.0	0.3160859265154546	([593], [593, 592])
0	0.0	0.31646973861340116	([572], [572, 571])
0	0.0	0.3164917589107134	([587], [587, 586])
0	0.0	0.3170031256614513	([654], [654, 653])
0	0.0	0.31711928625846736	([89], [89, 88])
0	0.0	0.31720411370192736	([571], [571, 570])
0	0.0	0.3172159978688351	([76], [76, 75])
0	0.0	0.31762503927092084	([6], [6, 5])
0	0.0	0.3176379961813249	([535], [535, 534])
0	0.0	0.31765750770541995	([499], [499, 498])
0	0.0	0.31792424535891284	([480], [480, 479])
0	0.0	0.3179405389823681	([327], [327, 326])
0	0.0	0.3185899777168504	([30], [30, 29])
0	0.0	0.3188753954437523	([257], [257, 256])
0	0.0	0.31975324683475814	([522], [522, 521])
0	0.0	0.3198313296992325	([455], [455, 454])
0	0.0	0.3202286628371603	([127], [127, 126])
0	0.0	0.32030253535890635	([583], [585, 584])
0	0.0	0.32058679295009057	([595], [595, 594])
0	0.0	0.32059538740532767	([125], [125, 124])
0	0.0	0.3207888183008731	([386], [386, 385])
0	0.0	0.3210587805640364	([543], [543, 542])
0	0.0	0.32123468325777965	([40], [40, 39])
0	0.0	0.3213926803928507	([485], [485, 484])
0	0.0	0.3215119325624955	([579], [576, 575])
0	0.0	0.3223175645577339	([379], [379, 377])
0	0.0	0.32243411400365524	([613], [613, 612])
0	0.0	0.32261629164816635	([228], [228, 227])
0	0.0	0.3226541777873227	([124], [124, 123])
0	0.0	0.3230822039229604	([226], [226, 225])
0	0.0	0.32331192250072366	([172], [172, 171])
0	0.0	0.3233314843824494	([171], [171, 170])
0	0.0	0.32363743370628495	([635], [635, 634])
0	0.0	0.32396265709355815	([237], [237, 236])
0	0.0	0.32399728012855306	([409], [409, 408])
0	0.0	0.3244968630580957	([545], [545, 544])
0	0.0	0.3246722158570561	([215], [215, 214])
0	0.0	0.32488128965625057	([359], [359, 358])
0	0.0	0.32511181699759456	([116], [116, 115])
0	0.0	0.3252350007403165	([398], [398, 397])
0	0.0	0.32560195249496576	([422], [422, 421])
0	0.0	0.32589151532619437	([600], [600, 599])
0	0.0	0.3262585763671874	([476], [476, 475])
0	0.0	0.32683634833924474	([25], [25, 24])
0	0.0	0.32712642286223254	([547], [547, 546])
0	0.0	0.3275268262876367	([256], [256, 255])
0	0.0	0.3276599728909058	([271], [271, 270])
0	0.0	0.32781015841983957	([475], [475, 473])
0	0.0	0.3278494622391865	([269], [269, 268])
0	0.0	0.3283538273444034	([376], [376, 375])
0	0.0	0.32879972953611875	([303], [303, 302])
0	0.0	0.32895181736214735	([270], [270, 269])
0	0.0	0.3289630321488266	([275], [275, 274])
0	0.0	0.329315376111973	([523], [523, 522])
0	0.0	0.32935241275208726	([173], [173, 172])
0	0.0	0.329592073139169	([68], [68, 67])
0	0.0	0.3299071349499426	([79], [83, 82])
0	0.0	0.3301433582137012	([335], [335, 334])
0	0.0	0.33023758621693733	([637], [637, 636])
0	0.0	0.3303052848438772	([208], [208, 198])
0	0.0	0.330672616471858	([294], [294, 293])
0	0.0	0.3308695747201223	([19], [19, 18])
1	0.3247652574294799	0.331718793005858	([141, 137], [141, 140, 138])
0	0.0	0.33226935223461945	([463], [463, 462])
0	0.0	0.33302665942928883	([479], [479, 478])
0	0.0	0.3330368989497751	([301], [301, 300])
0	0.0	0.3332596935502846	([78], [78, 77])
0	0.0	0.3332933517048234	([496], [496, 493])
0	0.0	0.33363212592375296	([342], [342, 341])
0	0.0	0.3337010874518664	([7], [7, 6])
0	0.0	0.3342803580818433	([402], [402, 401])
0	0.0	0.3344179552344559	([493], [493, 492])
0	0.0	0.33524189764991447	([396], [396, 395])
0	0.0	0.3352834518446485	([517], [517, 516])
0	0.0	0.3355474755114541	([425], [425, 424])
0	0.0	0.3356408426313774	([602], [602, 601])
0	0.0	0.3360062690587601	([37], [37, 36])
0	0.0	0.3362300566578107	([26], [26, 25])
0	0.0	0.3362627693254156	([147], [147, 146])
0	0.0	0.33631783633852885	([93], [93, 92])
0	0.0	0.33631883869987517	([624], [624, 623])
0	0.0	0.3370526987837363	([534], [534, 533])
0	0.0	0.33745797738182876	([464], [464, 463])
0	0.0	0.33784730280484954	([423], [423, 422])
0	0.0	0.33900464122715274	([183], [183, 182])
0	0.0	0.3390798068194481	([427], [427, 426])
0	0.0	0.3391114680743465	([400], [400, 399])
0	0.0	0.3391212135645946	([278], [278, 277])
0	0.0	0.33913114693677204	([370], [370, 369])
0	0.0	0.3392819269694404	([96], [96, 95])
0	0.0	0.33940740483136655	([98], [98, 97])
0	0.0	0.33966321695496	([154], [154, 153])
0	0.0	0.3398662612181735	([137], [137, 136])
0	0.0	0.34007334339837103	([562], [562, 561])
0	0.0	0.3403312977379404	([607], [607, 606])
0	0.0	0.3406393027797867	([403], [403, 402])
0	0.0	0.34115760864082395	([447], [447, 446])
0	0.0	0.341388063757062	([153], [153, 152])
0	0.0	0.34142387582080386	([553], [553, 552])
0	0.0	0.34144801972563815	([484], [484, 483])
0	0.0	0.34170817847733354	([636], [636, 635])
0	0.0	0.34175134618633835	([34], [34, 33])
0	0.0	0.34184178328054554	([512], [512, 511])
0	0.0	0.34185345151073854	([506], [506, 505])
0	0.0	0.3418982697173813	([555], [555, 554])
0	0.0	0.3419191509520002	([413], [413, 412])
0	0.0	0.34192681045464096	([133], [133, 132])
0	0.0	0.3420048843263774	([219], [219, 218])
0	0.0	0.3420144928566372	([362], [364, 361])
1	0.3278830827941161	0.3420854360124418	([630, 629], [632, 631, 630])
0	0.0	0.3421105657059107	([268], [268, 267])
0	0.0	0.3421476649587558	([473], [473, 472])
0	0.0	0.3422511372127167	([574], [574, 573])
0	0.0	0.34232381168218423	([606], [606, 605])
0	0.0	0.34257511120766276	([244], [244, 243])
0	0.0	0.34257701446937017	([440], [439, 438])
0	0.0	0.3427213878052953	([434], [434, 433])
0	0.0	0.34282214363412916	([647], [647, 645])
0	0.0	0.34301915145835243	([628], [628, 627])
0	0.0	0.3430760518865019	([487], [487, 486])
0	0.0	0.34313472061226624	([253], [253, 252])
0	0.0	0.3434434561985313	([340], [340, 339])
0	0.0	0.34391265110163166	([419], [419, 418])
0	0.0	0.34393618727081016	([15], [15, 14])
0	0.0	0.3443934727163077	([371], [371, 370])
0	0.0	0.3446168745514923	([492], [492, 491])
0	0.0	0.34462011826487043	([107], [107, 106])
0	0.0	0.34503831160563553	([352], [352, 351])
0	0.0	0.3450936173555446	([421], [421, 420])
0	0.0	0.3450990906936905	([92], [92, 91])
0	0.0	0.3452093883475439	([399], [399, 398])
0	0.0	0.34554515390457413	([590], [590, 589])
0	0.0	0.3455463683655191	([142], [142, 141])
0	0.0	0.3457458024559684	([483], [483, 482])
0	0.0	0.3458250345571377	([321], [321, 320])
0	0.0	0.3458699184267216	([255], [259, 258])
0	0.0	0.34630753153229477	([385], [385, 384])
0	0.0	0.3464613738467778	([48], [48, 47])
0	0.0	0.34646974730554064	([57], [57, 56])
0	0.0	0.34666327421281123	([453], [453, 452])
0	0.0	0.34671527923029655	([618], [619, 617])
0	0.0	0.3467595218153984	([446], [446, 445])
0	0.0	0.3468623047859908	([298], [298, 297])
0	0.0	0.3469637819175067	([652], [652, 651])
0	0.0	0.3474086545521268	([338], [338, 337])
0	0.0	0.34751291300805315	([665], [665, 664])
0	0.0	0.34772509276594926	([295], [295, 294])
0	0.0	0.34775587636076266	([529], [529, 528])
0	0.0	0.34801196367092924	([518], [518, 517])
0	0.0	0.34807358707024944	([115], [115, 114])
0	0.0	0.3484805924698985	([608], [609, 604])
0	0.0	0.34924277673002724	([11], [11, 10])
0	0.0	0.3493960845520745	([474], [474, 473])
0	0.0	0.35045514428494207	([316], [318, 315])
0	0.0	0.35054908234016074	([246], [246, 245])
0	0.0	0.35082852562731864	([428], [428, 427])
0	0.0	0.350948443131413	([247], [247, 246])
0	0.0	0.3511957116383824	([167], [167, 166])
0	0.0	0.35142314019631093	([126], [126, 125])
0	0.0	0.35145543170478255	([10], [11, 9])
0	0.0	0.3515248707297404	([283], [283, 282])
0	0.0	0.35156733297657294	([497], [497, 496])
0	0.0	0.3516600699796678	([47], [47, 46])
1	0.3364750031326344	0.35218659049969053	([82, 81], [83, 82, 80])
0	0.0	0.35263470930155627	([451], [453, 449])
0	0.0	0.352808593561109	([615], [615, 614])
0	0.0	0.35283128115037093	([511], [511, 510])
0	0.0	0.3536730074359518	([596], [597, 595])
0	0.0	0.35390488454839975	([331], [331, 330])
0	0.0	0.35444812253343283	([604], [608, 606])
0	0.0	0.3545371998753224	([286], [286, 284])
0	0.0	0.3546763722630074	([248], [248, 247])
0	0.0	0.3549091458958065	([287], [287, 286])
0	0.0	0.3551462125430489	([60], [60, 59])
0	0.0	0.35527902639906633	([454], [454, 453])
0	0.0	0.355291868639281	([251], [251, 250])
0	0.0	0.356052365173684	([106], [106, 105])
0	0.0	0.3564958893836698	([288], [288, 287])
0	0.0	0.35649851766049234	([645], [645, 644])
0	0.0	0.35659828529538073	([620], [620, 619])
0	0.0	0.35668271784923744	([87], [87, 86])
0	0.0	0.35684760973238416	([509], [509, 508])
0	0.0	0.3569404336401326	([252], [253, 251])
0	0.0	0.35702146043049965	([537], [537, 536])
0	0.0	0.3570839325916385	([323], [323, 322])
0	0.0	0.357275641718958	([420], [420, 419])
0	0.0	0.3572863693365304	([599], [599, 598])
0	0.0	0.35751328382441866	([202], [202, 200])
0	0.0	0.3575334935584132	([629], [629, 628])
0	0.0	0.3576079888058628	([666], [666, 664])
0	0.0	0.3579374220630143	([300], [300, 298])
0	0.0	0.3580675154264441	([634], [634, 633])
0	0.0	0.3585732247551083	([667], [667, 666])
0	0.0	0.3589277635817215	([539], [539, 538])
0	0.0	0.35913185456283603	([312], [312, 311])
0	0.0	0.35923924589692907	([313], [315, 312])
0	0.0	0.35929205035696804	([119], [119, 118])
0	0.0	0.3597875719689991	([508], [508, 507])
0	0.0	0.3598287008036348	([164], [164, 163])
0	0.0	0.36000110008956426	([431], [431, 430])
0	0.0	0.36021737977563384	([61], [61, 60])
0	0.0	0.36076300768357294	([477], [477, 476])
0	0.0	0.3611458658852102	([424], [424, 423])
0	0.0	0.36150150979039825	([349], [349, 348])
0	0.0	0.3617267904101234	([322], [322, 321])
0	0.0	0.3617370991089035	([163], [163, 162])
1	0.35331631307672595	0.361792446905949	([566, 562], [566, 565, 562])
0	0.0	0.36208650074781107	([291], [291, 290])
0	0.0	0.36210091644385267	([91], [91, 90])
0	0.0	0.3627272870976584	([633], [633, 632])
0	0.0	0.362970056069369	([174], [174, 173])
0	0.0	0.3632543634211618	([221], [221, 220])
0	0.0	0.36334037259589935	([77], [77, 76])
0	0.0	0.3633434256966983	([120], [120, 119])
0	0.0	0.36369453424606585	([605], [604, 603])
0	0.0	0.36422030738940875	([641], [641, 640])
0	0.0	0.3645223400674814	([410], [410, 409])
0	0.0	0.36583612912507696	([191], [191, 189])
0	0.0	0.36598535828067374	([369], [369, 368])
0	0.0	0.3664815693510107	([361], [361, 359])
0	0.0	0.3666788333597689	([189], [189, 187])
0	0.0	0.36682861283608587	([46], [46, 39])
0	0.0	0.3670380336046468	([411], [411, 410])
0	0.0	0.36720876752811643	([292], [292, 291])
0	0.0	0.36736606659748067	([27], [27, 24])
0	0.0	0.3675053442444304	([285], [285, 284])
0	0.0	0.3675696439665312	([59], [59, 58])
0	0.0	0.3676347513581098	([272], [272, 271])
0	0.0	0.36766536099601727	([159], [159, 153])
0	0.0	0.3677531520234841	([401], [401, 400])
0	0.0	0.36828473950098956	([414], [414, 413])
0	0.0	0.36850102677265334	([531], [531, 529])
0	0.0	0.3687754434401142	([296], [300, 299])
0	0.0	0.3693091132071711	([33], [33, 32])
0	0.0	0.36942102442198543	([254], [254, 253])
0	0.0	0.3703659346068221	([536], [536, 535])
0	0.0	0.37051343956600935	([262], [262, 261])
1	0.35490717532992494	0.3707885777235551	([649, 645], [649, 648, 645])
0	0.0	0.3711250441483798	([250], [250, 248])
0	0.0	0.3712884757506225	([450], [450, 449])
0	0.0	0.3713604548555702	([389], [389, 388])
0	0.0	0.37196825729265864	([646], [646, 645])
0	0.0	0.3724693699775992	([224], [224, 223])
0	0.0	0.3730732982544428	([222], [224, 218])
0	0.0	0.3733479668157132	([111], [111, 110])
0	0.0	0.37338247075457526	([282], [282, 281])
0	0.0	0.3742924795379394	([433], [433, 432])
0	0.0	0.3744086054978747	([659], [659, 658])
0	0.0	0.37459308936354524	([432], [432, 431])
0	0.0	0.3747435517129525	([324], [324, 323])
0	0.0	0.3749501894242859	([88], [88, 87])
0	0.0	0.3755253818260216	([650], [650, 649])
0	0.0	0.3756335411874972	([112], [112, 111])
0	0.0	0.37587286001848835	([505], [505, 504])
0	0.0	0.37617118485330525	([150], [150, 149])
0	0.0	0.37681030080299843	([149], [149, 148])
1	0.3675795257349562	0.37682008365352465	([605, 604], [608, 606, 605])
0	0.0	0.3768450977733429	([626], [626, 625])
0	0.0	0.3768561221075802	([263], [263, 262])
0	0.0	0.3774801794414258	([245], [245, 244])
0	0.0	0.3774899581984014	([378], [378, 377])
0	0.0	0.3782080900363025	([261], [261, 260])
0	0.0	0.3784269812852991	([304], [304, 303])
0	0.0	0.3786550510783535	([123], [140, 139])
0	0.0	0.37877829850761957	([449], [449, 448])
0	0.0	0.37929045377847564	([188], [188, 187])
0	0.0	0.37946693733337866	([299], [296, 294])
0	0.0	0.37949385800706015	([38], [38, 37])
0	0.0	0.38062967010048215	([390], [390, 389])
0	0.0	0.38112365206270254	([249], [249, 248])
0	0.0	0.381517142196203	([582], [582, 581])
0	0.0	0.3820629830162739	([584], [583, 582])
0	0.0	0.3820848341079068	([82], [79, 77])
1	0.38043953476340875	0.3822489324830891	([247, 244], [247, 246, 244])
0	0.0	0.3827619980040545	([148], [148, 147])
0	0.0	0.38423747945387166	([242], [242, 241])
0	0.0	0.38450129292683166	([185], [191, 190])
0	0.0	0.38570263829768275	([95], [96, 93])
0	0.0	0.38584310635473346	([217], [217, 216])
0	0.0	0.3864573273276846	([435], [435, 434])
0	0.0	0.38651599281858406	([622], [622, 621])
0	0.0	0.3874437172287337	([165], [165, 164])
0	0.0	0.387954057713483	([266], [266, 265])
0	0.0	0.3880011696061892	([549], [549, 548])
0	0.0	0.38824886991450813	([205], [205, 199])
0	0.0	0.3883512812944443	([139], [123, 122])
0	0.0	0.3883628943426689	([162], [162, 161])
0	0.0	0.38848024562332917	([14], [14, 12])
0	0.0	0.3887705221479375	([351], [361, 360])
0	0.0	0.38895251080390336	([229], [229, 227])
0	0.0	0.38956225027757596	([360], [351, 350])
0	0.0	0.38959223695310924	([437], [437, 436])
0	0.0	0.389670769106608	([84], [95, 94])
0	0.0	0.3897705812611075	([178], [178, 177])
0	0.0	0.3909439738816199	([110], [110, 109])
0	0.0	0.39128340096049496	([190], [185, 184])
0	0.0	0.3921600328192709	([533], [533, 532])
1	0.38843420233089565	0.3923618404517815	([222, 221], [224, 222, 221])
0	0.0	0.39280937731115056	([478], [478, 476])
0	0.0	0.39312346914492075	([625], [625, 624])
0	0.0	0.3933982381438578	([436], [436, 435])
0	0.0	0.39365222373561004	([195], [195, 194])
0	0.0	0.3940201718769796	([161], [161, 160])
0	0.0	0.3953057613464697	([99], [99, 98])
0	0.0	0.39531079011232756	([561], [561, 560])
0	0.0	0.3960997180157075	([0], [14, 13])
0	0.0	0.39611476641246685	([569], [569, 568])
0	0.0	0.3977042550214048	([377], [377, 376])
0	0.0	0.39833983185748956	([175], [175, 173])
0	0.0	0.39857126639604057	([225], [225, 224])
0	0.0	0.39868877678570336	([598], [598, 597])
0	0.0	0.3994575829668056	([651], [651, 650])
0	0.0	0.40031685654250604	([243], [243, 242])
0	0.0	0.4007135242786532	([558], [558, 557])
1	0.3930383289085691	0.4014642469432772	([539, 533], [539, 537, 536])
0	0.0	0.4021000350878405	([265], [265, 264])
1	0.3704668310735781	0.4042792698534181	([46, 45], [45, 42, 40])
0	0.0	0.4045705313039671	([406], [406, 405])
1	0.39046265100740557	0.4073446855145009	([229, 225], [229, 227, 225])
0	0.0	0.40780533756180865	([104], [104, 103])
0	0.0	0.4082313380843016	([39], [39, 38])
0	0.0	0.4084359094292476	([319], [319, 318])
0	0.0	0.409070891666751	([258], [255, 254])
0	0.0	0.41058735567580446	([586], [586, 585])
0	0.0	0.41103337012171487	([568], [568, 567])
0	0.0	0.4112577583087435	([339], [339, 338])
0	0.0	0.41178865414642596	([240], [240, 238])
0	0.0	0.411975948434036	([481], [481, 480])
1	0.4106602913521446	0.4123524546370839	([330, 324], [330, 327, 324])
0	0.0	0.4129797637027771	([230], [230, 229])
0	0.0	0.41330381184301945	([94], [84, 83])
0	0.0	0.41518190228428875	([24], [24, 23])
0	0.0	0.4163890916319461	([158], [158, 157])
0	0.0	0.4165197065669813	([16], [16, 15])
0	0.0	0.41730758343857766	([320], [320, 319])
0	0.0	0.41744460829335156	([405], [405, 404])
0	0.0	0.4176359449156802	([235], [235, 234])
0	0.0	0.41895720505060924	([560], [560, 559])
0	0.0	0.4197545663444356	([32], [33, 30])
0	0.0	0.42174715285753633	([264], [264, 263])
0	0.0	0.4228025414409246	([196], [196, 195])
0	0.0	0.42316483639414915	([201], [201, 192])
0	0.0	0.4239065788684408	([211], [211, 210])
0	0.0	0.4253048726683401	([216], [216, 215])
1	0.4044714773704393	0.4265889053047074	([431, 424], [431, 428, 424])
0	0.0	0.428694751102213	([231], [231, 230])
0	0.0	0.42872508627946376	([213], [213, 211])
0	0.0	0.4290186998064415	([530], [530, 529])
1	0.4289815382134173	0.4290218906704169	([183, 176], [183, 178, 176])
0	0.0	0.42936095708075606	([197], [197, 196])
0	0.0	0.4296130803765251	([241], [242, 240])
0	0.0	0.4315985534935638	([210], [213, 212])
0	0.0	0.43209408113505615	([193], [193, 191])
0	0.0	0.4343500506972358	([559], [559, 558])
0	0.0	0.43450551066119675	([218], [218, 217])
1	0.4305641962826764	0.43645842182320893	([65, 60], [65, 62, 61])
0	0.0	0.44194996894016186	([238], [238, 237])
0	0.0	0.44433974439871093	([482], [482, 481])
1	0.42945295451787	0.44476471816440977	([230, 226], [230, 229, 226])
1	0.4440303486798852	0.4466997973865923	([560, 555], [560, 558, 557])
0	0.0	0.44712285194123363	([166], [166, 165])
0	0.0	0.447367348281778	([239], [239, 232])
0	0.0	0.45171252252682254	([204], [204, 197])
0	0.0	0.4520707867173196	([209], [209, 207])
0	0.0	0.4530286100981675	([212], [211, 207])
0	0.0	0.4540189199004287	([234], [530, 201])
0	0.0	0.4579941933820305	([207], [212, 198])
0	0.0	0.4582056849201308	([214], [214, 213])
0	0.0	0.46196474845748564	([184], [184, 183])
0	0.0	0.46281792206921596	([206], [206, 197])
1	0.4501209217370909	0.46584871147917273	([637, 632], [637, 635, 632])
0	0.0	0.4673135097766011	([232], [232, 231])
0	0.0	0.4699291608186201	([192], [238, 232])
1	0.4543321734923605	0.47016780913112427	([196, 191], [196, 195, 191])
1	0.44336426562558784	0.47383462363097417	([15, 5], [15, 14, 6])
1	0.45839528331263385	0.47673806280811837	([659, 650], [659, 653, 652])
0	0.0	0.4776420052756072	([198], [481, 203])
1	0.4716091602620868	0.47815449475593147	([334, 320], [334, 331, 330])
1	0.4786071506664673	0.48101028567316845	([217, 207], [217, 214, 213])
0	0.0	0.4820024742359748	([203], [212, 204])
0	0.0	0.4856757842315167	([233], [233, 232])
0	0.0	0.5035884258100279	([13], [234, 199])
1	0.49524463693530624	0.525522955814832	([237, 233], [238, 237, 232])
1	0.45649628387708074	0.5260887485503769	([210, 209], [211, 210, 209])
1	0.49255323674373414	0.526615980166409	([241, 239], [241, 239, 232])
1	0.5314899791373349	0.5360188405751185	([206, 188], [206, 197, 188])
1	0.5157898184219657	0.5432081160104655	([27, 15], [27, 24, 23])
1	0.5386869418985211	0.5461125187289682	([234, 230], [237, 234, 232])
1	0.5418874687150764	0.5675891273812278	([254, 239], [254, 252, 239])
1	0.5675075828761206	0.5726255281656726	([132, 118], [132, 131, 118])
1	0.5016794180613502	0.5739346413591838	([240, 234], [241, 240, 234])
0	0.0	0.5785206366199189	([199], [215, 200])
1	0.48249615945333396	0.582321865719717	([241, 237], [240, 238, 236])
1	0.5623972473772946	0.5843279999559211	([207, 26], [207, 26, 13])
1	0.5555504265214724	0.5891753440752799	([25, 12], [26, 16, 14])
1	0.5659588888853967	0.5906373775336901	([339, 239], [339, 320, 319])
1	0.5803593273899603	0.5913304768128104	([503, 489], [503, 499, 489])
1	0.5529195062121454	0.5967794403560401	([557, 548], [557, 553, 549])
1	0.5987715993662083	0.6040436603957302	([627, 618], [627, 623, 622])
1	0.5574641181287111	0.6055606652629888	([229, 216], [229, 225, 217])
1	0.5876168781942277	0.610077834934757	([421, 398], [421, 420, 401])
1	0.5629090935889706	0.6168353050973587	([95, 83], [95, 89, 86])
1	0.5650563515049245	0.6171255733543852	([205, 196], [209, 199, 197])
1	0.5671499194045729	0.6171255733543852	([210, 194], [210, 209, 197])
1	0.6085359359539738	0.6182433254339381	([249, 229], [250, 249, 229])
1	0.6160015934866624	0.6182933749821938	([271, 238], [287, 274, 271])
1	0.6044386823408747	0.6196377888706419	([303, 238], [303, 294, 291])
1	0.6183034750966221	0.6204650016765562	([94, 81], [94, 92, 86])
1	0.6067691743138637	0.6230616762513433	([449, 436], [449, 446, 436])
1	0.545650543056538	0.6249429583208649	([207, 32], [207, 32, 26])
1	0.6007481080049575	0.6280089940787216	([253, 233], [252, 247, 233])
1	0.5287643164246495	0.6291438133757586	([199, 197], [209, 207, 195])
1	0.5913152087558042	0.6298869825977714	([238, 87], [238, 95, 87])
1	0.5846320717486903	0.6299793644824799	([607, 239], [607, 602, 598])
1	0.5976536489371497	0.6313668814391634	([513, 501], [513, 508, 504])
1	0.6153307547151852	0.6325040058792295	([238, 126], [238, 139, 126])
1	0.607680430025177	0.6345576022545965	([667, 651], [668, 667, 651])
1	0.5066183749750442	0.635794559433776	([249, 239], [252, 243, 242])
1	0.587487695540737	0.6368814909583498	([239, 91], [239, 91, 78])
1	0.6226663877374677	0.6381324821479619	([436, 402], [436, 423, 422])
1	0.6318248691252644	0.6386417191104745	([667, 209], [668, 667, 209])
1	0.6235576661923938	0.6394119511117604	([628, 233], [650, 638, 628])
1	0.6281104173404404	0.639511534217628	([529, 233], [559, 546, 233])
1	0.5068824976526155	0.640306754324799	([209, 208], [212, 208, 207])
1	0.6350645744406255	0.6413543522824553	([447, 434], [447, 442, 434])
1	0.6208103084809111	0.6462687616399055	([233, 33], [233, 33, 29])
1	0.5656582433097489	0.6482086375461961	([250, 228], [249, 239, 231])
1	0.6366221728467102	0.6483999744570529	([633, 615], [633, 627, 618])
1	0.62162815837562	0.6500693909342808	([61, 33], [61, 58, 33])
1	0.6399885316980711	0.6505926164179855	([577, 557], [577, 576, 557])
1	0.5390995782998187	0.6509853518747944	([239, 216], [239, 231, 221])
1	0.6500874531491238	0.6514068853896843	([116, 97], [118, 116, 97])
1	0.6477755958788766	0.654568630519573	([328, 306], [328, 319, 309])
1	0.5963256069469329	0.655110890810066	([291, 238], [271, 258, 254])
1	0.6470834335773114	0.6564259556004819	([617, 233], [628, 618, 617])
1	0.6305440863549575	0.6610308120554712	([502, 485], [502, 489, 485])
1	0.6522800127107816	0.6638578224809913	([232, 215], [232, 226, 218])
1	0.5897152854891993	0.6638578224809913	([238, 224], [238, 232, 218])
1	0.6426368640957916	0.6646828333414831	([484, 463], [484, 477, 463])
1	0.5880580679144459	0.6649135742131458	([668, 658], [667, 664, 660])
1	0.5564040007385997	0.6651475699021815	([285, 204], [285, 272, 264])
1	0.6639161833799816	0.6652512504552174	([552, 524], [552, 550, 521])
1	0.6258767231483506	0.6653258160655294	([390, 368], [390, 382, 370])
1	0.6247625798128531	0.6663244303475211	([184, 163], [207, 195, 163])
1	0.6584807145269461	0.6687100471913873	([578, 558], [578, 576, 558])
1	0.666399057247403	0.6690499489609469	([510, 487], [510, 506, 487])
1	0.6647654774041302	0.6696182587704972	([148, 127], [148, 141, 127])
1	0.6670107273309341	0.6699106955663284	([636, 614], [636, 624, 623])
1	0.6648521564097712	0.6701371055713037	([624, 604], [624, 616, 612])
1	0.6528095626943557	0.6704995971327512	([30, 2], [30, 22, 15])
1	0.668748648510582	0.6710057696506267	([430, 397], [430, 422, 397])
1	0.6653640179936426	0.6715301712499324	([117, 81], [117, 116, 94])
1	0.556975634169088	0.6726376274856324	([239, 139], [239, 148, 139])
1	0.6485861940555173	0.6735342331813624	([436, 245], [436, 245, 235])
1	0.5805037632756798	0.6743394002998032	([282, 207], [282, 265, 264])
1	0.5243170900350191	0.6743492805630469	([207, 195], [187, 181, 165])
1	0.6032768510344403	0.6755089997470181	([378, 233], [389, 378, 371])
1	0.6510402267715034	0.6758661866517159	([233, 171], [233, 171, 163])
1	0.6695756370802323	0.6760006393893747	([667, 189], [667, 209, 194])
1	0.6276866177149628	0.6768162781721041	([233, 47], [233, 47, 33])
1	0.6715599621271406	0.6777078906914223	([514, 498], [514, 508, 498])
1	0.5889636691626805	0.6783262898200005	([582, 238], [582, 560, 557])
1	0.6598813140189049	0.6786929059263426	([229, 136], [229, 148, 136])
1	0.6735163109519239	0.6806574920220472	([668, 634], [668, 652, 633])
1	0.514148098955322	0.6817398040075533	([207, 165], [213, 204, 197])
1	0.6365865159486929	0.6828751876336173	([436, 360], [436, 360, 351])
1	0.6714879203591149	0.6833608391131493	([654, 436], [654, 638, 636])
1	0.663018903046242	0.6833907509261994	([586, 552], [586, 569, 554])
1	0.6579756928737673	0.6835054077328635	([436, 76], [436, 92, 76])
1	0.6723419456080358	0.6843208381590252	([637, 613], [637, 625, 621])
1	0.6533427538028034	0.6851499032975562	([623, 598], [623, 612, 611])
1	0.6835976624063249	0.6854565309862811	([344, 234], [365, 359, 234])
1	0.675333187498737	0.6854565309862811	([377, 234], [379, 365, 234])
1	0.6578212764847663	0.6857401876186094	([436, 152], [436, 152, 143])
1	0.6709986135732624	0.6858485389915853	([573, 436], [573, 564, 436])
1	0.6848149569852864	0.6874351170282055	([436, 262], [436, 298, 287])
1	0.6778055662708375	0.6881098521269589	([60, 29], [60, 39, 29])
1	0.6616748993929873	0.6882370192694972	([436, 395], [436, 402, 395])
1	0.6891591233436343	0.6893659566560553	([240, 220], [240, 231, 220])
1	0.6490609263410824	0.6906447016378908	([268, 233], [268, 258, 254])
1	0.6708843589479484	0.6907298544130471	([365, 344], [365, 358, 354])
1	0.6643264065346547	0.6908699620679154	([436, 342], [436, 351, 342])
1	0.6112208291728356	0.691448626226067	([312, 205], [321, 312, 307])
1	0.6763708803829815	0.691448626226067	([436, 321], [436, 321, 312])
1	0.6739110378418323	0.6923905823655824	([436, 312], [436, 312, 307])
1	0.6873247156109604	0.6926222304117929	([435, 346], [435, 346, 344])
1	0.6614137350162728	0.6927819346673209	([229, 191], [229, 182, 165])
1	0.6482651719572016	0.6933002115228273	([464, 233], [481, 464, 463])
1	0.6894203784361388	0.6944704016710286	([615, 594], [615, 603, 594])
1	0.6548970363658188	0.695284454265819	([595, 436], [595, 572, 564])
1	0.6948942000458685	0.6953475449809148	([599, 570], [599, 595, 570])
1	0.6945465169804536	0.6963717202938224	([100, 72], [100, 82, 79])
1	0.6457685634565796	0.6963884602913923	([554, 436], [624, 604, 600])
1	0.6470364174092592	0.6965171758918371	([482, 436], [505, 491, 485])
1	0.651727403003617	0.6973030681352228	([233, 113], [233, 119, 113])
1	0.6652205746225046	0.6976165562185118	([475, 436], [482, 475, 468])
1	0.6862120364672606	0.6988701144686456	([362, 229], [362, 343, 342])
1	0.6819069443155359	0.698978120775025	([68, 32], [68, 61, 32])
1	0.6953023030883548	0.699361798454639	([66, 30], [66, 59, 58])
1	0.5901625370830234	0.6993885911736615	([261, 238], [261, 250, 244])
1	0.6887984687646268	0.7000517978551541	([73, 31], [73, 64, 31])
1	0.6917222047213771	0.700109995383862	([370, 352], [370, 365, 364])
1	0.6961803964306795	0.7007780665044924	([234, 91], [234, 91, 69])
1	0.6327052864476252	0.7009900339071794	([508, 436], [482, 465, 459])
1	0.7007781601617441	0.7012549286441111	([196, 0], [667, 196, 189])
1	0.6694027731486436	0.7014762055390731	([216, 176], [216, 213, 176])
1	0.6555457999960188	0.7019503631098245	([486, 462], [486, 482, 459])
1	0.6917799583225401	0.7022119598013898	([240, 212], [240, 220, 218])
1	0.6989070650857115	0.7023664415248965	([462, 421], [462, 444, 421])
1	0.6634871975917319	0.7026035705289564	([250, 209], [250, 225, 214])
1	0.648505212161852	0.7035762254302237	([233, 81], [233, 119, 81])
1	0.6903741725952784	0.7044814863046749	([583, 551], [583, 568, 563])
1	0.694269262069999	0.7047511164515761	([263, 232], [263, 252, 232])
1	0.6800058079495426	0.7052217079449855	([234, 75], [121, 85, 82])
1	0.6935497666490883	0.7068128821783072	([237, 74], [237, 148, 74])
1	0.5836643038543906	0.7068292932819474	([245, 200], [245, 232, 215])
1	0.7014011651229399	0.707275116001159	([234, 143], [234, 138, 126])
1	0.5792965815795074	0.707936208437337	([295, 239], [295, 262, 260])
1	0.704216596442026	0.7081554145616367	([234, 169], [234, 232, 166])
1	0.7052771396508568	0.7083186676331881	([108, 75], [108, 102, 98])
1	0.6370105790831249	0.7086863565848129	([434, 389], [434, 422, 400])
1	0.7065184651085757	0.7088618625664014	([505, 348], [511, 505, 348])
1	0.6972612951606396	0.7105761448216606	([469, 453], [469, 460, 453])
1	0.6560720699643241	0.7106098541993648	([436, 224], [436, 235, 224])
1	0.7075905053261253	0.7107037454048464	([388, 351], [388, 379, 351])
1	0.7099871450063409	0.7112499258300979	([252, 220], [252, 232, 227])
1	0.7047654003899724	0.7113949484065795	([325, 281], [325, 307, 281])
1	0.6816630659532399	0.7123284403695265	([668, 546], [668, 667, 546])
1	0.7027690053415774	0.7123714825052334	([137, 104], [137, 121, 104])
1	0.7115582328849839	0.7124378055862474	([596, 518], [596, 574, 518])
1	0.5596976912262428	0.7127262394538789	([299, 207], [299, 284, 265])
1	0.6977488662873553	0.7130574655310694	([633, 593], [627, 603, 593])
1	0.7119954960657502	0.7130591766578642	([519, 497], [519, 508, 488])
1	0.7106312531014544	0.7132592591198359	([472, 449], [474, 472, 449])
1	0.7040454205702851	0.7132939166119815	([662, 614], [662, 639, 630])
1	0.6986450518108764	0.7141804245655848	([433, 353], [435, 433, 353])
1	0.70075789917785	0.7144482147190346	([374, 347], [374, 368, 347])
1	0.6870586044338607	0.714486143165797	([486, 434], [486, 459, 440])
1	0.7020804010875533	0.7146202072263278	([120, 78], [120, 103, 97])
1	0.7049613361612509	0.7147622849303868	([553, 234], [553, 550, 234])
1	0.6878959169606256	0.7147998346325213	([597, 552], [597, 583, 573])
1	0.6877162462209737	0.7148905990079943	([513, 462], [513, 503, 462])
1	0.6991050136576542	0.7149905764501985	([474, 451], [472, 466, 449])
1	0.7087611874194281	0.7151077269996642	([186, 129], [186, 162, 129])
1	0.5856019726013367	0.715265554442722	([369, 238], [369, 350, 348])
1	0.6857520540885426	0.715265554442722	([377, 350], [377, 369, 350])
1	0.6888763191211801	0.715265554442722	([435, 369], [435, 369, 350])
1	0.6961390193643026	0.7153378238668552	([169, 139], [169, 150, 148])
1	0.7009920741551993	0.7154252476387257	([146, 107], [146, 123, 107])
1	0.7135031602345497	0.7154605774053083	([150, 112], [150, 138, 112])
1	0.6542351298026281	0.7155327525295554	([572, 233], [597, 573, 572])
1	0.6820615874088567	0.7156919439052553	([568, 522], [568, 549, 522])
1	0.7058502010235391	0.7162561583017043	([126, 83], [126, 117, 83])
1	0.709285944795417	0.7164039532579252	([485, 447], [486, 485, 447])
1	0.68459929229568	0.7164541611671642	([285, 240], [299, 292, 240])
1	0.6915322107355812	0.7166729989726403	([145, 113], [145, 141, 113])
1	0.7091898628908959	0.7170515636567311	([499, 435], [511, 499, 435])
1	0.6988178040850715	0.7171164177602505	([661, 612], [661, 650, 624])
1	0.6845870070450909	0.7171568388007734	([473, 452], [474, 471, 452])
1	0.7158218907401139	0.7173069580383518	([290, 249], [290, 270, 249])
1	0.6888229614397996	0.7174185435718854	([493, 234], [511, 493, 488])
1	0.7074322888500966	0.7177702361227711	([588, 545], [588, 562, 555])
1	0.6798755262829719	0.7178244128092661	([214, 182], [216, 214, 182])
1	0.6282431306616167	0.7178244128092661	([229, 148], [229, 216, 182])
1	0.6924881173774381	0.7185349226321363	([234, 53], [234, 75, 40])
1	0.712930935329903	0.7187632565456742	([185, 130], [163, 162, 130])
1	0.7188059640432027	0.7189044026574156	([509, 461], [509, 505, 461])
1	0.6634873899144559	0.7192319329431069	([351, 234], [435, 389, 369])
1	0.575561818670952	0.7192319329431069	([389, 233], [435, 434, 389])
1	0.709768240502049	0.7192425217264419	([387, 346], [373, 359, 354])
1	0.7092082511378621	0.7196192643403386	([62, 0], [62, 32, 31])
1	0.6661756689808863	0.7196293990189432	([299, 240], [292, 264, 234])
1	0.6998040344723664	0.7201144097222183	([445, 420], [445, 435, 420])
1	0.7149122948674514	0.7208215914497907	([447, 401], [447, 435, 401])
1	0.7189984569558899	0.7208532514791366	([102, 44], [102, 75, 65])
1	0.7203721755788088	0.7209475313513831	([148, 110], [148, 133, 110])
1	0.7184691922544454	0.7213413271584719	([486, 150], [500, 499, 150])
1	0.7010385545849226	0.7217874319486782	([427, 368], [427, 388, 368])
1	0.7053858808171438	0.7220010725457562	([484, 343], [512, 485, 484])
1	0.7087276605561056	0.7220247311751681	([585, 234], [585, 553, 551])
1	0.6083041448035037	0.7220646766655903	([413, 238], [413, 400, 397])
1	0.6840971380831168	0.7224436123521903	([85, 59], [85, 68, 63])
1	0.7064871929282311	0.7225888969366285	([391, 350], [391, 378, 377])
1	0.7210233653800073	0.7227768986254455	([488, 432], [516, 489, 488])
1	0.6912626346241397	0.7229645683082568	([434, 373], [434, 389, 384])
1	0.6114817285822212	0.7231660335568489	([338, 233], [338, 234, 231])
1	0.7159015416820124	0.7231660335568489	([338, 245], [338, 245, 231])
1	0.704600442926423	0.7236582324420944	([114, 39], [142, 121, 114])
1	0.5912951111926378	0.7237286898140736	([238, 149], [238, 149, 139])
1	0.7008070365719933	0.723730202806026	([475, 450], [475, 450, 449])
1	0.6931008112020878	0.7242055433446719	([661, 598], [661, 612, 598])
1	0.6073222817176763	0.7243739665355513	([435, 234], [433, 239, 231])
1	0.7219777164584974	0.7247962325010595	([506, 381], [506, 493, 346])
1	0.7177601131280315	0.7247962325010595	([493, 346], [512, 506, 346])
1	0.6934896353077887	0.7248731928184053	([162, 132], [233, 163, 119])
1	0.7178778463211175	0.725157805993237	([500, 364], [509, 500, 364])
1	0.719702661099014	0.7253652681430004	([228, 179], [228, 179, 167])
1	0.7172378720834335	0.7254752872267033	([508, 359], [508, 375, 359])
1	0.7151839923305353	0.7254894577690092	([217, 161], [217, 176, 173])
1	0.625664684327071	0.7254965432794552	([233, 163], [162, 155, 130])
1	0.6973387273254757	0.7257688830034572	([433, 380], [433, 393, 390])
1	0.719623691965373	0.7258836590658092	([646, 610], [646, 630, 610])
1	0.7244713901414445	0.7259769764401103	([630, 518], [630, 604, 518])
1	0.6998774258440953	0.7261866668111956	([440, 398], [441, 440, 399])
1	0.7258632193830372	0.7262204617173564	([74, 46], [74, 62, 58])
1	0.6517470385288774	0.7265609299859087	([436, 92], [436, 123, 92])
1	0.7252004046652748	0.7266254173090815	([317, 250], [317, 316, 242])
1	0.7016013836959244	0.7271448492995156	([486, 367], [510, 487, 486])
1	0.7217577145613572	0.727241714905962	([649, 604], [649, 638, 604])
1	0.7245516542900683	0.7272678475328415	([489, 352], [506, 489, 487])
1	0.7133974710629781	0.7273351499160603	([382, 353], [382, 370, 353])
1	0.7050694864286438	0.7273426375912228	([327, 272], [327, 305, 272])
1	0.715174515375386	0.7276722488366051	([614, 584], [614, 597, 569])
1	0.7237444596632134	0.7276815138350249	([552, 484], [552, 523, 477])
1	0.72400910181888	0.7276815138350249	([597, 477], [597, 552, 477])
1	0.7077445203400509	0.727839042294659	([516, 368], [516, 512, 350])
1	0.7246693186494056	0.7280033283169906	([279, 229], [300, 279, 270])
1	0.716874773724809	0.7280228534931784	([509, 354], [509, 497, 487])
1	0.7252866936550932	0.7284633470757012	([434, 345], [437, 434, 345])
1	0.7276125147183031	0.7284937037892686	([662, 594], [662, 641, 594])
1	0.7161378170756385	0.7287433847134206	([485, 355], [489, 485, 355])
1	0.7035722793519542	0.7287946296105716	([394, 358], [394, 387, 358])
1	0.7281844561534757	0.7289547082799512	([76, 27], [76, 62, 32])
1	0.6941551383491377	0.729072169369206	([512, 343], [512, 363, 361])
1	0.6634006067969472	0.7291596510001188	([232, 166], [234, 221, 173])
1	0.7056044096776651	0.7293083866493273	([300, 229], [300, 253, 233])
1	0.6377115604451933	0.7293083866493273	([300, 233], [300, 284, 253])
1	0.6889275641214708	0.7294007183483382	([427, 229], [436, 427, 342])
1	0.7280236861925542	0.7295057089328971	([324, 273], [332, 324, 273])
1	0.7120031715225865	0.7297029908211963	([516, 432], [516, 437, 345])
1	0.70131075351367	0.7297029908211963	([488, 345], [516, 488, 345])
1	0.7244703659386882	0.7298692753093383	([368, 317], [368, 357, 250])
1	0.7177487364211395	0.7299791132838542	([622, 583], [622, 595, 583])
1	0.6984938419295166	0.730136959731185	([521, 234], [521, 511, 509])
1	0.7296366284484901	0.7302188751758442	([194, 25], [194, 188, 25])
1	0.6916321511877429	0.7302198498442405	([501, 365], [512, 510, 367])
1	0.7070945006279019	0.7302924425878864	([437, 361], [516, 464, 462])
1	0.6777034820984832	0.7302924425878864	([523, 464], [523, 516, 464])
1	0.6655550644363323	0.7303636157007407	([264, 234], [264, 252, 251])
1	0.730087396856064	0.730375756293542	([598, 343], [598, 516, 343])
1	0.7236880664657427	0.7303879478419274	([332, 263], [324, 307, 273])
1	0.6945448270629598	0.7304684818606941	([316, 246], [317, 301, 252])
1	0.7044837607569266	0.7304696262533688	([519, 440], [519, 488, 440])
1	0.6795722219012709	0.7305760722968488	([510, 367], [434, 373, 361])
1	0.6784909665017609	0.7306245165397475	([215, 177], [217, 215, 177])
1	0.729951845810997	0.7306547931853127	([170, 144], [170, 153, 147])
1	0.7287651344967213	0.730732640471776	([139, 80], [139, 119, 80])
1	0.6945671039353555	0.7309451845473286	([442, 240], [454, 442, 440])
1	0.7042061166104819	0.7311619436655464	([361, 231], [361, 349, 237])
1	0.71998612410803	0.7311884372660795	([550, 486], [550, 518, 515])
1	0.6690155082509027	0.7313098862748395	([511, 234], [511, 350, 348])
1	0.5874937858764717	0.7313098862748395	([511, 238], [512, 511, 350])
1	0.7221825318466176	0.7313429544512988	([297, 225], [297, 258, 254])
1	0.7303910897945013	0.7317088372485595	([225, 162], [225, 215, 181])
1	0.6948975406255414	0.731715229415994	([508, 375], [511, 508, 350])
1	0.6413658062700991	0.7318814005881626	([454, 233], [464, 454, 443])
1	0.7285860114232462	0.7321819983638511	([89, 28], [89, 76, 28])
1	0.7077789382548582	0.7327209682950933	([622, 220], [627, 622, 229])
1	0.7201202315495179	0.7327263024299555	([388, 344], [388, 368, 366])
1	0.7313871602883443	0.732741866727823	([77, 47], [77, 73, 47])
1	0.6823505473353075	0.7328489959000246	([447, 210], [474, 452, 210])
1	0.7194707117975875	0.7330774097395445	([122, 73], [122, 89, 73])
1	0.7273184638137487	0.7331035569151018	([487, 237], [498, 487, 237])
1	0.6974620619438089	0.7331035569151018	([516, 237], [516, 498, 237])
1	0.7109966593395186	0.7332525833890765	([618, 565], [618, 599, 594])
1	0.5893589484842193	0.7332538133103136	([238, 98], [238, 126, 95])
1	0.7086529338879202	0.7333531017282079	([666, 217], [666, 660, 229])
1	0.6835852214496688	0.7334025528650174	([429, 210], [447, 432, 429])
1	0.7252539876087193	0.7334497622776176	([93, 61], [93, 76, 73])
1	0.7302476156630264	0.7336149105731208	([505, 229], [506, 505, 229])
1	0.6338706390803434	0.7338044171364603	([436, 351], [436, 435, 360])
1	0.7121805325844389	0.7338044171364603	([499, 360], [499, 435, 360])
1	0.7331010443235519	0.7338355610380141	([621, 564], [621, 612, 564])
1	0.731484586822741	0.7339884305494636	([223, 174], [230, 223, 174])
1	0.7258568496314807	0.7340033397521887	([522, 490], [522, 518, 489])
1	0.7240009266974653	0.734277024037944	([397, 253], [432, 397, 394])
1	0.6954426533820808	0.7345125788749185	([640, 398], [659, 640, 398])
1	0.7296754847843456	0.7346380598282755	([336, 222], [336, 317, 221])
1	0.7307285301022637	0.7350702446606555	([660, 592], [660, 657, 592])
1	0.7352275013450132	0.7353229290705129	([521, 478], [521, 511, 486])
1	0.692531732417715	0.735342482624574	([335, 266], [335, 325, 266])
1	0.726249203353156	0.7356361414741011	([124, 61], [124, 101, 93])
1	0.6014089671252705	0.7357764873958724	([436, 378], [436, 378, 360])
1	0.7222525865569691	0.7358024970381479	([504, 379], [505, 504, 348])
1	0.6987108125424812	0.7358375457723664	([90, 35], [90, 60, 32])
1	0.7205863990257799	0.7362017360181933	([390, 345], [390, 365, 354])
1	0.7323151551951966	0.7362208026351867	([492, 353], [492, 365, 346])
1	0.7238919874254369	0.7363535896745396	([659, 596], [659, 621, 596])
1	0.7275926465800057	0.7364877830997357	([111, 58], [111, 92, 58])
1	0.7209518603663609	0.7367254077635469	([623, 435], [625, 615, 511])
1	0.7239926851409698	0.7369505149549256	([418, 321], [418, 409, 321])
1	0.736588979525878	0.7370895887569411	([431, 347], [432, 431, 347])
1	0.7142442059324248	0.7370895887569411	([443, 347], [443, 432, 347])
1	0.7368981419614349	0.7370994832237242	([535, 401], [535, 520, 401])
1	0.7110964754196563	0.7371633391011967	([632, 250], [632, 616, 600])
1	0.7294440904272662	0.7372421792532362	([164, 124], [164, 155, 124])
1	0.7220650719857943	0.7373048957902179	([445, 377], [484, 459, 445])
1	0.706711568980016	0.7373149329293551	([518, 362], [518, 434, 362])
1	0.7110764398625268	0.7373236457593003	([144, 77], [144, 134, 102])
1	0.7253036970001682	0.7373787983634046	([520, 458], [520, 491, 466])
1	0.717795536290547	0.7374944101536696	([396, 231], [399, 396, 231])
1	0.7211500247417607	0.7375857143319442	([579, 529], [579, 552, 551])
1	0.7157977299799332	0.7377123995864591	([481, 229], [486, 481, 229])
1	0.7352780802119155	0.737737054159869	([72, 16], [72, 66, 16])
1	0.693921165910452	0.7378088954392384	([342, 237], [349, 342, 339])
1	0.7010704110057874	0.7378118114661891	([514, 370], [509, 498, 370])
1	0.7251610229135728	0.7378118114661891	([608, 370], [608, 509, 370])
1	0.7356496695662831	0.7381447744710887	([401, 336], [401, 390, 345])
1	0.7011685309347191	0.7381813469422648	([524, 495], [524, 519, 499])
1	0.7048379412541007	0.7383181367834035	([331, 262], [331, 307, 280])
1	0.7316453299331864	0.7383618261307812	([152, 105], [152, 142, 105])
1	0.7198357093162087	0.7383875105906872	([421, 317], [462, 421, 317])
1	0.7162245578493274	0.7384132016575152	([322, 261], [322, 307, 261])
1	0.7097704965035438	0.7384708982076652	([176, 3], [229, 164, 3])
1	0.7196342338598567	0.7384708982076652	([351, 3], [351, 229, 3])
1	0.7248625339858886	0.7389717402273805	([462, 365], [501, 462, 460])
1	0.7166246716975918	0.7392629346509129	([152, 73], [152, 150, 73])
1	0.7237119304972875	0.7392867688674691	([623, 509], [607, 595, 511])
1	0.6944032885469137	0.7392867688674691	([625, 513], [615, 607, 511])
1	0.7197781584785127	0.7393123809864762	([518, 471], [518, 489, 467])
1	0.7344618086541772	0.7394179319035118	([661, 488], [661, 660, 229])
1	0.7100985939015284	0.7394904004529634	([368, 240], [368, 355, 240])
1	0.7199542824652602	0.7395538928069636	([78, 33], [78, 75, 33])
1	0.7296487468615288	0.7395840354877388	([229, 31], [229, 31, 29])
1	0.7327455162674157	0.7395919315593563	([127, 31], [127, 105, 95])
1	0.703555359722978	0.7395961207809961	([531, 473], [544, 531, 473])
1	0.7327607413816394	0.7397291862552631	([629, 498], [629, 622, 507])
1	0.6995718206906513	0.73987415307668	([598, 510], [598, 595, 517])
1	0.7185267577824439	0.7398978911438049	([425, 377], [425, 396, 377])
1	0.72806964310457	0.7399755512563315	([435, 30], [435, 61, 39])
1	0.6948608964566461	0.7400008730713111	([627, 229], [643, 618, 229])
1	0.7256001259356355	0.7401054920474988	([216, 153], [216, 172, 160])
1	0.7374830115092242	0.7403224656380488	([93, 43], [93, 91, 43])
1	0.6807010243762086	0.7404025259869832	([342, 229], [350, 347, 229])
1	0.7208181117006999	0.74045905192866	([395, 220], [395, 365, 229])
1	0.7270405160184735	0.7405169782930944	([514, 433], [514, 513, 433])
1	0.7396015268473707	0.7406448350346907	([509, 399], [509, 399, 395])
1	0.7230723167942498	0.7408381052417671	([395, 343], [395, 365, 343])
1	0.7266575066804712	0.7409140781033423	([482, 376], [482, 467, 376])
1	0.7348645204218567	0.7409146068598212	([606, 372], [606, 372, 371])
1	0.7383153652978683	0.7410926149562593	([598, 355], [598, 516, 489])
1	0.7380743541323298	0.7411331602713224	([404, 373], [404, 397, 391])
1	0.7348119784467251	0.7411365089476376	([597, 501], [668, 594, 501])
1	0.7009661746138457	0.7412961713317229	([71, 3], [66, 32, 3])
1	0.6746287120216521	0.741461282035458	([666, 595], [666, 610, 595])
1	0.7277184289613363	0.7415917412194257	([515, 395], [509, 395, 367])
1	0.7258977545849271	0.7416098064498208	([228, 163], [228, 214, 163])
1	0.7093245222961763	0.7416147285409883	([665, 622], [665, 664, 595])
1	0.7286645890479948	0.7417188101448623	([136, 60], [149, 70, 60])
1	0.7040404721445191	0.7417557202013693	([250, 61], [229, 74, 69])
1	0.7131401927733596	0.74191193443705	([470, 398], [470, 455, 449])
1	0.736571722457398	0.7419903440285512	([491, 362], [511, 491, 375])
1	0.7386537998911711	0.7420728715623987	([439, 387], [439, 432, 383])
1	0.715360284217577	0.7420728715623987	([484, 377], [445, 439, 383])
1	0.7201773396465128	0.7421307409214416	([497, 444], [497, 466, 462])
1	0.7229343060558726	0.7422296374773255	([630, 504], [630, 602, 504])
1	0.710725311996451	0.7423418798334888	([640, 495], [640, 495, 398])
1	0.7189505299414358	0.7425050107126058	([432, 230], [393, 380, 370])
1	0.7214685048605536	0.7425228180062724	([595, 228], [610, 595, 228])
1	0.7115968378728866	0.7426270732453198	([463, 382], [463, 439, 387])
1	0.7387641474527373	0.7426270732453198	([460, 370], [463, 460, 387])
1	0.6932936499779883	0.7426753538685659	([229, 7], [229, 61, 31])
1	0.6789382341869519	0.7427128065325413	([595, 503], [598, 564, 551])
1	0.6783012485743152	0.7427241851269734	([667, 547], [667, 589, 545])
1	0.5615379523082092	0.7427724852336409	([433, 239], [338, 316, 231])
1	0.693452830809072	0.7428186622107265	([437, 370], [437, 370, 346])
1	0.695315742849118	0.7428942989059365	([668, 594], [597, 504, 485])
1	0.7102524441478419	0.7428944517815819	([150, 31], [168, 167, 89])
1	0.7232091665617352	0.7430033031365396	([451, 416], [451, 443, 421])
1	0.7430359986747148	0.7430881742171157	([572, 514], [595, 572, 514])
1	0.7299552017615376	0.7431398570906271	([566, 516], [598, 564, 516])
1	0.6441084807353369	0.7434125407278248	([624, 436], [527, 518, 513])
1	0.7127740890156972	0.7434510063016249	([458, 373], [458, 436, 360])
1	0.6951228767158854	0.7435015381182458	([437, 229], [437, 345, 229])
1	0.7231979874828334	0.743544246881357	([87, 30], [87, 67, 30])
1	0.7146093057923596	0.7435591210843516	([519, 348], [519, 505, 488])
1	0.7065887590757146	0.7438358865310675	([517, 232], [520, 517, 231])
1	0.7196848728113017	0.7438358865310675	([614, 231], [614, 517, 231])
1	0.7064146551192076	0.7439684771792517	([334, 240], [334, 305, 284])
1	0.6363656406479921	0.743970546817997	([436, 235], [436, 432, 235])
1	0.7431411108407114	0.7439784863929174	([605, 505], [605, 598, 510])
1	0.7246877561743935	0.7440100868675362	([400, 342], [400, 387, 229])
1	0.7169136131229715	0.7440100868675362	([406, 229], [406, 400, 229])
1	0.7067652152607263	0.7440273126409827	([480, 399], [487, 396, 345])
1	0.7201904854932171	0.7440446898465187	([603, 210], [603, 576, 556])
1	0.7259006427558514	0.7440680855001517	([482, 394], [482, 455, 436])
1	0.7331563172797586	0.7442036581336113	([430, 378], [430, 394, 377])
1	0.725564758150535	0.7442581376759307	([620, 357], [620, 505, 357])
1	0.6955369944822112	0.7443372957495746	([228, 167], [228, 167, 163])
1	0.7445835704786257	0.7446597450333222	([329, 250], [329, 321, 250])
1	0.7176793617442933	0.7446597450333222	([409, 326], [409, 321, 250])
1	0.7381366413464702	0.7447337459022707	([666, 550], [666, 550, 486])
1	0.733581779828077	0.7447980756389952	([398, 343], [398, 380, 343])
1	0.7389527203609989	0.7448198731224049	([647, 607], [647, 616, 610])
1	0.7039700962941053	0.7448724009386857	([666, 477], [666, 552, 550])
1	0.6945900298771055	0.7449767486416988	([643, 229], [610, 372, 351])
1	0.7206113900763261	0.7450852158363139	([149, 70], [150, 149, 73])
1	0.6837928329429134	0.7453473145122531	([606, 234], [611, 598, 343])
1	0.7421395738862462	0.7453721918372374	([664, 240], [665, 664, 240])
1	0.7201474217363358	0.7454813171653757	([408, 327], [409, 408, 307])
1	0.7218176816096619	0.7455692329872373	([506, 397], [513, 506, 446])
1	0.6743728985961333	0.7457399364768967	([665, 234], [664, 662, 240])
1	0.7261367340898774	0.7460408261968123	([211, 118], [211, 188, 118])
1	0.6863724715246959	0.7460525628385002	([353, 240], [354, 353, 240])
1	0.6964689823858174	0.7460622790262131	([483, 397], [483, 480, 396])
1	0.7431535069484444	0.7460744039804835	([507, 390], [507, 505, 229])
1	0.6999145820331515	0.7460744039804835	([622, 507], [622, 507, 229])
1	0.72517634399149	0.7461160281067588	([182, 15], [229, 182, 15])
1	0.7428086667842345	0.7461967324092645	([552, 396], [552, 483, 477])
1	0.7383681221338838	0.746240188261271	([184, 116], [184, 162, 132])
1	0.7090426095784387	0.7463037239197807	([456, 237], [487, 459, 456])
1	0.7446304889787898	0.7463225656384012	([486, 240], [661, 624, 240])
1	0.7307994108202199	0.7463545177713005	([666, 4], [667, 666, 0])
1	0.6225093978812811	0.7463779771424311	([668, 213], [661, 229, 214])
1	0.6889013948312018	0.7464228907860596	([237, 172], [237, 175, 153])
1	0.7464183649303834	0.746445816929946	([391, 232], [434, 391, 373])
1	0.7424700950477909	0.7464603512514066	([473, 408], [473, 451, 408])
1	0.6469225995984402	0.7464707795255946	([399, 250], [396, 377, 231])
1	0.7369019531937363	0.7464707795255946	([445, 231], [445, 377, 231])
1	0.683298238826824	0.7464806972848904	([624, 398], [624, 399, 231])
1	0.7143506905536283	0.7464806972848904	([624, 517], [624, 517, 231])
1	0.7190794654360627	0.7464806972848904	([614, 517], [624, 613, 231])
1	0.7378653584773945	0.7465045048709951	([508, 142], [508, 352, 350])
1	0.7416592118076024	0.7465140595950723	([600, 528], [600, 593, 528])
1	0.7383565531860888	0.7465414032722739	([502, 353], [502, 501, 349])
1	0.6980796756853477	0.746652874630174	([142, 58], [142, 124, 67])
1	0.7330416179573658	0.746652874630174	([141, 67], [142, 141, 67])
1	0.7310908643903365	0.7468135104271595	([647, 580], [647, 616, 589])
1	0.7292690823609519	0.746842196262254	([666, 142], [666, 229, 152])
1	0.7096286114010397	0.7468779837174913	([217, 2], [666, 217, 2])
1	0.72898646873824	0.7469008653439049	([643, 232], [624, 618, 240])
1	0.7413630709382474	0.7470373434495351	([152, 81], [152, 125, 81])
1	0.6688036833270748	0.7471240626723099	([624, 240], [614, 595, 584])
1	0.5185681009691482	0.7472012676935729	([350, 238], [437, 433, 231])
1	0.7253428966547173	0.7473402310840849	([596, 502], [666, 596, 486])
1	0.728632085058382	0.7473561740854198	([645, 572], [645, 618, 591])
1	0.7396970122092983	0.7474936455755024	([172, 31], [172, 152, 137])
1	0.7121226105894495	0.7474955061267814	([491, 392], [491, 392, 375])
1	0.7098825944338087	0.7476290827210895	([551, 476], [554, 535, 476])
1	0.7394484044113121	0.7476433780876774	([480, 228], [472, 470, 228])
1	0.6849156871918195	0.7477267541193865	([668, 501], [668, 662, 629])
1	0.7466227293134029	0.7477517844724225	([668, 613], [668, 629, 621])
1	0.7288582202462724	0.7477970149093147	([622, 459], [622, 501, 497])
1	0.7331469243916254	0.747859811074352	([477, 401], [477, 453, 448])
1	0.6731866257572748	0.7479131196478147	([146, 74], [151, 146, 74])
1	0.6062594136738568	0.7479714770880109	([427, 238], [427, 400, 238])
1	0.7108292094402159	0.748168299956275	([458, 392], [458, 392, 373])
1	0.7294438469679443	0.7481812231953834	([523, 397], [523, 497, 397])
1	0.7184804769852574	0.7481869061156237	([475, 250], [481, 468, 250])
1	0.7452895062018392	0.7482030299453164	([390, 149], [390, 229, 149])
1	0.7243315160037	0.7482845492708471	([552, 500], [552, 518, 516])
1	0.7102360818515676	0.7482845492708471	([666, 516], [666, 552, 516])
1	0.7340351203325647	0.7484457362482702	([598, 457], [586, 552, 447])
1	0.7392214088946432	0.7484825534908827	([313, 230], [334, 313, 230])
1	0.7304640698082023	0.7485418836621863	([231, 38], [237, 231, 38])
1	0.7317224198775826	0.748558089403466	([175, 123], [175, 161, 123])
1	0.7360398195571997	0.7485604681458473	([477, 246], [477, 462, 317])
1	0.6993215911537174	0.7486163007245219	([622, 237], [610, 599, 237])
1	0.7469351748969445	0.7487052604124219	([237, 108], [237, 108, 74])
1	0.746803794370984	0.7487843363462486	([452, 406], [475, 452, 406])
1	0.7386205808286215	0.7487852947838628	([612, 393], [612, 601, 393])
1	0.7179325969344414	0.7489234952449115	([316, 173], [316, 236, 173])
1	0.7480546149015672	0.7492372840079903	([173, 128], [176, 173, 128])
1	0.7461286417262064	0.749371539766778	([468, 425], [468, 425, 336])
1	0.7375541289833962	0.749423912866168	([145, 71], [149, 145, 73])
1	0.7472632222361477	0.7494663847851786	([584, 474], [584, 577, 474])
1	0.6224283063819499	0.7494666691750488	([233, 119], [233, 226, 163])
1	0.7425411551613371	0.7495506628238898	([214, 132], [214, 184, 163])
1	0.744994045614332	0.7495936932323508	([468, 335], [482, 468, 425])
1	0.6999630365797933	0.7497110427459375	([634, 210], [651, 634, 211])
1	0.7361092970678837	0.7497144426149139	([570, 512], [570, 520, 512])
1	0.6637966432958753	0.7497727250456332	([436, 298], [436, 262, 235])
1	0.7465667121461977	0.7497751639071941	([424, 343], [424, 400, 338])
1	0.7433232400093504	0.7497751639071941	([441, 338], [441, 424, 338])
1	0.743172706399541	0.7498023634608536	([152, 56], [152, 142, 56])
1	0.7475820373714736	0.7498185582660059	([376, 61], [376, 346, 60])
1	0.7325986270786319	0.7498482917647207	([96, 42], [119, 109, 42])
1	0.7356329632538332	0.7498556033382617	([498, 428], [506, 498, 428])
1	0.7419444301112168	0.7499208575840351	([655, 237], [655, 644, 237])
1	0.7044084869193905	0.7500095727744864	([610, 515], [610, 596, 518])
1	0.7133695119019711	0.7501699366046167	([434, 232], [442, 434, 240])
1	0.6912280215541434	0.7501699366046167	([454, 240], [486, 434, 240])
1	0.6333190309717711	0.7501699366046167	([518, 240], [518, 434, 240])
1	0.7370030965817451	0.7502270629580174	([666, 397], [666, 486, 397])
1	0.7424106840018552	0.750313660449263	([624, 134], [624, 231, 145])
1	0.7353028613214665	0.7503466379287964	([552, 230], [564, 552, 221])
1	0.7393137341606624	0.7503632159523633	([407, 328], [407, 404, 328])
1	0.7388540748568394	0.7505401401429614	([404, 309], [417, 404, 309])
1	0.7401373075406763	0.750541952864362	([582, 451], [582, 577, 451])
1	0.6831685066167619	0.750585032169504	([306, 210], [306, 304, 210])
1	0.7330771770380751	0.750585032169504	([452, 304], [452, 304, 210])
1	0.7272895959151985	0.7507374745506954	([519, 394], [519, 441, 440])
1	0.7194427048995442	0.7507414905162421	([105, 31], [105, 100, 41])
1	0.6395718713227672	0.7508001960953177	([667, 0], [211, 207, 26])
1	0.7271336847167521	0.7508095173007215	([128, 58], [136, 128, 58])
1	0.7461573183060509	0.7508408818884212	([627, 519], [662, 621, 519])
1	0.7508212572930476	0.7508729898148443	([597, 240], [597, 570, 552])
1	0.734501442487778	0.7509543587621189	([125, 59], [125, 109, 61])
1	0.7494005036077838	0.7510422920529436	([613, 512], [624, 613, 512])
1	0.7500853376379647	0.7510429169025788	([79, 12], [79, 68, 36])
1	0.7500313241913568	0.7510675624199122	([482, 348], [504, 482, 376])
1	0.6519215865983514	0.7511108366662442	([234, 127], [234, 165, 130])
1	0.7417142382966325	0.7511448040066675	([412, 330], [420, 412, 337])
1	0.7372441697555854	0.7511661232292849	([138, 3], [229, 122, 3])
1	0.703734845465737	0.7512040233818206	([624, 456], [624, 482, 456])
1	0.737422001462093	0.7512439006754407	([509, 29], [512, 509, 29])
1	0.7473156096584155	0.7513698394168323	([473, 254], [473, 254, 213])
1	0.7215924147782679	0.7513698394168323	([473, 226], [474, 473, 213])
1	0.7158645399838801	0.7514098730288689	([174, 4], [174, 169, 0])
1	0.7144375948685004	0.7514098730288689	([250, 170], [190, 174, 0])
1	0.7094895939983938	0.7514144524875237	([639, 249], [639, 618, 229])
1	0.7418381979310713	0.7515097329292065	([595, 390], [595, 487, 390])
1	0.7299815591859852	0.7515291387825735	([152, 5], [229, 152, 5])
1	0.7284116151536983	0.7515291387825735	([365, 5], [365, 229, 5])
1	0.7345700501214658	0.7516208722210859	([471, 426], [471, 453, 426])
1	0.7301810442858421	0.7516465646827408	([230, 120], [230, 142, 137])
1	0.6175690124469378	0.7517089419908702	([357, 250], [368, 347, 344])
1	0.7360612617602967	0.7517871224512509	([473, 191], [473, 213, 209])
1	0.7268602071692205	0.7518166259721377	([618, 471], [618, 482, 471])
1	0.7509012947888525	0.7518325802262622	([407, 258], [407, 328, 258])
1	0.7239587895539628	0.7518366680242521	([414, 333], [414, 409, 333])
1	0.7462108240939459	0.7518714119697749	([564, 352], [564, 488, 482])
1	0.7390157890676341	0.7519834315628399	([133, 62], [136, 133, 62])
1	0.7310743110574166	0.7519864050785948	([230, 59], [231, 230, 38])
1	0.7459355493149853	0.7520891681421326	([301, 216], [301, 252, 227])
1	0.7458859455237835	0.7521272385478345	([548, 213], [548, 475, 474])
1	0.7466172033826957	0.7521800999721207	([415, 308], [415, 410, 325])
1	0.7316790681692051	0.7521809340211765	([655, 590], [637, 612, 596])
1	0.7177040629498408	0.7523045734612864	([668, 411], [668, 513, 401])
1	0.7053089706817872	0.7523064197031956	([499, 150], [240, 172, 150])
1	0.7471719018532672	0.7525070634243602	([641, 563], [659, 641, 563])
1	0.6643329281687915	0.7525724123958925	([237, 148], [237, 221, 220])
1	0.6430055637802322	0.7526012612110673	([571, 240], [619, 618, 240])
1	0.7502597744812095	0.7526065173245653	([609, 463], [609, 601, 467])
1	0.7415257832344077	0.7526065173245653	([629, 467], [629, 609, 467])
1	0.6483341426658354	0.7526159518643483	([474, 210], [474, 249, 239])
1	0.7223632973592431	0.7526159518643483	([476, 249], [476, 474, 249])
1	0.6998782860164129	0.7526828847788793	([403, 335], [422, 403, 335])
1	0.7327916273338446	0.752688324794754	([545, 191], [667, 545, 191])
1	0.7366095970075224	0.752688324794754	([638, 191], [667, 638, 191])
1	0.7128375215871984	0.7527233371487887	([460, 234], [472, 460, 438])
1	0.7465612762364816	0.7527433178418871	([568, 246], [568, 550, 246])
1	0.7348814475507796	0.7527561761741041	([148, 41], [148, 74, 71])
1	0.738425299965794	0.7527694116462051	([521, 425], [521, 448, 440])
1	0.563417855636273	0.7528076075424104	([506, 233], [507, 503, 232])
1	0.7501551566628643	0.7528161644519628	([621, 397], [621, 596, 397])
1	0.7480503528160226	0.7528288743779534	([650, 514], [650, 635, 595])
1	0.7485622480451938	0.7528912884143483	([108, 24], [229, 108, 74])
1	0.7495973498635782	0.7529268953878274	([640, 424], [640, 424, 338])
1	0.7516719193890898	0.7530866143362261	([605, 220], [605, 596, 594])
1	0.5689360032831671	0.7531199622673387	([474, 239], [667, 548, 545])
1	0.7528404079717156	0.7531932510987294	([85, 24], [124, 85, 67])
1	0.7371809128083621	0.7531932510987294	([155, 85], [155, 124, 85])
1	0.7428912699863057	0.7532357887730458	([423, 355], [423, 377, 357])
1	0.7477198397325339	0.7532627160060085	([450, 417], [450, 448, 407])
1	0.7228699371107411	0.7532899311635212	([428, 337], [421, 412, 337])
1	0.708168980429201	0.7533008649380879	([472, 234], [490, 472, 459])
1	0.7528000753616776	0.753335178546796	([563, 426], [563, 520, 432])
1	0.7405327537268238	0.7533808780607266	([398, 249], [476, 470, 398])
1	0.7065680689974603	0.7535079954273289	([600, 389], [610, 389, 369])
1	0.745705529572353	0.7535391961054289	([571, 467], [598, 571, 467])
1	0.7210569311615148	0.7535391961054289	([601, 467], [601, 598, 467])
1	0.7246456651490012	0.7536050548222355	([88, 55], [88, 69, 55])
1	0.7282702238119535	0.7536137664480577	([119, 42], [96, 78, 42])
1	0.7516492031798258	0.7536561834062047	([139, 29], [229, 139, 118])
1	0.7350160506434934	0.7537658496150897	([584, 401], [584, 571, 401])
1	0.7367311006072	0.7537754836729993	([117, 2], [117, 66, 24])
1	0.7326879100040327	0.7538010977647988	([662, 519], [662, 594, 501])
1	0.5702581255738813	0.7540013133344722	([435, 233], [435, 234, 227])
1	0.732631168244523	0.7540103167886758	([156, 67], [156, 142, 137])
1	0.7134115121686576	0.7540658001225141	([552, 447], [552, 482, 477])
1	0.752307539372243	0.7540658001225141	([529, 482], [552, 529, 482])
1	0.7029976745648264	0.7540789107231343	([556, 210], [556, 547, 210])
1	0.7217463061944183	0.7541464723495162	([570, 435], [586, 570, 435])
1	0.7236936299834056	0.7542031000654854	([662, 216], [667, 662, 216])
1	0.7340589845375032	0.7542384968826688	([665, 8], [665, 240, 1])
1	0.751507801795111	0.7543472740593581	([605, 387], [605, 387, 229])
1	0.7376196263234395	0.7543472740593581	([596, 220], [605, 505, 229])
1	0.7526261132724931	0.7545006978577454	([612, 62], [612, 606, 59])
1	0.7499779912564876	0.7545482364610537	([617, 560], [622, 617, 566])
1	0.631309137990409	0.7545953798147963	([312, 233], [338, 312, 291])
1	0.7239147282883583	0.7545953798147963	([400, 312], [400, 338, 312])
1	0.7423596558067233	0.7546651857391433	([604, 498], [604, 518, 498])
1	0.7185558535154778	0.7548173978158574	([640, 508], [640, 624, 508])
1	0.7460969863522326	0.7548981322589939	([493, 445], [497, 493, 445])
1	0.7470224565259018	0.7548989835222792	([663, 3], [662, 216, 3])
1	0.7280983292360593	0.7550749875880506	([449, 415], [449, 431, 415])
1	0.7419363682136667	0.7550883246477471	([220, 134], [220, 151, 134])
1	0.5500030341826477	0.7551142775667335	([239, 148], [239, 231, 148])
1	0.7483138388139599	0.7551465573271358	([480, 251], [480, 251, 228])
1	0.5736559988451362	0.7551471774491287	([238, 139], [238, 224, 149])
1	0.7394683322306905	0.7554220664990293	([240, 64], [240, 150, 58])
1	0.7132653208777531	0.7555228054329812	([168, 19], [167, 73, 59])
1	0.7517636288276807	0.7555691853745882	([529, 449], [529, 520, 437])
1	0.7554654101544717	0.755738447396041	([510, 393], [510, 440, 396])
1	0.7110419932685716	0.7558206735326941	([663, 215], [666, 663, 215])
1	0.722071220133913	0.755862250689735	([631, 503], [631, 606, 601])
1	0.7220393974189765	0.755974335300526	([512, 6], [509, 370, 3])
1	0.7395164783465722	0.7560128875241976	([518, 392], [518, 500, 485])
1	0.752577844568241	0.7560511824308609	([411, 305], [411, 408, 305])
1	0.7433026687927984	0.7560585570202575	([644, 561], [657, 644, 561])
1	0.7189697326801959	0.7560731908201882	([528, 237], [528, 520, 237])
1	0.6929031705195828	0.7561795209662816	([429, 341], [429, 345, 341])
1	0.7450775476134408	0.7562564588487797	([147, 42], [147, 139, 29])
1	0.7445785119585648	0.7563149364638416	([418, 375], [421, 418, 375])
1	0.7239692071252721	0.7563370189548481	([438, 250], [438, 351, 229])
1	0.7518933461550785	0.756388835026379	([639, 569], [639, 603, 591])
1	0.754649230809136	0.7563944454040715	([502, 431], [503, 502, 431])
1	0.6030283238275347	0.7564275080680171	([244, 205], [248, 244, 209])
1	0.7284240260028182	0.7564443594204528	([612, 358], [612, 518, 362])
1	0.7284160266349551	0.7564511776399486	([632, 560], [632, 597, 583])
1	0.726512177241802	0.7565875704408236	([237, 60], [237, 148, 52])
1	0.7189402688380662	0.7566479003070128	([153, 2], [164, 153, 3])
1	0.7551936932308007	0.7570562840434346	([411, 283], [411, 305, 283])
1	0.7466359275567707	0.7572443484460528	([154, 66], [156, 154, 67])
1	0.7244737784365816	0.7572904354592758	([620, 505], [621, 519, 349])
1	0.7528851424433296	0.7572943743712032	([587, 71], [601, 587, 398])
1	0.7428714913475318	0.7573433807599965	([617, 356], [617, 566, 356])
1	0.7570629383968079	0.7573663296856851	([402, 299], [404, 402, 309])
1	0.751976533339765	0.7574353707537779	([235, 147], [235, 168, 147])
1	0.5571231523207529	0.7574687762474428	([265, 207], [299, 292, 213])
1	0.7523459050111051	0.75750512091221	([543, 211], [543, 474, 210])
1	0.7509202911072604	0.7575876219795988	([594, 426], [594, 563, 550])
1	0.686283966681127	0.757678882947021	([650, 234], [650, 595, 228])
1	0.7354670114593661	0.7576813703583757	([175, 14], [175, 169, 0])
1	0.747220617778576	0.7576849146439458	([272, 214], [272, 254, 214])
1	0.6345559495700616	0.7577599888398256	([597, 233], [572, 556, 550])
1	0.7209508550181115	0.75795744900533	([664, 502], [664, 596, 595])
1	0.7325089295473614	0.7579903252054017	([480, 357], [486, 480, 349])
1	0.7554694159403453	0.7580310000613911	([580, 485], [580, 485, 467])
1	0.7544314336313658	0.7580310000613911	([580, 301], [580, 571, 467])
1	0.7177896284084309	0.7581497032799058	([317, 221], [336, 309, 236])
1	0.7397188381281665	0.7581578097191377	([625, 68], [625, 610, 68])
1	0.7542116004630922	0.7582497088243869	([600, 494], [600, 599, 494])
1	0.758272374147797	0.7582832727963235	([551, 214], [551, 230, 216])
1	0.7490126812601263	0.7582832727963235	([476, 216], [551, 476, 216])
1	0.7410509438167789	0.7583262291440288	([64, 11], [64, 30, 28])
1	0.717644141080577	0.7584203067454071	([82, 45], [82, 74, 45])
1	0.7530524123013852	0.7584264574600307	([605, 522], [615, 605, 594])
1	0.7430160458597252	0.7584478806831776	([583, 461], [583, 571, 461])
1	0.7267209588478399	0.7584618901657889	([398, 191], [398, 390, 191])
1	0.7573821851215677	0.758495689229663	([183, 2], [183, 177, 2])
1	0.5364346755769376	0.758495689229663	([207, 13], [217, 177, 2])
1	0.5460610407447437	0.7586464277790954	([206, 111], [206, 111, 94])
1	0.7328314547173732	0.758668236275353	([522, 427], [522, 519, 427])
1	0.7488082548449578	0.758684375497226	([573, 430], [573, 517, 515])
1	0.7508284484987154	0.7586873754786252	([556, 418], [479, 449, 415])
1	0.7369724052820439	0.7590113174005882	([149, 33], [149, 70, 33])
1	0.7549829622267231	0.7590329534360106	([468, 219], [468, 335, 219])
1	0.7358477829892167	0.7590514216056283	([352, 142], [508, 456, 146])
1	0.7497905962738104	0.7590960451912271	([635, 523], [635, 618, 523])
1	0.7370626350902322	0.7592097086384952	([401, 252], [401, 397, 253])
1	0.7006119877357798	0.759231039998861	([474, 419], [474, 472, 420])
1	0.7205206274822428	0.7592820047660582	([474, 307], [416, 325, 289])
1	0.758191276678114	0.7593427456525464	([646, 69], [664, 646, 69])
1	0.7498024866532663	0.7593781376758693	([177, 75], [234, 178, 75])
1	0.741360558290511	0.759394740339196	([515, 147], [515, 229, 151])
1	0.755714911511649	0.7593955968838776	([391, 141], [391, 240, 141])
1	0.7291244523301842	0.7596450451638384	([607, 380], [607, 515, 361])
1	0.758223158503866	0.7598035249790046	([519, 241], [519, 517, 241])
1	0.7578109790559721	0.7598967116418752	([659, 487], [659, 640, 487])
1	0.7510298510875715	0.759970673047146	([474, 31], [474, 213, 0])
1	0.7032448739557576	0.7599785414304354	([536, 250], [544, 536, 475])
1	0.7397732660304615	0.7601580045921605	([65, 1], [65, 61, 1])
1	0.7385034620895907	0.7603681955913827	([173, 62], [173, 116, 77])
1	0.5565673020455794	0.760468006001395	([481, 238], [511, 483, 462])
1	0.7324539180552636	0.760468006001395	([607, 483], [607, 511, 483])
1	0.7322878962890295	0.7605253054905037	([595, 448], [595, 517, 448])
1	0.7559203391289121	0.7606065090147053	([152, 20], [152, 21, 20])
1	0.740680270334486	0.7606999057329378	([448, 407], [449, 448, 415])
1	0.7565576869089244	0.7607016422039812	([74, 14], [229, 74, 14])
1	0.7251177721271153	0.76078822467305	([553, 442], [554, 553, 442])
1	0.7310293518887813	0.7608262997567798	([494, 424], [494, 453, 441])
1	0.7473781169702016	0.7608970923151201	([668, 73], [668, 68, 24])
1	0.7501126714744916	0.7609899023853796	([573, 243], [573, 243, 230])
1	0.7445427508377082	0.7609899023853796	([573, 225], [573, 551, 230])
1	0.7401088648744586	0.7609901739255506	([654, 588], [654, 651, 588])
1	0.7584669530585119	0.7610257439980004	([613, 480], [613, 596, 480])
1	0.7595909107948464	0.761070091216566	([510, 230], [510, 464, 230])
1	0.7562006965507898	0.7611266868711717	([665, 506], [665, 596, 595])
1	0.7583346711877522	0.7611489181355905	([387, 245], [387, 245, 229])
1	0.7535183628177455	0.7613447597675278	([623, 376], [596, 397, 390])
1	0.7546328016040542	0.7613978750922608	([565, 478], [565, 524, 521])
1	0.71957648708395	0.7614997010324421	([135, 0], [152, 144, 0])
1	0.5984297428014868	0.7615123790228091	([650, 233], [620, 617, 505])
1	0.7029107725967814	0.761534547926655	([525, 240], [525, 519, 240])
1	0.740377111022592	0.76160454928286	([661, 183], [666, 661, 2])
1	0.7592333256735719	0.7618317973739431	([586, 470], [667, 593, 470])
1	0.6077347647427451	0.7618570794504431	([584, 205], [584, 559, 209])
1	0.7458418502875785	0.7618573381754661	([91, 4], [91, 82, 22])
1	0.7438341184289126	0.7618605516092607	([448, 166], [448, 170, 166])
1	0.75839478711975	0.7618671500063379	([551, 502], [551, 515, 505])
1	0.7570290198872389	0.7618739737135899	([469, 358], [469, 438, 437])
1	0.7519023574216055	0.7618855466462107	([319, 223], [338, 319, 223])
1	0.7421032649398561	0.7619969842474935	([562, 495], [562, 521, 520])
1	0.7482634303942369	0.7621142225899866	([406, 293], [406, 314, 293])
1	0.7151465925973183	0.7621296988418721	([130, 12], [162, 117, 2])
1	0.5335223974695897	0.7621539786880235	([319, 239], [339, 316, 241])
1	0.643976126063524	0.7622176183172007	([436, 123], [505, 436, 143])
1	0.7447443100232367	0.7622299960425907	([237, 17], [237, 38, 17])
1	0.7152401099316352	0.7622685732070026	([359, 66], [348, 142, 67])
1	0.7040501207979708	0.7622685732070026	([375, 67], [375, 348, 67])
1	0.7398270175632514	0.7623412031556239	([160, 45], [138, 116, 36])
1	0.7096691877112387	0.762404777561455	([569, 471], [569, 521, 471])
1	0.7566638288721397	0.7624491729634957	([253, 59], [253, 229, 29])
1	0.6142010133714955	0.7624491729634957	([233, 15], [253, 232, 29])
1	0.7361214900843294	0.7624578682233684	([123, 8], [175, 123, 8])
1	0.718397831351505	0.7624578682233684	([210, 8], [187, 175, 8])
1	0.7553762839569101	0.7624792076034402	([622, 344], [622, 370, 344])
1	0.7593405987416305	0.7624879205941651	([410, 297], [415, 410, 297])
1	0.7394984747693528	0.762784801907936	([477, 193], [477, 214, 177])
1	0.7484132544929004	0.7628085774367406	([377, 70], [396, 70, 19])
1	0.7621936525800971	0.7628475267351045	([221, 157], [221, 175, 157])
1	0.7290234909666421	0.7629761043166385	([668, 578], [668, 578, 546])
1	0.7306027859235368	0.7630450314014635	([597, 392], [597, 564, 392])
1	0.6701538456162984	0.76322130839355	([654, 210], [667, 654, 185])
1	0.7603269598005634	0.7632331501323334	([421, 241], [422, 421, 241])
1	0.7444552281584346	0.763414836638451	([615, 522], [615, 522, 485])
1	0.7632882960885399	0.76349065535123	([447, 148], [447, 441, 148])
1	0.7427607490138052	0.7635318663247136	([528, 252], [528, 520, 401])
1	0.7066473610329793	0.7636372315940688	([459, 366], [500, 460, 459])
1	0.75097071691869	0.7638928007165071	([140, 28], [160, 140, 28])
1	0.7379851785957305	0.7639196359043238	([573, 356], [617, 505, 347])
1	0.7614575980144285	0.7639674600137742	([352, 41], [598, 352, 28])
1	0.7230413774222189	0.764050827588038	([296, 217], [296, 253, 228])
1	0.757038056685068	0.7641352908940526	([133, 33], [133, 62, 33])
1	0.5810683455527786	0.7641381603545423	([238, 59], [238, 149, 59])
1	0.6597429245601119	0.7641711140716627	([549, 202], [549, 249, 209])
1	0.7401954006459387	0.76421008073781	([597, 456], [597, 456, 240])
1	0.7519480052322234	0.7642341739333253	([485, 173], [517, 485, 398])
1	0.7524603889604998	0.7642361281861648	([647, 396], [647, 633, 397])
1	0.7385063157066234	0.7644029620015435	([448, 147], [448, 237, 153])
1	0.753428009277547	0.7644029620015435	([429, 153], [448, 422, 153])
1	0.7558186329166033	0.7644462954810259	([347, 244], [347, 244, 229])
1	0.7639879542804636	0.7644462954810259	([523, 244], [523, 244, 229])
1	0.7618558416682517	0.764482538655123	([540, 470], [539, 537, 470])
1	0.7057989897696023	0.7645557225232936	([616, 250], [667, 616, 250])
1	0.7363556430100012	0.7645680389379946	([605, 434], [605, 516, 505])
1	0.7636202833680731	0.7646141197972344	([620, 431], [620, 431, 430])
1	0.7641264303568824	0.7646166155149134	([543, 305], [543, 417, 305])
1	0.762281882142253	0.7646742920126176	([358, 149], [358, 149, 70])
1	0.7461358130412998	0.7646742920126176	([358, 89], [396, 358, 70])
1	0.6175382443007603	0.7647224444054649	([559, 233], [535, 401, 252])
1	0.7646463611986921	0.7647303133369973	([318, 215], [318, 253, 215])
1	0.7645058050056067	0.7647612210456546	([398, 301], [398, 301, 249])
1	0.7568904701380876	0.764923206414639	([660, 534], [660, 534, 229])
1	0.72418972397816	0.7649800129190258	([662, 167], [662, 216, 167])
1	0.7541218838176711	0.7650835589680403	([241, 70], [396, 241, 224])
1	0.7435469479872068	0.7650835589680403	([370, 241], [396, 376, 241])
1	0.7542955213744797	0.7652529551982414	([354, 113], [359, 354, 113])
1	0.7553578024814283	0.7653507673965013	([569, 417], [569, 524, 417])
1	0.7573562197039134	0.7653954033042962	([107, 4], [107, 101, 4])
1	0.7496904635571567	0.765412845199639	([609, 341], [609, 445, 441])
1	0.7559910268661815	0.7654259334906632	([225, 115], [240, 225, 214])
1	0.7497824029784602	0.7654259334906632	([355, 225], [355, 240, 225])
1	0.7456679926239728	0.7654344943038205	([517, 110], [517, 173, 142])
1	0.7434650104428396	0.7654344943038205	([517, 173], [517, 231, 142])
1	0.7561859531189538	0.7655011779446991	([446, 299], [437, 299, 214])
1	0.7580946958511485	0.7655455753741606	([373, 65], [373, 363, 346])
1	0.7633477928055625	0.7655476754447937	([654, 532], [654, 588, 557])
1	0.6765536383495969	0.7655534412525361	([668, 24], [668, 665, 8])
1	0.7306594270198419	0.7655985386340772	([467, 301], [455, 448, 301])
1	0.7279173651526339	0.7656001342029738	([642, 506], [650, 642, 506])
1	0.7612684162459167	0.7656739553659927	([452, 256], [474, 452, 256])
1	0.756063214522293	0.7658459937692886	([178, 1], [178, 177, 1])
1	0.7529385312829188	0.7658579096529617	([600, 464], [600, 464, 441])
1	0.7590473110496466	0.7660046326511414	([667, 470], [586, 552, 477])
1	0.7353022169447508	0.7660541096287006	([471, 217], [480, 471, 248])
1	0.7655183074301796	0.7660830341343957	([388, 69], [396, 388, 69])
1	0.7570388728443255	0.766179425898808	([656, 583], [656, 604, 583])
1	0.7526567864495125	0.7663573800250987	([228, 134], [228, 220, 167])
1	0.73060347958711	0.7663670743985327	([653, 519], [653, 617, 505])
1	0.7587625211589725	0.7663889109753863	([397, 214], [447, 397, 210])
1	0.74952515866207	0.7664281021217235	([449, 296], [449, 448, 336])
1	0.7631229840748024	0.7664732595570906	([526, 465], [526, 465, 443])
1	0.7483985406801571	0.7666034759493696	([659, 56], [666, 659, 0])
1	0.7188772846305164	0.7666157818869362	([606, 59], [612, 249, 230])
1	0.7608052051702945	0.7666172834004488	([574, 420], [574, 477, 401])
1	0.7451600647553764	0.7666256132759302	([564, 403], [541, 535, 403])
1	0.7575728280558066	0.7667355655909291	([582, 136], [606, 597, 136])
1	0.7508159816688862	0.7667548559993753	([475, 197], [475, 229, 197])
1	0.7464750475735316	0.7667745536968447	([578, 231], [578, 473, 231])
1	0.6069454605696519	0.7667863041658554	([424, 205], [424, 249, 244])
1	0.7497784445297762	0.7669548698084756	([608, 391], [608, 391, 370])
1	0.7471225213947333	0.7669618786006821	([157, 23], [157, 152, 5])
1	0.7599788748214233	0.7669671233452474	([122, 35], [122, 90, 73])
1	0.7116428674339011	0.7669687240395611	([495, 378], [495, 378, 367])
1	0.702759487140295	0.7670598618956798	([612, 249], [662, 612, 230])
1	0.7670879499530597	0.767093869696914	([586, 223], [586, 565, 235])
1	0.7618066744886874	0.767093869696914	([565, 235], [615, 586, 235])
1	0.724592905372004	0.7671077803212971	([594, 469], [594, 569, 469])
1	0.7634790462319144	0.7671108467570008	([389, 142], [389, 364, 144])
1	0.727792202166315	0.7671108467570008	([364, 144], [394, 389, 144])
1	0.7281528652456023	0.7671180182007319	([477, 1], [477, 231, 177])
1	0.7503555485564879	0.7671191702168919	([665, 55], [665, 348, 142])
1	0.7495660224927707	0.767144766545328	([619, 524], [619, 597, 524])
1	0.765307821482549	0.7671543778977419	([583, 242], [583, 534, 242])
1	0.7571516232837295	0.7671757605089521	([569, 180], [569, 229, 175])
1	0.7659924953422004	0.7672070160694237	([77, 9], [114, 77, 70])
1	0.7515825927825964	0.7673720512113982	([175, 78], [175, 78, 27])
1	0.7555124890897784	0.7673981121510481	([221, 110], [225, 221, 110])
1	0.7353377691433004	0.7674031706086354	([137, 43], [144, 137, 43])
1	0.7611871298207689	0.7674799555283965	([586, 253], [595, 586, 253])
1	0.747962539399013	0.7674801373538315	([565, 386], [618, 565, 386])
1	0.7631243283009783	0.7674919834762296	([579, 415], [579, 576, 406])
1	0.7409261414890166	0.767651992919429	([94, 34], [98, 94, 34])
1	0.7656090169274096	0.767684888067276	([214, 86], [240, 214, 86])
1	0.6165105480022016	0.7677197993009026	([481, 233], [464, 432, 345])
1	0.7610053593692762	0.7678636474666822	([621, 461], [621, 564, 462])
1	0.747466396537228	0.7679446129378739	([563, 218], [662, 563, 218])
1	0.7305760524492808	0.7679539206309554	([509, 145], [609, 516, 509])
1	0.7305968546944054	0.7679597335688918	([662, 352], [662, 519, 352])
1	0.7613920199066878	0.7679644622258387	([596, 442], [596, 463, 442])
1	0.7423511947656123	0.7679644622258387	([665, 463], [665, 596, 463])
1	0.7588278317497128	0.7682163106418798	([593, 168], [593, 528, 519])
1	0.7642062386358591	0.7682720355056405	([534, 454], [586, 534, 454])
1	0.7664755948343231	0.768329942593277	([572, 400], [572, 432, 400])
1	0.7625459912928556	0.768379991941962	([447, 175], [447, 216, 175])
1	0.765921191202102	0.7684119856209491	([628, 174], [661, 650, 174])
1	0.7341055020571347	0.7684928805811663	([113, 49], [113, 75, 49])
1	0.7538593181134406	0.7685380369927652	([582, 260], [582, 260, 258])
1	0.7594986613788626	0.7685380369927652	([577, 258], [582, 577, 258])
1	0.7464493229943113	0.7685568405360279	([359, 136], [597, 515, 136])
1	0.7631394891523006	0.7685605001827515	([633, 438], [633, 438, 397])
1	0.7591732923465516	0.7686205614935029	([625, 445], [625, 511, 493])
1	0.7686452111850995	0.7686737870336358	([637, 529], [637, 596, 518])
1	0.7628422768494769	0.7687130710767197	([305, 209], [306, 305, 209])
1	0.7619141598937702	0.7687780176517672	([525, 224], [525, 520, 224])
1	0.7601648676847734	0.7687961544206889	([462, 31], [564, 488, 19])
1	0.7668298954626271	0.7688877938200986	([640, 533], [640, 573, 533])
1	0.7396891544688198	0.7688877938200986	([642, 573], [642, 640, 573])
1	0.7552415164710665	0.7689503872862714	([354, 20], [368, 354, 20])
1	0.7122046519726688	0.7689848116979239	([615, 235], [586, 253, 229])
1	0.7635372156279844	0.7690352268550903	([635, 352], [644, 635, 352])
1	0.7594811486862314	0.7692269562696687	([182, 88], [234, 182, 101])
1	0.7631987470700512	0.7692426505056605	([231, 93], [239, 231, 78])
1	0.7573132259021417	0.7692862978479555	([401, 217], [401, 310, 252])
1	0.7612781632458331	0.7693550995005175	([601, 61], [601, 233, 81])
1	0.7566174084872369	0.7694450243186652	([500, 59], [606, 503, 500])
1	0.7668946056673952	0.7698165306479162	([623, 72], [661, 623, 72])
1	0.7687154978531272	0.7698913963993089	([402, 223], [586, 574, 223])
1	0.7545742544232873	0.7699585871948664	([638, 540], [638, 630, 527])
1	0.762183347218111	0.7699935676691724	([616, 460], [616, 596, 490])
1	0.7559455590102435	0.7700558446395047	([605, 146], [605, 595, 146])
1	0.7673981883628721	0.7700763833685961	([210, 66], [210, 66, 8])
1	0.7656374972686789	0.7701123752253876	([512, 226], [512, 350, 236])
1	0.5638961068671379	0.7701761746549759	([239, 78], [231, 228, 78])
1	0.570226184016026	0.7701918326470172	([560, 238], [577, 474, 256])
1	0.7645144249886413	0.770206607119417	([664, 527], [664, 630, 527])
1	0.7575881090776599	0.7702704331401193	([492, 429], [492, 434, 429])
1	0.7511871049779102	0.770310677160611	([335, 67], [335, 229, 219])
1	0.7559477842142595	0.7703312406375876	([432, 302], [432, 400, 302])
1	0.7419207667597741	0.7703724886796263	([166, 64], [166, 67, 64])
1	0.7672777758687735	0.7703797777619359	([193, 32], [193, 165, 121])
1	0.7565305974932428	0.7705154199898301	([398, 179], [398, 191, 187])
1	0.7629687920397152	0.7705378708166772	([511, 148], [511, 350, 148])
1	0.7638181592009053	0.7705697871117024	([513, 4], [513, 500, 4])
1	0.6328490044100793	0.7705785088418878	([233, 150], [486, 435, 150])
1	0.7532689146123582	0.7706234487711306	([471, 403], [471, 430, 411])
1	0.7684640131345144	0.7706603236536648	([454, 381], [454, 442, 381])
1	0.7496377433109026	0.7707021560326085	([517, 61], [517, 477, 61])
1	0.7507827633772721	0.7707508861909731	([218, 171], [218, 194, 181])
1	0.7149750180258042	0.7709620026622953	([398, 45], [389, 34, 15])
1	0.7582523304776265	0.7709867738687114	([123, 34], [123, 66, 62])
1	0.7659398807120452	0.7709920047860662	([468, 384], [468, 430, 384])
1	0.7639111626419508	0.7710184721688826	([555, 445], [555, 526, 519])
1	0.746060360654106	0.7710360898056974	([524, 417], [543, 531, 406])
1	0.7577880753106172	0.7710987527846139	([452, 378], [495, 452, 437])
1	0.758840716715381	0.7711590887326502	([293, 191], [293, 262, 191])
1	0.7609603379252744	0.7712131153995652	([522, 367], [522, 512, 485])
1	0.7499054962255922	0.771269864345987	([479, 351], [479, 439, 351])
1	0.7513807567513959	0.7713435581159328	([353, 152], [353, 250, 152])
1	0.7677258465757154	0.7713895774128966	([489, 144], [489, 354, 144])
1	0.7712150245090656	0.7713974157903599	([471, 72], [471, 248, 240])
1	0.7516820138812369	0.771407829059755	([186, 79], [186, 117, 83])
1	0.7562300995456329	0.7714575148332865	([496, 351], [505, 496, 351])
1	0.7608941597328867	0.7715107553863858	([479, 236], [481, 479, 236])
1	0.7587965931365466	0.7715852052933491	([367, 59], [606, 367, 234])
1	0.7518166802224604	0.7717682189431042	([580, 388], [580, 552, 523])
1	0.7531427586652126	0.7718223421229238	([569, 508], [569, 564, 508])
1	0.7599390554577806	0.771838692804553	([577, 214], [577, 553, 214])
1	0.7709144899004486	0.7718471156574787	([599, 147], [666, 599, 147])
1	0.7718144399769357	0.7718588998900108	([186, 13], [186, 163, 1])
1	0.716654677878435	0.7718642221964358	([359, 151], [359, 151, 136])
1	0.7678344625812756	0.771926261984087	([657, 337], [657, 641, 337])
1	0.7571783454867136	0.7719815376470155	([591, 420], [591, 585, 398])
1	0.7683602674008927	0.7720027639782147	([368, 123], [368, 366, 123])
1	0.7681081059534136	0.7722075289346583	([574, 340], [574, 564, 340])
1	0.7176156037514093	0.7722541499113921	([388, 136], [515, 388, 354])
1	0.7710218706236435	0.7723527033766705	([170, 49], [170, 166, 64])
1	0.7567093868347569	0.7724434308392217	([568, 372], [568, 534, 372])
1	0.7008603561976673	0.7725386840563353	([444, 357], [444, 423, 401])
1	0.7424006877432809	0.7726481945348256	([88, 6], [89, 88, 6])
1	0.7545456394813393	0.7727140812725124	([647, 476], [647, 502, 476])
1	0.7682239389008716	0.7727595100077995	([159, 26], [159, 40, 39])
1	0.7451266499435917	0.7728249217623319	([99, 21], [99, 80, 1])
1	0.772708997783797	0.7729086864298176	([301, 122], [301, 246, 122])
1	0.7695782430463209	0.7729224563285018	([632, 346], [632, 623, 376])
1	0.7576533086304941	0.7729268469945555	([667, 416], [667, 547, 416])
1	0.7529296297600299	0.7730047635949749	([650, 555], [650, 555, 546])
1	0.7505645526746699	0.7730246357199106	([573, 149], [573, 437, 430])
1	0.7306682884830719	0.7730513710630363	([625, 478], [625, 493, 478])
1	0.7708934611898447	0.7730520848116296	([610, 402], [610, 488, 402])
1	0.7482355224211895	0.7731548893297333	([429, 314], [429, 345, 314])
1	0.769553713746194	0.7731620437043966	([659, 150], [659, 435, 398])
1	0.7631484058675114	0.7732841478568157	([255, 162], [255, 218, 162])
1	0.7692991549629502	0.7734257959881852	([542, 409], [542, 475, 473])
1	0.7702238987361024	0.7734629827081307	([614, 317], [614, 598, 317])
1	0.7704987778412049	0.7734791972479944	([431, 179], [431, 240, 179])
1	0.7609008426278321	0.7735237757386697	([607, 429], [607, 434, 429])
1	0.7640394140791601	0.7735870058722555	([537, 407], [558, 537, 407])
1	0.7703778308396104	0.7735870058722555	([580, 407], [580, 558, 407])
1	0.7697591366139043	0.7736854312192086	([509, 315], [509, 345, 315])
1	0.7494289960205899	0.7737033813499893	([596, 28], [596, 68, 26])
1	0.704346491317688	0.7737607767634889	([349, 210], [621, 397, 210])
1	0.7737551538824541	0.7738199573404505	([591, 346], [591, 518, 508])
1	0.7319094318008481	0.7738394024168869	([364, 60], [399, 376, 61])
1	0.7555303028775476	0.7738656906719059	([551, 146], [551, 515, 146])
1	0.7635883581513732	0.7739392949063304	([616, 74], [616, 154, 148])
1	0.7398037478642995	0.7739392949063304	([616, 154], [616, 610, 148])
1	0.7354774058959219	0.7740494651026525	([634, 337], [641, 610, 337])
1	0.7705185131998593	0.7741427452623438	([383, 71], [432, 383, 71])
1	0.7348659050659603	0.7741427452623438	([432, 58], [432, 423, 71])
1	0.5575041265563685	0.7742029862472001	([378, 239], [383, 378, 319])
1	0.7704299000969862	0.7742239324701443	([590, 404], [590, 569, 404])
1	0.755401928045443	0.7742275267958075	([179, 90], [182, 179, 88])
1	0.7507352628365076	0.7742860728621015	([339, 135], [354, 339, 135])
1	0.7682041720382609	0.7742860728621015	([366, 135], [366, 354, 135])
1	0.7727646449115823	0.7743119524703609	([668, 243], [668, 621, 247])
1	0.7385710092340875	0.774335999580132	([170, 109], [170, 109, 59])
1	0.7690977382321668	0.7744134451306314	([666, 357], [666, 397, 357])
1	0.7555593729071596	0.7744715921396134	([650, 92], [650, 174, 76])
1	0.7631592620798582	0.7744715921396134	([640, 59], [650, 640, 76])
1	0.7643967609146262	0.7744864675301837	([397, 151], [397, 395, 151])
1	0.7178858642828241	0.7745188203660546	([435, 61], [435, 150, 142])
1	0.7466662309470302	0.7745468827873289	([398, 154], [398, 191, 158])
1	0.7710937511507268	0.7745468827873289	([640, 158], [640, 398, 158])
1	0.7744127637893194	0.774596219163463	([170, 6], [155, 128, 6])
1	0.7501664385622773	0.7746133943388419	([215, 73], [215, 167, 155])
1	0.7697885193387052	0.7746135862695431	([526, 268], [526, 348, 317])
1	0.7615708648522341	0.7747015523618759	([134, 13], [127, 117, 13])
1	0.7555823562978115	0.7747952904788544	([357, 69], [357, 250, 61])
1	0.7590054137198439	0.774841590075373	([660, 146], [660, 650, 146])
1	0.7496125743594414	0.7750131295701578	([522, 453], [522, 453, 441])
1	0.7327185051640389	0.7750174334315738	([518, 68], [352, 348, 66])
1	0.7501914862238963	0.7750277824765072	([525, 438], [525, 517, 438])
1	0.7540613330032321	0.7750353036879136	([561, 316], [600, 561, 316])
1	0.7713721050524204	0.7751117036715346	([591, 450], [591, 546, 541])
1	0.7698524298925687	0.7752470281386402	([558, 259], [558, 407, 307])
1	0.7736409059271392	0.7753886764923742	([560, 465], [560, 552, 477])
1	0.7490544907769355	0.7755503566365591	([488, 19], [476, 462, 31])
1	0.7693967157207049	0.7756391650260752	([613, 143], [613, 499, 492])
1	0.7706602712194078	0.7756699680971303	([511, 297], [511, 340, 297])
1	0.7738551478801499	0.7757643806712338	([316, 88], [316, 134, 88])
1	0.7298491410199224	0.7757835626354722	([626, 150], [659, 626, 596])
1	0.7747821966139052	0.7759041960551141	([487, 78], [487, 78, 47])
1	0.7681104391571797	0.7759327641040824	([487, 47], [487, 237, 60])
1	0.7550365778434485	0.7759327641040824	([514, 60], [514, 487, 60])
1	0.75482861131971	0.7759640528459146	([316, 31], [437, 316, 231])
1	0.7691725488522085	0.7760047357769684	([423, 284], [423, 284, 219])
1	0.7542689763635396	0.7760061993709796	([657, 479], [657, 556, 546])
1	0.7716901544854106	0.7763156774253556	([539, 222], [539, 529, 222])
1	0.7659972507780898	0.7764094565118554	([623, 1], [640, 623, 1])
1	0.743002748825192	0.7764148204865875	([623, 149], [629, 609, 149])
1	0.711120377459618	0.7765507723505201	([118, 10], [118, 45, 40])
1	0.772947487741396	0.7765862684959967	([224, 27], [218, 171, 27])
1	0.6776604111548635	0.776588592370192	([234, 6], [234, 169, 6])
1	0.7580482764989479	0.7766213205917833	([185, 9], [187, 185, 9])
1	0.7553442916634447	0.7766512528426992	([479, 318], [499, 479, 318])
1	0.7627668426850224	0.7766985637170843	([493, 65], [493, 445, 65])
1	0.7542422716684724	0.7767178064292343	([454, 160], [454, 451, 160])
1	0.7760471362315821	0.7767308093548936	([573, 267], [573, 267, 243])
1	0.7421270791451307	0.776778472000355	([468, 292], [468, 304, 292])
1	0.7728275396693803	0.776816508489904	([561, 90], [561, 229, 77])
1	0.7718407487245978	0.7768333259641554	([362, 210], [654, 633, 362])
1	0.7598163368068568	0.7768390975538335	([637, 378], [637, 518, 388])
1	0.7565907444955728	0.776894071733373	([429, 242], [429, 396, 241])
1	0.7064401150941445	0.776941633292728	([259, 211], [306, 259, 211])
1	0.7576852948179079	0.7769442414549627	([656, 565], [656, 619, 618])
1	0.7672491574848751	0.7770101506745996	([619, 0], [619, 250, 242])
1	0.7717845001157829	0.7771491296301954	([251, 114], [370, 251, 114])
1	0.76339593738469	0.7771742610929565	([379, 174], [650, 389, 174])
1	0.773523437861414	0.7772406479616782	([169, 47], [169, 152, 47])
1	0.7728767405849719	0.7772723867506032	([658, 344], [658, 601, 595])
1	0.7609207814095549	0.7772743039842556	([623, 342], [623, 520, 351])
1	0.7652074933470907	0.7773386521137474	([629, 314], [629, 467, 314])
1	0.7487117809894138	0.7773542905443476	([191, 96], [191, 162, 117])
1	0.7349365084114136	0.7773933587768564	([232, 90], [232, 90, 60])
1	0.763657495112992	0.7775020966295428	([388, 152], [388, 349, 210])
1	0.7663951659530105	0.7775020966295428	([633, 362], [388, 362, 210])
1	0.7754105556703527	0.7775020966295428	([377, 210], [388, 377, 210])
1	0.7639644856387589	0.7775056257674902	([491, 103], [491, 127, 105])
1	0.7582842621135255	0.7776999708693692	([519, 168], [593, 253, 229])
1	0.7000166693011525	0.7777037407587748	([398, 71], [396, 383, 77])
1	0.7520007826965356	0.7777298143870235	([665, 440], [665, 440, 340])
1	0.7713411313064243	0.77776617033763	([572, 360], [572, 463, 458])
1	0.7723511174515667	0.7778190029903987	([633, 36], [650, 633, 92])
1	0.7739487988521075	0.7778256815288064	([662, 105], [662, 105, 85])
1	0.7545662035559411	0.7778427107622402	([219, 112], [219, 166, 112])
1	0.6578855736370903	0.7778845017194825	([436, 6], [512, 505, 6])
1	0.7651952152956357	0.7779119471184446	([342, 168], [343, 342, 19])
1	0.7423623150615077	0.77804162211037	([621, 247], [621, 402, 247])
1	0.7618484933543836	0.7781003972777697	([613, 36], [597, 136, 42])
1	0.7728276237739631	0.7783494054908575	([595, 15], [600, 595, 15])
1	0.7352155906001339	0.778452950884127	([613, 339], [613, 516, 350])
1	0.7511225624375996	0.7785280338789989	([620, 113], [620, 618, 113])
1	0.7743948511109933	0.7785796019592608	([505, 75], [505, 75, 6])
1	0.5463041287353951	0.7785903951063193	([560, 207], [560, 477, 217])
1	0.7692595379761749	0.7786327642187846	([431, 69], [440, 431, 69])
1	0.7695499328360106	0.7786794019011765	([553, 400], [553, 446, 442])
1	0.7722786686344401	0.778729393684681	([537, 223], [537, 319, 316])
1	0.7767114518342585	0.7787935656459835	([601, 214], [631, 601, 214])
1	0.7764576298775798	0.77881579852948	([631, 173], [661, 658, 214])
1	0.7511615413582996	0.7788738988848373	([114, 9], [77, 47, 30])
1	0.772591709436694	0.7789010759221827	([614, 335], [614, 603, 335])
1	0.7730803400476847	0.7789062923479433	([583, 182], [586, 583, 182])
1	0.7737911384327595	0.7789105913267854	([538, 308], [576, 538, 308])
1	0.7762775226855597	0.7789121583609881	([298, 34], [402, 298, 34])
1	0.741287327053145	0.7789121583609881	([458, 167], [402, 398, 34])
1	0.7320712023641675	0.7789121583609881	([461, 42], [461, 402, 34])
1	0.7671271086446928	0.7790007765985226	([279, 185], [279, 256, 185])
1	0.7782885832500955	0.7790892272251927	([522, 174], [523, 522, 174])
1	0.7745118538343836	0.7791518333396973	([372, 146], [372, 364, 148])
1	0.7754009815914569	0.7791701089444742	([351, 303], [351, 319, 303])
1	0.7770890615295515	0.7792657259614562	([223, 63], [223, 210, 63])
1	0.7523293955087298	0.7792657259614562	([603, 63], [603, 210, 63])
1	0.7569271709971993	0.7793009275308743	([658, 453], [658, 425, 344])
1	0.7566403334867096	0.77931424566045	([482, 300], [482, 342, 317])
1	0.763329686073682	0.7793195538157214	([575, 261], [575, 549, 229])
1	0.7560907242900597	0.7793430068824145	([637, 451], [637, 614, 317])
1	0.7138227164509939	0.7793468242158932	([363, 65], [511, 363, 65])
1	0.7598178453300986	0.7793468242158932	([453, 65], [511, 493, 65])
1	0.776701984339791	0.7794079113900556	([465, 73], [465, 455, 68])
1	0.7751043307833442	0.7794079113900556	([455, 68], [518, 465, 68])
1	0.7660100450365641	0.7794532524477744	([386, 73], [650, 392, 389])
1	0.7441488846682425	0.7794532524477744	([650, 458], [650, 458, 392])
1	0.7632642443438206	0.7794790641236984	([504, 69], [504, 499, 69])
1	0.7750626229727854	0.7795230817809463	([501, 174], [501, 490, 147])
1	0.7605835698975127	0.779602556082881	([490, 147], [511, 501, 147])
1	0.7630448387328973	0.7796557067381666	([650, 39], [650, 76, 39])
1	0.7506015677389457	0.7796814513251353	([660, 6], [660, 229, 3])
1	0.5989220319565938	0.7798010472462995	([239, 183], [239, 216, 183])
1	0.7633964513585915	0.779812689112489	([566, 399], [566, 399, 389])
1	0.58441753811525	0.7798974158607549	([590, 207], [590, 210, 209])
1	0.77008152437938	0.7799227887047799	([522, 314], [603, 522, 314])
1	0.7528243539918953	0.7799291042202879	([573, 179], [573, 550, 179])
1	0.7599259518391307	0.7799920718940802	([626, 537], [626, 537, 250])
1	0.7732436829692253	0.7799946283430694	([540, 254], [540, 532, 254])
1	0.7775046148828735	0.7800237114740947	([244, 39], [244, 230, 59])
1	0.5463014239228043	0.780030954016915	([598, 239], [598, 249, 239])
1	0.7751353176756482	0.7800354686425276	([579, 369], [579, 569, 369])
1	0.7704358067754283	0.7800725767085442	([433, 100], [433, 381, 229])
1	0.6702824655687107	0.7801228743743377	([311, 202], [311, 248, 209])
1	0.7795590686825449	0.7801228743743377	([667, 311], [667, 311, 209])
1	0.7652485198139717	0.7801755083426407	([647, 66], [647, 623, 66])
1	0.7648900317337962	0.7801907222615905	([630, 31], [630, 613, 31])
1	0.7596587883359843	0.7802113836355741	([369, 153], [502, 429, 153])
1	0.7629068722084075	0.7802633710241434	([608, 65], [608, 513, 65])
1	0.7790462332717676	0.7802932779541006	([625, 157], [625, 157, 68])
1	0.7765851467868231	0.7803219784415052	([627, 396], [627, 432, 230])
1	0.770399642541101	0.7803410939365512	([596, 171], [596, 171, 28])
1	0.727262432298209	0.7803741617332972	([642, 360], [650, 642, 360])
1	0.7767077842682459	0.7804353638084034	([663, 366], [663, 518, 376])
1	0.7720475678153502	0.780452399642252	([386, 261], [446, 386, 354])
1	0.7725520442255165	0.7805181366082226	([546, 295], [546, 473, 306])
1	0.7797837610446149	0.7806444103787483	([250, 133], [372, 250, 112])
1	0.7716522100653503	0.780713455515539	([665, 301], [665, 655, 301])
1	0.7484834704669201	0.7807673495051543	([487, 159], [509, 487, 159])
1	0.7672997191105113	0.7808309230360496	([460, 156], [487, 460, 156])
1	0.7739913931419865	0.7808667840751352	([428, 147], [448, 428, 397])
1	0.7790538655914252	0.7808761272296726	([610, 474], [610, 590, 572])
1	0.7780748123052268	0.7810401545838394	([396, 137], [485, 396, 137])
1	0.744133146024778	0.7810402492742041	([645, 361], [645, 624, 361])
1	0.7693181276591323	0.7811677860696459	([429, 366], [497, 429, 366])
1	0.773081034159619	0.7811886146113868	([180, 36], [180, 170, 36])
1	0.7788611230706988	0.781243164074305	([504, 155], [504, 155, 69])
1	0.7784368311582078	0.7812988589935964	([377, 157], [377, 231, 177])
1	0.7679333475783168	0.7813054439530103	([621, 41], [621, 352, 349])
1	0.7804127785976387	0.7813862098622789	([214, 42], [214, 42, 1])
1	0.7723611820044299	0.7814092873270521	([559, 405], [559, 473, 405])
1	0.7587764015522012	0.7814213019298559	([627, 80], [603, 88, 80])
1	0.7785019645224296	0.7814310448641668	([380, 104], [386, 380, 104])
1	0.7585994680775854	0.7814315338442254	([479, 286], [479, 473, 286])
1	0.7573059349886706	0.7814867499571932	([473, 364], [473, 445, 364])
1	0.7715807387128814	0.7815550841836478	([429, 101], [429, 153, 101])
1	0.7766919242382405	0.7815906874914811	([539, 420], [540, 539, 416])
1	0.7599629783957745	0.781649566554888	([531, 265], [531, 265, 211])
1	0.7278638294818056	0.7816683238943687	([370, 88], [391, 370, 114])
1	0.7762344181774496	0.7818544144052654	([497, 109], [513, 497, 397])
1	0.7277235694859089	0.7819255797056707	([562, 380], [562, 495, 493])
1	0.7644027469044543	0.781954960598787	([623, 318], [623, 346, 342])
1	0.7735362739599282	0.7819555897402396	([351, 83], [351, 83, 68])
1	0.7818475616643963	0.7820032841165756	([388, 109], [513, 373, 109])
1	0.7742216697552434	0.7820032841165756	([513, 109], [570, 373, 109])
1	0.7654154912869284	0.7820281473432783	([570, 109], [388, 109, 69])
1	0.7792021584169381	0.7820286569786856	([474, 138], [474, 193, 191])
1	0.7782482728712188	0.7820286569786856	([307, 193], [474, 307, 193])
1	0.7804886536447603	0.7821398224105927	([501, 221], [501, 221, 147])
1	0.7663926125110784	0.782152229249058	([618, 319], [618, 438, 319])
1	0.7570624360010162	0.7822085150510264	([369, 125], [508, 369, 340])
1	0.763711823230623	0.782227022093097	([378, 132], [452, 146, 132])
1	0.7665764764556215	0.7822746334343298	([663, 466], [663, 466, 390])
1	0.7593955632654161	0.7823978048009013	([648, 413], [648, 547, 413])
1	0.7427156067793339	0.7824018733280051	([626, 39], [650, 619, 39])
1	0.7664764369276309	0.7824037840457139	([437, 120], [668, 614, 120])
1	0.722679268830782	0.7825416553786099	([616, 8], [616, 250, 5])
1	0.763882677806929	0.7826250436397794	([633, 154], [633, 597, 154])
1	0.77566230990019	0.7827513316720492	([649, 217], [649, 621, 242])
1	0.7806663073911458	0.7828085098096151	([335, 42], [335, 215, 42])
1	0.7640591348783066	0.7828173394791018	([501, 88], [501, 147, 136])
1	0.7818020348868531	0.7828550291796925	([369, 64], [369, 125, 59])
1	0.7738276077257078	0.7828561206997781	([536, 341], [536, 429, 341])
1	0.7807316018445155	0.7828592507690797	([582, 211], [582, 531, 406])
1	0.7661966513334464	0.7829830758749171	([636, 301], [665, 301, 216])
1	0.7776437103766537	0.7830290820939662	([441, 217], [474, 441, 217])
1	0.7791022243395539	0.7830401957209984	([411, 123], [411, 229, 165])
1	0.7744495089739055	0.7830401957209984	([411, 165], [411, 279, 229])
1	0.7269684858582042	0.7830445338886458	([399, 87], [509, 399, 75])
1	0.7558318249053017	0.7830600927071785	([441, 48], [441, 363, 48])
1	0.751794559011218	0.783065059878451	([291, 156], [407, 309, 127])
1	0.7725563718845203	0.783081438454101	([361, 140], [370, 361, 140])
1	0.724764158770997	0.7831282143579386	([220, 18], [220, 175, 18])
1	0.7573851490571305	0.7833198724500053	([458, 30], [458, 435, 350])
1	0.7542816001773945	0.7833251545189421	([664, 336], [664, 468, 336])
1	0.7782176834448277	0.7833251545189421	([642, 468], [664, 642, 468])
1	0.7383389492730008	0.7834132386611644	([560, 298], [560, 539, 420])
1	0.7657847768699263	0.7835454163708574	([217, 56], [217, 56, 0])
1	0.7350970883834356	0.7835593065645259	([504, 24], [504, 69, 62])
1	0.7733805386748014	0.7835593065645259	([503, 62], [504, 503, 62])
1	0.7798226797570392	0.7836522357652447	([605, 408], [605, 408, 387])
1	0.7479363526734946	0.7836559245306349	([341, 134], [359, 341, 317])
1	0.769503366084195	0.7836811112092874	([317, 146], [516, 317, 146])
1	0.779220436189105	0.7838433921377677	([382, 108], [360, 250, 108])
1	0.7580940946955608	0.7838475262191495	([621, 125], [621, 125, 59])
1	0.7717031048838957	0.7838632987689804	([375, 133], [381, 342, 145])
1	0.7732461626117212	0.7838632987689804	([442, 145], [442, 381, 145])
1	0.7725106029184087	0.783939134299082	([649, 489], [649, 599, 598])
1	0.7629813908828209	0.7839657294040788	([603, 226], [607, 603, 226])
1	0.769481738955375	0.7839735563012747	([341, 35], [460, 361, 35])
1	0.5910237996545604	0.7840027202331582	([400, 238], [413, 238, 232])
1	0.7626030805619421	0.7840084576324822	([557, 289], [557, 546, 295])
1	0.7508757030575071	0.7840084576324822	([594, 295], [594, 557, 295])
1	0.7787906483828686	0.7840498861293292	([495, 160], [495, 454, 240])
1	0.7508428690647149	0.7842792445997719	([343, 72], [343, 135, 90])
1	0.7731187155164887	0.7843542059866901	([537, 496], [537, 533, 496])
1	0.778498652970626	0.7844947602914804	([496, 111], [496, 124, 111])
1	0.731950613254829	0.7844947602914804	([496, 32], [496, 477, 124])
1	0.7777323799951353	0.784505622223382	([512, 98], [512, 344, 76])
1	0.7652366861544987	0.784505622223382	([344, 76], [512, 496, 76])
1	0.7707385263114869	0.784541369978674	([446, 101], [561, 446, 90])
1	0.7367223743354674	0.7845415998352405	([621, 153], [664, 611, 177])
1	0.7807698140886054	0.7845680633891048	([516, 305], [516, 317, 305])
1	0.7531050533019925	0.7845737325761183	([573, 75], [573, 242, 225])
1	0.777860445240405	0.7847265449026781	([642, 383], [642, 606, 372])
1	0.7732511528862355	0.7848795608569759	([403, 40], [403, 402, 40])
1	0.7752300170277644	0.7851003843205412	([630, 395], [630, 583, 395])
1	0.7713138741641479	0.7851093908101479	([652, 472], [652, 583, 546])
1	0.7787938773601966	0.7851349789841144	([372, 314], [402, 372, 343])
1	0.7816037245957064	0.7852111604085602	([507, 181], [507, 229, 170])
1	0.7834048448177896	0.7852111604085602	([343, 170], [507, 343, 170])
1	0.7646758217482266	0.785213013083612	([497, 27], [521, 492, 395])
1	0.7566813237689192	0.785361171677658	([610, 100], [610, 100, 73])
1	0.7443473282227849	0.785363095591803	([357, 104], [357, 250, 104])
1	0.7591924005879095	0.7853695421831104	([350, 99], [350, 345, 99])
1	0.7766641612279713	0.7855733473329517	([378, 27], [378, 132, 27])
1	0.7818390714523233	0.7855906203270302	([357, 156], [357, 156, 67])
1	0.7842651263696612	0.7856738515274905	([461, 84], [468, 461, 84])
1	0.7705648599127036	0.7856766632802724	([364, 17], [364, 147, 137])
1	0.7630671426488482	0.7857880536386648	([194, 97], [194, 176, 87])
1	0.7828629554965134	0.7858295909085046	([565, 300], [565, 300, 253])
1	0.773064594420511	0.7861455950064444	([643, 64], [643, 639, 71])
1	0.7843306797299882	0.7861842235336424	([633, 484], [633, 600, 484])
1	0.7577899489926219	0.7862083908235267	([181, 20], [181, 172, 20])
1	0.7863793799937266	0.7863821908184431	([572, 153], [572, 243, 153])
1	0.780081755194752	0.7864178361292944	([586, 368], [586, 554, 368])
1	0.7754157373875951	0.7864402468360623	([633, 304], [633, 304, 299])
1	0.7811885834152484	0.7864443586041749	([426, 193], [469, 453, 193])
1	0.7809644434690503	0.7865235906819901	([607, 107], [617, 210, 107])
1	0.7658163602698653	0.7865596975651955	([356, 4], [359, 356, 4])
1	0.7809454577464038	0.7865619329817174	([553, 358], [553, 486, 358])
1	0.7638647950245239	0.7867738811065741	([521, 27], [497, 109, 27])
1	0.7768974368876889	0.7868012369142381	([342, 106], [342, 141, 106])
1	0.7639294590991146	0.786831764085959	([555, 302], [555, 302, 229])
1	0.7849090344028276	0.786858001134986	([567, 164], [567, 241, 168])
1	0.7606428201735126	0.786870772658182	([535, 296], [535, 296, 252])
1	0.7834622364073871	0.7869070350670239	([533, 284], [533, 421, 240])
1	0.7601109353545258	0.7869070350670239	([533, 421], [533, 496, 240])
1	0.7647257381400789	0.7869112928239622	([527, 39], [650, 600, 39])
1	0.7184182642750488	0.7869518217080496	([566, 314], [566, 314, 219])
1	0.7722554391193721	0.7869694760977421	([219, 4], [219, 169, 0])
1	0.7715309740611864	0.7870170462133994	([550, 310], [310, 217, 179])
1	0.7590332809360815	0.7871177653939823	([400, 60], [400, 396, 60])
1	0.7771880347191477	0.7871917988890739	([219, 50], [219, 50, 29])
1	0.7756319743884422	0.787230732085381	([608, 172], [608, 236, 172])
1	0.7791091301719019	0.787241770458744	([630, 95], [630, 191, 95])
1	0.7846140143531978	0.7873416468395997	([555, 266], [555, 266, 263])
1	0.7608654566532186	0.7873416468395997	([579, 263], [579, 555, 263])
1	0.7803312902071798	0.7873783239335835	([515, 333], [515, 425, 348])
1	0.7826295604800565	0.7874633164517415	([580, 255], [580, 308, 301])
1	0.7555216337215338	0.7875065513540126	([385, 37], [385, 361, 37])
1	0.7781500840937539	0.7875655866306066	([339, 193], [339, 193, 32])
1	0.7811240159027736	0.7876395966780299	([619, 77], [627, 619, 77])
1	0.779398051795446	0.7877494926104242	([423, 303], [423, 303, 252])
1	0.5341741954059144	0.7878893061147706	([204, 161], [204, 184, 161])
1	0.7833417735609864	0.7879702494867095	([243, 140], [243, 153, 150])
1	0.7814005752432589	0.7879740440751888	([319, 47], [319, 122, 73])
1	0.7553862508468546	0.7879753507125868	([616, 50], [616, 74, 62])
1	0.7773323011937883	0.7880305359388171	([494, 52], [494, 477, 61])
1	0.7655115466361936	0.7880650385876892	([598, 169], [606, 598, 169])
1	0.7497267550297881	0.7881923479502163	([535, 167], [535, 296, 167])
1	0.7554582312425553	0.7882920920100897	([507, 107], [507, 499, 107])
1	0.7857595886505111	0.7883057879466419	([542, 276], [542, 525, 270])
1	0.7782388898408727	0.7883063519751354	([382, 223], [550, 382, 223])
1	0.7882840483853187	0.7883299453433085	([184, 11], [191, 184, 11])
1	0.7717255365015423	0.7883469808477821	([468, 7], [473, 468, 7])
1	0.7561564237158676	0.7884574360067136	([491, 49], [491, 150, 59])
1	0.7642461415182532	0.7884638472821913	([337, 102], [343, 337, 90])
1	0.7838770326899003	0.7885234287258276	([340, 56], [381, 340, 338])
1	0.7735794618689605	0.7885784683509434	([541, 186], [548, 541, 186])
1	0.7824704549243189	0.7886572426831652	([594, 121], [611, 594, 124])
1	0.7848766823291172	0.7886769714813743	([539, 301], [554, 539, 301])
1	0.7878379437029623	0.7887392932799602	([655, 138], [655, 215, 138])
1	0.7690964502363445	0.7887602127254276	([482, 3], [482, 447, 210])
1	0.7696629181708002	0.7888386612772593	([246, 62], [246, 232, 54])
1	0.7646588678380805	0.7890868990330672	([251, 4], [251, 221, 31])
1	0.781974856438771	0.7892025130764858	([345, 8], [345, 135, 3])
1	0.7784628383773985	0.789234519973607	([553, 303], [553, 303, 253])
1	0.595864758231949	0.7893891124654802	([536, 200], [536, 245, 229])
1	0.7690619272279929	0.7894497837884378	([525, 270], [542, 416, 325])
1	0.7573365839313321	0.7894671164474665	([361, 178], [361, 178, 72])
1	0.7710058473210377	0.7895082400096224	([663, 128], [663, 215, 214])
1	0.7888005429433236	0.7895810639501633	([452, 174], [452, 210, 191])
1	0.7768150399202703	0.7896131885415987	([525, 338], [525, 338, 292])
1	0.7559876197021224	0.7896186000244975	([459, 172], [459, 396, 249])
1	0.7400665773379481	0.7896492579202798	([489, 71], [489, 383, 347])
1	0.7716812178249602	0.7897446748554336	([467, 36], [467, 224, 31])
1	0.7813911634157868	0.7897553050473097	([648, 318], [662, 648, 318])
1	0.7830095596937956	0.7898368614791843	([565, 193], [585, 565, 193])
1	0.7867391493597645	0.7898688468653678	([570, 309], [580, 570, 309])
1	0.7768846871463456	0.7899373001260145	([667, 510], [667, 608, 510])
1	0.7883402858923922	0.7900846036065942	([637, 139], [637, 139, 114])
1	0.776047877089263	0.7901485518606799	([534, 50], [616, 534, 242])
1	0.7690419195488026	0.7901581945274251	([457, 22], [457, 435, 22])
1	0.7587525354043918	0.7904030634556968	([433, 54], [433, 54, 31])
1	0.7826222834169858	0.7904447120614682	([649, 178], [649, 624, 178])
1	0.7888526184107503	0.7906055986679276	([377, 119], [498, 377, 235])
1	0.7681720424090034	0.790732324730702	([503, 132], [503, 115, 33])
1	0.7839250182815032	0.7908097440517466	([456, 56], [456, 168, 56])
1	0.7762695660968552	0.7908133575078763	([638, 87], [638, 240, 88])
1	0.7405563189685731	0.7908700742477596	([398, 107], [421, 177, 108])
1	0.7663694675528124	0.7909408922547013	([601, 159], [601, 487, 345])
1	0.7787958285298545	0.7909990446044011	([406, 195], [406, 229, 195])
1	0.7782896401581192	0.7910025571915613	([527, 176], [527, 176, 22])
1	0.7771525608069224	0.7910398635574301	([338, 4], [352, 338, 4])
1	0.7717030288607272	0.7912275764277759	([559, 498], [559, 498, 452])
1	0.7846224095213803	0.7912924229952424	([577, 497], [577, 497, 480])
1	0.782462808910235	0.7913731394177708	([642, 536], [642, 630, 531])
1	0.7783918755733786	0.7913790421527461	([340, 103], [340, 108, 103])
1	0.7596557829637215	0.7915012024664543	([645, 127], [645, 102, 66])
1	0.7866265500429113	0.7915731509423518	([338, 128], [338, 234, 103])
1	0.7882827956890907	0.7915752354003609	([465, 28], [465, 422, 28])
1	0.7840869538795702	0.791672976439736	([354, 167], [500, 354, 347])
1	0.7374171959247284	0.7917328123523515	([469, 62], [469, 159, 129])
1	0.5856657644175057	0.7917805605503048	([477, 205], [584, 477, 401])
1	0.7508003337386608	0.7918166755112059	([443, 64], [443, 249, 237])
1	0.761098838133263	0.7918562059400706	([567, 2], [567, 218, 2])
1	0.788498260865714	0.7918788539761565	([647, 371], [666, 647, 371])
1	0.7640373388889834	0.7918788539761565	([668, 371], [668, 666, 371])
1	0.7885381761039202	0.7922410569562328	([451, 63], [470, 451, 63])
1	0.7781974579835834	0.7924267864057034	([556, 6], [556, 529, 6])
1	0.7815996724513521	0.7924818513842088	([495, 128], [495, 128, 73])
1	0.7854242269846698	0.7925425699724304	([336, 30], [336, 319, 30])
1	0.7686142079232688	0.7925746232172484	([404, 96], [404, 398, 191])
1	0.7915442960988398	0.7925791743223537	([585, 167], [585, 500, 479])
1	0.7901825112378913	0.7926641015267295	([509, 118], [509, 118, 68])
1	0.7901965126234658	0.7927229132146509	([496, 329], [496, 329, 240])
1	0.7797915572477673	0.7928180421899224	([455, 37], [455, 361, 317])
1	0.7513120417455356	0.7928924996373392	([604, 41], [604, 366, 41])
1	0.7816031828848122	0.7930101498545573	([570, 62], [616, 570, 401])
1	0.7802717905943306	0.7931042003503903	([427, 132], [452, 427, 253])
1	0.7901216876034987	0.793109286722141	([158, 32], [158, 121, 75])
1	0.7925486180871152	0.7934038993412562	([588, 248], [588, 520, 242])
1	0.7879720631098506	0.7934800652001237	([457, 109], [513, 457, 397])
1	0.7524587683565328	0.7935238616987665	([381, 100], [381, 100, 62])
1	0.787438041122865	0.7937306136728861	([303, 153], [303, 217, 179])
1	0.7813990661052336	0.7937367932442778	([631, 40], [631, 622, 40])
1	0.7937447010978526	0.7938934396751237	([575, 366], [575, 508, 476])
1	0.7932457039228232	0.7939422813429837	([346, 102], [346, 102, 59])
1	0.608878343856819	0.7939896218962592	([492, 238], [492, 349, 238])
1	0.7831324980733679	0.7940115493575022	([500, 86], [500, 151, 86])
1	0.7869423366659819	0.7941089689455603	([379, 86], [379, 229, 136])
1	0.7899567031147446	0.7941323205954006	([484, 104], [484, 236, 104])
1	0.7897098294016848	0.7941930488675997	([401, 25], [401, 389, 15])
1	0.7932121622772341	0.7941930488675997	([403, 15], [403, 401, 15])
1	0.7849375279385631	0.7943136463354243	([461, 21], [461, 249, 21])
1	0.7808168351822985	0.7943505854739834	([227, 9], [227, 152, 9])
1	0.7932733562047036	0.7943651771182341	([540, 126], [540, 470, 126])
1	0.7862738978139597	0.7944861644389501	([425, 182], [425, 396, 182])
1	0.7640110901764834	0.7945341949992889	([496, 169], [496, 316, 173])
1	0.7756419362463455	0.794579223505563	([609, 1], [623, 609, 149])
1	0.7665980727806115	0.7945857062952487	([401, 41], [401, 376, 41])
1	0.7539470657329164	0.7946180185744584	([252, 105], [252, 174, 122])
1	0.7894488334950223	0.7947844043408906	([527, 309], [527, 518, 309])
1	0.7844074882201775	0.7948488283564351	([482, 112], [482, 112, 3])
1	0.792033770256662	0.7948905556800714	([565, 7], [635, 565, 553])
1	0.7855932664600925	0.7950852996562503	([648, 52], [648, 640, 82])
1	0.785295523699584	0.7951599236584436	([363, 116], [363, 116, 36])
1	0.7795322575685449	0.7952434739790384	([391, 266], [399, 391, 266])
1	0.7787628010575555	0.7952831495040611	([600, 166], [600, 490, 166])
1	0.7709162693734704	0.7953702824251626	([314, 14], [314, 184, 175])
1	0.7562050695411077	0.7954346987673683	([498, 18], [499, 498, 18])
1	0.7914296059797903	0.7955695494030841	([578, 323], [578, 323, 320])
1	0.786052949974786	0.7959809660106109	([562, 79], [562, 108, 74])
1	0.7778916029805212	0.7960214616541369	([358, 127], [358, 127, 107])
1	0.7875744816163093	0.7960436858216717	([371, 111], [371, 361, 345])
1	0.7907048113150066	0.7962007130267417	([498, 79], [659, 498, 79])
1	0.769946764598298	0.7962142481440402	([292, 107], [292, 216, 91])
1	0.5260405062826494	0.7962224404934776	([206, 94], [206, 197, 94])
1	0.7567085617821704	0.796352371745268	([291, 86], [291, 252, 86])
1	0.789430879961044	0.7964280857807338	([428, 110], [428, 147, 110])
1	0.7715784079682527	0.7965113707635479	([251, 51], [251, 51, 31])
1	0.7827649372676524	0.7965207404603273	([434, 128], [434, 363, 236])
1	0.7746756687299051	0.7966387024488026	([475, 66], [475, 429, 229])
1	0.7924647175621933	0.7969783122697401	([420, 56], [420, 395, 56])
1	0.7894330627951301	0.7970060443736596	([494, 22], [494, 446, 22])
1	0.7674729262113721	0.7970538926345128	([458, 139], [458, 139, 31])
1	0.770130336009952	0.7972195457535541	([521, 135], [521, 448, 170])
1	0.7963940529189794	0.7972195457535541	([532, 170], [532, 521, 170])
1	0.5786967606346949	0.7973092693644253	([205, 165], [205, 190, 165])
1	0.7793390296923136	0.7974226378161806	([373, 279], [373, 343, 340])
1	0.7801952998027712	0.7974623664327409	([608, 54], [608, 65, 54])
1	0.7581825710693904	0.7974818413253478	([443, 159], [443, 159, 123])
1	0.7882233701762159	0.7976320341031014	([639, 47], [639, 376, 341])
1	0.7824467446771997	0.797698448648857	([588, 54], [588, 561, 54])
1	0.7667371011863306	0.7977543827064052	([473, 119], [473, 211, 119])
1	0.5867156315114315	0.7977935292505456	([605, 238], [605, 238, 232])
1	0.7978100959306986	0.7979963484921219	([599, 45], [599, 519, 45])
1	0.7972807656083833	0.7980537885820282	([183, 44], [183, 81, 75])
1	0.7886530093601106	0.7981606251193657	([498, 119], [498, 119, 92])
1	0.796927066497371	0.7983063036936111	([293, 3], [293, 253, 3])
1	0.7716572271742405	0.798378904238425	([384, 102], [384, 102, 73])
1	0.7791622160963405	0.7984748222688849	([466, 302], [466, 397, 302])
1	0.7980210784972221	0.7985447247790832	([441, 82], [441, 428, 82])
1	0.7642651635817993	0.79855414564735	([318, 89], [345, 318, 72])
1	0.7699883763043672	0.798557636343454	([653, 117], [653, 473, 117])
1	0.7854346430920394	0.7985671379945753	([390, 97], [390, 102, 97])
1	0.7833492265815581	0.7987684332020842	([413, 183], [413, 242, 183])
1	0.7941360337146719	0.7988270968997075	([383, 172], [485, 383, 172])
1	0.7767417609707967	0.7988270968997075	([485, 9], [485, 383, 347])
1	0.7899373338756815	0.7988496556595353	([579, 12], [582, 550, 24])
1	0.7966708377315957	0.7988516452074753	([404, 36], [404, 317, 246])
1	0.7948429052469903	0.7988543011022473	([309, 85], [309, 140, 127])
1	0.779674191904234	0.7988738840169114	([453, 104], [453, 451, 104])
1	0.7835598307898363	0.7989092359465464	([438, 126], [438, 126, 75])
1	0.7652529841562574	0.7990248275811936	([620, 53], [620, 500, 53])
1	0.7765285474494835	0.7992378510123718	([661, 49], [661, 102, 49])
1	0.7532824271121904	0.7994264640618718	([333, 154], [337, 222, 210])
1	0.7865690586615299	0.7994457243507961	([620, 161], [620, 161, 151])
1	0.7965739196892853	0.7995328436201885	([466, 81], [466, 438, 81])
1	0.7845867600006825	0.7995649563766866	([635, 108], [635, 629, 108])
1	0.7859347066339274	0.8002860235613732	([427, 0], [427, 299, 0])
1	0.7953974973244267	0.8003787004391044	([538, 81], [601, 538, 475])
1	0.7774715734947495	0.8003979233011493	([247, 77], [247, 210, 127])
1	0.7684852123281762	0.8003990100511765	([602, 67], [602, 598, 67])
1	0.7882584985665577	0.8004446047278959	([649, 54], [662, 649, 65])
1	0.7501592720465841	0.800528370837312	([455, 2], [455, 372, 2])
1	0.7947556146757359	0.8006929538215148	([307, 51], [307, 251, 245])
1	0.7800458475802476	0.8010073308562864	([565, 115], [565, 250, 120])
1	0.766900992444077	0.8011902637910934	([637, 114], [637, 130, 80])
1	0.7876767584513775	0.8012578656724653	([279, 110], [534, 279, 229])
1	0.7671556734891061	0.8012914758203901	([468, 125], [468, 125, 104])
1	0.7926446510428791	0.8014231465641016	([292, 49], [292, 247, 49])
1	0.7889501950344291	0.8017133745561698	([300, 28], [300, 152, 28])
1	0.8010622643719821	0.8017820204961681	([572, 286], [572, 463, 286])
1	0.7814961495732071	0.8021194985862636	([425, 35], [425, 344, 3])
1	0.7883531174074581	0.8024951368339471	([531, 121], [531, 525, 121])
1	0.7965168326039136	0.8029721249424677	([495, 287], [499, 495, 287])
1	0.8026369724357354	0.803203197297027	([285, 119], [285, 217, 88])
1	0.7918262367303737	0.8036714075514256	([457, 62], [457, 445, 62])
1	0.7873467215897069	0.8037370940400201	([464, 270], [464, 418, 270])
1	0.6667708995617215	0.8037574724282076	([592, 202], [592, 549, 240])
1	0.7866956535028802	0.8039136217095542	([278, 190], [278, 231, 226])
1	0.7988262124732314	0.8040340195750683	([271, 43], [271, 241, 226])
1	0.7582881134860722	0.8040371414325846	([502, 40], [502, 403, 336])
1	0.5777756929693791	0.8041759668405879	([410, 207], [590, 410, 404])
1	0.7899193499102145	0.8045319587964329	([419, 17], [335, 42, 19])
1	0.7986027796623594	0.8045820008689891	([320, 74], [616, 341, 320])
1	0.7928454903185064	0.8046095852744025	([322, 75], [322, 229, 129])
1	0.7891247969649381	0.8046371076271928	([580, 99], [580, 331, 263])
1	0.7622104000405954	0.8048916243571347	([657, 423], [657, 423, 396])
1	0.8009743506589045	0.8048952293348844	([595, 94], [595, 94, 88])
1	0.7880875567299607	0.805168717603386	([322, 11], [322, 260, 11])
1	0.8035981613905167	0.8056565374043186	([300, 186], [300, 261, 224])
1	0.784266462493953	0.8056913688499548	([314, 39], [314, 210, 175])
1	0.795042580880665	0.8058088411155782	([414, 12], [529, 414, 2])
1	0.6673932815250613	0.806005657810872	([202, 168], [222, 202, 168])
1	0.7929115026457922	0.8062158220618104	([295, 81], [295, 81, 60])
1	0.8034197723999393	0.8062250769356786	([646, 118], [646, 195, 162])
1	0.8021611926650973	0.8065726652578192	([270, 63], [470, 270, 246])
1	0.8031104765220657	0.8066349862424717	([537, 65], [552, 537, 65])
1	0.5742876873012981	0.807259640253787	([323, 207], [323, 299, 223])
1	0.7878878162847508	0.8073242329307712	([533, 112], [533, 513, 166])
1	0.7847504976952281	0.8075768767262426	([280, 87], [280, 252, 214])
1	0.7949843549633246	0.8075797417247641	([324, 121], [331, 324, 121])
1	0.5319707292866419	0.8078654735915927	([646, 206], [646, 559, 470])
1	0.8057677491700999	0.8078762832746402	([632, 284], [632, 622, 284])
1	0.7818138960993768	0.8084511711906133	([656, 176], [656, 176, 34])
1	0.7981785570309655	0.8084646056024299	([557, 132], [580, 557, 132])
1	0.8028481764259755	0.8085318819435	([545, 43], [545, 195, 25])
1	0.7703433897360847	0.8085457822040418	([584, 114], [637, 602, 550])
1	0.8006363629271389	0.8095867983292775	([277, 160], [301, 277, 160])
1	0.8059611579442422	0.8097978883227805	([510, 308], [510, 317, 308])
1	0.803336674239954	0.8099481207895537	([299, 98], [366, 299, 98])
1	0.802932761152816	0.8111691786259905	([276, 12], [276, 257, 12])
1	0.8083518645693889	0.8114178862696897	([326, 44], [326, 210, 25])
1	0.7897427557001355	0.8116352631479724	([305, 9], [305, 291, 24])
1	0.6553676881155037	0.8129417156045895	([222, 202], [549, 222, 202])
1	0.7969649624013143	0.8129506826011277	([576, 79], [576, 479, 79])
1	0.5546668547673291	0.8130016561909501	([625, 207], [625, 216, 207])
1	0.8123697559272053	0.8132568897495159	([277, 16], [277, 160, 16])
1	0.8002214881978145	0.8139605067331186	([278, 52], [278, 272, 25])
1	0.7972442551262366	0.8140521454181635	([305, 131], [305, 175, 162])
1	0.8140388689247449	0.8149784829608094	([543, 83], [543, 213, 164])
1	0.8152118510786083	0.8155696529833671	([585, 97], [585, 500, 97])
1	0.533637114773411	0.8166857525388198	([568, 204], [665, 568, 248])
1	0.7721842677216444	0.8176295677415015	([307, 116], [369, 307, 226])
1	0.8179417226895849	0.8189094809424591	([651, 122], [651, 193, 82])
1	0.5871663173755012	0.8189094809424591	([651, 238], [651, 238, 82])
1	0.8152450730416941	0.8192810170140433	([283, 45], [338, 283, 45])
1	0.5876572963859682	0.8197173623290734	([478, 200], [478, 215, 200])
1	0.6053451891475068	0.8212619241564698	([321, 205], [477, 312, 252])
1	0.823070344864806	0.8231782564640394	([557, 86], [557, 482, 86])
1	0.5790560103824477	0.8241096518448057	([207, 106], [217, 207, 106])
1	0.5077194163573439	0.8283394405124062	([559, 206], [559, 206, 188])
1	0.6051656350735084	0.8330773374648341	([205, 123], [205, 165, 123])
1	0.4970911752427455	0.833738628370102	([360, 206], [646, 360, 206])
1	0.5455943919581738	0.8347580161324805	([264, 204], [285, 212, 204])
1	0.5814585447750013	0.8376577228830955	([205, 13], [209, 199, 13])
1	0.5549385130247529	0.841498895763555	([450, 204], [450, 204, 161])
1	0.5291769488275146	0.843075046077079	([665, 204], [568, 213, 204])
1	0.5959107370657247	0.8438403217404084	([200, 166], [200, 166, 119])
1	0.5949364504884701	0.8476247977317825	([200, 119], [215, 200, 166])
1	0.505774047376073	0.8520659560114449	([405, 203], [558, 405, 211])
1	0.6524230019579671	0.8680581800791468	([307, 199], [307, 199, 197])
1	0.502005475806858	0.8752621659783429	([193, 192], [530, 201, 192])
1	0.5032822839414478	0.8831211491007505	([558, 203], [405, 203, 158])
1	0.5059566362737979	0.8918137654669681	([209, 205], [234, 205, 199])
1	0.49149781328501074	0.8942091817360559	([203, 158], [481, 203, 158])
1	0.5228792020408145	0.8952320415232586	([204, 38], [664, 204, 38])
1	0.605214444511965	0.9112604015437447	([633, 199], [633, 199, 197])
1	0.5987744466603108	0.9354531405860624	([209, 202], [215, 202, 200])
0	0.0	inf	([200], [])
