0	0.0	0.01902748287808713	([406], [406, 311])
0	0.0	0.01928324669536815	([227], [227, 77])
0	0.0	0.01986052057208412	([307], [307, 137])
0	0.0	0.01992616612519352	([304], [304, 125])
0	0.0	0.021136910492531344	([541], [541, 217])
0	0.0	0.02152434963274605	([219], [219, 25])
0	0.0	0.02511836005852101	([196], [196, 146])
0	0.0	0.030264932625141454	([221], [221, 216])
0	0.0	0.24960981358837836	([668], [668, 667])
0	0.0	0.25177695663386795	([417], [417, 416])
0	0.0	0.25740145569377043	([657], [657, 656])
0	0.0	0.2626115207289473	([449], [449, 448])
0	0.0	0.2719549885371016	([685], [685, 684])
0	0.0	0.2742520944009551	([582], [582, 581])
0	0.0	0.2743833188687751	([456], [456, 455])
0	0.0	0.2746641537774793	([681], [681, 680])
0	0.0	0.2789186356995929	([683], [683, 682])
0	0.0	0.28023085583388024	([660], [660, 659])
0	0.0	0.28226221907059573	([629], [629, 628])
0	0.0	0.28344221167650346	([466], [466, 465])
0	0.0	0.2841108667103312	([628], [628, 627])
0	0.0	0.28418070649125615	([647], [647, 646])
0	0.0	0.2846737272855587	([31], [31, 30])
0	0.0	0.2847415212596948	([545], [545, 544])
0	0.0	0.2851192143276385	([623], [623, 622])
0	0.0	0.28624827776613704	([175], [175, 174])
0	0.0	0.28730034068330157	([605], [605, 604])
0	0.0	0.28784256508779643	([666], [666, 665])
0	0.0	0.28793110273087996	([635], [635, 634])
0	0.0	0.289138663415418	([609], [609, 608])
0	0.0	0.28930414846142966	([571], [571, 570])
0	0.0	0.28931229158151506	([441], [441, 440])
0	0.0	0.28986667367304203	([676], [676, 675])
0	0.0	0.29093004679077633	([40], [40, 39])
0	0.0	0.2910681492912939	([555], [555, 554])
0	0.0	0.29117212580419394	([172], [172, 171])
0	0.0	0.2913703648928887	([658], [658, 657])
0	0.0	0.2916805951625289	([477], [477, 476])
0	0.0	0.2921202522963	([546], [546, 545])
0	0.0	0.2925090369624083	([458], [458, 457])
0	0.0	0.2926365239778898	([333], [333, 198])
0	0.0	0.29487229781629815	([492], [492, 491])
0	0.0	0.29504602030039956	([642], [642, 641])
0	0.0	0.2956375318517773	([439], [439, 438])
0	0.0	0.29564562553166457	([479], [479, 478])
0	0.0	0.29587434615095026	([637], [637, 636])
0	0.0	0.29597964213934586	([83], [83, 82])
0	0.0	0.29690643634267855	([633], [633, 632])
0	0.0	0.29701475078258693	([671], [671, 670])
0	0.0	0.2974458668728989	([174], [174, 173])
0	0.0	0.29745827582084594	([667], [667, 666])
0	0.0	0.29751205795122865	([664], [664, 663])
0	0.0	0.29781271068445286	([631], [631, 630])
0	0.0	0.2978194399725033	([653], [653, 652])
0	0.0	0.2980803701365202	([638], [638, 637])
0	0.0	0.2982934290401241	([467], [467, 466])
0	0.0	0.2984957605404735	([440], [440, 439])
0	0.0	0.298514608761084	([421], [421, 419])
0	0.0	0.29888800523839637	([469], [469, 468])
0	0.0	0.29946855611945394	([453], [453, 452])
0	0.0	0.29957997405030373	([673], [673, 672])
0	0.0	0.2999657948032948	([70], [70, 69])
0	0.0	0.3003396905760082	([543], [543, 542])
0	0.0	0.301002909198229	([687], [687, 686])
0	0.0	0.3011635944520986	([41], [41, 40])
0	0.0	0.3022428746453769	([459], [459, 458])
0	0.0	0.3022482479418575	([669], [669, 668])
0	0.0	0.3025297186567613	([672], [672, 671])
0	0.0	0.30383609419883906	([682], [682, 681])
0	0.0	0.30398417382939064	([646], [646, 645])
0	0.0	0.3041656850761458	([661], [661, 660])
0	0.0	0.3042293145356623	([71], [71, 70])
0	0.0	0.3047029178838746	([145], [145, 144])
0	0.0	0.3056025497681612	([501], [501, 500])
0	0.0	0.30596737899900533	([491], [491, 490])
0	0.0	0.3062466348915366	([686], [686, 685])
0	0.0	0.3062497120367981	([426], [426, 425])
0	0.0	0.30640987235209177	([625], [625, 624])
0	0.0	0.30665343254427024	([410], [410, 409])
0	0.0	0.3069749407343182	([478], [478, 477])
0	0.0	0.30764165206869126	([402], [402, 401])
0	0.0	0.3076984812136078	([425], [425, 424])
0	0.0	0.3081142370089587	([675], [675, 674])
0	0.0	0.3084338203882854	([424], [424, 423])
0	0.0	0.30881878537117174	([444], [444, 443])
0	0.0	0.3088755442898795	([354], [354, 353])
0	0.0	0.3089468793047863	([47], [47, 46])
0	0.0	0.3090722800963943	([3], [3, 1])
0	0.0	0.3091617827449318	([556], [556, 555])
0	0.0	0.30941609431474326	([526], [526, 525])
0	0.0	0.30953968562802214	([463], [463, 461])
0	0.0	0.30961082397280276	([547], [547, 546])
0	0.0	0.3096682644884646	([171], [171, 170])
0	0.0	0.31002587870641996	([630], [630, 629])
0	0.0	0.3107249291128814	([117], [117, 116])
0	0.0	0.3108454884903283	([641], [641, 640])
0	0.0	0.3111625218710637	([574], [574, 573])
0	0.0	0.3113956122319129	([48], [48, 47])
0	0.0	0.3117655359307604	([154], [154, 153])
0	0.0	0.3120535758070503	([482], [482, 481])
0	0.0	0.3122546209354782	([64], [64, 63])
0	0.0	0.3124594889825155	([684], [684, 683])
0	0.0	0.312950159323049	([355], [355, 354])
0	0.0	0.313594298427628	([460], [460, 459])
0	0.0	0.3137367032764418	([18], [18, 17])
0	0.0	0.31393833841703106	([173], [173, 172])
0	0.0	0.3143367974872466	([118], [118, 117])
0	0.0	0.3146324333595506	([480], [480, 479])
0	0.0	0.3152382428684209	([563], [563, 562])
0	0.0	0.3153098969778812	([142], [142, 141])
0	0.0	0.31629465137265605	([654], [654, 653])
0	0.0	0.31635137884385345	([184], [184, 183])
0	0.0	0.3171003669386732	([489], [489, 488])
0	0.0	0.3171103421867784	([143], [143, 142])
0	0.0	0.31718778345337245	([420], [420, 419])
0	0.0	0.3176049370080337	([408], [408, 407])
0	0.0	0.31796480708522185	([390], [390, 389])
0	0.0	0.31801820167239736	([472], [472, 471])
0	0.0	0.31852892398694543	([377], [377, 376])
0	0.0	0.3191699681265537	([388], [388, 387])
0	0.0	0.3191792756157223	([580], [580, 579])
0	0.0	0.3198887786364409	([502], [502, 501])
0	0.0	0.31996257789693705	([131], [131, 130])
0	0.0	0.3206667031018389	([133], [133, 132])
0	0.0	0.3210949579895495	([337], [337, 194])
0	0.0	0.32185181551983594	([570], [570, 569])
0	0.0	0.32211805241206404	([19], [19, 18])
0	0.0	0.32310529221463585	([430], [430, 429])
0	0.0	0.32365272384861904	([176], [176, 175])
0	0.0	0.3238146045599608	([17], [17, 16])
0	0.0	0.32412312736226345	([465], [465, 464])
0	0.0	0.32461937884816944	([94], [94, 93])
0	0.0	0.32467672888672244	([663], [663, 662])
0	0.0	0.3249642332587411	([619], [619, 617])
0	0.0	0.32523767938354553	([32], [32, 31])
0	0.0	0.3254437405481098	([381], [381, 380])
0	0.0	0.3255197066032998	([144], [144, 143])
0	0.0	0.3257586399354321	([69], [69, 68])
0	0.0	0.3262281661042411	([474], [474, 473])
0	0.0	0.3264386436970773	([115], [115, 114])
0	0.0	0.3266934976960533	([389], [389, 388])
0	0.0	0.326798126411968	([495], [495, 494])
0	0.0	0.32686949106346497	([33], [33, 32])
0	0.0	0.32722016917472635	([134], [134, 133])
0	0.0	0.3274496570871636	([185], [185, 184])
0	0.0	0.3280159736528604	([431], [431, 430])
0	0.0	0.3281836062484643	([114], [114, 113])
0	0.0	0.32837292331072343	([632], [632, 631])
0	0.0	0.3284269405106845	([569], [569, 568])
0	0.0	0.3286192374615445	([63], [63, 62])
0	0.0	0.3288354100021777	([119], [119, 118])
0	0.0	0.3288649472598666	([49], [49, 48])
0	0.0	0.3300459810117843	([581], [581, 580])
0	0.0	0.33021318098515184	([186], [186, 185])
0	0.0	0.3303404457751116	([593], [593, 592])
0	0.0	0.33056170123894707	([624], [624, 623])
0	0.0	0.33113498141406883	([116], [116, 115])
0	0.0	0.3312869929262697	([365], [365, 364])
0	0.0	0.33157644594612146	([626], [626, 625])
0	0.0	0.331673210729206	([577], [577, 576])
0	0.0	0.33190231671357584	([132], [132, 131])
0	0.0	0.3319136048699813	([607], [607, 606])
0	0.0	0.3320929550948087	([405], [405, 404])
0	0.0	0.3323218740549133	([678], [678, 677])
0	0.0	0.33264983374108953	([674], [674, 673])
0	0.0	0.33277211955734864	([659], [659, 658])
0	0.0	0.3331367654736086	([510], [510, 509])
0	0.0	0.3331834451915208	([65], [65, 64])
0	0.0	0.33343430309658395	([10], [10, 9])
0	0.0	0.3336132315796142	([452], [452, 451])
0	0.0	0.333630459115753	([394], [394, 393])
0	0.0	0.3337088931929811	([66], [66, 65])
0	0.0	0.33390938483458793	([409], [409, 408])
0	0.0	0.33411487758374075	([486], [486, 484])
0	0.0	0.33419941039353124	([450], [450, 449])
0	0.0	0.3342231602182295	([169], [169, 168])
0	0.0	0.33424192403052017	([485], [485, 484])
0	0.0	0.337515894065322	([75], [75, 74])
0	0.0	0.33754574983168323	([608], [608, 607])
0	0.0	0.3380425547647304	([464], [464, 463])
0	0.0	0.33824099754746406	([636], [636, 635])
0	0.0	0.33864203536253484	([442], [442, 441])
0	0.0	0.33868115209412264	([457], [457, 456])
0	0.0	0.33879023746425807	([44], [44, 43])
0	0.0	0.33887451744488667	([101], [101, 100])
0	0.0	0.33898750223520957	([665], [665, 664])
0	0.0	0.3390292631495808	([490], [490, 489])
0	0.0	0.3390794194856139	([550], [550, 549])
0	0.0	0.33936778061527356	([643], [643, 642])
0	0.0	0.33961952552439956	([461], [461, 460])
0	0.0	0.3398275830024962	([617], [619, 618])
0	0.0	0.3399419064094063	([648], [648, 645])
0	0.0	0.3400219003910753	([620], [620, 617])
0	0.0	0.3401934252269279	([124], [124, 123])
0	0.0	0.34039454841325917	([13], [13, 10])
0	0.0	0.3407102749664536	([11], [11, 10])
0	0.0	0.34167160000948527	([360], [360, 359])
0	0.0	0.3417136122795484	([557], [557, 556])
0	0.0	0.3417302463326384	([604], [604, 603])
0	0.0	0.34178488719706074	([506], [506, 503])
0	0.0	0.3420360887214803	([393], [393, 392])
0	0.0	0.34221306938674834	([73], [73, 72])
0	0.0	0.342560163397059	([504], [504, 503])
0	0.0	0.34282087870747086	([436], [436, 435])
0	0.0	0.34299217947249	([46], [46, 45])
0	0.0	0.3430279421964681	([374], [374, 373])
0	0.0	0.3431076731673944	([9], [13, 12])
0	0.0	0.34317434755683673	([527], [527, 526])
0	0.0	0.34321563398784183	([68], [68, 67])
0	0.0	0.34345479175905563	([156], [156, 155])
0	0.0	0.34408704813344604	([670], [670, 669])
0	0.0	0.34421083753915505	([84], [84, 83])
0	0.0	0.3447698406731771	([391], [391, 390])
0	0.0	0.3447893777031064	([677], [677, 676])
0	0.0	0.34485559906401264	([129], [129, 128])
0	0.0	0.3449612032887609	([434], [434, 433])
0	0.0	0.3450203071252617	([585], [585, 584])
0	0.0	0.3450741228593052	([43], [43, 42])
0	0.0	0.34521757294161065	([130], [130, 129])
0	0.0	0.34567347696460604	([74], [74, 73])
0	0.0	0.34572118328507717	([558], [558, 557])
0	0.0	0.34574044275402116	([584], [584, 583])
0	0.0	0.34585671520163036	([534], [534, 533])
0	0.0	0.345919391770354	([634], [634, 633])
0	0.0	0.3460000709129391	([539], [539, 538])
0	0.0	0.346161671543133	([533], [533, 532])
0	0.0	0.3471919907263719	([488], [488, 487])
0	0.0	0.3473243698063561	([560], [560, 558])
0	0.0	0.34782797140355154	([481], [481, 480])
0	0.0	0.34788695368153855	([178], [178, 177])
1	0.34377913439897057	0.3480882638718497	([12, 11], [13, 12, 11])
0	0.0	0.3481230162678903	([61], [61, 60])
0	0.0	0.34847056160394535	([167], [167, 166])
0	0.0	0.3484855317652495	([380], [380, 379])
0	0.0	0.34882424387368544	([60], [60, 59])
0	0.0	0.3488855211197087	([606], [606, 605])
0	0.0	0.34907225450624957	([93], [93, 91])
0	0.0	0.3491640868157874	([414], [414, 413])
0	0.0	0.3493340725003344	([177], [177, 176])
0	0.0	0.35029642653907295	([549], [549, 548])
0	0.0	0.3509138115873568	([576], [576, 575])
0	0.0	0.3514344384197766	([473], [473, 472])
0	0.0	0.3514770840678954	([4], [4, 3])
0	0.0	0.3518205784767184	([395], [395, 394])
0	0.0	0.35187158533859036	([400], [400, 399])
0	0.0	0.35219961388294313	([361], [361, 360])
0	0.0	0.35243679426666585	([656], [656, 655])
0	0.0	0.35259023228298375	([397], [397, 396])
0	0.0	0.35315074430803073	([183], [183, 182])
0	0.0	0.3531697270519806	([462], [462, 461])
0	0.0	0.3535478563889245	([521], [521, 520])
0	0.0	0.35366563804292533	([525], [525, 524])
0	0.0	0.3536850355764731	([513], [513, 512])
0	0.0	0.35402300434213063	([98], [98, 97])
0	0.0	0.35467594848441486	([96], [96, 95])
0	0.0	0.35511628331196166	([583], [583, 582])
0	0.0	0.3551244412548107	([548], [549, 547])
0	0.0	0.3551523314679836	([595], [595, 594])
0	0.0	0.3552260907832581	([662], [662, 661])
0	0.0	0.35522663815767974	([411], [411, 410])
0	0.0	0.3555714634026401	([649], [649, 648])
0	0.0	0.3558193168115059	([37], [37, 36])
0	0.0	0.35690035854289553	([155], [155, 154])
0	0.0	0.3574831690799931	([56], [56, 54])
0	0.0	0.35756904007269114	([367], [367, 366])
0	0.0	0.35764089304175206	([135], [135, 134])
0	0.0	0.3576971740215694	([599], [599, 598])
0	0.0	0.35784591210164135	([62], [62, 61])
0	0.0	0.3580772964780146	([520], [520, 519])
0	0.0	0.35824812423438385	([39], [39, 38])
0	0.0	0.3582800460291636	([554], [554, 553])
0	0.0	0.3585464894257853	([511], [511, 510])
0	0.0	0.3587725351796102	([379], [379, 376])
0	0.0	0.3590871548299466	([126], [126, 124])
0	0.0	0.35979119753774774	([586], [586, 585])
0	0.0	0.3598590601836321	([24], [24, 23])
0	0.0	0.35986088194971927	([514], [514, 513])
0	0.0	0.36094362202953306	([497], [497, 496])
0	0.0	0.36137606275136264	([428], [428, 427])
0	0.0	0.3615292142723004	([448], [450, 447])
0	0.0	0.3617628471406837	([128], [128, 126])
0	0.0	0.3619410871354221	([621], [621, 620])
0	0.0	0.36217304524896404	([378], [378, 377])
0	0.0	0.36253762572184345	([396], [396, 395])
0	0.0	0.3625762972525654	([150], [150, 149])
0	0.0	0.36321957651963743	([158], [158, 156])
0	0.0	0.3633085189503865	([407], [407, 405])
0	0.0	0.3635395025359846	([82], [83, 81])
0	0.0	0.36393429322736776	([182], [182, 181])
0	0.0	0.36447547414430614	([427], [427, 426])
0	0.0	0.3645472825032148	([689], [689, 688])
0	0.0	0.36466321491037784	([399], [399, 398])
0	0.0	0.3651703301067671	([346], [346, 345])
0	0.0	0.3652589808022206	([515], [515, 514])
0	0.0	0.3656925003381091	([512], [512, 511])
0	0.0	0.3657350584670435	([95], [95, 94])
0	0.0	0.36578870781817485	([487], [487, 486])
0	0.0	0.3664654015634234	([532], [532, 530])
0	0.0	0.3666416839569546	([141], [141, 140])
0	0.0	0.3670102674811	([445], [445, 443])
0	0.0	0.36703631058095704	([170], [170, 169])
0	0.0	0.3670808085520896	([530], [532, 531])
0	0.0	0.36721414446665407	([21], [21, 19])
0	0.0	0.3672854751854672	([600], [600, 599])
0	0.0	0.36803035868346373	([644], [644, 643])
0	0.0	0.3688396280835238	([347], [347, 346])
0	0.0	0.3691558072787241	([97], [97, 96])
0	0.0	0.3698110185517108	([443], [443, 442])
0	0.0	0.3700755881718456	([435], [435, 434])
0	0.0	0.37020702260796956	([348], [348, 347])
0	0.0	0.370319084893022	([680], [680, 678])
0	0.0	0.37034870388585306	([54], [56, 55])
0	0.0	0.37049570365821005	([89], [89, 88])
0	0.0	0.3705991196262594	([594], [594, 593])
0	0.0	0.37069373059993893	([575], [575, 574])
0	0.0	0.3709742958540536	([38], [38, 37])
0	0.0	0.3710377317337881	([531], [530, 529])
1	0.3711698758540499	0.37145537218847796	([631, 628], [631, 630, 628])
0	0.0	0.37168214968756186	([57], [57, 56])
0	0.0	0.3717555165516431	([34], [34, 33])
0	0.0	0.3720929481315311	([42], [42, 41])
0	0.0	0.37229665102127835	([652], [652, 651])
0	0.0	0.37291324863668446	([398], [400, 397])
0	0.0	0.3729370501295154	([498], [498, 497])
0	0.0	0.3730815956322823	([364], [364, 363])
0	0.0	0.3730922654410503	([412], [412, 411])
0	0.0	0.37320886831431327	([468], [468, 467])
0	0.0	0.37332957878615014	([36], [36, 35])
0	0.0	0.37358447626111685	([535], [535, 534])
0	0.0	0.37381786417101553	([551], [551, 550])
0	0.0	0.3746572558481916	([544], [544, 543])
0	0.0	0.3748321919443378	([438], [438, 436])
0	0.0	0.3751013055179428	([368], [368, 367])
0	0.0	0.37521507012999256	([561], [561, 560])
0	0.0	0.3753887177818058	([475], [475, 473])
0	0.0	0.37544073115534865	([415], [415, 414])
0	0.0	0.3755279263467733	([553], [560, 559])
0	0.0	0.3762932871367334	([159], [159, 158])
0	0.0	0.37650143531692504	([596], [596, 595])
0	0.0	0.37697976521298016	([516], [516, 515])
0	0.0	0.37725082979258573	([20], [20, 19])
1	0.3766714761401531	0.3772883201817877	([379, 378], [379, 378, 377])
0	0.0	0.3774866226297687	([451], [451, 450])
0	0.0	0.3776756396995526	([363], [363, 361])
0	0.0	0.3777373945023827	([655], [655, 654])
0	0.0	0.377882975021216	([104], [104, 101])
0	0.0	0.3779408394188331	([35], [35, 34])
0	0.0	0.3779497736347239	([99], [99, 98])
0	0.0	0.37818709817339374	([67], [67, 66])
0	0.0	0.37821900017528426	([413], [413, 412])
0	0.0	0.37826568844273634	([86], [86, 85])
0	0.0	0.37840634262780276	([358], [358, 357])
0	0.0	0.37859328140496595	([627], [627, 626])
0	0.0	0.37868225522296123	([566], [566, 565])
0	0.0	0.37903356960231416	([483], [483, 482])
0	0.0	0.3791706241211798	([493], [493, 492])
0	0.0	0.3796921164650012	([651], [680, 679])
0	0.0	0.37969952797739265	([351], [351, 350])
0	0.0	0.3803243593172838	([610], [610, 609])
0	0.0	0.38046235118823407	([349], [349, 348])
0	0.0	0.38048052293266554	([59], [59, 57])
0	0.0	0.3808805214988228	([429], [429, 428])
0	0.0	0.38108496128076785	([1], [3, 2])
0	0.0	0.38157322695126084	([416], [416, 415])
0	0.0	0.3817311749566863	([55], [59, 58])
0	0.0	0.38213210570311984	([123], [128, 127])
0	0.0	0.3826053021671165	([691], [691, 688])
0	0.0	0.383009187714123	([616], [616, 615])
0	0.0	0.383271457861213	([359], [359, 358])
0	0.0	0.38328882964453687	([352], [352, 351])
0	0.0	0.38348851438202874	([45], [45, 44])
0	0.0	0.3836346968134776	([401], [401, 400])
0	0.0	0.38380163747790597	([100], [104, 103])
0	0.0	0.3847993085665237	([15], [15, 14])
0	0.0	0.38553774976278343	([373], [373, 368])
1	0.3795418530680666	0.38590564093823115	([398, 397], [400, 399, 398])
0	0.0	0.3861169235265202	([72], [72, 71])
0	0.0	0.38632328808665156	([517], [517, 516])
0	0.0	0.3864062559467608	([507], [507, 506])
0	0.0	0.3868099087267015	([592], [592, 590])
0	0.0	0.3869548609792843	([611], [611, 610])
0	0.0	0.3870655122521947	([645], [645, 644])
0	0.0	0.38707761102777427	([650], [650, 649])
0	0.0	0.38721611962871033	([536], [536, 535])
0	0.0	0.38786253597771575	([350], [350, 349])
0	0.0	0.3879797409434964	([179], [179, 178])
0	0.0	0.388507916752831	([375], [375, 374])
0	0.0	0.388696988048162	([108], [108, 106])
0	0.0	0.38923149955138514	([524], [524, 523])
0	0.0	0.3898860691470215	([23], [23, 22])
0	0.0	0.3899405570022658	([344], [344, 343])
0	0.0	0.39035885758552774	([157], [157, 156])
0	0.0	0.39065325520646366	([91], [91, 89])
0	0.0	0.39083626513411357	([147], [147, 145])
0	0.0	0.39101238737681737	([103], [100, 99])
0	0.0	0.3917452698113325	([542], [542, 539])
0	0.0	0.3920035003933901	([562], [563, 560])
0	0.0	0.3925281896603261	([80], [80, 79])
0	0.0	0.3947048750413977	([404], [404, 403])
0	0.0	0.3953953734003733	([16], [16, 15])
0	0.0	0.39544560478037505	([540], [540, 539])
0	0.0	0.3957138533810697	([345], [345, 343])
0	0.0	0.3958607561171062	([528], [528, 527])
0	0.0	0.3961301717506023	([565], [565, 564])
0	0.0	0.3961590346879657	([446], [446, 445])
0	0.0	0.39617528546812025	([679], [651, 650])
0	0.0	0.39629255308042244	([366], [373, 372])
0	0.0	0.3966323936204468	([181], [181, 180])
0	0.0	0.3969749389181048	([538], [538, 537])
1	0.38984850641377267	0.3971391560834136	([72, 66], [72, 71, 66])
0	0.0	0.3975933698295939	([559], [553, 551])
0	0.0	0.39788181473949186	([471], [471, 469])
0	0.0	0.398531635637924	([387], [387, 386])
0	0.0	0.3986007882852382	([455], [455, 454])
0	0.0	0.3990272882629023	([622], [622, 621])
0	0.0	0.3996361569395479	([496], [496, 495])
0	0.0	0.39964135199742595	([590], [592, 591])
0	0.0	0.3996854256398456	([153], [154, 149])
0	0.0	0.40009773623600414	([519], [519, 518])
0	0.0	0.4001254190335815	([529], [529, 528])
0	0.0	0.40030875325131615	([22], [23, 21])
0	0.0	0.4005614329166805	([88], [88, 87])
0	0.0	0.4009824456425256	([383], [383, 382])
0	0.0	0.401048512260494	([372], [366, 365])
0	0.0	0.4012370321265169	([392], [392, 391])
0	0.0	0.4012426414848229	([353], [353, 352])
0	0.0	0.4016795158362742	([113], [113, 112])
1	0.4004431357643022	0.4017693005304008	([153, 150], [154, 153, 150])
0	0.0	0.4018162877872802	([484], [484, 483])
0	0.0	0.4032067216551762	([598], [598, 597])
0	0.0	0.4041738150078702	([518], [519, 517])
0	0.0	0.40454676389501293	([50], [50, 49])
0	0.0	0.4047446966788412	([149], [153, 152])
0	0.0	0.4050069101138548	([136], [136, 135])
0	0.0	0.40537296165058473	([568], [568, 566])
0	0.0	0.40604286913566495	([447], [447, 446])
0	0.0	0.4060932645714286	([14], [14, 13])
0	0.0	0.4068064215068686	([151], [151, 150])
0	0.0	0.4069421894040795	([552], [552, 551])
0	0.0	0.40729129905450384	([500], [500, 499])
0	0.0	0.4073930205772238	([362], [362, 361])
0	0.0	0.4075065049191663	([382], [383, 381])
0	0.0	0.4078641393910472	([433], [438, 437])
0	0.0	0.40826371896170727	([2], [4, 0])
0	0.0	0.4083103622191562	([376], [376, 375])
0	0.0	0.4091254628496079	([499], [499, 496])
0	0.0	0.4094573618429194	([161], [161, 159])
0	0.0	0.40970548190367384	([214], [214, 201])
0	0.0	0.41057542971979016	([564], [564, 563])
0	0.0	0.4110874051084077	([454], [454, 453])
0	0.0	0.411178362846716	([591], [590, 588])
0	0.0	0.41190923094203113	([168], [168, 167])
0	0.0	0.4136032766018495	([437], [433, 432])
0	0.0	0.41387864770461197	([589], [589, 588])
0	0.0	0.4140757510565713	([613], [613, 612])
0	0.0	0.4140986253011729	([343], [343, 341])
0	0.0	0.4145547225435448	([384], [384, 383])
0	0.0	0.4149766123944255	([28], [28, 23])
0	0.0	0.4155202915372283	([476], [476, 475])
0	0.0	0.4157546522551988	([503], [506, 502])
0	0.0	0.4157709780234836	([505], [505, 504])
0	0.0	0.41613355643758276	([690], [690, 689])
0	0.0	0.4164379124711347	([523], [523, 520])
0	0.0	0.4164792039611458	([567], [567, 566])
0	0.0	0.4166592144078446	([509], [523, 522])
1	0.409988934528607	0.41688494780750096	([562, 561], [563, 562, 560])
0	0.0	0.41712458202393177	([164], [164, 163])
0	0.0	0.41763971931884813	([180], [180, 179])
0	0.0	0.41810449116251086	([160], [160, 159])
0	0.0	0.418289429677893	([386], [386, 385])
0	0.0	0.4198260250191591	([85], [85, 84])
1	0.41941645579167935	0.4200901722211144	([42, 37], [42, 41, 37])
0	0.0	0.4204212062339528	([341], [343, 342])
0	0.0	0.420753536523287	([640], [640, 638])
0	0.0	0.4215175565517166	([357], [372, 371])
0	0.0	0.42155370091119004	([87], [87, 85])
0	0.0	0.4217428868122924	([597], [597, 596])
0	0.0	0.4219940556812348	([120], [120, 119])
0	0.0	0.4222651712592415	([371], [357, 356])
0	0.0	0.42260226518166166	([81], [81, 80])
0	0.0	0.42267482808943235	([615], [615, 614])
0	0.0	0.42271385475574574	([601], [601, 600])
0	0.0	0.42497468507865804	([310], [310, 191])
0	0.0	0.42525453250762674	([356], [371, 370])
0	0.0	0.42546279969934575	([322], [322, 209])
0	0.0	0.42568067203993043	([370], [356, 355])
0	0.0	0.42594649614163416	([385], [385, 384])
0	0.0	0.4267953576628338	([140], [140, 138])
0	0.0	0.42710807470728723	([12], [28, 26])
0	0.0	0.4272197963298486	([522], [509, 508])
0	0.0	0.42789866544927024	([58], [62, 50])
0	0.0	0.4286547557368731	([573], [573, 572])
0	0.0	0.42938967371645326	([26], [9, 8])
0	0.0	0.42955720998832625	([326], [326, 324])
0	0.0	0.42966218611192064	([314], [314, 206])
0	0.0	0.4298697120835632	([537], [537, 536])
0	0.0	0.4302483505663108	([105], [105, 104])
0	0.0	0.4311851369402079	([325], [325, 202])
0	0.0	0.43166175615904956	([30], [54, 53])
0	0.0	0.43214996913662584	([403], [403, 402])
1	0.42581903993765324	0.43265130577067396	([522, 521], [523, 522, 521])
0	0.0	0.4337753440460486	([106], [108, 107])
0	0.0	0.4339533915654146	([618], [640, 639])
1	0.4286879846703732	0.434189147819883	([152, 151], [153, 152, 151])
0	0.0	0.43478633431536556	([127], [123, 122])
0	0.0	0.43478750254714077	([470], [470, 226])
0	0.0	0.4348919402935308	([579], [579, 578])
0	0.0	0.4356852712773257	([321], [321, 213])
0	0.0	0.4357903919069288	([53], [54, 52])
1	0.435074815644434	0.4364085002401817	([373, 365], [373, 368, 366])
0	0.0	0.43676990452588677	([138], [140, 139])
0	0.0	0.43683358270732014	([148], [148, 147])
0	0.0	0.4374239443775292	([639], [617, 615])
0	0.0	0.4377383725393981	([162], [162, 161])
0	0.0	0.4381780276182529	([305], [305, 90])
0	0.0	0.43864633851355417	([112], [112, 111])
0	0.0	0.4392596840012173	([102], [102, 101])
0	0.0	0.44014728562057237	([306], [306, 211])
0	0.0	0.44052546541082555	([369], [369, 368])
0	0.0	0.4409809064460479	([79], [93, 92])
0	0.0	0.4412377623706695	([432], [432, 431])
0	0.0	0.4412827037886207	([211], [306, 190])
0	0.0	0.4425527051713367	([76], [76, 75])
0	0.0	0.4434429015529288	([52], [30, 29])
0	0.0	0.44396529582529576	([422], [422, 223])
0	0.0	0.4440299342585307	([578], [583, 577])
1	0.44103032675023224	0.4441085269398306	([85, 79], [85, 84, 79])
0	0.0	0.44425663514898567	([107], [106, 105])
0	0.0	0.4446700702033607	([27], [27, 26])
0	0.0	0.4451638267845777	([163], [163, 162])
1	0.4447495497460941	0.44538352142962295	([516, 509], [516, 515, 509])
0	0.0	0.44551301100998253	([614], [639, 225])
0	0.0	0.4455996419600018	([494], [494, 493])
0	0.0	0.44633792111876264	([336], [336, 193])
0	0.0	0.44643610742828166	([110], [110, 109])
0	0.0	0.4466534658097062	([339], [339, 211])
0	0.0	0.4466806621781177	([303], [303, 302])
0	0.0	0.446780145311916	([189], [189, 188])
0	0.0	0.4472509045388043	([223], [223, 27])
0	0.0	0.44730538148113885	([51], [51, 50])
0	0.0	0.4483022062715808	([603], [603, 602])
0	0.0	0.4483051713035666	([90], [90, 89])
0	0.0	0.4492629904120626	([313], [313, 165])
0	0.0	0.45001656148575325	([109], [109, 108])
0	0.0	0.45007398638381496	([418], [418, 220])
0	0.0	0.4502653199445343	([423], [471, 470])
0	0.0	0.4510045790841822	([92], [79, 78])
0	0.0	0.4514525724912166	([78], [305, 187])
0	0.0	0.45176030425653496	([508], [508, 507])
0	0.0	0.4538183702379516	([612], [612, 611])
0	0.0	0.454065630641978	([319], [319, 206])
0	0.0	0.4542555102648865	([200], [200, 76])
0	0.0	0.4542672293885473	([152], [149, 148])
0	0.0	0.4552824525106321	([111], [111, 110])
0	0.0	0.4553923146800606	([29], [30, 28])
0	0.0	0.4564072739051639	([226], [226, 7])
0	0.0	0.4575818914048559	([309], [309, 78])
0	0.0	0.4584472096622911	([193], [336, 8])
0	0.0	0.45957478740941127	([572], [572, 571])
0	0.0	0.45986823773462787	([334], [334, 197])
0	0.0	0.4599975738706344	([335], [335, 320])
0	0.0	0.4600462399371904	([419], [419, 418])
0	0.0	0.4616418535803361	([220], [220, 29])
0	0.0	0.4616467304020126	([215], [215, 203])
0	0.0	0.46200915227816547	([121], [121, 120])
0	0.0	0.46239950388260065	([318], [318, 317])
0	0.0	0.4626584232886081	([587], [587, 586])
1	0.43275242654797513	0.46283575899647017	([523, 508], [523, 520, 516])
0	0.0	0.4628643071649407	([7], [426, 421])
0	0.0	0.4640143080411023	([342], [342, 331])
0	0.0	0.46583479745389084	([225], [614, 316])
0	0.0	0.466489639405932	([312], [312, 165])
0	0.0	0.46824542549205755	([328], [328, 192])
0	0.0	0.4683892262183939	([191], [310, 51])
0	0.0	0.468398049982071	([317], [317, 308])
0	0.0	0.46854271577080814	([308], [308, 208])
0	0.0	0.4687890641793055	([122], [123, 119])
0	0.0	0.4691514412150517	([8], [418, 416])
0	0.0	0.4691825352611543	([602], [613, 330])
0	0.0	0.46980899963021466	([6], [6, 5])
0	0.0	0.4700746846975501	([302], [303, 204])
0	0.0	0.4700937111774921	([166], [166, 165])
0	0.0	0.47018056734514097	([203], [215, 202])
0	0.0	0.47025539285426005	([190], [190, 189])
0	0.0	0.4712624471189236	([165], [312, 164])
0	0.0	0.4717308748314301	([331], [578, 225])
0	0.0	0.4724176198210082	([209], [322, 197])
0	0.0	0.47266022283836695	([324], [324, 205])
0	0.0	0.47281094922001987	([316], [587, 313])
0	0.0	0.47284099806270247	([139], [9, 4])
0	0.0	0.4730149595308123	([0], [331, 86])
0	0.0	0.47371190586737993	([187], [567, 330])
0	0.0	0.47399686422764675	([208], [317, 213])
0	0.0	0.4740829348699976	([588], [601, 220])
0	0.0	0.47411072786324815	([5], [5, 4])
0	0.0	0.4743960534379917	([330], [382, 339])
0	0.0	0.4752788802110085	([204], [204, 203])
0	0.0	0.4753502238181233	([192], [328, 193])
0	0.0	0.4776258592749945	([213], [208, 195])
0	0.0	0.4778926147164006	([197], [334, 195])
0	0.0	0.47917349637381823	([327], [327, 319])
0	0.0	0.4796780623926324	([206], [327, 326])
0	0.0	0.4797358457410233	([205], [319, 318])
0	0.0	0.47984333316430405	([338], [338, 110])
0	0.0	0.4807085248926647	([195], [205, 202])
0	0.0	0.4855360102529454	([202], [215, 207])
0	0.0	0.48616286136994447	([688], [688, 687])
1	0.47225358501869363	0.48870848308320114	([122, 121], [123, 122, 120])
0	0.0	0.4894691089011611	([207], [303, 193])
0	0.0	0.4900304404008297	([212], [212, 197])
1	0.4837740509382024	0.4902096940618605	([9, 6], [9, 6, 5])
0	0.0	0.4988296271950589	([320], [320, 205])
1	0.49579169977995835	0.500116968972895	([212, 195], [334, 197, 195])
1	0.4921935590615628	0.5052503220401983	([614, 611], [614, 613, 610])
0	0.0	0.5098861960069813	([329], [329, 204])
0	0.0	0.5123644926856057	([201], [201, 187])
1	0.5135707637582587	0.5207857827958149	([303, 187], [303, 189, 187])
0	0.0	0.5233058247558305	([323], [323, 188])
0	0.0	0.5268993596894831	([188], [612, 337])
0	0.0	0.5374705768097503	([194], [211, 198])
1	0.5073442122315405	0.5388405958947857	([348, 341], [348, 346, 345])
0	0.0	0.5430446495783655	([198], [211, 210])
1	0.4933628664044132	0.5557092009622525	([312, 160], [312, 164, 160])
1	0.5373308260090945	0.5580878573641069	([201, 151], [201, 161, 151])
1	0.5527471761557136	0.5592325395143033	([586, 203], [589, 586, 585])
1	0.4938263609082418	0.5621267180542988	([303, 189], [303, 193, 189])
1	0.4909074486474863	0.5623891877265254	([319, 302], [326, 319, 204])
1	0.5547463294080456	0.5684715857845158	([213, 212], [314, 213, 205])
1	0.5300465874776681	0.5714477507043058	([98, 89], [98, 96, 95])
1	0.565624454907968	0.5715869864108166	([317, 15], [317, 26, 15])
1	0.5622490456787441	0.5736712512634567	([11, 0], [13, 11, 0])
1	0.5731115723434185	0.5743830074151216	([349, 335], [349, 346, 345])
0	0.0	0.5777757064849653	([210], [591, 199])
1	0.5337746159531556	0.5820138342870215	([454, 328], [454, 447, 446])
1	0.5492907101838508	0.5914241474118305	([214, 197], [214, 213, 212])
1	0.5494175951989191	0.5968335855502315	([322, 204], [322, 204, 197])
1	0.5684371176319511	0.5994779568667459	([26, 0], [21, 11, 9])
1	0.5931671693134009	0.6035321327943373	([208, 81], [208, 81, 76])
1	0.4966310869709046	0.6038246172366757	([324, 215], [324, 215, 204])
1	0.5252417669253457	0.605345494443598	([320, 197], [212, 205, 204])
1	0.589986541882632	0.6064169387390368	([350, 314], [349, 345, 314])
1	0.55582477765717	0.609022394323109	([202, 151], [202, 163, 151])
1	0.5655051018125771	0.6095502476683462	([345, 335], [357, 351, 350])
1	0.5923136900751687	0.610010434028729	([207, 92], [207, 104, 96])
1	0.6062678786314827	0.6143987019507154	([324, 89], [324, 103, 97])
1	0.6024358126197229	0.6143987019507154	([324, 108], [324, 108, 97])
1	0.60722482346207	0.6159610148808495	([207, 81], [207, 92, 81])
1	0.6108895402017358	0.6161504934268797	([398, 322], [412, 398, 392])
1	0.6035833564128237	0.6162368635606514	([197, 139], [197, 153, 140])
1	0.5777491344196501	0.618172351593798	([347, 334], [358, 351, 350])
1	0.6058963130513095	0.6210802240890071	([462, 208], [462, 456, 452])
1	0.617464585541751	0.621126966987066	([209, 159], [322, 197, 140])
1	0.6111396074992728	0.6222217538299768	([516, 208], [528, 519, 208])
1	0.5920267017511902	0.6226948185349725	([515, 335], [524, 520, 335])
1	0.578220449337112	0.623457315044129	([206, 193], [314, 206, 193])
1	0.5291954165178236	0.6235547744127047	([314, 205], [215, 214, 204])
1	0.5752359411371893	0.623955539352882	([208, 179], [208, 189, 182])
1	0.6235063612834315	0.624296753050178	([163, 135], [163, 149, 147])
1	0.5582825336553913	0.6280712626980758	([375, 203], [386, 381, 375])
1	0.5895226598860225	0.6283784555544227	([207, 104], [207, 110, 104])
1	0.545489711846385	0.6305368422731005	([203, 22], [203, 14, 5])
1	0.5950317760907151	0.6305368422731005	([208, 14], [208, 14, 5])
1	0.6188438741540822	0.6363354457863167	([613, 205], [613, 612, 320])
1	0.6270569693629754	0.6379379441643563	([334, 136], [334, 197, 140])
1	0.6093635695814653	0.6398479537913507	([539, 208], [539, 528, 527])
1	0.6401626258216736	0.6408846984308598	([391, 341], [403, 392, 391])
1	0.5104604431590095	0.6414473061540119	([338, 120], [338, 120, 110])
1	0.5159856626269163	0.6428901953755062	([200, 87], [200, 87, 76])
1	0.6009482813861258	0.6449933643908138	([208, 97], [208, 97, 90])
1	0.6390194943658065	0.6455387902380958	([523, 334], [523, 503, 334])
1	0.6366313631627497	0.646136321294476	([381, 341], [381, 380, 341])
1	0.6384940460500095	0.646989263136472	([195, 167], [195, 188, 181])
1	0.591734717920147	0.6479255584971377	([208, 160], [208, 195, 160])
1	0.6320323800583495	0.6479923291083535	([183, 168], [183, 179, 175])
1	0.4997024715455191	0.6500404666479322	([312, 138], [312, 160, 138])
1	0.6407605071125735	0.6512060747351135	([430, 334], [442, 431, 430])
1	0.6436393813812769	0.6516954251926406	([210, 140], [210, 162, 160])
1	0.6420448304824131	0.6530281852393045	([613, 590], [613, 612, 598])
1	0.614895423672654	0.6532078266428022	([367, 341], [367, 358, 357])
1	0.6435945833659726	0.653211396879257	([610, 586], [610, 604, 602])
1	0.6199646136178532	0.6535685363122608	([664, 649], [664, 657, 656])
1	0.6303385809679266	0.6550991720482903	([322, 186], [322, 192, 186])
1	0.6454538716463105	0.6551317138131587	([619, 604], [619, 615, 610])
1	0.6483931681621884	0.6551677019681552	([527, 341], [527, 507, 341])
1	0.6384598890851083	0.6553467570813224	([464, 445], [464, 456, 448])
1	0.6490779135020892	0.6559206604673701	([527, 494], [527, 503, 494])
1	0.6164707579265867	0.6565029253919196	([612, 600], [612, 607, 600])
1	0.6303129300374515	0.6565904059156192	([197, 182], [197, 190, 186])
1	0.6547099573905553	0.6577444497160805	([197, 13], [334, 197, 23])
1	0.6269984443385006	0.6587448495099473	([498, 334], [530, 524, 523])
1	0.6354320252323353	0.6588840350433508	([513, 322], [513, 506, 504])
1	0.6065427391169324	0.6593135980214698	([366, 335], [366, 358, 357])
1	0.5829652112323898	0.6598953528266287	([50, 0], [39, 32, 0])
1	0.6415507306413567	0.6599511050213787	([118, 101], [118, 110, 101])
1	0.6339004487552777	0.6628641244088084	([486, 468], [486, 474, 468])
1	0.6426004175584101	0.6633994304513819	([516, 320], [516, 515, 320])
1	0.6487899806723099	0.663759453965284	([610, 197], [612, 610, 197])
1	0.6603614060936774	0.6645822100773311	([424, 409], [424, 419, 417])
1	0.6621987857792837	0.6657211888866644	([603, 575], [603, 594, 575])
1	0.6407519432339069	0.666967427053215	([568, 334], [568, 561, 557])
1	0.6665090464253146	0.6671283414198503	([457, 437], [457, 448, 437])
1	0.6503392440412774	0.6682353835212906	([668, 651], [668, 656, 647])
1	0.6483716271808495	0.6693121701164282	([586, 0], [573, 570, 0])
1	0.6493587615548198	0.6700073320683264	([197, 131], [197, 131, 106])
1	0.6510980585443225	0.6704565092957074	([608, 212], [610, 608, 197])
1	0.6540350778888104	0.6708271385576332	([341, 73], [341, 73, 62])
1	0.6505201883285534	0.672246294052837	([420, 334], [430, 420, 416])
1	0.6643021970015405	0.6723323300050307	([123, 0], [138, 133, 0])
1	0.6371786927700558	0.6728083146969446	([621, 197], [621, 614, 608])
1	0.6366599282026886	0.6739161216521987	([583, 334], [586, 580, 197])
1	0.6271877748864433	0.6751112886284537	([656, 638], [656, 647, 641])
1	0.6734215136211406	0.6751403384879008	([605, 581], [605, 596, 581])
1	0.6680032818740367	0.6755024255030656	([678, 660], [678, 666, 660])
1	0.6607212792261967	0.6761198926188059	([482, 462], [482, 471, 464])
1	0.6672297547294564	0.6763130916483924	([212, 8], [212, 197, 9])
1	0.6723855080310339	0.6764465583980207	([651, 634], [651, 643, 641])
1	0.6697535287349682	0.6770022960895432	([395, 374], [395, 387, 386])
1	0.5333053799885985	0.6776423325424061	([203, 180], [203, 189, 180])
1	0.613010008073917	0.6788375287578632	([612, 320], [613, 600, 205])
1	0.5475849895756768	0.678892231391669	([385, 317], [379, 369, 364])
1	0.6710342620815759	0.6789872935434736	([657, 640], [657, 654, 644])
1	0.6518650374620147	0.6791235794423177	([197, 33], [197, 33, 30])
1	0.6571810512271588	0.6791235794423177	([212, 30], [212, 197, 30])
1	0.6749644431397402	0.679290963923931	([212, 42], [212, 68, 64])
1	0.6681825247396281	0.679290963923931	([212, 68], [212, 79, 64])
1	0.6701967546184521	0.679290963923931	([197, 54], [212, 197, 64])
1	0.6215472557945463	0.6800851560367277	([531, 206], [550, 536, 531])
1	0.6656151366613445	0.6809095068717705	([690, 320], [690, 320, 205])
1	0.6814628772997515	0.6815755946907717	([604, 574], [604, 574, 571])
1	0.6774958112321782	0.684063611452352	([456, 429], [456, 446, 429])
1	0.6234593091975081	0.6842615434860417	([576, 208], [603, 576, 575])
1	0.6616321007244632	0.685052346638672	([641, 628], [641, 638, 628])
1	0.6773298390730991	0.6859685639738574	([605, 569], [605, 603, 569])
1	0.6351381474459058	0.6867281654270966	([209, 124], [209, 129, 108])
1	0.6427610962924296	0.6872259548709314	([394, 334], [394, 384, 380])
1	0.6114165449391099	0.6879756213981737	([197, 88], [197, 136, 132])
1	0.6793137245310161	0.6895313745036964	([649, 635], [649, 641, 635])
1	0.6837552067702578	0.6897547818297833	([206, 118], [206, 118, 109])
1	0.6837678745103121	0.6898124299133436	([505, 314], [512, 505, 503])
1	0.48307310680267596	0.6905167299122869	([309, 107], [309, 107, 78])
1	0.6096625621061742	0.690684115497157	([370, 197], [362, 356, 197])
1	0.5938382856534083	0.6910549692274031	([209, 106], [322, 197, 129])
1	0.6163465311485565	0.6910999774791042	([575, 335], [588, 579, 575])
1	0.6380801346956023	0.6913982710615163	([403, 341], [391, 383, 381])
1	0.6835599893626914	0.6916770662591701	([684, 645], [684, 667, 640])
1	0.6706269813644251	0.6919767570318468	([486, 449], [486, 465, 459])
1	0.6506538316763186	0.6922593966927706	([74, 0], [81, 75, 74])
1	0.6061330441660876	0.6922593966927706	([207, 74], [207, 81, 74])
1	0.6803257254596159	0.6926919513915097	([643, 624], [643, 635, 634])
1	0.6830623368837057	0.6927299402796064	([212, 162], [212, 167, 162])
1	0.5608260194333794	0.6933119562925707	([197, 160], [195, 167, 162])
1	0.6743170477258627	0.6935278365850076	([606, 567], [608, 604, 567])
1	0.6828865903381179	0.6936698106803981	([671, 646], [680, 668, 653])
1	0.6891705996602138	0.6936698106803981	([674, 653], [680, 674, 653])
1	0.6872261485194302	0.6939334086089975	([490, 466], [490, 485, 466])
1	0.6438994408734254	0.6954178001550446	([567, 197], [604, 595, 574])
1	0.6052374155047009	0.6960420128472674	([411, 335], [411, 388, 385])
1	0.691922605801782	0.6962295360714396	([93, 68], [93, 83, 68])
1	0.6076060925254584	0.6966726560340477	([207, 57], [207, 74, 60])
1	0.662982198783145	0.6969499864945792	([189, 166], [189, 182, 166])
1	0.668124333621863	0.6986563037150982	([634, 619], [634, 632, 619])
1	0.6907175918852502	0.6992735610971551	([468, 314], [468, 466, 314])
1	0.6936221642477921	0.6992735610971551	([478, 314], [478, 466, 314])
1	0.6392728851340205	0.6995545708486054	([334, 123], [334, 136, 124])
1	0.6792126373089419	0.6998262199319726	([607, 572], [607, 604, 572])
1	0.6719740520983067	0.7004835634438309	([675, 661], [677, 675, 661])
1	0.6841727967244681	0.7007751376893312	([681, 641], [682, 681, 641])
1	0.6609268083554718	0.7015361964462317	([334, 5], [334, 197, 5])
1	0.6007937820591165	0.7015657082918307	([375, 209], [364, 353, 352])
1	0.6491966386898218	0.7021296709818179	([596, 341], [603, 596, 576])
1	0.6884962482029552	0.702703505464273	([687, 648], [687, 667, 643])
1	0.6218989116411758	0.702794046708053	([370, 314], [375, 349, 322])
1	0.6082700733978442	0.702794046708053	([349, 322], [375, 353, 349])
1	0.6916149483256258	0.7028446391228338	([654, 318], [678, 660, 654])
1	0.6987221574460868	0.7038327630359715	([320, 4], [320, 215, 4])
1	0.675119818373238	0.7038327630359715	([215, 7], [324, 215, 4])
1	0.679881549985817	0.7043116079397511	([596, 206], [606, 596, 585])
1	0.6290283081719132	0.7043335973551953	([334, 23], [212, 50, 30])
1	0.6958065616710942	0.7045544200037525	([671, 635], [671, 649, 646])
1	0.6816241777055757	0.7045544200037525	([679, 649], [679, 671, 649])
1	0.6893876047295315	0.7055374746871974	([461, 431], [461, 446, 429])
1	0.5541638145037819	0.70626481322164	([303, 127], [303, 127, 105])
1	0.7033767165251105	0.7064567191528935	([654, 626], [654, 644, 636])
1	0.6933034734151174	0.7069976849993712	([195, 109], [195, 135, 114])
1	0.6979364700558709	0.7071717338645696	([638, 212], [638, 635, 212])
1	0.6720361478125946	0.7072999731070513	([423, 206], [433, 429, 423])
1	0.6727960404822709	0.7075693957099367	([360, 320], [387, 378, 320])
1	0.635768610020884	0.7077882446265107	([81, 0], [74, 44, 43])
1	0.6984832421111284	0.7081875872834733	([683, 655], [684, 683, 645])
1	0.7055257387128788	0.7082136642482553	([459, 427], [459, 439, 427])
1	0.6406307876413709	0.7083406618657352	([96, 0], [96, 81, 76])
1	0.7071481238893944	0.7085934656395193	([562, 532], [562, 551, 549])
1	0.7061116047034515	0.709188035454808	([582, 327], [582, 581, 327])
1	0.5797605342793354	0.7092133415884883	([588, 335], [575, 565, 561])
1	0.7067435905672654	0.7092133415884883	([584, 565], [584, 575, 565])
1	0.6251523253445663	0.7093570723513015	([530, 334], [505, 503, 320])
1	0.6857062315832959	0.7095311486859656	([383, 350], [383, 365, 359])
1	0.702874168763963	0.710221575097978	([548, 314], [543, 530, 314])
1	0.6585741735800603	0.7105178278610902	([559, 320], [565, 559, 320])
1	0.6041132404044289	0.7105178278610902	([600, 209], [584, 565, 320])
1	0.685018547892449	0.7107246824065224	([665, 634], [665, 657, 632])
1	0.6989235600060469	0.7107246824065224	([672, 632], [672, 665, 632])
1	0.70041634540136	0.7108926887355222	([576, 550], [576, 562, 550])
1	0.6113523326525424	0.7109397075212894	([362, 206], [362, 350, 346])
1	0.6447528999451455	0.7111698695240051	([169, 0], [177, 170, 169])
1	0.6639857798727932	0.7112687367350269	([206, 30], [314, 206, 30])
1	0.6117160271189298	0.711322400936424	([462, 209], [462, 438, 433])
1	0.6874682643012436	0.7119377668867707	([450, 314], [487, 478, 467])
1	0.6908856755948746	0.7122917358653202	([690, 670], [690, 684, 679])
1	0.6967874140849609	0.7125262489030404	([531, 490], [531, 494, 490])
1	0.6643724794135706	0.7125262489030404	([494, 206], [531, 527, 494])
1	0.5657537021817821	0.7125323599463755	([385, 335], [385, 366, 358])
1	0.6146745951857913	0.7125945188544852	([400, 209], [427, 398, 396])
1	0.7066965532615614	0.7126414102506091	([546, 490], [546, 545, 490])
1	0.6905897374428094	0.7131575337571505	([75, 26], [75, 45, 26])
1	0.6154774693886499	0.7134153045068746	([561, 334], [580, 570, 568])
1	0.577453205193264	0.713594341084714	([565, 335], [595, 572, 568])
1	0.6736003567953353	0.713629827750343	([573, 206], [605, 576, 562])
1	0.7126839854051846	0.7137236554471363	([195, 40], [195, 40, 30])
1	0.6169015502985804	0.7137236554471363	([314, 19], [314, 195, 30])
1	0.6412710576369511	0.7141736890582664	([209, 68], [209, 80, 68])
1	0.6768212247401104	0.7144925625632199	([419, 314], [436, 421, 419])
1	0.6006919460696616	0.7147301769283861	([209, 80], [209, 108, 80])
1	0.6230953099623638	0.715009118929731	([513, 326], [510, 326, 205])
1	0.6107218928419775	0.715538618640737	([209, 57], [209, 57, 38])
1	0.6734762391918862	0.7155904078797447	([512, 314], [505, 502, 314])
1	0.6338923879412878	0.7156742534488666	([571, 212], [608, 571, 566])
1	0.669107550735161	0.7156966500063539	([205, 185], [314, 205, 193])
1	0.6564654558112646	0.7157404958646735	([326, 65], [326, 79, 65])
1	0.7148953293685693	0.7161836132319136	([608, 490], [608, 575, 490])
1	0.6626206673198339	0.7162634780406547	([485, 455], [485, 472, 455])
1	0.6989301188982601	0.7167441788445633	([439, 212], [485, 455, 212])
1	0.7145191091463726	0.7169905799875123	([166, 96], [197, 173, 96])
1	0.6901270588066399	0.7170445824423086	([661, 633], [661, 646, 634])
1	0.7140627064397157	0.7172769901255831	([551, 495], [551, 536, 495])
1	0.6402483389887937	0.7174252439122959	([177, 0], [169, 166, 96])
1	0.7111980277964122	0.7174465172047054	([431, 390], [431, 415, 390])
1	0.6912454574766944	0.7180172883799277	([530, 493], [530, 507, 495])
1	0.7048678872974568	0.7182063110640022	([488, 429], [488, 486, 449])
1	0.6438937802611754	0.7185607646416016	([497, 0], [503, 204, 197])
1	0.7031544032280073	0.7186243318027214	([511, 206], [511, 508, 206])
1	0.5749916732399873	0.7188453708444023	([536, 335], [565, 555, 552])
1	0.5824286424747833	0.7188631822365664	([531, 203], [531, 524, 517])
1	0.6898639108673811	0.7196899124816696	([206, 163], [206, 192, 140])
1	0.5725167045723426	0.7196899124816696	([207, 138], [207, 192, 140])
1	0.528618041987775	0.7197437846807923	([215, 214], [212, 205, 185])
1	0.5835641206979829	0.7198431782681423	([453, 208], [452, 432, 430])
1	0.6959441919884002	0.7201766521276941	([476, 444], [476, 467, 444])
1	0.714193431994834	0.7202481122690213	([168, 104], [168, 165, 104])
1	0.675891358972106	0.7202890370897421	([314, 143], [314, 195, 151])
1	0.7201834322771918	0.720655898774464	([686, 636], [686, 684, 636])
1	0.6923905513967101	0.7207644541999058	([633, 572], [633, 622, 572])
1	0.7205952461339148	0.7211824002750782	([76, 28], [76, 66, 28])
1	0.7038684985782425	0.7214509315332186	([623, 571], [623, 607, 567])
1	0.7168648905034621	0.7218892182201435	([314, 68], [314, 71, 68])
1	0.6895502216897454	0.7218892182201435	([205, 76], [314, 76, 71])
1	0.547880672955719	0.7220264485867873	([356, 203], [375, 356, 322])
1	0.6588681435974388	0.7223215506399059	([314, 126], [314, 143, 134])
1	0.7036592815201315	0.7223861301848443	([649, 625], [649, 636, 635])
1	0.7180937350775612	0.7227822855253352	([638, 179], [643, 638, 178])
1	0.7117196816772557	0.7228431954212214	([581, 548], [606, 595, 548])
1	0.7080274445201228	0.7229413258637845	([167, 95], [212, 167, 95])
1	0.7030458394537245	0.7229940236096426	([570, 490], [575, 568, 487])
1	0.6706665834611516	0.7230885526383256	([387, 320], [365, 360, 320])
1	0.6390572268292259	0.7234036536250696	([209, 11], [209, 29, 11])
1	0.6439239727670995	0.7237245456764103	([334, 42], [334, 66, 42])
1	0.7159089703423217	0.72388814927737	([485, 346], [608, 490, 346])
1	0.5202739651588344	0.7239344568177385	([208, 204], [319, 308, 204])
1	0.6712040435376895	0.7239344568177385	([613, 308], [613, 308, 204])
1	0.713719920481153	0.7242597653381184	([653, 631], [653, 649, 635])
1	0.702809201574168	0.7244080840132688	([669, 633], [670, 669, 633])
1	0.7222727011216213	0.7245511228347308	([525, 350], [525, 495, 345])
1	0.6659216849274199	0.7245735167346408	([529, 197], [529, 507, 506])
1	0.687773190496458	0.7246575172824523	([134, 74], [134, 74, 28])
1	0.6833341243526424	0.7253026193369413	([677, 212], [677, 648, 638])
1	0.7043673766718092	0.7253069961095809	([657, 567], [657, 642, 567])
1	0.7159365521089812	0.7255055030585854	([566, 318], [566, 559, 320])
1	0.6625204084500431	0.7255918481439768	([606, 206], [605, 586, 195])
1	0.6611340607147107	0.7256213943674061	([398, 206], [423, 398, 391])
1	0.7250657597698275	0.7260639469457301	([479, 318], [488, 479, 469])
1	0.7156353444440463	0.7261223120599274	([592, 550], [592, 575, 550])
1	0.718149470488251	0.7263660130511885	([626, 461], [633, 626, 461])
1	0.7212605387457558	0.726830921527347	([580, 542], [580, 573, 314])
1	0.7160658835837843	0.7274488176394337	([556, 488], [556, 545, 488])
1	0.6386377301047194	0.7275585612213304	([619, 0], [625, 623, 565])
1	0.7026916897912335	0.7275704948446423	([608, 346], [495, 490, 345])
1	0.7103497978943432	0.7276623783896993	([633, 486], [633, 572, 490])
1	0.722713593051941	0.7278584939396411	([488, 318], [562, 556, 318])
1	0.7201508350317859	0.7279699771947651	([534, 195], [548, 534, 524])
1	0.5466465852880424	0.7284653548323301	([572, 209], [564, 556, 318])
1	0.7017072534692196	0.7285723175380754	([568, 487], [568, 562, 488])
1	0.7286100506534585	0.7287507712279916	([480, 205], [480, 478, 205])
1	0.5719667743687932	0.7288710655419645	([578, 209], [600, 578, 573])
1	0.518185628007097	0.72891879484957	([371, 339], [371, 356, 353])
1	0.6379671348259774	0.7290693870383104	([326, 79], [326, 108, 79])
1	0.4861516469592665	0.729236684743436	([309, 92], [309, 92, 78])
1	0.7003221498467351	0.7292369647818607	([480, 442], [480, 469, 430])
1	0.720968326911181	0.7293292527546507	([594, 549], [605, 594, 549])
1	0.5836080678682974	0.7295573812231196	([208, 36], [208, 195, 44])
1	0.6912279062053212	0.7296152346112522	([664, 333], [664, 637, 631])
1	0.7197855909341812	0.7296815947734804	([526, 346], [526, 346, 344])
1	0.6861760365585399	0.729697712339858	([474, 419], [472, 451, 419])
1	0.6186368143458295	0.7298345361702061	([334, 76], [334, 195, 42])
1	0.6096134787540486	0.7300379297842007	([427, 209], [433, 427, 423])
1	0.7265232201601762	0.7300488406211105	([653, 466], [653, 635, 466])
1	0.5370317252522572	0.7301667281780424	([499, 331], [508, 499, 498])
1	0.7165063944343524	0.7301822489987221	([564, 482], [564, 556, 494])
1	0.7018225377668326	0.730367058077227	([563, 327], [610, 582, 318])
1	0.5019171733925833	0.7306157716045065	([212, 205], [613, 586, 195])
1	0.7133361126060688	0.7309008167068869	([453, 320], [461, 453, 205])
1	0.6343803308077851	0.7309008167068869	([485, 197], [468, 461, 205])
1	0.6937271404710256	0.7309332028482143	([215, 113], [215, 207, 110])
1	0.7159027995154353	0.7311572544753473	([682, 566], [682, 648, 641])
1	0.6644408041743876	0.7312200082802964	([390, 197], [431, 390, 212])
1	0.7070606394932942	0.7312899077378439	([688, 662], [688, 681, 666])
1	0.6334967016077417	0.7315178327207905	([487, 314], [606, 575, 487])
1	0.7234967551290933	0.7316416118646488	([171, 93], [171, 166, 93])
1	0.7285808167193716	0.7317225393921787	([85, 49], [85, 74, 65])
1	0.6664484090213598	0.7319216456350354	([206, 100], [134, 101, 88])
1	0.6911044977693935	0.7319492419320108	([441, 391], [441, 436, 391])
1	0.731652691214958	0.7320542453734745	([586, 538], [586, 538, 320])
1	0.6946730230790622	0.7321465820731874	([683, 314], [683, 649, 645])
1	0.7234991586860465	0.7322093544583516	([618, 491], [622, 618, 486])
1	0.7285061685776987	0.7322093544583516	([643, 486], [643, 618, 486])
1	0.6870377396556905	0.7322934745378361	([327, 162], [327, 318, 164])
1	0.6332710015856183	0.7329184977938085	([690, 314], [690, 327, 204])
1	0.7201207294685673	0.7329334992938118	([568, 464], [568, 487, 464])
1	0.7311408730096107	0.7331419216201058	([623, 467], [635, 623, 467])
1	0.7002016955702358	0.7331494260461389	([215, 157], [215, 207, 147])
1	0.5793941484067597	0.7331761955082309	([207, 110], [215, 147, 113])
1	0.7308271364706467	0.7333664614233464	([66, 3], [66, 32, 3])
1	0.5749303507287826	0.7334034750690456	([342, 207], [342, 319, 207])
1	0.731767671481611	0.7335276459640289	([164, 24], [210, 159, 24])
1	0.7236340998262532	0.7335945259687723	([319, 89], [319, 206, 99])
1	0.7171735524642374	0.7337118068538371	([600, 445], [600, 445, 212])
1	0.7203473226515743	0.7340562468740921	([681, 634], [681, 646, 641])
1	0.7144125796953403	0.7344300737648278	([452, 391], [452, 430, 420])
1	0.7173647314500735	0.7345785735901278	([498, 344], [526, 498, 495])
1	0.7279111540063884	0.7346198330945574	([571, 493], [575, 571, 493])
1	0.6974555898404079	0.7346623470772113	([514, 212], [544, 543, 212])
1	0.7066346241519788	0.735185693115702	([617, 460], [623, 617, 467])
1	0.7277078004275302	0.7351969861126427	([627, 464], [627, 623, 464])
1	0.5126989966880943	0.7353872547877377	([208, 5], [208, 195, 14])
1	0.7084682000271788	0.7354364979943467	([389, 195], [385, 362, 195])
1	0.7348095301112088	0.7358388066296229	([351, 212], [390, 383, 212])
1	0.7209189665531553	0.735981313032721	([308, 55], [308, 195, 55])
1	0.5740503823396076	0.7360789114719816	([358, 334], [342, 334, 195])
1	0.7158836567646163	0.7360789114719816	([343, 195], [343, 342, 195])
1	0.5940899126536905	0.7361755768701689	([192, 0], [207, 192, 81])
1	0.5627725972930958	0.7361755768701689	([208, 76], [208, 192, 81])
1	0.6932927039066752	0.7362694336910092	([195, 82], [195, 109, 99])
1	0.6104548507826053	0.7364312421827857	([209, 34], [209, 68, 56])
1	0.482239886568405	0.7364818678011612	([338, 136], [338, 136, 120])
1	0.6336918555721003	0.7365368502452974	([565, 206], [573, 565, 206])
1	0.7299003535459244	0.7365368691101284	([128, 3], [138, 132, 128])
1	0.7321151977804101	0.7365743817415635	([318, 100], [318, 100, 93])
1	0.728410816688358	0.7367867425479253	([625, 460], [625, 617, 460])
1	0.7025175370461297	0.7367867425479253	([680, 617], [680, 625, 617])
1	0.7229374990249126	0.736941147562591	([557, 479], [557, 531, 490])
1	0.733912651450154	0.7369606738456912	([494, 349], [524, 494, 349])
1	0.735067680541754	0.7371794871519306	([612, 563], [612, 565, 563])
1	0.7309106295795433	0.7372553185372542	([103, 69], [103, 83, 73])
1	0.7322819429478851	0.7372567899690379	([574, 535], [581, 574, 535])
1	0.6204748545983633	0.7372999252242955	([550, 206], [606, 575, 546])
1	0.7365953174360297	0.7373034529331022	([132, 46], [197, 132, 26])
1	0.5751207862022727	0.7373202053944131	([362, 207], [367, 349, 341])
1	0.6442927855425963	0.7376868179840521	([496, 341], [494, 485, 349])
1	0.7375521319439994	0.7379493276032434	([687, 172], [687, 643, 178])
1	0.7175972349725662	0.7379493276032434	([686, 178], [687, 686, 178])
1	0.5873470528614962	0.7381618552797709	([324, 163], [324, 215, 159])
1	0.6989548710780844	0.7385170965468986	([626, 489], [633, 626, 489])
1	0.5712610890046155	0.7386606434911458	([207, 180], [207, 190, 180])
1	0.7217694156322007	0.7388193167542109	([574, 556], [574, 566, 565])
1	0.6959780416892748	0.739100567216364	([643, 178], [638, 485, 212])
1	0.7349825045222278	0.739100567216364	([638, 487], [638, 487, 485])
1	0.7335690393417007	0.739100567216364	([629, 485], [638, 629, 485])
1	0.5980596286997228	0.7391130425441412	([352, 209], [364, 362, 195])
1	0.708871027073694	0.7391396582934098	([468, 426], [469, 468, 426])
1	0.5729751430753478	0.739254160758975	([342, 206], [494, 349, 346])
1	0.7220157515621504	0.7392589540075793	([652, 467], [652, 641, 467])
1	0.706623111036637	0.7394487129978418	([663, 624], [671, 663, 623])
1	0.6872957390420326	0.7394596012070375	([635, 465], [634, 619, 464])
1	0.7346311583493385	0.7394865466209941	([615, 471], [625, 615, 471])
1	0.663562007256439	0.7394865466209941	([634, 468], [633, 625, 471])
1	0.7299622709838037	0.7396632536553476	([550, 448], [550, 474, 448])
1	0.6589837219957619	0.7399972063431871	([138, 0], [115, 103, 98])
1	0.7299239316488348	0.7401020307722196	([566, 478], [566, 478, 205])
1	0.7365563715052649	0.7403593467196442	([319, 59], [327, 319, 53])
1	0.7178762713290577	0.7403604288944725	([608, 528], [608, 606, 528])
1	0.5273388890331319	0.7403606859210508	([312, 80], [312, 109, 80])
1	0.7275206915123462	0.7404183301935612	([474, 345], [485, 474, 346])
1	0.7142716693599659	0.7404183301935612	([544, 474], [544, 474, 346])
1	0.7262469325589385	0.7408050353984118	([618, 576], [618, 604, 576])
1	0.5325004928460505	0.7408475038373825	([564, 317], [526, 501, 346])
1	0.7104265702737472	0.7408558287271718	([205, 139], [205, 185, 166])
1	0.7314744390691683	0.7409799958380664	([167, 71], [167, 95, 71])
1	0.7267316672089527	0.7410651883400445	([666, 565], [666, 646, 565])
1	0.7389146151748646	0.7411897244409447	([652, 568], [664, 637, 568])
1	0.7356438889223722	0.7412464532621388	([441, 215], [441, 430, 215])
1	0.7386327983191023	0.7413433965737075	([547, 489], [568, 551, 547])
1	0.7392003692896539	0.7413433965737075	([604, 547], [604, 568, 547])
1	0.7399966640300638	0.7414361226221869	([624, 451], [624, 482, 445])
1	0.7205015947408299	0.7415798133384891	([489, 391], [489, 477, 419])
1	0.7248502214870466	0.7415798133384891	([626, 419], [626, 489, 419])
1	0.5891501964084207	0.7416026562690289	([553, 317], [564, 554, 553])
1	0.514002040535949	0.7416112238433864	([356, 339], [382, 356, 348])
1	0.7355728930644679	0.7416341961682407	([539, 318], [556, 539, 537])
1	0.6945072392105479	0.7417854238701257	([185, 33], [166, 69, 33])
1	0.5272901840092756	0.7419204023792062	([203, 111], [215, 203, 111])
1	0.6827263584705766	0.7419703188801429	([377, 206], [398, 385, 377])
1	0.7368899670944242	0.7420281940513029	([490, 409], [490, 464, 409])
1	0.6517853268878109	0.7424340432479967	([210, 123], [210, 144, 123])
1	0.6451743409237771	0.7426277016994788	([603, 341], [608, 603, 343])
1	0.6300903400362758	0.7427876731760011	([553, 210], [553, 537, 531])
1	0.7116205581345073	0.7428675471728391	([604, 484], [604, 573, 485])
1	0.7211189074197317	0.7429410643456488	([568, 343], [605, 568, 343])
1	0.7211864535815687	0.7430565821138946	([497, 195], [534, 501, 495])
1	0.7413131562491037	0.7430684336592658	([622, 438], [622, 445, 438])
1	0.7063849458243118	0.7430684336592658	([624, 482], [624, 622, 445])
1	0.7429336724897245	0.7430722997195554	([656, 480], [656, 480, 478])
1	0.7401026473880276	0.7434543868110413	([548, 393], [548, 393, 389])
1	0.6951856751811735	0.743539467023904	([634, 195], [643, 195, 174])
1	0.7362083536086603	0.743539467023904	([640, 174], [643, 624, 174])
1	0.7364197233251609	0.7436216287285623	([562, 500], [562, 532, 524])
1	0.7116316051605206	0.7436943501029339	([464, 417], [464, 435, 409])
1	0.7142278432056617	0.743783849930213	([434, 318], [424, 412, 389])
1	0.6895958315859302	0.7439845176615535	([386, 205], [386, 212, 205])
1	0.5610571358424961	0.7439845176615535	([357, 335], [386, 376, 212])
1	0.7422988135250752	0.7440160951079063	([164, 78], [145, 143, 78])
1	0.7289851094900115	0.7440512814075606	([607, 359], [607, 359, 343])
1	0.7105208281108124	0.7443084240898419	([528, 484], [544, 528, 484])
1	0.6397467444853633	0.7444135612826328	([548, 341], [562, 548, 524])
1	0.7002969335420935	0.744493176588984	([429, 383], [429, 423, 383])
1	0.5294258219088799	0.7445023687833541	([561, 331], [561, 342, 334])
1	0.7328937205183268	0.7445023687833541	([553, 342], [561, 553, 342])
1	0.7224230523893126	0.7447101875251039	([582, 524], [582, 576, 524])
1	0.7166132111864387	0.7447145658955484	([679, 622], [679, 672, 622])
1	0.7270915544981147	0.7448518467838768	([327, 54], [327, 79, 57])
1	0.6840920508389575	0.7449572562071908	([539, 205], [539, 320, 318])
1	0.7446896342101069	0.7451383915657455	([655, 623], [663, 655, 644])
1	0.7445179912328908	0.7453113867395764	([566, 350], [566, 350, 320])
1	0.6158736413574006	0.7453177607390322	([603, 208], [576, 552, 314])
1	0.7327448985800032	0.7453859403073145	([447, 346], [447, 350, 346])
1	0.6479838365183761	0.7455665818538793	([433, 206], [377, 362, 355])
1	0.7230923466966473	0.7456530401211606	([671, 472], [671, 636, 635])
1	0.7343790882521053	0.7457548327248368	([556, 347], [556, 488, 347])
1	0.5220312762096847	0.7458779922656907	([507, 207], [596, 585, 318])
1	0.7372448967548607	0.7459111312060901	([584, 543], [585, 584, 543])
1	0.6097017904843292	0.745953255788415	([412, 322], [412, 387, 375])
1	0.7353348030225964	0.7460843851849651	([625, 585], [625, 615, 603])
1	0.5954239814601932	0.7461902075542355	([324, 103], [324, 159, 108])
1	0.7206284498778756	0.7463502551090369	([613, 509], [613, 612, 509])
1	0.7039327234310029	0.746731199245322	([563, 471], [563, 546, 526])
1	0.733227450051874	0.746937574827126	([619, 443], [619, 618, 443])
1	0.721451430790053	0.7469752154297433	([636, 484], [640, 636, 481])
1	0.7299670255101812	0.747224199251123	([521, 308], [591, 521, 320])
1	0.7198843991078759	0.747281295758162	([488, 351], [548, 546, 347])
1	0.6918636949143149	0.7472874590237485	([687, 212], [687, 677, 648])
1	0.714126426787295	0.7473334944694997	([167, 20], [167, 71, 34])
1	0.7431533605847117	0.747338917134268	([676, 195], [682, 676, 195])
1	0.6730877525449188	0.7474062866855784	([318, 9], [319, 318, 17])
1	0.7457640062414542	0.7475247389185056	([593, 540], [593, 574, 540])
1	0.7464751291719304	0.747554617621035	([135, 31], [314, 135, 18])
1	0.62367722267954	0.747687092663545	([210, 67], [210, 181, 67])
1	0.7320907121293883	0.7477119038481319	([174, 4], [174, 166, 33])
1	0.7450873962442975	0.7478492562819541	([185, 80], [185, 100, 80])
1	0.7295379498339675	0.7479221286159965	([606, 416], [606, 560, 416])
1	0.7083607737128295	0.7479657409573656	([607, 502], [607, 576, 524])
1	0.551018866427719	0.7480096294357285	([621, 202], [621, 606, 205])
1	0.7434881133713231	0.7482005985362028	([476, 178], [476, 461, 181])
1	0.7167402005683939	0.7482811486360129	([557, 351], [557, 533, 525])
1	0.7482172656499058	0.7483295190046708	([377, 318], [379, 377, 318])
1	0.5305874935943012	0.7485066333461544	([319, 0], [319, 206, 192])
1	0.5216842752368928	0.7485066333461544	([207, 192], [319, 207, 192])
1	0.7374506159153791	0.7485947217529566	([609, 448], [623, 609, 448])
1	0.7398711068235763	0.7487097977472658	([646, 606], [653, 646, 606])
1	0.7476164044585629	0.7487278935810311	([667, 468], [667, 663, 468])
1	0.7439329858978463	0.7488332659040771	([517, 360], [517, 503, 314])
1	0.6807415411901233	0.7488819658156026	([648, 566], [638, 624, 566])
1	0.7453117494357319	0.7490435388728409	([657, 475], [657, 567, 482])
1	0.7464826414380897	0.7490435388728409	([651, 482], [657, 651, 482])
1	0.6496903030316152	0.7491642803307472	([341, 11], [341, 73, 11])
1	0.689908512199498	0.7492661483929293	([425, 215], [453, 430, 215])
1	0.749005144879833	0.7495441007047263	([681, 170], [686, 681, 178])
1	0.6922197542049057	0.7495701328513286	([549, 424], [560, 474, 416])
1	0.6393186758122982	0.7496948149767215	([210, 162], [159, 135, 24])
1	0.6484250342097342	0.7497311529864599	([210, 93], [210, 93, 67])
1	0.6881198517045276	0.7498013343048295	([605, 494], [605, 567, 482])
1	0.7093561117874142	0.7498523371166685	([683, 429], [680, 635, 474])
1	0.6322667885997472	0.7499040672587457	([584, 322], [612, 584, 504])
1	0.7456812720980056	0.7500547833491502	([487, 170], [487, 314, 173])
1	0.6427631124555371	0.7500757179053577	([618, 210], [618, 567, 565])
1	0.7373877637219911	0.7501902326698342	([600, 194], [600, 586, 194])
1	0.7451224358781116	0.7502927221853869	([439, 387], [439, 417, 387])
1	0.746780834154564	0.7503579536282381	([675, 624], [675, 659, 624])
1	0.7384473989449726	0.7506243520105721	([94, 11], [94, 82, 11])
1	0.6129748145135763	0.7506568563366607	([565, 0], [619, 494, 464])
1	0.7372052851439497	0.7506568563366607	([619, 493], [619, 494, 493])
1	0.7392726079817796	0.750678611924089	([472, 195], [501, 495, 472])
1	0.7318345857213536	0.7507339882073737	([583, 537], [583, 570, 569])
1	0.7343998318662602	0.7508287292929805	([614, 506], [614, 613, 506])
1	0.6747980328425026	0.7508894223516254	([327, 11], [318, 302, 15])
1	0.5445742872045887	0.7508894223516254	([317, 26], [318, 317, 15])
1	0.7509588530405339	0.7510057485122978	([544, 425], [544, 425, 397])
1	0.6290869043940274	0.7511047904036738	([504, 322], [584, 322, 204])
1	0.7251560604190366	0.7511706528662064	([664, 471], [664, 631, 625])
1	0.7440873070643717	0.7511906295823155	([622, 554], [624, 622, 561])
1	0.7257872978040342	0.7513341663442843	([377, 213], [377, 355, 212])
1	0.6393510581977773	0.7513897923043693	([654, 0], [654, 625, 621])
1	0.7455689664366776	0.7514505342702819	([490, 382], [490, 382, 352])
1	0.711505141539862	0.7518200971247839	([637, 437], [637, 622, 445])
1	0.749304340442876	0.7518783918516674	([643, 302], [669, 643, 637])
1	0.7349824229831639	0.7519362301465239	([544, 194], [544, 487, 484])
1	0.5561266340060503	0.7520369632739526	([324, 188], [324, 205, 186])
1	0.7340019340918563	0.7520683672207461	([141, 56], [333, 141, 61])
1	0.7467216666876826	0.7521594763010157	([634, 546], [634, 627, 563])
1	0.752018795177394	0.7522084543666196	([621, 547], [669, 626, 621])
1	0.7515653996490742	0.7524692728483112	([631, 441], [631, 627, 441])
1	0.7344047602333252	0.7524692728483112	([638, 441], [638, 627, 441])
1	0.7430616743972271	0.7525951428012821	([565, 481], [565, 536, 488])
1	0.7267930583290432	0.7526499208009073	([569, 430], [624, 569, 430])
1	0.7397708025718445	0.7528019504291781	([469, 167], [472, 469, 195])
1	0.7467473551847555	0.7528260142511373	([463, 327], [463, 459, 327])
1	0.7133428600157273	0.7528557261025225	([442, 351], [442, 420, 351])
1	0.7315856970412207	0.7530311392962219	([333, 61], [144, 130, 48])
1	0.7525648669854996	0.7530967859908275	([686, 620], [686, 632, 608])
1	0.5142711713376633	0.7532219714526921	([314, 195], [515, 320, 319])
1	0.749520461889849	0.753325682108497	([550, 497], [550, 536, 493])
1	0.726458229138269	0.7534827116330748	([467, 421], [467, 439, 421])
1	0.7513118514997419	0.7535345817583052	([550, 413], [550, 549, 413])
1	0.7278692025040084	0.7535784206158109	([636, 177], [648, 634, 177])
1	0.7198284931547242	0.7535998931666432	([669, 547], [621, 603, 576])
1	0.6305512569210128	0.7539353802662742	([564, 341], [548, 527, 524])
1	0.7411532591054925	0.7539434013803472	([521, 352], [507, 377, 352])
1	0.7486546444376662	0.7539985418695122	([473, 397], [473, 426, 423])
1	0.536944847375557	0.7540536586093781	([589, 203], [586, 538, 531])
1	0.7520392819201343	0.7542124383414437	([128, 58], [314, 128, 63])
1	0.7199939398951439	0.7543465546771011	([653, 205], [653, 624, 622])
1	0.6995080026088616	0.754547216926813	([205, 46], [205, 76, 40])
1	0.7382929948980578	0.7545724339949749	([549, 464], [549, 502, 464])
1	0.710178630600076	0.7545991985300656	([654, 462], [663, 624, 445])
1	0.7346903839657078	0.7545991985300656	([656, 463], [663, 656, 445])
1	0.7228048058732821	0.754673930316698	([621, 194], [672, 621, 547])
1	0.7229745536164011	0.7547210160514375	([664, 568], [652, 624, 620])
1	0.7504822597152226	0.7547317229280055	([674, 481], [680, 674, 481])
1	0.7359160735075723	0.7550049635240723	([660, 176], [660, 195, 175])
1	0.7435963030536195	0.7551780019293226	([624, 325], [624, 621, 325])
1	0.7381928605695409	0.7552136839381111	([658, 570], [658, 627, 570])
1	0.7282569738263979	0.7552217330404568	([685, 618], [685, 643, 637])
1	0.744611517889956	0.7552739498593187	([656, 614], [656, 623, 614])
1	0.7224995817164879	0.7552739498593187	([623, 180], [656, 629, 623])
1	0.7463995864170708	0.7553059086210402	([604, 352], [608, 604, 345])
1	0.755254726321206	0.7553059086210402	([630, 345], [630, 604, 345])
1	0.7261388340396439	0.7553104600333668	([205, 120], [314, 205, 120])
1	0.7161245885170403	0.755446452321615	([450, 194], [672, 663, 450])
1	0.7430282219145671	0.7556217911506456	([681, 465], [666, 638, 635])
1	0.7145410418873731	0.7556800341761923	([318, 188], [318, 188, 100])
1	0.7443550940105715	0.7557745423681235	([688, 561], [688, 687, 570])
1	0.7193191213903548	0.7558100814800334	([585, 497], [606, 577, 501])
1	0.7481787475528445	0.7559817642413091	([581, 499], [610, 581, 499])
1	0.7411354172745838	0.7560236241782017	([641, 438], [683, 641, 640])
1	0.6176432664275002	0.7560354658359273	([434, 322], [434, 412, 322])
1	0.7128357425343159	0.7561713655187206	([84, 4], [212, 91, 4])
1	0.5885227550927539	0.7562342752185232	([528, 208], [519, 314, 195])
1	0.7453505279755904	0.7564376308265504	([642, 170], [642, 634, 177])
1	0.739079092139792	0.7565776931287768	([439, 327], [640, 467, 463])
1	0.7097458933752084	0.7566459089139146	([676, 492], [676, 675, 492])
1	0.7379052920152183	0.7566691363045543	([425, 205], [411, 402, 205])
1	0.7503273134135422	0.7566983011943896	([646, 456], [659, 646, 456])
1	0.7275299250686363	0.7567370903503694	([640, 327], [640, 625, 327])
1	0.49682090340422796	0.7567995133800272	([319, 207], [319, 318, 59])
1	0.7324966772742141	0.757039201834666	([631, 558], [634, 631, 558])
1	0.692816519529943	0.7571012527971528	([314, 173], [487, 468, 170])
1	0.752330930041064	0.7572144895470466	([110, 10], [110, 64, 26])
1	0.7458593914448793	0.7572216432512259	([559, 348], [559, 497, 491])
1	0.7448131204212393	0.7572291365912128	([559, 441], [559, 557, 449])
1	0.756522471000762	0.7572945860797595	([621, 476], [621, 477, 476])
1	0.6736145329533513	0.7573133732269562	([326, 153], [326, 153, 6])
1	0.7570260426100566	0.7573773656000463	([551, 308], [566, 565, 308])
1	0.6959100242015649	0.7574699125547841	([318, 129], [318, 129, 105])
1	0.7437242064231042	0.7574736891532848	([645, 172], [645, 632, 172])
1	0.7331888874934869	0.7574736891532848	([569, 172], [682, 632, 172])
1	0.7302327502728876	0.7574869149994393	([504, 380], [504, 363, 356])
1	0.7550619226056391	0.7574869149994393	([515, 356], [515, 504, 356])
1	0.6439592416304598	0.7575052877323865	([450, 341], [447, 443, 346])
1	0.7417761327784606	0.7577679124896972	([480, 398], [480, 430, 419])
1	0.7077295972653003	0.7577824692051488	([675, 464], [676, 566, 491])
1	0.6582768886072206	0.7579229910137925	([468, 197], [487, 469, 167])
1	0.7382241236249216	0.7579543840392661	([81, 22], [81, 22, 4])
1	0.7557012933863442	0.758033992933555	([633, 421], [633, 487, 471])
1	0.531000867501816	0.7581669982779773	([508, 203], [508, 206, 204])
1	0.6155725408987283	0.7581669982779773	([508, 324], [508, 324, 204])
1	0.7564764815353647	0.7581881861021683	([528, 374], [504, 501, 374])
1	0.7419575348564139	0.7582367144107888	([636, 562], [636, 626, 562])
1	0.7278363340847006	0.7582419450048974	([407, 347], [403, 398, 347])
1	0.5695445627376492	0.7583554308291981	([203, 35], [203, 35, 22])
1	0.737970677080141	0.7583882901838062	([347, 205], [566, 347, 342])
1	0.7540255491864998	0.7583882901838062	([648, 347], [648, 566, 347])
1	0.7535364639612337	0.7583882901838062	([685, 347], [685, 566, 347])
1	0.7511992137961484	0.7584921223251014	([425, 382], [425, 407, 382])
1	0.7487386272801041	0.7586326023418586	([544, 397], [569, 544, 535])
1	0.7474325595714386	0.7586624503730828	([474, 325], [621, 619, 476])
1	0.7343760269610782	0.7587894777379449	([492, 348], [492, 490, 348])
1	0.7529729520119394	0.7587913205973531	([590, 405], [590, 405, 404])
1	0.6688220336498251	0.758801211285614	([565, 442], [565, 442, 431])
1	0.5425202443674797	0.7588750827493599	([498, 303], [498, 318, 204])
1	0.7372808854618522	0.7589195970138279	([186, 70], [314, 173, 70])
1	0.7367462811344141	0.7589244917363543	([614, 383], [614, 506, 320])
1	0.49573217586413537	0.7589678297057567	([78, 76], [309, 78, 5])
1	0.578267754934162	0.7589774416315542	([552, 208], [576, 528, 506])
1	0.7444932851252914	0.7590693311808664	([509, 327], [529, 509, 496])
1	0.7480150069649386	0.7590820128858137	([484, 418], [490, 484, 420])
1	0.7539052889056307	0.7591632669740896	([665, 486], [674, 665, 486])
1	0.7485857743740753	0.7592122947249715	([449, 168], [449, 439, 195])
1	0.7342409476170396	0.7593981715612704	([655, 173], [655, 642, 183])
1	0.7233223626146028	0.7594675389356003	([664, 182], [671, 652, 641])
1	0.7577367532476136	0.7595910976579132	([411, 350], [411, 350, 205])
1	0.7440428905513181	0.7596201789041138	([471, 378], [471, 419, 399])
1	0.7518783807838193	0.7596387846202062	([666, 389], [666, 442, 440])
1	0.7456796419907873	0.7596387846202062	([666, 440], [666, 565, 442])
1	0.747398188743405	0.7596516095868088	([215, 170], [324, 215, 188])
1	0.6152263752735249	0.7596585015698573	([324, 5], [324, 89, 5])
1	0.7160271443485741	0.7597985520825188	([478, 172], [655, 632, 478])
1	0.7573101896295953	0.7601406444099784	([633, 534], [633, 534, 491])
1	0.680983325698503	0.7601420549468937	([678, 318], [655, 319, 173])
1	0.7476697027447387	0.7602514294583729	([632, 532], [632, 569, 554])
1	0.5732509820185727	0.7602725150747545	([432, 208], [453, 429, 195])
1	0.6619883145647775	0.7604699945506925	([653, 341], [677, 653, 642])
1	0.7444995521530443	0.7605783418147718	([551, 384], [551, 525, 384])
1	0.6805362066463793	0.7606132869876034	([318, 164], [318, 163, 27])
1	0.7236629309886984	0.7606713776605166	([555, 419], [555, 550, 434])
1	0.7473705652173832	0.760859338484543	([622, 308], [622, 557, 308])
1	0.7556998039496527	0.7609045283059819	([464, 347], [464, 447, 344])
1	0.7549031799207223	0.7610111126897812	([492, 176], [486, 485, 179])
1	0.7522015328563919	0.7614281317830431	([582, 477], [582, 477, 463])
1	0.7091853504387892	0.7614349201800522	([630, 447], [636, 472, 195])
1	0.7561990952515387	0.7614439481899047	([524, 429], [524, 500, 429])
1	0.5725487090671807	0.761493103471988	([535, 317], [529, 505, 495])
1	0.7611377897510868	0.7614989950664028	([602, 486], [602, 568, 562])
1	0.7361993801471587	0.761560359932002	([502, 441], [493, 489, 441])
1	0.7422789484024367	0.7616070618045321	([625, 344], [627, 625, 344])
1	0.7249053088054479	0.7617034453181696	([484, 383], [484, 435, 420])
1	0.7513378244910047	0.761811028758827	([571, 429], [571, 557, 429])
1	0.747742973161757	0.761882567185891	([645, 582], [645, 628, 572])
1	0.7352254905889359	0.7619232786610484	([659, 308], [659, 624, 566])
1	0.7440666036348603	0.7620017189935493	([637, 483], [637, 489, 483])
1	0.7610703754749443	0.7620408106665651	([526, 386], [526, 386, 348])
1	0.6278427583467867	0.7620422048385357	([210, 24], [210, 93, 29])
1	0.7490178978702038	0.762223381455153	([548, 465], [548, 524, 465])
1	0.7414462041790018	0.7622893110201566	([186, 39], [186, 103, 19])
1	0.7500831832443946	0.7624815533768916	([644, 33], [659, 644, 185])
1	0.7546374190559116	0.7625411544676375	([669, 424], [669, 666, 389])
1	0.4998434504073574	0.762610903371823	([331, 139], [331, 139, 85])
1	0.7578780131208156	0.7626886157476563	([645, 454], [645, 633, 572])
1	0.7540388296291951	0.762708402978284	([213, 172], [213, 183, 172])
1	0.7460834137471227	0.7627754896199547	([497, 388], [497, 388, 348])
1	0.7610715588445864	0.7628858386737206	([674, 168], [684, 674, 168])
1	0.760354121989403	0.7629675270894885	([153, 59], [153, 59, 46])
1	0.7409482775348699	0.763154734444399	([442, 397], [442, 438, 397])
1	0.7594882531504443	0.763154734444399	([449, 397], [449, 438, 397])
1	0.7531965844135131	0.7632143384553421	([308, 184], [308, 195, 189])
1	0.4818049820977105	0.7633735947318844	([614, 330], [614, 589, 585])
1	0.7549375528091768	0.7635869519300849	([377, 194], [377, 365, 194])
1	0.7605575106730411	0.7636471716083076	([634, 427], [634, 468, 426])
1	0.7553161514172576	0.7636830536251782	([440, 177], [440, 195, 189])
1	0.5437241898757825	0.7638001188985818	([386, 203], [531, 526, 386])
1	0.7477609182295752	0.763808192864611	([536, 445], [547, 536, 445])
1	0.761872011848515	0.7639301689149852	([184, 66], [184, 81, 70])
1	0.7380585147146058	0.7639444721985313	([302, 50], [302, 50, 15])
1	0.7614307708918642	0.764044170661469	([674, 548], [674, 548, 465])
1	0.749731829157078	0.7642243044611488	([430, 319], [430, 427, 319])
1	0.74302867337036	0.764352140967231	([461, 181], [606, 487, 476])
1	0.744022475423398	0.7643966296498091	([302, 88], [302, 204, 88])
1	0.7209379222262785	0.7643966296498091	([308, 88], [308, 204, 88])
1	0.7528855784761734	0.7645485266792128	([473, 308], [494, 473, 308])
1	0.754830523980565	0.7646913820944736	([547, 358], [531, 507, 358])
1	0.7216721666931282	0.7647847894732875	([171, 44], [195, 171, 165])
1	0.7570859000899919	0.7647875234036715	([428, 181], [461, 431, 181])
1	0.6156185440754366	0.7648884623844414	([618, 199], [618, 548, 492])
1	0.5372851136673508	0.7649344469727688	([369, 317], [507, 504, 355])
1	0.7499642961413465	0.7650183995660151	([451, 343], [451, 449, 343])
1	0.5865309271114009	0.7650809677041639	([499, 208], [528, 499, 484])
1	0.6287328190256324	0.7650840443481701	([427, 0], [573, 490, 427])
1	0.748320489589982	0.7651056859572285	([532, 352], [532, 507, 494])
1	0.6301685437954379	0.7651540492244089	([690, 327], [690, 620, 606])
1	0.7647418699327089	0.7651684380290033	([549, 350], [549, 507, 350])
1	0.7590710076574506	0.765233007271401	([429, 166], [429, 380, 346])
1	0.5610472290943485	0.7652454358449462	([505, 317], [553, 535, 527])
1	0.7609312276722539	0.7653026620488014	([58, 6], [58, 35, 17])
1	0.5741512585806521	0.7654424027475963	([378, 202], [378, 320, 205])
1	0.674995474361161	0.7655589070468749	([675, 206], [675, 494, 464])
1	0.7635123653985282	0.7655695559696329	([448, 385], [455, 448, 385])
1	0.7506359854765894	0.7658396362768564	([147, 55], [207, 147, 57])
1	0.5318184788180322	0.7660418707826441	([203, 53], [203, 53, 35])
1	0.7510071586767788	0.7660930333055423	([667, 171], [667, 636, 171])
1	0.749054146185145	0.7661032207426233	([346, 166], [633, 490, 346])
1	0.6655448639373631	0.766138410781372	([649, 314], [649, 314, 192])
1	0.7523427611416642	0.7664277824817338	([172, 11], [172, 166, 11])
1	0.7362918376753564	0.7664605891061526	([605, 180], [605, 195, 181])
1	0.7642265091584354	0.7664860342514751	([677, 616], [677, 635, 626])
1	0.732529253233881	0.7665498879680207	([641, 189], [658, 641, 189])
1	0.7623828090473009	0.7667777496817174	([686, 471], [686, 682, 471])
1	0.7337070172855934	0.7668924662323893	([441, 167], [487, 421, 415])
1	0.6380899829710521	0.7669956054008207	([363, 210], [514, 363, 314])
1	0.7337606252408099	0.7671979929217525	([553, 444], [571, 566, 444])
1	0.6275761791300449	0.7672039501500542	([442, 334], [430, 347, 319])
1	0.7643592339529254	0.767308636052907	([213, 33], [213, 172, 33])
1	0.7325493100290019	0.7673700877561606	([546, 423], [548, 546, 435])
1	0.7652816413266855	0.767486463317274	([581, 391], [581, 566, 391])
1	0.761368761357326	0.7675615177028453	([517, 393], [528, 517, 393])
1	0.6559158790096719	0.7676497551288871	([412, 318], [434, 427, 319])
1	0.7478115151510708	0.7677650694196098	([155, 75], [155, 135, 75])
1	0.7663599486830656	0.7680417953395702	([490, 174], [640, 490, 481])
1	0.7668759444545832	0.76804856428519	([670, 449], [685, 678, 449])
1	0.7661219588266069	0.7680621619086483	([530, 451], [530, 495, 451])
1	0.7656206967570635	0.7681314130523452	([578, 519], [584, 578, 519])
1	0.7515524519031811	0.7682041160739025	([629, 559], [629, 608, 559])
1	0.7642703529021814	0.7682041160739025	([686, 559], [686, 608, 559])
1	0.7390302819579488	0.7682232579175848	([674, 609], [674, 637, 609])
1	0.6093736753948839	0.7682256083319378	([435, 207], [435, 427, 319])
1	0.7663786294835755	0.7682859699530881	([194, 57], [194, 57, 53])
1	0.7379672250754266	0.7682859699530881	([194, 31], [195, 194, 53])
1	0.7623271888508137	0.7682898523951742	([101, 1], [101, 74, 23])
1	0.7448126300359194	0.7684640935795615	([183, 82], [183, 166, 96])
1	0.7613888260068237	0.768500733887614	([574, 386], [590, 574, 404])
1	0.7608902676751378	0.7685168308839988	([171, 3], [185, 171, 3])
1	0.7652547689238657	0.7685374442892084	([589, 374], [589, 580, 320])
1	0.7627858147271874	0.7688044124841579	([474, 182], [636, 474, 171])
1	0.7586744833637311	0.7688551015244528	([498, 408], [498, 420, 408])
1	0.7550508500064383	0.7689619339477508	([138, 52], [138, 52, 39])
1	0.7688836154130533	0.7690420123699906	([583, 471], [583, 572, 471])
1	0.7427555864594134	0.769075425113102	([685, 449], [670, 636, 621])
1	0.7139311857284202	0.7693732139889383	([484, 327], [604, 484, 327])
1	0.7617478550939853	0.7695057496352502	([684, 488], [684, 677, 616])
1	0.7649750315788112	0.7695092248007037	([628, 469], [628, 557, 479])
1	0.7629238715942579	0.7695567206203925	([538, 476], [538, 493, 489])
1	0.7677903655097286	0.769645397937853	([632, 452], [632, 478, 452])
1	0.7600397346186122	0.7698113074423294	([586, 413], [586, 550, 497])
1	0.7577255253460669	0.770101607555962	([327, 181], [456, 431, 181])
1	0.7478470304100853	0.7703786673436275	([629, 182], [629, 621, 182])
1	0.748526070432491	0.7703840070170935	([662, 553], [662, 608, 544])
1	0.7685676839136579	0.770444854573428	([665, 139], [665, 642, 183])
1	0.7559897422705045	0.770456378457186	([555, 182], [566, 555, 182])
1	0.6132259744301258	0.7704619498734067	([616, 334], [616, 580, 566])
1	0.7693090702322459	0.7705646737657552	([594, 518], [594, 580, 518])
1	0.7216613077570758	0.7706621106660532	([487, 194], [487, 195, 194])
1	0.764267054174791	0.7708041870655774	([678, 575], [678, 622, 575])
1	0.7611936645239242	0.7708877999129595	([548, 186], [548, 195, 192])
1	0.7705562633727154	0.7711625157944495	([625, 533], [625, 533, 344])
1	0.7560966577039181	0.7712305556421986	([625, 428], [625, 474, 416])
1	0.7538935878648502	0.7713181639768186	([538, 362], [538, 364, 362])
1	0.7095529385219618	0.7713239832125244	([395, 327], [439, 409, 327])
1	0.7468299740214597	0.7713298033076448	([549, 367], [549, 367, 346])
1	0.7456691862627121	0.771352948445186	([320, 69], [320, 205, 83])
1	0.7648243513863984	0.7713559959279638	([174, 79], [174, 79, 33])
1	0.7195946747696186	0.7714615366629297	([652, 182], [671, 623, 182])
1	0.7449475232578247	0.7719027083479271	([617, 188], [655, 623, 617])
1	0.6966636803532351	0.7719675589547323	([672, 194], [621, 544, 543])
1	0.7655298341633862	0.7721496536271516	([582, 389], [582, 527, 389])
1	0.7229925877962167	0.7722666905559507	([529, 327], [549, 538, 327])
1	0.7460660298595111	0.7724489571651245	([127, 15], [132, 127, 15])
1	0.7575687320302206	0.7727287479576173	([154, 29], [154, 142, 33])
1	0.7503071698690853	0.772745399657866	([430, 20], [430, 215, 9])
1	0.6258635429448005	0.7727481537122548	([649, 197], [649, 622, 615])
1	0.7502773570096157	0.7727717567302277	([175, 73], [175, 172, 73])
1	0.747481319262428	0.7728165675371818	([490, 325], [490, 477, 346])
1	0.7611526780466087	0.7728909080779128	([512, 357], [613, 506, 357])
1	0.7672159438259148	0.7729064509043468	([489, 356], [489, 356, 212])
1	0.7473127207367231	0.7730607583470268	([671, 530], [671, 608, 530])
1	0.7435031768064003	0.7731401231014844	([472, 183], [640, 467, 419])
1	0.4963627482977882	0.7733759074241855	([209, 205], [209, 205, 80])
1	0.7488912981576414	0.7735945167996527	([438, 359], [438, 397, 376])
1	0.7464332587073353	0.7735966067733646	([684, 451], [684, 624, 451])
1	0.7558270788513577	0.7739208331036117	([668, 457], [668, 651, 447])
1	0.7276504364724968	0.7741004774550458	([602, 348], [606, 602, 348])
1	0.7559451542063816	0.7742495088378452	([467, 175], [682, 471, 175])
1	0.771722911920732	0.7744677044832055	([599, 480], [619, 599, 480])
1	0.6075586541289983	0.7745436273088706	([433, 209], [572, 490, 433])
1	0.772740036336378	0.7746828680776291	([613, 5], [613, 195, 9])
1	0.7721116289438799	0.7747081034770241	([563, 366], [563, 366, 344])
1	0.7382182768202512	0.7748450804632058	([673, 485], [673, 644, 485])
1	0.5599005911919451	0.7748993573136315	([352, 317], [385, 352, 351])
1	0.7477576385817611	0.7750061408590717	([545, 388], [545, 528, 388])
1	0.4884935978612693	0.7751297760619812	([505, 338], [611, 524, 505])
1	0.7482755848900777	0.7751800862648611	([669, 302], [669, 462, 389])
1	0.5217302957832637	0.7756160702280639	([591, 331], [591, 516, 508])
1	0.7517734527642782	0.7757887024085163	([457, 325], [490, 436, 427])
1	0.7653424525686575	0.7761269607378652	([679, 473], [679, 638, 488])
1	0.7657847166093539	0.7761694719966268	([546, 168], [546, 399, 195])
1	0.754162066771338	0.7762172990610354	([176, 16], [176, 39, 16])
1	0.5525115595238311	0.776225818227355	([559, 203], [598, 559, 320])
1	0.7687188081377917	0.7762928437747796	([640, 579], [640, 579, 571])
1	0.7722779985969962	0.7763515242214558	([308, 24], [308, 55, 28])
1	0.7707819345169103	0.7763679546040578	([178, 35], [186, 178, 35])
1	0.7381189844259065	0.7764043544012629	([567, 167], [642, 567, 167])
1	0.7552803693990162	0.7764830427791032	([629, 433], [629, 490, 477])
1	0.7591308375030253	0.7767386018008428	([599, 378], [612, 596, 378])
1	0.7711139273894883	0.7767639475193086	([392, 308], [392, 384, 308])
1	0.7764306187362509	0.7769017805093497	([440, 358], [440, 429, 358])
1	0.7747088134644587	0.777252123956943	([686, 502], [690, 686, 502])
1	0.5055749687818699	0.7772969218692856	([328, 53], [328, 107, 58])
1	0.6600477821181568	0.7773663533756134	([341, 164], [341, 153, 62])
1	0.7766722468704929	0.7775824980968882	([424, 173], [439, 424, 173])
1	0.761292709773795	0.7776804098552651	([491, 169], [491, 474, 180])
1	0.7345570171649034	0.7776950054592856	([448, 169], [625, 466, 169])
1	0.7675634937686766	0.7777556551242536	([488, 13], [488, 429, 13])
1	0.7706300500310552	0.7778017842877769	([633, 387], [633, 480, 421])
1	0.7697904320441789	0.7778199313160759	([620, 390], [620, 457, 426])
1	0.7369582261040659	0.7778199313160759	([620, 426], [623, 620, 457])
1	0.7540915408709735	0.7778207285945733	([485, 37], [485, 37, 32])
1	0.7669993154393597	0.7779491751521923	([412, 174], [490, 408, 407])
1	0.743827785463148	0.7779491751521923	([595, 408], [609, 490, 408])
1	0.7775148690319631	0.7779982269212656	([672, 579], [684, 672, 579])
1	0.7642179999670246	0.7780037464354749	([393, 74], [393, 384, 308])
1	0.7664225972161747	0.7781422214807506	([675, 413], [675, 626, 413])
1	0.7151249695068512	0.7783363319367259	([555, 302], [555, 487, 302])
1	0.7691347704302844	0.778681134572773	([459, 188], [459, 457, 188])
1	0.7701191694434126	0.7787039912992411	([491, 367], [491, 459, 347])
1	0.7528242822675203	0.7787675571219282	([606, 95], [566, 181, 95])
1	0.7696657420372389	0.7787917082654315	([214, 21], [215, 214, 7])
1	0.765579146200952	0.7790529484909188	([687, 409], [687, 562, 409])
1	0.7045095993239181	0.7790637818034588	([675, 320], [660, 469, 320])
1	0.7767517209649287	0.7791506632983622	([535, 427], [535, 427, 417])
1	0.757617257420226	0.7792840692050557	([636, 415], [636, 415, 195])
1	0.7721333744732938	0.779288831765915	([658, 387], [658, 480, 387])
1	0.7652141461112667	0.7792925335010732	([530, 174], [568, 530, 174])
1	0.7258912262721645	0.7793304259007695	([532, 437], [532, 486, 436])
1	0.7707487653645297	0.7794490171020864	([594, 385], [604, 594, 385])
1	0.7717972405668353	0.7798036500173384	([525, 184], [549, 525, 346])
1	0.766864333475346	0.7798591290436095	([680, 192], [680, 448, 192])
1	0.7561944787943374	0.7799357029902018	([668, 416], [668, 643, 416])
1	0.7648260496919442	0.7799531624580698	([352, 172], [619, 352, 343])
1	0.7008094292185156	0.779994293478748	([630, 318], [630, 610, 604])
1	0.7298172614225967	0.7800948118058749	([688, 318], [688, 655, 642])
1	0.7752998121983216	0.7801047013830309	([689, 629], [689, 629, 327])
1	0.749234091754447	0.7801334475590654	([426, 361], [426, 411, 361])
1	0.7506917631230368	0.7804269886235004	([655, 213], [688, 668, 213])
1	0.6452174859874182	0.7805142711947242	([387, 326], [387, 326, 319])
1	0.7765567076344174	0.7805512545028126	([405, 213], [604, 575, 213])
1	0.7667239782130927	0.7805569174951872	([622, 412], [622, 436, 391])
1	0.5903272631031631	0.7805849447748107	([651, 322], [651, 448, 434])
1	0.6447194491775512	0.7806811794611144	([589, 210], [589, 540, 537])
1	0.5541854253129641	0.780708446356362	([644, 317], [644, 485, 352])
1	0.7519760218415448	0.7812121509967332	([631, 188], [631, 617, 492])
1	0.7772211700550836	0.7812240308550682	([391, 172], [410, 391, 172])
1	0.527767247259837	0.7812357575090842	([201, 161], [214, 201, 161])
1	0.768804361738855	0.7813802597933289	([581, 368], [581, 551, 368])
1	0.7651685366125297	0.7814691261747007	([620, 213], [549, 530, 213])
1	0.5146927572042471	0.7814979979527922	([203, 5], [203, 180, 53])
1	0.7780227209304017	0.7817610394306588	([343, 215], [524, 343, 215])
1	0.7759239308945773	0.781815850328046	([665, 347], [665, 656, 347])
1	0.7711455805946063	0.7819658996460462	([668, 574], [668, 633, 571])
1	0.5049859064285127	0.7820511315054325	([188, 185], [328, 192, 107])
1	0.7466052160352571	0.7820532803705392	([668, 213], [213, 33, 24])
1	0.7706764277124959	0.7822119465377894	([540, 407], [540, 407, 347])
1	0.7723358814301678	0.7823084779482948	([677, 599], [677, 616, 614])
1	0.7707784637631145	0.7823717309752128	([616, 351], [616, 494, 351])
1	0.7765821511038226	0.782667139637924	([527, 32], [557, 308, 184])
1	0.7603459583035914	0.782667139637924	([549, 184], [557, 525, 184])
1	0.7642284713403735	0.7828585703873305	([556, 183], [556, 494, 183])
1	0.6130621171315407	0.7828772841703214	([361, 208], [361, 348, 308])
1	0.7749249634554931	0.7828927437877808	([358, 184], [549, 358, 346])
1	0.48177222555570676	0.7832905636747803	([327, 308], [317, 308, 26])
1	0.7821551900443594	0.7835231713045812	([462, 354], [462, 438, 355])
1	0.515876156206934	0.7836342677236786	([508, 331], [499, 344, 341])
1	0.7745182006329021	0.7838356987251819	([625, 22], [654, 625, 22])
1	0.7672382695826648	0.7839058992462141	([547, 404], [555, 547, 404])
1	0.7811035353044289	0.7839847637617937	([460, 93], [460, 179, 171])
1	0.507730183972202	0.7840664376522143	([203, 189], [215, 203, 22])
1	0.7821357053017686	0.784098108032022	([596, 462], [606, 596, 462])
1	0.7338115462289464	0.7843498903995986	([652, 215], [652, 445, 425])
1	0.7791657012907945	0.7844620033941467	([582, 407], [582, 407, 399])
1	0.7440290649907325	0.784509400309447	([659, 496], [659, 571, 496])
1	0.7641886565633234	0.7847693143580684	([489, 168], [489, 212, 188])
1	0.7685570399179067	0.7847693143580684	([559, 188], [559, 489, 188])
1	0.6064196529459778	0.7850446247256146	([422, 207], [435, 422, 408])
1	0.774271552305123	0.7850633220784831	([686, 69], [686, 173, 166])
1	0.7536651464482321	0.785067946518056	([451, 366], [451, 391, 366])
1	0.7839724314198928	0.7851723675061082	([480, 31], [480, 185, 175])
1	0.7827269911265378	0.785293800088857	([676, 382], [676, 491, 382])
1	0.7496097078423622	0.7855442961971187	([485, 1], [485, 197, 2])
1	0.7716579184119021	0.785687876076863	([499, 426], [546, 499, 426])
1	0.4883421956227383	0.7859572403334428	([572, 200], [602, 572, 348])
1	0.7685602985324459	0.7860847299632405	([635, 540], [635, 556, 539])
1	0.7803325797134079	0.7862171339369891	([436, 33], [638, 464, 33])
1	0.7703995296791987	0.7862286928118629	([551, 98], [551, 308, 98])
1	0.7809035599901964	0.7863026014174829	([386, 96], [626, 180, 170])
1	0.65927119970161	0.7863318239943344	([686, 0], [686, 619, 502])
1	0.7857496293542074	0.7863973220499583	([538, 176], [538, 327, 180])
1	0.7830594121484488	0.7867049790179307	([661, 386], [661, 552, 386])
1	0.7458399986665001	0.787012356386416	([579, 387], [579, 525, 387])
1	0.6373201775359242	0.7873436533982426	([677, 341], [677, 549, 548])
1	0.7828429823358874	0.7874691141529016	([591, 375], [591, 375, 308])
1	0.6131500213230168	0.787476066765359	([537, 210], [567, 553, 444])
1	0.6178158094965863	0.7875244608019312	([514, 210], [363, 210, 204])
1	0.7421799193604576	0.7876444189706383	([400, 194], [400, 368, 353])
1	0.7749005183695347	0.7876734805590817	([492, 402], [556, 492, 402])
1	0.5159429761993108	0.78781120314774	([330, 2], [330, 92, 2])
1	0.7632488414188622	0.7879852109042312	([493, 186], [495, 493, 186])
1	0.48461252098907953	0.7881251589722532	([309, 5], [338, 136, 6])
1	0.7785284052403882	0.7881361985134521	([528, 33], [528, 352, 346])
1	0.7851959618500798	0.7883850159626321	([592, 381], [592, 549, 393])
1	0.7492207529752305	0.7884844873037858	([670, 551], [670, 559, 551])
1	0.7306349287917182	0.7886846167551232	([333, 163], [333, 204, 163])
1	0.787426073206009	0.7888333567339936	([617, 360], [617, 491, 386])
1	0.5276949299562769	0.7889534712055426	([303, 179], [303, 187, 179])
1	0.6501416782618973	0.7889652928345245	([326, 6], [326, 79, 6])
1	0.7655364289023943	0.7893977167169931	([682, 538], [682, 566, 538])
1	0.7712441040981496	0.7895125333922469	([447, 71], [447, 181, 174])
1	0.6332563816504865	0.7897987412937068	([662, 334], [662, 419, 346])
1	0.786233442803204	0.78990253610719	([671, 17], [671, 640, 182])
1	0.7729984407313971	0.7899473958736927	([462, 69], [449, 435, 69])
1	0.7322650255820855	0.7899475892860388	([353, 194], [400, 212, 195])
1	0.7736472556730368	0.7899841330959181	([407, 82], [550, 407, 383])
1	0.7876437817655305	0.7901117798828409	([584, 35], [584, 549, 213])
1	0.7626574751748788	0.7901857536960262	([442, 40], [480, 442, 34])
1	0.5214786800609481	0.7902880064658495	([203, 139], [203, 189, 139])
1	0.7891124994094078	0.7904283210131587	([473, 21], [473, 308, 21])
1	0.7854346045734247	0.7904543949399684	([509, 214], [509, 314, 205])
1	0.7714321801461612	0.7906268146718538	([618, 42], [618, 532, 42])
1	0.7532984047635819	0.7907498585400066	([449, 66], [462, 320, 302])
1	0.7085962927220636	0.791028551421985	([484, 215], [484, 382, 354])
1	0.7653636546890897	0.7913036699757412	([532, 37], [618, 168, 42])
1	0.5888507215672216	0.7913251561008615	([564, 322], [564, 513, 322])
1	0.7800736632385349	0.7914790779024071	([665, 590], [665, 603, 590])
1	0.7907397779525083	0.7916666977050142	([670, 31], [670, 180, 31])
1	0.5126195511969256	0.791964003948966	([369, 331], [508, 369, 331])
1	0.7747475988489946	0.7924958802964102	([545, 35], [559, 545, 35])
1	0.788862181559516	0.7925333331084916	([657, 546], [673, 657, 546])
1	0.5258662181789274	0.7928922215132251	([314, 213], [317, 213, 26])
1	0.7795066333234543	0.7931970515244476	([445, 70], [445, 213, 70])
1	0.49538751253254837	0.7932935793650308	([312, 109], [312, 160, 80])
1	0.7778434147488038	0.7933827927776518	([631, 72], [631, 188, 167])
1	0.6368962671293269	0.7934119226608689	([689, 341], [689, 677, 565])
1	0.7875563715542081	0.7935564979278809	([457, 83], [485, 457, 83])
1	0.7792496484618534	0.7935754316824453	([599, 439], [599, 439, 195])
1	0.6109805761374244	0.7936886520330284	([567, 210], [567, 210, 179])
1	0.7844131644605856	0.7938392707123326	([674, 367], [674, 485, 367])
1	0.7834422224153498	0.7938852414412448	([688, 493], [688, 570, 493])
1	0.5794171135801504	0.7939576664371464	([522, 199], [591, 522, 331])
1	0.7683101592882385	0.7940234348248195	([630, 103], [630, 474, 180])
1	0.6462634274904894	0.7943059094725574	([361, 0], [361, 319, 308])
1	0.7637957670895463	0.7944023199872834	([435, 12], [435, 195, 12])
1	0.5533215353274303	0.7948204283638672	([211, 206], [211, 206, 9])
1	0.6071716408774579	0.7948204283638672	([210, 179], [211, 210, 9])
1	0.7194485029887238	0.7948204283638672	([318, 211], [318, 211, 9])
1	0.769318049534547	0.7948668948210684	([574, 33], [574, 435, 12])
1	0.7766985333023391	0.7948668948210684	([571, 12], [574, 571, 12])
1	0.5708985555923726	0.795241485040254	([335, 163], [335, 163, 120])
1	0.7890797358212951	0.7954542610527985	([507, 325], [507, 506, 325])
1	0.7928594067940553	0.7955377497213235	([450, 364], [450, 364, 350])
1	0.7538646456018826	0.7955780465889045	([440, 302], [555, 440, 343])
1	0.6389853414238268	0.795588836671786	([473, 326], [470, 461, 205])
1	0.7924659321083539	0.7956676607115093	([457, 38], [621, 457, 38])
1	0.6351195236583482	0.7957982574520605	([324, 60], [324, 159, 60])
1	0.7820958742826656	0.7960704210939121	([456, 82], [466, 456, 82])
1	0.7644632358975832	0.7961294105133797	([532, 93], [632, 450, 93])
1	0.5994480677493897	0.7962323271863856	([335, 23], [335, 160, 23])
1	0.7745448555271309	0.7964823515789803	([491, 36], [491, 180, 36])
1	0.6109895870223174	0.7964952447400057	([432, 210], [432, 210, 179])
1	0.7928796899457892	0.7967786216385943	([651, 410], [651, 472, 414])
1	0.7785690284549818	0.7967839949634705	([678, 426], [679, 678, 426])
1	0.5087111491835543	0.7969345105618713	([540, 338], [540, 505, 338])
1	0.7733567777780006	0.7969901163882116	([689, 188], [689, 565, 188])
1	0.7852674314063024	0.7973421671134501	([475, 65], [686, 475, 173])
1	0.7732500965193936	0.7975813341311869	([642, 409], [687, 642, 482])
1	0.7840606644921281	0.7977290036279892	([492, 73], [492, 468, 350])
1	0.7533416783498383	0.797731934051632	([177, 17], [177, 167, 81])
1	0.7894168086141639	0.7978942419435281	([399, 62], [399, 215, 62])
1	0.538715952555096	0.7981422790851125	([202, 163], [215, 202, 163])
1	0.5162632372278397	0.7986630761098903	([328, 148], [328, 148, 58])
1	0.5558594568964157	0.798708338950308	([201, 99], [201, 151, 99])
1	0.7904849826631458	0.7987390679911426	([621, 3], [649, 621, 38])
1	0.7714551722246115	0.7987405820126754	([382, 175], [382, 195, 175])
1	0.7700893595015282	0.7987405820126754	([382, 4], [382, 342, 195])
1	0.798051589473577	0.798796088177466	([589, 414], [589, 414, 383])
1	0.6090167624105047	0.798883112347619	([208, 127], [208, 160, 127])
1	0.7882859288202145	0.7990096780957492	([688, 351], [688, 676, 351])
1	0.7868154524879679	0.799583040738878	([632, 359], [632, 566, 466])
1	0.7898515537722787	0.7997163884034127	([682, 377], [682, 471, 397])
1	0.7776699370452657	0.7998241772338099	([629, 4], [629, 185, 4])
1	0.7988376632073005	0.7998560902194808	([535, 74], [535, 501, 74])
1	0.7729850637905904	0.7999370037311534	([468, 73], [543, 492, 73])
1	0.791658398974852	0.7999600326450442	([458, 97], [458, 182, 176])
1	0.7843641342223096	0.7999762268857167	([482, 118], [482, 345, 118])
1	0.7916007111941524	0.8001635542653496	([398, 33], [638, 413, 398])
1	0.7854751783541011	0.8002383439295612	([405, 171], [427, 405, 171])
1	0.7749675972155603	0.8003205368836793	([344, 35], [344, 195, 32])
1	0.7909194480865015	0.8004168071180877	([637, 47], [566, 95, 74])
1	0.58593477501378	0.8005290547116195	([350, 199], [591, 350, 320])
1	0.7960685455506169	0.8007345507838782	([553, 34], [566, 553, 34])
1	0.7885202637533428	0.8007345507838782	([632, 34], [632, 566, 34])
1	0.7603139624165354	0.800850826409901	([490, 3], [490, 469, 3])
1	0.5841900353986041	0.800945177850645	([589, 207], [589, 507, 320])
1	0.794921982247681	0.8010311421767544	([663, 15], [663, 63, 35])
1	0.7759287394470998	0.8011088407979017	([653, 31], [670, 653, 621])
1	0.7944136098373481	0.8016511831454527	([585, 94], [585, 549, 94])
1	0.8015168468223074	0.8021207920662221	([572, 43], [687, 572, 43])
1	0.5130795979720854	0.8025413138435132	([446, 328], [454, 384, 328])
1	0.5189735507852572	0.8028102886522279	([309, 152], [309, 152, 5])
1	0.7459732022875504	0.8029885358162401	([325, 173], [621, 325, 173])
1	0.8013074032722669	0.8031375522379808	([423, 81], [423, 407, 81])
1	0.7944277613004177	0.8032469774966455	([607, 46], [607, 533, 344])
1	0.7951986610742604	0.803382225768369	([628, 86], [628, 172, 75])
1	0.7927542639544098	0.8040524923496687	([427, 109], [427, 213, 109])
1	0.7949234811676322	0.8040723820831791	([563, 128], [563, 185, 128])
1	0.6555802497804146	0.8042889082738168	([322, 7], [322, 140, 7])
1	0.7761026665878669	0.80433324716771	([640, 17], [671, 656, 13])
1	0.7888387135661447	0.8045135402390605	([637, 118], [675, 637, 459])
1	0.8041814713964164	0.8047194587570441	([658, 24], [658, 471, 24])
1	0.7847585896468303	0.8048246945679857	([482, 67], [482, 188, 162])
1	0.7877717290971565	0.8048299134489494	([652, 379], [652, 458, 379])
1	0.798039678938655	0.8049023991197778	([452, 39], [452, 94, 73])
1	0.7950495253035861	0.8049023991197778	([452, 94], [452, 167, 73])
1	0.5206021945797606	0.8049530652831296	([679, 331], [679, 342, 331])
1	0.7293762720492301	0.805082480468805	([671, 308], [671, 659, 620])
1	0.7380658008912565	0.8051610547395958	([390, 94], [460, 390, 94])
1	0.79088320368361	0.8054777419320249	([488, 64], [488, 180, 36])
1	0.8040874987789277	0.8054880758734367	([441, 36], [452, 441, 39])
1	0.7895449932295449	0.8055214513323654	([568, 11], [568, 487, 74])
1	0.800100384863585	0.8056329107308349	([504, 66], [504, 387, 353])
1	0.8021253081425326	0.8056741107578599	([365, 109], [365, 213, 212])
1	0.8020546334825143	0.806042961991133	([417, 43], [445, 417, 70])
1	0.799529374973938	0.806125733116392	([388, 91], [388, 188, 186])
1	0.571851691478059	0.8064311127905145	([496, 202], [621, 496, 352])
1	0.7847045123409603	0.806487586672811	([460, 214], [460, 446, 214])
1	0.8027998923086689	0.8066679893322988	([436, 101], [440, 436, 101])
1	0.8048055531074959	0.8067960078647515	([416, 73], [416, 302, 91])
1	0.8063928954978963	0.8069560849958972	([654, 97], [654, 97, 41])
1	0.499198182785194	0.8074833110571586	([328, 107], [336, 193, 102])
1	0.7904533735844196	0.8076693565191919	([627, 99], [627, 99, 83])
1	0.6003637971554936	0.8077166776527538	([548, 199], [591, 548, 380])
1	0.6508275271526125	0.8080149354282706	([210, 193], [210, 193, 159])
1	0.7383503970350755	0.808075178323634	([645, 374], [645, 434, 430])
1	0.8052656959445931	0.8083365023487125	([445, 17], [445, 212, 18])
1	0.6514674102506123	0.8084146873678538	([689, 197], [689, 610, 565])
1	0.7976441879999506	0.8084788525396478	([471, 159], [658, 656, 13])
1	0.7984920373541854	0.8096357057057308	([621, 373], [621, 382, 373])
1	0.5222728280925173	0.809661596657592	([475, 316], [616, 475, 316])
1	0.7983510917307554	0.8097255025299895	([355, 139], [472, 355, 345])
1	0.8041923579379255	0.8102290596528589	([661, 1], [661, 465, 386])
1	0.7985825127204448	0.8105384171985158	([426, 41], [469, 426, 41])
1	0.807487870298548	0.8105384171985158	([471, 41], [471, 469, 41])
1	0.7973474317159724	0.8105905104226938	([617, 79], [617, 79, 76])
1	0.5602505953483896	0.8108192884265034	([210, 204], [210, 204, 9])
1	0.7738483954372439	0.8110535620712691	([641, 214], [641, 214, 189])
1	0.7794396977848507	0.8116386025809872	([657, 64], [657, 170, 168])
1	0.8110144199095388	0.8119373711573897	([614, 164], [614, 164, 32])
1	0.6339441187421676	0.8121394041393188	([488, 209], [488, 433, 389])
1	0.7889054467224744	0.8122155221608132	([545, 84], [545, 186, 84])
1	0.5964854084108668	0.812396611806567	([398, 199], [398, 350, 343])
1	0.771379858795109	0.8124598288796746	([412, 325], [507, 457, 437])
1	0.8026851826754868	0.812776995244889	([397, 9], [397, 320, 69])
1	0.6260460367786157	0.8136451580252416	([341, 42], [381, 165, 32])
1	0.7914894185699387	0.8137748843679607	([497, 20], [545, 497, 348])
1	0.7115414990800236	0.8138286682848773	([333, 36], [333, 61, 36])
1	0.7932793793325674	0.8140551416350897	([451, 124], [451, 174, 124])
1	0.6076380305776097	0.8140796069044653	([643, 209], [643, 209, 80])
1	0.5375994949860665	0.8141919001848161	([321, 20], [321, 52, 20])
1	0.8057334517657627	0.8147930087711867	([647, 23], [647, 507, 23])
1	0.805697987776963	0.8150040819464597	([405, 30], [636, 405, 30])
1	0.6205993971619703	0.8151088771933036	([395, 324], [395, 382, 4])
1	0.8090286713584668	0.8154805238977005	([584, 144], [584, 195, 144])
1	0.5625405643694287	0.8159035476137803	([341, 214], [562, 341, 214])
1	0.8075000265383466	0.8164363345696481	([355, 39], [617, 355, 343])
1	0.7131538780626532	0.8168526092144326	([497, 333], [497, 342, 333])
1	0.5509557647438771	0.8177129468028699	([317, 106], [317, 106, 26])
1	0.8075182547314461	0.8179601421022283	([574, 158], [574, 158, 12])
1	0.7883851018560057	0.8180295652295455	([325, 106], [490, 174, 147])
1	0.5630171032088952	0.8186615740416848	([655, 202], [655, 496, 466])
1	0.7812026087118634	0.8187997136267875	([421, 66], [421, 387, 346])
1	0.8005867718465979	0.8190632194696849	([325, 58], [325, 58, 15])
1	0.6825312509424082	0.8195339720883322	([341, 112], [341, 153, 112])
1	0.8025107362426155	0.81975819603083	([646, 145], [646, 145, 56])
1	0.8168013695491239	0.8198282772835529	([459, 84], [459, 175, 43])
1	0.6903367350116119	0.8204067129229641	([626, 333], [631, 333, 36])
1	0.807866207468504	0.820669051592918	([366, 143], [366, 177, 26])
1	0.524877219436901	0.8214306402083751	([493, 328], [493, 446, 328])
1	0.788649880699803	0.8215613801592522	([420, 47], [420, 174, 32])
1	0.8180953421505938	0.8216467035514138	([384, 119], [384, 195, 147])
1	0.5445693326195228	0.8220313685697034	([597, 303], [597, 498, 318])
1	0.542397910444633	0.822257045158036	([335, 120], [533, 335, 23])
1	0.4864630365515579	0.8224203841057094	([588, 587], [614, 567, 459])
1	0.8119288233963409	0.8230941593489864	([358, 45], [358, 172, 76])
1	0.558236548084405	0.8231889721607024	([324, 211], [324, 211, 204])
1	0.8196016398034345	0.8232062594187852	([473, 123], [473, 123, 97])
1	0.8004656634189175	0.8232200739250232	([641, 127], [641, 127, 18])
1	0.82053706573334	0.823530959443278	([359, 12], [359, 93, 12])
1	0.8174063208796015	0.8235634236041269	([439, 80], [620, 439, 195])
1	0.8194255596051727	0.8239521858583834	([454, 62], [486, 454, 62])
1	0.8100346531061587	0.824583733272113	([410, 63], [549, 410, 63])
1	0.8190983830871936	0.8246218921439062	([357, 154], [357, 343, 154])
1	0.5296325796770448	0.8248110080439608	([403, 321], [437, 403, 372])
1	0.8247706573763504	0.8248604454862476	([657, 123], [657, 458, 108])
1	0.8195837623485104	0.8248813600077242	([367, 67], [391, 367, 55])
1	0.8223846691639969	0.8249039004401171	([684, 105], [684, 667, 105])
1	0.8022656180216261	0.8250579492978507	([395, 71], [539, 395, 71])
1	0.8113069158013405	0.8252653509429569	([374, 145], [374, 204, 147])
1	0.8194136357034669	0.8253458044663786	([426, 85], [426, 347, 143])
1	0.807193979951126	0.8253604896440256	([376, 104], [467, 376, 104])
1	0.4998021686861409	0.8259164263427324	([195, 193], [303, 204, 193])
1	0.8217635718600336	0.8259423054982193	([677, 6], [677, 36, 3])
1	0.6945975671969509	0.8264093672913239	([333, 177], [664, 333, 177])
1	0.548002638167274	0.826756808115569	([537, 303], [597, 537, 388])
1	0.5240247368527239	0.8271897892473596	([303, 105], [303, 302, 127])
1	0.8131036206304119	0.8272092187167448	([536, 41], [597, 536, 350])
1	0.8273035297364164	0.8273080801092204	([677, 87], [677, 176, 87])
1	0.826560251054708	0.8286035632697787	([403, 114], [403, 347, 114])
1	0.8265919182489598	0.8294741972858019	([547, 14], [547, 405, 355])
1	0.8271534439489912	0.8299171247721397	([420, 116], [420, 116, 92])
1	0.6780417277381147	0.8301071007876402	([333, 204], [333, 211, 204])
1	0.817488976455615	0.831062515285826	([681, 149], [681, 170, 166])
1	0.82418601323697	0.831132828699551	([673, 61], [673, 183, 52])
1	0.8140138319495326	0.8315630189636963	([393, 31], [399, 393, 31])
1	0.6159432279383694	0.8315902339502044	([326, 176], [470, 326, 176])
1	0.5103104102095887	0.8321080953107145	([587, 317], [602, 200, 87])
1	0.8101523394551512	0.8328072726107232	([597, 41], [536, 189, 41])
1	0.4989915806839666	0.8342351565175972	([330, 92], [614, 330, 2])
1	0.4882328333770493	0.8348220014102296	([200, 5], [200, 87, 5])
1	0.8278095719153137	0.8359313684674456	([656, 121], [656, 162, 121])
1	0.8248731068831577	0.835988731457996	([680, 119], [680, 172, 119])
1	0.7885819582523106	0.8362413707781368	([325, 15], [507, 325, 58])
1	0.5262097644177219	0.8362746735164823	([321, 52], [321, 111, 52])
1	0.5701354482261292	0.836523062225743	([202, 55], [202, 151, 55])
1	0.5141512436004405	0.8367534188782985	([518, 339], [518, 371, 339])
1	0.4855779166418074	0.8373329978252897	([200, 162], [200, 162, 5])
1	0.8344401328017532	0.8379781811472692	([398, 141], [398, 369, 141])
1	0.5783349304420986	0.8383674768694874	([199, 166], [594, 199, 166])
1	0.7153689595898081	0.8395495740758194	([602, 333], [602, 342, 333])
1	0.8246857439267238	0.8406912949385468	([508, 153], [508, 195, 75])
1	0.812353072983776	0.8413048216430494	([414, 61], [427, 414, 61])
1	0.5252988277583285	0.8423420323553954	([432, 330], [432, 330, 2])
1	0.7065449331807047	0.8433516423769378	([343, 333], [350, 333, 36])
1	0.4935121608109224	0.8454766377611082	([188, 187], [312, 187, 109])
1	0.6057801426861984	0.8474181662300514	([194, 193], [612, 337, 194])
1	0.5877264410411586	0.8477108354028757	([199, 85], [199, 166, 85])
1	0.4824040986201159	0.850690508879376	([338, 6], [336, 193, 8])
1	0.5076819021749462	0.8512223070473267	([369, 316], [588, 369, 348])
1	0.5537873716664835	0.8532078454843679	([202, 103], [496, 202, 103])
1	0.5112354862276985	0.8550655892370838	([342, 316], [475, 342, 316])
1	0.509740261393411	0.8596965873753315	([370, 200], [370, 200, 162])
1	0.483160067564523	0.8629151536476621	([324, 204], [202, 103, 55])
1	0.5280004693425132	0.8643898939330092	([316, 157], [316, 157, 112])
1	0.5211305973338834	0.8646952780867376	([316, 112], [614, 316, 112])
1	0.5219192798949519	0.865166525279738	([214, 213], [201, 187, 161])
1	0.5031486408636918	0.8675885822158335	([384, 328], [384, 328, 58])
1	0.47925474582135974	0.8720501778050962	([602, 200], [679, 331, 139])
1	0.5239510105519818	0.8722361943541578	([483, 312], [552, 483, 312])
1	0.48601646593010517	0.8725306264486788	([611, 338], [610, 505, 338])
1	0.5061788459272368	0.8752527879187075	([212, 211], [383, 356, 339])
1	0.48335474770045206	0.8792114688104788	([138, 136], [313, 165, 121])
1	0.5024809847810437	0.8795502321119538	([691, 168], [691, 688, 168])
1	0.49119449394315456	0.8800840358942075	([192, 189], [306, 211, 190])
1	0.5037079863048252	0.8828838730616864	([650, 330], [650, 612, 330])
1	0.5103213432631872	0.8843388569755971	([552, 312], [483, 312, 109])
1	0.47890280124469764	0.8882986540760209	([312, 187], [305, 187, 90])
1	0.47396155340054985	0.8896872311856028	([336, 102], [422, 223, 27])
1	0.47495680145467317	0.8897296899049439	([7, 6], [470, 226, 7])
1	0.49762553972516554	0.8914771785210898	([362, 309], [362, 309, 152])
1	0.4961540797234535	0.8916411096914523	([191, 189], [310, 191, 51])
1	0.46651620310747355	0.8952892521357991	([423, 422], [418, 220, 29])
1	0.4811740292075162	0.8990527115579893	([602, 601], [600, 220, 29])
1	0.504341045179945	0.9026703020303654	([339, 148], [339, 211, 148])
1	0.4740902762899892	0.9057091851822248	([589, 316], [638, 579, 225])
1	0.5431374824135693	0.9061172229028295	([372, 201], [372, 201, 99])
1	0.5474113590407949	0.9081266381487021	([329, 110], [329, 204, 110])
1	0.49029790916720756	0.9107243302955764	([306, 122], [306, 190, 189])
1	0.5157850075701947	0.9144753118401088	([321, 111], [403, 321, 19])
1	0.4746963498810338	0.9204452464849209	([313, 121], [587, 313, 165])
1	0.5752985169431861	0.9221517286108226	([323, 86], [323, 188, 86])
1	0.5088513669087337	0.9322202341265016	([437, 321], [321, 213, 21])
0	0.0	0.9530685690126568	([216], [216, 215])
0	0.0	0.9602102175245238	([199], [338, 146])
0	0.0	0.9710464891060472	([146], [26, 25])
0	0.0	0.9714334152431914	([137], [137, 136])
0	0.0	0.9716685351673938	([77], [77, 76])
0	0.0	0.9722156897071924	([25], [542, 541])
0	0.0	0.9743663113121657	([217], [407, 406])
0	0.0	0.9744410688812974	([311], [126, 125])
1	0.9748097867509082	0.9942380596139591	([147, 146], [338, 146, 140])
0	0.0	1.0	([218], [218, 0])
0	0.0	1.0	([222], [222, 0])
0	0.0	1.0	([224], [224, 0])
0	0.0	1.0	([228], [228, 0])
0	0.0	1.0	([229], [229, 0])
0	0.0	1.0	([230], [230, 0])
0	0.0	1.0	([231], [231, 0])
0	0.0	1.0	([232], [232, 0])
0	0.0	1.0	([233], [233, 0])
0	0.0	1.0	([234], [234, 0])
0	0.0	1.0	([235], [235, 0])
0	0.0	1.0	([236], [236, 0])
0	0.0	1.0	([237], [237, 0])
0	0.0	1.0	([238], [238, 0])
0	0.0	1.0	([239], [239, 0])
0	0.0	1.0	([240], [240, 0])
0	0.0	1.0	([241], [241, 0])
0	0.0	1.0	([242], [242, 0])
0	0.0	1.0	([243], [243, 0])
0	0.0	1.0	([244], [244, 0])
0	0.0	1.0	([245], [245, 0])
0	0.0	1.0	([246], [246, 0])
0	0.0	1.0	([247], [247, 0])
0	0.0	1.0	([248], [248, 0])
0	0.0	1.0	([249], [249, 0])
0	0.0	1.0	([250], [250, 0])
0	0.0	1.0	([251], [251, 0])
0	0.0	1.0	([252], [252, 0])
0	0.0	1.0	([253], [253, 0])
0	0.0	1.0	([254], [254, 0])
0	0.0	1.0	([255], [255, 0])
0	0.0	1.0	([256], [256, 0])
0	0.0	1.0	([257], [257, 0])
0	0.0	1.0	([258], [258, 0])
0	0.0	1.0	([259], [259, 0])
0	0.0	1.0	([260], [260, 0])
0	0.0	1.0	([261], [261, 0])
0	0.0	1.0	([262], [262, 0])
0	0.0	1.0	([263], [263, 0])
0	0.0	1.0	([264], [264, 0])
0	0.0	1.0	([265], [265, 0])
0	0.0	1.0	([266], [266, 0])
0	0.0	1.0	([267], [267, 0])
0	0.0	1.0	([268], [268, 0])
0	0.0	1.0	([269], [269, 0])
0	0.0	1.0	([270], [270, 0])
0	0.0	1.0	([271], [271, 0])
0	0.0	1.0	([272], [272, 0])
0	0.0	1.0	([273], [273, 0])
0	0.0	1.0	([274], [274, 0])
0	0.0	1.0	([275], [275, 0])
0	0.0	1.0	([276], [276, 0])
0	0.0	1.0	([277], [277, 0])
0	0.0	1.0	([278], [278, 0])
0	0.0	1.0	([279], [279, 0])
0	0.0	1.0	([280], [280, 0])
0	0.0	1.0	([281], [281, 0])
0	0.0	1.0	([282], [282, 0])
0	0.0	1.0	([283], [283, 0])
0	0.0	1.0	([284], [284, 0])
0	0.0	1.0	([285], [285, 0])
0	0.0	1.0	([286], [286, 0])
0	0.0	1.0	([287], [287, 0])
0	0.0	1.0	([288], [288, 0])
0	0.0	1.0	([289], [289, 0])
0	0.0	1.0	([290], [290, 0])
0	0.0	1.0	([291], [291, 0])
0	0.0	1.0	([292], [292, 0])
0	0.0	1.0	([293], [293, 0])
0	0.0	1.0	([294], [294, 0])
0	0.0	1.0	([295], [295, 0])
0	0.0	1.0	([296], [296, 0])
0	0.0	1.0	([297], [297, 0])
0	0.0	1.0	([298], [298, 0])
0	0.0	1.0	([299], [299, 0])
0	0.0	1.0	([300], [300, 0])
0	0.0	1.0	([301], [301, 0])
0	0.0	1.0	([315], [315, 0])
0	0.0	1.0	([332], [332, 0])
0	0.0	1.0	([340], [340, 0])
0	0.0	inf	([125], [])
