0	0.0	0.015131066429066692	([300], [300, 126])
0	0.0	0.018098928206430807	([378], [378, 307])
0	0.0	0.025437217580462614	([314], [314, 294])
0	0.0	0.2605374379759228	([10], [10, 9])
0	0.0	0.2637443678336239	([753], [753, 752])
0	0.0	0.26623507743806407	([582], [582, 581])
0	0.0	0.269439553344337	([187], [187, 186])
0	0.0	0.2714696071669226	([13], [13, 12])
0	0.0	0.2753558099698041	([179], [179, 178])
0	0.0	0.2756205000609143	([3], [3, 2])
0	0.0	0.2760329791456343	([181], [181, 180])
0	0.0	0.2783672317185056	([168], [168, 167])
0	0.0	0.27851072904376384	([674], [674, 673])
0	0.0	0.27947327506102104	([644], [644, 643])
0	0.0	0.27963388530988825	([720], [720, 719])
0	0.0	0.28050986981489706	([212], [212, 211])
0	0.0	0.28103633214737517	([612], [612, 611])
0	0.0	0.2811531861740258	([622], [622, 621])
0	0.0	0.2812131768282441	([7], [7, 6])
0	0.0	0.2820133950383652	([39], [39, 38])
0	0.0	0.28279807685456265	([200], [200, 199])
0	0.0	0.2831886908577082	([193], [193, 192])
0	0.0	0.28383943680632095	([86], [86, 85])
0	0.0	0.28473154758378433	([27], [27, 26])
0	0.0	0.2855058206107616	([137], [137, 136])
0	0.0	0.2858467956164483	([65], [65, 64])
0	0.0	0.28590668108353595	([125], [125, 124])
0	0.0	0.2863259393586369	([43], [43, 42])
0	0.0	0.2864076879798252	([519], [519, 518])
0	0.0	0.2868823412668484	([177], [177, 176])
0	0.0	0.2870558749136222	([238], [238, 237])
0	0.0	0.2872741518081139	([794], [794, 793])
0	0.0	0.2877890029539842	([535], [535, 534])
0	0.0	0.28799110681473145	([31], [31, 30])
0	0.0	0.2880599068672027	([191], [191, 190])
0	0.0	0.2883478661664212	([2], [2, 1])
0	0.0	0.2886306175669161	([623], [623, 622])
0	0.0	0.2890147365097083	([61], [61, 60])
0	0.0	0.28929509380554225	([146], [146, 145])
0	0.0	0.2895935591804711	([470], [470, 469])
0	0.0	0.2896088234776055	([609], [609, 608])
0	0.0	0.29013891269757147	([699], [699, 698])
0	0.0	0.29056557099009844	([496], [496, 495])
0	0.0	0.29241657360554857	([28], [28, 27])
0	0.0	0.29264007269506	([683], [683, 682])
0	0.0	0.2931365164326934	([440], [440, 439])
0	0.0	0.29421708724600054	([742], [742, 741])
0	0.0	0.2943700045129698	([520], [520, 519])
0	0.0	0.29466412928088015	([133], [133, 132])
0	0.0	0.2946995403314101	([707], [707, 706])
0	0.0	0.2949673559405987	([595], [595, 594])
0	0.0	0.29499611023847294	([145], [145, 144])
0	0.0	0.295552618847201	([467], [467, 466])
0	0.0	0.29594137995565944	([152], [152, 151])
0	0.0	0.29651159191370996	([412], [412, 411])
0	0.0	0.2965640634782873	([532], [532, 531])
0	0.0	0.29661501425062503	([107], [107, 106])
0	0.0	0.29687240064571974	([662], [662, 661])
0	0.0	0.2970365329338031	([131], [131, 130])
0	0.0	0.29747958769824684	([230], [230, 229])
0	0.0	0.2981080629141842	([237], [237, 236])
0	0.0	0.29816414788012396	([248], [248, 247])
0	0.0	0.2982293971824353	([105], [105, 104])
0	0.0	0.2988848324262386	([756], [756, 755])
0	0.0	0.2991045359883134	([15], [15, 14])
0	0.0	0.2991371905667291	([639], [639, 638])
0	0.0	0.2994232247799516	([135], [135, 134])
0	0.0	0.2996151183811642	([22], [22, 21])
0	0.0	0.2997134116668983	([585], [585, 584])
0	0.0	0.2998312550046781	([717], [717, 716])
0	0.0	0.2998410678797389	([576], [576, 575])
0	0.0	0.29985584953625594	([656], [656, 655])
0	0.0	0.3001648701471561	([752], [752, 751])
0	0.0	0.300328298930975	([71], [71, 70])
0	0.0	0.300539695796095	([225], [225, 224])
0	0.0	0.3007713064952304	([615], [615, 614])
0	0.0	0.3010080666613539	([185], [185, 184])
0	0.0	0.3010289357994127	([5], [5, 4])
0	0.0	0.3012435939259726	([91], [91, 90])
0	0.0	0.30158193396861427	([571], [571, 570])
0	0.0	0.30164492408939664	([626], [626, 625])
0	0.0	0.30179898131550925	([457], [457, 456])
0	0.0	0.30207834605158346	([660], [660, 659])
0	0.0	0.30224007741684306	([56], [56, 55])
0	0.0	0.3022499158590316	([162], [162, 161])
0	0.0	0.302275184258854	([533], [533, 532])
0	0.0	0.30243216151561414	([36], [36, 35])
0	0.0	0.3025649278622741	([703], [703, 702])
0	0.0	0.3030049269439233	([652], [652, 651])
0	0.0	0.3032979717257359	([474], [474, 473])
0	0.0	0.3033714629963961	([539], [539, 538])
0	0.0	0.30354148395238506	([796], [796, 795])
0	0.0	0.30360991054766895	([647], [647, 646])
0	0.0	0.30369569268513164	([394], [394, 393])
0	0.0	0.30391282810046605	([781], [781, 780])
0	0.0	0.30395150281208694	([744], [744, 743])
0	0.0	0.30397849731050935	([380], [380, 379])
0	0.0	0.3039823800963006	([427], [427, 426])
0	0.0	0.3040185227822052	([169], [169, 168])
0	0.0	0.3041592787525841	([424], [424, 423])
0	0.0	0.30431716647458407	([607], [607, 606])
0	0.0	0.30464652121693897	([645], [645, 644])
0	0.0	0.3046796213365268	([685], [685, 684])
0	0.0	0.30481484361143785	([588], [588, 587])
0	0.0	0.30496165592042973	([18], [18, 17])
0	0.0	0.3049973778311338	([183], [183, 182])
0	0.0	0.30534065403193267	([20], [20, 19])
0	0.0	0.3055011259991102	([689], [689, 688])
0	0.0	0.30554531541856067	([117], [117, 116])
0	0.0	0.3057437562969452	([510], [510, 509])
0	0.0	0.30623339667612476	([590], [590, 589])
0	0.0	0.3063826467355583	([529], [529, 528])
0	0.0	0.30664017927050585	([49], [49, 48])
0	0.0	0.30667058238973505	([525], [525, 524])
0	0.0	0.30695873216293296	([154], [154, 153])
0	0.0	0.3070001991302246	([418], [418, 417])
0	0.0	0.30752695401993363	([87], [87, 86])
0	0.0	0.3075827565855726	([58], [58, 57])
0	0.0	0.30765858304261	([228], [228, 227])
0	0.0	0.30782402743790677	([211], [211, 210])
0	0.0	0.3079075180304335	([789], [789, 788])
0	0.0	0.3079810888102555	([160], [160, 159])
0	0.0	0.3080379022408684	([788], [788, 787])
0	0.0	0.3082668359720015	([408], [408, 407])
0	0.0	0.30834881030835226	([503], [503, 502])
0	0.0	0.3085014473588067	([222], [222, 221])
0	0.0	0.30854308964922195	([605], [605, 604])
0	0.0	0.3085505364836117	([155], [155, 154])
0	0.0	0.308554650855747	([423], [423, 422])
0	0.0	0.30862637226403156	([120], [120, 119])
0	0.0	0.30868695826063175	([635], [635, 634])
0	0.0	0.3088575548546588	([247], [247, 246])
0	0.0	0.3089083692769274	([139], [139, 138])
0	0.0	0.3091713974604314	([206], [206, 205])
0	0.0	0.30928525814301683	([188], [188, 187])
0	0.0	0.30932076848064166	([370], [370, 369])
0	0.0	0.30947485566020255	([94], [94, 93])
0	0.0	0.3095063671203444	([275], [275, 274])
0	0.0	0.30961479530097946	([352], [352, 351])
0	0.0	0.3097726860784629	([122], [122, 121])
0	0.0	0.309912853558769	([233], [233, 232])
0	0.0	0.30993719671080755	([500], [500, 499])
0	0.0	0.3099535963021322	([757], [757, 756])
0	0.0	0.3100995294256679	([78], [78, 77])
0	0.0	0.3103255310609846	([434], [434, 433])
0	0.0	0.310496247064558	([453], [453, 452])
0	0.0	0.3106525265967348	([231], [231, 230])
0	0.0	0.31086992919124207	([258], [258, 257])
0	0.0	0.3109640413359113	([112], [112, 111])
0	0.0	0.3110985309784269	([74], [74, 73])
0	0.0	0.31116414569400574	([33], [33, 32])
0	0.0	0.311459985216591	([793], [793, 792])
0	0.0	0.31147734226264456	([642], [642, 641])
0	0.0	0.3114954972986633	([783], [783, 782])
0	0.0	0.3116906881431068	([677], [677, 676])
0	0.0	0.31173757138459207	([386], [386, 385])
0	0.0	0.31177507503959717	([428], [428, 427])
0	0.0	0.3118993090337594	([227], [227, 226])
0	0.0	0.31201656481992046	([655], [655, 654])
0	0.0	0.312033509352841	([522], [522, 521])
0	0.0	0.3123480310677266	([371], [371, 370])
0	0.0	0.3124090246037124	([175], [175, 174])
0	0.0	0.312502150802276	([747], [747, 746])
0	0.0	0.31261004802074044	([130], [130, 129])
0	0.0	0.3128492665470166	([790], [790, 789])
0	0.0	0.31286550018633746	([597], [597, 596])
0	0.0	0.3128658025309216	([765], [765, 764])
0	0.0	0.31294073351959995	([780], [780, 779])
0	0.0	0.3131992506933452	([619], [619, 618])
0	0.0	0.3132549218817063	([157], [157, 156])
0	0.0	0.3132610805763681	([600], [600, 599])
0	0.0	0.31326332590880557	([526], [526, 525])
0	0.0	0.3139911621095132	([111], [111, 110])
0	0.0	0.3142804215926695	([507], [507, 506])
0	0.0	0.3143395451666764	([391], [391, 390])
0	0.0	0.31441104160886657	([97], [97, 96])
0	0.0	0.31442619314533304	([602], [602, 601])
0	0.0	0.3145137648845969	([265], [265, 264])
0	0.0	0.31481066029753796	([566], [566, 565])
0	0.0	0.3148899460788427	([477], [477, 476])
0	0.0	0.31498510430716	([758], [758, 757])
0	0.0	0.315457323941083	([403], [403, 402])
0	0.0	0.3155198015334052	([8], [8, 7])
0	0.0	0.31570781137533666	([301], [301, 297])
0	0.0	0.3158014595961838	([454], [454, 453])
0	0.0	0.3158426578431363	([706], [706, 705])
0	0.0	0.3159507388191703	([77], [77, 76])
0	0.0	0.3161597701292816	([184], [184, 183])
0	0.0	0.3162215131688847	([488], [488, 487])
0	0.0	0.3162964357909605	([235], [235, 234])
0	0.0	0.31633672814040165	([506], [506, 505])
0	0.0	0.3163753675016443	([630], [630, 629])
0	0.0	0.31643394754677345	([69], [69, 68])
0	0.0	0.31652667790435063	([760], [760, 759])
0	0.0	0.3170302427352487	([478], [478, 477])
0	0.0	0.3170704310085836	([568], [568, 567])
0	0.0	0.3172245549083076	([11], [11, 10])
0	0.0	0.3172641434261774	([735], [735, 734])
0	0.0	0.31736375540241607	([469], [469, 468])
0	0.0	0.31747463143169624	([422], [422, 421])
0	0.0	0.31762601947931823	([17], [17, 16])
0	0.0	0.3177102292243648	([129], [129, 128])
0	0.0	0.317814577872101	([640], [640, 638])
0	0.0	0.3178656028238265	([680], [680, 679])
0	0.0	0.317927907381205	([546], [546, 545])
0	0.0	0.3179784738036809	([95], [95, 94])
0	0.0	0.31799165229661835	([669], [669, 668])
0	0.0	0.3181704566391593	([404], [404, 403])
0	0.0	0.318187981612067	([221], [221, 220])
0	0.0	0.318201328253452	([409], [409, 408])
0	0.0	0.3182089309892088	([393], [393, 392])
0	0.0	0.31821977097683724	([795], [795, 794])
0	0.0	0.3182269228649273	([475], [475, 474])
0	0.0	0.31851321026871265	([60], [60, 59])
0	0.0	0.31854171215788446	([401], [401, 400])
0	0.0	0.3186484388573092	([51], [51, 50])
0	0.0	0.31871339548435157	([426], [427, 425])
0	0.0	0.3190300205520038	([202], [202, 201])
0	0.0	0.3190376727275633	([740], [740, 739])
0	0.0	0.3190491914906003	([45], [45, 44])
0	0.0	0.3191004918184348	([692], [692, 691])
0	0.0	0.31919751030473315	([19], [19, 18])
0	0.0	0.3193721064986094	([353], [353, 352])
0	0.0	0.3193842140219108	([329], [329, 328])
0	0.0	0.319398316560982	([266], [266, 265])
0	0.0	0.31949134421473896	([733], [733, 732])
0	0.0	0.3195780154754493	([79], [79, 78])
0	0.0	0.3196694538614722	([81], [81, 80])
0	0.0	0.31974005553794455	([246], [246, 245])
0	0.0	0.31977672352966424	([732], [732, 731])
0	0.0	0.3198228916099208	([704], [704, 703])
0	0.0	0.3198546554669028	([465], [465, 464])
0	0.0	0.3198868921551349	([447], [447, 446])
0	0.0	0.31994150978556457	([759], [759, 758])
0	0.0	0.32007374956289825	([557], [557, 556])
0	0.0	0.3200830249552497	([142], [142, 141])
0	0.0	0.3201053558314758	([149], [149, 148])
0	0.0	0.3202898243635703	([273], [273, 272])
0	0.0	0.3203111818855773	([738], [738, 737])
0	0.0	0.3205223780431114	([373], [373, 372])
0	0.0	0.32053899700688465	([224], [224, 223])
0	0.0	0.32059693293580205	([172], [172, 171])
0	0.0	0.3207476210891421	([21], [21, 20])
0	0.0	0.32121855126341525	([542], [542, 541])
0	0.0	0.3214497796137354	([544], [544, 543])
0	0.0	0.3214780540263711	([37], [37, 36])
0	0.0	0.3215391549073683	([59], [59, 58])
0	0.0	0.321600921131335	([419], [419, 418])
0	0.0	0.3218203911789677	([575], [575, 574])
0	0.0	0.3218490543022235	([362], [362, 361])
0	0.0	0.32200592544930107	([92], [92, 91])
0	0.0	0.3220196490891596	([668], [668, 667])
0	0.0	0.32205147799478995	([109], [109, 108])
0	0.0	0.3220818962990913	([606], [606, 605])
0	0.0	0.3221277541725648	([479], [479, 478])
0	0.0	0.3221704525214757	([461], [461, 460])
0	0.0	0.32222902441322115	([272], [272, 271])
0	0.0	0.3222899238947296	([255], [255, 253])
0	0.0	0.3222908914165203	([431], [431, 430])
0	0.0	0.3223280567625609	([509], [509, 508])
0	0.0	0.32240085678415603	([653], [653, 650])
0	0.0	0.3224789509219703	([785], [785, 784])
0	0.0	0.3226330600221858	([614], [614, 613])
0	0.0	0.32277009865008993	([405], [405, 404])
0	0.0	0.32282878875571946	([101], [101, 100])
0	0.0	0.32293229752777136	([701], [701, 700])
0	0.0	0.323059526765701	([540], [540, 539])
0	0.0	0.3230850538033243	([548], [548, 547])
0	0.0	0.32347422695211253	([763], [763, 761])
0	0.0	0.323500603774974	([16], [16, 15])
0	0.0	0.3236159167819972	([489], [489, 487])
0	0.0	0.32367472892548377	([102], [102, 101])
0	0.0	0.3237383395526323	([705], [705, 704])
0	0.0	0.32374627279873847	([493], [493, 492])
0	0.0	0.3237564595730001	([342], [342, 341])
0	0.0	0.3238549812658159	([216], [216, 215])
0	0.0	0.32392503153015945	([636], [636, 635])
0	0.0	0.32412724229122264	([499], [499, 498])
0	0.0	0.32413688562821996	([658], [658, 657])
0	0.0	0.3241850163310533	([761], [763, 762])
0	0.0	0.3244164012768471	([527], [527, 525])
0	0.0	0.32456549815094554	([505], [505, 504])
0	0.0	0.3245801346992622	([84], [84, 83])
0	0.0	0.32459029210011014	([411], [411, 410])
0	0.0	0.32472648978862484	([442], [442, 441])
0	0.0	0.3249233589305454	([782], [782, 781])
0	0.0	0.32495556172182594	([449], [449, 448])
0	0.0	0.3249941600249133	([530], [530, 529])
0	0.0	0.3251648770893981	([561], [561, 560])
0	0.0	0.3252848901460076	([698], [698, 697])
0	0.0	0.3253546080732253	([501], [501, 500])
0	0.0	0.32544017127672265	([4], [4, 3])
0	0.0	0.32551645575016436	([537], [537, 536])
0	0.0	0.32565056392531344	([649], [649, 648])
0	0.0	0.32567259398948634	([432], [432, 431])
0	0.0	0.3258144364039806	([357], [357, 356])
0	0.0	0.325881520459399	([739], [739, 738])
0	0.0	0.32599949101833	([682], [682, 681])
0	0.0	0.3261964313126646	([693], [693, 692])
0	0.0	0.32620961380811325	([578], [578, 577])
0	0.0	0.32622413515850557	([158], [158, 157])
0	0.0	0.32635137714213586	([174], [174, 173])
0	0.0	0.3264117353729177	([599], [599, 598])
0	0.0	0.3264645585175532	([165], [165, 164])
0	0.0	0.3265095039314537	([268], [268, 267])
0	0.0	0.3265104643260109	([50], [50, 49])
0	0.0	0.32655159647217685	([684], [684, 683])
0	0.0	0.32657384879279766	([263], [263, 262])
0	0.0	0.32659760910457264	([204], [204, 203])
0	0.0	0.32669525240098707	([269], [269, 268])
0	0.0	0.3269533504488599	([712], [712, 711])
0	0.0	0.32699261009194247	([713], [713, 712])
0	0.0	0.32728243950432295	([143], [143, 142])
0	0.0	0.3276212249233983	([254], [254, 253])
0	0.0	0.32763199947250937	([665], [665, 664])
0	0.0	0.32792273741657063	([144], [144, 143])
0	0.0	0.3280764137367634	([47], [47, 46])
0	0.0	0.32807948164797107	([264], [264, 263])
0	0.0	0.32882095377585485	([631], [631, 630])
0	0.0	0.32886138988918706	([173], [173, 172])
0	0.0	0.328902548135129	([560], [560, 559])
0	0.0	0.32891668011537817	([76], [76, 75])
0	0.0	0.32912958704662326	([439], [439, 438])
0	0.0	0.3293594563114331	([681], [681, 680])
0	0.0	0.3293820513097854	([234], [234, 233])
0	0.0	0.3295775583608096	([601], [601, 600])
0	0.0	0.3295798898072704	([351], [352, 350])
0	0.0	0.32959076651364094	([450], [450, 449])
0	0.0	0.32964888301090034	([100], [100, 99])
0	0.0	0.32982318036788416	([632], [632, 631])
0	0.0	0.32986831275102724	([755], [755, 754])
0	0.0	0.3300622654505549	([573], [573, 572])
0	0.0	0.33014141425178484	([646], [646, 645])
0	0.0	0.33015224754963657	([726], [726, 725])
0	0.0	0.3301759337951233	([629], [629, 628])
0	0.0	0.3302241152329934	([589], [589, 588])
0	0.0	0.3303469012654542	([483], [483, 482])
0	0.0	0.33050599103105127	([119], [119, 118])
0	0.0	0.33056066718183974	([195], [195, 194])
0	0.0	0.33088293307309946	([553], [553, 552])
0	0.0	0.33092318370873514	([226], [226, 225])
0	0.0	0.330939220787211	([715], [715, 714])
0	0.0	0.33096804159125776	([776], [776, 775])
0	0.0	0.3309974869399163	([443], [443, 442])
0	0.0	0.33106978563054507	([523], [523, 522])
0	0.0	0.33119003032136207	([118], [118, 117])
0	0.0	0.331191925886965	([82], [82, 81])
0	0.0	0.3312881213267484	([346], [346, 345])
0	0.0	0.3315371900013856	([108], [108, 107])
0	0.0	0.331566295873339	([1], [1, 0])
0	0.0	0.33166162864363025	([691], [691, 690])
0	0.0	0.33179610812747584	([150], [150, 149])
0	0.0	0.3317981027523227	([466], [466, 465])
0	0.0	0.3319003627643003	([608], [608, 607])
0	0.0	0.3319463233329034	([554], [554, 553])
0	0.0	0.33198078268896963	([728], [728, 727])
0	0.0	0.3320086790346876	([46], [46, 45])
0	0.0	0.33203179735025	([203], [203, 202])
0	0.0	0.33209650355017245	([96], [96, 95])
0	0.0	0.33212435842451965	([661], [661, 660])
0	0.0	0.33214948142749723	([695], [695, 694])
0	0.0	0.33215494755019803	([592], [592, 591])
0	0.0	0.3321905920391488	([550], [550, 549])
0	0.0	0.33222068943736366	([727], [727, 726])
0	0.0	0.3322772386519989	([650], [653, 652])
0	0.0	0.3323396627165869	([114], [114, 113])
0	0.0	0.3326314943061157	([256], [256, 255])
0	0.0	0.3326857166001943	([208], [208, 207])
0	0.0	0.33270766670313984	([743], [743, 742])
0	0.0	0.33305997786351715	([30], [30, 29])
0	0.0	0.333060162311819	([219], [219, 218])
0	0.0	0.33322918019318326	([511], [511, 510])
0	0.0	0.3333512429586874	([438], [438, 437])
0	0.0	0.33336169822483697	([369], [369, 368])
0	0.0	0.3334205729636714	([754], [754, 753])
0	0.0	0.333500424938794	([53], [53, 52])
0	0.0	0.33355232678474067	([260], [260, 259])
0	0.0	0.3337007411316135	([90], [90, 89])
0	0.0	0.33410190177587096	([480], [480, 479])
0	0.0	0.3342072441460352	([14], [14, 13])
0	0.0	0.3342746963291355	([12], [12, 11])
0	0.0	0.3343052187585385	([121], [121, 120])
0	0.0	0.33436584954242193	([430], [432, 429])
0	0.0	0.3349176450085445	([671], [671, 670])
0	0.0	0.33524997099709314	([253], [253, 252])
0	0.0	0.33539190404230973	([659], [659, 658])
0	0.0	0.3354464983271949	([524], [524, 523])
0	0.0	0.3354473583818304	([113], [113, 112])
0	0.0	0.3357147339765533	([421], [421, 420])
0	0.0	0.3357744536996861	([398], [398, 397])
0	0.0	0.3361009160425602	([504], [504, 503])
0	0.0	0.3361198598982034	([495], [495, 494])
0	0.0	0.336339551157795	([723], [723, 722])
0	0.0	0.33644426737627503	([9], [9, 8])
0	0.0	0.3364488070005954	([72], [72, 71])
0	0.0	0.33664364883630044	([577], [577, 576])
0	0.0	0.3367318862552468	([389], [389, 388])
0	0.0	0.33726552266498494	([48], [48, 47])
0	0.0	0.33735953095424004	([73], [73, 72])
0	0.0	0.33740486673694037	([616], [616, 615])
0	0.0	0.33759340420581513	([460], [460, 459])
0	0.0	0.337777438870846	([392], [392, 391])
0	0.0	0.3378884883443913	([456], [456, 455])
0	0.0	0.33795055197533497	([579], [579, 578])
0	0.0	0.3382278608509545	([197], [197, 194])
0	0.0	0.33829023751194254	([672], [672, 671])
0	0.0	0.33840787284206736	([390], [390, 389])
0	0.0	0.33842490379941303	([625], [625, 624])
0	0.0	0.3388163026723517	([637], [637, 636])
0	0.0	0.3390415695719124	([207], [207, 206])
0	0.0	0.3391457997116191	([492], [492, 491])
0	0.0	0.3392109048658522	([40], [40, 39])
0	0.0	0.3392565020399321	([598], [598, 597])
0	0.0	0.33928547647995466	([134], [134, 133])
0	0.0	0.3393225011573116	([538], [538, 537])
0	0.0	0.33933954417421747	([446], [446, 445])
0	0.0	0.3393692070843785	([55], [55, 54])
0	0.0	0.3394290838075104	([551], [551, 550])
0	0.0	0.33953944543298786	([648], [648, 647])
0	0.0	0.33954460440753725	([556], [556, 555])
0	0.0	0.3397514425077307	([618], [618, 617])
0	0.0	0.339810556749273	([458], [458, 457])
0	0.0	0.3402132107976026	([730], [730, 729])
0	0.0	0.34033324520543956	([641], [641, 640])
0	0.0	0.34065365766186806	([32], [32, 31])
0	0.0	0.34083716557756943	([729], [729, 728])
0	0.0	0.3410762628649727	([627], [627, 626])
0	0.0	0.34113561397828535	([464], [464, 463])
0	0.0	0.3412292100530194	([213], [213, 212])
0	0.0	0.3412807859535161	([552], [552, 551])
0	0.0	0.3413170004905516	([80], [80, 79])
0	0.0	0.34156232946604004	([34], [34, 33])
0	0.0	0.3415808372544854	([445], [445, 444])
0	0.0	0.3416930343336	([518], [520, 517])
0	0.0	0.3417627190249139	([24], [24, 23])
0	0.0	0.34183122097386615	([777], [777, 776])
0	0.0	0.34206334671807975	([476], [476, 475])
0	0.0	0.342194370220105	([487], [487, 486])
0	0.0	0.34261695648249835	([68], [68, 67])
0	0.0	0.3427553576480156	([491], [491, 490])
0	0.0	0.3427933210155692	([563], [563, 562])
0	0.0	0.342837106733617	([215], [215, 214])
0	0.0	0.34293930180579085	([41], [41, 40])
0	0.0	0.3430299151353753	([399], [399, 398])
0	0.0	0.3430595520668059	([6], [6, 5])
0	0.0	0.3431892229544934	([471], [471, 470])
0	0.0	0.34343673391655233	([716], [716, 715])
0	0.0	0.34362426891653564	([486], [489, 485])
0	0.0	0.3436327055570525	([123], [123, 122])
0	0.0	0.34363740541255233	([498], [498, 497])
0	0.0	0.34382462936367036	([724], [724, 723])
0	0.0	0.344233180468986	([132], [132, 131])
0	0.0	0.34430998124120854	([339], [339, 338])
0	0.0	0.34442224429053636	([664], [664, 663])
0	0.0	0.3444866895777957	([675], [675, 674])
0	0.0	0.34454289926925863	([481], [481, 480])
0	0.0	0.34476912547154276	([340], [340, 339])
0	0.0	0.3448306594475407	([603], [603, 602])
0	0.0	0.3449289952823969	([748], [748, 747])
0	0.0	0.3450714119042013	([581], [581, 580])
0	0.0	0.3451363082193377	([709], [709, 708])
0	0.0	0.34529698390478103	([128], [128, 127])
0	0.0	0.34533132880714656	([567], [567, 566])
0	0.0	0.34540625027569366	([44], [44, 43])
0	0.0	0.34555396311951675	([572], [572, 571])
0	0.0	0.3456770268135293	([508], [508, 507])
0	0.0	0.34571347085740844	([198], [198, 197])
0	0.0	0.34581209896061427	([512], [512, 511])
0	0.0	0.3458446335542948	([617], [617, 616])
0	0.0	0.3458763266885475	([363], [363, 362])
0	0.0	0.3459574279074162	([93], [93, 92])
0	0.0	0.34598899204019173	([259], [259, 258])
0	0.0	0.34638266879786983	([397], [397, 396])
0	0.0	0.34655595359923813	([316], [316, 315])
0	0.0	0.34669889523904357	([54], [54, 53])
0	0.0	0.3467658735210947	([628], [628, 627])
0	0.0	0.34681345648657597	([151], [151, 150])
0	0.0	0.3468289354963162	([148], [148, 147])
0	0.0	0.3469038885462894	([452], [452, 451])
0	0.0	0.34691733253143964	([343], [343, 342])
0	0.0	0.3469406733263898	([678], [678, 677])
0	0.0	0.34701209354917695	([140], [140, 139])
0	0.0	0.34708017024232685	([448], [448, 447])
0	0.0	0.3474996075045042	([569], [569, 568])
0	0.0	0.3480742072938704	([350], [350, 349])
0	0.0	0.3481234682657362	([333], [333, 332])
0	0.0	0.34883157693813716	([786], [786, 785])
0	0.0	0.3488403756440551	([159], [160, 158])
0	0.0	0.3489735949976764	([167], [167, 166])
0	0.0	0.348977200046235	([180], [181, 179])
0	0.0	0.3490568356576117	([673], [673, 672])
0	0.0	0.3491580002776824	([714], [714, 713])
0	0.0	0.34930320416270877	([778], [778, 777])
0	0.0	0.34933400392418046	([279], [279, 278])
0	0.0	0.34937744481669536	([164], [164, 163])
0	0.0	0.34939131111966726	([66], [66, 65])
0	0.0	0.3494929975552816	([710], [710, 709])
0	0.0	0.34967759488811195	([361], [361, 360])
0	0.0	0.349794476151399	([768], [768, 767])
0	0.0	0.3499473897738677	([232], [232, 231])
0	0.0	0.34997640836779914	([734], [734, 733])
0	0.0	0.3500241360050414	([171], [171, 170])
0	0.0	0.35010160713383753	([657], [657, 656])
0	0.0	0.3505895063491681	([416], [416, 414])
0	0.0	0.35064195160166717	([98], [98, 97])
0	0.0	0.35089636748485004	([106], [106, 105])
0	0.0	0.3511702736894379	([62], [62, 61])
0	0.0	0.35118773224755906	([494], [494, 493])
0	0.0	0.35138328661629037	([115], [115, 114])
0	0.0	0.35166759547979815	([791], [791, 790])
0	0.0	0.35229849674988634	([459], [459, 458])
0	0.0	0.35232004487915924	([702], [702, 701])
0	0.0	0.35242226212061406	([484], [484, 483])
0	0.0	0.3524683944027473	([433], [433, 432])
0	0.0	0.3525838782175786	([395], [395, 394])
0	0.0	0.35269808171880096	([344], [344, 343])
0	0.0	0.35270414635236425	([611], [611, 610])
0	0.0	0.35271245003442975	([267], [267, 266])
0	0.0	0.35294888303839894	([725], [725, 724])
0	0.0	0.3533005370207067	([587], [587, 586])
0	0.0	0.3535867999301234	([584], [584, 583])
0	0.0	0.35363974304601564	([686], [686, 685])
0	0.0	0.35388801071325027	([696], [696, 695])
0	0.0	0.35389535317673165	([116], [116, 115])
0	0.0	0.35396862734114626	([205], [205, 204])
0	0.0	0.35399096547848613	([531], [531, 530])
0	0.0	0.3542070933565713	([29], [29, 28])
0	0.0	0.35441560022674795	([52], [52, 51])
0	0.0	0.35475154787475344	([345], [345, 344])
0	0.0	0.3550869648645461	([444], [444, 443])
0	0.0	0.35517249754198227	([697], [697, 696])
0	0.0	0.3553972787352492	([451], [451, 450])
0	0.0	0.3554779397336018	([176], [177, 175])
0	0.0	0.3556920742957014	([502], [502, 501])
0	0.0	0.35627106016149557	([547], [547, 546])
0	0.0	0.3562954163352006	([402], [402, 401])
0	0.0	0.3564893493944357	([239], [239, 237])
0	0.0	0.3566836131112515	([163], [163, 162])
0	0.0	0.3567580932855873	([358], [358, 357])
0	0.0	0.35688469240745946	([75], [75, 74])
0	0.0	0.3570793590149986	([708], [708, 707])
0	0.0	0.35712047858663093	([534], [534, 533])
0	0.0	0.3571486310831741	([462], [462, 461])
0	0.0	0.3571516994445729	([694], [694, 693])
0	0.0	0.3572785647367994	([679], [679, 678])
0	0.0	0.3573112817199305	([209], [209, 208])
0	0.0	0.35734842331613753	([372], [372, 371])
0	0.0	0.35751690617345705	([322], [322, 321])
0	0.0	0.3590259584620122	([497], [497, 496])
0	0.0	0.3591850881017327	([565], [565, 564])
0	0.0	0.3591895641923074	([517], [517, 516])
0	0.0	0.35924048455014057	([194], [194, 193])
0	0.0	0.3592557013364321	([70], [70, 69])
0	0.0	0.35936507632529174	([594], [594, 593])
0	0.0	0.3594933504031615	([586], [586, 585])
0	0.0	0.3595747472942499	([240], [240, 239])
0	0.0	0.35959408220597194	([515], [515, 514])
0	0.0	0.3596062665244785	([251], [251, 250])
0	0.0	0.35980087011577394	([244], [244, 243])
0	0.0	0.3598060073051293	([564], [564, 563])
0	0.0	0.3601830787947843	([243], [244, 241])
0	0.0	0.36020300128825045	([147], [147, 146])
0	0.0	0.360416267707365	([199], [199, 198])
0	0.0	0.36098003276818164	([711], [711, 710])
0	0.0	0.3610891246692861	([490], [490, 489])
0	0.0	0.36136993996737493	([593], [593, 592])
0	0.0	0.3619390961384404	([413], [413, 410])
0	0.0	0.36242974157803576	([83], [83, 82])
0	0.0	0.3627007642921491	([85], [85, 84])
0	0.0	0.3629122748237083	([141], [141, 140])
0	0.0	0.36298467064673445	([580], [580, 579])
0	0.0	0.3630946178387974	([67], [67, 66])
0	0.0	0.3631563683558945	([468], [468, 467])
0	0.0	0.36339383217682475	([153], [153, 152])
0	0.0	0.3634690187202785	([178], [178, 177])
1	0.34060622040061056	0.3635302349059477	([511, 508], [511, 510, 509])
0	0.0	0.36361317769430673	([745], [745, 744])
0	0.0	0.3636236638348037	([772], [772, 771])
0	0.0	0.36372680635089566	([214], [214, 213])
0	0.0	0.36379864555119834	([643], [643, 642])
0	0.0	0.364048879252148	([245], [245, 244])
0	0.0	0.36410699767339355	([731], [731, 730])
0	0.0	0.36421042240573903	([670], [670, 669])
0	0.0	0.36443726120361375	([749], [749, 748])
0	0.0	0.3645584887008613	([99], [99, 98])
1	0.33794893957100963	0.3646857746374801	([430, 429], [432, 431, 430])
0	0.0	0.364879926728787	([741], [741, 740])
0	0.0	0.36503558147470966	([751], [751, 750])
0	0.0	0.3651649844801525	([196], [196, 195])
0	0.0	0.36527258527307355	([541], [541, 540])
1	0.3622790602593993	0.3652993204104527	([524, 521], [524, 523, 521])
0	0.0	0.36562700007701937	([769], [769, 768])
0	0.0	0.36603838812449313	([138], [138, 136])
0	0.0	0.3661257595595084	([613], [613, 612])
0	0.0	0.36621282954602036	([549], [549, 548])
0	0.0	0.36660445821513843	([690], [690, 689])
0	0.0	0.3666805861879706	([400], [400, 399])
0	0.0	0.36683562035801304	([384], [384, 383])
0	0.0	0.36717624760558515	([746], [746, 745])
0	0.0	0.36754553110473515	([667], [667, 666])
0	0.0	0.36757656861626875	([555], [555, 554])
0	0.0	0.36761785487242626	([666], [666, 665])
0	0.0	0.36769729672484164	([482], [482, 481])
0	0.0	0.36773060158316573	([104], [104, 103])
0	0.0	0.36776648481898433	([437], [437, 436])
0	0.0	0.3678382238878358	([429], [429, 428])
0	0.0	0.3686281684013883	([634], [634, 633])
0	0.0	0.368687440561211	([161], [161, 160])
0	0.0	0.3691377556093362	([217], [217, 216])
0	0.0	0.3695467892352637	([156], [156, 155])
0	0.0	0.3698161268388021	([722], [722, 721])
0	0.0	0.37036876650121	([417], [417, 416])
0	0.0	0.37071886136656396	([583], [583, 582])
0	0.0	0.37080051970119215	([252], [252, 251])
0	0.0	0.37097602614747877	([223], [223, 222])
0	0.0	0.37133723428255405	([633], [633, 632])
0	0.0	0.3714306743865876	([545], [545, 544])
0	0.0	0.37160291719726407	([455], [455, 454])
0	0.0	0.37163359696072407	([558], [558, 557])
0	0.0	0.3716757951605252	([604], [604, 603])
0	0.0	0.3717362823574373	([719], [720, 718])
0	0.0	0.3717697951346861	([383], [383, 382])
0	0.0	0.37215584189851963	([35], [35, 34])
0	0.0	0.37216514579948773	([349], [349, 347])
0	0.0	0.372392036787589	([559], [559, 558])
0	0.0	0.3733535597782416	([110], [110, 109])
0	0.0	0.3738248617464876	([775], [775, 774])
0	0.0	0.37426827753626596	([663], [663, 662])
0	0.0	0.37489063771436415	([218], [218, 217])
0	0.0	0.3749446779416289	([341], [341, 340])
0	0.0	0.375033948338704	([420], [420, 419])
0	0.0	0.37532897796511466	([651], [650, 649])
0	0.0	0.37593550205406484	([750], [750, 749])
0	0.0	0.3760789916629867	([676], [676, 675])
0	0.0	0.3769187739489588	([124], [124, 123])
0	0.0	0.3770666134429064	([280], [280, 279])
1	0.37407295881165353	0.37711253490046504	([102, 99], [102, 101, 99])
0	0.0	0.37765513168811504	([277], [277, 276])
0	0.0	0.37778533598209596	([410], [410, 409])
1	0.36935799515749124	0.3781428598473809	([72, 69], [72, 71, 70])
0	0.0	0.3788316198483622	([396], [396, 395])
0	0.0	0.3805305249944283	([638], [638, 637])
0	0.0	0.3809195588794488	([210], [210, 209])
0	0.0	0.381093164180218	([700], [700, 699])
0	0.0	0.3812517721330498	([241], [241, 240])
0	0.0	0.38145953863500665	([762], [763, 760])
0	0.0	0.3817397338885138	([562], [562, 561])
0	0.0	0.38194486210414264	([23], [23, 22])
0	0.0	0.3820941350444953	([182], [182, 181])
0	0.0	0.3822800576699219	([574], [574, 573])
0	0.0	0.3826058257897894	([570], [570, 569])
0	0.0	0.38277101640351335	([787], [787, 786])
0	0.0	0.38281321074715713	([38], [38, 37])
0	0.0	0.3829312037210752	([406], [406, 405])
1	0.36448217277806283	0.38375932944229735	([486, 485], [489, 487, 486])
0	0.0	0.38390553713166686	([784], [784, 783])
1	0.38398385313563854	0.3845224856873451	([185, 182], [185, 184, 182])
0	0.0	0.38471406010649295	([521], [521, 517])
0	0.0	0.38505493478190356	([367], [367, 366])
0	0.0	0.38510798645625754	([364], [364, 363])
0	0.0	0.38513074386986956	([381], [381, 380])
0	0.0	0.3852510136202909	([338], [338, 337])
0	0.0	0.3854276563879512	([385], [386, 384])
0	0.0	0.3854530963727938	([170], [170, 169])
0	0.0	0.3860566239840162	([414], [414, 413])
0	0.0	0.3862859683759951	([624], [624, 623])
0	0.0	0.38628770589912337	([320], [320, 319])
0	0.0	0.3864453854598431	([250], [250, 249])
1	0.37743281540103646	0.3866722589690499	([791, 787], [791, 790, 789])
0	0.0	0.3869648153090484	([536], [536, 535])
0	0.0	0.3869670267400006	([249], [249, 248])
0	0.0	0.3877082824598591	([792], [792, 791])
1	0.3815036906140245	0.38795009200732966	([700, 697], [700, 699, 698])
0	0.0	0.38800040453385737	([387], [387, 386])
0	0.0	0.3888790666512721	([103], [103, 102])
0	0.0	0.38912424984931987	([166], [166, 165])
0	0.0	0.38950196151502964	([337], [337, 336])
0	0.0	0.3911237529923658	([201], [201, 200])
0	0.0	0.39121230518225236	([356], [356, 355])
0	0.0	0.39147774806705155	([271], [271, 269])
0	0.0	0.39190933468819145	([360], [360, 359])
0	0.0	0.39217769444821005	([528], [528, 527])
0	0.0	0.39227579523949535	([388], [388, 387])
0	0.0	0.3923170783280035	([514], [514, 513])
0	0.0	0.3931972045203164	([321], [321, 320])
0	0.0	0.3941385853222804	([278], [278, 277])
0	0.0	0.39423673898803485	([334], [334, 332])
0	0.0	0.3943679348814488	([355], [355, 354])
0	0.0	0.39437072088227015	([276], [276, 275])
0	0.0	0.39455348148573766	([336], [336, 335])
0	0.0	0.3947715132644494	([57], [57, 56])
0	0.0	0.3958820368170045	([415], [415, 414])
0	0.0	0.39783603800725625	([771], [771, 770])
0	0.0	0.3979249947194827	([332], [332, 330])
0	0.0	0.39824761037228673	([463], [463, 462])
0	0.0	0.39985698689808424	([721], [721, 718])
0	0.0	0.4002412374465838	([64], [64, 63])
0	0.0	0.400495766990598	([368], [368, 367])
0	0.0	0.4007647393203272	([407], [407, 406])
0	0.0	0.4008710816081157	([473], [473, 472])
0	0.0	0.40163451476469963	([192], [192, 191])
0	0.0	0.40250765532320537	([347], [347, 346])
0	0.0	0.4033207356935428	([330], [332, 331])
0	0.0	0.40420053989278093	([610], [610, 609])
0	0.0	0.40421523477042826	([274], [274, 273])
0	0.0	0.4047810867757879	([327], [327, 326])
0	0.0	0.40512871506233233	([331], [330, 329])
1	0.38735271327177356	0.4051918587738381	([729, 725], [729, 728, 727])
0	0.0	0.4054243082067816	([317], [317, 316])
0	0.0	0.4057942073679354	([718], [718, 717])
0	0.0	0.40687138075214047	([136], [136, 135])
0	0.0	0.4069705051050271	([348], [348, 347])
0	0.0	0.4071685187597642	([654], [654, 653])
1	0.39179259294313606	0.40737864496572357	([484, 480], [483, 482, 480])
0	0.0	0.4083915203767625	([485], [485, 484])
0	0.0	0.40897705934016154	([770], [772, 769])
0	0.0	0.4096139783839918	([291], [291, 290])
0	0.0	0.4104433799480231	([382], [382, 381])
0	0.0	0.41090693216352486	([236], [236, 235])
1	0.40846244764804013	0.41247656498128954	([562, 558], [562, 561, 559])
0	0.0	0.41260872158412515	([335], [335, 334])
0	0.0	0.41267285032502865	([289], [289, 288])
1	0.3736483913086328	0.4128058596104479	([235, 229], [235, 233, 231])
0	0.0	0.41290975396110774	([229], [229, 228])
1	0.38215529015043315	0.41372997903545866	([754, 751], [754, 753, 752])
0	0.0	0.4138556233626571	([472], [472, 471])
0	0.0	0.41386562883843403	([425], [425, 424])
0	0.0	0.4142916601875598	([261], [261, 260])
0	0.0	0.41537466706020343	([220], [243, 242])
1	0.3856028080277777	0.41540621317066273	([72, 67], [72, 69, 68])
0	0.0	0.4165684415403629	([596], [596, 595])
1	0.4061004283528475	0.41656854588940884	([670, 666], [670, 668, 666])
0	0.0	0.4167723687425269	([262], [262, 261])
0	0.0	0.416775035086012	([63], [63, 62])
0	0.0	0.4184085261190469	([441], [441, 440])
1	0.4139101287996682	0.4187383731095128	([448, 444], [448, 447, 446])
0	0.0	0.41996822392399136	([379], [379, 377])
1	0.41398756462027286	0.42014417410711813	([771, 768], [772, 771, 769])
0	0.0	0.4202011152536343	([516], [516, 515])
0	0.0	0.4213426221045539	([288], [288, 287])
1	0.41838054071466474	0.42166354093156766	([123, 118], [123, 121, 118])
0	0.0	0.42201439815060576	([326], [327, 325])
0	0.0	0.4227804591584046	([359], [359, 358])
0	0.0	0.42419084236009713	([436], [436, 434])
0	0.0	0.42500677443668067	([25], [25, 24])
0	0.0	0.42556627857069834	([767], [767, 766])
0	0.0	0.4258673195734705	([773], [773, 772])
0	0.0	0.4264895412212748	([42], [42, 41])
0	0.0	0.42728064625138157	([325], [325, 324])
0	0.0	0.4282949244315259	([284], [284, 283])
0	0.0	0.42839949959429596	([591], [591, 590])
1	0.4219756685100571	0.4289509901823462	([425, 419], [425, 424, 419])
0	0.0	0.4295457716016728	([242], [220, 219])
0	0.0	0.42963259235232176	([779], [779, 778])
0	0.0	0.43004564830412045	([687], [687, 686])
0	0.0	0.430710356166685	([309], [309, 298])
0	0.0	0.43141342438708735	([543], [543, 542])
1	0.4264797727517692	0.4316689199634843	([601, 596], [601, 599, 597])
0	0.0	0.43273933515314916	([287], [287, 286])
1	0.42920284705397704	0.43303664745961945	([208, 203], [208, 205, 202])
1	0.42818394671716714	0.433165794288124	([73, 66], [73, 72, 66])
0	0.0	0.43418680969309614	([435], [435, 434])
0	0.0	0.434638520997616	([736], [736, 735])
0	0.0	0.43651368722734324	([375], [375, 373])
1	0.43258315617705767	0.4368933430234898	([66, 62], [66, 65, 63])
0	0.0	0.4372056933523896	([323], [323, 322])
0	0.0	0.4412698104638173	([324], [324, 323])
0	0.0	0.44133282531754886	([26], [26, 25])
0	0.0	0.4417581959262487	([283], [283, 282])
0	0.0	0.4419126341984956	([308], [308, 284])
0	0.0	0.44208853336731213	([766], [766, 765])
0	0.0	0.4432792236137739	([298], [309, 291])
0	0.0	0.4438626735878129	([306], [306, 290])
0	0.0	0.4442407866815171	([737], [737, 736])
0	0.0	0.4445742634726914	([374], [374, 365])
0	0.0	0.44553861972451453	([774], [774, 771])
0	0.0	0.44654644634960616	([292], [292, 281])
0	0.0	0.44701997060807985	([89], [89, 88])
0	0.0	0.44818560696362664	([186], [186, 185])
0	0.0	0.4481919495036505	([290], [298, 270])
0	0.0	0.4503237435028968	([312], [312, 311])
0	0.0	0.45033706780797966	([270], [306, 305])
1	0.44904504716884974	0.45075284508638397	([135, 129], [135, 133, 131])
0	0.0	0.4519522338697659	([377], [435, 295])
0	0.0	0.4521522557916455	([302], [302, 282])
0	0.0	0.4527811390623013	([282], [308, 304])
0	0.0	0.45315491571214533	([354], [354, 353])
0	0.0	0.4532753919620039	([190], [190, 189])
0	0.0	0.45453364989346795	([313], [313, 302])
0	0.0	0.4555177352567611	([311], [311, 305])
0	0.0	0.4559646602012961	([365], [374, 372])
0	0.0	0.45713041898296963	([304], [313, 293])
1	0.4486410061955922	0.4575832493288053	([774, 773], [774, 773, 772])
0	0.0	0.4586027989120322	([621], [687, 295])
0	0.0	0.4588439203305942	([281], [292, 285])
0	0.0	0.45910839480297116	([286], [286, 285])
0	0.0	0.4602396801786122	([305], [305, 304])
0	0.0	0.4619840885922192	([293], [311, 310])
0	0.0	0.46239272810443965	([310], [309, 303])
0	0.0	0.4626304676371071	([285], [281, 280])
0	0.0	0.46336914705094917	([303], [310, 289])
0	0.0	0.4633960426844557	([257], [313, 295])
0	0.0	0.4638231785234197	([319], [319, 318])
1	0.46119939193535053	0.4638620289243829	([450, 441], [450, 448, 441])
0	0.0	0.46473168618184757	([318], [318, 284])
0	0.0	0.46501203720954387	([688], [688, 686])
0	0.0	0.4659134407502646	([295], [318, 317])
1	0.455971261546864	0.46652194933636093	([375, 374], [375, 374, 372])
0	0.0	0.46694458063626926	([315], [303, 189])
0	0.0	0.4720075254567098	([764], [764, 763])
0	0.0	0.47271014659908545	([328], [328, 327])
0	0.0	0.473180499143885	([189], [621, 619])
0	0.0	0.4737128110424855	([620], [620, 293])
1	0.4432187338113348	0.4757208480284286	([579, 570], [579, 578, 570])
1	0.46989791589899643	0.4767304347434449	([188, 184], [188, 186, 185])
0	0.0	0.47754110055116905	([513], [293, 88])
1	0.4472353384533969	0.4778825905013331	([26, 23], [26, 25, 24])
0	0.0	0.4785824725889374	([88], [88, 87])
0	0.0	0.4847892760825226	([127], [127, 125])
1	0.47676892619982675	0.4850824209659704	([125, 117], [125, 123, 117])
1	0.4644618185282282	0.4875849527196864	([350, 337], [349, 346, 345])
1	0.4811712697976658	0.4875849527196864	([353, 345], [353, 349, 345])
1	0.47863870472516656	0.4956885133543704	([311, 287], [311, 310, 287])
0	0.0	0.5003709690226905	([366], [367, 364])
1	0.4873309035538692	0.5005270574394383	([347, 338], [347, 344, 343])
1	0.49785042509270183	0.5025007396063135	([774, 764], [774, 768, 767])
1	0.4752907774756585	0.502523114365087	([287, 283], [287, 286, 285])
1	0.5022948572640611	0.5028948120413835	([53, 42], [53, 52, 42])
1	0.4999705609804507	0.505475350381617	([558, 543], [558, 555, 543])
1	0.5095465941914001	0.5095636055803087	([272, 262], [272, 269, 262])
1	0.49682226044024835	0.5122037345859046	([623, 618], [623, 620, 619])
1	0.46790157703930996	0.513067658499845	([320, 315], [319, 318, 316])
1	0.508851760181843	0.513067658499845	([322, 316], [322, 319, 316])
1	0.5131632212137704	0.5160844987774335	([350, 344], [350, 348, 347])
1	0.49691468082982354	0.5167372188012982	([715, 710], [715, 713, 710])
1	0.5145408748419474	0.5212695967488619	([325, 318], [325, 323, 322])
1	0.46700107157209897	0.5221524924891029	([285, 284], [311, 308, 304])
1	0.5019752458783977	0.5251492875910861	([271, 261], [271, 267, 263])
1	0.5210490719178315	0.5274058048070074	([365, 334], [365, 334, 331])
1	0.521387447946453	0.5300619020677224	([282, 280], [283, 282, 281])
1	0.5396375466461344	0.5457121909575947	([358, 336], [358, 353, 336])
1	0.5425442491581595	0.5461343368662811	([320, 284], [323, 320, 284])
1	0.539112947928878	0.546487698133047	([287, 279], [287, 282, 281])
1	0.5281047782310777	0.5496446702202434	([320, 288], [320, 317, 288])
1	0.5484813054321583	0.5525011397913757	([354, 338], [354, 353, 338])
1	0.5196701555149149	0.5568068553027589	([389, 384], [389, 387, 386])
1	0.538766121992804	0.5619626704146726	([9, 2], [9, 6, 5])
1	0.5518091045652752	0.5640026514197115	([787, 779], [787, 785, 784])
1	0.5595670608913131	0.5675634087684368	([239, 226], [239, 236, 226])
1	0.5153852469907704	0.5703962595215417	([315, 312], [318, 316, 304])
1	0.5347138885740771	0.5709967195650597	([364, 335], [364, 358, 337])
1	0.5700326704338603	0.5753377686607674	([458, 450], [458, 453, 450])
1	0.5727450561694314	0.5760776438747924	([180, 171], [180, 177, 171])
1	0.5610164064821122	0.5768725769643527	([792, 776], [792, 783, 780])
1	0.5740637884401023	0.578514869310834	([381, 374], [381, 379, 375])
1	0.4980128832326899	0.5793714889388472	([283, 281], [292, 285, 281])
0	0.0	0.5805846095549622	([0], [305, 297])
1	0.45566547450794975	0.5812626495589054	([312, 306], [312, 306, 305])
1	0.5676771855853694	0.5812626495589054	([317, 305], [317, 312, 305])
1	0.5420113085354806	0.5840069781128895	([392, 383], [392, 390, 383])
1	0.5743983496675119	0.5859720911543119	([240, 234], [240, 236, 234])
1	0.5192274403098773	0.5936038433477442	([367, 365], [374, 368, 367])
1	0.569935201918897	0.5936038433477442	([377, 367], [377, 374, 367])
1	0.5773769156091317	0.5938443811629144	([396, 385], [396, 389, 385])
1	0.5769460446234255	0.5987598007632057	([237, 224], [237, 236, 224])
1	0.6026484274827253	0.6030723637309457	([319, 287], [319, 312, 283])
1	0.5810199050265595	0.6043790540948037	([173, 159], [173, 165, 159])
1	0.5900155229265724	0.6057729618849312	([531, 522], [531, 528, 522])
1	0.5744195193353103	0.6086513832914973	([789, 771], [790, 777, 774])
1	0.5823607489476578	0.6102340850394432	([290, 284], [290, 287, 286])
1	0.5978607771868003	0.6137098076824614	([380, 369], [380, 377, 375])
1	0.6072830622888555	0.6145343247075562	([695, 677], [695, 688, 677])
1	0.5762626014788674	0.6160552627415252	([331, 317], [331, 330, 318])
1	0.6174255399142592	0.6208070880132286	([202, 196], [202, 199, 198])
1	0.6198963677785209	0.6241523733269626	([198, 186], [198, 192, 186])
1	0.619350518525229	0.6248296048365284	([31, 12], [31, 26, 12])
1	0.6054949611849515	0.626059060967077	([254, 240], [254, 250, 240])
1	0.6020251044185053	0.626059060967077	([284, 250], [284, 250, 240])
1	0.6247113976922554	0.6290451089506682	([16, 2], [16, 13, 5])
1	0.5575663979788666	0.6306440375115768	([529, 513], [529, 521, 513])
1	0.6191549470464631	0.6312399868341094	([322, 289], [322, 313, 312])
1	0.6094189888044995	0.6326238909946791	([29, 14], [29, 25, 21])
1	0.5733563620519746	0.6330548765160696	([330, 318], [331, 328, 326])
1	0.6247442751322677	0.6355666906103417	([179, 153], [179, 178, 164])
1	0.6112164137268162	0.6357305978575593	([25, 11], [25, 15, 11])
1	0.6335996783419424	0.6365506624479345	([740, 721], [740, 724, 721])
1	0.6360143300674324	0.641843982394798	([22, 0], [22, 20, 0])
1	0.6203462312506096	0.6448582352218144	([24, 1], [24, 14, 3])
1	0.6293471597740191	0.6467833029221769	([191, 174], [191, 182, 179])
1	0.6214518301064669	0.6517311140540418	([379, 336], [379, 366, 335])
1	0.6444909073174347	0.6522791121517145	([29, 9], [29, 14, 9])
1	0.6400260706868882	0.6529272712448719	([776, 753], [776, 763, 750])
1	0.5561185507986414	0.6529272712448719	([770, 750], [776, 773, 750])
1	0.6267752359329395	0.6529619245905942	([341, 332], [346, 341, 332])
1	0.6253723353578995	0.6554997134342389	([786, 760], [786, 778, 760])
1	0.6467334987226596	0.6555174064538477	([156, 147], [156, 153, 151])
1	0.6562606951051911	0.6563461254629522	([144, 124], [144, 136, 124])
1	0.5968897398186699	0.6568845242964914	([368, 363], [370, 368, 363])
1	0.635012592952707	0.6569615365225253	([382, 325], [382, 379, 375])
1	0.6537625538340436	0.6596533609147143	([777, 759], [777, 765, 762])
1	0.6421737422754139	0.6603296946097509	([369, 355], [369, 366, 364])
1	0.6553444016589671	0.6617827864214667	([361, 334], [361, 344, 340])
1	0.6535914723868042	0.6620399857965074	([510, 493], [510, 503, 501])
1	0.597711044114989	0.6623995664589792	([406, 385], [406, 397, 396])
1	0.5572826021280654	0.6626073603327267	([284, 276], [284, 283, 276])
1	0.658099145394992	0.6630219144969451	([718, 368], [513, 512, 367])
1	0.5414613114747333	0.6640773479675827	([365, 359], [367, 365, 355])
1	0.6421902828468138	0.6655079747402723	([34, 5], [34, 26, 5])
1	0.5114575564707271	0.6660106730852217	([365, 331], [367, 364, 334])
1	0.6419120837013157	0.6661058887673901	([375, 344], [375, 344, 335])
1	0.6127233598551728	0.6661058887673901	([375, 325], [375, 366, 335])
1	0.6586640242643319	0.6677117931340811	([310, 259], [310, 279, 274])
1	0.5832446006010293	0.6680177470879044	([384, 377], [387, 381, 380])
1	0.520059096007159	0.6680827949634982	([290, 289], [306, 305, 290])
1	0.6659377013305395	0.6682279452622107	([253, 237], [254, 253, 237])
1	0.6355610295979647	0.6684290303482578	([713, 699], [713, 709, 699])
1	0.6537756367079852	0.6697067590110762	([767, 753], [776, 767, 764])
1	0.6417252010391228	0.6716575728162832	([230, 217], [230, 225, 224])
1	0.6657574695248498	0.6720274884899052	([134, 116], [135, 134, 116])
1	0.6710600846359128	0.672435443865766	([196, 165], [196, 185, 182])
1	0.5998477207304296	0.6726632377491133	([750, 737], [750, 747, 739])
1	0.6672918402323988	0.6731056063749719	([374, 330], [374, 371, 367])
1	0.6630419833853969	0.6734624830375915	([167, 147], [167, 161, 157])
1	0.6666988527921088	0.6736003800393708	([188, 172], [187, 180, 178])
1	0.6716873083003986	0.6741037157066448	([718, 357], [718, 513, 357])
1	0.6501653408697172	0.6743973764233976	([750, 723], [750, 739, 723])
1	0.6731292856737394	0.6750742023256523	([785, 718], [785, 763, 760])
1	0.6724070015979615	0.6758003775280075	([385, 335], [385, 384, 361])
1	0.6603052883168982	0.6764143651238245	([535, 514], [535, 532, 514])
1	0.6764819244384712	0.6769133543808815	([777, 721], [777, 764, 721])
1	0.666809410055968	0.6783502461653346	([513, 497], [513, 509, 497])
1	0.6723398537878248	0.6786441813509648	([718, 650], [718, 648, 513])
1	0.6756803414696049	0.680084043908853	([383, 360], [383, 369, 360])
1	0.6483483961865101	0.6808899229262717	([714, 696], [714, 707, 700])
1	0.6799160964995408	0.6813904096836797	([500, 375], [501, 500, 373])
1	0.6590542914533114	0.6817305659870797	([793, 761], [794, 793, 761])
1	0.6796870373766152	0.6817934939727441	([795, 759], [795, 775, 759])
1	0.6807526141037302	0.6823423054227011	([459, 433], [459, 450, 441])
1	0.6789765643426918	0.6829163490888471	([164, 127], [164, 148, 137])
1	0.6814813393319532	0.6830416718528822	([371, 353], [371, 368, 363])
1	0.6765210253878863	0.6831276128514822	([526, 508], [526, 516, 513])
1	0.6741687016848784	0.6832618095411266	([163, 130], [163, 149, 138])
1	0.6539300832961367	0.6833386814028467	([514, 493], [514, 513, 493])
1	0.6420573836625886	0.6836440810290142	([398, 318], [400, 398, 318])
1	0.6599006360593443	0.6836889139762986	([501, 373], [504, 500, 375])
1	0.6537641374576298	0.6836889139762986	([511, 325], [511, 504, 375])
1	0.682154239591874	0.6837913851419949	([171, 146], [171, 158, 156])
1	0.6825348230343167	0.6841315449227016	([275, 243], [275, 257, 243])
1	0.5995181602518137	0.6851304084939982	([384, 363], [382, 375, 366])
1	0.6642803820004628	0.6852109361171683	([178, 147], [178, 167, 164])
1	0.6474420130323543	0.6856237033287961	([220, 198], [220, 216, 198])
1	0.6586476069713476	0.6858661085378617	([497, 366], [501, 497, 379])
1	0.6629916079058578	0.6864824281151221	([537, 520], [537, 534, 520])
1	0.6708233042894617	0.6866246513191857	([508, 377], [508, 504, 374])
1	0.6682173727930285	0.6866791309647757	([464, 317], [483, 475, 473])
1	0.6706122281801659	0.6873076217383978	([583, 565], [583, 571, 569])
1	0.6827865616706852	0.6883299773263606	([377, 332], [377, 348, 332])
1	0.6719675106852245	0.6884097136530254	([506, 382], [506, 497, 379])
1	0.6457275360053094	0.6894056878782611	([659, 639], [659, 649, 639])
1	0.6893760028229977	0.6896438376027232	([658, 638], [658, 647, 638])
1	0.6575958153632425	0.6914923376710941	([750, 691], [750, 691, 675])
1	0.6839312305218092	0.6919501249949795	([764, 744], [762, 746, 744])
1	0.6669907395896891	0.6919501249949795	([763, 718], [762, 750, 746])
1	0.6705517997900504	0.6920439211393081	([750, 529], [750, 529, 512])
1	0.6885211131760035	0.6921716956657167	([148, 117], [148, 132, 124])
1	0.6652237159477731	0.6930513667286213	([143, 120], [143, 138, 120])
1	0.6874614861018316	0.6933992084216345	([170, 143], [170, 158, 148])
1	0.6388134128954661	0.6936136974052383	([794, 749], [794, 761, 759])
1	0.6864964898193174	0.6940041553005808	([385, 32], [385, 383, 32])
1	0.6624113506611101	0.6943895257414417	([513, 478], [513, 493, 478])
1	0.6917972282629979	0.694465050459056	([210, 185], [210, 194, 185])
1	0.6813179714996362	0.6945320806897143	([502, 371], [511, 503, 502])
1	0.6815513876533547	0.6958985353151865	([152, 116], [152, 143, 120])
1	0.6859705349342063	0.6960979152095677	([496, 377], [496, 491, 375])
1	0.6341535092329542	0.6960979152095677	([511, 491], [500, 496, 375])
1	0.6835760113746657	0.6965908120962123	([786, 748], [786, 777, 748])
1	0.6936342192706363	0.6968652432065306	([795, 383], [795, 786, 775])
1	0.6463671754948538	0.6969574012277872	([416, 385], [416, 397, 385])
1	0.6904750160970541	0.6977730463153221	([780, 749], [780, 764, 749])
1	0.6607678823778218	0.6979589226485228	([765, 737], [765, 764, 722])
1	0.6972566243683785	0.698615927833448	([743, 714], [745, 743, 714])
1	0.6980431811485047	0.6986830331779297	([718, 639], [718, 648, 639])
1	0.680434089928176	0.6992329955638239	([152, 25], [152, 34, 26])
1	0.6806627591589173	0.6993275959973542	([381, 364], [501, 381, 364])
1	0.6787451678674634	0.6993275959973542	([503, 364], [503, 501, 364])
1	0.6544875676124654	0.6993467547867168	([501, 377], [504, 497, 495])
1	0.6663851316748233	0.6998352384683724	([760, 743], [760, 755, 743])
1	0.6741343359607103	0.7015440158699363	([769, 321], [771, 770, 320])
1	0.6765454012351445	0.7019700395965925	([288, 264], [288, 277, 274])
1	0.6968672431949237	0.7025585294101251	([181, 155], [181, 177, 155])
1	0.6717365299315127	0.7027124799345104	([430, 385], [430, 418, 415])
1	0.6939983045039179	0.7027906233988053	([412, 384], [422, 414, 384])
1	0.6655729756349665	0.702840336410776	([366, 349], [366, 349, 347])
1	0.683867580734269	0.7030180659729567	([325, 276], [325, 323, 279])
1	0.6785950913546168	0.7030821981667746	([665, 641], [665, 655, 641])
1	0.670043452212698	0.7039745326035709	([640, 622], [640, 633, 622])
1	0.6981731451454408	0.7052355952906929	([220, 173], [220, 216, 181])
1	0.687749313619866	0.7053934845267226	([166, 139], [166, 152, 139])
1	0.6855093039197154	0.7054212893663814	([655, 366], [655, 651, 366])
1	0.6599491792614668	0.7060060435535441	([516, 375], [516, 512, 496])
1	0.6645270595211847	0.7061701282140075	([746, 716], [746, 741, 718])
1	0.6834459914974472	0.7063066790884619	([408, 317], [411, 396, 392])
1	0.6594014225634962	0.706897026834624	([705, 678], [705, 699, 678])
1	0.6697508066697975	0.7071401998602709	([513, 431], [513, 429, 413])
1	0.6605863599787525	0.7075213092435082	([279, 228], [274, 255, 246])
1	0.664914397783958	0.7077115134575792	([32, 1], [32, 23, 2])
1	0.7005928168507816	0.7080638932804143	([507, 363], [507, 384, 383])
1	0.6960225555306079	0.7081578172648971	([180, 141], [180, 167, 157])
1	0.6605457182723622	0.7087027385171737	([768, 721], [765, 748, 746])
1	0.6054903753315343	0.7091510088797179	([513, 381], [513, 386, 385])
1	0.7009902394414	0.709775381586288	([487, 464], [487, 473, 469])
1	0.6887241079922951	0.7097958106861427	([498, 384], [497, 384, 368])
1	0.6311104935772939	0.7097958106861427	([504, 374], [513, 497, 368])
1	0.6968456676408014	0.7099368471854012	([578, 318], [586, 578, 569])
1	0.6905389031059093	0.7103637646110551	([335, 234], [335, 234, 222])
1	0.7101483602988847	0.7105452971901095	([198, 171], [216, 198, 171])
1	0.6878466628338102	0.7105452971901095	([205, 171], [216, 205, 171])
1	0.707277722081857	0.7107441059378654	([497, 355], [497, 369, 366])
1	0.6979598240380743	0.7109275765098844	([772, 312], [775, 772, 288])
1	0.6904222143545796	0.7109949931329307	([176, 142], [176, 170, 142])
1	0.693256880494679	0.7113875386681457	([380, 352], [380, 375, 352])
1	0.7052959492405735	0.7114772046438782	([783, 374], [783, 763, 759])
1	0.6892105168976406	0.7117426710983028	([374, 280], [374, 288, 280])
1	0.7074477524927636	0.7117718860349822	([215, 150], [215, 170, 150])
1	0.6908218261523144	0.7119354275226203	([219, 175], [219, 192, 180])
1	0.6671313237251607	0.7119354275226203	([216, 181], [220, 219, 180])
1	0.6994521985034214	0.7120865445114767	([363, 164], [364, 363, 164])
1	0.691614625110744	0.7122169906740958	([390, 364], [390, 386, 364])
1	0.6883157972471754	0.7123186854410879	([762, 383], [795, 762, 750])
1	0.7100360565898379	0.7126808827080687	([702, 644], [701, 657, 656])
1	0.7058007451331132	0.7129328070895427	([704, 639], [704, 696, 639])
1	0.6917884524122703	0.7131269887237779	([422, 384], [414, 394, 392])
1	0.647606915795447	0.7133838550067151	([701, 318], [701, 695, 657])
1	0.6904680243035012	0.713582624703561	([718, 686], [718, 713, 686])
1	0.6971766027097078	0.7136005566765785	([713, 675], [713, 691, 686])
1	0.6882229700997337	0.7136245864685677	([374, 357], [374, 357, 330])
1	0.7003711894624706	0.7142757650309999	([218, 178], [223, 218, 164])
1	0.6693495938656847	0.7142757650309999	([364, 218], [364, 218, 164])
1	0.7141218361068497	0.7148476031025668	([697, 658], [697, 688, 669])
1	0.7130848621571444	0.7152017182104289	([223, 28], [223, 220, 29])
1	0.6931110702237557	0.7152017182104289	([220, 29], [228, 223, 29])
1	0.6542155383966376	0.7152897464736151	([750, 648], [750, 675, 658])
1	0.662069818828859	0.7161351623601702	([556, 513], [556, 540, 522])
1	0.7096331077120884	0.7162384443733698	([389, 329], [389, 385, 335])
1	0.6903458636593423	0.7163965210398613	([678, 513], [678, 651, 649])
1	0.6841207080772604	0.7163965210398613	([678, 650], [678, 669, 651])
1	0.7079806137081303	0.7165487710082284	([175, 131], [175, 146, 134])
1	0.6620298811278515	0.7167569216493572	([513, 360], [513, 368, 357])
1	0.7131291137386988	0.7170931580841486	([194, 166], [194, 183, 166])
1	0.5977533350065624	0.7171963019815933	([284, 243], [308, 278, 243])
1	0.7131349737974157	0.7174508133844544	([146, 29], [141, 132, 29])
1	0.7166858722973442	0.7175317205633143	([79, 43], [79, 62, 43])
1	0.7168629024196866	0.717650869324833	([692, 643], [699, 692, 678])
1	0.7066413261107548	0.7176606565373563	([219, 144], [219, 175, 144])
1	0.7173560104128629	0.7179297540599473	([176, 27], [176, 175, 27])
1	0.7103786186024884	0.7181189381977224	([716, 364], [716, 703, 702])
1	0.7086068385635046	0.7182922773875545	([692, 652], [692, 688, 652])
1	0.6604983363812844	0.7185500644144919	([450, 317], [464, 450, 443])
1	0.7076309216287295	0.7195835617362494	([685, 640], [685, 675, 640])
1	0.70007631804421	0.7196721970759801	([697, 384], [717, 701, 697])
1	0.6812785221197356	0.7197425068922108	([718, 320], [718, 320, 287])
1	0.7134335031065601	0.7200472430613272	([775, 713], [775, 759, 717])
1	0.6840750218772907	0.7203416744184382	([438, 318], [454, 438, 436])
1	0.7124033188990441	0.7203644037255781	([513, 274], [513, 274, 253])
1	0.7145722345987929	0.7205699732224519	([193, 160], [193, 182, 171])
1	0.6639079634988115	0.7206849756489946	([773, 308], [773, 769, 308])
1	0.697936055060173	0.7208155120155504	([751, 698], [751, 750, 703])
1	0.6208319248711902	0.7210603084520716	([383, 332], [383, 360, 331])
1	0.716912127282537	0.721104025948612	([213, 130], [216, 213, 130])
1	0.6995597109484977	0.7212321484192432	([494, 460], [513, 478, 471])
1	0.7096311546673824	0.7214546870417436	([697, 642], [691, 677, 641])
1	0.7138313076932393	0.7217511456855931	([384, 161], [384, 161, 138])
1	0.7088078692873091	0.7217743114421463	([775, 734], [775, 734, 724])
1	0.7081833526468762	0.7220341945588775	([528, 383], [534, 519, 514])
1	0.7077532659615573	0.7221091237679795	([461, 431], [461, 443, 431])
1	0.694274772707909	0.722186612799988	([575, 385], [584, 575, 385])
1	0.6736140184675161	0.7226309163320538	([318, 269], [318, 269, 252])
1	0.6658361670686169	0.723122933426577	([651, 513], [718, 661, 650])
1	0.7057187543530394	0.7231896647792069	([696, 645], [704, 701, 644])
1	0.7215251078910735	0.7232319754802374	([560, 525], [560, 540, 539])
1	0.7214670537298815	0.7237098397561164	([755, 713], [756, 755, 713])
1	0.6948018373121	0.7240628340678372	([197, 161], [197, 182, 161])
1	0.7031144255006652	0.7242317408142327	([383, 321], [383, 331, 324])
1	0.6996176040337919	0.7242421338006685	([236, 153], [236, 173, 153])
1	0.6862965476136296	0.7243629193088958	([650, 383], [650, 638, 637])
1	0.6777586571273848	0.7244273764120731	([364, 142], [364, 218, 142])
1	0.682407317140581	0.7245854052307806	([175, 120], [175, 131, 120])
1	0.7171967353275085	0.7247808220242912	([71, 40], [71, 58, 46])
1	0.7149472420129066	0.72479540353947	([178, 115], [178, 175, 115])
1	0.7014118875821247	0.724943029313741	([702, 661], [702, 696, 661])
1	0.7138126483455014	0.7252947475975559	([120, 24], [122, 120, 23])
1	0.6966882626713347	0.7254387091595804	([524, 501], [529, 524, 501])
1	0.7007713213265069	0.7256436722443713	([465, 430], [465, 446, 430])
1	0.6088227163081829	0.7257323339438302	([512, 367], [513, 381, 360])
1	0.7201572623334518	0.7257588271139034	([218, 35], [218, 142, 35])
1	0.7116202630463253	0.7263977958794026	([614, 581], [614, 593, 588])
1	0.7073876994849113	0.7269017504323834	([209, 176], [209, 198, 196])
1	0.6938788682670023	0.7269017504323834	([227, 196], [227, 209, 196])
1	0.6863091442475272	0.7270063416150291	([489, 462], [494, 489, 460])
1	0.7105895432639807	0.727016865193159	([328, 255], [350, 336, 255])
1	0.7101376642564343	0.7273950629771572	([267, 230], [267, 253, 230])
1	0.7104844285247379	0.7277278484021377	([611, 587], [611, 604, 595])
1	0.6506904330622058	0.7278796734597388	([750, 675], [750, 719, 715])
1	0.7025873179121467	0.7282593376025738	([377, 28], [377, 325, 28])
1	0.7203431819567977	0.7283950758838343	([162, 119], [162, 161, 122])
1	0.7025943750395796	0.7286400462670093	([769, 735], [769, 765, 735])
1	0.6901142533299364	0.7287991431083032	([507, 383], [507, 500, 363])
1	0.7130048000305123	0.7288410838120459	([747, 646], [747, 745, 641])
1	0.6913109769605411	0.7288410838120459	([745, 641], [750, 747, 641])
1	0.7218229032996651	0.7288410838120459	([761, 641], [761, 747, 641])
1	0.6758211840064775	0.7288671045716711	([186, 127], [186, 177, 127])
1	0.7062220630231476	0.7290055549813079	([703, 649], [703, 695, 649])
1	0.7118036650267704	0.7291930649801857	([128, 14], [128, 14, 4])
1	0.6596992144103841	0.7293233197432616	([775, 288], [789, 769, 308])
1	0.695139096779439	0.7296091101549101	([786, 0], [786, 34, 0])
1	0.7214424018353416	0.7296214046579731	([785, 707], [786, 748, 707])
1	0.7159453196549478	0.7298114782250681	([708, 672], [708, 694, 672])
1	0.6894043084352449	0.7299207254949359	([160, 131], [175, 160, 146])
1	0.7041504358234568	0.7299840573852862	([755, 502], [755, 750, 512])
1	0.7205413863096884	0.7303212808166728	([123, 29], [132, 123, 118])
1	0.6551744971042522	0.7303581442496051	([750, 493], [750, 505, 493])
1	0.6959155588346952	0.7305530341107247	([643, 502], [648, 643, 505])
1	0.7194553292397893	0.730731728473357	([230, 187], [230, 200, 195])
1	0.7089122510110051	0.730731728473357	([239, 195], [230, 214, 200])
1	0.721683960241492	0.7308399863440705	([148, 27], [148, 132, 30])
1	0.6332569622623457	0.7309054823900268	([514, 383], [528, 508, 507])
1	0.7053994669937765	0.7310411118569083	([709, 662], [709, 689, 679])
1	0.7266872189672586	0.7311788067954638	([666, 643], [666, 652, 648])
1	0.7066734414340228	0.7312664498930982	([759, 717], [775, 765, 734])
1	0.6424202272400944	0.731285806790776	([753, 701], [750, 744, 703])
1	0.716611711605531	0.7312929214634708	([745, 686], [745, 714, 708])
1	0.7217529959837745	0.731340217705072	([110, 27], [134, 110, 27])
1	0.711816860895001	0.731340217705072	([134, 24], [148, 134, 27])
1	0.7000462394543991	0.731340217705072	([175, 15], [175, 134, 27])
1	0.6405335185396238	0.7314090046266173	([585, 513], [590, 583, 564])
1	0.7275903049169119	0.7314544325131019	([220, 6], [220, 28, 13])
1	0.7300833857436168	0.7316211757488478	([751, 677], [751, 698, 677])
1	0.7024440896875859	0.7317152897000888	([128, 0], [128, 120, 14])
1	0.7128614234097326	0.7317277017885641	([785, 366], [785, 384, 345])
1	0.7094096485588385	0.7318623905743045	([238, 206], [238, 220, 218])
1	0.6920269739288747	0.7321045981028824	([215, 170], [218, 215, 142])
1	0.7298134325508258	0.7321485678466753	([536, 374], [536, 525, 517])
1	0.6240914733928996	0.7326180858144291	([718, 666], [718, 714, 639])
1	0.687106777782223	0.732700350212464	([183, 128], [183, 163, 128])
1	0.7323762443839659	0.7327867672195996	([116, 30], [132, 118, 30])
1	0.7196672290944639	0.7329286972182845	([516, 461], [516, 491, 461])
1	0.7316098148353564	0.7329758668598579	([336, 11], [336, 24, 11])
1	0.7257752179087689	0.7330418443855282	([212, 136], [216, 212, 136])
1	0.7205591040822428	0.7330702238981432	([484, 385], [484, 463, 385])
1	0.7309115294557569	0.7331050782950308	([779, 719], [779, 772, 763])
1	0.6904369302409449	0.7333243196305955	([387, 353], [387, 379, 353])
1	0.7184978827438947	0.7333618891480012	([647, 512], [750, 658, 512])
1	0.6898131175131142	0.7337252891851062	([161, 122], [162, 147, 117])
1	0.71457200265914	0.7338480031602956	([766, 311], [770, 766, 311])
1	0.7010834082886046	0.7339311821535696	([280, 193], [280, 228, 193])
1	0.7283116687426495	0.7339994127904464	([384, 187], [384, 207, 192])
1	0.6897469522591818	0.7341234287835187	([468, 385], [513, 468, 460])
1	0.7244085982652498	0.7341234287835187	([515, 468], [515, 513, 468])
1	0.7148962249977366	0.7342654303850569	([234, 176], [234, 227, 196])
1	0.7258555316726223	0.7345319715280372	([288, 195], [288, 280, 239])
1	0.731019173780325	0.7345395771065694	([718, 621], [718, 639, 635])
1	0.7330689425561948	0.7346075213829403	([281, 238], [281, 278, 238])
1	0.7154027101129191	0.7347907753692889	([283, 266], [283, 278, 266])
1	0.6907041972759858	0.7348704983322553	([226, 177], [234, 226, 177])
1	0.7073679609200757	0.7350095669994959	([691, 510], [796, 775, 713])
1	0.7313118311794935	0.7350531935428422	([131, 26], [141, 131, 26])
1	0.6998728731825207	0.7350531935428422	([132, 31], [152, 141, 26])
1	0.6960198969547902	0.7350531935428422	([163, 26], [163, 141, 26])
1	0.7295255301052183	0.7352140226063297	([660, 618], [660, 652, 618])
1	0.6881573963381408	0.7353487893146332	([756, 712], [748, 740, 712])
1	0.657166508023113	0.7355063897601937	([451, 383], [451, 436, 383])
1	0.7068821359546049	0.7355977092242904	([746, 697], [747, 746, 697])
1	0.6938379703472518	0.7358884293867466	([778, 642], [761, 757, 642])
1	0.6969991601167017	0.7359248748238212	([220, 127], [220, 132, 127])
1	0.6913263718074281	0.7359248748238212	([228, 29], [220, 181, 132])
1	0.7156697606319212	0.7362185151710874	([699, 643], [692, 689, 645])
1	0.7005334858959171	0.736219798639313	([699, 383], [786, 707, 706])
1	0.7280422816500165	0.7363315073971481	([483, 455], [483, 470, 469])
1	0.7034346715221016	0.7363722619923133	([501, 328], [501, 364, 335])
1	0.7258161374508038	0.7366750913912206	([721, 360], [721, 360, 333])
1	0.7134064912764113	0.736723523139701	([748, 384], [745, 697, 695])
1	0.7270610368767704	0.7367635041338622	([693, 512], [708, 705, 512])
1	0.7126110253292868	0.7367884196414395	([335, 311], [335, 325, 279])
1	0.7045031253197764	0.736958767328915	([202, 162], [202, 192, 162])
1	0.7325211387923523	0.7369977164950618	([333, 176], [333, 176, 152])
1	0.6921740169672687	0.7370316189053998	([786, 375], [792, 786, 496])
1	0.7282149899663655	0.7371215352971738	([197, 145], [197, 161, 160])
1	0.6642292057011566	0.7374482691450788	([223, 164], [218, 191, 178])
1	0.7265311577974759	0.7375732705964253	([780, 332], [780, 762, 332])
1	0.6620835664382038	0.7376570725792615	([513, 413], [513, 413, 400])
1	0.5747528381751577	0.7377503742457279	([513, 385], [513, 454, 447])
1	0.6970071936110751	0.7382430580310827	([124, 32], [124, 116, 32])
1	0.728425997536441	0.7383074435335141	([571, 536], [571, 547, 536])
1	0.7242316322794999	0.7384432050939823	([699, 29], [699, 661, 656])
1	0.7339599026813997	0.7385778636069131	([198, 140], [198, 173, 157])
1	0.7308900494349038	0.7386069307004126	([252, 194], [288, 252, 239])
1	0.6714254005438786	0.7386069307004126	([374, 261], [374, 288, 252])
1	0.6862630166082282	0.7386107922784998	([702, 364], [702, 644, 643])
1	0.7365687805132489	0.7386832444518046	([342, 179], [342, 329, 325])
1	0.5971188172031138	0.738772453832287	([284, 217], [284, 240, 217])
1	0.7335435084761324	0.7388695533391533	([154, 2], [154, 24, 2])
1	0.6954413477989619	0.7389900145426231	([506, 331], [506, 373, 372])
1	0.6850889386072593	0.7393351280193294	([694, 364], [702, 694, 678])
1	0.6699536506632956	0.739430127727744	([330, 223], [380, 374, 252])
1	0.7198064967534261	0.739430127727744	([382, 236], [382, 380, 252])
1	0.7338930110158085	0.7397651913990282	([224, 185], [234, 224, 185])
1	0.6921720531281836	0.7397667491720183	([782, 513], [782, 750, 512])
1	0.7287868377951559	0.7397667491720183	([779, 705], [782, 779, 512])
1	0.7309220649530134	0.7397799573400095	([702, 494], [643, 502, 495])
1	0.7112404590672783	0.7397799573400095	([644, 495], [644, 643, 495])
1	0.657615104758917	0.7403011150144941	([443, 385], [463, 443, 437])
1	0.7274400379367894	0.7403826442782764	([521, 499], [521, 513, 511])
1	0.7374789820269909	0.7404541656208867	([795, 696], [795, 779, 705])
1	0.670338703332062	0.7405017953728761	([642, 503], [655, 642, 366])
1	0.7180349406773531	0.740700492232303	([693, 366], [693, 669, 655])
1	0.7380615317628989	0.7409380919032983	([383, 105], [383, 124, 105])
1	0.7295257983307402	0.7410113225205306	([219, 1], [219, 164, 0])
1	0.7232894015820412	0.7410113225205306	([164, 0], [224, 219, 0])
1	0.7171073354938846	0.7410113225205306	([252, 0], [252, 219, 0])
1	0.7260492005385323	0.7410113225205306	([367, 228], [367, 219, 0])
1	0.7269404387465312	0.7411974771504055	([644, 367], [721, 651, 648])
1	0.6719016733831608	0.7411974771504055	([721, 651], [721, 718, 648])
1	0.6953622049901744	0.7412039131382241	([169, 113], [228, 165, 113])
1	0.6789286897484442	0.7413279431711854	([586, 318], [614, 586, 581])
1	0.733228112853977	0.7414757494151314	([353, 28], [369, 364, 28])
1	0.6294832192963222	0.7415759874867299	([454, 384], [454, 453, 384])
1	0.7228505560973892	0.7415879898479056	([329, 277], [329, 323, 277])
1	0.6975669046483295	0.7416056771512478	([384, 315], [384, 383, 324])
1	0.7347801288958988	0.7416079602861146	([527, 490], [527, 509, 502])
1	0.6932942836117352	0.7416279973248274	([122, 23], [131, 120, 26])
1	0.7141768361302032	0.7417919440337906	([239, 171], [239, 195, 190])
1	0.7292344232070576	0.7418560277958647	([332, 304], [332, 327, 316])
1	0.6883338737522084	0.7418560277958647	([359, 316], [359, 332, 316])
1	0.7042292175485232	0.7420426725954729	([511, 311], [511, 336, 311])
1	0.7064584165275326	0.7422220344123807	([677, 623], [677, 641, 623])
1	0.7259976841024631	0.7424527086858845	([705, 512], [714, 705, 512])
1	0.724551054351039	0.7424527086858845	([714, 332], [755, 714, 512])
1	0.7305622772847686	0.7424617909013158	([636, 513], [636, 613, 513])
1	0.6730531080200681	0.7424846806240761	([400, 328], [400, 328, 327])
1	0.7416735388944516	0.7425265056969953	([163, 1], [163, 128, 127])
1	0.7046663348094541	0.7425575793419408	([156, 28], [151, 139, 132])
1	0.73508091221848	0.7426082450208873	([761, 21], [794, 761, 0])
1	0.7302750716851995	0.7427599971215817	([234, 129], [234, 185, 136])
1	0.7424054244901739	0.7429395361699249	([363, 10], [363, 325, 12])
1	0.715134788891586	0.7430650955436572	([759, 643], [759, 672, 655])
1	0.6749318027711978	0.7430650955436572	([746, 657], [759, 746, 655])
1	0.7334184403191524	0.7431941179863003	([428, 377], [428, 410, 409])
1	0.7314545298544649	0.7433083745984338	([436, 408], [436, 433, 408])
1	0.7352956608575801	0.7433706947132795	([743, 693], [721, 719, 700])
1	0.699298639205683	0.7434209657749797	([308, 261], [308, 261, 252])
1	0.6556164290361769	0.7434209657749797	([318, 252], [318, 308, 252])
1	0.7252782404171242	0.7434444045646086	([149, 31], [149, 128, 115])
1	0.7373902989551142	0.7434753056480957	([761, 731], [767, 761, 731])
1	0.7275400568319023	0.7436707638947724	([479, 452], [479, 463, 461])
1	0.730558222142593	0.7438243800559785	([759, 341], [762, 759, 332])
1	0.6466408024972743	0.744277875400392	([228, 163], [228, 218, 163])
1	0.7267584690741186	0.7442867308260068	([721, 367], [721, 367, 360])
1	0.7090238675173703	0.7443461906522528	([760, 645], [760, 759, 643])
1	0.7443200951658014	0.7443590497809612	([83, 34], [110, 100, 34])
1	0.7328629094167765	0.7446315654725576	([607, 385], [635, 626, 385])
1	0.7366338303601582	0.7447113078905943	([686, 615], [718, 686, 615])
1	0.6696567244057896	0.7450218062204017	([513, 326], [513, 368, 326])
1	0.7419737457213986	0.7452081728638349	([711, 660], [713, 711, 660])
1	0.716689574774557	0.7452122205476956	([724, 688], [724, 710, 702])
1	0.7176557420783791	0.7452969707649237	([721, 629], [721, 718, 631])
1	0.7352366809964356	0.7453654248445438	([721, 504], [745, 721, 716])
1	0.6917322024391632	0.7455386219219942	([749, 705], [749, 745, 705])
1	0.7218001585895462	0.7456057420148716	([383, 206], [383, 206, 196])
1	0.7381501522602989	0.7456461453560689	([238, 150], [238, 167, 154])
1	0.7211625885578523	0.7456766462442427	([125, 12], [125, 32, 23])
1	0.721404317883712	0.7457342896165614	([201, 34], [201, 184, 152])
1	0.6364415850991295	0.7458533475820619	([786, 383], [796, 780, 324])
1	0.7152075277592834	0.7458718093403734	([251, 181], [251, 236, 181])
1	0.7084829147712949	0.7459648988673865	([214, 146], [214, 181, 168])
1	0.6750450443010046	0.7460327581973282	([328, 128], [328, 160, 139])
1	0.6985234243822795	0.7460327581973282	([366, 139], [366, 328, 139])
1	0.6945630831345321	0.746128222207701	([210, 160], [210, 201, 160])
1	0.7079424319812305	0.746128222207701	([328, 201], [328, 201, 160])
1	0.7298367872802839	0.7462494626934051	([696, 623], [696, 677, 661])
1	0.6997642773868573	0.7462753425060961	([721, 489], [721, 504, 491])
1	0.7431742616831847	0.7463277685493171	([265, 175], [265, 251, 175])
1	0.7406834451416625	0.7463649922967294	([664, 614], [674, 664, 610])
1	0.7118572777324382	0.7467414674738361	([647, 353], [647, 375, 353])
1	0.6890569839333828	0.7467415992671088	([647, 375], [647, 512, 500])
1	0.7067856212852204	0.7467483231710874	([492, 332], [500, 492, 363])
1	0.7413000698055888	0.7468191452407696	([761, 695], [761, 695, 641])
1	0.6811056197424287	0.7468536230801127	([216, 137], [219, 212, 147])
1	0.6936500741073433	0.7468612829096879	([328, 106], [328, 128, 119])
1	0.7308205565767841	0.7468612829096879	([336, 119], [336, 328, 119])
1	0.6333419322638622	0.7469452716566611	([750, 512], [777, 757, 652])
1	0.7377443746558577	0.7471873467613119	([238, 167], [238, 235, 167])
1	0.7027632198442669	0.7472615256723663	([513, 253], [513, 248, 232])
1	0.7406735293160507	0.7475223074050769	([646, 607], [675, 646, 607])
1	0.7435905167768458	0.7475277582071542	([440, 403], [440, 430, 383])
1	0.7217197994863354	0.7476081660666122	([325, 179], [325, 215, 170])
1	0.7218127760835922	0.7476558769882227	([751, 644], [757, 751, 644])
1	0.7474940647719469	0.7478107197723535	([741, 699], [741, 711, 709])
1	0.7284445021675946	0.7478118458050448	([235, 168], [235, 227, 196])
1	0.7369017432845857	0.7478957506207632	([199, 138], [199, 185, 138])
1	0.7183004277179256	0.7479884858889131	([275, 187], [275, 249, 230])
1	0.730054216511498	0.7479884858889131	([286, 230], [286, 275, 230])
1	0.7406253806620293	0.7481213132068253	([767, 286], [770, 767, 315])
1	0.7475554119013628	0.7481341391903273	([748, 660], [748, 745, 660])
1	0.6756026364465407	0.7485551780991048	([510, 334], [510, 497, 334])
1	0.7186848337403837	0.7486234658324257	([750, 277], [762, 750, 277])
1	0.7391846784736572	0.7486883252306858	([486, 384], [486, 484, 384])
1	0.7136121785474245	0.7488820395557371	([749, 352], [749, 379, 353])
1	0.6955411268987737	0.7489023077084694	([759, 374], [795, 783, 650])
1	0.6815783338633836	0.7489832532570162	([222, 115], [165, 143, 131])
1	0.6995974502445952	0.7490786807042237	([200, 148], [200, 199, 138])
1	0.7107049269806943	0.7492976656047865	([384, 138], [384, 214, 161])
1	0.7429816461087864	0.749396191045306	([273, 186], [273, 265, 186])
1	0.7039285823028906	0.7496132717786163	([139, 28], [139, 132, 9])
1	0.7485593298679909	0.7496283174690288	([700, 526], [756, 700, 697])
1	0.7475694160887189	0.7496843654162156	([653, 368], [653, 644, 499])
1	0.7372014260280356	0.7497522181778449	([117, 36], [117, 109, 36])
1	0.685560879863104	0.7499293063122585	([762, 311], [766, 762, 753])
1	0.7486683306916921	0.7499394662149972	([758, 692], [758, 721, 716])
1	0.6784022776277526	0.7499556105296057	([515, 328], [515, 502, 501])
1	0.7481370880649636	0.7500781124271404	([435, 325], [435, 427, 417])
1	0.7349679850499174	0.75012638501217	([493, 337], [500, 493, 373])
1	0.7015185565331254	0.7501961011485269	([351, 229], [351, 349, 223])
1	0.7312603687566267	0.7502050846015351	([423, 325], [423, 408, 399])
1	0.7358914744749618	0.7502307681398585	([304, 247], [304, 247, 152])
1	0.7439196749297897	0.7502316570101977	([223, 186], [223, 217, 186])
1	0.7411561493439999	0.750316140775317	([191, 111], [202, 191, 111])
1	0.7037137250922956	0.7503399103752425	([233, 114], [233, 219, 114])
1	0.6738701232889361	0.7503587434970725	([738, 317], [769, 738, 722])
1	0.7368389138300524	0.7504141574728771	([362, 21], [362, 336, 34])
1	0.7091457896624744	0.750430239668372	([345, 225], [353, 345, 225])
1	0.7349806249075684	0.7504711785845002	([585, 383], [611, 609, 383])
1	0.7071450943891354	0.7505151017074496	([758, 373], [759, 758, 373])
1	0.7375174861522176	0.7505458186219508	([348, 308], [348, 325, 278])
1	0.6916176822900545	0.7507478961284301	([649, 360], [651, 649, 351])
1	0.7451948475973984	0.7508114087595836	([141, 84], [141, 129, 84])
1	0.7384708730735374	0.7509126154745241	([404, 375], [404, 398, 375])
1	0.6959626194774227	0.7509146216688627	([195, 114], [195, 172, 114])
1	0.6937439467507533	0.7510589712959389	([645, 527], [645, 527, 502])
1	0.7241910082274979	0.7511724543186459	([559, 512], [559, 540, 535])
1	0.7076453594136777	0.7513616481072481	([704, 502], [704, 643, 639])
1	0.6945889538667914	0.7514019294301778	([222, 23], [223, 222, 23])
1	0.7050970938523096	0.7514748554530655	([785, 384], [785, 707, 693])
1	0.7486332951574549	0.7514757707480729	([645, 614], [664, 647, 645])
1	0.6694195805068103	0.7514897680549171	([750, 351], [750, 351, 326])
1	0.652968862575205	0.7515635201549785	([637, 383], [581, 566, 383])
1	0.6983894802909117	0.7516035499987569	([256, 153], [256, 230, 219])
1	0.7266500217003948	0.7516511671083564	([759, 698], [759, 747, 698])
1	0.74696524351559	0.7516511671083564	([770, 698], [770, 747, 698])
1	0.7189977116366532	0.7516708023464459	([721, 333], [647, 644, 367])
1	0.735789512508154	0.7518332353341386	([564, 374], [565, 541, 540])
1	0.6761980170583133	0.7518473467558441	([335, 221], [364, 335, 222])
1	0.7277956880451716	0.7519067493414293	([384, 234], [384, 234, 207])
1	0.7437610148959307	0.7519212364529625	([500, 2], [500, 367, 0])
1	0.685443511525012	0.7521505577622258	([364, 120], [364, 143, 142])
1	0.6022425422001498	0.75248530023913	([750, 325], [764, 763, 325])
1	0.7443711577453183	0.7525747826959474	([328, 5], [328, 139, 13])
1	0.7237146396699705	0.7525755244296674	([623, 325], [660, 623, 618])
1	0.7002133262517102	0.7526910830231425	([227, 33], [227, 223, 11])
1	0.6656776955469612	0.7528296415090459	([651, 369], [702, 501, 494])
1	0.7522375462110071	0.7528296415090459	([702, 525], [702, 525, 501])
1	0.6760383697316005	0.7528296415090459	([701, 501], [702, 701, 501])
1	0.705487095461044	0.7528335927003436	([118, 35], [118, 35, 30])
1	0.7361440527745859	0.7528652358868104	([277, 164], [277, 239, 190])
1	0.7029355494110762	0.7528849250624703	([308, 152], [308, 152, 109])
1	0.7373980490647429	0.7529043433726396	([717, 637], [759, 717, 637])
1	0.7472616916846093	0.7530145129429059	([366, 148], [366, 148, 139])
1	0.7452183648501872	0.7531008173606399	([490, 344], [490, 344, 327])
1	0.6834751177653071	0.7531403944257229	([757, 336], [757, 382, 362])
1	0.7365806892783946	0.7533328342689469	([380, 304], [515, 502, 304])
1	0.6814056094234725	0.7533362400472855	([796, 499], [794, 755, 502])
1	0.7180915455698895	0.7533762436201857	([267, 174], [267, 230, 206])
1	0.7078696550348527	0.7535194635858287	([768, 289], [788, 769, 312])
1	0.725296901725067	0.7536808819757624	([261, 218], [261, 252, 218])
1	0.6389610339125645	0.7536808819757624	([318, 218], [318, 252, 218])
1	0.749459595634672	0.7538209761678163	([784, 498], [792, 784, 498])
1	0.6838810277463281	0.7538516133943108	([773, 310], [773, 318, 315])
1	0.7333073792237894	0.7538754372903901	([339, 280], [339, 336, 319])
1	0.7477077736049363	0.7538972822420905	([583, 531], [583, 562, 537])
1	0.694927881070396	0.7539051243821846	([635, 385], [608, 592, 385])
1	0.7501905768180714	0.7541591291901215	([571, 328], [571, 556, 541])
1	0.743391045816463	0.7543211241272205	([364, 9], [504, 497, 364])
1	0.7496669270367615	0.7543392665164977	([230, 170], [230, 187, 185])
1	0.7440711037605766	0.7544220113037075	([134, 94], [134, 125, 94])
1	0.6793636597482822	0.7544281437994137	([325, 17], [325, 166, 156])
1	0.7296797059532054	0.7544946176148891	([110, 34], [163, 128, 83])
1	0.7381042967915613	0.7544946176148891	([164, 83], [164, 163, 83])
1	0.7121383930519162	0.7546860978243445	([708, 640], [708, 696, 618])
1	0.6667388397343138	0.7548356099696856	([364, 169], [325, 276, 221])
1	0.7518954455228603	0.7550663310488709	([493, 418], [493, 418, 373])
1	0.7216512957703479	0.7551343533532155	([793, 341], [793, 785, 341])
1	0.6234517243861677	0.7552089215938451	([395, 317], [399, 390, 316])
1	0.7415586760293014	0.7552089215938451	([405, 316], [405, 399, 316])
1	0.7175681506137828	0.7552527186324942	([128, 83], [128, 116, 83])
1	0.7071975796692218	0.7552613030339493	([535, 335], [535, 512, 497])
1	0.7040364023794098	0.7552949707025122	([256, 191], [256, 237, 230])
1	0.7027431239107158	0.7553026218162643	([288, 151], [375, 351, 151])
1	0.6705913709680968	0.7553280299998858	([721, 665], [721, 666, 665])
1	0.7441245766466054	0.7553504322803032	([336, 136], [351, 336, 136])
1	0.7132488216494299	0.7553676639033535	([487, 364], [494, 487, 364])
1	0.7367268357379757	0.7555570028920128	([377, 239], [377, 339, 239])
1	0.7318480408934618	0.7555826397205478	([532, 500], [532, 528, 498])
1	0.7041475951962994	0.7555976253089434	([649, 501], [649, 642, 638])
1	0.6869708216410505	0.7556026898332938	([650, 374], [778, 380, 373])
1	0.721568399307087	0.7556026898332938	([756, 380], [778, 756, 380])
1	0.7531456556527075	0.7556026898332938	([796, 380], [796, 778, 380])
1	0.6940796974076	0.7556583378741717	([513, 30], [513, 385, 30])
1	0.5868395759215969	0.7556771840322352	([374, 288], [364, 351, 216])
1	0.7082843767863443	0.7556922388545309	([675, 613], [675, 640, 635])
1	0.6707071652603259	0.7557300015247544	([328, 160], [328, 223, 222])
1	0.7459997669211407	0.7557385756920068	([743, 663], [760, 663, 643])
1	0.7532934609871751	0.7558067856031546	([333, 238], [333, 238, 176])
1	0.7450610446267759	0.7558383596711189	([535, 381], [535, 503, 495])
1	0.7363888464871616	0.7558907875298465	([683, 643], [683, 678, 643])
1	0.7545055959105226	0.7559654906433386	([501, 144], [501, 364, 144])
1	0.7514972081219342	0.7559974874248975	([642, 224], [642, 335, 222])
1	0.7359248912704616	0.7561067013941556	([225, 123], [225, 224, 130])
1	0.7522415215445849	0.7561067013941556	([345, 130], [345, 225, 130])
1	0.7224640388323595	0.7562279854183223	([289, 139], [289, 276, 228])
1	0.7455051205768982	0.7564601767116914	([643, 605], [643, 638, 605])
1	0.7059160172006412	0.756471835753709	([363, 34], [333, 176, 32])
1	0.7501955316863733	0.7564804670422441	([488, 441], [488, 475, 439])
1	0.6921792551962755	0.756540803943386	([375, 32], [500, 333, 32])
1	0.6800690463506459	0.7566237217967293	([68, 34], [74, 68, 34])
1	0.6460533995563158	0.7566237217967293	([152, 34], [83, 74, 34])
1	0.7522982423621	0.7566599551440015	([133, 85], [133, 119, 85])
1	0.6793526120912438	0.7568568620906481	([502, 304], [502, 331, 304])
1	0.7368698231996188	0.7568848946915254	([670, 502], [704, 703, 502])
1	0.722537251619161	0.7569062934480836	([776, 329], [776, 750, 325])
1	0.7417415561728202	0.7569437773504524	([469, 387], [469, 397, 387])
1	0.731124617299862	0.7569754350611928	([109, 54], [109, 75, 54])
1	0.726491319001995	0.7570554879878004	([325, 82], [179, 163, 83])
1	0.7306394935935712	0.7570722596567182	([690, 377], [700, 690, 688])
1	0.7461132934937655	0.7571411816752553	([316, 179], [332, 325, 179])
1	0.7171458134506394	0.757200674940038	([792, 327], [794, 792, 327])
1	0.7100188449856897	0.7572457734463598	([774, 709], [785, 774, 709])
1	0.7470706242605739	0.7572600251443082	([370, 130], [370, 345, 336])
1	0.7393735057598337	0.7573279646833575	([791, 664], [791, 707, 662])
1	0.7319208659567499	0.7573829727188385	([527, 360], [527, 502, 353])
1	0.7481129311756614	0.757452399082973	([751, 500], [751, 747, 500])
1	0.7336984886325448	0.7574873619210243	([392, 326], [392, 388, 326])
1	0.7348945854986012	0.7576687013779517	([648, 496], [648, 524, 513])
1	0.7301406554532177	0.7576687013779517	([656, 524], [656, 648, 524])
1	0.7229858605975233	0.7580019149209308	([199, 23], [199, 138, 11])
1	0.6794710209822278	0.7581332576738485	([224, 0], [164, 23, 0])
1	0.7331968865524844	0.7581909823905432	([402, 373], [426, 412, 373])
1	0.735883892677285	0.7582931062414983	([560, 492], [560, 559, 492])
1	0.7540511868963526	0.7583728504029374	([662, 373], [708, 666, 662])
1	0.7352620473924782	0.7583881934670267	([384, 257], [384, 257, 241])
1	0.7471431854898782	0.7583950101108817	([265, 148], [265, 175, 136])
1	0.6838146268574342	0.7584844573395918	([770, 328], [770, 328, 322])
1	0.753577463004207	0.7585758036764885	([159, 71], [159, 141, 84])
1	0.6672913429372201	0.758578660308217	([671, 34], [786, 675, 671])
1	0.729625489154965	0.7586887760539721	([196, 132], [196, 185, 140])
1	0.7184660133226644	0.7587699914855018	([276, 192], [274, 231, 192])
1	0.7359290255236941	0.7588208737984328	([205, 123], [205, 201, 123])
1	0.7588482616699501	0.7588833337206328	([444, 374], [464, 444, 430])
1	0.7250951784749278	0.7589562533166947	([244, 204], [251, 242, 204])
1	0.7574700786429001	0.7589663062298925	([253, 207], [253, 240, 207])
1	0.7569688583880826	0.7590820606780265	([165, 90], [165, 113, 109])
1	0.7139226982966023	0.7591480897686996	([144, 10], [144, 139, 8])
1	0.7489616038682629	0.7591844921620062	([226, 5], [328, 226, 222])
1	0.7287711521341901	0.7591944376348225	([461, 316], [461, 442, 316])
1	0.7033274909088477	0.7592028160782165	([512, 335], [584, 560, 542])
1	0.7480962857316383	0.7592028160782165	([588, 542], [588, 584, 542])
1	0.7477611134772268	0.759243298133232	([739, 586], [750, 612, 581])
1	0.749066796134136	0.7593027828430767	([556, 328], [556, 495, 328])
1	0.7569893874556857	0.7593027828430767	([645, 328], [645, 495, 328])
1	0.7400103524517911	0.7594283795802219	([747, 494], [751, 647, 644])
1	0.712859553860944	0.7594667823687729	([384, 25], [384, 35, 25])
1	0.7466948546906523	0.759495569609316	([110, 62], [110, 89, 84])
1	0.6688373278734442	0.7595052966576352	([718, 287], [793, 721, 322])
1	0.7392736383612268	0.7595724181658652	([738, 704], [738, 721, 708])
1	0.7510985055717582	0.7596638119874681	([227, 139], [328, 227, 222])
1	0.7540235362481434	0.7597656767158788	([485, 438], [485, 462, 438])
1	0.7509506946855969	0.7597656767158788	([462, 335], [485, 463, 462])
1	0.7428585744747047	0.7597931984858912	([752, 693], [752, 743, 723])
1	0.7198728775447045	0.7598024615410763	([119, 33], [159, 135, 119])
1	0.7099748530690986	0.7598024615410763	([194, 119], [194, 159, 119])
1	0.7344587544281982	0.7598303863546917	([280, 117], [328, 280, 117])
1	0.7460398196495798	0.7598756767011853	([666, 624], [675, 666, 619])
1	0.6855043010149615	0.7598892099141366	([704, 513], [704, 678, 643])
1	0.7516722236858646	0.7599602415518549	([143, 1], [143, 120, 16])
1	0.7383844893071478	0.7599646051918283	([668, 621], [672, 668, 632])
1	0.7525519344301161	0.7599658046216353	([744, 495], [744, 713, 643])
1	0.6480951298826663	0.7600596536509521	([778, 328], [784, 778, 328])
1	0.7589045283809588	0.7600704722212652	([124, 78], [124, 105, 83])
1	0.7533134422048793	0.760079846994306	([260, 209], [260, 256, 209])
1	0.7444975371295687	0.760172217491036	([341, 125], [362, 341, 113])
1	0.7505771264729603	0.7601816316954432	([784, 286], [784, 771, 286])
1	0.7490970797675487	0.7602741536834959	([500, 153], [500, 328, 162])
1	0.720627476894228	0.7603404073862925	([758, 492], [794, 758, 499])
1	0.6875393995246772	0.7603883056477804	([142, 19], [146, 133, 19])
1	0.7118754198410004	0.7605091144994561	([331, 24], [336, 34, 11])
1	0.7143350408376619	0.7606176907229106	([127, 1], [138, 127, 1])
1	0.7086666183012732	0.7606176907229106	([130, 11], [143, 138, 1])
1	0.7098249607256186	0.7606239277379074	([350, 255], [328, 255, 226])
1	0.7592309429376001	0.7608424750414945	([249, 163], [249, 188, 186])
1	0.6957649059669937	0.7608485040540508	([460, 363], [492, 472, 363])
1	0.7587413357001712	0.760965757374248	([236, 24], [277, 236, 214])
1	0.7305394906441588	0.760965757374248	([277, 214], [277, 236, 227])
1	0.7297667388434805	0.7609927243641126	([658, 379], [750, 749, 652])
1	0.7527276031378924	0.7610050821148949	([703, 369], [703, 694, 354])
1	0.7486057234445851	0.761051618572425	([112, 3], [112, 20, 8])
1	0.7097888552341896	0.761051618572425	([112, 20], [120, 112, 8])
1	0.7296367324267632	0.7610617510326135	([782, 644], [782, 757, 750])
1	0.6614679101914043	0.7610986156379398	([343, 219], [370, 228, 225])
1	0.7233582874621032	0.7611207295745583	([774, 316], [774, 768, 322])
1	0.7469356592263944	0.7612123813890307	([692, 617], [692, 686, 617])
1	0.7390072627411042	0.7612770983482837	([529, 487], [529, 497, 487])
1	0.7444724379662595	0.7614268045666422	([740, 383], [740, 717, 384])
1	0.7474923406873326	0.7614568218282219	([651, 503], [651, 644, 641])
1	0.7424637671180474	0.761472490611293	([195, 35], [195, 185, 35])
1	0.7340512850606489	0.7615379728453741	([674, 610], [675, 664, 610])
1	0.7260280986560795	0.7615505614027086	([645, 489], [645, 495, 494])
1	0.7179651772717683	0.7615616383283933	([496, 11], [502, 371, 34])
1	0.6457001231113197	0.7616672812648176	([749, 379], [652, 513, 386])
1	0.6453778779162799	0.7617154069897732	([718, 0], [363, 343, 164])
1	0.753818970357463	0.7617608514240579	([169, 97], [169, 127, 97])
1	0.7276242057174598	0.7617858332105724	([329, 183], [329, 325, 183])
1	0.6559912444285064	0.7618175116278965	([383, 33], [513, 147, 30])
1	0.7430557423504532	0.761862900856056	([518, 163], [518, 336, 163])
1	0.7594925441060671	0.7620423596399947	([747, 671], [747, 675, 671])
1	0.7294374204981552	0.7620479613887338	([743, 650], [743, 663, 643])
1	0.7471352962520003	0.762048103594875	([280, 210], [280, 228, 222])
1	0.7555249614153242	0.7620738406049891	([755, 4], [755, 502, 501])
1	0.7615127930419805	0.762121988277108	([114, 28], [139, 114, 113])
1	0.7570696784453125	0.7621771726764345	([114, 38], [163, 114, 83])
1	0.7486031270086201	0.7621830720084432	([221, 128], [221, 186, 128])
1	0.7422445293530544	0.7621830720084432	([253, 128], [253, 186, 128])
1	0.7316462640818948	0.7621959596809577	([521, 481], [525, 521, 489])
1	0.7193859104530825	0.762259012198925	([700, 377], [700, 693, 364])
1	0.5797525999583012	0.7622866741473066	([718, 513], [763, 754, 701])
1	0.7521308114596648	0.7623098249429401	([655, 5], [655, 366, 328])
1	0.73700137299586	0.7623119407739016	([514, 475], [514, 473, 465])
1	0.7399380261548252	0.7623435674950367	([641, 497], [644, 641, 497])
1	0.7589608718050372	0.7623501568337393	([327, 217], [328, 327, 225])
1	0.7526046880602207	0.7623978683914266	([739, 631], [739, 722, 631])
1	0.6439201397046168	0.7624384341962975	([786, 34], [794, 342, 0])
1	0.7395075132140869	0.7624575522056329	([504, 22], [364, 154, 142])
1	0.7577550866256884	0.7624575522056329	([371, 154], [371, 364, 154])
1	0.7367558779441634	0.7626436618246851	([193, 116], [197, 181, 116])
1	0.7578999105118535	0.7626997937289413	([116, 21], [124, 116, 21])
1	0.7551783934035798	0.7627847206561593	([385, 136], [385, 177, 159])
1	0.7086604189194287	0.762812163716388	([159, 33], [175, 115, 33])
1	0.7467650960754767	0.7630057588681332	([375, 4], [375, 32, 27])
1	0.715234548308323	0.7630057588681332	([335, 27], [375, 335, 27])
1	0.671697788411245	0.763032303316348	([426, 374], [459, 433, 418])
1	0.7423433428932891	0.7630872261510463	([795, 511], [795, 778, 328])
1	0.7583449630230369	0.7631015106913048	([224, 75], [224, 143, 75])
1	0.7479928407922045	0.763179467386939	([176, 17], [150, 125, 12])
1	0.7322504777062883	0.76327293422309	([206, 131], [206, 132, 131])
1	0.729047415507295	0.7633517504990935	([514, 457], [514, 492, 485])
1	0.5542707632839154	0.7633519404148833	([770, 317], [795, 642, 638])
1	0.740653820992704	0.76335708347667	([112, 50], [100, 50, 34])
1	0.7260696389866619	0.763402700870919	([218, 117], [218, 142, 117])
1	0.7378630206068131	0.7634094020202491	([138, 39], [131, 39, 34])
1	0.7105373993418225	0.7635400577354481	([769, 384], [769, 734, 384])
1	0.7481944831777233	0.7635603945875373	([411, 330], [411, 330, 326])
1	0.575927842589675	0.7635603945875373	([387, 318], [411, 392, 326])
1	0.7616518203057133	0.7636739599555233	([227, 149], [227, 219, 153])
1	0.7128015394754867	0.7637010823569786	([784, 352], [788, 784, 352])
1	0.7497950250860592	0.7637052777798244	([487, 446], [487, 464, 450])
1	0.7398083083190191	0.7637594577769703	([742, 640], [742, 721, 640])
1	0.7212660880640426	0.7637849627868976	([754, 366], [754, 366, 364])
1	0.749147745627787	0.7638161514195227	([200, 107], [200, 138, 107])
1	0.7210175209312326	0.7638961663682949	([366, 214], [366, 223, 220])
1	0.7122943543096286	0.7638961663682949	([788, 220], [788, 366, 220])
1	0.7633201831839059	0.7639444875316459	([127, 40], [127, 40, 34])
1	0.7332140621150802	0.7639689445051171	([349, 33], [349, 325, 12])
1	0.7271264396214902	0.7640268752477849	([756, 526], [756, 526, 506])
1	0.7361178878741792	0.7640315696674632	([796, 172], [796, 321, 283])
1	0.7538138708410929	0.7640339391025762	([674, 509], [695, 674, 509])
1	0.7440390422823666	0.7640434455440817	([496, 128], [496, 128, 0])
1	0.6703036786661665	0.7640434455440817	([792, 377], [786, 496, 0])
1	0.7502817374303465	0.7640542598407936	([173, 20], [173, 150, 20])
1	0.7314802930802775	0.7640925675059824	([177, 2], [177, 168, 21])
1	0.7173093699988342	0.7641679506065016	([336, 220], [336, 325, 213])
1	0.7216030814590525	0.7641679506065016	([354, 213], [354, 336, 213])
1	0.7185075396380085	0.7643979715482434	([509, 349], [509, 495, 349])
1	0.708241558203053	0.7643979715482434	([525, 349], [525, 495, 349])
1	0.763242855117393	0.764465927952629	([358, 167], [358, 346, 144])
1	0.6610781555427607	0.7646024019347778	([530, 377], [530, 526, 364])
1	0.7440761552227176	0.7647039833247643	([661, 528], [661, 653, 498])
1	0.7173029364751249	0.7647039833247643	([695, 498], [695, 661, 498])
1	0.7235693481314115	0.7647632619618295	([751, 238], [751, 372, 221])
1	0.7017706012684064	0.7647632619618295	([751, 372], [778, 751, 221])
1	0.7536442736222556	0.7647670818634986	([226, 125], [226, 167, 162])
1	0.7491087799351104	0.7648072009998923	([675, 538], [675, 651, 538])
1	0.7548397472340013	0.7648674891874375	([446, 328], [446, 435, 328])
1	0.7469129794515202	0.7649931527756146	([405, 363], [405, 392, 363])
1	0.7420151975028736	0.7650092102086042	([643, 0], [643, 377, 364])
1	0.7305395543915578	0.7651193476415188	([162, 10], [216, 162, 147])
1	0.5966750540003456	0.7652483047720011	([772, 284], [772, 320, 288])
1	0.7606665568771616	0.7654768937490048	([746, 638], [746, 652, 647])
1	0.7282631759131942	0.7655086439981852	([356, 191], [356, 254, 237])
1	0.7653244606683195	0.7656565503806904	([382, 15], [382, 220, 15])
1	0.7574409762906746	0.7658472362966402	([332, 22], [377, 332, 22])
1	0.7429866395032975	0.7658917753485539	([735, 513], [735, 709, 704])
1	0.7612190913833469	0.7659109826642362	([604, 514], [604, 587, 514])
1	0.744406044869543	0.7659319832469482	([231, 148], [231, 200, 192])
1	0.7634238001566179	0.7660203778401173	([347, 161], [352, 347, 161])
1	0.4714111021726466	0.7660401870208183	([323, 292], [323, 292, 281])
1	0.5620650911553036	0.7660496140929521	([309, 308], [309, 291, 290])
1	0.7607945929650822	0.7660680531635572	([660, 501], [660, 501, 328])
1	0.7038298602338904	0.7660680531635572	([675, 328], [675, 660, 328])
1	0.7250923098096775	0.7661053129844919	([350, 114], [350, 341, 114])
1	0.7515379563204738	0.7661203111085676	([469, 375], [497, 471, 469])
1	0.7153251100153514	0.7663333156342323	([690, 373], [759, 715, 373])
1	0.7215046405100265	0.7663560472317942	([213, 33], [213, 130, 33])
1	0.7549132831074359	0.7665000356213539	([369, 138], [369, 359, 138])
1	0.7403791347891039	0.7666720715175379	([523, 384], [523, 495, 494])
1	0.76454705179828	0.766711216250078	([752, 337], [752, 346, 337])
1	0.712834408612013	0.7668051554198453	([119, 6], [119, 33, 6])
1	0.7386670423068623	0.766806471731834	([352, 201], [352, 201, 161])
1	0.7658217644930936	0.7670814165433745	([750, 393], [750, 456, 391])
1	0.7632964865719288	0.7671698767730415	([203, 124], [203, 163, 26])
1	0.7652710604194615	0.767198958708754	([577, 316], [577, 537, 522])
1	0.7614858697528738	0.7671992774744985	([199, 89], [199, 81, 74])
1	0.6245926231690209	0.7673455419202256	([462, 374], [416, 333, 316])
1	0.7119212580206662	0.7673455419202256	([432, 316], [426, 416, 316])
1	0.7611322482760147	0.7673678141556919	([795, 304], [795, 791, 304])
1	0.7614048835944927	0.7674151575072424	([456, 391], [456, 431, 391])
1	0.7647970444966816	0.7674280735723579	([147, 101], [147, 134, 101])
1	0.7641023331307512	0.7674855703633604	([186, 101], [186, 127, 119])
1	0.760838162367227	0.7674960280733903	([497, 452], [497, 471, 452])
1	0.752660505025815	0.7675288859141615	([498, 124], [498, 336, 220])
1	0.7291194499757536	0.7675288859141615	([505, 220], [505, 498, 220])
1	0.7587675136549575	0.7675957807541101	([505, 459], [505, 494, 459])
1	0.7421185163101455	0.767609289741543	([272, 202], [308, 272, 243])
1	0.7669798758993316	0.767774556786809	([740, 638], [746, 740, 717])
1	0.746762599644355	0.7678163320707004	([380, 171], [380, 171, 123])
1	0.7615028084352167	0.7678262549390771	([343, 140], [343, 164, 140])
1	0.7651539660366603	0.7679141047267783	([252, 170], [252, 194, 182])
1	0.7512884926720924	0.7679877184672024	([743, 611], [743, 643, 641])
1	0.7659537770596452	0.7679884251697844	([699, 496], [699, 643, 495])
1	0.7601753866775828	0.7680168092265328	([271, 208], [271, 265, 198])
1	0.6320885803501622	0.7681668189475827	([284, 53], [284, 67, 53])
1	0.6625847081827122	0.7682663820595235	([308, 102], [308, 253, 159])
1	0.7604822702008914	0.7683005157196853	([713, 385], [789, 713, 385])
1	0.7608536038654555	0.7683005157196853	([788, 385], [789, 787, 385])
1	0.7556376141456056	0.7683044112371371	([352, 14], [352, 349, 7])
1	0.7680393010616564	0.7684423283435513	([348, 236], [351, 348, 236])
1	0.7680320293215563	0.7684724341986277	([622, 516], [643, 621, 516])
1	0.7619379911273283	0.7685214449858142	([751, 582], [751, 692, 582])
1	0.7496711908359142	0.7685214449858142	([696, 368], [751, 692, 674])
1	0.7608866927444174	0.7685288095623476	([647, 226], [375, 226, 208])
1	0.7623762040495361	0.7686350284257937	([751, 358], [751, 370, 355])
1	0.7382656656902161	0.7686803539163107	([758, 649], [758, 745, 649])
1	0.7627825781795902	0.7688780556917664	([250, 105], [383, 244, 105])
1	0.753401242490724	0.7689820913484371	([787, 336], [787, 770, 328])
1	0.7678172830592583	0.769170092960626	([657, 361], [657, 642, 494])
1	0.7325892150671236	0.7692822875964239	([247, 172], [304, 247, 230])
1	0.7603580069559439	0.769345554231657	([464, 350], [487, 464, 347])
1	0.7392228669539737	0.7694995605074908	([737, 385], [753, 713, 699])
1	0.6653285868372155	0.7695874761384748	([408, 325], [423, 411, 326])
1	0.7416022125860257	0.7696371959084712	([113, 61], [113, 100, 61])
1	0.7678882595711218	0.7696460162516695	([634, 574], [634, 596, 593])
1	0.7594735843043011	0.7696547518789646	([746, 1], [754, 746, 10])
1	0.7447083303506173	0.7698597444082078	([512, 233], [512, 367, 228])
1	0.7601073116269578	0.7699394978970239	([104, 44], [104, 72, 44])
1	0.7045148557963677	0.7699417692864315	([364, 282], [364, 282, 277])
1	0.7351691085027184	0.7700550797458691	([142, 7], [148, 142, 7])
1	0.6868708932077039	0.7700650946506671	([362, 288], [351, 288, 194])
1	0.6772494144002956	0.770066135681253	([757, 382], [757, 747, 328])
1	0.7548519852912092	0.7700680089757621	([769, 372], [769, 761, 372])
1	0.6710760714267163	0.7700832909831937	([700, 382], [700, 382, 375])
1	0.7617970451569488	0.7700832909831937	([700, 505], [700, 505, 375])
1	0.7654671480949177	0.7701810927819304	([456, 367], [513, 454, 367])
1	0.766291470395019	0.7702754359212202	([170, 36], [170, 109, 74])
1	0.7364393044809666	0.7702754359212202	([170, 74], [170, 120, 109])
1	0.7477723344871023	0.7702755718824789	([645, 28], [645, 643, 28])
1	0.7441352096482347	0.7702820024054299	([254, 146], [254, 210, 146])
1	0.7588911776343595	0.7703459913426272	([261, 185], [261, 255, 185])
1	0.7623399341571743	0.7704613071069711	([190, 85], [190, 187, 108])
1	0.7398241335563929	0.7704814629236688	([718, 598], [718, 621, 598])
1	0.7604543886682971	0.7704944765617605	([784, 640], [784, 713, 696])
1	0.6983712520409322	0.7705325606741864	([717, 384], [741, 734, 377])
1	0.7538990574972545	0.7705398851713964	([778, 604], [778, 712, 604])
1	0.766808906735038	0.7705974257631937	([606, 384], [606, 590, 584])
1	0.7561633010421166	0.7706292397002281	([638, 510], [654, 638, 510])
1	0.752633882699427	0.7706330455503237	([529, 332], [529, 497, 334])
1	0.76623313669544	0.7706636781813175	([532, 337], [532, 510, 498])
1	0.7683652974879056	0.7707416118639501	([588, 518], [588, 583, 518])
1	0.7617096167575003	0.7707755633566192	([478, 426], [478, 463, 426])
1	0.7620862642595144	0.7708510137961173	([389, 312], [389, 380, 312])
1	0.7380699011933384	0.7709372707316726	([786, 142], [786, 142, 34])
1	0.6380996270613023	0.7710097525620905	([791, 318], [791, 789, 304])
1	0.7578761297478526	0.771059332991919	([382, 174], [382, 174, 119])
1	0.7671373517911572	0.7710782166312653	([195, 9], [195, 35, 9])
1	0.7556075113434669	0.7711025289032098	([332, 219], [367, 332, 330])
1	0.737196341668911	0.7713277244168315	([501, 4], [755, 747, 375])
1	0.7182287233719945	0.7713320292624495	([778, 666], [781, 778, 666])
1	0.7636679785105159	0.7713509392008713	([122, 82], [133, 122, 82])
1	0.7553630819814858	0.7715180658738074	([188, 86], [171, 134, 86])
1	0.7652641967334927	0.7717383135675787	([381, 149], [383, 381, 124])
1	0.761043130984563	0.7717629367419829	([136, 108], [136, 117, 115])
1	0.7075039874216482	0.7717690775437129	([777, 280], [788, 777, 280])
1	0.6964344046771985	0.7717798801041587	([490, 327], [493, 490, 357])
1	0.7290868640667173	0.7718034640274988	([669, 606], [669, 641, 618])
1	0.7500315494341435	0.7719043074702557	([792, 677], [792, 746, 655])
1	0.7691677916494192	0.7719098333418015	([182, 10], [216, 182, 170])
1	0.6808057553439313	0.7719350977515048	([568, 317], [634, 574, 568])
1	0.7626129012891901	0.7719804640269808	([723, 628], [723, 718, 621])
1	0.7003872455044087	0.7721374425694019	([382, 122], [382, 341, 125])
1	0.7642536783925279	0.7721787943156364	([667, 611], [667, 633, 622])
1	0.7421550357493257	0.7721890178352971	([753, 527], [753, 751, 527])
1	0.7639759450319806	0.7722242288452368	([489, 341], [489, 360, 345])
1	0.7706558637250379	0.7722326564198635	([721, 452], [721, 472, 462])
1	0.7218654669997671	0.7722326564198635	([721, 472], [721, 489, 462])
1	0.695453695461621	0.7722451064664516	([754, 24], [754, 333, 24])
1	0.7582894815665056	0.7722537125201879	([692, 582], [751, 750, 581])
1	0.7089475379380714	0.7723182469130048	([750, 612], [750, 566, 546])
1	0.7469998805406356	0.7723781204827824	([545, 385], [545, 535, 519])
1	0.7634769392056733	0.7724161685767188	([697, 539], [697, 648, 539])
1	0.7099274845146342	0.7724233621728969	([455, 325], [460, 455, 325])
1	0.7074426486417829	0.7725119968423793	([316, 209], [327, 316, 225])
1	0.7195767691169696	0.7725317129664907	([185, 55], [218, 195, 191])
1	0.7624119480162687	0.7725428639506886	([615, 564], [615, 592, 575])
1	0.7681244021157477	0.7725428639506886	([638, 575], [638, 615, 575])
1	0.7422136992980137	0.7725693949702009	([343, 3], [343, 333, 3])
1	0.6913422366132413	0.7725693949702009	([373, 16], [373, 333, 3])
1	0.7628317666134855	0.7727386580009682	([278, 125], [278, 226, 193])
1	0.7248003307555594	0.7727575924634255	([488, 316], [492, 488, 316])
1	0.6806040778861902	0.7727575924634255	([512, 316], [512, 492, 316])
1	0.7683878052982387	0.7727575924634255	([702, 316], [702, 492, 316])
1	0.7357077885556097	0.7727597808544638	([518, 336], [529, 518, 332])
1	0.7560229926582438	0.7728588379999681	([611, 527], [642, 618, 611])
1	0.7709876655725194	0.7729928915919332	([537, 436], [537, 535, 451])
1	0.7410105906918742	0.7731174082103117	([646, 373], [662, 646, 638])
1	0.7709507125426189	0.7731842361228184	([196, 15], [383, 196, 5])
1	0.7517528818559143	0.7731968000555889	([753, 9], [796, 753, 713])
1	0.7680145702366342	0.7732307455206539	([516, 15], [525, 516, 29])
1	0.7635513355092723	0.7732535124628913	([658, 584], [664, 658, 584])
1	0.716927073082922	0.7734103314137264	([356, 254], [364, 356, 254])
1	0.7572838673697829	0.7734136371051616	([762, 127], [762, 702, 34])
1	0.5302701456318881	0.773489454392906	([313, 312], [313, 302, 282])
1	0.771853700332557	0.7735294558013283	([334, 212], [334, 332, 219])
1	0.760329799428994	0.773595132944561	([719, 613], [727, 719, 613])
1	0.7690135820193695	0.7736107512269804	([794, 518], [794, 764, 526])
1	0.7625313021129285	0.7736150162855145	([283, 34], [283, 280, 34])
1	0.7535442086902197	0.7736228436090766	([350, 180], [350, 208, 170])
1	0.7727702205358142	0.7736338202030532	([411, 350], [411, 350, 335])
1	0.7478146174104475	0.7736697589816826	([719, 590], [712, 695, 647])
1	0.6499211204829212	0.7736719399216484	([486, 317], [445, 395, 383])
1	0.7612259530471778	0.7736950317432342	([689, 636], [689, 679, 636])
1	0.76387678310523	0.7736972635655422	([139, 91], [147, 139, 91])
1	0.7723177460164066	0.7737331589415519	([256, 31], [256, 149, 124])
1	0.7490938867440579	0.7737331589415519	([256, 124], [256, 153, 149])
1	0.7686253612544042	0.77380949587312	([621, 501], [660, 621, 618])
1	0.7261706282946181	0.7738271956385268	([734, 681], [729, 726, 685])
1	0.7432408404564331	0.7738840669866318	([347, 187], [347, 332, 219])
1	0.7183618898520868	0.7738953425350268	([696, 491], [745, 696, 639])
1	0.7605965434659211	0.7739035964027207	([765, 674], [765, 728, 674])
1	0.7627172253623894	0.7739204011858782	([605, 561], [605, 587, 561])
1	0.677076716224958	0.7739208870439265	([613, 310], [727, 709, 675])
1	0.7516645409531252	0.7739482206702325	([764, 526], [794, 756, 747])
1	0.7625402243131054	0.7739746387396642	([763, 161], [763, 743, 643])
1	0.722887131781994	0.7740158226819382	([694, 584], [701, 645, 584])
1	0.7518931956475359	0.7740414064539148	([455, 339], [456, 455, 339])
1	0.7552090250115615	0.7740728908097165	([717, 531], [717, 704, 531])
1	0.644865860897748	0.7740843265648023	([663, 318], [791, 707, 701])
1	0.7709680729435933	0.774084355318086	([437, 350], [464, 437, 430])
1	0.7499618341093015	0.7740926970918829	([761, 285], [772, 761, 285])
1	0.743458234563542	0.774210938457148	([507, 26], [512, 507, 26])
1	0.7530632157255166	0.7742113051621154	([559, 384], [559, 545, 384])
1	0.7538458979742567	0.7742889829423817	([389, 219], [389, 343, 335])
1	0.6138986245333589	0.7743496507305803	([564, 284], [564, 515, 513])
1	0.7384006436060597	0.7743496507305803	([581, 515], [581, 564, 515])
1	0.7395474107046796	0.7743552346312749	([639, 582], [639, 628, 582])
1	0.7638637271314686	0.7744436263057412	([671, 537], [671, 630, 364])
1	0.7464051360015446	0.7744436263057412	([630, 364], [671, 655, 364])
1	0.7744796142391539	0.7744966081336853	([660, 539], [700, 697, 539])
1	0.7637613322911403	0.7744966081336853	([714, 539], [714, 700, 539])
1	0.7170885769488353	0.7745233925920276	([236, 109], [236, 127, 111])
1	0.7533603262110197	0.7746626913837784	([488, 386], [488, 486, 386])
1	0.7529034071683732	0.774709213579743	([509, 387], [509, 506, 387])
1	0.7696251588873277	0.7747528793460672	([120, 65], [128, 120, 65])
1	0.7560358175825491	0.7750459811523639	([288, 33], [288, 33, 11])
1	0.7682668499668974	0.7750508834550774	([583, 506], [707, 706, 506])
1	0.6927945421068783	0.7750929713997303	([374, 176], [367, 330, 176])
1	0.7706933754767461	0.7750931092455217	([658, 337], [658, 510, 504])
1	0.7595385436531438	0.7751014871636063	([590, 384], [590, 580, 384])
1	0.7617687465413336	0.7751306471777315	([445, 349], [445, 363, 349])
1	0.7260319659544577	0.7751377996503045	([698, 335], [751, 698, 358])
1	0.7496044885997005	0.7751594191775174	([688, 614], [702, 658, 584])
1	0.7560138558993851	0.7751774700498284	([250, 168], [250, 238, 168])
1	0.7738795893495811	0.7752337187958455	([660, 492], [660, 648, 539])
1	0.7597140065763686	0.7752526579166263	([715, 597], [715, 692, 582])
1	0.7423167549970809	0.7753640918019137	([352, 257], [356, 352, 254])
1	0.7508984246285463	0.7753875591297851	([485, 335], [498, 471, 335])
1	0.7717149835707071	0.7754159924706947	([721, 520], [777, 721, 522])
1	0.7565897340756023	0.7754521770964793	([329, 228], [367, 337, 228])
1	0.7553129920005986	0.7754591183615784	([640, 528], [661, 640, 639])
1	0.7534722121541392	0.7754839796666241	([435, 388], [435, 388, 379])
1	0.7636000498283226	0.7755742595466478	([230, 119], [230, 196, 119])
1	0.7706135584702759	0.7755872030506733	([200, 31], [200, 186, 31])
1	0.7056092635199104	0.7756342348869473	([560, 382], [580, 560, 382])
1	0.7439330562723594	0.7756537595558058	([380, 123], [380, 123, 29])
1	0.6270683056753873	0.7756537595558058	([513, 147], [380, 223, 29])
1	0.7706178333857211	0.7757515293287595	([641, 304], [789, 666, 304])
1	0.7360769830418982	0.7757780579653897	([224, 156], [224, 216, 156])
1	0.6994424367520616	0.7758147951221865	([651, 219], [651, 366, 220])
1	0.7139254726631056	0.775840917482171	([782, 278], [770, 765, 278])
1	0.6992262770355827	0.775985232908672	([373, 221], [372, 335, 329])
1	0.710427324587796	0.7761924287045667	([707, 506], [706, 643, 505])
1	0.7470972281275989	0.7762243047499928	([422, 328], [422, 401, 327])
1	0.761490155151841	0.7763560292551018	([573, 523], [573, 559, 384])
1	0.7442577618920494	0.7763886848197691	([719, 571], [750, 719, 566])
1	0.7504920100956326	0.7765463443779334	([350, 208], [350, 170, 163])
1	0.759222167826559	0.7765895626612026	([763, 274], [763, 323, 288])
1	0.7741722467588641	0.77665369545418	([705, 540], [705, 654, 540])
1	0.7716682556956544	0.7766713607644848	([796, 484], [796, 499, 492])
1	0.7696246900642364	0.7766876236681861	([712, 388], [712, 388, 381])
1	0.771470958557734	0.7767364422250557	([746, 507], [775, 764, 507])
1	0.7709146072034613	0.7767884879057256	([363, 252], [363, 252, 0])
1	0.7717989126456629	0.7769553590223812	([642, 586], [677, 669, 586])
1	0.7508385763080406	0.7769764743713065	([633, 541], [633, 597, 541])
1	0.7560507149461848	0.7770721866230353	([775, 507], [756, 746, 507])
1	0.7613125482904577	0.7771462017190532	([459, 354], [459, 373, 362])
1	0.7444926846907824	0.7772515388834155	([749, 673], [749, 673, 669])
1	0.7525263524069798	0.7772755146629857	([638, 489], [638, 510, 501])
1	0.7580035656680063	0.7773598436361092	([420, 381], [420, 413, 381])
1	0.761826297815697	0.7774770314647355	([265, 111], [265, 259, 111])
1	0.7762145951633757	0.7774836681643333	([720, 325], [741, 720, 325])
1	0.7496304727080931	0.7776476973336639	([363, 77], [175, 95, 77])
1	0.7614007885377178	0.7776652849998005	([283, 154], [283, 172, 154])
1	0.719928761739822	0.7776708717477242	([180, 38], [180, 179, 38])
1	0.7095779333731723	0.7776849870577671	([525, 374], [528, 525, 370])
1	0.772960139299955	0.7776983754991708	([179, 11], [201, 179, 11])
1	0.7707660072851836	0.7777301662407301	([770, 461], [796, 770, 484])
1	0.7687691406714765	0.7777365007060815	([712, 31], [792, 712, 708])
1	0.7772564674348822	0.7777527867451741	([775, 13], [775, 761, 13])
1	0.7678941629259077	0.7777984825423239	([278, 141], [278, 193, 170])
1	0.7768550935434956	0.7778087904504374	([668, 334], [668, 656, 364])
1	0.7467710647677644	0.7779249955835998	([693, 590], [712, 693, 669])
1	0.7546975680419851	0.7780179283075523	([383, 70], [383, 102, 70])
1	0.7510616775124296	0.7781020069843275	([677, 511], [677, 652, 511])
1	0.749308293503831	0.778299084917765	([712, 329], [712, 702, 316])
1	0.7326334044849001	0.7783358380844552	([522, 316], [522, 516, 488])
1	0.7541652626550985	0.7784397883591401	([539, 379], [539, 530, 380])
1	0.759700510284922	0.7784461081680951	([673, 169], [673, 642, 364])
1	0.6993097386448051	0.7784650185849245	([375, 199], [375, 351, 194])
1	0.7618114206327837	0.7784967024471724	([499, 114], [499, 162, 111])
1	0.7567261395165871	0.7785176081786729	([508, 352], [508, 501, 352])
1	0.7289839660076594	0.7785538283795255	([64, 18], [64, 38, 29])
1	0.6603079334499417	0.7785658781324438	([537, 317], [537, 523, 517])
1	0.7532210003130385	0.7787101164188934	([360, 118], [366, 360, 329])
1	0.7688172176045066	0.7787204530757746	([753, 518], [794, 758, 518])
1	0.7760872302747434	0.77875710973418	([709, 514], [711, 709, 514])
1	0.76571050548893	0.7787595102936321	([366, 26], [366, 125, 118])
1	0.711975896954984	0.7787595102936321	([366, 118], [366, 139, 125])
1	0.7745446547417776	0.7788466276667485	([156, 54], [156, 151, 54])
1	0.7778430620200769	0.7788687540283002	([720, 624], [723, 720, 628])
1	0.7562048205228074	0.7788886186853663	([672, 491], [696, 672, 645])
1	0.7297430097643778	0.7789438571319073	([777, 225], [777, 280, 222])
1	0.6625578898681018	0.778970955759138	([540, 490], [540, 526, 490])
1	0.7677299947587272	0.778970955759138	([645, 540], [645, 540, 526])
1	0.7417418426970273	0.7790194551536614	([686, 589], [686, 664, 589])
1	0.713194431201119	0.7790226290185069	([489, 372], [500, 489, 372])
1	0.7662303841951459	0.7790449002246996	([272, 157], [278, 272, 157])
1	0.7465451241806539	0.7792225744593467	([183, 21], [183, 179, 21])
1	0.7719016832546697	0.7792739359698432	([691, 121], [691, 121, 34])
1	0.7722035873625607	0.7792969635812312	([668, 605], [668, 639, 621])
1	0.7453435005832042	0.7793130313134489	([312, 14], [321, 312, 29])
1	0.7358333081016427	0.7793130313134489	([321, 29], [380, 312, 29])
1	0.7594161022432071	0.7795318563130532	([503, 475], [503, 499, 475])
1	0.7739357228888394	0.7795599040670012	([755, 164], [755, 182, 180])
1	0.7613231221176183	0.7795872869701471	([642, 564], [642, 564, 524])
1	0.7503960026377626	0.7795903665314808	([286, 123], [286, 194, 123])
1	0.7506061765756646	0.7797580670814639	([790, 363], [783, 375, 374])
1	0.7657691674645769	0.7797793281568899	([790, 281], [790, 765, 278])
1	0.7574576589528603	0.7798056101352209	([710, 602], [710, 633, 619])
1	0.7504641732436679	0.7798056101352209	([710, 619], [710, 667, 633])
1	0.750882406381255	0.7798494776560208	([210, 113], [210, 200, 113])
1	0.7597278507560535	0.7798494776560208	([341, 177], [341, 200, 113])
1	0.7719471431211461	0.7799263117134618	([203, 3], [203, 172, 6])
1	0.7694701356750719	0.7799359535881347	([731, 627], [726, 721, 614])
1	0.636446020889834	0.7799478712879286	([377, 127], [377, 367, 131])
1	0.7724968126670471	0.77996145510081	([748, 129], [748, 660, 34])
1	0.76442452574914	0.77996145510081	([717, 34], [748, 717, 34])
1	0.6749991878922121	0.7799705943444022	([727, 310], [773, 727, 718])
1	0.7125787105999395	0.7800214947933032	([364, 193], [364, 254, 193])
1	0.7760909522629138	0.7800440967425674	([652, 490], [652, 650, 490])
1	0.5850266770356761	0.7800757899657615	([354, 317], [354, 351, 288])
1	0.7331843972766894	0.780100854710755	([712, 529], [712, 701, 529])
1	0.775623494074845	0.7802003718629738	([329, 131], [366, 329, 131])
1	0.7680273906177896	0.7804793672599593	([690, 499], [690, 653, 639])
1	0.763500742293527	0.7804919231414863	([461, 343], [516, 461, 343])
1	0.7719615352103137	0.780617014694684	([690, 334], [690, 375, 373])
1	0.7603782781483519	0.780681465937398	([737, 679], [737, 679, 677])
1	0.759227016505438	0.7807341264291705	([611, 460], [611, 527, 493])
1	0.7729880817473267	0.7807495919417216	([681, 597], [681, 624, 621])
1	0.7673218904443986	0.7807495919417216	([681, 621], [681, 664, 624])
1	0.7507976619693872	0.7807579569384745	([498, 164], [498, 155, 29])
1	0.6915609498626807	0.7807579569384745	([503, 5], [498, 220, 29])
1	0.7537019902483678	0.7809055818389508	([329, 33], [381, 329, 33])
1	0.7791053851747558	0.781088719011712	([474, 367], [474, 367, 335])
1	0.6763808398059443	0.7812591685588991	([454, 318], [440, 383, 321])
1	0.7495639084719515	0.7812962302033009	([721, 210], [721, 259, 243])
1	0.7785292070167268	0.7813174713958059	([491, 135], [694, 672, 491])
1	0.7288019715333732	0.7813252305742694	([188, 22], [174, 149, 14])
1	0.7379292245181343	0.78137705314533	([491, 31], [491, 222, 34])
1	0.667123688735287	0.7813835697404248	([624, 317], [796, 692, 617])
1	0.7359489230871199	0.7813905164944016	([723, 594], [723, 621, 608])
1	0.7571422722835576	0.7814029885368361	([185, 4], [185, 35, 34])
1	0.7811240074039	0.7815249538715414	([745, 483], [745, 721, 489])
1	0.7616497509432965	0.7815532179327921	([623, 515], [619, 604, 515])
1	0.7682717493705764	0.7815852078752904	([398, 359], [398, 387, 359])
1	0.7562611009675051	0.7816219731164411	([279, 140], [279, 228, 140])
1	0.7414455490097537	0.7816394977814656	([525, 29], [516, 505, 15])
1	0.7814917501001741	0.7817128625911034	([751, 469], [751, 500, 469])
1	0.7274716535938103	0.7817784563029018	([273, 24], [277, 164, 145])
1	0.7290228980955952	0.7818580605122056	([588, 377], [600, 588, 377])
1	0.7516637905295532	0.781862062675155	([644, 4], [644, 367, 4])
1	0.7630469667179519	0.7818747525764729	([331, 181], [336, 331, 220])
1	0.764615894983226	0.7819571955454685	([119, 42], [119, 113, 42])
1	0.7706006133517787	0.7819820600787784	([239, 40], [246, 239, 40])
1	0.725610293778371	0.7820881372444507	([287, 212], [287, 254, 250])
1	0.7579397312555117	0.7820996825003906	([642, 17], [643, 641, 17])
1	0.7787589997755152	0.7821183466962565	([464, 33], [464, 381, 350])
1	0.7763591751779498	0.7821765296532354	([280, 155], [280, 155, 25])
1	0.7614137306505999	0.7822460993595467	([248, 92], [248, 236, 109])
1	0.7488608339837879	0.7822460993595467	([259, 118], [265, 248, 109])
1	0.7813340627437697	0.7822601526565857	([739, 684], [739, 717, 684])
1	0.7572884223286026	0.7822825663486643	([169, 6], [203, 26, 23])
1	0.7582433360580789	0.7822933884296436	([712, 541], [712, 541, 526])
1	0.7258127874034602	0.7823688351456836	([752, 288], [772, 752, 737])
1	0.7649617503381368	0.7824347822427312	([254, 15], [254, 127, 15])
1	0.7817177277589673	0.7826814710942176	([676, 575], [676, 666, 575])
1	0.7463451882226522	0.7827063851005724	([364, 45], [364, 275, 222])
1	0.7488156021040547	0.7827199755749943	([657, 380], [657, 652, 380])
1	0.7807517937244777	0.7827642616923743	([665, 316], [707, 702, 316])
1	0.6917630759593651	0.7827758750374323	([513, 232], [513, 231, 147])
1	0.778039793785509	0.7828379000159379	([761, 354], [761, 372, 361])
1	0.7732957076847453	0.7832631832443361	([209, 16], [209, 177, 146])
1	0.7557621047472324	0.7832822044061453	([706, 583], [706, 639, 636])
1	0.7147021943830135	0.7833642654700202	([502, 165], [763, 333, 176])
1	0.7806025221605791	0.7834306556972669	([762, 577], [762, 598, 589])
1	0.7590799531688834	0.7834306556972669	([761, 589], [762, 761, 589])
1	0.7636962498484026	0.7834428474705571	([764, 664], [791, 764, 746])
1	0.7755687763683968	0.7834808847584256	([617, 341], [793, 617, 383])
1	0.7739778860254997	0.7835112278379966	([526, 437], [526, 490, 456])
1	0.7669610776374299	0.7836574960471403	([755, 180], [778, 755, 381])
1	0.7795616789263768	0.7836727605284559	([635, 543], [635, 630, 543])
1	0.7721122035835216	0.7836907927088049	([287, 182], [287, 276, 254])
1	0.7187551053010195	0.7838000995186915	([696, 176], [712, 696, 114])
1	0.7126800179821153	0.7838058765503	([354, 230], [354, 230, 203])
1	0.7740481552363857	0.7838340058393793	([729, 632], [739, 729, 632])
1	0.7127778560496512	0.783866675920023	([650, 350], [673, 364, 338])
1	0.7559103291191326	0.783866675920023	([677, 363], [677, 673, 338])
1	0.7786211114951319	0.7839217978989661	([657, 541], [657, 541, 380])
1	0.7836245087251277	0.7839266284893159	([722, 573], [713, 640, 564])
1	0.7644889203421932	0.7839749061572663	([475, 321], [475, 439, 430])
1	0.7737606598512092	0.7840287494646546	([622, 493], [641, 622, 493])
1	0.7820795859561941	0.7840301072731471	([232, 120], [232, 219, 120])
1	0.7571989238124688	0.7840454149973973	([783, 26], [794, 783, 26])
1	0.6978911079133161	0.7840517625273691	([384, 218], [385, 277, 190])
1	0.7747498626639368	0.7840993933466134	([742, 499], [763, 758, 499])
1	0.7650377109360107	0.7841325504441631	([699, 111], [699, 383, 332])
1	0.7775737062325805	0.7841846051548966	([520, 446], [520, 513, 431])
1	0.729755660382127	0.7842246970466995	([718, 581], [661, 659, 606])
1	0.7769488302287313	0.7842659490947359	([503, 288], [503, 496, 288])
1	0.7125234179762003	0.784272671019422	([383, 196], [196, 165, 15])
1	0.7574130826050579	0.7843148549883809	([384, 104], [384, 104, 68])
1	0.7759361520298076	0.7843960389031746	([618, 529], [648, 618, 529])
1	0.6156162359600399	0.7844281751358262	([484, 318], [484, 462, 325])
1	0.7380095389587755	0.7845239414320981	([542, 477], [542, 519, 512])
1	0.7707468462578615	0.7846350881164911	([243, 38], [243, 195, 38])
1	0.7802285361217621	0.7849606660361673	([721, 584], [721, 712, 584])
1	0.771652323056915	0.7850498397056412	([440, 366], [419, 389, 384])
1	0.7791450627699872	0.7850872838818128	([343, 188], [343, 188, 140])
1	0.7828989382682193	0.7851196974615475	([645, 348], [645, 495, 348])
1	0.7784270226694084	0.7853084832210168	([689, 515], [764, 689, 507])
1	0.7816451691350176	0.7853161199724168	([282, 127], [286, 282, 127])
1	0.7729290554559383	0.7853497873780803	([441, 288], [441, 429, 288])
1	0.7204419283131658	0.7853701107638258	([383, 244], [383, 245, 196])
1	0.7206697298801418	0.7854749948591349	([647, 127], [647, 377, 367])
1	0.7787351334540201	0.7854990548288738	([602, 519], [602, 575, 536])
1	0.763510629385133	0.7855368699580422	([368, 195], [368, 224, 218])
1	0.7755242949238608	0.7856087773238243	([698, 534], [757, 698, 652])
1	0.7677105963119757	0.7856397491590448	([542, 356], [542, 527, 512])
1	0.7684788140464706	0.7857064089366464	([259, 21], [259, 252, 21])
1	0.7533119383891911	0.7857152163482751	([350, 281], [350, 281, 275])
1	0.7807834319833906	0.7857907675634875	([680, 385], [716, 680, 385])
1	0.7785523960200431	0.7858577920302513	([321, 181], [321, 288, 181])
1	0.7673392539494049	0.7858869666583266	([722, 351], [711, 658, 337])
1	0.7614803702994608	0.7858953751907354	([738, 615], [738, 734, 615])
1	0.7800342483339454	0.785943520359819	([670, 120], [691, 670, 121])
1	0.768006720116438	0.7859798701371624	([263, 205], [263, 230, 217])
1	0.7738763632974187	0.7860034368028592	([692, 461], [692, 689, 461])
1	0.7387419067056822	0.7861003314972604	([250, 34], [277, 250, 34])
1	0.7640217852714377	0.7864128189483751	([511, 437], [511, 451, 437])
1	0.7726534913255572	0.7864576576593696	([99, 5], [134, 99, 86])
1	0.763773722554892	0.7865505112559686	([173, 75], [173, 101, 97])
1	0.7314733210753377	0.7867476307885132	([646, 30], [754, 646, 24])
1	0.7701521074540595	0.7867863677276525	([689, 480], [689, 648, 636])
1	0.743627553102224	0.7867946899016666	([388, 115], [388, 382, 122])
1	0.7789345626890499	0.7868145830278124	([629, 567], [629, 603, 596])
1	0.7367863473082658	0.786827520661923	([199, 45], [199, 136, 89])
1	0.7754351593019377	0.786849267139894	([345, 258], [345, 336, 258])
1	0.7868200003205509	0.786893948794785	([512, 6], [512, 506, 6])
1	0.7845622850929732	0.7871899768135507	([353, 146], [353, 146, 28])
1	0.7646890780866041	0.7872315904103766	([332, 111], [332, 179, 115])
1	0.76256521921747	0.787242945764291	([240, 84], [244, 105, 83])
1	0.6985375673135371	0.7872910632058199	([750, 446], [750, 581, 391])
1	0.7764368610493693	0.7873088398892399	([752, 522], [777, 752, 693])
1	0.7583159977868461	0.7874639511002018	([504, 223], [504, 366, 223])
1	0.7056064784242321	0.7874639511002018	([504, 125], [504, 366, 364])
1	0.7810951407380573	0.787735018039837	([655, 583], [706, 655, 639])
1	0.7785325476176151	0.7878136301520484	([493, 25], [493, 490, 25])
1	0.7067398857280196	0.787863456853624	([374, 2], [377, 374, 12])
1	0.7873088116988046	0.7879263936046852	([560, 461], [560, 525, 461])
1	0.7847290781217006	0.787983195688715	([761, 144], [761, 144, 124])
1	0.7439931655650971	0.787983195688715	([759, 124], [761, 759, 124])
1	0.7620704225116298	0.7880776627369689	([770, 684], [770, 751, 684])
1	0.7820378025264136	0.7880804255198093	([720, 593], [733, 720, 591])
1	0.7807304172493507	0.7881663877126154	([231, 8], [231, 117, 112])
1	0.7876387623496703	0.7882912491447512	([240, 57], [240, 175, 57])
1	0.7619171011109689	0.7882945644666218	([696, 530], [696, 530, 380])
1	0.7783127880240904	0.7883851280139144	([487, 425], [487, 436, 425])
1	0.7453497878914844	0.7883851280139144	([436, 347], [487, 446, 436])
1	0.7732874004531595	0.7883945264036556	([707, 481], [707, 496, 481])
1	0.612679134971002	0.7883974496730676	([463, 284], [463, 436, 421])
1	0.7841564204409468	0.7884094736082542	([613, 553], [613, 583, 571])
1	0.7664510815703804	0.7884720550779555	([465, 396], [465, 418, 398])
1	0.7772582749584008	0.788493617699265	([43, 19], [55, 43, 19])
1	0.7633748042146946	0.7885425897738227	([661, 353], [661, 645, 353])
1	0.7174796554662833	0.7885605159895993	([308, 221], [308, 288, 221])
1	0.731210666733475	0.7885797717962317	([180, 7], [180, 141, 28])
1	0.7749608487511703	0.7885929919947512	([722, 605], [722, 592, 573])
1	0.7779295951503936	0.7886799310495504	([316, 161], [316, 276, 221])
1	0.7805829411491517	0.7886818190871432	([157, 43], [158, 157, 43])
1	0.7294247116657053	0.7887092312514744	([557, 489], [557, 529, 489])
1	0.7854714561601018	0.7887410677520104	([683, 599], [693, 683, 590])
1	0.7718636455503791	0.789000754158775	([752, 19], [752, 710, 26])
1	0.76646157310682	0.789000754158775	([710, 26], [794, 752, 26])
1	0.7881544115657584	0.7890051233236218	([631, 308], [631, 628, 308])
1	0.7772100774028784	0.7890102195984138	([604, 462], [604, 585, 462])
1	0.7792981657213119	0.7891449878352175	([733, 680], [733, 726, 681])
1	0.7706085700223714	0.7894070081872997	([174, 52], [183, 174, 52])
1	0.6773072273260979	0.7895841942836563	([480, 304], [498, 486, 304])
1	0.786470617336161	0.7896410120227115	([232, 56], [232, 213, 56])
1	0.7574843602425583	0.7896789546490909	([206, 69], [216, 170, 69])
1	0.7816591053137297	0.7897101467255082	([709, 265], [709, 265, 148])
1	0.7873580192490552	0.7899718142947748	([269, 169], [269, 247, 169])
1	0.7381969756766438	0.789983987553644	([275, 112], [328, 275, 116])
1	0.7840231209081768	0.7899970590657875	([698, 489], [698, 690, 489])
1	0.7765338205809972	0.7899978159678995	([158, 55], [182, 175, 77])
1	0.7813233434900279	0.790005528932704	([453, 236], [459, 453, 364])
1	0.7536169480134061	0.7900276330756084	([527, 453], [527, 453, 356])
1	0.7595458699473382	0.7900361042568236	([312, 160], [339, 312, 280])
1	0.7145582024345027	0.7900361042568236	([337, 320], [339, 337, 312])
1	0.7887353287298297	0.7900361042568236	([456, 312], [456, 339, 312])
1	0.7247851313932686	0.7901029453586886	([696, 356], [696, 356, 330])
1	0.7718046822735183	0.7901225847408804	([664, 371], [664, 649, 371])
1	0.7790420732391944	0.7901703939429783	([660, 161], [660, 643, 492])
1	0.7750210409722758	0.7902522920252074	([757, 534], [757, 534, 328])
1	0.774251082849062	0.7903020987050527	([583, 483], [583, 560, 479])
1	0.7753125162433546	0.7903295303235189	([717, 219], [717, 368, 367])
1	0.7444932576547523	0.7904028782764686	([506, 351], [506, 372, 346])
1	0.762832627732924	0.7904198297614042	([793, 226], [793, 333, 226])
1	0.7853841698624086	0.7904679452220233	([667, 459], [667, 638, 459])
1	0.7631456824689068	0.7904987518514022	([760, 281], [760, 351, 288])
1	0.7867101515422541	0.7905337774497322	([789, 541], [776, 560, 541])
1	0.7495962060574559	0.7905337774497322	([783, 560], [783, 776, 560])
1	0.7241877102072851	0.7905483636189385	([785, 151], [785, 382, 15])
1	0.7565048615452336	0.7906599098055411	([559, 501], [559, 540, 501])
1	0.7857732284959645	0.7907281948398355	([482, 391], [482, 433, 418])
1	0.767242584415538	0.7907412529332707	([220, 74], [220, 142, 74])
1	0.77107522657829	0.7907664865318175	([704, 344], [716, 704, 344])
1	0.6966488178637366	0.7908282163519503	([750, 165], [750, 512, 165])
1	0.7546161071517357	0.7909441566484952	([662, 363], [791, 783, 662])
1	0.7753735793367734	0.7909797041129951	([638, 9], [697, 638, 9])
1	0.7242640778442103	0.7909962446894675	([339, 173], [312, 288, 178])
1	0.7509758103819398	0.7910138415219545	([393, 374], [426, 393, 383])
1	0.7733823471106063	0.7911371780125499	([682, 569], [682, 633, 569])
1	0.7436872933719813	0.7911733265982023	([385, 61], [385, 61, 8])
1	0.7764313680439147	0.7911800173893252	([455, 393], [455, 426, 418])
1	0.754118739580078	0.7911811026656382	([652, 16], [652, 380, 11])
1	0.7319570164177815	0.7911811026656382	([698, 11], [698, 652, 11])
1	0.758728072968206	0.7912245426101295	([282, 198], [282, 251, 198])
1	0.7031342716601072	0.7912245426101295	([750, 198], [750, 251, 198])
1	0.7680764086557125	0.7912391878783345	([650, 588], [650, 638, 588])
1	0.7830560153852604	0.7913287096099665	([528, 27], [528, 368, 27])
1	0.754242882101357	0.791361043543538	([697, 8], [796, 649, 9])
1	0.7619177803804121	0.7913862579352055	([262, 173], [262, 250, 173])
1	0.7869217606114617	0.7914740045759235	([534, 127], [534, 518, 127])
1	0.7491652542520301	0.7915028153478132	([748, 516], [748, 643, 639])
1	0.7426374208049276	0.7915263137460526	([246, 90], [246, 194, 191])
1	0.7701043955300878	0.7915856037727748	([518, 478], [522, 518, 478])
1	0.7791674794011184	0.791676758157228	([665, 453], [665, 651, 453])
1	0.7786134827623963	0.7917686301840323	([793, 186], [793, 333, 175])
1	0.7916395985076655	0.7917686301840323	([504, 175], [793, 504, 175])
1	0.7780834888939733	0.7917921167593673	([588, 175], [611, 595, 175])
1	0.7433891015741952	0.7918535926592497	([513, 45], [364, 123, 41])
1	0.7524213151721005	0.7918716073410147	([695, 152], [695, 647, 152])
1	0.7819693061211622	0.791907058515471	([645, 179], [755, 645, 179])
1	0.7898305506934878	0.791907058515471	([713, 179], [755, 713, 179])
1	0.786027164882893	0.7919170963442148	([499, 23], [499, 23, 14])
1	0.7907916525681931	0.7919467375460312	([268, 87], [268, 259, 111])
1	0.7865585365738248	0.7919589558699816	([151, 92], [151, 132, 92])
1	0.7693610711792908	0.792049477609709	([286, 174], [286, 199, 194])
1	0.7905921811773744	0.7921390951668487	([556, 465], [556, 514, 495])
1	0.7366713243834226	0.7921390951668487	([556, 495], [556, 514, 513])
1	0.787115257204889	0.7923294504988126	([499, 41], [499, 41, 23])
1	0.7737717404317644	0.7923378183132408	([494, 237], [494, 237, 219])
1	0.7886546421923594	0.7923851461899105	([323, 184], [323, 274, 234])
1	0.7604657753265808	0.7923965179022135	([153, 69], [179, 153, 69])
1	0.7397554304150951	0.7924023558250102	([466, 351], [495, 469, 466])
1	0.7349714577175399	0.7924481095750453	([512, 210], [512, 223, 210])
1	0.7747468220415678	0.7925327130238878	([274, 107], [274, 155, 107])
1	0.7584932161457554	0.7925361291699881	([404, 183], [404, 327, 325])
1	0.7726773752892699	0.7925378460785831	([549, 508], [549, 531, 528])
1	0.7477380572992318	0.7929430304538873	([451, 336], [476, 451, 336])
1	0.7822999132143627	0.7930100657698291	([717, 128], [717, 146, 128])
1	0.7813426835643568	0.7930100657698291	([709, 146], [717, 709, 146])
1	0.6968175939179999	0.7930163392093863	([750, 130], [750, 326, 130])
1	0.7868187763316231	0.793054476592514	([666, 543], [695, 666, 543])
1	0.7889268877660945	0.7930687202150453	([548, 475], [548, 536, 467])
1	0.774461785472607	0.7930858047502476	([618, 563], [618, 607, 563])
1	0.7874527136263217	0.7932066802762575	([738, 595], [745, 639, 619])
1	0.7821163480488126	0.7932319360911559	([308, 45], [308, 102, 45])
1	0.7585161539704999	0.7932510590998618	([780, 169], [780, 702, 34])
1	0.73955113033133	0.7932927005567456	([648, 203], [721, 648, 201])
1	0.7640159371866131	0.7933621566925971	([278, 1], [279, 161, 142])
1	0.7649876443619235	0.7934025466628418	([522, 266], [526, 522, 364])
1	0.776655237097111	0.7934596047275905	([536, 467], [536, 514, 457])
1	0.7831300456986622	0.7934650565921613	([752, 583], [752, 661, 583])
1	0.7836922392845257	0.7934869956161344	([748, 230], [748, 382, 230])
1	0.7782252952188102	0.7936105837659158	([746, 237], [757, 328, 276])
1	0.7910163829682956	0.793676595894029	([647, 189], [647, 226, 189])
1	0.7746006413506059	0.7936872507528616	([791, 357], [791, 500, 357])
1	0.7508161526987166	0.7937667908504762	([476, 407], [476, 440, 427])
1	0.7725912678604026	0.7937672458527514	([379, 231], [379, 231, 227])
1	0.7870359291893764	0.7937776686212709	([361, 265], [361, 316, 265])
1	0.7911496017111013	0.7938175425078023	([640, 162], [640, 176, 162])
1	0.7713468829145067	0.7938220901580145	([703, 324], [703, 354, 333])
1	0.7665880014320456	0.7938882311646364	([386, 129], [386, 379, 129])
1	0.7935555638930235	0.7939309482447147	([637, 218], [651, 637, 218])
1	0.7479759741615294	0.7939656806670784	([351, 13], [354, 351, 13])
1	0.7858058388750183	0.7939701577256059	([497, 424], [497, 469, 424])
1	0.7336682391415347	0.7940955451700317	([476, 328], [482, 476, 328])
1	0.7792258601876555	0.7941928807501947	([680, 524], [680, 660, 648])
1	0.7821675631351381	0.7942023205381961	([450, 386], [450, 406, 389])
1	0.7788265580517157	0.7942924878009562	([428, 355], [428, 377, 355])
1	0.6576733719535249	0.7943350988409292	([718, 561], [721, 614, 561])
1	0.7908943908303192	0.7944341041936295	([685, 523], [685, 523, 149])
1	0.7776243935994128	0.7945179342027286	([420, 181], [420, 181, 173])
1	0.7739717486491846	0.794562885226047	([304, 197], [304, 209, 197])
1	0.7921497676130255	0.7945681405624944	([627, 533], [627, 607, 563])
1	0.7875313235899073	0.7945992804240017	([247, 68], [265, 247, 68])
1	0.7863442944327708	0.7946032523905179	([710, 359], [710, 702, 316])
1	0.7944615390123791	0.7946095511365024	([435, 238], [435, 330, 238])
1	0.7905067648642151	0.7946378854071801	([707, 236], [707, 695, 254])
1	0.7830628884408707	0.794638896883038	([510, 174], [510, 503, 152])
1	0.7927218824266776	0.7946479980136009	([795, 548], [795, 696, 530])
1	0.7763569173877831	0.7946520658970136	([712, 145], [712, 388, 145])
1	0.7730442671654418	0.79474562299827	([700, 587], [752, 700, 587])
1	0.7813145665130063	0.7947612364361716	([589, 508], [641, 616, 589])
1	0.7919527778031269	0.7948371921454478	([460, 142], [486, 460, 142])
1	0.7789348119232893	0.79492711186508	([533, 333], [533, 495, 494])
1	0.7723212451346717	0.7949714095972991	([676, 347], [674, 647, 347])
1	0.7699204423176673	0.7950231512388938	([662, 180], [662, 363, 22])
1	0.7153976262410441	0.7950611833070156	([308, 20], [308, 152, 20])
1	0.7777033780513817	0.7950981966468134	([761, 38], [761, 38, 21])
1	0.7888719220524656	0.7951505755765146	([212, 87], [212, 198, 87])
1	0.794023173261137	0.7952664236449803	([646, 554], [646, 554, 523])
1	0.7576274256648221	0.7953411347533288	([207, 46], [207, 199, 45])
1	0.7585861089411624	0.7953784631452024	([606, 491], [606, 581, 491])
1	0.7590131458106124	0.7954581365368321	([789, 256], [789, 788, 220])
1	0.7791871670217463	0.7955580814641657	([637, 523], [646, 607, 523])
1	0.7924022115125361	0.7956162206624349	([656, 333], [657, 656, 333])
1	0.791709756915883	0.7957232939464537	([495, 36], [644, 495, 36])
1	0.7719900919808073	0.7957232939464537	([757, 36], [757, 644, 36])
1	0.7914074430632316	0.7958674011975739	([507, 265], [507, 265, 176])
1	0.7765335364536117	0.7958925675454086	([640, 176], [646, 367, 335])
1	0.7859451126505351	0.7959026634254754	([657, 232], [678, 657, 232])
1	0.7836786542163512	0.7959261182220133	([257, 78], [257, 124, 116])
1	0.7946482150539771	0.7959342510554499	([456, 6], [456, 339, 6])
1	0.7754649635656674	0.7959529214897425	([357, 155], [357, 331, 29])
1	0.774120599986136	0.7959637749909705	([708, 343], [708, 696, 382])
1	0.7544847526832295	0.7960027935632785	([429, 322], [429, 409, 322])
1	0.7830101092032036	0.7960314852463724	([347, 36], [352, 347, 14])
1	0.7487475264423616	0.7960337852682556	([690, 311], [690, 334, 311])
1	0.7707773831778523	0.7961302938998404	([265, 38], [265, 68, 34])
1	0.7468190343009606	0.7961376678999518	([657, 521], [657, 530, 521])
1	0.7887491059047945	0.7961687073046587	([795, 348], [795, 511, 372])
1	0.7219996795649393	0.7962489221263166	([656, 29], [699, 383, 5])
1	0.7450141794021166	0.796253314276609	([743, 563], [743, 641, 563])
1	0.7930894754160243	0.7962887952868887	([372, 117], [381, 372, 124])
1	0.7955695770955846	0.7963201584892332	([793, 6], [793, 503, 498])
1	0.7585318740916492	0.7963268255187548	([494, 16], [502, 494, 367])
1	0.7929616636793246	0.7964257595968229	([626, 557], [626, 557, 516])
1	0.7901943011850032	0.796445893973579	([598, 459], [598, 581, 459])
1	0.791295728999552	0.7964818023747805	([63, 0], [63, 39, 35])
1	0.7697135526408442	0.7965539849312314	([672, 151], [672, 645, 151])
1	0.7906987267227529	0.7965866264562326	([711, 575], [711, 590, 575])
1	0.7734745190576888	0.7965903668047588	([665, 565], [665, 658, 565])
1	0.7707823923198193	0.7965903668047588	([745, 565], [716, 658, 565])
1	0.793538485234492	0.7966351350573411	([596, 521], [717, 598, 596])
1	0.7734651956937907	0.7966462159336438	([257, 156], [257, 214, 191])
1	0.7650352088489085	0.7966535646077535	([756, 347], [756, 702, 347])
1	0.7736640821714659	0.7967809282998929	([692, 145], [692, 145, 28])
1	0.7644426766961238	0.7968322263347473	([758, 234], [778, 758, 234])
1	0.7897130241131063	0.7968345599195265	([790, 514], [790, 708, 514])
1	0.786912676729813	0.7968486943675338	([721, 404], [721, 404, 333])
1	0.6630743093471504	0.7969451903892455	([513, 82], [513, 82, 45])
1	0.7698753800803083	0.7970347663539556	([575, 437], [590, 575, 437])
1	0.7169578218696182	0.7972209792909298	([326, 210], [326, 218, 210])
1	0.7686334410009613	0.7973023822083982	([706, 312], [790, 706, 312])
1	0.7827682528332444	0.7973954420776759	([370, 265], [370, 265, 222])
1	0.7755267931652821	0.7974695346105519	([611, 175], [792, 785, 175])
1	0.7958638204374229	0.7975552792798797	([760, 368], [788, 760, 368])
1	0.6995104322486478	0.7976308202935632	([742, 335], [755, 742, 335])
1	0.7665019451795311	0.7977953664693272	([749, 30], [749, 238, 148])
1	0.7923221685710893	0.7979094177930939	([649, 130], [656, 649, 130])
1	0.761860707485601	0.7979439473973776	([701, 346], [702, 701, 347])
1	0.7904394811504885	0.7979525616640454	([701, 15], [748, 701, 15])
1	0.7748720360705801	0.7980434623050557	([688, 343], [688, 652, 343])
1	0.7589812041318289	0.7981294513764481	([420, 352], [420, 381, 360])
1	0.7856586175322695	0.7981801950834305	([685, 149], [696, 685, 523])
1	0.7695438454514192	0.7982547308487608	([535, 451], [535, 452, 451])
1	0.792442069548578	0.7983060263657724	([210, 83], [210, 83, 35])
1	0.7726875419362151	0.7983351237910074	([641, 137], [649, 641, 137])
1	0.7900247653150634	0.7983372410721765	([253, 99], [268, 253, 99])
1	0.7908528340330288	0.7983372410721765	([721, 99], [721, 268, 99])
1	0.7731398050037218	0.7984407218596992	([527, 153], [360, 153, 140])
1	0.7898895920950079	0.7985981190859506	([739, 336], [775, 739, 717])
1	0.7771776695747304	0.7988489414047655	([554, 474], [554, 540, 463])
1	0.6435300756117408	0.7989015575611517	([310, 150], [310, 274, 150])
1	0.7849731324729449	0.7989920206784638	([154, 63], [154, 96, 85])
1	0.7708323937773638	0.7990860918716728	([779, 583], [779, 583, 385])
1	0.7912362733667803	0.7990888466961339	([415, 351], [420, 415, 351])
1	0.7163422733447056	0.7990922888858595	([721, 262], [754, 364, 243])
1	0.7915425640807915	0.7994114872734925	([615, 534], [615, 564, 536])
1	0.7738787470669536	0.7994187891489264	([679, 361], [679, 655, 366])
1	0.7661757668406683	0.7994577241343618	([576, 481], [576, 569, 480])
1	0.767912406290259	0.7996133740224455	([795, 216], [795, 696, 130])
1	0.7765384631621179	0.7996864099867705	([678, 359], [678, 649, 359])
1	0.7697064975768649	0.7997307633272523	([183, 68], [183, 157, 68])
1	0.705876578879631	0.799859312371437	([638, 223], [645, 638, 223])
1	0.780095378760084	0.7999261679750895	([757, 438], [757, 534, 438])
1	0.7669669748494375	0.7999466528709716	([703, 181], [703, 512, 500])
1	0.7575109508461483	0.7999519539335341	([747, 232], [747, 643, 232])
1	0.776985407487015	0.8000409699482689	([742, 560], [742, 561, 560])
1	0.738948621699934	0.8000409699482689	([561, 499], [742, 721, 561])
1	0.7922698448088551	0.8000860776707397	([621, 217], [621, 581, 566])
1	0.7952710379556012	0.8001302651616017	([779, 454], [779, 454, 385])
1	0.6972115355380506	0.8002698504650451	([636, 29], [657, 636, 29])
1	0.7757890497824175	0.8002759348374295	([233, 70], [251, 233, 70])
1	0.6797213372386061	0.8003655274546916	([598, 317], [598, 464, 377])
1	0.7707843653950207	0.8003655274546916	([717, 464], [717, 598, 464])
1	0.7830105280207034	0.8003688359482523	([794, 174], [794, 215, 165])
1	0.7916608050925152	0.8004126374337722	([536, 421], [536, 457, 439])
1	0.7523443657810446	0.8005187738845141	([516, 114], [516, 375, 197])
1	0.7927941232409006	0.8005296752184083	([755, 457], [755, 460, 457])
1	0.658944709855861	0.8005456374205234	([523, 317], [537, 486, 436])
1	0.7821240443424813	0.800972410127524	([480, 32], [480, 476, 328])
1	0.7646088143513864	0.8010366775264943	([625, 475], [625, 604, 475])
1	0.7992663805013479	0.8010468578835993	([478, 322], [478, 450, 304])
1	0.7968899615405544	0.8010468578835993	([450, 304], [480, 478, 304])
1	0.7953604562407095	0.8010468578835993	([666, 478], [666, 478, 304])
1	0.775292083922215	0.8012177295160664	([521, 362], [529, 521, 362])
1	0.7871621819163385	0.8012391887178161	([84, 13], [120, 84, 22])
1	0.7688349819608111	0.801335566837646	([775, 593], [782, 775, 593])
1	0.7594259165014992	0.8014007121597038	([688, 462], [688, 638, 631])
1	0.7998073352111257	0.8014308075663655	([735, 559], [735, 717, 559])
1	0.7785097887432108	0.8014447544179897	([728, 587], [738, 728, 587])
1	0.7697146976326106	0.8014866835957197	([241, 85], [241, 185, 85])
1	0.6808887962136474	0.8015215334777513	([750, 54], [750, 82, 54])
1	0.8014286926586649	0.8015267274988017	([634, 389], [634, 514, 385])
1	0.677871297174857	0.8016224596193258	([316, 92], [316, 179, 92])
1	0.7759595576152217	0.801655276717054	([783, 337], [783, 650, 337])
1	0.8001302913792523	0.8017116723490532	([527, 4], [527, 153, 5])
1	0.7560187698393058	0.8017262570085081	([640, 342], [702, 640, 342])
1	0.7769964538320508	0.8017542921814076	([694, 135], [491, 175, 135])
1	0.75507633188954	0.8017542921814076	([479, 175], [491, 479, 175])
1	0.7822907191504	0.8019181073057614	([511, 198], [652, 511, 198])
1	0.7891176673495417	0.8019216942785182	([429, 335], [429, 384, 342])
1	0.7878754228845369	0.8019216942785182	([424, 342], [429, 424, 342])
1	0.8015484603394846	0.8019634304268632	([628, 387], [628, 589, 387])
1	0.798608548069022	0.8020152270370389	([533, 124], [759, 533, 333])
1	0.7811692286398499	0.8020944201273575	([514, 14], [515, 502, 12])
1	0.8004880225321265	0.8021089367364939	([594, 463], [597, 594, 474])
1	0.7915559208161619	0.8021089367364939	([597, 474], [625, 594, 474])
1	0.7768558898747726	0.8021992272198526	([533, 412], [533, 412, 333])
1	0.8001896874313214	0.802235814186948	([735, 19], [752, 735, 711])
1	0.7307963286342901	0.8022414180016605	([530, 209], [530, 377, 209])
1	0.7286608838985676	0.8022760854380958	([587, 335], [587, 540, 514])
1	0.7810254463843342	0.8022931845661575	([438, 156], [438, 325, 318])
1	0.7565849109962186	0.8023137736719568	([191, 49], [191, 182, 49])
1	0.7886127465281537	0.8023676698866433	([550, 470], [550, 536, 470])
1	0.6930631481898604	0.802452523342539	([693, 374], [693, 374, 367])
1	0.7729906802744854	0.8025343730322623	([745, 178], [745, 697, 178])
1	0.7973917147008233	0.8025359854787889	([354, 259], [354, 259, 116])
1	0.783663304655162	0.8025490915767302	([387, 116], [387, 359, 116])
1	0.7687453487281708	0.8025828434761809	([437, 380], [466, 437, 380])
1	0.7914603963651697	0.8026941552177661	([537, 23], [537, 381, 364])
1	0.7840235154916234	0.802704884177904	([684, 603], [684, 621, 612])
1	0.7319548113074292	0.8027200941902652	([505, 206], [505, 206, 135])
1	0.7846214594006702	0.8027401677880246	([544, 393], [544, 539, 393])
1	0.7952998116555674	0.8027441333191627	([527, 231], [527, 379, 343])
1	0.7325808927757473	0.802771308380791	([513, 95], [513, 95, 82])
1	0.7866530672080422	0.8028619049385788	([695, 233], [695, 254, 233])
1	0.6752260492349642	0.8028658456010767	([750, 100], [750, 102, 82])
1	0.7757611468821383	0.8028858592897304	([350, 56], [373, 350, 56])
1	0.7812262236770805	0.8029038446976832	([551, 349], [551, 536, 349])
1	0.7671966118668103	0.8030315906280525	([754, 141], [754, 141, 29])
1	0.797444129430665	0.8030378647857097	([682, 164], [755, 682, 646])
1	0.7877374366501044	0.8031232250764427	([305, 81], [305, 277, 81])
1	0.7751341113106501	0.8031320812765518	([212, 66], [212, 87, 66])
1	0.7860414202445667	0.803206239778165	([712, 471], [712, 471, 31])
1	0.7846938375825049	0.8033103488890648	([756, 305], [774, 756, 305])
1	0.7434892197869493	0.8033118310997878	([658, 27], [658, 504, 175])
1	0.714507767919386	0.8033458801762003	([311, 36], [311, 36, 17])
1	0.7985439982391013	0.8033584206118106	([90, 24], [114, 90, 28])
1	0.8000816671943243	0.8034218671145317	([794, 266], [794, 647, 499])
1	0.6568760268379276	0.8034493716710722	([458, 310], [450, 310, 287])
1	0.7711504735307835	0.8035525619759322	([337, 156], [369, 337, 156])
1	0.7789262848554005	0.8035525619759322	([703, 156], [703, 369, 156])
1	0.7705225518622717	0.803557915317134	([529, 410], [529, 410, 377])
1	0.7758851137141807	0.8036060857096715	([652, 289], [652, 512, 280])
1	0.8027436246456681	0.8036201272136818	([695, 122], [695, 342, 325])
1	0.791839386675321	0.803688745216439	([670, 471], [649, 471, 222])
1	0.7796139223860706	0.803693698868611	([488, 186], [494, 488, 237])
1	0.8001670835647643	0.8037244532199391	([708, 211], [708, 382, 211])
1	0.7896977570277208	0.803767187968707	([551, 468], [551, 537, 482])
1	0.7752946797297896	0.803769323214786	([355, 135], [505, 355, 334])
1	0.7842815203524015	0.803854329105821	([758, 155], [758, 304, 152])
1	0.7904323531345085	0.8039762261239033	([436, 24], [436, 347, 337])
1	0.7905491206041615	0.8039762261239033	([432, 337], [436, 432, 337])
1	0.8000669090532252	0.8040247510158997	([769, 533], [787, 769, 533])
1	0.7605527228118998	0.8040285447058234	([515, 136], [647, 515, 136])
1	0.7769199088654286	0.8040910448270813	([665, 217], [665, 649, 217])
1	0.790895206209193	0.8041016426085105	([487, 315], [487, 339, 323])
1	0.7966525939553999	0.804320549056512	([656, 432], [656, 515, 494])
1	0.7916897582348449	0.8043239701425323	([518, 448], [518, 479, 469])
1	0.7835466296120386	0.8043564358609478	([686, 27], [686, 675, 559])
1	0.7993649971714524	0.8044146961992702	([564, 347], [564, 493, 347])
1	0.7977478545141505	0.8045637088779894	([230, 48], [230, 48, 28])
1	0.8009413412404991	0.8046739331211404	([483, 17], [643, 510, 17])
1	0.795328401117378	0.8046836562356108	([747, 474], [747, 474, 367])
1	0.7713911248047952	0.804706371835282	([501, 212], [501, 377, 212])
1	0.7675052711499654	0.8047460482829047	([614, 466], [614, 466, 462])
1	0.7487923096792379	0.8047645552215543	([540, 288], [752, 540, 506])
1	0.7949024420470014	0.8048452965967687	([510, 422], [510, 422, 361])
1	0.770597731501586	0.8049874012229591	([531, 26], [531, 516, 256])
1	0.7597906208529148	0.8050043999649182	([659, 234], [659, 255, 146])
1	0.797395372850715	0.8050268448035244	([647, 266], [647, 280, 266])
1	0.7714635628626638	0.8050384018355428	([780, 490], [780, 761, 641])
1	0.7973809724885134	0.8050542178885038	([254, 100], [254, 163, 102])
1	0.8044726877580322	0.8050956656325916	([491, 421], [491, 421, 373])
1	0.7945542321576775	0.8051061687279307	([405, 235], [405, 353, 235])
1	0.7610901485724527	0.8051064784383911	([559, 350], [559, 384, 342])
1	0.7592155564019646	0.8051594666891311	([572, 375], [572, 542, 375])
1	0.7607723848214893	0.805191814541195	([619, 469], [619, 598, 464])
1	0.7779906085405344	0.8052147593129806	([672, 534], [672, 658, 534])
1	0.7759539550603741	0.8052315250429043	([526, 225], [526, 512, 335])
1	0.7958039009194184	0.8052991419327377	([595, 512], [595, 512, 510])
1	0.7949291900261914	0.8052991419327377	([595, 486], [595, 541, 510])
1	0.7919774420603808	0.8053060383516939	([245, 104], [245, 239, 104])
1	0.7675226889141117	0.8053109557318097	([507, 129], [507, 129, 31])
1	0.7631054405862135	0.8053163227291857	([631, 521], [633, 631, 521])
1	0.7575403333386503	0.8054015204950483	([603, 375], [603, 584, 375])
1	0.7910200959057863	0.8054480804623523	([508, 37], [508, 494, 371])
1	0.7894320189053865	0.8054837128042454	([504, 205], [504, 227, 205])
1	0.8009213621804379	0.8055394906849112	([559, 433], [559, 449, 433])
1	0.7763000009133203	0.8055628383818779	([681, 488], [681, 635, 597])
1	0.7895921333727116	0.8056623852272813	([721, 55], [721, 78, 57])
1	0.7978202642862681	0.8057645611589236	([591, 495], [591, 535, 519])
1	0.791974041796076	0.8057791200029447	([685, 424], [688, 685, 424])
1	0.7734615302127832	0.8058124267760899	([495, 413], [495, 452, 413])
1	0.8026907421948071	0.8058894416257233	([600, 481], [600, 576, 566])
1	0.7886926245302979	0.8060061616083131	([692, 219], [692, 219, 218])
1	0.7817156226550389	0.806058882003206	([552, 321], [552, 527, 490])
1	0.7921538113736566	0.8061383735716435	([82, 20], [118, 82, 20])
1	0.7775902861873045	0.8062081393532214	([579, 431], [567, 520, 519])
1	0.7696828976682935	0.8062118117997024	([377, 94], [377, 94, 35])
1	0.7950281968102617	0.8062899703053117	([406, 338], [406, 386, 380])
1	0.8025358374623114	0.8066888250328133	([785, 577], [785, 577, 561])
1	0.800588953222422	0.8067517944275022	([462, 112], [515, 112, 14])
1	0.7764779963136405	0.8068539662033023	([661, 147], [696, 661, 153])
1	0.7971171176009354	0.806872339572492	([749, 535], [749, 669, 535])
1	0.7997263047288102	0.8068724605270026	([657, 119], [657, 388, 122])
1	0.8040754141846227	0.8069086657884275	([541, 434], [541, 523, 453])
1	0.7958907165990484	0.8069087006096646	([714, 455], [784, 714, 455])
1	0.7925566202409642	0.8069396530151363	([695, 37], [695, 494, 370])
1	0.805864610263041	0.8069840569579678	([611, 28], [708, 694, 28])
1	0.77997973935616	0.8070326753978729	([744, 222], [746, 744, 222])
1	0.7892604708801774	0.8070430229783286	([736, 455], [736, 695, 455])
1	0.742135611126011	0.8070435223354016	([420, 34], [420, 351, 339])
1	0.7942939008482696	0.8071515676711559	([582, 119], [762, 582, 577])
1	0.7735331137622566	0.8071522072918703	([574, 288], [791, 751, 568])
1	0.7825321345963936	0.807446610395011	([695, 254], [707, 333, 254])
1	0.7893335665314806	0.8075131859475015	([771, 483], [771, 769, 483])
1	0.7623476659563769	0.8077020000661144	([680, 133], [680, 332, 219])
1	0.80311141129855	0.8077407414871445	([761, 554], [761, 588, 569])
1	0.7768688489179126	0.8079304074103125	([668, 319], [698, 668, 319])
1	0.7986870203906821	0.8079584189720078	([486, 225], [504, 486, 225])
1	0.7820750786904784	0.8079999764975475	([664, 149], [685, 664, 650])
1	0.7757751729773016	0.8082220121403733	([665, 117], [665, 217, 117])
1	0.7897971358836667	0.8082710017814116	([788, 524], [788, 760, 515])
1	0.7382258157375242	0.8083215108575265	([693, 136], [693, 647, 367])
1	0.7990792667778024	0.8083429121128027	([703, 486], [703, 504, 486])
1	0.7959913713202649	0.8084359887845708	([289, 85], [289, 190, 132])
1	0.8018600557477998	0.8084578230233685	([774, 467], [774, 467, 289])
1	0.7939282171404869	0.8084716008183045	([638, 398], [638, 465, 457])
1	0.8068199738236315	0.8084716008183045	([675, 465], [675, 638, 465])
1	0.7934675414561576	0.8084926358732308	([594, 417], [594, 475, 417])
1	0.7813752669323738	0.808566135249536	([490, 215], [490, 215, 176])
1	0.7737145768535081	0.808566135249536	([487, 174], [490, 330, 176])
1	0.7866983639991361	0.8086005121031928	([643, 133], [680, 643, 527])
1	0.7404600214126082	0.8086045462218887	([667, 125], [667, 368, 326])
1	0.7540674874125614	0.8086139047103341	([650, 319], [770, 650, 642])
1	0.783519106490232	0.8087381342613341	([717, 275], [717, 275, 219])
1	0.7997979285206687	0.8087629275976634	([636, 277], [636, 277, 29])
1	0.805763381545216	0.8087915341164629	([338, 112], [338, 178, 112])
1	0.7729689700546474	0.8088442621879817	([795, 113], [795, 116, 113])
1	0.7943945970330673	0.808901187617534	([725, 525], [730, 725, 525])
1	0.7774674585017399	0.8089188739172647	([492, 166], [506, 492, 150])
1	0.7958374993878069	0.8089214485858937	([703, 400], [703, 400, 331])
1	0.7971168257505299	0.8089814231980389	([242, 16], [249, 242, 16])
1	0.7731571678213958	0.809007336704113	([729, 329], [776, 729, 711])
1	0.7941786108428235	0.8090351198506788	([710, 518], [710, 518, 516])
1	0.7166523396766541	0.8090832829283578	([285, 188], [305, 252, 188])
1	0.7996331530683847	0.8091994441977549	([692, 189], [692, 647, 377])
1	0.7993009630788774	0.8092158633042057	([549, 454], [549, 474, 454])
1	0.7935041750856234	0.8092403084034488	([704, 35], [704, 111, 35])
1	0.7823717461519838	0.8092415063334146	([506, 240], [506, 382, 240])
1	0.8063628876465024	0.8092465389390726	([545, 444], [545, 520, 444])
1	0.8078406415599715	0.80971954160647	([697, 477], [697, 645, 477])
1	0.7784267201078803	0.8097451084734273	([664, 218], [664, 335, 329])
1	0.7920940537304679	0.8098660324761626	([764, 35], [764, 746, 2])
1	0.790927876513947	0.8099164208674043	([746, 562], [746, 582, 562])
1	0.7797081242016368	0.8099733997801157	([619, 16], [652, 619, 618])
1	0.8040781245496045	0.8101668428204057	([160, 53], [160, 152, 53])
1	0.7568017600680983	0.8101771403320346	([311, 201], [311, 288, 201])
1	0.7860331183603908	0.8101982935475723	([457, 215], [457, 366, 335])
1	0.7654870295195014	0.8102247534541074	([751, 133], [751, 221, 220])
1	0.7928003676878412	0.8102264598955514	([702, 401], [702, 401, 379])
1	0.7843343816251377	0.8102886465685054	([778, 536], [778, 758, 518])
1	0.7881762278987589	0.8103604702121049	([271, 44], [271, 258, 47])
1	0.7878293946313529	0.8104927933825626	([581, 217], [655, 608, 217])
1	0.7883537261313152	0.8104927933825626	([715, 217], [715, 655, 217])
1	0.8013031996532612	0.8105215513443946	([590, 176], [590, 563, 513])
1	0.8103331063243515	0.810541208431331	([243, 103], [243, 196, 124])
1	0.803619450380891	0.8106134311598971	([599, 507], [599, 583, 507])
1	0.7927819151727024	0.8106215684282142	([614, 311], [746, 719, 311])
1	0.7783530226599479	0.8107093505728021	([422, 172], [422, 336, 176])
1	0.7802749732942051	0.8107093505728021	([401, 176], [422, 401, 176])
1	0.8025966762424466	0.8107798342323478	([768, 576], [768, 576, 540])
1	0.7882486470826273	0.8108617765495196	([572, 464], [589, 572, 439])
1	0.7578375656682672	0.8111026988079585	([319, 171], [319, 283, 209])
1	0.7739340208522689	0.8111081214092846	([440, 353], [440, 366, 356])
1	0.7872070141008605	0.8112447295209275	([788, 676], [788, 676, 653])
1	0.7956107916575549	0.8113098069657081	([458, 276], [500, 458, 276])
1	0.808361825228409	0.8113769568595092	([627, 193], [643, 627, 193])
1	0.803743819536437	0.8114012225039455	([679, 460], [679, 528, 460])
1	0.7978050912701634	0.8115013372449061	([580, 411], [580, 434, 411])
1	0.7903027767585405	0.8115209201266742	([699, 463], [699, 642, 463])
1	0.7874467068581752	0.8115268969175938	([610, 451], [623, 610, 451])
1	0.7762823088570134	0.8115282543870519	([88, 0], [88, 83, 0])
1	0.773779650613232	0.8115727777891338	([720, 121], [720, 709, 228])
1	0.8073599300752422	0.811572926263796	([702, 112], [703, 702, 112])
1	0.8111925108588467	0.8117416264172138	([458, 168], [458, 357, 168])
1	0.6270168610181553	0.8117806991405471	([284, 67], [284, 243, 53])
1	0.8048317540353035	0.8118044832511225	([266, 85], [266, 170, 39])
1	0.7898978742281991	0.8118937459795145	([632, 473], [632, 627, 473])
1	0.7691285894708219	0.8119503917598078	([764, 122], [764, 222, 122])
1	0.7918424524850145	0.8119526542893138	([720, 141], [720, 698, 141])
1	0.7509630711512504	0.8119674276377534	([463, 34], [491, 484, 34])
1	0.7937621740367421	0.8120047202336875	([649, 402], [649, 402, 373])
1	0.7693752803409921	0.8121836585406813	([663, 360], [663, 375, 341])
1	0.760507920928737	0.812266986988401	([560, 308], [735, 734, 588])
1	0.8005952679667638	0.812323382102191	([672, 470], [634, 470, 328])
1	0.7594253379830183	0.812440234801481	([559, 449], [559, 485, 462])
1	0.8100559370631457	0.8126792851852078	([699, 264], [699, 655, 264])
1	0.8075942862088921	0.8127045566963742	([654, 281], [654, 281, 227])
1	0.812586360553963	0.812728007181837	([537, 158], [537, 518, 158])
1	0.8087579004994142	0.8127559334306168	([735, 443], [735, 720, 443])
1	0.7988691304884291	0.8128265335747533	([437, 246], [393, 385, 323])
1	0.8098429096558003	0.8128994522282682	([596, 448], [596, 568, 325])
1	0.8104026831620896	0.8130405816275288	([729, 536], [729, 679, 536])
1	0.8079073306666207	0.8130521373630349	([665, 487], [665, 515, 487])
1	0.8064406352182876	0.8131822250653805	([776, 472], [776, 503, 472])
1	0.7927736787985958	0.813215284252743	([605, 393], [605, 575, 385])
1	0.8008390111980674	0.8132628221215289	([704, 390], [704, 685, 390])
1	0.7848688812999755	0.8134088346880958	([609, 127], [609, 588, 127])
1	0.8085850939050802	0.8135382999924523	([506, 71], [506, 163, 71])
1	0.803736696488023	0.8135405992067473	([719, 461], [719, 619, 464])
1	0.7571002666374882	0.8135542775760182	([611, 336], [739, 627, 336])
1	0.7998072793718668	0.8135737649679883	([553, 448], [553, 469, 464])
1	0.7922249208954395	0.8135761145794519	([495, 257], [495, 257, 214])
1	0.8128995752972034	0.8135780597848509	([476, 71], [476, 328, 71])
1	0.7961473149174269	0.8137422602456461	([694, 557], [694, 561, 557])
1	0.8029152297775345	0.8138591643644799	([525, 188], [525, 328, 119])
1	0.7985837704553849	0.8140061188972457	([722, 166], [722, 707, 180])
1	0.8091464178217794	0.8140731262813884	([557, 351], [566, 557, 351])
1	0.8110454943695736	0.8141815004087695	([586, 449], [586, 536, 449])
1	0.8140501600531164	0.8142281824717233	([604, 134], [604, 343, 27])
1	0.8120377632953001	0.8143044466801699	([477, 216], [477, 452, 436])
1	0.7757134847424777	0.814312900856473	([567, 322], [765, 567, 322])
1	0.8109363228220764	0.8143964555036263	([327, 102], [327, 102, 69])
1	0.8132379381052253	0.8144729711554143	([456, 185], [456, 339, 185])
1	0.784847761520528	0.8145505997381335	([791, 114], [791, 330, 116])
1	0.8123171475159819	0.8145708276833289	([397, 184], [397, 325, 213])
1	0.8117809878244747	0.8145708276833289	([431, 213], [431, 397, 213])
1	0.7915485865407199	0.8146301593442656	([519, 122], [672, 657, 122])
1	0.7982105669900753	0.8148718627867049	([462, 226], [491, 462, 226])
1	0.8069988176906465	0.8150019962348938	([428, 320], [428, 416, 320])
1	0.7915663529232464	0.8150032809806013	([411, 201], [411, 328, 325])
1	0.763801244383594	0.8150269395832531	([732, 363], [763, 727, 675])
1	0.8083942043710834	0.8151077445558218	([405, 142], [405, 355, 353])
1	0.7856628291107813	0.8151908173396291	([684, 481], [684, 481, 335])
1	0.8081382208275342	0.8152094680105549	([269, 77], [269, 169, 77])
1	0.799142492420964	0.8152337751062488	([693, 92], [693, 364, 92])
1	0.8085052127535656	0.8153332926953171	([621, 35], [621, 501, 328])
1	0.8101104577329757	0.8153932655518811	([738, 229], [738, 254, 229])
1	0.7962270388322923	0.8154116892160387	([482, 132], [482, 481, 382])
1	0.802696344311547	0.8154348446007226	([700, 202], [700, 202, 171])
1	0.8120321015484441	0.8155273874666864	([461, 235], [461, 235, 219])
1	0.773654807310993	0.8155273874666864	([461, 220], [461, 343, 219])
1	0.8098150642065142	0.8155790089956981	([436, 140], [752, 436, 135])
1	0.8045025162142462	0.8156541781775769	([621, 353], [642, 621, 353])
1	0.8024022055079489	0.8156610984459306	([705, 482], [705, 689, 482])
1	0.7924154325626309	0.8157133665516794	([482, 218], [482, 220, 218])
1	0.8045157612532524	0.8157501126742208	([637, 168], [659, 637, 168])
1	0.7984385849871563	0.8158216157733623	([289, 35], [289, 271, 35])
1	0.8105368631070919	0.8158229998146028	([791, 8], [791, 117, 114])
1	0.7986478162507347	0.8158463353286115	([465, 210], [515, 465, 227])
1	0.7701111904508766	0.8158471443468281	([467, 289], [774, 474, 467])
1	0.6237038408662039	0.8158804674969661	([374, 115], [504, 374, 95])
1	0.8091638089657985	0.8159330871151558	([628, 170], [628, 589, 170])
1	0.771208675793227	0.8159941572244265	([390, 191], [390, 384, 192])
1	0.7987393644937453	0.8160073026857438	([405, 188], [405, 388, 115])
1	0.806589953907072	0.8161067339846209	([201, 77], [208, 201, 77])
1	0.7888982219099188	0.8161293815805873	([744, 551], [744, 551, 520])
1	0.7800776449469532	0.8161409003449485	([335, 70], [335, 251, 179])
1	0.8122770011652191	0.816143548925782	([781, 553], [781, 742, 553])
1	0.8057658881234823	0.8161530892848173	([454, 143], [454, 143, 34])
1	0.8145854052992434	0.8161557780633405	([735, 666], [735, 717, 666])
1	0.7951783221799195	0.8165050471935661	([470, 214], [495, 470, 328])
1	0.802216981622674	0.8167713147208049	([532, 217], [532, 527, 217])
1	0.7678456455099942	0.8167921518385634	([278, 58], [278, 259, 58])
1	0.7919671173010996	0.8168505999798208	([485, 13], [775, 485, 335])
1	0.8139550280896899	0.8169730763063537	([694, 287], [795, 694, 287])
1	0.8160204484479039	0.8170066476993766	([733, 348], [743, 733, 364])
1	0.7918350217642741	0.8170495076753211	([674, 32], [674, 659, 32])
1	0.7954038877048984	0.8170550787426196	([555, 315], [555, 516, 490])
1	0.8138561114144397	0.8171973367108155	([324, 232], [324, 263, 232])
1	0.7809870729281428	0.8172362075707887	([669, 113], [669, 660, 113])
1	0.7960902524505742	0.8173658406407706	([680, 574], [680, 605, 574])
1	0.8161795034547089	0.8174166794862509	([680, 368], [680, 530, 368])
1	0.813621847389792	0.8174348276323989	([640, 434], [640, 434, 369])
1	0.8079389647546388	0.8174861330027466	([327, 69], [327, 262, 102])
1	0.8150891516958477	0.8175425626987486	([760, 168], [760, 493, 168])
1	0.8138118751401894	0.8177343104763871	([525, 244], [525, 500, 224])
1	0.8003935414249197	0.8177647204247578	([711, 200], [711, 590, 176])
1	0.7997048952680257	0.8177647204247578	([563, 176], [711, 640, 176])
1	0.8073263804156079	0.8179045525441597	([533, 33], [533, 377, 355])
1	0.8105280447384716	0.8179053492520933	([583, 225], [758, 583, 225])
1	0.8072873216953229	0.8181644817538334	([632, 453], [632, 473, 453])
1	0.799751602204896	0.8182244514198164	([755, 606], [755, 659, 606])
1	0.8101530975451593	0.8182299678637113	([601, 386], [601, 574, 541])
1	0.8157982722793672	0.818294491525532	([743, 109], [743, 131, 109])
1	0.8135198892615589	0.8182946014566806	([575, 205], [696, 575, 439])
1	0.7922687912215512	0.8183652590657459	([447, 181], [447, 384, 192])
1	0.8019946812696694	0.8184318760675331	([357, 40], [357, 71, 63])
1	0.8019892805885198	0.8184318760675331	([357, 63], [357, 328, 71])
1	0.8172256354936347	0.8184318760675331	([375, 71], [375, 357, 71])
1	0.8142292266394313	0.8184348593134869	([448, 372], [448, 388, 372])
1	0.8182394881013082	0.818711147979166	([326, 85], [326, 93, 85])
1	0.815454869529559	0.8195289776642252	([651, 399], [651, 399, 392])
1	0.8132842622485353	0.8195637356456037	([554, 432], [577, 554, 432])
1	0.818852571932901	0.8196765555685321	([441, 222], [441, 222, 149])
1	0.8122708217434927	0.8196765555685321	([441, 130], [441, 363, 149])
1	0.8156165079746646	0.8198114453684834	([502, 442], [502, 497, 442])
1	0.785882420702939	0.8199088730052801	([674, 144], [708, 674, 144])
1	0.8115993479475709	0.8199687076246605	([501, 65], [501, 212, 66])
1	0.8173570587371012	0.8199889984723452	([503, 402], [503, 402, 327])
1	0.8194970382259964	0.8201271571957102	([688, 167], [688, 495, 343])
1	0.768439569764655	0.8201876094930262	([751, 77], [751, 221, 176])
1	0.8168450797474349	0.8202757666501741	([450, 195], [450, 287, 195])
1	0.8169749121122556	0.820472961828725	([614, 352], [614, 591, 352])
1	0.8160443589664226	0.8204865589517657	([717, 52], [717, 52, 36])
1	0.819615906990014	0.82051949802174	([539, 246], [539, 246, 177])
1	0.8142507881120992	0.8205468164044346	([739, 415], [764, 739, 415])
1	0.7997833981746998	0.820548675474745	([719, 401], [617, 422, 401])
1	0.7137844717611268	0.8205947374085453	([523, 289], [786, 526, 331])
1	0.7956056298338946	0.8206461152357966	([466, 228], [466, 437, 246])
1	0.808274509873281	0.8206703911633084	([599, 159], [599, 583, 385])
1	0.8053700490747745	0.8207187917461144	([643, 544], [643, 639, 544])
1	0.813688014991504	0.8207580921580445	([613, 139], [710, 613, 516])
1	0.7850066005422851	0.8208132620820568	([546, 175], [709, 546, 514])
1	0.8175721709495359	0.8209869306563753	([408, 146], [408, 379, 149])
1	0.7965674076164512	0.8210029902508489	([509, 283], [509, 283, 232])
1	0.8129067467586464	0.8210321457745592	([557, 141], [626, 557, 141])
1	0.8190150164251476	0.8212868759093301	([658, 454], [672, 658, 454])
1	0.7828030049196485	0.8212975402537395	([601, 470], [601, 547, 464])
1	0.7960968188455266	0.8213132048143048	([485, 240], [485, 366, 335])
1	0.7959209862295383	0.8213346323493427	([655, 417], [655, 417, 331])
1	0.7702550437486485	0.8215102301294799	([437, 113], [482, 437, 380])
1	0.8109805158038974	0.8215844639921612	([362, 242], [362, 273, 242])
1	0.7815813299604263	0.8216705318029882	([752, 210], [752, 705, 210])
1	0.804928251289078	0.8217426232002544	([353, 103], [353, 164, 103])
1	0.7934186060936668	0.8218407679289226	([486, 10], [528, 486, 10])
1	0.8202296304525268	0.8219007315923252	([523, 3], [523, 333, 149])
1	0.8207555056808475	0.82206063496779	([607, 238], [759, 637, 607])
1	0.8193012985482824	0.8221097593501239	([269, 52], [269, 77, 76])
1	0.7857272072353223	0.8221109790193127	([510, 204], [654, 204, 200])
1	0.7901363337920497	0.8221593921083916	([457, 274], [457, 412, 274])
1	0.8130883307309166	0.8221814937301184	([764, 578], [764, 578, 561])
1	0.7740566681840833	0.8222407955846338	([715, 163], [650, 636, 163])
1	0.801300919703647	0.8222641402195145	([553, 22], [553, 541, 22])
1	0.7790100844065764	0.8223237509435327	([796, 107], [796, 107, 22])
1	0.8210043556679725	0.8225460137086111	([728, 359], [728, 664, 359])
1	0.8118103231550985	0.8225498384187928	([390, 23], [390, 381, 316])
1	0.8144285485948923	0.8227287097398389	([702, 48], [702, 48, 34])
1	0.6929647552518787	0.8227496126330792	([718, 184], [785, 718, 184])
1	0.8089175101364503	0.8228828795507994	([545, 166], [545, 477, 472])
1	0.7970071893435772	0.8229505211018143	([634, 438], [776, 634, 627])
1	0.810232419373877	0.8232097448554008	([716, 425], [716, 425, 385])
1	0.7881870656823413	0.8232402077606247	([782, 115], [782, 329, 120])
1	0.7940678636477481	0.8232818426007472	([458, 139], [458, 220, 168])
1	0.7962648703105043	0.8233031460582113	([683, 431], [683, 636, 520])
1	0.8076888220101539	0.8233324864787005	([351, 99], [351, 159, 99])
1	0.8233163056798319	0.8233512052177856	([487, 74], [519, 487, 65])
1	0.8111924139574	0.8234426134117622	([770, 112], [783, 770, 112])
1	0.8161521094380214	0.8234565135982654	([403, 148], [431, 403, 148])
1	0.8209171620911453	0.8235830346153742	([741, 437], [741, 532, 437])
1	0.8120349539186342	0.8237375075441105	([272, 54], [278, 272, 54])
1	0.8225716231154416	0.8238564555247154	([622, 124], [657, 622, 495])
1	0.7900312212909657	0.8238583634725699	([555, 398], [555, 533, 398])
1	0.8235975734948711	0.8239206655635897	([417, 164], [417, 379, 164])
1	0.8094493440259596	0.824004243223143	([582, 424], [582, 462, 424])
1	0.8180957801133041	0.8241783467941125	([725, 568], [725, 604, 568])
1	0.8022494711015181	0.8242193158054953	([461, 191], [461, 235, 191])
1	0.8201437619431474	0.824239254596513	([267, 65], [267, 96, 65])
1	0.8149900503072265	0.8242923209867384	([392, 258], [392, 258, 190])
1	0.8205192222567028	0.8244204678018168	([533, 192], [533, 192, 29])
1	0.8204549899074067	0.8244756908435081	([426, 123], [752, 426, 328])
1	0.803736666163461	0.8246396741010775	([541, 262], [541, 539, 246])
1	0.8218517345404824	0.824716010115854	([565, 422], [565, 430, 422])
1	0.8172406168401714	0.8247197580561633	([439, 19], [439, 436, 114])
1	0.801016935417088	0.824773333755281	([519, 399], [519, 426, 399])
1	0.7763495902803392	0.8252101668771947	([608, 174], [608, 585, 174])
1	0.8196523940454126	0.825227115957757	([455, 209], [455, 355, 209])
1	0.7910884005563142	0.8252537686917598	([418, 205], [501, 418, 198])
1	0.5598625068868255	0.825282647434931	([436, 284], [463, 316, 305])
1	0.8233432694488173	0.8253858033868273	([639, 63], [639, 328, 63])
1	0.805344935816177	0.8254056719187589	([458, 199], [470, 468, 214])
1	0.808746277404439	0.8254306208367295	([670, 408], [670, 408, 355])
1	0.8081231504130886	0.8254927290571547	([629, 46], [629, 120, 46])
1	0.8133954285268673	0.8255427682262164	([457, 28], [457, 453, 28])
1	0.8209841167646386	0.825667405992568	([338, 49], [338, 112, 49])
1	0.8053481806329396	0.8257048819236996	([738, 254], [751, 738, 229])
1	0.7768831447197879	0.8258032009856002	([589, 40], [387, 357, 326])
1	0.8252508635571735	0.825998024036049	([732, 434], [796, 732, 434])
1	0.8234701913571041	0.8260629058072113	([548, 238], [566, 548, 278])
1	0.8233668811442296	0.8260641598045042	([423, 190], [423, 325, 206])
1	0.8242920167087898	0.8261237307465416	([439, 200], [439, 200, 114])
1	0.8090506478517026	0.8262362671393646	([464, 120], [464, 329, 120])
1	0.8262240656456479	0.8262530796184382	([760, 558], [760, 746, 558])
1	0.7870890561845382	0.8262719720971442	([626, 236], [557, 527, 327])
1	0.8069354840418395	0.8262788398212377	([553, 411], [553, 469, 411])
1	0.8207500862505196	0.8263788309763775	([731, 408], [731, 703, 408])
1	0.782662377407375	0.8264120708519423	([366, 66], [366, 149, 66])
1	0.7722351860147749	0.8264238539113188	([382, 60], [382, 110, 106])
1	0.8233619812565995	0.8264286038116275	([359, 43], [359, 43, 20])
1	0.7977847540472486	0.8266378039559489	([536, 180], [536, 348, 335])
1	0.8245105152287695	0.8267699365622342	([420, 67], [420, 69, 67])
1	0.8101088530995144	0.8267708367470475	([484, 238], [490, 484, 238])
1	0.8087432098077615	0.8268670189814215	([771, 609], [771, 719, 609])
1	0.7970389219765192	0.8269543111910749	([452, 216], [452, 441, 130])
1	0.8260588598810141	0.8270149011698747	([591, 18], [715, 591, 18])
1	0.8023519310573006	0.827023071434547	([622, 210], [712, 622, 604])
1	0.8252494309326485	0.8272626840376001	([616, 354], [616, 481, 478])
1	0.8075548071432707	0.8273387936178781	([399, 65], [487, 188, 130])
1	0.8143217035946696	0.8273901665043956	([613, 394], [613, 606, 394])
1	0.8113886840901907	0.8276197446134045	([319, 103], [319, 171, 164])
1	0.7980636461648333	0.8278292241035102	([682, 452], [682, 507, 462])
1	0.8032266493465378	0.8279963404568906	([578, 116], [578, 477, 328])
1	0.8220453563691843	0.8280036902956711	([607, 408], [607, 420, 408])
1	0.7958872288198025	0.8282649658217495	([680, 550], [680, 574, 550])
1	0.8161741428101144	0.8282752585289453	([581, 162], [708, 581, 498])
1	0.8214692124465256	0.828292458568615	([684, 409], [684, 523, 409])
1	0.8234383813478878	0.8285139364022457	([481, 208], [486, 481, 224])
1	0.807850866959076	0.8285346701460979	([538, 154], [680, 550, 154])
1	0.8251408576944429	0.8285877881005268	([676, 405], [676, 618, 493])
1	0.8161284917610474	0.8286000797741343	([420, 285], [420, 285, 239])
1	0.807372480981841	0.8286049794932366	([688, 551], [688, 565, 551])
1	0.828005568952617	0.8288859014833985	([784, 407], [784, 407, 327])
1	0.807185605426144	0.82896245861154	([417, 195], [417, 195, 159])
1	0.7834554270170023	0.829065317427909	([311, 69], [311, 124, 76])
1	0.8165981144268216	0.8292926947590542	([779, 40], [781, 589, 496])
1	0.7992195697912994	0.829387361551413	([481, 285], [481, 466, 285])
1	0.8213919141551831	0.8293937692913712	([403, 87], [420, 403, 173])
1	0.8192875489388189	0.8294665485057692	([408, 203], [408, 203, 154])
1	0.8229392282321508	0.8296413092235367	([406, 275], [406, 361, 275])
1	0.8279680813945541	0.8297377745166667	([707, 90], [707, 506, 71])
1	0.8279247043160497	0.8297377745166667	([665, 71], [707, 665, 71])
1	0.8091395719823621	0.8297707123281596	([444, 237], [415, 393, 259])
1	0.7932522276991352	0.8299896258576278	([617, 110], [617, 382, 220])
1	0.7898455978496788	0.8300399214180807	([481, 134], [481, 335, 118])
1	0.7953103390926418	0.8300464628572668	([549, 311], [549, 466, 316])
1	0.7595419796508814	0.8306986612068923	([566, 278], [548, 501, 238])
1	0.8178652168486257	0.8308402453843746	([571, 402], [649, 637, 402])
1	0.8112244527430387	0.8310673640439263	([571, 277], [571, 328, 316])
1	0.8235425959295306	0.8314285269436936	([290, 148], [290, 281, 148])
1	0.8130086655821133	0.8314651780969248	([684, 434], [684, 656, 434])
1	0.8257989178924561	0.8315635978302903	([571, 181], [692, 580, 571])
1	0.8142084765758899	0.8316556866891224	([683, 94], [683, 149, 123])
1	0.8307200127505671	0.8317250737484828	([553, 185], [553, 456, 388])
1	0.8119894619102508	0.8318605066868998	([617, 14], [617, 220, 26])
1	0.809668143730347	0.8318747441426244	([689, 257], [689, 257, 27])
1	0.8151838748038007	0.8321160215652952	([728, 283], [796, 728, 534])
1	0.8244042721509786	0.8321295367370682	([449, 272], [457, 449, 272])
1	0.8162130573884151	0.8322652027133395	([551, 265], [556, 551, 34])
1	0.820309318263178	0.8322923843648721	([684, 98], [745, 684, 98])
1	0.8205346283232574	0.8323655269666098	([668, 38], [668, 510, 32])
1	0.8289916769966773	0.8324019570939303	([743, 405], [743, 618, 563])
1	0.8157015315467308	0.8325110397639941	([498, 80], [498, 124, 80])
1	0.8313499243758082	0.8326034735749128	([554, 159], [796, 554, 534])
1	0.7520124462345079	0.8326406878656066	([744, 134], [765, 744, 134])
1	0.8302015531605742	0.8327962469863125	([790, 421], [790, 421, 322])
1	0.8316299995884099	0.8328202171154403	([768, 449], [768, 449, 316])
1	0.8049370546760195	0.8328523051079877	([519, 185], [775, 519, 185])
1	0.818171194957201	0.832915711553516	([684, 139], [684, 175, 145])
1	0.7928949041126544	0.8329919916373402	([537, 146], [537, 165, 158])
1	0.8328250464988312	0.8331368320705408	([600, 168], [637, 600, 556])
1	0.8038913674272228	0.8335176222350156	([770, 570], [770, 726, 570])
1	0.8290948436605347	0.8335719712440336	([569, 123], [569, 531, 123])
1	0.8317542558817144	0.8338580332204241	([796, 408], [796, 408, 392])
1	0.818745478418151	0.8339502191741881	([524, 146], [524, 363, 326])
1	0.5801423971472235	0.8340497432365322	([515, 284], [515, 324, 284])
1	0.8202738295480296	0.8341733573111648	([577, 187], [746, 577, 562])
1	0.8155299982436232	0.8341946649981933	([648, 435], [648, 435, 350])
1	0.8316412373801716	0.8342251203766197	([470, 232], [643, 470, 461])
1	0.8208824320533241	0.8342952412229898	([584, 100], [584, 530, 100])
1	0.8306129039868686	0.834337250739864	([550, 285], [568, 550, 285])
1	0.8296964417528512	0.834472994949085	([488, 141], [488, 479, 141])
1	0.8139850494594003	0.834496134078721	([636, 247], [636, 457, 247])
1	0.827335798981866	0.8346805920184139	([544, 268], [544, 454, 278])
1	0.8106930197523513	0.8348647260639598	([739, 164], [739, 369, 336])
1	0.8090559983058658	0.8349040709340034	([655, 264], [699, 264, 251])
1	0.6640829414007536	0.83570688622791	([317, 260], [317, 312, 260])
1	0.7946395668977261	0.8358019219314177	([724, 170], [724, 585, 174])
1	0.6253678146408916	0.8360183625624462	([284, 88], [284, 88, 67])
1	0.7867117761801353	0.836283157233992	([547, 130], [547, 395, 393])
1	0.8303289497119055	0.8364711968088817	([602, 251], [699, 602, 508])
1	0.8268106013549739	0.837119541479354	([616, 104], [616, 609, 115])
1	0.7943576001443666	0.8372041080880732	([599, 212], [599, 441, 212])
1	0.8317147044910961	0.8372235247687965	([730, 195], [744, 730, 195])
1	0.824848841510676	0.8377544470754624	([475, 96], [475, 289, 35])
1	0.8090632183945098	0.8377794903434007	([592, 289], [592, 475, 466])
1	0.8326673160365073	0.8382363414406353	([448, 157], [460, 448, 157])
1	0.8181326065146433	0.8382784788492078	([467, 100], [467, 199, 194])
1	0.8235696899730008	0.8384193361184492	([724, 399], [724, 399, 174])
1	0.8211596595215228	0.8387289379848398	([566, 48], [566, 492, 148])
1	0.8102990311676227	0.8390077590438361	([669, 274], [669, 274, 265])
1	0.8215218387026699	0.8391304385247408	([475, 244], [525, 475, 374])
1	0.8283059977680668	0.8398339494010989	([456, 64], [515, 456, 327])
1	0.8102053629070112	0.8399991681231533	([574, 28], [643, 574, 462])
1	0.8095417840832766	0.8405131922331927	([431, 250], [431, 250, 245])
1	0.8370326783328705	0.8406213673955649	([649, 40], [649, 560, 40])
1	0.7506132934211018	0.8406614667650846	([606, 374], [606, 374, 288])
1	0.8309983311142755	0.8417527971705457	([657, 430], [657, 459, 430])
1	0.8396781509363734	0.8419154652101404	([622, 246], [622, 431, 246])
1	0.8358562317433555	0.8419380369881387	([564, 244], [590, 564, 244])
1	0.8244819999661309	0.8420875333472027	([421, 268], [421, 387, 329])
1	0.8221933579583269	0.8421573611988699	([602, 119], [604, 602, 119])
1	0.8359123721314651	0.8422816720407681	([444, 98], [444, 289, 277])
1	0.7994603253527427	0.8424061535326682	([470, 3], [470, 368, 3])
1	0.785745814401994	0.8431102216046829	([395, 175], [412, 395, 175])
1	0.5504194588830944	0.8431186791858772	([515, 512], [766, 302, 282])
1	0.83833531592206	0.843332699534559	([552, 245], [552, 426, 316])
1	0.7969838951843531	0.8436213829048156	([715, 51], [715, 686, 51])
1	0.8264074459845565	0.8437137235120389	([598, 167], [598, 212, 174])
1	0.8415017118338413	0.843891437369238	([517, 245], [517, 516, 94])
1	0.8404869764804641	0.8439057433647773	([490, 43], [490, 58, 43])
1	0.8291727227537944	0.8444156455315303	([466, 44], [466, 463, 44])
1	0.8393470749624283	0.8446319606030451	([524, 417], [524, 417, 396])
1	0.6818203423953906	0.8448010094402459	([317, 66], [317, 288, 60])
1	0.8438874756428176	0.8448010094402459	([590, 60], [590, 288, 60])
1	0.8287492959010406	0.8452416851753433	([413, 101], [413, 239, 200])
1	0.8410489685363783	0.8452631535438389	([558, 279], [558, 364, 335])
1	0.8413550180200221	0.8454071815272168	([744, 73], [744, 685, 390])
1	0.830208257209316	0.8457105882209399	([760, 430], [760, 430, 322])
1	0.8007135146948157	0.8458383579211817	([619, 259], [634, 619, 259])
1	0.764259072510827	0.8469531026022123	([316, 8], [316, 179, 8])
1	0.8383682199501394	0.847105071593236	([567, 186], [567, 489, 128])
1	0.8301877524331281	0.8471443259186593	([415, 6], [796, 415, 319])
1	0.7569588739819837	0.8473173846590438	([374, 50], [374, 95, 50])
1	0.8088998450700533	0.8475480771964397	([631, 190], [631, 212, 190])
1	0.8016507099111296	0.8476071700083505	([553, 161], [553, 538, 161])
1	0.8365850616764429	0.8478364096095805	([736, 125], [736, 125, 64])
1	0.8280700891203311	0.8479054817650675	([723, 258], [730, 699, 258])
1	0.842631678520023	0.8480294285914227	([448, 254], [460, 448, 254])
1	0.8448820479388874	0.848114526124321	([380, 98], [444, 380, 374])
1	0.8185594047099264	0.8482874119091668	([685, 73], [744, 111, 73])
1	0.8429755095516938	0.8483076795025353	([663, 58], [663, 109, 58])
1	0.6192852074587779	0.8488540952544521	([558, 318], [614, 558, 521])
1	0.8396769385120987	0.8490361715568118	([607, 103], [763, 607, 103])
1	0.84827006976625	0.8501247203896994	([635, 97], [635, 385, 86])
1	0.813199142023645	0.8503095161501648	([424, 100], [655, 424, 100])
1	0.8478196330194563	0.850770970459681	([572, 241], [572, 542, 241])
1	0.8463983262068413	0.851264765923953	([681, 245], [681, 426, 328])
1	0.8508988493400138	0.8521834060143774	([585, 260], [585, 272, 260])
1	0.8452022124065265	0.8524152426169347	([410, 89], [410, 333, 152])
1	0.8466305470050917	0.8527072206288056	([612, 263], [612, 585, 263])
1	0.8476590827634386	0.8527460022090738	([465, 42], [465, 134, 86])
1	0.8383874663932585	0.8528461747449954	([414, 92], [423, 128, 110])
1	0.8420147961481896	0.8533557251726182	([557, 101], [557, 141, 101])
1	0.8334938060540781	0.8537322205745481	([594, 67], [594, 474, 67])
1	0.8334959110770283	0.8538985256528154	([467, 60], [467, 452, 60])
1	0.8484552470259865	0.8541626368467509	([409, 75], [409, 106, 70])
1	0.8515302350742562	0.8546665321317523	([485, 53], [485, 122, 53])
1	0.8437122999449346	0.8549831854550606	([613, 69], [583, 124, 69])
1	0.8080653619806405	0.8550087670998331	([770, 67], [770, 67, 55])
1	0.8286224478476795	0.8557092741963771	([410, 171], [410, 171, 89])
1	0.829026799171449	0.8557850638296778	([536, 53], [541, 536, 53])
1	0.8538150087307846	0.8564382661727178	([558, 42], [558, 125, 42])
1	0.7386630966787642	0.8565291523793327	([718, 43], [718, 717, 43])
1	0.8388237743237946	0.8567487784109984	([414, 121], [563, 414, 121])
1	0.6573355392107114	0.8567559266309376	([317, 208], [322, 317, 208])
1	0.855481616974342	0.8570586503068564	([573, 92], [573, 423, 422])
1	0.8258722649447768	0.8575315671163565	([521, 73], [521, 172, 57])
1	0.8435879825586302	0.8579574870988591	([726, 81], [739, 726, 81])
1	0.8188510866194455	0.8587427363134301	([597, 146], [597, 236, 147])
1	0.8572709680273325	0.8606062166983174	([577, 86], [794, 577, 86])
1	0.5286909386897497	0.8613354024435675	([292, 63], [323, 292, 63])
1	0.8112406132779924	0.8623604912081525	([728, 56], [746, 728, 56])
1	0.840618007590155	0.8632290865564508	([608, 58], [608, 147, 58])
1	0.8344401832775695	0.8635940889260678	([555, 113], [635, 555, 113])
1	0.6074278767553006	0.8662511245047231	([710, 284], [772, 710, 288])
1	0.8282980717934314	0.8664778802429481	([440, 45], [440, 177, 45])
1	0.8643974781061514	0.8667618280582047	([614, 77], [633, 614, 77])
1	0.8600672609684874	0.8676887590622495	([432, 39], [787, 432, 324])
1	0.867755820446724	0.8716647723997601	([549, 182], [549, 182, 141])
1	0.8694664522332651	0.8746134998214498	([669, 309], [669, 309, 281])
1	0.47189267727816475	0.877181565328922	([271, 270], [309, 298, 270])
1	0.4953793636240171	0.8775242470194897	([302, 242], [302, 282, 242])
1	0.6322504961587202	0.8794766892232679	([767, 297], [767, 305, 297])
1	0.5541478472454925	0.8803625662736444	([365, 196], [365, 334, 196])
1	0.5163232810114596	0.8881556904743606	([379, 375], [687, 686, 295])
1	0.5930924960984799	0.8961014742400251	([313, 301], [313, 305, 301])
1	0.6207249287172371	0.8961014742400251	([593, 301], [593, 305, 301])
1	0.4900436239480105	0.8983611672719796	([291, 25], [291, 290, 25])
1	0.5393948385601125	0.900668670344939	([472, 306], [472, 312, 306])
1	0.5289286837541662	0.9055771560563863	([306, 261], [311, 306, 290])
1	0.49456402753915785	0.9117903674437463	([766, 302], [736, 303, 189])
1	0.5639250427424514	0.9119788792965234	([406, 365], [406, 365, 359])
1	0.4892793016938531	0.9149697285126587	([736, 303], [435, 313, 295])
1	0.5079254572088561	0.9153893408614421	([415, 302], [414, 302, 242])
1	0.4914864568450023	0.9217219575532377	([773, 298], [772, 298, 271])
1	0.4852144610920612	0.9231773322395742	([257, 256], [309, 303, 189])
1	0.47802082206915814	0.9308432300254551	([620, 619], [620, 325, 313])
1	0.48686423324636563	0.9329069057562263	([189, 188], [313, 293, 88])
1	0.5225764054997166	0.9428095501562439	([348, 306], [347, 306, 260])
1	0.4854058105625331	0.9475980838196576	([620, 303], [620, 309, 303])
0	0.0	0.9572201780080646	([294], [314, 298])
0	0.0	0.9730076492844397	([307], [378, 377])
0	0.0	0.9794032932250754	([297], [127, 126])
1	0.9863989841083548	0.9979569391739043	([315, 314], [314, 308, 298])
0	0.0	1.0	([296], [296, 0])
0	0.0	1.0	([299], [299, 0])
0	0.0	1.0	([376], [376, 0])
0	0.0	inf	([126], [])
