0	0.0	0.01578324107702066	([316], [316, 251])
0	0.0	0.015914558763237666	([257], [257, 176])
0	0.0	0.016783106407791737	([247], [247, 104])
0	0.0	0.017870580900843612	([878], [878, 249])
0	0.0	0.03936122401257933	([256], [256, 53])
0	0.0	0.25388601723316034	([778], [778, 777])
0	0.0	0.2614248271212781	([922], [922, 921])
0	0.0	0.26519330676478753	([727], [727, 726])
0	0.0	0.26643725137122987	([881], [881, 880])
0	0.0	0.26655314320367063	([701], [701, 700])
0	0.0	0.2673292541628174	([554], [554, 553])
0	0.0	0.26846564981373716	([776], [776, 775])
0	0.0	0.26887455782832703	([264], [264, 263])
0	0.0	0.26969657499301947	([562], [562, 561])
0	0.0	0.27036296404406884	([442], [442, 441])
0	0.0	0.27036300049819606	([916], [916, 915])
0	0.0	0.2707408043433435	([866], [866, 865])
0	0.0	0.2710780857796869	([470], [470, 469])
0	0.0	0.2715564851618889	([350], [350, 349])
0	0.0	0.27227892329372044	([594], [594, 593])
0	0.0	0.27252581754972227	([699], [699, 698])
0	0.0	0.27276586553093707	([860], [860, 859])
0	0.0	0.2728979009056258	([357], [357, 356])
0	0.0	0.2729319043211453	([932], [932, 931])
0	0.0	0.2731591267519619	([722], [722, 721])
0	0.0	0.27334327482748244	([596], [596, 595])
0	0.0	0.27340612282668303	([612], [612, 611])
0	0.0	0.2735758912060859	([322], [322, 321])
0	0.0	0.27412141919595734	([383], [383, 382])
0	0.0	0.2742250165471065	([276], [276, 275])
0	0.0	0.2742789543643323	([406], [406, 405])
0	0.0	0.27508438465622853	([530], [530, 529])
0	0.0	0.2754977577282444	([281], [281, 280])
0	0.0	0.2760253953560012	([435], [435, 434])
0	0.0	0.27623603823262866	([19], [19, 18])
0	0.0	0.27693584529410004	([413], [413, 412])
0	0.0	0.27700237682636836	([696], [696, 695])
0	0.0	0.27716694416542986	([260], [260, 259])
0	0.0	0.2778117946849634	([340], [340, 339])
0	0.0	0.27884384557548353	([381], [381, 380])
0	0.0	0.2791735314952059	([424], [424, 423])
0	0.0	0.27925200570354164	([844], [844, 843])
0	0.0	0.27937521493382866	([8], [8, 7])
0	0.0	0.27938163127253596	([408], [408, 407])
0	0.0	0.27968773479521963	([920], [920, 919])
0	0.0	0.2800688182939219	([918], [918, 917])
0	0.0	0.2803747886432398	([433], [433, 432])
0	0.0	0.280486757681824	([376], [376, 375])
0	0.0	0.2806018067349857	([883], [883, 882])
0	0.0	0.28099801908581334	([832], [832, 831])
0	0.0	0.2815418695604985	([765], [765, 764])
0	0.0	0.2821392713312636	([9], [9, 8])
0	0.0	0.2822645716728825	([352], [352, 351])
0	0.0	0.2823416920644333	([380], [380, 379])
0	0.0	0.28333777733630466	([761], [761, 760])
0	0.0	0.2835500602483109	([763], [763, 762])
0	0.0	0.2839764488727199	([869], [869, 868])
0	0.0	0.2840598456277665	([836], [836, 835])
0	0.0	0.2842840406486455	([614], [614, 613])
0	0.0	0.2845215104694865	([278], [278, 277])
0	0.0	0.2845229311808391	([369], [369, 368])
0	0.0	0.2848469006929129	([195], [195, 194])
0	0.0	0.28490588622201707	([397], [397, 396])
0	0.0	0.2854666391890607	([37], [37, 36])
0	0.0	0.2854743436959613	([16], [16, 15])
0	0.0	0.28575493903643534	([628], [628, 627])
0	0.0	0.285946117615228	([391], [391, 390])
0	0.0	0.28607689350874665	([541], [541, 540])
0	0.0	0.286362308027994	([226], [226, 225])
0	0.0	0.2866504290875237	([517], [517, 516])
0	0.0	0.28673668378158174	([568], [568, 567])
0	0.0	0.28677647793804706	([416], [416, 415])
0	0.0	0.2872566025992041	([907], [907, 906])
0	0.0	0.28764330424373813	([608], [608, 607])
0	0.0	0.28769077561202816	([821], [821, 820])
0	0.0	0.28790839604049645	([336], [336, 335])
0	0.0	0.28849557757418076	([634], [634, 633])
0	0.0	0.28881534452047347	([7], [7, 6])
0	0.0	0.28920254307965854	([687], [687, 686])
0	0.0	0.28927968148959937	([364], [364, 363])
0	0.0	0.2893355087416935	([924], [924, 923])
0	0.0	0.2896810023713351	([767], [767, 766])
0	0.0	0.2899509363969462	([532], [532, 531])
0	0.0	0.2900150118752736	([344], [344, 343])
0	0.0	0.29020920490891366	([842], [842, 841])
0	0.0	0.2902796053744157	([315], [315, 314])
0	0.0	0.29074816532254016	([712], [712, 711])
0	0.0	0.2908793298867963	([370], [370, 369])
0	0.0	0.29094017355819324	([694], [694, 693])
0	0.0	0.2910361946739066	([829], [829, 828])
0	0.0	0.29108519352567247	([542], [542, 540])
0	0.0	0.29147113388206863	([752], [752, 751])
0	0.0	0.2915154627266624	([618], [618, 617])
0	0.0	0.29183847006578595	([274], [274, 273])
0	0.0	0.29186420440840266	([610], [610, 609])
0	0.0	0.29190899579194524	([108], [108, 107])
0	0.0	0.29192587071545956	([95], [95, 94])
0	0.0	0.2920695312974461	([660], [660, 659])
0	0.0	0.29209849508801733	([901], [901, 900])
0	0.0	0.29214941737040295	([428], [428, 427])
0	0.0	0.2924599507613492	([545], [545, 544])
0	0.0	0.2924812581053799	([548], [548, 547])
0	0.0	0.2925176508764838	([203], [203, 202])
0	0.0	0.2925566058944976	([354], [354, 353])
0	0.0	0.2927416691344426	([770], [770, 769])
0	0.0	0.29298574252420434	([552], [552, 551])
0	0.0	0.2931901324102129	([571], [571, 570])
0	0.0	0.2932001341212694	([822], [822, 821])
0	0.0	0.29326901812742756	([494], [494, 493])
0	0.0	0.29329038288433146	([201], [201, 200])
0	0.0	0.2935119938027319	([692], [692, 691])
0	0.0	0.29351273156750346	([523], [523, 522])
0	0.0	0.29395901650445155	([834], [834, 833])
0	0.0	0.2939602290155725	([17], [17, 16])
0	0.0	0.29403417835070794	([185], [185, 184])
0	0.0	0.2941318822218515	([449], [449, 448])
0	0.0	0.2941920989521422	([13], [13, 12])
0	0.0	0.2942660133833843	([212], [212, 211])
0	0.0	0.29470954723245624	([732], [732, 731])
0	0.0	0.2948401553765112	([163], [163, 162])
0	0.0	0.2949427384545464	([546], [546, 545])
0	0.0	0.294983398257209	([202], [202, 201])
0	0.0	0.2950152725635495	([559], [559, 558])
0	0.0	0.2950552370447234	([632], [632, 631])
0	0.0	0.29532657476125823	([510], [510, 509])
0	0.0	0.2953803434784548	([131], [131, 130])
0	0.0	0.2953812361143688	([128], [128, 127])
0	0.0	0.2953897536606522	([375], [375, 374])
0	0.0	0.2955655461724308	([826], [826, 825])
0	0.0	0.29587525622195054	([410], [410, 409])
0	0.0	0.2958836671589235	([602], [602, 601])
0	0.0	0.29592131966179575	([945], [945, 944])
0	0.0	0.29595341474709774	([286], [286, 285])
0	0.0	0.2960250186567336	([235], [235, 234])
0	0.0	0.2960503665448711	([539], [539, 538])
0	0.0	0.2961424766767371	([77], [77, 76])
0	0.0	0.29637407042784236	([816], [816, 815])
0	0.0	0.2964352117686162	([99], [99, 98])
0	0.0	0.29688829657118926	([474], [474, 473])
0	0.0	0.2976024805263913	([400], [400, 399])
0	0.0	0.2976360042186587	([394], [394, 393])
0	0.0	0.2976667764435737	([113], [113, 112])
0	0.0	0.29783173363455223	([839], [839, 838])
0	0.0	0.2979039803379984	([392], [392, 391])
0	0.0	0.29794166870175115	([604], [604, 603])
0	0.0	0.298190956140986	([363], [363, 362])
0	0.0	0.2983028338012903	([23], [23, 22])
0	0.0	0.29842320008195605	([583], [583, 582])
0	0.0	0.2985063418864201	([603], [603, 602])
0	0.0	0.2988226852802113	([437], [437, 436])
0	0.0	0.2988966282251687	([557], [557, 556])
0	0.0	0.2989362380642125	([587], [587, 586])
0	0.0	0.2989859207840373	([877], [877, 876])
0	0.0	0.2990027770007735	([514], [514, 513])
0	0.0	0.29909018928867687	([385], [385, 384])
0	0.0	0.2992124310696872	([481], [481, 480])
0	0.0	0.29933898112384816	([65], [65, 64])
0	0.0	0.2994008920379011	([447], [447, 446])
0	0.0	0.29970788040452956	([445], [445, 444])
0	0.0	0.2997328995380701	([772], [772, 771])
0	0.0	0.2998345674600716	([345], [345, 344])
0	0.0	0.30002134476478537	([451], [451, 450])
0	0.0	0.30009247296958136	([697], [697, 696])
0	0.0	0.3002418336133848	([111], [111, 110])
0	0.0	0.30039802284005174	([766], [766, 765])
0	0.0	0.3004395996903568	([136], [136, 135])
0	0.0	0.3004833929749056	([207], [207, 206])
0	0.0	0.3004919486609821	([573], [573, 572])
0	0.0	0.30065432475439036	([477], [477, 476])
0	0.0	0.3007467588460245	([309], [309, 308])
0	0.0	0.3007893441408897	([503], [503, 502])
0	0.0	0.30078987916318783	([262], [262, 261])
0	0.0	0.30079678066065907	([814], [814, 813])
0	0.0	0.30126921855912825	([439], [439, 438])
0	0.0	0.3014009385996084	([475], [475, 474])
0	0.0	0.3014956148566193	([454], [454, 453])
0	0.0	0.3015722088234339	([268], [268, 267])
0	0.0	0.3017490765381449	([91], [91, 90])
0	0.0	0.30187019220595007	([939], [939, 938])
0	0.0	0.30204267914477745	([792], [792, 791])
0	0.0	0.3020732506223392	([771], [771, 770])
0	0.0	0.30209909635288856	([889], [889, 888])
0	0.0	0.30251143270838415	([739], [739, 738])
0	0.0	0.3026145635419775	([293], [293, 292])
0	0.0	0.30261822616903555	([759], [759, 758])
0	0.0	0.30264608017913763	([183], [183, 182])
0	0.0	0.3026505702882984	([518], [518, 517])
0	0.0	0.30266462647242853	([875], [875, 874])
0	0.0	0.3027939665821373	([199], [199, 198])
0	0.0	0.3028236221724428	([34], [34, 33])
0	0.0	0.3028679598911519	([432], [432, 431])
0	0.0	0.3031262816572764	([498], [498, 497])
0	0.0	0.30317724675236274	([496], [496, 495])
0	0.0	0.3031779370097423	([578], [578, 577])
0	0.0	0.30324641921706524	([399], [399, 398])
0	0.0	0.303390072642136	([819], [819, 818])
0	0.0	0.3034119204198491	([570], [570, 569])
0	0.0	0.30365832191590497	([493], [493, 492])
0	0.0	0.3039360885576542	([913], [913, 912])
0	0.0	0.3041150355898273	([186], [186, 185])
0	0.0	0.3041864806124801	([367], [367, 366])
0	0.0	0.30424470733844017	([537], [537, 536])
0	0.0	0.30427894405023204	([319], [319, 318])
0	0.0	0.30431529166461585	([890], [890, 889])
0	0.0	0.3043961170548114	([123], [123, 122])
0	0.0	0.30458246078144247	([737], [737, 736])
0	0.0	0.3047465118783213	([781], [781, 780])
0	0.0	0.3049948833785269	([683], [683, 682])
0	0.0	0.30509511317208904	([894], [894, 893])
0	0.0	0.30509848448709853	([784], [784, 783])
0	0.0	0.30528050472123724	([748], [748, 747])
0	0.0	0.3054768603028871	([118], [118, 117])
0	0.0	0.3055667882280854	([846], [846, 845])
0	0.0	0.3055980244772779	([847], [847, 846])
0	0.0	0.30561171213538507	([292], [292, 291])
0	0.0	0.3056373996425995	([379], [379, 378])
0	0.0	0.3058337612317612	([743], [743, 742])
0	0.0	0.3058354879071748	([605], [605, 604])
0	0.0	0.30593164386843485	([5], [5, 4])
0	0.0	0.30603910186944555	([673], [673, 672])
0	0.0	0.3063168716821391	([60], [60, 59])
0	0.0	0.30639945726455947	([459], [459, 458])
0	0.0	0.3064087824482878	([508], [508, 507])
0	0.0	0.3065182163079508	([783], [783, 782])
0	0.0	0.3065492207487811	([349], [349, 348])
0	0.0	0.30660409497704927	([404], [404, 403])
0	0.0	0.30669486219677494	([100], [100, 99])
0	0.0	0.30681674941105896	([635], [635, 634])
0	0.0	0.30716085957070005	([273], [273, 272])
0	0.0	0.30718661804778846	([818], [818, 817])
0	0.0	0.3072736379973316	([217], [217, 216])
0	0.0	0.30739829890341724	([368], [368, 367])
0	0.0	0.3074531551624616	([305], [305, 304])
0	0.0	0.3075894382636482	([326], [326, 325])
0	0.0	0.3076114541696136	([438], [438, 437])
0	0.0	0.30780650274000076	([753], [753, 752])
0	0.0	0.3078633955558406	([85], [85, 84])
0	0.0	0.30787724752922063	([422], [422, 421])
0	0.0	0.30807381460616795	([192], [192, 191])
0	0.0	0.3081422300160731	([453], [453, 452])
0	0.0	0.30835432421380476	([746], [746, 745])
0	0.0	0.3084964767920699	([700], [700, 699])
0	0.0	0.3086369355950899	([86], [86, 85])
0	0.0	0.3088039040522461	([236], [236, 235])
0	0.0	0.3088424241704138	([208], [208, 206])
0	0.0	0.3088649098187028	([863], [863, 862])
0	0.0	0.30898483443762415	([904], [904, 903])
0	0.0	0.30906557229686793	([384], [384, 383])
0	0.0	0.3091321419812585	([198], [198, 197])
0	0.0	0.30914499385281363	([239], [239, 238])
0	0.0	0.309465778369491	([4], [4, 3])
0	0.0	0.3095324260890777	([338], [338, 337])
0	0.0	0.3095398668478247	([327], [327, 326])
0	0.0	0.3097081043952506	([658], [658, 657])
0	0.0	0.30971691168348237	([359], [359, 358])
0	0.0	0.30979535739507885	([873], [873, 872])
0	0.0	0.3098161286703301	([756], [756, 755])
0	0.0	0.3099074175823573	([94], [94, 93])
0	0.0	0.3099852699507367	([372], [372, 371])
0	0.0	0.3099886323076008	([837], [837, 836])
0	0.0	0.31026916096315527	([175], [175, 174])
0	0.0	0.3103232704458889	([624], [624, 623])
0	0.0	0.31033057805079917	([342], [342, 341])
0	0.0	0.3103845205230977	([577], [577, 576])
0	0.0	0.31042897421111404	([868], [868, 867])
0	0.0	0.3104403548261182	([396], [396, 395])
0	0.0	0.3104735116415336	([757], [757, 756])
0	0.0	0.3104825353615209	([214], [214, 213])
0	0.0	0.3105498573050602	([58], [58, 57])
0	0.0	0.31055600251746107	([795], [795, 794])
0	0.0	0.31056221050872157	([630], [630, 629])
0	0.0	0.3106012493949943	([178], [178, 177])
0	0.0	0.3106693351911102	([533], [533, 532])
0	0.0	0.3107088124986853	([119], [119, 118])
0	0.0	0.31073189281492447	([513], [513, 512])
0	0.0	0.3109338344118291	([41], [41, 40])
0	0.0	0.3109857655451526	([730], [730, 729])
0	0.0	0.3112454599198405	([124], [124, 123])
0	0.0	0.31159532278613233	([669], [669, 668])
0	0.0	0.3116030065065687	([862], [862, 861])
0	0.0	0.3118011594687947	([934], [934, 933])
0	0.0	0.31186287845011756	([880], [880, 879])
0	0.0	0.31192894052212544	([667], [667, 666])
0	0.0	0.3119958113785909	([936], [936, 935])
0	0.0	0.3119983472642422	([170], [170, 169])
0	0.0	0.312104960640639	([330], [330, 329])
0	0.0	0.3121486213572304	([809], [809, 808])
0	0.0	0.3121672512090321	([38], [38, 37])
0	0.0	0.3121882523031479	([480], [480, 479])
0	0.0	0.31222957752305774	([905], [905, 904])
0	0.0	0.3124170190263554	([24], [24, 23])
0	0.0	0.3125020342101547	([949], [949, 948])
0	0.0	0.3125206277287946	([708], [708, 707])
0	0.0	0.3125373260189889	([263], [263, 262])
0	0.0	0.3125622573996264	([774], [774, 773])
0	0.0	0.31263359343334024	([521], [521, 520])
0	0.0	0.3128136882892461	([213], [213, 212])
0	0.0	0.31287679265811674	([788], [788, 787])
0	0.0	0.312912756822116	([169], [169, 168])
0	0.0	0.3129306434183353	([154], [154, 153])
0	0.0	0.31295405364900386	([645], [645, 644])
0	0.0	0.3130500956350238	([857], [857, 856])
0	0.0	0.313060396836477	([409], [409, 407])
0	0.0	0.31313887264061946	([116], [116, 115])
0	0.0	0.3132806359014207	([599], [599, 598])
0	0.0	0.31330359701828997	([426], [426, 425])
0	0.0	0.3133106457528071	([360], [360, 359])
0	0.0	0.3133217860998706	([458], [458, 457])
0	0.0	0.31338542166872435	([760], [760, 759])
0	0.0	0.3135264172280224	([457], [457, 456])
0	0.0	0.3135441219346918	([619], [619, 618])
0	0.0	0.31362755064343145	([870], [870, 869])
0	0.0	0.3139552444410954	([717], [717, 716])
0	0.0	0.31421133061835327	([676], [676, 675])
0	0.0	0.3142230223704556	([943], [943, 942])
0	0.0	0.3142453340145156	([911], [911, 910])
0	0.0	0.3143207104300472	([388], [388, 387])
0	0.0	0.3143294714322014	([824], [824, 823])
0	0.0	0.31436487970432836	([758], [758, 757])
0	0.0	0.31446808406433563	([225], [225, 224])
0	0.0	0.31449075595934245	([804], [804, 803])
0	0.0	0.3145510400877225	([339], [339, 338])
0	0.0	0.31474465206903846	([810], [810, 809])
0	0.0	0.3147539843806292	([6], [6, 5])
0	0.0	0.3150788342687329	([625], [625, 624])
0	0.0	0.31525164211770984	([643], [643, 642])
0	0.0	0.3152652418321736	([854], [854, 853])
0	0.0	0.31532851731109773	([800], [800, 799])
0	0.0	0.31534415765715906	([719], [719, 718])
0	0.0	0.31534506762470954	([827], [827, 826])
0	0.0	0.31540778156321586	([125], [125, 124])
0	0.0	0.3155148322379911	([419], [419, 418])
0	0.0	0.3155438524210723	([556], [556, 555])
0	0.0	0.3156078435987216	([228], [228, 227])
0	0.0	0.3156424555640581	([588], [588, 587])
0	0.0	0.315700375146484	([794], [794, 793])
0	0.0	0.31570467836160115	([284], [284, 283])
0	0.0	0.3159384136562105	([876], [876, 875])
0	0.0	0.3161328852886783	([528], [528, 527])
0	0.0	0.3161581223603695	([465], [465, 464])
0	0.0	0.3162020579070192	([561], [561, 560])
0	0.0	0.31630636939192647	([589], [589, 588])
0	0.0	0.3163101118403277	([929], [929, 928])
0	0.0	0.31635791187161094	([229], [229, 228])
0	0.0	0.3164682376404845	([148], [148, 147])
0	0.0	0.31657777335284387	([872], [872, 871])
0	0.0	0.31668115965620025	([31], [31, 30])
0	0.0	0.31670740736696373	([121], [121, 120])
0	0.0	0.316716790014454	([78], [78, 77])
0	0.0	0.31700327065960643	([484], [484, 483])
0	0.0	0.3170056338411976	([66], [66, 65])
0	0.0	0.31703770701164363	([801], [801, 800])
0	0.0	0.31708242547016674	([329], [329, 328])
0	0.0	0.3170910060386948	([218], [218, 217])
0	0.0	0.31719380042993056	([483], [483, 482])
0	0.0	0.3172221165611701	([856], [856, 855])
0	0.0	0.31722958790757577	([289], [289, 288])
0	0.0	0.31728534824467525	([106], [106, 105])
0	0.0	0.31728660660521146	([362], [362, 361])
0	0.0	0.3173595946254799	([269], [269, 268])
0	0.0	0.317412551905923	([197], [197, 196])
0	0.0	0.3174537451874229	([441], [441, 440])
0	0.0	0.3174576184889702	([830], [830, 829])
0	0.0	0.31753063157294453	([853], [853, 852])
0	0.0	0.31761450259752066	([858], [858, 857])
0	0.0	0.31768744305596913	([564], [564, 563])
0	0.0	0.3177309766375567	([549], [549, 548])
0	0.0	0.31780358207445714	([307], [307, 306])
0	0.0	0.31782184602612257	([787], [787, 786])
0	0.0	0.31785350691781306	([415], [415, 414])
0	0.0	0.3178672390380074	([507], [507, 506])
0	0.0	0.317926819039544	([90], [90, 89])
0	0.0	0.3180377171432299	([160], [160, 159])
0	0.0	0.3180910559781196	([134], [134, 133])
0	0.0	0.3181350262164675	([83], [83, 82])
0	0.0	0.31817584897976914	([639], [639, 638])
0	0.0	0.31818592290044484	([522], [522, 521])
0	0.0	0.318203355062544	([538], [538, 537])
0	0.0	0.3182530396442952	([302], [302, 301])
0	0.0	0.3182644617919133	([648], [648, 647])
0	0.0	0.3183606248259833	([491], [491, 490])
0	0.0	0.3183994121548911	([623], [623, 622])
0	0.0	0.31849409945738105	([713], [713, 712])
0	0.0	0.31859537879795674	([768], [768, 767])
0	0.0	0.3186668182601238	([887], [887, 886])
0	0.0	0.3186948468201601	([519], [519, 518])
0	0.0	0.31871617330467555	([241], [241, 240])
0	0.0	0.3188572933153659	([67], [67, 66])
0	0.0	0.3188663059220375	([102], [102, 101])
0	0.0	0.31898381909179346	([729], [729, 728])
0	0.0	0.3190788349559302	([505], [505, 504])
0	0.0	0.3191046880891361	([147], [147, 146])
0	0.0	0.3191261277108178	([233], [233, 232])
0	0.0	0.3191607766409396	([925], [925, 924])
0	0.0	0.3193168095498336	([885], [885, 884])
0	0.0	0.3193213361672113	([184], [184, 183])
0	0.0	0.3194301181604833	([900], [900, 899])
0	0.0	0.3194396972409255	([193], [193, 192])
0	0.0	0.3195576105001782	([584], [584, 583])
0	0.0	0.3195577451462914	([279], [279, 278])
0	0.0	0.3196322703402665	([895], [895, 894])
0	0.0	0.31969664468426584	([418], [418, 417])
0	0.0	0.3197144654850656	([230], [230, 229])
0	0.0	0.3198973627934437	([142], [142, 141])
0	0.0	0.3199581543970386	([741], [741, 740])
0	0.0	0.319971350646353	([678], [678, 677])
0	0.0	0.3200010528770769	([295], [295, 294])
0	0.0	0.32000820680172487	([892], [892, 891])
0	0.0	0.32005102788379375	([681], [681, 680])
0	0.0	0.3200676039021666	([782], [782, 781])
0	0.0	0.3200978730382968	([852], [852, 851])
0	0.0	0.32020630927419935	([334], [334, 333])
0	0.0	0.3202253234734402	([910], [910, 909])
0	0.0	0.32036726167037716	([320], [320, 319])
0	0.0	0.32046867881952895	([294], [294, 293])
0	0.0	0.32088448797712343	([526], [526, 525])
0	0.0	0.3210389274130499	([333], [333, 332])
0	0.0	0.3210867640604425	([377], [377, 376])
0	0.0	0.32116051393505357	([642], [642, 641])
0	0.0	0.32124547262604475	([156], [156, 155])
0	0.0	0.3212705225574924	([909], [909, 908])
0	0.0	0.3213066388951286	([343], [343, 342])
0	0.0	0.32136810736914473	([49], [49, 48])
0	0.0	0.32143519399023346	([711], [711, 710])
0	0.0	0.321447522356304	([306], [306, 305])
0	0.0	0.32145163195511123	([536], [536, 535])
0	0.0	0.3214756047729208	([891], [891, 890])
0	0.0	0.3214980182894085	([828], [828, 827])
0	0.0	0.32152978138268956	([464], [464, 463])
0	0.0	0.3215330637333801	([947], [947, 946])
0	0.0	0.3216061291315069	([18], [18, 17])
0	0.0	0.3216328472617746	([802], [802, 801])
0	0.0	0.3216433748661079	([679], [679, 678])
0	0.0	0.32178587982360507	([455], [455, 454])
0	0.0	0.3218683578488132	([403], [403, 402])
0	0.0	0.32205593765259904	([598], [598, 597])
0	0.0	0.32211124989829476	([551], [551, 550])
0	0.0	0.322142671404273	([351], [351, 350])
0	0.0	0.32217868411828976	([189], [189, 188])
0	0.0	0.3221931050602129	([843], [843, 842])
0	0.0	0.32220465723850883	([472], [472, 471])
0	0.0	0.3222220649414693	([565], [565, 564])
0	0.0	0.3222536378345527	([789], [789, 788])
0	0.0	0.32241134557539447	([616], [616, 615])
0	0.0	0.32241433808880415	([298], [298, 297])
0	0.0	0.32242505209671435	([710], [710, 709])
0	0.0	0.32248476893551814	([72], [72, 71])
0	0.0	0.32259249937572504	([607], [607, 606])
0	0.0	0.32264744713047355	([361], [361, 360])
0	0.0	0.3226742010010472	([173], [173, 172])
0	0.0	0.32271229623903325	([179], [179, 178])
0	0.0	0.322733899867207	([715], [715, 714])
0	0.0	0.3227636672850857	([332], [332, 331])
0	0.0	0.3228259254910352	([221], [221, 220])
0	0.0	0.3228879517664842	([744], [744, 743])
0	0.0	0.322920413717648	([897], [897, 896])
0	0.0	0.3229709633319601	([467], [467, 466])
0	0.0	0.32298980569229824	([487], [487, 486])
0	0.0	0.323013876450791	([366], [366, 365])
0	0.0	0.3230564042345728	([948], [948, 947])
0	0.0	0.32309947940672945	([662], [662, 661])
0	0.0	0.3231900473370993	([32], [32, 31])
0	0.0	0.3232139988769624	([560], [560, 559])
0	0.0	0.32332786993212925	([311], [311, 310])
0	0.0	0.32342197939385303	([651], [651, 650])
0	0.0	0.3235228452501518	([734], [734, 733])
0	0.0	0.3236838222772784	([3], [3, 2])
0	0.0	0.3238488390775339	([12], [12, 11])
0	0.0	0.3238878281748582	([653], [653, 652])
0	0.0	0.3240152206643771	([220], [220, 219])
0	0.0	0.32419271463125876	([15], [15, 14])
0	0.0	0.3242137779506716	([773], [773, 772])
0	0.0	0.3242711163942982	([849], [849, 848])
0	0.0	0.324373564530904	([219], [219, 218])
0	0.0	0.32444337412207525	([637], [637, 636])
0	0.0	0.32445127239071503	([525], [525, 524])
0	0.0	0.3244723734561334	([73], [73, 72])
0	0.0	0.32454449109560957	([903], [903, 902])
0	0.0	0.32460874748105256	([501], [501, 500])
0	0.0	0.32484730275436785	([155], [155, 154])
0	0.0	0.3248955487571698	([488], [488, 487])
0	0.0	0.3249131105198004	([82], [82, 81])
0	0.0	0.32492046413431525	([825], [825, 824])
0	0.0	0.3249889165547466	([115], [115, 114])
0	0.0	0.3250356119640911	([158], [158, 157])
0	0.0	0.3250589363552996	([71], [71, 70])
0	0.0	0.32513626452496047	([2], [2, 1])
0	0.0	0.32519325476677324	([698], [698, 697])
0	0.0	0.3254726920597896	([79], [79, 78])
0	0.0	0.3254842500554838	([232], [232, 231])
0	0.0	0.3255788682438302	([312], [312, 311])
0	0.0	0.3256182232658888	([640], [640, 639])
0	0.0	0.3256226347256794	([896], [896, 895])
0	0.0	0.32568193531711	([297], [297, 296])
0	0.0	0.325717708600798	([489], [489, 488])
0	0.0	0.3257243062972241	([749], [749, 748])
0	0.0	0.32577738166923714	([140], [140, 139])
0	0.0	0.32589420386944734	([580], [580, 579])
0	0.0	0.3259311988344538	([930], [930, 929])
0	0.0	0.32602348452730046	([504], [504, 503])
0	0.0	0.32602357853985436	([324], [324, 323])
0	0.0	0.3261934308746601	([145], [145, 144])
0	0.0	0.32626077649681834	([180], [180, 179])
0	0.0	0.32641275725245306	([649], [649, 648])
0	0.0	0.32646956624806733	([867], [867, 866])
0	0.0	0.32652721256661116	([803], [803, 802])
0	0.0	0.32657031753995136	([69], [69, 68])
0	0.0	0.32660014010862193	([188], [188, 187])
0	0.0	0.3266821413255296	([668], [668, 667])
0	0.0	0.3266849299052542	([535], [535, 534])
0	0.0	0.3267537228261781	([59], [59, 58])
0	0.0	0.3269046342319625	([42], [42, 41])
0	0.0	0.3269327499819352	([92], [92, 91])
0	0.0	0.3269353947826115	([36], [36, 35])
0	0.0	0.326973463228843	([371], [371, 370])
0	0.0	0.32704228569866406	([823], [823, 822])
0	0.0	0.3272819054795574	([28], [28, 27])
0	0.0	0.3273898189218246	([107], [107, 106])
0	0.0	0.327441236012436	([436], [436, 435])
0	0.0	0.3275073386610614	([534], [534, 533])
0	0.0	0.3275113139697896	([216], [216, 215])
0	0.0	0.3276862329293178	([627], [627, 626])
0	0.0	0.3277872044760719	([137], [137, 136])
0	0.0	0.3278042596685784	([272], [272, 271])
0	0.0	0.3278560433673821	([30], [30, 29])
0	0.0	0.3278887892004994	([703], [703, 702])
0	0.0	0.32791364585275384	([382], [382, 381])
0	0.0	0.32793480791649005	([707], [707, 706])
0	0.0	0.32798035172049084	([937], [937, 936])
0	0.0	0.32799804003664457	([27], [27, 26])
0	0.0	0.32801679104750825	([636], [636, 635])
0	0.0	0.3280291237160887	([680], [680, 679])
0	0.0	0.32807856812471947	([511], [511, 510])
0	0.0	0.32809139855360553	([838], [838, 837])
0	0.0	0.3283264806507412	([10], [10, 9])
0	0.0	0.3283433570548648	([240], [240, 239])
0	0.0	0.32836293579942283	([798], [798, 797])
0	0.0	0.3284777948391338	([126], [126, 125])
0	0.0	0.3284967413086075	([566], [566, 565])
0	0.0	0.32852330683862047	([926], [926, 925])
0	0.0	0.3285345803646792	([478], [478, 477])
0	0.0	0.3286369257186566	([70], [70, 69])
0	0.0	0.3286804309004012	([631], [631, 630])
0	0.0	0.3286853329385639	([191], [193, 190])
0	0.0	0.32873913986027237	([690], [690, 689])
0	0.0	0.32884641938514336	([884], [884, 883])
0	0.0	0.32905863793341966	([440], [440, 439])
0	0.0	0.32913644183921986	([944], [944, 943])
0	0.0	0.3291422393209382	([26], [26, 25])
0	0.0	0.32919290489431124	([575], [575, 574])
0	0.0	0.3292375713942983	([75], [75, 74])
0	0.0	0.32924978080187584	([321], [321, 320])
0	0.0	0.3292884027523094	([591], [591, 590])
0	0.0	0.3293369379671176	([152], [152, 151])
0	0.0	0.3293728260620876	([211], [211, 210])
0	0.0	0.3293883042184938	([103], [103, 102])
0	0.0	0.32961561411133705	([300], [300, 299])
0	0.0	0.32963276878127434	([130], [130, 129])
0	0.0	0.3296724164914539	([527], [527, 526])
0	0.0	0.3296950529463187	([688], [688, 687])
0	0.0	0.32990417946479794	([650], [650, 649])
0	0.0	0.3299717906695048	([923], [923, 922])
0	0.0	0.330145464422475	([143], [143, 142])
0	0.0	0.33023172739747647	([620], [620, 619])
0	0.0	0.33051438856942683	([912], [912, 911])
0	0.0	0.3305476637928533	([742], [742, 741])
0	0.0	0.3305524441806314	([721], [721, 720])
0	0.0	0.3306986812684277	([654], [654, 653])
0	0.0	0.33071482058864604	([747], [747, 746])
0	0.0	0.3307153096429633	([840], [840, 839])
0	0.0	0.33072294178875605	([906], [906, 905])
0	0.0	0.33076396264196434	([242], [242, 241])
0	0.0	0.330890413338003	([299], [299, 298])
0	0.0	0.3309425203702453	([150], [150, 149])
0	0.0	0.3309522058507267	([443], [443, 442])
0	0.0	0.33095584999977784	([444], [444, 443])
0	0.0	0.33122356980130463	([144], [144, 143])
0	0.0	0.33128526480734577	([448], [448, 447])
0	0.0	0.33146575549511653	([267], [267, 266])
0	0.0	0.331490177027574	([151], [151, 150])
0	0.0	0.3316026512604144	([529], [529, 528])
0	0.0	0.3316075073500513	([117], [117, 116])
0	0.0	0.33164863586464627	([677], [677, 676])
0	0.0	0.3316750859869515	([709], [709, 708])
0	0.0	0.3317436978676054	([270], [270, 269])
0	0.0	0.33179436123661793	([693], [693, 692])
0	0.0	0.3319058929532626	([898], [898, 897])
0	0.0	0.3320068769910537	([611], [611, 610])
0	0.0	0.3322515440367683	([807], [807, 806])
0	0.0	0.3325002069497551	([462], [462, 461])
0	0.0	0.3325666156401945	([585], [585, 584])
0	0.0	0.33272434076096463	([328], [328, 327])
0	0.0	0.3327633213627866	([463], [463, 462])
0	0.0	0.332858828176453	([754], [754, 753])
0	0.0	0.333039064989578	([431], [431, 430])
0	0.0	0.3332334185052563	([288], [288, 287])
0	0.0	0.3332460256696605	([524], [524, 523])
0	0.0	0.3332504163735774	([87], [87, 86])
0	0.0	0.3332799248145445	([899], [899, 898])
0	0.0	0.33330325582582443	([927], [927, 926])
0	0.0	0.33349622758663583	([290], [290, 289])
0	0.0	0.333602560609463	([57], [57, 56])
0	0.0	0.33362133171469976	([412], [412, 411])
0	0.0	0.3337459876574585	([665], [665, 664])
0	0.0	0.33381677684335925	([671], [671, 670])
0	0.0	0.33428515052780183	([231], [231, 230])
0	0.0	0.33443306579754956	([502], [502, 501])
0	0.0	0.3344712290721023	([655], [655, 654])
0	0.0	0.3344939451329903	([22], [22, 21])
0	0.0	0.3346655542168696	([606], [606, 605])
0	0.0	0.33495200735919894	([358], [358, 357])
0	0.0	0.3352597760193738	([724], [724, 723])
0	0.0	0.33544995456685006	([682], [682, 681])
0	0.0	0.33562878379458766	([684], [684, 683])
0	0.0	0.33586307529865206	([393], [393, 392])
0	0.0	0.3361893580399909	([902], [902, 901])
0	0.0	0.3363127599453141	([205], [205, 204])
0	0.0	0.336332613284658	([11], [11, 10])
0	0.0	0.3363899091111452	([114], [114, 113])
0	0.0	0.33639026420690565	([813], [813, 812])
0	0.0	0.33660092605686354	([736], [737, 735])
0	0.0	0.3366466516680065	([74], [74, 73])
0	0.0	0.33675430065672507	([206], [206, 205])
0	0.0	0.33688601729007744	([80], [80, 79])
0	0.0	0.33690444180624113	([888], [888, 887])
0	0.0	0.3369206429536765	([166], [166, 165])
0	0.0	0.3369344039549001	([52], [52, 50])
0	0.0	0.33701657875680224	([101], [101, 100])
0	0.0	0.337076395268273	([791], [791, 790])
0	0.0	0.3371102771779424	([335], [335, 334])
0	0.0	0.33715987605462183	([167], [167, 166])
0	0.0	0.3373261594523414	([661], [661, 660])
0	0.0	0.33743638485697525	([723], [723, 722])
0	0.0	0.33743750633943054	([468], [468, 467])
0	0.0	0.3374400998898323	([702], [702, 701])
0	0.0	0.33760884590489	([84], [84, 83])
0	0.0	0.3377551985699235	([146], [146, 145])
0	0.0	0.3377832914765429	([864], [864, 863])
0	0.0	0.3378286934282699	([941], [941, 940])
0	0.0	0.3379126353498535	([96], [96, 95])
0	0.0	0.3380400785998263	([751], [751, 750])
0	0.0	0.3381204784920685	([657], [657, 656])
0	0.0	0.3384519660697701	([81], [81, 80])
0	0.0	0.3385280618864279	([33], [33, 32])
0	0.0	0.33856738137601067	([740], [740, 739])
0	0.0	0.3386165635474841	([222], [222, 215])
0	0.0	0.33861888804210005	([775], [775, 774])
0	0.0	0.3386706505698241	([471], [471, 470])
0	0.0	0.3387115001868959	([310], [310, 309])
0	0.0	0.33877892758831346	([592], [592, 591])
0	0.0	0.33884645805073615	([799], [799, 798])
0	0.0	0.3393767403576947	([576], [576, 575])
0	0.0	0.3393855649054933	([806], [806, 805])
0	0.0	0.3395403825774017	([161], [161, 160])
0	0.0	0.3396142138909926	([190], [190, 189])
0	0.0	0.3396515331580773	([555], [555, 554])
0	0.0	0.3396933607413986	([733], [733, 732])
0	0.0	0.33998245086799167	([731], [731, 730])
0	0.0	0.34015158588989414	([43], [43, 42])
0	0.0	0.34015520638736385	([291], [291, 290])
0	0.0	0.34016655576551436	([51], [51, 50])
0	0.0	0.34022667004347495	([622], [622, 621])
1	0.32925160749495735	0.340476462224128	([870, 867], [870, 869, 867])
0	0.0	0.3405690828814083	([266], [266, 265])
0	0.0	0.34063294761862034	([157], [157, 156])
0	0.0	0.34071180179943	([303], [303, 302])
0	0.0	0.3407695521437281	([479], [479, 478])
0	0.0	0.3408532037288917	([133], [133, 132])
0	0.0	0.3410860970858348	([601], [601, 600])
0	0.0	0.34120164923445123	([181], [181, 180])
0	0.0	0.34124005797653956	([579], [579, 578])
0	0.0	0.3412603977699785	([283], [283, 282])
0	0.0	0.3413226942491781	([928], [928, 927])
0	0.0	0.3416182706003617	([780], [780, 779])
0	0.0	0.34168127903933493	([389], [389, 388])
0	0.0	0.34177955801852994	([204], [204, 203])
0	0.0	0.3419494248758625	([764], [764, 763])
0	0.0	0.3421306026664517	([886], [886, 885])
0	0.0	0.3422928580728863	([569], [569, 568])
0	0.0	0.34232215818721373	([574], [574, 573])
0	0.0	0.3423284105760782	([626], [626, 625])
0	0.0	0.34246764559585335	([915], [915, 914])
0	0.0	0.342548229250679	([656], [656, 655])
0	0.0	0.3427123519457605	([209], [209, 208])
0	0.0	0.3428116711742007	([308], [308, 307])
0	0.0	0.34296004441204	([280], [280, 279])
0	0.0	0.3430682979003686	([50], [50, 48])
0	0.0	0.3432794403757842	([174], [174, 173])
0	0.0	0.3433352365992375	([582], [582, 581])
0	0.0	0.3434067864431833	([149], [149, 148])
0	0.0	0.3434444915366069	([427], [428, 426])
0	0.0	0.34364856858609605	([348], [348, 347])
0	0.0	0.343711054281139	([159], [159, 158])
0	0.0	0.34372493055924014	([313], [313, 312])
0	0.0	0.3440969755373379	([430], [430, 429])
0	0.0	0.34417013831857957	([56], [56, 55])
0	0.0	0.3442100142856413	([356], [356, 355])
0	0.0	0.3442212285289558	([812], [812, 811])
0	0.0	0.34433715960070377	([434], [434, 433])
0	0.0	0.3444718570322801	([461], [461, 460])
0	0.0	0.344561533447828	([590], [590, 589])
0	0.0	0.34483817555982366	([735], [735, 734])
0	0.0	0.3449226064470807	([35], [35, 34])
0	0.0	0.3452009931473072	([237], [237, 236])
0	0.0	0.3452275880496367	([874], [874, 873])
0	0.0	0.3453786062582868	([139], [139, 138])
0	0.0	0.3456411929483155	([689], [689, 688])
0	0.0	0.34564412503231823	([935], [935, 934])
0	0.0	0.3457436337220771	([670], [670, 669])
0	0.0	0.34575209816854063	([593], [593, 592])
0	0.0	0.3458117505936845	([831], [831, 830])
0	0.0	0.3459980188063162	([785], [785, 784])
0	0.0	0.3459984782825534	([581], [581, 580])
0	0.0	0.3460099828150298	([234], [234, 233])
0	0.0	0.3460195259559691	([855], [855, 854])
0	0.0	0.3460858965517676	([450], [450, 449])
0	0.0	0.34635080162798176	([88], [88, 87])
0	0.0	0.3464329451029248	([314], [314, 313])
0	0.0	0.34667724040379355	([238], [238, 237])
0	0.0	0.3466857072636501	([940], [940, 939])
0	0.0	0.3469232099338171	([76], [76, 75])
0	0.0	0.3470296982855237	([417], [417, 416])
0	0.0	0.3470438607300932	([714], [714, 713])
0	0.0	0.34717669771618354	([138], [138, 137])
0	0.0	0.34733468270631573	([691], [691, 690])
0	0.0	0.3477551167466379	([331], [331, 330])
0	0.0	0.34785159476021726	([97], [97, 96])
0	0.0	0.34791693369136895	([808], [808, 807])
0	0.0	0.3480934832980431	([402], [402, 401])
0	0.0	0.34822889694793907	([55], [55, 54])
0	0.0	0.34862662242259096	([168], [168, 167])
0	0.0	0.3487132449632719	([271], [271, 269])
0	0.0	0.3487613053103339	([499], [499, 498])
0	0.0	0.34883156439289975	([674], [674, 673])
0	0.0	0.34887419814257786	([716], [716, 715])
0	0.0	0.3489981108508161	([460], [460, 459])
0	0.0	0.3490062111647995	([672], [672, 671])
0	0.0	0.34903719910249187	([686], [686, 685])
0	0.0	0.3491932872143453	([390], [390, 389])
0	0.0	0.3493227343487308	([378], [378, 377])
0	0.0	0.3502986336703966	([790], [790, 789])
0	0.0	0.3504457900729956	([227], [227, 226])
0	0.0	0.35059331247099507	([98], [98, 97])
0	0.0	0.35070492019720056	([14], [14, 13])
0	0.0	0.35078547090890727	([882], [882, 881])
0	0.0	0.35097128123099	([120], [120, 119])
0	0.0	0.3510018296061437	([411], [411, 410])
0	0.0	0.35101682221683306	([421], [421, 419])
0	0.0	0.3510730477125321	([398], [398, 397])
0	0.0	0.3511703089134502	([664], [664, 663])
0	0.0	0.3511933009508985	([621], [621, 620])
0	0.0	0.35125577298279975	([129], [129, 128])
0	0.0	0.35141203301819335	([797], [797, 796])
0	0.0	0.35143124749966637	([644], [644, 643])
0	0.0	0.3514520853742487	([153], [153, 152])
0	0.0	0.35145975853588735	([287], [287, 286])
0	0.0	0.35146687130206816	([745], [745, 744])
0	0.0	0.3516234996039112	([706], [706, 705])
0	0.0	0.35174350021843315	([171], [171, 170])
0	0.0	0.3521829137996845	([805], [805, 804])
0	0.0	0.35228305627612116	([110], [110, 109])
0	0.0	0.35262780777736713	([135], [135, 134])
0	0.0	0.35282711082052987	([600], [600, 599])
0	0.0	0.3529432380411847	([165], [165, 164])
0	0.0	0.35316139108510286	([786], [786, 785])
0	0.0	0.35321450334962123	([446], [446, 445])
0	0.0	0.3533281677745669	([919], [919, 918])
0	0.0	0.35334938444247926	([871], [871, 870])
0	0.0	0.3533991723383725	([629], [629, 628])
0	0.0	0.35353184661040127	([492], [492, 491])
0	0.0	0.35360564116077353	([820], [820, 819])
0	0.0	0.35376130605674916	([563], [563, 562])
0	0.0	0.3538132151196233	([172], [172, 171])
0	0.0	0.3539155354285542	([796], [796, 795])
0	0.0	0.3541390948923704	([647], [647, 646])
0	0.0	0.35419462400896506	([495], [495, 494])
1	0.33596152904779186	0.3544130382888133	([754, 751], [754, 753, 751])
0	0.0	0.3545981644569871	([423], [423, 422])
0	0.0	0.3549580692285096	([44], [44, 43])
0	0.0	0.3550423832829652	([515], [515, 514])
0	0.0	0.35515281595198844	([817], [817, 816])
0	0.0	0.3555871022729465	([917], [917, 916])
0	0.0	0.3556117576589452	([261], [261, 260])
0	0.0	0.355915109461878	([931], [931, 930])
0	0.0	0.3561524171576245	([720], [720, 719])
0	0.0	0.3564513838646902	([40], [40, 39])
0	0.0	0.35658514188657103	([725], [725, 724])
0	0.0	0.35659719331629236	([908], [908, 907])
0	0.0	0.35677982892278637	([617], [617, 616])
0	0.0	0.3568162416250444	([414], [414, 413])
0	0.0	0.35689529320595875	([497], [497, 496])
0	0.0	0.3569205296637937	([815], [815, 814])
0	0.0	0.35692542352769413	([914], [914, 913])
0	0.0	0.35693594570988596	([793], [793, 792])
0	0.0	0.3575223601843269	([355], [355, 353])
0	0.0	0.3577199276826412	([586], [586, 585])
0	0.0	0.35802978681899045	([244], [244, 243])
0	0.0	0.35832227191609434	([456], [456, 455])
0	0.0	0.3585310679180403	([29], [29, 28])
0	0.0	0.3590008303511794	([466], [466, 465])
0	0.0	0.3591538325241715	([893], [893, 892])
0	0.0	0.3595374790748171	([196], [196, 195])
0	0.0	0.3595375632926387	([277], [277, 276])
0	0.0	0.35981790426426613	([544], [544, 543])
0	0.0	0.36004716795522557	([666], [666, 665])
0	0.0	0.3601026903900039	([675], [675, 674])
0	0.0	0.3602060784822907	([750], [750, 749])
0	0.0	0.36100308276439474	([933], [933, 932])
0	0.0	0.3611542415319286	([25], [25, 24])
0	0.0	0.361211595213423	([405], [405, 401])
0	0.0	0.3612603299510256	([835], [835, 834])
0	0.0	0.3615269642336679	([663], [663, 662])
0	0.0	0.36191336087646814	([162], [162, 161])
0	0.0	0.3620684836253567	([718], [718, 717])
0	0.0	0.36221788767259194	([429], [429, 428])
0	0.0	0.36225001882788244	([509], [509, 508])
0	0.0	0.3624397795918165	([646], [646, 645])
0	0.0	0.3628551515098834	([296], [296, 295])
0	0.0	0.3630090777767569	([615], [615, 614])
0	0.0	0.36391989737712305	([652], [652, 651])
0	0.0	0.3641658087677046	([210], [210, 209])
0	0.0	0.3642696158666418	([921], [921, 920])
0	0.0	0.364524051472205	([567], [567, 566])
0	0.0	0.3645891628847619	([39], [39, 38])
1	0.3517137256785383	0.3646296912846005	([352, 349], [352, 351, 349])
0	0.0	0.36470659433551345	([61], [61, 60])
0	0.0	0.3647656461073866	([728], [728, 727])
0	0.0	0.3648942905208756	([755], [755, 754])
0	0.0	0.36521483314075737	([942], [942, 941])
1	0.36095903106650595	0.36530095323637274	([877, 874], [877, 876, 875])
0	0.0	0.3657244239299066	([132], [132, 131])
0	0.0	0.3658050776101912	([833], [833, 832])
0	0.0	0.3660728219407198	([1], [1, 0])
0	0.0	0.36619306993503037	([638], [638, 637])
0	0.0	0.36635346942410435	([506], [506, 505])
0	0.0	0.36653887787212064	([243], [243, 242])
0	0.0	0.3671636084582122	([164], [164, 163])
0	0.0	0.3673611824235726	([200], [200, 199])
0	0.0	0.36748843451187757	([141], [141, 140])
0	0.0	0.36754130956871933	([861], [861, 860])
0	0.0	0.36765959196742637	([112], [112, 111])
0	0.0	0.36767357458646094	([105], [105, 103])
0	0.0	0.3678995284803501	([811], [811, 810])
0	0.0	0.36803454414687625	([122], [122, 121])
0	0.0	0.36812537305022275	([224], [224, 223])
0	0.0	0.36830332246890796	([613], [613, 612])
0	0.0	0.3690038220147026	([194], [194, 193])
0	0.0	0.36905734680230945	([365], [365, 364])
0	0.0	0.36914359940100305	([641], [641, 640])
0	0.0	0.3693625472052123	([845], [845, 844])
0	0.0	0.3704528827138153	([558], [558, 557])
0	0.0	0.3706614894170339	([769], [770, 768])
0	0.0	0.37090302152152355	([685], [685, 684])
0	0.0	0.3715021452028723	([282], [282, 281])
1	0.37085077971361713	0.3733443957592209	([749, 746], [749, 748, 747])
0	0.0	0.3739520942484429	([127], [127, 126])
0	0.0	0.37434599570376476	([341], [341, 340])
0	0.0	0.37453838947076856	([304], [304, 303])
0	0.0	0.3746612228513852	([633], [633, 632])
0	0.0	0.3749852704804801	([89], [89, 88])
0	0.0	0.37512894045382655	([595], [595, 594])
1	0.34502833302741326	0.3758467260793156	([524, 520], [524, 523, 522])
0	0.0	0.37591296270462293	([879], [879, 877])
0	0.0	0.37630683189511904	([859], [859, 858])
1	0.3629107483114877	0.3764636213888699	([515, 512], [515, 514, 513])
0	0.0	0.3765054181627274	([245], [245, 244])
0	0.0	0.3765279287484283	([337], [337, 336])
0	0.0	0.3769206038442651	([950], [950, 949])
0	0.0	0.378031538866607	([21], [21, 20])
1	0.32270064830862943	0.3785253892763641	([830, 827], [830, 829, 828])
0	0.0	0.37964948650893154	([512], [512, 511])
0	0.0	0.3800307417576844	([476], [476, 475])
0	0.0	0.3806442182474546	([543], [543, 542])
0	0.0	0.3810174945466327	([779], [779, 777])
0	0.0	0.3810976649180551	([572], [572, 571])
0	0.0	0.38154573691880544	([285], [285, 284])
0	0.0	0.3819470210576627	([109], [109, 108])
0	0.0	0.3821389271409101	([516], [519, 515])
0	0.0	0.3822607225121205	([848], [848, 847])
1	0.37263028315473845	0.38261578625470544	([579, 575], [579, 578, 575])
0	0.0	0.3829373737882557	([469], [469, 468])
0	0.0	0.3830086881895908	([325], [325, 324])
0	0.0	0.3832893534170416	([275], [276, 274])
0	0.0	0.38333350388520915	([841], [841, 840])
0	0.0	0.38478411313833005	([215], [215, 214])
0	0.0	0.38481693303818637	([482], [482, 481])
1	0.3820634961487079	0.3848999466651735	([455, 452], [455, 454, 452])
1	0.38441386110230014	0.38503558009930605	([290, 287], [290, 289, 288])
1	0.37129723554207716	0.385048572234544	([86, 82], [86, 84, 82])
0	0.0	0.3850929980762778	([550], [550, 549])
0	0.0	0.3863590024634331	([726], [726, 725])
0	0.0	0.38672352479623745	([223], [223, 222])
0	0.0	0.38707286612140035	([473], [473, 472])
0	0.0	0.38714025110400974	([777], [777, 776])
0	0.0	0.3873236935538658	([395], [395, 394])
0	0.0	0.38765567591736927	([301], [301, 300])
0	0.0	0.3881058338190154	([531], [531, 530])
0	0.0	0.38817460916695423	([64], [64, 63])
1	0.36548483725910785	0.38834426919231846	([605, 600], [605, 604, 603])
0	0.0	0.3889060282069115	([762], [762, 761])
0	0.0	0.3902449967464307	([182], [182, 181])
0	0.0	0.3906082905371634	([738], [738, 737])
0	0.0	0.39091395207663826	([46], [46, 45])
0	0.0	0.39221004649094265	([865], [865, 864])
0	0.0	0.3925820060106255	([659], [659, 658])
0	0.0	0.3928592992038656	([500], [500, 499])
1	0.3907878577979806	0.39286602626116746	([840, 835], [840, 838, 835])
0	0.0	0.3930618961868291	([177], [177, 175])
0	0.0	0.39333818598478165	([452], [452, 451])
0	0.0	0.3933966703469818	([401], [401, 400])
0	0.0	0.39340613691297793	([597], [597, 596])
0	0.0	0.39346137896883265	([946], [946, 945])
0	0.0	0.3947750103274276	([938], [938, 937])
0	0.0	0.3962417695665128	([490], [490, 489])
1	0.3959310819896852	0.3965509869820513	([300, 296], [300, 299, 296])
0	0.0	0.39882115741173246	([553], [553, 552])
0	0.0	0.4000543250226862	([609], [609, 608])
1	0.38578918563953296	0.4025649889432389	([405, 404], [405, 404, 401])
1	0.4053932502637102	0.4056857372080029	([626, 621], [626, 625, 621])
0	0.0	0.40635941362910055	([187], [187, 186])
0	0.0	0.4067367338230063	([68], [68, 67])
0	0.0	0.4067521814910858	([45], [45, 44])
0	0.0	0.4084527697709946	([20], [20, 18])
0	0.0	0.40991685339434114	([486], [486, 484])
0	0.0	0.40993589024439886	([547], [547, 546])
1	0.40445601303491185	0.40996778245234256	([400, 395], [400, 399, 398])
1	0.40701354529476974	0.412439304936862	([120, 116], [120, 119, 118])
0	0.0	0.4126514718286894	([695], [695, 694])
1	0.3460254126165323	0.4148707985789438	([222, 221], [221, 218, 215])
0	0.0	0.416292247227007	([420], [420, 419])
0	0.0	0.416862143192532	([63], [63, 61])
0	0.0	0.4172722660249173	([323], [323, 322])
0	0.0	0.417788704834471	([425], [425, 424])
0	0.0	0.4183375569779814	([47], [47, 46])
0	0.0	0.4197520196329496	([520], [520, 519])
0	0.0	0.4199004251776423	([386], [386, 253])
0	0.0	0.4207293082056057	([407], [410, 406])
0	0.0	0.4225586381750153	([93], [93, 92])
0	0.0	0.42346186229290816	([705], [705, 704])
0	0.0	0.4255678835815866	([850], [850, 849])
0	0.0	0.4279571917043087	([353], [353, 352])
1	0.4223837253072315	0.42796897866744965	([460, 455], [460, 458, 457])
0	0.0	0.4282960345185229	([373], [373, 258])
0	0.0	0.4308054198672977	([540], [540, 539])
1	0.42650928427414936	0.4315193386728962	([87, 81], [87, 86, 81])
0	0.0	0.433204102765446	([54], [54, 46])
0	0.0	0.4334910917154364	([318], [318, 317])
0	0.0	0.4345246875174159	([704], [705, 703])
0	0.0	0.4395193615803538	([265], [265, 264])
0	0.0	0.44275712481434104	([0], [54, 52])
0	0.0	0.44367449813787646	([346], [346, 255])
0	0.0	0.44693659114985146	([851], [851, 850])
0	0.0	0.4516092593007108	([485], [485, 484])
0	0.0	0.45430296509018614	([387], [485, 258])
1	0.45341606200348555	0.45587812785259607	([496, 493], [496, 495, 493])
1	0.4355439781712066	0.45970484461478417	([914, 907], [914, 910, 907])
1	0.4582601597013191	0.46105104956278703	([805, 798], [805, 802, 799])
0	0.0	0.4612331118714145	([62], [62, 61])
0	0.0	0.4633599534626679	([255], [255, 62])
0	0.0	0.46376256516367903	([374], [374, 372])
0	0.0	0.46534697371057854	([347], [347, 346])
0	0.0	0.46673919391419777	([317], [318, 314])
0	0.0	0.4672288285940212	([258], [373, 372])
0	0.0	0.4709700409878919	([246], [246, 245])
0	0.0	0.4769750190743956	([48], [704, 252])
1	0.4745072238826197	0.47766621847042606	([614, 611], [614, 613, 611])
0	0.0	0.47907458624506144	([252], [850, 253])
0	0.0	0.4833364009976661	([259], [317, 252])
0	0.0	0.49000872845010746	([248], [248, 245])
1	0.4753781316437019	0.4927448410088225	([51, 47], [51, 50, 48])
1	0.49319889225497604	0.49622018870786855	([461, 451], [461, 455, 451])
1	0.4990204131141437	0.5007897540227284	([56, 45], [56, 54, 45])
1	0.5049505865727315	0.5061354422624152	([658, 649], [658, 654, 649])
1	0.49435612783395155	0.5108901247441615	([592, 587], [592, 591, 590])
1	0.5058235392616037	0.511425238455433	([468, 451], [468, 463, 461])
1	0.5085567340996076	0.5130463679402227	([21, 17], [21, 20, 19])
1	0.515148596099566	0.5180737913514532	([301, 286], [301, 295, 286])
1	0.5160761474248875	0.5201893410213462	([346, 342], [347, 346, 345])
1	0.45695821205570386	0.5284624281922047	([48, 47], [55, 51, 47])
1	0.5297807095402554	0.5412532634715005	([201, 195], [201, 199, 195])
1	0.5516843041062663	0.5553865003883488	([388, 384], [388, 386, 384])
1	0.5509491828718205	0.5629871590588862	([391, 385], [391, 388, 385])
1	0.5716867717793864	0.5742699847218332	([465, 450], [465, 453, 450])
1	0.5648902780071633	0.5748684098988727	([34, 20], [37, 34, 20])
1	0.5474221039998324	0.5773909733716297	([246, 57], [246, 57, 54])
1	0.5815146829273781	0.6035878168999835	([20, 7], [20, 16, 7])
1	0.5956023673741776	0.6038955061649101	([873, 863], [873, 868, 866])
1	0.6051639915337154	0.6070900617162842	([165, 138], [165, 163, 138])
1	0.6092448722298204	0.6110749839359756	([283, 270], [283, 277, 271])
1	0.5836643667115203	0.6176853144916881	([39, 22], [39, 34, 20])
1	0.6096171858829001	0.6176853144916881	([43, 20], [43, 39, 20])
1	0.6188434493767813	0.6194862050039851	([34, 13], [34, 20, 19])
1	0.5872383288660988	0.6196062831268113	([32, 17], [32, 22, 21])
1	0.5834441581797554	0.6229691298311634	([65, 48], [65, 57, 48])
1	0.6048424571563559	0.628789764594791	([484, 470], [484, 476, 475])
1	0.5472516524474947	0.6333696975444733	([246, 47], [246, 245, 57])
1	0.6275988438740371	0.6336622736215844	([592, 572], [592, 582, 573])
1	0.5699081325974373	0.6343817531299362	([48, 26], [48, 43, 27])
1	0.6133079799076966	0.6366860334286006	([47, 33], [47, 45, 33])
1	0.6222938445454989	0.6379742261749631	([33, 15], [33, 23, 18])
1	0.6169705396213753	0.6413998279467718	([22, 2], [27, 22, 2])
1	0.6334712246080928	0.6413998279467718	([43, 2], [43, 27, 2])
1	0.6054523626455919	0.6420755601603663	([38, 3], [38, 32, 3])
1	0.6358586658378814	0.6443944551678032	([205, 192], [205, 197, 190])
1	0.608339872428966	0.6492304390589002	([387, 376], [387, 381, 376])
1	0.6488737084313777	0.6503421719391235	([778, 763], [778, 771, 766])
1	0.6375121348589415	0.6513393908110463	([446, 429], [446, 438, 429])
1	0.6241796543071312	0.6515608231290118	([412, 390], [412, 409, 390])
1	0.6481506381628458	0.6526229399839695	([210, 193], [210, 204, 193])
1	0.6404806256351468	0.6542337497145564	([928, 915], [928, 921, 917])
1	0.6292426826718139	0.6565924032687547	([756, 738], [755, 748, 739])
1	0.589267028881281	0.6568709286839265	([248, 63], [248, 245, 63])
1	0.629442280315627	0.658002872780058	([929, 911], [929, 920, 918])
1	0.6553861617371325	0.6582181674305515	([941, 917], [941, 930, 917])
1	0.6286067241085576	0.6583386943006276	([97, 46], [109, 103, 46])
1	0.6253912788852086	0.6587514455826999	([48, 1], [48, 27, 5])
1	0.5554755022072885	0.6588809968608237	([248, 47], [248, 63, 56])
1	0.6326248190673666	0.6606604354307594	([246, 88], [246, 71, 69])
1	0.6609303401252358	0.6612102179310936	([381, 366], [381, 374, 372])
1	0.632928327897056	0.6619607582594496	([137, 118], [137, 128, 118])
1	0.6043266751737184	0.6623089024602922	([246, 223], [246, 244, 239])
1	0.6573683283422697	0.6625255862786487	([723, 246], [734, 723, 718])
1	0.642572307130598	0.6627244895652824	([196, 178], [196, 188, 178])
1	0.6551184966689462	0.6640347049568732	([557, 537], [557, 547, 537])
1	0.6235603317770537	0.6645400099345232	([246, 171], [246, 164, 150])
1	0.6600577929945954	0.6653281700150391	([240, 45], [244, 240, 45])
1	0.6609353961177247	0.6657042484538708	([705, 693], [705, 699, 698])
1	0.6670362332236268	0.6700643139533312	([421, 407], [421, 415, 411])
1	0.6648443370994912	0.6702177269596714	([741, 246], [741, 734, 731])
1	0.6697215938910368	0.6703190068972275	([751, 729], [751, 742, 740])
1	0.6492661993132974	0.6708192062147768	([45, 0], [45, 39, 0])
1	0.6608937169295064	0.6717713727072704	([707, 692], [707, 705, 692])
1	0.6516562395718745	0.6724596952989702	([245, 213], [245, 241, 213])
1	0.6589380259632969	0.6727910399074711	([52, 20], [84, 72, 66])
1	0.6725005512409007	0.6735467174162567	([716, 248], [728, 716, 712])
1	0.6620985657381341	0.6785156190924477	([83, 45], [83, 75, 45])
1	0.6788987419529507	0.6793481756916754	([90, 47], [97, 90, 46])
1	0.6555125852217407	0.6794658967911387	([286, 259], [286, 280, 271])
1	0.6684591054308938	0.6799203363341111	([731, 700], [731, 727, 700])
1	0.6758994956079291	0.6799243788435	([248, 218], [248, 238, 236])
1	0.6788898967258695	0.6801288032952603	([239, 203], [239, 223, 212])
1	0.6766178728161801	0.6811946721473189	([103, 70], [103, 82, 81])
1	0.6816203829996763	0.6820890814238532	([860, 835], [860, 846, 835])
1	0.6163364660794673	0.6842845866958562	([248, 209], [248, 218, 214])
1	0.6799861593019899	0.6853485718656497	([306, 274], [306, 287, 284])
1	0.6792417533807958	0.6859019848264981	([244, 216], [244, 233, 216])
1	0.6592472528175892	0.686179740836475	([948, 913], [948, 926, 924])
1	0.6666050568766453	0.6872749275987281	([695, 666], [695, 694, 666])
1	0.660318637414328	0.6881663239997202	([947, 248], [936, 928, 915])
1	0.6540630138234977	0.6902252458371677	([244, 20], [244, 52, 45])
1	0.685618652947206	0.6902576798699984	([719, 677], [719, 688, 684])
1	0.6844522983802511	0.6903741060872521	([624, 592], [624, 609, 592])
1	0.6759747328568309	0.6905843023511299	([322, 283], [322, 304, 285])
1	0.6717949469386387	0.6906138401485339	([917, 894], [917, 906, 904])
1	0.6887690380440166	0.6912444742224546	([158, 126], [158, 137, 135])
1	0.6771373532403326	0.6912557736048799	([773, 753], [773, 768, 753])
1	0.6695274542885988	0.6918841486514727	([414, 378], [414, 385, 378])
1	0.6894617768322252	0.6925647786225891	([182, 137], [182, 166, 137])
1	0.6856187616801861	0.6926462207339433	([311, 282], [311, 306, 274])
1	0.6700569683176073	0.693783253022694	([795, 767], [795, 783, 777])
1	0.6820439863851196	0.6940775294002524	([106, 52], [106, 79, 52])
1	0.6732090538592436	0.6940899763861303	([950, 912], [950, 933, 926])
1	0.6190502025309249	0.6943493016265901	([412, 383], [412, 391, 390])
1	0.6897470975171294	0.6944913411213948	([309, 259], [309, 284, 278])
1	0.6473534584196868	0.6956055536086834	([287, 246], [287, 282, 278])
1	0.6901771611376024	0.6958242347893756	([385, 354], [385, 371, 359])
1	0.6505116048661966	0.6968068136326709	([85, 20], [52, 43, 41])
1	0.6930893523786538	0.6973802185640223	([948, 900], [948, 913, 900])
1	0.6906093237714243	0.6977182268712	([49, 9], [49, 32, 4])
1	0.6916519846019792	0.6979013185870744	([116, 83], [116, 103, 90])
1	0.679684433401186	0.6982970231486809	([76, 24], [76, 66, 44])
1	0.6987566084520552	0.6991873555023246	([243, 48], [243, 232, 219])
1	0.674293657677503	0.6994580908965694	([220, 46], [245, 220, 213])
1	0.6655415255367714	0.6997854738666804	([541, 522], [541, 536, 524])
1	0.6947081806592845	0.7001611747655012	([144, 111], [140, 129, 111])
1	0.6833479483178441	0.7004325436571897	([767, 728], [767, 759, 728])
1	0.682681236080425	0.7004658279159879	([688, 659], [688, 672, 670])
1	0.6891110791209191	0.7005733446457523	([769, 749], [771, 769, 749])
1	0.6757939493053975	0.7005886915923433	([232, 48], [243, 48, 44])
1	0.6879277349033404	0.7009718490346142	([188, 129], [191, 188, 126])
1	0.6707795362977513	0.7011905419573871	([746, 715], [746, 735, 730])
1	0.6481124594899783	0.7022055126864458	([399, 376], [402, 388, 387])
1	0.6572184495008832	0.702262561831191	([719, 688], [719, 698, 687])
1	0.7018444476107497	0.7023480198118569	([779, 747], [779, 769, 747])
1	0.6939509172115739	0.7023490766270997	([195, 123], [197, 195, 123])
1	0.6850447023278894	0.7026496525886888	([685, 248], [685, 667, 661])
1	0.6964056922228335	0.703214704572543	([659, 596], [659, 641, 630])
1	0.6965615296808075	0.7036036749972069	([200, 36], [200, 131, 39])
1	0.68066995449948	0.7036036749972069	([131, 21], [200, 198, 39])
1	0.5830646629308993	0.7039233976042245	([109, 46], [90, 78, 73])
1	0.6965628450392577	0.7044083083020412	([773, 719], [773, 762, 756])
1	0.6747457582421486	0.7047467472504171	([126, 80], [126, 122, 80])
1	0.6377661893574388	0.7049402335208117	([209, 45], [240, 227, 45])
1	0.696038661728141	0.705186743778794	([213, 175], [213, 197, 183])
1	0.6790565106616001	0.7056873467104735	([73, 40], [78, 73, 40])
1	0.6702976220284043	0.7059701861724214	([240, 205], [240, 222, 205])
1	0.6874374307201289	0.7060163569236697	([448, 422], [448, 435, 432])
1	0.7054272679379026	0.7061051867290451	([631, 605], [631, 615, 610])
1	0.6760216990085187	0.7070466537129735	([592, 546], [592, 557, 544])
1	0.6911098221973628	0.7072757593298669	([320, 275], [321, 311, 282])
1	0.6843379597397005	0.7074596407549726	([87, 43], [87, 75, 43])
1	0.6913487438465395	0.7075167726455532	([184, 45], [209, 170, 45])
1	0.677208951391793	0.7083042479767876	([737, 698], [737, 720, 702])
1	0.705575054898131	0.7090937426245801	([150, 114], [150, 133, 132])
1	0.6737641956344311	0.7094682429242517	([289, 261], [289, 281, 261])
1	0.6627180788315572	0.7095382103060893	([190, 20], [202, 198, 39])
1	0.6877666468573592	0.7099568205810902	([238, 198], [245, 238, 198])
1	0.7010633753009572	0.7099946400748632	([308, 263], [308, 286, 263])
1	0.7096362072519545	0.7100128466300538	([757, 725], [757, 741, 738])
1	0.7043075554971022	0.7100169546643819	([471, 407], [471, 447, 440])
1	0.6878184623536792	0.7102960319315627	([191, 126], [196, 188, 126])
1	0.7066893244150896	0.7103165163080327	([215, 178], [215, 204, 196])
1	0.6996084379215103	0.7109768139285911	([889, 45], [948, 900, 889])
1	0.669146176525369	0.7114856545254236	([144, 46], [164, 144, 135])
1	0.6677997766832329	0.7117085704640341	([122, 71], [126, 105, 99])
1	0.7096034174133924	0.7117085704640341	([127, 99], [127, 126, 99])
1	0.7100171947729113	0.7119059295832898	([926, 887], [926, 915, 892])
1	0.6765498367189342	0.7121012558323491	([135, 84], [135, 128, 84])
1	0.6931800563832045	0.7121097172972604	([100, 45], [100, 83, 82])
1	0.6979572560571193	0.7132932340120339	([950, 42], [950, 42, 24])
1	0.699713240077938	0.7136492870211238	([566, 536], [567, 552, 536])
1	0.7136258525868582	0.7137091833812448	([361, 326], [361, 347, 334])
1	0.6812032216051263	0.7138323514089485	([667, 248], [667, 651, 644])
1	0.6996842976361289	0.7139922790785934	([473, 433], [473, 439, 438])
1	0.6902343244349803	0.7142799596865737	([775, 746], [775, 769, 748])
1	0.69425127821313	0.7146673428860912	([641, 608], [641, 626, 615])
1	0.6904359504213002	0.7147412261098897	([762, 719], [762, 750, 740])
1	0.7147708851398382	0.7151892885239175	([537, 508], [537, 524, 518])
1	0.6931575698468329	0.7153695887170375	([639, 602], [639, 619, 602])
1	0.6938682268100442	0.7158125296108054	([268, 36], [270, 268, 36])
1	0.713484413412934	0.7159388225682419	([436, 384], [436, 422, 421])
1	0.7039204264270106	0.7159704910469966	([124, 21], [131, 124, 112])
1	0.6968547451606616	0.716468915388512	([272, 243], [272, 264, 243])
1	0.708522963792476	0.7165164965849418	([235, 183], [235, 228, 183])
1	0.6868819775284448	0.7172374791347319	([80, 23], [80, 76, 44])
1	0.5564091145426048	0.7174388285313185	([246, 0], [246, 47, 0])
1	0.7072588981691751	0.7174549745167748	([131, 85], [131, 112, 108])
1	0.6886101142443488	0.7174584145493392	([208, 127], [208, 197, 127])
1	0.6518831743376392	0.7177686907934377	([204, 46], [238, 210, 198])
1	0.6758969752957249	0.7180835723947349	([205, 2], [205, 190, 20])
1	0.6660397342692354	0.718487290340234	([574, 246], [599, 574, 564])
1	0.7056830817783144	0.7185071576448808	([262, 34], [262, 261, 34])
1	0.7157001986311534	0.718530028354663	([766, 732], [766, 757, 725])
1	0.680549241704542	0.7185487188673723	([193, 130], [193, 165, 132])
1	0.7118915617927902	0.7185683396542758	([199, 37], [199, 37, 17])
1	0.7185636651813465	0.7185909734949066	([435, 390], [435, 414, 391])
1	0.7102331543531041	0.7190408603554295	([198, 163], [198, 195, 163])
1	0.6991446575238719	0.7191692233685427	([424, 395], [424, 413, 412])
1	0.716678986125131	0.7194202825625658	([409, 382], [409, 389, 385])
1	0.7031998804813948	0.7198036184460186	([190, 125], [197, 190, 127])
1	0.7181633974229689	0.719839042817696	([543, 499], [543, 531, 515])
1	0.6922185702122606	0.719839042817696	([551, 515], [551, 543, 515])
1	0.7088833262264221	0.7198868608091237	([125, 41], [131, 125, 39])
1	0.6933045072110243	0.71997267497165	([216, 164], [216, 196, 182])
1	0.6718458674918996	0.719977613913027	([697, 643], [693, 667, 643])
1	0.7065555249621797	0.7201504042110402	([377, 308], [377, 325, 308])
1	0.7136346929935835	0.720186928503677	([703, 641], [695, 687, 641])
1	0.7202080162526323	0.7205899637889156	([158, 106], [158, 129, 106])
1	0.7071205510418759	0.7205918406259765	([119, 47], [125, 119, 47])
1	0.6765811796667568	0.7205918406259765	([128, 45], [128, 125, 47])
1	0.7190031384673657	0.7209818764787882	([160, 105], [160, 140, 128])
1	0.6970785703699038	0.7210083023664389	([427, 400], [427, 414, 412])
1	0.7052927979561405	0.7212196415671822	([207, 136], [207, 172, 163])
1	0.6251108690675389	0.7212705934616382	([192, 131], [128, 84, 83])
1	0.7069610658640524	0.7213161361667512	([398, 368], [398, 388, 368])
1	0.49467961302148766	0.7215719113438699	([245, 46], [204, 197, 129])
1	0.6887369977436443	0.7218216923877037	([910, 856], [910, 897, 856])
1	0.718641584986443	0.7218259660645865	([206, 26], [206, 198, 30])
1	0.6953386057229832	0.7222894533026063	([263, 44], [264, 259, 243])
1	0.6991037776223388	0.722306122376103	([725, 694], [725, 709, 694])
1	0.6971761009699131	0.7225890848760208	([243, 191], [243, 219, 205])
1	0.709168397919219	0.7232052875287702	([425, 378], [425, 417, 382])
1	0.7104055710206814	0.7233339725619956	([453, 431], [453, 444, 440])
1	0.6877857324851933	0.7237128844456396	([640, 599], [640, 617, 609])
1	0.6618718032269763	0.7237532041843477	([201, 78], [201, 128, 124])
1	0.7016001595758997	0.7237532041843477	([189, 124], [201, 189, 124])
1	0.6790842644353139	0.7238424425675508	([788, 745], [788, 769, 745])
1	0.7166290791779889	0.7240391225510772	([242, 201], [242, 209, 201])
1	0.7142215959850717	0.7241120984928096	([794, 756], [794, 778, 766])
1	0.7229969596438786	0.7242106348418806	([165, 82], [165, 140, 82])
1	0.6929525745482655	0.724298961056824	([548, 514], [548, 530, 511])
1	0.7156252017197405	0.7245681246265437	([643, 604], [643, 633, 616])
1	0.7231188117730601	0.7245884834289024	([762, 700], [762, 719, 702])
1	0.7141536872797412	0.7249794088147968	([921, 868], [921, 920, 849])
1	0.709815041293909	0.7249863240650216	([539, 498], [539, 525, 514])
1	0.7215823275103582	0.7253015735589864	([127, 33], [127, 125, 33])
1	0.7241045346811572	0.7256885883165055	([198, 12], [198, 30, 12])
1	0.6681053171622622	0.7258683419274243	([259, 48], [263, 259, 20])
1	0.6841006960861739	0.7261470347759178	([950, 828], [950, 851, 828])
1	0.7098761472829683	0.726379057494844	([128, 5], [128, 50, 5])
1	0.7132295770611087	0.7263874145201631	([949, 865], [950, 948, 865])
1	0.7193110130216563	0.7266819353123318	([634, 595], [634, 626, 595])
1	0.697547889090007	0.7266947788419036	([203, 14], [203, 45, 12])
1	0.7223323698120588	0.7270341652217268	([265, 47], [265, 47, 33])
1	0.7173509081901961	0.7270341652217268	([275, 33], [275, 265, 33])
1	0.7102773854048199	0.7272279668465246	([261, 241], [261, 259, 241])
1	0.7234412922075875	0.7274596756148252	([932, 869], [932, 922, 869])
1	0.6818856755252006	0.7277410633048572	([561, 526], [561, 543, 535])
1	0.7027302019079854	0.7278564084438922	([766, 696], [766, 761, 695])
1	0.7092992606633164	0.7285027201752484	([127, 12], [125, 33, 12])
1	0.6936968759949844	0.728593741958601	([322, 268], [322, 283, 282])
1	0.7176199331180484	0.728620423061377	([114, 1], [126, 114, 1])
1	0.7216089192800667	0.7287577521041765	([923, 865], [917, 902, 879])
1	0.64168039831113	0.7288231430698624	([246, 190], [246, 190, 47])
1	0.6737658035388749	0.7288773431272032	([950, 851], [948, 889, 865])
1	0.7153655195021059	0.7291931258368498	([950, 434], [950, 474, 445])
1	0.7167370460060095	0.7292516491748663	([154, 102], [154, 129, 88])
1	0.7002796958843411	0.7292516491748663	([208, 88], [208, 154, 88])
1	0.6874848147381268	0.729569618690819	([200, 13], [200, 36, 11])
1	0.7120403237303189	0.729692183029298	([375, 340], [375, 372, 340])
1	0.7167322953820723	0.7297140801624735	([377, 264], [377, 308, 280])
1	0.707120379756581	0.7300002241068678	([433, 379], [433, 424, 379])
1	0.6859155217040164	0.7300660282740006	([950, 24], [950, 42, 0])
1	0.6878767214913253	0.7302555004278795	([607, 558], [607, 597, 568])
1	0.7255410890334953	0.7302724021591328	([778, 733], [778, 767, 728])
1	0.7200127010874517	0.7303909358234365	([242, 36], [242, 49, 36])
1	0.6897898963152347	0.7305479111843828	([191, 28], [198, 191, 28])
1	0.7180765426520184	0.7305833593827396	([922, 890], [922, 908, 898])
1	0.7239868015757064	0.7309150819999933	([594, 540], [591, 561, 540])
1	0.6624572616792698	0.730962301674725	([181, 46], [244, 185, 181])
1	0.6681066734027086	0.7309963479717948	([525, 246], [525, 501, 488])
1	0.7133969013915997	0.731111202043299	([947, 898], [947, 931, 898])
1	0.6982275086313825	0.7311533986042326	([759, 697], [763, 719, 710])
1	0.6817097721181286	0.7312992537504718	([241, 187], [241, 211, 204])
1	0.7119021862341952	0.7315209644700614	([171, 111], [171, 140, 138])
1	0.7104654982663338	0.7316832489012333	([943, 906], [943, 933, 904])
1	0.7290477939039739	0.7316903713695769	([134, 49], [134, 49, 47])
1	0.723077029947006	0.7316903713695769	([134, 27], [134, 125, 47])
1	0.7215628840660658	0.7316903713695769	([153, 47], [153, 134, 47])
1	0.7248976469009865	0.7318128591454516	([405, 367], [405, 394, 367])
1	0.729062663300299	0.7318274629275622	([791, 739], [791, 769, 746])
1	0.7074070606782968	0.7319070288141167	([919, 883], [919, 907, 883])
1	0.7262957203713073	0.7319321203059067	([739, 697], [739, 716, 697])
1	0.700512928947747	0.7319766367690539	([312, 261], [312, 301, 261])
1	0.7130025244467761	0.7320122286980254	([212, 177], [212, 188, 187])
1	0.7013790646872525	0.732319046507392	([199, 15], [205, 199, 6])
1	0.6880990268458648	0.7326250533841989	([208, 34], [208, 200, 19])
1	0.684121951491623	0.7326870301054431	([124, 51], [124, 81, 51])
1	0.7286624005856492	0.7326963202303183	([476, 432], [492, 472, 446])
1	0.7204788521018739	0.7328037581984599	([337, 267], [337, 282, 275])
1	0.7231520270707943	0.7328605268377892	([434, 387], [434, 421, 387])
1	0.7259965680703122	0.7329546467741219	([432, 374], [432, 425, 374])
1	0.7277012413021967	0.7329729422646815	([241, 125], [241, 204, 47])
1	0.7250964684446394	0.7332140482302906	([266, 12], [266, 262, 12])
1	0.7191619078918002	0.7334611155359881	([182, 113], [182, 137, 113])
1	0.7329761647861195	0.733646349948707	([114, 68], [114, 91, 90])
1	0.705758346476151	0.7337342471648269	([950, 759], [950, 948, 730])
1	0.7249083962931151	0.7340584075897588	([562, 532], [562, 546, 532])
1	0.7304570472699905	0.7341108876238208	([610, 547], [610, 564, 547])
1	0.6692630627955835	0.7345371573459596	([825, 763], [825, 794, 793])
1	0.6960600672611488	0.7346682555344662	([927, 844], [927, 886, 866])
1	0.7139334471969194	0.7350827861545299	([115, 57], [115, 113, 59])
1	0.7173320155684333	0.735125397896755	([210, 121], [210, 188, 126])
1	0.7092482044339663	0.7352767654535954	([928, 867], [950, 933, 867])
1	0.7007197437436495	0.7352825752474158	([97, 48], [114, 97, 48])
1	0.7071488001239788	0.7352825752474158	([146, 48], [136, 114, 48])
1	0.6363944780106695	0.7353499934450696	([266, 246], [287, 266, 259])
1	0.7075975121400898	0.7356472446924583	([496, 438], [496, 471, 442])
1	0.7179297479533308	0.7357111454108237	([948, 856], [948, 865, 856])
1	0.7297320097357985	0.7362238659831938	([404, 364], [404, 374, 364])
1	0.7128061979815431	0.7363065354990759	([183, 133], [183, 167, 133])
1	0.7047559166030756	0.7366753707047088	([283, 49], [283, 243, 44])
1	0.7367151079969386	0.7369455091822992	([127, 75], [127, 119, 78])
1	0.7137974852668241	0.7369776682180791	([950, 412], [950, 431, 425])
1	0.7269380329624193	0.7370406051015482	([193, 35], [205, 193, 21])
1	0.7174975719166302	0.7371117343521653	([323, 260], [323, 320, 260])
1	0.7134073101132757	0.7371259539677454	([763, 20], [816, 794, 788])
1	0.728497182021545	0.7371581370329879	([445, 409], [445, 424, 415])
1	0.7236217174392459	0.7372251804699606	([809, 761], [809, 794, 761])
1	0.6557820640680649	0.7372311934204199	([950, 796], [950, 825, 793])
1	0.7145609415824175	0.7372825594457512	([659, 613], [659, 630, 613])
1	0.7355497044699978	0.7373394887020948	([750, 713], [750, 727, 726])
1	0.7246605664902113	0.737401120151966	([943, 853], [950, 943, 925])
1	0.730054667082961	0.7374047116781831	([383, 17], [383, 17, 1])
1	0.7363918561344391	0.7374170613511519	([194, 40], [194, 170, 45])
1	0.7261842380127277	0.7374923089461589	([82, 26], [82, 70, 45])
1	0.7317928877669396	0.7374951987279302	([405, 350], [405, 367, 350])
1	0.7217227131336976	0.7380189474087068	([205, 135], [205, 135, 126])
1	0.7231040331969452	0.7380467589730392	([785, 737], [785, 769, 745])
1	0.6709106853404874	0.7380776817880658	([243, 68], [243, 68, 45])
1	0.7331011465510834	0.738156793203466	([123, 43], [134, 123, 43])
1	0.7087119756013592	0.7383397189959761	([427, 369], [427, 414, 369])
1	0.7048403467510886	0.7384314012532522	([206, 122], [206, 192, 80])
1	0.7135081082501912	0.7385740652876109	([279, 239], [263, 239, 48])
1	0.702990583408211	0.7386069239778796	([572, 533], [572, 554, 533])
1	0.7362001926281949	0.7386354707097262	([133, 44], [133, 88, 32])
1	0.7273185389118115	0.7387372190027536	([436, 394], [436, 416, 414])
1	0.6909216705755477	0.7387728123363874	([274, 244], [267, 259, 243])
1	0.6825554672609733	0.7390290783511295	([511, 45], [550, 514, 45])
1	0.7198590939879185	0.7391785315200814	([382, 20], [387, 348, 347])
1	0.7031224440614228	0.7395341324610584	([414, 10], [414, 385, 10])
1	0.661070465323154	0.7398646195837848	([920, 849], [920, 911, 871])
1	0.7134364130105119	0.7399812792208496	([437, 377], [437, 407, 377])
1	0.7204917721501938	0.7400151929849901	([275, 0], [275, 259, 3])
1	0.711134679257087	0.7401499385618517	([650, 607], [650, 639, 607])
1	0.7128867979726183	0.7401851040559968	([391, 344], [391, 366, 353])
1	0.7043417874193199	0.7403959383297065	([202, 5], [202, 20, 7])
1	0.6878275388375252	0.7407686415792296	([123, 73], [123, 73, 65])
1	0.726955638218804	0.7407686415792296	([237, 65], [197, 123, 65])
1	0.7330094120666892	0.7408104875784125	([195, 50], [195, 193, 21])
1	0.7149408426527992	0.7412034642737111	([163, 84], [163, 135, 114])
1	0.7404903705513168	0.7412220294285408	([110, 51], [110, 73, 70])
1	0.6939266403644813	0.7412462409300693	([948, 730], [950, 792, 778])
1	0.6814562977878397	0.7413576234049768	([950, 896], [950, 912, 907])
1	0.7300913764671355	0.7414149155067006	([798, 752], [798, 778, 774])
1	0.7213854008268847	0.7414647608463444	([76, 6], [76, 41, 6])
1	0.7269692249439698	0.7417391984258762	([435, 203], [446, 441, 45])
1	0.7386150333497322	0.741752367541649	([565, 505], [565, 534, 527])
1	0.7290645104394743	0.7418033827936364	([243, 154], [243, 211, 205])
1	0.7402532266940001	0.741825597058241	([574, 530], [574, 558, 556])
1	0.7232748433632281	0.7419724595739935	([464, 419], [464, 450, 419])
1	0.730059456255162	0.7419913107441272	([950, 561], [950, 561, 553])
1	0.7142894614706213	0.7420747589236562	([946, 872], [946, 943, 872])
1	0.7232332119988529	0.7420913515984682	([593, 391], [659, 596, 593])
1	0.7361402527491205	0.7421916978276695	([191, 10], [191, 34, 28])
1	0.6987427841819756	0.74222046200296	([237, 166], [237, 221, 166])
1	0.7327596275393484	0.7423733433850116	([693, 617], [693, 643, 617])
1	0.7318298310210766	0.7424723146081884	([202, 145], [202, 196, 141])
1	0.7301801880395526	0.7425367433954272	([929, 848], [929, 922, 867])
1	0.7330979226518786	0.7426406968002798	([388, 315], [413, 404, 388])
1	0.6758965071755366	0.7428713740157044	([381, 283], [354, 338, 283])
1	0.7374667572644691	0.742929378073816	([266, 199], [283, 266, 199])
1	0.7211404189479854	0.742953822550069	([267, 40], [267, 266, 39])
1	0.7364020743864469	0.7429933779961216	([412, 48], [416, 412, 48])
1	0.7358902265540517	0.7430717491163765	([505, 444], [505, 483, 473])
1	0.7227899687713526	0.7431505038977244	([220, 75], [220, 75, 73])
1	0.7186837080317133	0.7434517578399998	([844, 796], [844, 824, 796])
1	0.732821446706497	0.7437180961583395	([721, 664], [721, 715, 664])
1	0.7372082059746267	0.7438511834949818	([449, 383], [449, 439, 383])
1	0.7380273111916352	0.7439342750130815	([240, 79], [240, 79, 49])
1	0.7234747334038386	0.7439953134289419	([937, 895], [937, 933, 895])
1	0.7145413122191526	0.7440408453674567	([835, 809], [835, 827, 809])
1	0.7005524305422581	0.7441623329972734	([761, 695], [766, 725, 695])
1	0.7437527187580972	0.7444159818196565	([430, 372], [430, 424, 372])
1	0.7129045407338174	0.7445008443314238	([154, 66], [154, 88, 20])
1	0.7184568338442877	0.744634655043599	([94, 14], [126, 94, 14])
1	0.729563743258772	0.7446858364292109	([336, 259], [327, 314, 304])
1	0.7359249135930241	0.7447042394028227	([821, 771], [821, 816, 773])
1	0.7162253426610412	0.7448446133713537	([365, 325], [365, 341, 333])
1	0.7213855552064281	0.7451217094308632	([767, 703], [767, 728, 715])
1	0.7416783070875437	0.7452284400648544	([907, 839], [907, 868, 839])
1	0.7396495612119395	0.7453371700656574	([342, 270], [342, 321, 282])
1	0.7089638106325905	0.7453371700656574	([365, 282], [365, 342, 282])
1	0.6862604852745485	0.7454096898656384	([950, 629], [950, 638, 604])
1	0.7027491698342545	0.7455927641433165	([604, 541], [604, 594, 541])
1	0.7105387116423922	0.7456030396411593	([936, 870], [946, 936, 876])
1	0.7306129044452868	0.7456150634922641	([110, 0], [110, 58, 51])
1	0.7431627564029779	0.7456662483588803	([199, 74], [283, 199, 74])
1	0.7334371069512098	0.7457712815178296	([283, 14], [283, 259, 14])
1	0.6918719368013972	0.745834448335381	([377, 325], [387, 377, 325])
1	0.7402210680963042	0.7458558158660955	([944, 885], [944, 941, 879])
1	0.7061911521642593	0.7459049513222716	([150, 45], [150, 132, 45])
1	0.7272021465668271	0.7459321434915963	([332, 274], [345, 332, 274])
1	0.7107246642246781	0.7460486247967423	([950, 123], [123, 84, 76])
1	0.7407620257414635	0.7460486247967423	([193, 84], [193, 123, 84])
1	0.739089307856704	0.7460883649170579	([744, 708], [744, 720, 718])
1	0.6271998954409708	0.74611315424969	([260, 20], [282, 264, 244])
1	0.7077005968241913	0.7461419704487915	([714, 679], [714, 698, 694])
1	0.648283379949421	0.746503028441182	([248, 126], [248, 245, 121])
1	0.7273687394833562	0.7465069545020135	([444, 385], [444, 423, 384])
1	0.7343922651132052	0.746541455464621	([447, 380], [447, 425, 416])
1	0.7141276944577358	0.7466691273862771	([391, 14], [414, 391, 34])
1	0.7077484237281454	0.7468065078451062	([212, 89], [212, 177, 121])
1	0.6861225963345667	0.7469673388579041	([950, 680], [950, 709, 680])
1	0.7306757251348888	0.7470126158399462	([388, 259], [388, 387, 267])
1	0.7422337729784214	0.7471366733650555	([205, 87], [205, 88, 87])
1	0.7175753680451915	0.7471487425783249	([942, 873], [946, 942, 874])
1	0.7446693630246004	0.7471812022971719	([239, 134], [239, 134, 48])
1	0.7336068913693561	0.7471936784144426	([483, 421], [483, 452, 450])
1	0.7354980950365523	0.7472665452565096	([449, 397], [449, 397, 383])
1	0.7402257044399092	0.7473365837130195	([587, 528], [587, 568, 537])
1	0.7296138237481558	0.7473474420210638	([184, 107], [184, 162, 115])
1	0.7080555389339922	0.7477417716220944	([719, 474], [719, 474, 444])
1	0.7309304725902616	0.7478201518801613	([783, 727], [786, 783, 724])
1	0.7356960445809992	0.7479046792296445	([278, 23], [278, 265, 33])
1	0.7345841064389282	0.7479247683134018	([587, 551], [587, 565, 564])
1	0.7455139802473489	0.7480556347807139	([217, 72], [217, 213, 72])
1	0.7370594778850714	0.7483251690914886	([512, 464], [512, 491, 474])
1	0.7385177040242521	0.7486473347271315	([243, 96], [243, 96, 79])
1	0.6731447182288917	0.7489064247024746	([261, 42], [265, 261, 34])
1	0.7374448953858806	0.748928375917337	([912, 794], [927, 913, 794])
1	0.7487116366964659	0.7489714728713631	([940, 757], [940, 925, 758])
1	0.7252637997307853	0.7492132339377986	([381, 321], [381, 378, 321])
1	0.7427283709170519	0.749254237702367	([671, 611], [671, 659, 611])
1	0.7083120800707793	0.749372947827748	([699, 592], [699, 688, 592])
1	0.7364493875478902	0.7495671306430424	([824, 756], [824, 793, 756])
1	0.749495354893272	0.7496058506111392	([823, 767], [825, 823, 767])
1	0.7162910931478562	0.7496058506111392	([844, 767], [844, 825, 767])
1	0.7347403781831752	0.7496621232236431	([383, 273], [384, 383, 275])
1	0.7487364210224433	0.7501608438978625	([601, 20], [622, 609, 20])
1	0.7444360534456371	0.7501672406294059	([948, 774], [948, 815, 784])
1	0.7495510810648672	0.750242234059961	([335, 264], [335, 323, 260])
1	0.7176597075480452	0.7504142465446547	([376, 284], [381, 338, 321])
1	0.7465062624468684	0.7504482252662357	([781, 592], [820, 816, 592])
1	0.7452278205092258	0.7504482252662357	([816, 592], [844, 820, 592])
1	0.7185432505045388	0.7506176785638672	([282, 8], [282, 272, 8])
1	0.7501777621672752	0.7507171828882644	([950, 233], [950, 233, 219])
1	0.7348496744058306	0.7510988616343113	([419, 360], [419, 407, 360])
1	0.7447508107577075	0.751181600681145	([269, 203], [269, 267, 40])
1	0.7170045208870544	0.7512163485661348	([172, 76], [172, 163, 76])
1	0.7483546607352165	0.7512621016996919	([276, 31], [276, 268, 31])
1	0.7101660583739887	0.7512986410430609	([241, 30], [241, 206, 80])
1	0.6961925303329739	0.7513637703475318	([274, 32], [274, 259, 32])
1	0.7472547656800643	0.7516078091112517	([259, 214], [259, 244, 214])
1	0.7328342132061878	0.7517085042353775	([413, 337], [404, 376, 345])
1	0.7375851960937622	0.7517085042353775	([417, 345], [417, 404, 345])
1	0.7309253127091284	0.752020917409651	([729, 659], [727, 719, 659])
1	0.6121785435553447	0.7523487088716132	([246, 132], [246, 190, 171])
1	0.749133344459349	0.7523648576919235	([178, 100], [192, 178, 85])
1	0.7332597922332704	0.7526121062879023	([535, 494], [950, 565, 494])
1	0.736065561687203	0.7527205125085893	([224, 78], [241, 224, 78])
1	0.7511556874585379	0.7527392234260808	([196, 91], [196, 126, 91])
1	0.7365129819852205	0.7527446096398653	([585, 529], [585, 565, 557])
1	0.727492359840408	0.7528296889981968	([786, 720], [786, 769, 747])
1	0.7232630024227864	0.752896053370689	([909, 843], [921, 909, 843])
1	0.6990512504980535	0.7529265413128382	([446, 45], [514, 475, 45])
1	0.721442879443754	0.7529878418110071	([950, 55], [950, 55, 0])
1	0.7214981440625622	0.7532019814562779	([516, 473], [517, 516, 473])
1	0.7208833837167247	0.7532909562592474	([462, 410], [462, 445, 410])
1	0.7393110731471778	0.7534467904300769	([724, 660], [724, 719, 659])
1	0.7410935560918973	0.7534568396383385	([234, 105], [237, 234, 105])
1	0.7465313721337721	0.7535688830293391	([291, 241], [291, 265, 259])
1	0.6613503839803435	0.7535997689551311	([950, 605], [950, 680, 667])
1	0.7378755059482847	0.7537265604659278	([231, 88], [231, 207, 88])
1	0.7532794965516769	0.7539059838134803	([934, 882], [940, 934, 882])
1	0.7215310764123091	0.7539551634773116	([435, 365], [435, 380, 365])
1	0.7423906364346914	0.7540793154873373	([937, 839], [937, 931, 842])
1	0.7196430874056343	0.7540793154873373	([931, 842], [950, 937, 842])
1	0.7224791048015367	0.7540814778072042	([583, 532], [583, 555, 532])
1	0.7516858974348091	0.7541485051426781	([555, 509], [555, 524, 520])
1	0.7251530683800799	0.7541705011879778	([414, 281], [414, 281, 267])
1	0.707978090578504	0.7541901269729082	([927, 763], [927, 844, 825])
1	0.7419743899649016	0.7541901269729082	([916, 825], [927, 916, 825])
1	0.7540976355564806	0.7543061797161426	([186, 75], [186, 128, 47])
1	0.6971043966461992	0.7543266377469109	([757, 541], [757, 702, 643])
1	0.6820010273326738	0.7543443373185377	([130, 37], [130, 88, 32])
1	0.7443866970085222	0.7543576484711508	([178, 30], [193, 178, 30])
1	0.7246187928576518	0.7543667727900515	([341, 269], [341, 321, 273])
1	0.7476076075122933	0.754420431241256	([233, 118], [239, 134, 128])
1	0.7291000567182898	0.7545548332091843	([548, 435], [548, 542, 436])
1	0.7420772026992123	0.7546041454453336	([445, 28], [445, 435, 45])
1	0.7385379009310216	0.7546044070457312	([914, 870], [914, 893, 870])
1	0.7541515567017056	0.7547340690908052	([170, 123], [207, 170, 156])
1	0.7042358326182279	0.7547937212696203	([207, 49], [207, 198, 49])
1	0.7264095855328885	0.754852030398193	([640, 547], [640, 610, 594])
1	0.7531595989674499	0.7548959128856445	([415, 338], [430, 415, 338])
1	0.7377006324307106	0.7549449114789988	([139, 98], [139, 135, 98])
1	0.7520617721565072	0.7549620622514852	([266, 124], [266, 199, 124])
1	0.7473806921933919	0.7550797824725417	([763, 593], [763, 760, 593])
1	0.678437729273381	0.7550911068169285	([646, 592], [646, 624, 622])
1	0.7478096470204576	0.7551912983098594	([918, 846], [927, 918, 846])
1	0.7198589268003006	0.7552304124393353	([613, 548], [613, 592, 589])
1	0.7473559656492408	0.7554848973443519	([950, 182], [950, 182, 163])
1	0.7479925263238906	0.7558972106995516	([821, 733], [821, 771, 733])
1	0.724877511580181	0.7558989334660483	([383, 1], [383, 273, 269])
1	0.7104002734245012	0.7559004623132421	([919, 764], [919, 918, 760])
1	0.7267185936570754	0.7559713035685693	([226, 171], [226, 209, 171])
1	0.7520050969131752	0.7561878018109256	([448, 321], [448, 321, 266])
1	0.7448542671090084	0.7562635704856155	([467, 375], [467, 436, 375])
1	0.7549017640735676	0.7563166092107048	([113, 28], [125, 113, 26])
1	0.7452266012050877	0.7563793211625471	([874, 818], [874, 853, 818])
1	0.7082190363248095	0.7565588271285266	([824, 719], [824, 747, 737])
1	0.7507122433378183	0.7566029491095225	([355, 45], [950, 355, 0])
1	0.7488292378250153	0.7567041326974612	([762, 610], [762, 760, 593])
1	0.7314907723763087	0.7567354759090809	([232, 91], [245, 232, 113])
1	0.7497173973537475	0.7568451196013953	([388, 284], [388, 284, 267])
1	0.7510216664567241	0.7568698797586473	([188, 27], [188, 45, 44])
1	0.6813814862786732	0.7569396165204462	([950, 483], [535, 519, 494])
1	0.7529851982965698	0.7570402951659002	([183, 117], [183, 172, 117])
1	0.7418767366339839	0.7571030661432301	([862, 788], [950, 862, 829])
1	0.7556261091856304	0.7571471692719607	([189, 98], [189, 124, 122])
1	0.7359445406174209	0.7571560299849736	([439, 332], [439, 354, 332])
1	0.7452348160461971	0.7571703185078924	([937, 871], [937, 871, 865])
1	0.7555745394247412	0.7572404675541241	([220, 137], [220, 216, 137])
1	0.720405583257357	0.757558770505266	([269, 1], [269, 203, 1])
1	0.7524890985798138	0.7577656191013751	([366, 309], [366, 339, 318])
1	0.7302864764992628	0.7577926656776074	([382, 322], [382, 322, 278])
1	0.7350506621928844	0.7579093471236187	([948, 815], [948, 863, 826])
1	0.7301290632152894	0.7579418842774187	([418, 370], [419, 418, 370])
1	0.6778575892069744	0.7581208805407897	([387, 285], [387, 382, 267])
1	0.7028547712398225	0.7581524708158568	([385, 21], [414, 395, 20])
1	0.7531484483971314	0.7582094461337434	([160, 77], [160, 138, 77])
1	0.7552856624901237	0.7584060416670532	([408, 277], [408, 312, 277])
1	0.7340870673378909	0.7586085183387575	([390, 322], [390, 322, 276])
1	0.7275201014581164	0.7586085183387575	([391, 276], [391, 390, 276])
1	0.7402621400734374	0.7586761082479472	([592, 455], [592, 466, 425])
1	0.7401715770977518	0.7586867159391901	([546, 491], [546, 506, 492])
1	0.7321355027511981	0.7588158314949865	([333, 262], [366, 333, 318])
1	0.7301854869823294	0.7588978548514702	([499, 433], [499, 482, 433])
1	0.7514616566459329	0.7591516734697831	([230, 110], [234, 230, 105])
1	0.7538687703801481	0.7592336751517695	([379, 270], [412, 379, 270])
1	0.7535062821251121	0.7592336751517695	([409, 270], [412, 409, 270])
1	0.7398642483628762	0.7592336751517695	([412, 279], [950, 412, 270])
1	0.7588772205156521	0.7592574439115775	([238, 150], [238, 150, 45])
1	0.7385839450840116	0.7592669165724821	([231, 66], [231, 210, 66])
1	0.747448816863856	0.75932478956258	([550, 471], [550, 514, 471])
1	0.6690883024368488	0.7593670734610583	([385, 282], [385, 380, 282])
1	0.7435985140795509	0.7594431359592972	([278, 198], [278, 243, 198])
1	0.7166756617077208	0.7594941136709995	([384, 275], [383, 365, 282])
1	0.7509953874000547	0.7594946375175686	([926, 790], [926, 814, 809])
1	0.7058934711179397	0.7595062739529074	([408, 312], [368, 359, 312])
1	0.7373894681949249	0.7595189234555423	([234, 161], [234, 228, 161])
1	0.7584522099893288	0.7597180198385288	([938, 835], [933, 905, 835])
1	0.7314032065080152	0.7597657907663161	([213, 92], [221, 210, 114])
1	0.7519372969890197	0.7598023227792796	([821, 659], [821, 771, 659])
1	0.7463615518949108	0.7598176033397052	([697, 623], [697, 644, 643])
1	0.755639887775177	0.7598681045159829	([695, 593], [761, 760, 593])
1	0.7423468538396482	0.7598702948342764	([592, 504], [592, 518, 504])
1	0.7578712815642962	0.7598909379896125	([542, 474], [542, 474, 473])
1	0.7365553047740458	0.7601886527509717	([950, 105], [950, 219, 163])
1	0.7267034120487337	0.7602029915574567	([549, 9], [549, 45, 34])
1	0.7483523059694523	0.7602200941724986	([476, 392], [476, 432, 395])
1	0.7502526448556505	0.7602200941724986	([459, 395], [481, 476, 395])
1	0.7251468912257691	0.7602899753004274	([414, 267], [414, 382, 267])
1	0.7271322800092103	0.7604259266283988	([517, 272], [550, 517, 514])
1	0.7603837245120514	0.7606221732204315	([260, 207], [260, 207, 51])
1	0.7296614888146181	0.7606835775960088	([918, 699], [918, 761, 760])
1	0.732162967027703	0.7606835775960088	([922, 761], [922, 918, 761])
1	0.736753648569111	0.7608572149061552	([921, 796], [927, 921, 796])
1	0.7426979615951357	0.7609074076089114	([185, 88], [185, 154, 132])
1	0.7475425053752345	0.7609963511363265	([492, 394], [492, 430, 394])
1	0.7543698274408984	0.7611078674738221	([141, 31], [141, 131, 31])
1	0.6891950130556113	0.7613889876884473	([449, 248], [449, 430, 425])
1	0.7137747283867935	0.7613915798468057	([174, 73], [174, 135, 110])
1	0.74913707316393	0.7614793325138536	([645, 577], [645, 610, 599])
1	0.76001643789374	0.7616095004721324	([428, 342], [428, 403, 342])
1	0.7570270704489815	0.7616264732444747	([478, 404], [478, 467, 404])
1	0.73637227996961	0.7616733496334475	([709, 617], [709, 668, 665])
1	0.7607107161140054	0.7617048249261297	([351, 292], [351, 330, 311])
1	0.7557845815110756	0.7617206278928833	([950, 331], [950, 331, 312])
1	0.7501061356782707	0.7618806220398614	([859, 772], [859, 825, 815])
1	0.7457087080947503	0.7619394794158053	([572, 489], [572, 533, 489])
1	0.753211995389198	0.7619753153064209	([512, 435], [512, 474, 435])
1	0.7541488297680194	0.7623358811918147	([642, 603], [642, 627, 598])
1	0.7554385464502922	0.7623403468140243	([836, 758], [836, 796, 778])
1	0.7548304797302768	0.7624201425613372	([282, 210], [282, 210, 112])
1	0.6684634169040379	0.7624968539097892	([950, 521], [412, 378, 281])
1	0.6745768945842081	0.762507910286771	([592, 518], [592, 577, 518])
1	0.7124549495285755	0.7626476756681162	([264, 2], [270, 264, 2])
1	0.737196470131096	0.7627848009217841	([494, 400], [494, 472, 384])
1	0.7596808869013779	0.7627878212804771	([497, 431], [497, 456, 431])
1	0.7446749151903922	0.7630350502363042	([770, 659], [770, 729, 728])
1	0.7200584890990404	0.7632242203118951	([542, 436], [542, 474, 436])
1	0.7482449166451187	0.7632512945155178	([379, 287], [381, 379, 286])
1	0.756358720293915	0.763463297701282	([606, 476], [606, 541, 476])
1	0.7434162591643725	0.7637480505654849	([948, 762], [948, 925, 762])
1	0.7435402803968361	0.7638049563898002	([930, 821], [938, 865, 848])
1	0.6784697148147105	0.7638078696640597	([528, 248], [560, 528, 492])
1	0.7570105046225852	0.7638635140319726	([468, 20], [468, 450, 20])
1	0.7320807125031354	0.7638677196298362	([194, 77], [194, 77, 73])
1	0.7545865393879162	0.7639677409387253	([504, 443], [503, 487, 443])
1	0.7534684577338935	0.7639728086087565	([843, 769], [843, 824, 768])
1	0.7544111748251229	0.7639977674109949	([891, 832], [891, 853, 832])
1	0.7472641661555658	0.7641006783847328	([604, 17], [950, 604, 24])
1	0.7547354042308905	0.7642185468167789	([845, 753], [845, 764, 756])
1	0.739086331670927	0.7642185468167789	([845, 764], [845, 824, 756])
1	0.6536858851093847	0.7642208925810569	([550, 46], [950, 412, 42])
1	0.7180281591103977	0.7643063548899651	([542, 382], [542, 528, 492])
1	0.7372815711246606	0.7644834427618391	([541, 385], [542, 541, 379])
1	0.7382247927981747	0.7645572966558997	([378, 259], [378, 284, 259])
1	0.7340645450955281	0.7645824485545846	([917, 756], [917, 762, 756])
1	0.7260522724026385	0.7645824485545846	([917, 719], [925, 917, 762])
1	0.7073606599936727	0.7646135709049191	([239, 85], [239, 208, 85])
1	0.756440555137964	0.764677416108035	([592, 311], [592, 337, 311])
1	0.7176055190506592	0.764716644996781	([281, 26], [281, 260, 26])
1	0.7403607263309767	0.7647513905608243	([280, 79], [280, 79, 60])
1	0.7493175309989046	0.7647721863122232	([222, 142], [222, 183, 142])
1	0.7416760077975997	0.7647747117026146	([541, 434], [553, 544, 434])
1	0.7251877898259956	0.764839417333655	([950, 355], [353, 341, 273])
1	0.7601410693938321	0.7648795974763087	([742, 20], [742, 712, 20])
1	0.7472066601354604	0.7649035170295955	([609, 526], [609, 563, 526])
1	0.7381526991948737	0.7650516433501946	([427, 344], [427, 417, 345])
1	0.7567792733781614	0.7650516433501946	([460, 345], [460, 427, 345])
1	0.7624405176437202	0.7654320324232858	([226, 74], [243, 226, 74])
1	0.7204308073154003	0.7654577456764219	([438, 371], [438, 404, 371])
1	0.7389015503415037	0.7655544051345075	([758, 639], [766, 695, 683])
1	0.7570968145116471	0.7655728458965372	([421, 333], [421, 406, 387])
1	0.7540384142969795	0.7656838344212983	([816, 721], [816, 773, 721])
1	0.7447927256730705	0.765713157833722	([595, 382], [595, 390, 382])
1	0.7583405044415059	0.765824820750618	([658, 604], [658, 631, 624])
1	0.7649807207726234	0.7658501838332081	([361, 302], [364, 361, 302])
1	0.7584114744585757	0.7660380363196565	([497, 385], [497, 472, 385])
1	0.751424758553841	0.7661707305166715	([865, 763], [852, 826, 763])
1	0.7305922636689136	0.7662061068662204	([514, 383], [514, 413, 391])
1	0.7395916435742349	0.7662061068662204	([501, 390], [514, 501, 391])
1	0.743475841418122	0.7662129560811766	([235, 146], [235, 232, 146])
1	0.717258876400644	0.7662317012136907	([162, 80], [162, 127, 80])
1	0.7571016918620919	0.7662983759983194	([423, 339], [423, 370, 363])
1	0.7524137361160205	0.7663029976141783	([496, 402], [496, 439, 438])
1	0.7639555951088254	0.7663448707494246	([375, 292], [375, 320, 309])
1	0.7098067731935614	0.7664068671811975	([925, 758], [927, 925, 758])
1	0.7331695302655046	0.7664412793247459	([914, 33], [933, 914, 4])
1	0.709530330638515	0.766479446487199	([917, 697], [915, 825, 763])
1	0.7601196596232805	0.766484756447549	([630, 581], [639, 630, 572])
1	0.7322386281258999	0.7666657361392083	([703, 20], [703, 689, 20])
1	0.7279276828532625	0.7668738644968788	([433, 321], [433, 292, 269])
1	0.7294532464778689	0.7669144702217892	([392, 266], [392, 390, 276])
1	0.7615480663166622	0.7669226606301671	([793, 734], [793, 781, 724])
1	0.7530598999902628	0.7669620772481602	([543, 441], [543, 499, 492])
1	0.7382856126245092	0.7670221670641433	([754, 642], [754, 725, 719])
1	0.6982178371393455	0.7670707966647347	([422, 361], [422, 403, 382])
1	0.748338537320662	0.7670912026505935	([738, 641], [738, 720, 641])
1	0.7445619299661913	0.7670933928561009	([437, 284], [417, 388, 366])
1	0.7477485266775968	0.7670933928561009	([455, 388], [455, 417, 388])
1	0.7405506164949128	0.7671277266847154	([282, 82], [282, 130, 112])
1	0.7627685154663599	0.7671683642176779	([533, 449], [533, 498, 488])
1	0.7391004266217892	0.7671934196847184	([415, 265], [415, 338, 280])
1	0.7573859595149169	0.7673839406465557	([563, 470], [563, 540, 442])
1	0.7535769486524424	0.7674319435874576	([871, 770], [871, 816, 770])
1	0.6916441114709161	0.7675487247062094	([918, 767], [929, 918, 760])
1	0.7203571887523708	0.7675632734540433	([219, 117], [219, 183, 160])
1	0.7375838294332102	0.7675640874030784	([453, 402], [453, 426, 418])
1	0.7349505308511174	0.7675782520016297	([543, 389], [543, 541, 379])
1	0.6543933906104646	0.7676141596880242	([269, 248], [269, 259, 238])
1	0.7170930879874339	0.7676478302202097	([375, 262], [354, 287, 262])
1	0.748677532168737	0.7676600236258773	([584, 514], [585, 584, 514])
1	0.765738558262754	0.7677374035422215	([305, 20], [387, 305, 285])
1	0.7531128475246144	0.7677554297206087	([949, 797], [949, 926, 809])
1	0.7355206205050254	0.7677647043629636	([282, 112], [282, 272, 130])
1	0.7616060702874158	0.7677865411317448	([561, 433], [561, 548, 435])
1	0.7519139589576351	0.767850239936648	([401, 340], [428, 401, 340])
1	0.7409243701541844	0.7678601734266512	([540, 442], [527, 500, 442])
1	0.7179578987376749	0.7679272414542998	([875, 799], [875, 865, 799])
1	0.7434766516363494	0.7680907781594236	([576, 487], [599, 595, 495])
1	0.7634240933580476	0.7681263082820105	([540, 22], [552, 540, 22])
1	0.6415591949700502	0.7683402479872681	([950, 270], [406, 369, 363])
1	0.7567477290588093	0.7684215844379456	([225, 102], [225, 116, 92])
1	0.7659049960536938	0.7685259931622106	([597, 523], [597, 572, 551])
1	0.7390553668046237	0.7687145849649736	([493, 415], [495, 493, 415])
1	0.7658099358932409	0.7688348739104877	([267, 204], [267, 204, 194])
1	0.7672181067380861	0.768982939373672	([895, 748], [895, 865, 789])
1	0.764923012034328	0.7693018776628314	([925, 693], [925, 758, 702])
1	0.7656802490581583	0.7694808188899498	([696, 541], [757, 702, 696])
1	0.7493826704488032	0.7694872405854604	([157, 65], [157, 134, 65])
1	0.7590237730191907	0.7696989839534611	([922, 793], [922, 793, 766])
1	0.7621504068579926	0.7697321499238176	([610, 533], [610, 551, 533])
1	0.7508766227001473	0.7699979678970301	([639, 552], [639, 593, 552])
1	0.7545695027119881	0.7700566122309789	([359, 47], [359, 355, 0])
1	0.768407937789724	0.7701893333577614	([431, 359], [431, 389, 375])
1	0.7546178282605114	0.7701990232250826	([874, 753], [874, 824, 753])
1	0.7659956440260377	0.7702125735104665	([465, 391], [465, 450, 398])
1	0.7476374896737963	0.7704260235156822	([702, 561], [730, 720, 561])
1	0.7458342040258742	0.7704789974516852	([539, 466], [539, 498, 475])
1	0.7696999022637874	0.7704834214325037	([197, 9], [197, 37, 11])
1	0.7655174704371129	0.77051926033438	([457, 374], [474, 457, 377])
1	0.7260338420183409	0.7705609697191321	([434, 357], [424, 375, 372])
1	0.7377732801371194	0.7705640829777717	([913, 833], [913, 897, 833])
1	0.7544114749893892	0.7707832591723857	([763, 602], [763, 602, 592])
1	0.7688697329812066	0.7708673856415316	([398, 329], [398, 362, 329])
1	0.7655154882615627	0.7709631933777903	([279, 191], [279, 193, 191])
1	0.7452660437392804	0.7712009688908579	([461, 353], [461, 441, 45])
1	0.767144676477413	0.7712023538212203	([841, 741], [841, 741, 716])
1	0.7532087657329477	0.7712572774023109	([274, 197], [412, 274, 270])
1	0.7680041284216802	0.7714766395902479	([904, 747], [948, 904, 730])
1	0.7465059557967536	0.7715880093550453	([259, 189], [282, 259, 189])
1	0.7480126732901343	0.7716410405104331	([415, 16], [415, 264, 2])
1	0.7567628999415612	0.7716410405104331	([367, 2], [415, 380, 2])
1	0.7578898317191016	0.7716410405104331	([596, 2], [596, 415, 2])
1	0.7297251428550104	0.7716833384331319	([514, 414], [515, 514, 414])
1	0.7678480110934215	0.7718676185559058	([377, 240], [377, 240, 209])
1	0.703151256928493	0.7718751188926954	([379, 13], [421, 391, 13])
1	0.7584315550559354	0.7718915973846866	([369, 40], [413, 369, 367])
1	0.6707189180389133	0.7721541259263643	([845, 248], [845, 813, 802])
1	0.7137508831284688	0.7721548576979617	([920, 696], [940, 921, 696])
1	0.7331576576752782	0.7721711661266005	([620, 540], [620, 602, 540])
1	0.7542332525976078	0.7723194986250894	([592, 14], [592, 563, 414])
1	0.7396863628526505	0.7724079313878114	([719, 570], [719, 591, 588])
1	0.7691738045364712	0.7724271444240942	([691, 498], [719, 691, 514])
1	0.7497101646876203	0.7724403474686843	([760, 693], [760, 726, 705])
1	0.7556865043014588	0.7724813244474839	([715, 634], [715, 664, 634])
1	0.7449145795390426	0.772495586405913	([275, 202], [275, 241, 202])
1	0.7553071549114464	0.7725513465754376	([444, 333], [444, 375, 333])
1	0.7724297159312961	0.7725653063672259	([391, 49], [391, 261, 49])
1	0.6799652056869834	0.7725653063672259	([347, 20], [391, 276, 261])
1	0.7355555397131152	0.7725698777403005	([448, 266], [448, 443, 266])
1	0.765596909583163	0.7726458289343898	([502, 427], [502, 467, 427])
1	0.7508980003965205	0.7726786192287622	([659, 499], [659, 552, 541])
1	0.7296386560834972	0.7727632506716455	([597, 381], [597, 440, 380])
1	0.7509749061378116	0.7728947145014888	([546, 384], [546, 439, 384])
1	0.7559490730435243	0.7728994834839716	([756, 616], [762, 756, 609])
1	0.6965360043844299	0.7731495622700508	([622, 20], [675, 647, 20])
1	0.7681157661868333	0.7732163838270811	([273, 138], [273, 138, 129])
1	0.7724231883503613	0.7732428328600843	([504, 381], [592, 504, 381])
1	0.7421580543007725	0.7732428328600843	([592, 401], [597, 592, 381])
1	0.7691070283792537	0.7733031254461742	([548, 355], [548, 436, 384])
1	0.7429850852219677	0.7733031254461742	([546, 439], [548, 546, 384])
1	0.7643116608529655	0.7733194942442749	([754, 690], [754, 719, 687])
1	0.7674528676165913	0.7733256523334198	([539, 430], [539, 492, 475])
1	0.7576928209139948	0.7733866379829114	([909, 781], [911, 909, 792])
1	0.7188450011565978	0.7735311775511484	([843, 695], [843, 766, 755])
1	0.7701309349867489	0.7736645712312881	([938, 760], [938, 932, 760])
1	0.7524862156888861	0.7737234784462104	([358, 277], [358, 347, 277])
1	0.7703877075824586	0.7738773006098364	([279, 125], [279, 125, 2])
1	0.7363630633980541	0.7738773006098364	([279, 21], [279, 269, 2])
1	0.7642677999760121	0.773885741389254	([716, 2], [719, 560, 21])
1	0.7715508067779504	0.7739279256547281	([376, 191], [433, 376, 347])
1	0.7513305103775525	0.7739279256547281	([433, 347], [433, 379, 376])
1	0.7581658459967917	0.7739279256547281	([930, 433], [930, 433, 376])
1	0.7434506482955912	0.7739308760142148	([930, 703], [926, 919, 703])
1	0.715949979284539	0.7739401490164616	([413, 40], [413, 272, 205])
1	0.7609325605665785	0.7739593256078517	([495, 396], [495, 409, 396])
1	0.7142787620142126	0.7739610273611114	([189, 64], [207, 189, 64])
1	0.7224756802601983	0.7740554345948487	([563, 414], [592, 414, 382])
1	0.7182443295486811	0.7740554345948487	([597, 440], [592, 425, 382])
1	0.6903878081565352	0.7740554345948487	([592, 425], [592, 542, 382])
1	0.7278752738148127	0.7740554345948487	([604, 390], [595, 592, 382])
1	0.7652007300427832	0.7743750273776578	([439, 306], [439, 379, 306])
1	0.771947279971766	0.7743964357053259	([509, 392], [514, 509, 392])
1	0.757105134677202	0.7743968283157266	([706, 639], [706, 674, 657])
1	0.7470940807607644	0.7746235993399143	([430, 298], [430, 404, 306])
1	0.7648792749837592	0.774697147228128	([865, 700], [918, 865, 824])
1	0.7274576982182099	0.7747197906364603	([433, 269], [448, 433, 425])
1	0.7515986297177968	0.7748385708149894	([657, 588], [657, 638, 614])
1	0.7635459736223918	0.7749322920909928	([483, 343], [496, 483, 343])
1	0.7679289741522616	0.7749455682321481	([277, 213], [277, 213, 180])
1	0.696430841752366	0.7751455538567348	([265, 242], [270, 265, 242])
1	0.673545920807998	0.7751587000284944	([248, 155], [248, 161, 117])
1	0.737529749559867	0.7751681294459528	([216, 81], [216, 164, 81])
1	0.7721303713798177	0.7751855060554728	([151, 67], [151, 87, 76])
1	0.7526491868529913	0.7754254543367364	([540, 484], [540, 516, 493])
1	0.7663208961144028	0.7755364792609709	([945, 823], [945, 849, 823])
1	0.7046202466618219	0.7755384392732799	([869, 762], [869, 844, 767])
1	0.7684535663916302	0.7755768481090259	([703, 552], [694, 641, 552])
1	0.771576122177425	0.7757877737801674	([808, 15], [808, 771, 768])
1	0.7138224003239648	0.775883540303503	([270, 122], [270, 242, 121])
1	0.7574390301344698	0.7758977208499113	([696, 516], [696, 548, 541])
1	0.756504584633839	0.7758977208499113	([701, 548], [701, 696, 548])
1	0.7697567043446542	0.7759041738228907	([634, 533], [634, 595, 533])
1	0.7480945639660811	0.7759631999280368	([814, 596], [926, 925, 790])
1	0.7735511588073071	0.7759702917576087	([753, 653], [753, 705, 695])
1	0.7491378016139956	0.7760406946287384	([645, 556], [645, 604, 545])
1	0.7496172550324467	0.7761409036717358	([931, 785], [934, 835, 785])
1	0.7240021375883021	0.776176252874113	([950, 211], [950, 123, 105])
1	0.730028194172008	0.7761799770664698	([719, 514], [719, 514, 491])
1	0.775707846967587	0.7763325375948104	([855, 724], [855, 808, 796])
1	0.7450196149014635	0.7763788250297068	([540, 383], [540, 440, 382])
1	0.7571388297773036	0.7763927867041329	([546, 391], [546, 408, 391])
1	0.7454659073190647	0.7763927867041329	([540, 408], [546, 540, 408])
1	0.7710271415603908	0.7764114779848292	([637, 280], [643, 637, 280])
1	0.7690701494331085	0.7765085636427278	([471, 376], [471, 412, 376])
1	0.7551187308297993	0.7765946721223885	([450, 356], [450, 423, 356])
1	0.7656184016922841	0.776597074733474	([916, 771], [916, 771, 756])
1	0.7694491178249582	0.7766125947054998	([695, 385], [699, 592, 385])
1	0.7460914125598702	0.7768021939814224	([421, 299], [421, 340, 299])
1	0.7655796426756805	0.776841184915597	([159, 50], [193, 159, 131])
1	0.7664040943055446	0.776950631889305	([842, 45], [948, 842, 826])
1	0.7680094942226001	0.7769943961239535	([423, 317], [423, 339, 333])
1	0.7222204915264266	0.7770318732325464	([412, 197], [379, 270, 241])
1	0.720910920339525	0.7771648926803183	([384, 244], [384, 379, 244])
1	0.772551865517526	0.7771820254140338	([298, 234], [298, 246, 245])
1	0.7630982106815738	0.7772273469639605	([433, 191], [433, 417, 191])
1	0.7550150964802125	0.7772559832116082	([923, 1], [924, 24, 20])
1	0.7726303452701974	0.7772877611205933	([652, 601], [652, 624, 621])
1	0.680103754876171	0.7773055220880024	([651, 248], [716, 667, 644])
1	0.7478934920047282	0.7774354004054209	([658, 543], [699, 687, 543])
1	0.7726880214715856	0.7774545039681751	([779, 596], [814, 781, 779])
1	0.7669765238318442	0.7776786051064883	([264, 111], [264, 230, 111])
1	0.7349202378931772	0.7779271614243506	([760, 597], [695, 643, 640])
1	0.7677719710063549	0.7780874428596734	([727, 607], [727, 607, 593])
1	0.7622452144386147	0.7780874428596734	([727, 378], [727, 659, 593])
1	0.76537025410139	0.7780874428596734	([723, 593], [727, 723, 593])
1	0.7612416873109281	0.7781050490301233	([844, 726], [844, 824, 726])
1	0.7597931625606226	0.7781052877706557	([728, 541], [728, 702, 659])
1	0.7371512043065416	0.778193908993302	([592, 337], [425, 377, 374])
1	0.7449036588291478	0.7782769462105468	([924, 602], [924, 911, 602])
1	0.7484673322549443	0.7783023299186853	([627, 516], [627, 596, 587])
1	0.7520526329693247	0.7785335501348267	([290, 21], [290, 280, 21])
1	0.7704331881343106	0.7786497915436845	([761, 367], [761, 367, 2])
1	0.7768914148112197	0.7786497915436845	([757, 2], [761, 757, 2])
1	0.6076692649532529	0.7786679861971588	([282, 246], [950, 605, 575])
1	0.7721836831977806	0.7787529782097741	([702, 284], [645, 284, 260])
1	0.7126745494441309	0.7787732038155618	([926, 596], [930, 824, 821])
1	0.7682348614653899	0.7788010570398637	([432, 318], [432, 430, 318])
1	0.7379678435287708	0.7788665396224697	([541, 280], [548, 541, 280])
1	0.7193385141109946	0.7789488709049585	([439, 276], [439, 332, 259])
1	0.757521159435479	0.7790452891395508	([609, 437], [609, 582, 556])
1	0.7573869790634453	0.7790857638601929	([560, 21], [560, 542, 21])
1	0.7408348607043814	0.7792123786738226	([884, 779], [884, 868, 793])
1	0.7722345094758697	0.7792197701303163	([862, 723], [862, 814, 788])
1	0.7621682564307657	0.7792314940815298	([760, 544], [759, 728, 592])
1	0.724826845896862	0.7792314940815298	([728, 592], [763, 759, 592])
1	0.7467548627400495	0.7792499823569778	([733, 603], [733, 699, 608])
1	0.7674713551984191	0.7792595306054423	([867, 737], [867, 833, 737])
1	0.7205928601172883	0.779330165968256	([596, 415], [596, 540, 493])
1	0.7182660573948645	0.7794088556171732	([550, 272], [517, 505, 435])
1	0.7693576300241362	0.7794137724726157	([268, 188], [268, 239, 221])
1	0.7592732797125893	0.7795348114793189	([919, 2], [940, 915, 2])
1	0.7749049576609006	0.7795470444266298	([524, 437], [524, 487, 478])
1	0.7568614802254984	0.7795470444266298	([556, 478], [556, 524, 478])
1	0.7698713846321484	0.7795547622344524	([828, 707], [828, 816, 749])
1	0.7395699423656483	0.7796889151323716	([935, 699], [935, 931, 699])
1	0.7560096217201947	0.7797272820492045	([901, 816], [901, 888, 816])
1	0.6704662633290193	0.7798708852784326	([802, 248], [949, 947, 797])
1	0.6901751703035343	0.7799391774571155	([281, 200], [281, 266, 200])
1	0.779248675614203	0.7799818583341718	([602, 508], [602, 540, 537])
1	0.7593830742295479	0.7799918461601512	([703, 571], [703, 571, 552])
1	0.7332159594682403	0.7800845379358667	([438, 294], [438, 294, 283])
1	0.7736222056076806	0.7801002163058272	([517, 403], [517, 473, 470])
1	0.7293268348446746	0.7802129708968767	([844, 592], [775, 763, 745])
1	0.7660500286128512	0.7802498041234598	([506, 354], [506, 498, 372])
1	0.762187264312067	0.7802877801878491	([642, 472], [642, 563, 472])
1	0.778755885123171	0.7803034477394656	([614, 522], [614, 568, 522])
1	0.7685434640031888	0.7803504466020212	([751, 625], [751, 729, 643])
1	0.7655346124977983	0.7803815021928587	([910, 754], [910, 848, 754])
1	0.7055088478448057	0.7804374071752649	([924, 20], [923, 914, 33])
1	0.7790795819435593	0.7804736620940153	([947, 643], [947, 932, 643])
1	0.7703394649918359	0.7804760245367941	([361, 82], [363, 361, 82])
1	0.7643044357484583	0.7804848890170547	([396, 310], [396, 350, 330])
1	0.7655957357176711	0.7805605453980458	([556, 447], [553, 447, 436])
1	0.7760058976064208	0.7807502856147559	([446, 343], [457, 446, 343])
1	0.7580003244866164	0.780772026466273	([444, 9], [444, 384, 9])
1	0.7369525991565771	0.7807841747576466	([595, 495], [619, 606, 476])
1	0.7549685190701512	0.7808519378314976	([433, 35], [433, 191, 3])
1	0.7717483861471126	0.780972310955477	([660, 579], [660, 631, 579])
1	0.7621154597487724	0.7809851374798544	([790, 709], [790, 745, 709])
1	0.7480280105541677	0.7809851374798544	([826, 699], [826, 745, 709])
1	0.7739998172246094	0.7811110866445641	([800, 730], [800, 766, 752])
1	0.7721140592596814	0.7812431622619347	([844, 702], [844, 729, 726])
1	0.7801108338584902	0.7812598112382931	([883, 772], [883, 845, 824])
1	0.7589004269836669	0.7813423151013702	([758, 201], [915, 914, 2])
1	0.7543367442817571	0.7813518598468969	([535, 445], [556, 535, 445])
1	0.7763840369207221	0.7814726214850319	([578, 20], [578, 550, 535])
1	0.7422921537334342	0.7815749295289339	([737, 654], [737, 721, 654])
1	0.7629695814700264	0.7816771320547421	([390, 226], [390, 379, 244])
1	0.7352420417617598	0.7816791709806474	([719, 588], [719, 444, 9])
1	0.779819817124748	0.7817022183991831	([948, 591], [948, 591, 559])
1	0.7764425287005586	0.781709009430634	([466, 405], [466, 430, 420])
1	0.7738312720386892	0.7818012307497215	([605, 435], [605, 592, 435])
1	0.7181201998721441	0.7819030259384594	([414, 201], [414, 267, 239])
1	0.7524973928914022	0.7820560024239168	([392, 5], [392, 380, 5])
1	0.7720348097275922	0.7821635873531494	([737, 631], [737, 654, 641])
1	0.7776130266159259	0.782227027016821	([923, 735], [923, 911, 735])
1	0.7478774575525785	0.7822310837205935	([402, 292], [433, 402, 376])
1	0.6630816753618894	0.782407242226457	([728, 248], [845, 756, 728])
1	0.743070988377934	0.782421779237913	([175, 61], [216, 175, 61])
1	0.7796500677647143	0.7827460992995285	([473, 357], [473, 445, 357])
1	0.693981933751244	0.782808538224093	([719, 436], [719, 703, 571])
1	0.7661739789017176	0.7828123964077508	([922, 592], [922, 844, 766])
1	0.781440476980486	0.782922135960749	([611, 535], [611, 541, 539])
1	0.7593280714550646	0.7829403216823563	([643, 498], [691, 645, 643])
1	0.7804668028532777	0.7830867886667636	([456, 264], [456, 431, 264])
1	0.7553900511037774	0.7831018783779707	([814, 723], [814, 779, 747])
1	0.7795458030725114	0.7831113993931406	([868, 759], [868, 842, 793])
1	0.782314383359699	0.7831347875640001	([929, 712], [929, 723, 712])
1	0.7687970599573213	0.7833157411255581	([372, 3], [760, 372, 3])
1	0.7462771607500724	0.7833157411255581	([760, 14], [919, 760, 3])
1	0.7800439788832056	0.7833683945569896	([636, 529], [636, 603, 562])
1	0.7487729873792852	0.7833960976168167	([268, 73], [268, 73, 28])
1	0.7713580923931549	0.7833993173590876	([944, 798], [948, 944, 798])
1	0.7747371292822823	0.7835206127039972	([560, 438], [560, 541, 438])
1	0.7434851235812221	0.7836793003417423	([768, 15], [768, 763, 15])
1	0.7784154620455819	0.7837343263127193	([856, 776], [856, 825, 803])
1	0.7477688054475706	0.7837678344526428	([696, 32], [764, 755, 1])
1	0.7682629274714127	0.7837988870891521	([906, 802], [910, 824, 802])
1	0.7670055701800302	0.7839388227417087	([829, 691], [829, 719, 717])
1	0.7749157080391995	0.7839473345153833	([491, 389], [543, 492, 491])
1	0.7495252231644345	0.7839852631291041	([435, 329], [435, 365, 329])
1	0.7780261838442117	0.7840056631533714	([799, 736], [799, 776, 747])
1	0.7787756482628203	0.7840303241703291	([102, 3], [102, 78, 3])
1	0.7613587781825997	0.784162956642756	([223, 67], [240, 223, 79])
1	0.7729977123482846	0.7843060505409829	([337, 193], [337, 284, 198])
1	0.7495885828178238	0.7843258881641677	([802, 720], [802, 797, 720])
1	0.7113045742418294	0.784364027425263	([539, 354], [539, 506, 492])
1	0.7718524339553597	0.7845207849064143	([941, 659], [921, 912, 728])
1	0.773872882107334	0.7845379233765707	([443, 291], [443, 291, 284])
1	0.7135322957679164	0.7845661507466167	([659, 391], [593, 552, 391])
1	0.7577494239295784	0.7846052998637079	([261, 181], [261, 207, 181])
1	0.7739324919318951	0.784620950358982	([918, 474], [918, 474, 277])
1	0.7530163182489347	0.7847188145111821	([924, 391], [924, 391, 276])
1	0.7723955020441036	0.7847429642566301	([750, 617], [750, 735, 617])
1	0.7653106751086822	0.7849915923437932	([628, 577], [628, 595, 589])
1	0.7592578098730528	0.7850315617845657	([941, 765], [941, 765, 764])
1	0.7511732936510768	0.7850315617845657	([941, 0], [941, 929, 764])
1	0.7481691616153061	0.7851721064129419	([378, 28], [384, 378, 28])
1	0.7723113621967115	0.7852612640102217	([380, 288], [380, 302, 288])
1	0.7590352511516133	0.7852973615081337	([744, 669], [744, 669, 644])
1	0.7820113054240856	0.7857405127177206	([849, 745], [849, 815, 784])
1	0.7807657030523347	0.7858275406061668	([272, 173], [272, 173, 138])
1	0.7593540119375446	0.7859751795023064	([658, 354], [658, 543, 354])
1	0.759491772238732	0.7860353562569278	([942, 813], [942, 861, 811])
1	0.772793326267916	0.7860940117889812	([712, 605], [712, 690, 671])
1	0.7795555826488636	0.7861420347560041	([762, 440], [762, 610, 442])
1	0.7771850635908827	0.7861420347560041	([917, 442], [917, 762, 442])
1	0.7544899869889113	0.786151947581346	([870, 727], [848, 754, 727])
1	0.7782015598998104	0.7861725946575915	([308, 195], [308, 294, 197])
1	0.7565436191938589	0.7861864819607818	([764, 606], [744, 718, 669])
1	0.7834287024135927	0.7862551175528504	([806, 705], [806, 763, 705])
1	0.7743010663397952	0.7862580123269857	([848, 645], [845, 712, 682])
1	0.7739504600630384	0.7862919855075402	([762, 661], [762, 687, 661])
1	0.7358695657128714	0.7863850066472193	([930, 376], [919, 826, 3])
1	0.7628572038479814	0.7864119303472891	([945, 719], [945, 824, 823])
1	0.7762074710942728	0.7864146854987841	([408, 35], [433, 408, 347])
1	0.7801226433631829	0.7864252596437451	([271, 155], [271, 155, 27])
1	0.7570593286655326	0.7864252596437451	([271, 29], [272, 271, 27])
1	0.7610652164570241	0.78647981056906	([898, 659], [912, 898, 871])
1	0.7771068415698913	0.7865242251057357	([392, 327], [392, 372, 335])
1	0.754708678491386	0.7865881975250149	([933, 727], [925, 847, 727])
1	0.785004109994041	0.7866222217676189	([910, 603], [929, 910, 603])
1	0.7809167364049078	0.7866222217676189	([929, 635], [950, 929, 603])
1	0.7797556357807597	0.7866531997509787	([447, 0], [499, 465, 0])
1	0.7822387528465423	0.7867089374823258	([719, 299], [719, 446, 299])
1	0.7766746460319689	0.7867394135818989	([708, 610], [708, 658, 644])
1	0.7805362014145202	0.7867700266512053	([869, 706], [869, 757, 754])
1	0.7579015574873443	0.7868875262973433	([879, 782], [879, 864, 774])
1	0.7636473373536747	0.7869956177710536	([705, 45], [933, 720, 705])
1	0.7527530408934522	0.787046980803968	([767, 614], [767, 763, 614])
1	0.7599041746829188	0.7870543439481305	([656, 550], [656, 638, 620])
1	0.7858139697883667	0.7870549719048113	([748, 657], [748, 719, 657])
1	0.725199475850136	0.7870848469882845	([593, 378], [593, 405, 391])
1	0.7432945337895276	0.7872091512537668	([698, 545], [695, 543, 389])
1	0.7399025039023134	0.7872606084219045	([699, 408], [699, 408, 385])
1	0.7870932073961662	0.7872849328288328	([235, 27], [235, 234, 27])
1	0.7404662742846917	0.7872851927403138	([690, 605], [690, 644, 605])
1	0.7716242900570255	0.7872975342998527	([394, 314], [394, 350, 344])
1	0.7726397102021864	0.7875530906460875	([286, 58], [286, 271, 73])
1	0.7853047805701394	0.7877225779291169	([820, 731], [820, 775, 731])
1	0.7542410098027745	0.7879898117046787	([933, 541], [933, 757, 725])
1	0.7449983677328824	0.7880128425452998	([551, 394], [551, 440, 388])
1	0.7719410905698398	0.7880128425452998	([538, 388], [551, 538, 388])
1	0.7695702986098315	0.7881290178553939	([726, 651], [726, 685, 672])
1	0.7856565561367637	0.7882724514540794	([431, 128], [474, 431, 124])
1	0.730629707637439	0.7883083909216014	([437, 24], [437, 284, 24])
1	0.7816390991994738	0.7883772672543977	([462, 273], [474, 462, 273])
1	0.7844928933076853	0.7884963615222819	([510, 408], [510, 501, 390])
1	0.7760893849186712	0.7884966025992862	([283, 141], [283, 141, 84])
1	0.7558183674548524	0.7885381585867473	([493, 262], [493, 477, 262])
1	0.7168814230478576	0.7885880331686056	([643, 10], [699, 643, 10])
1	0.7870895321403518	0.7885880331686056	([758, 10], [758, 699, 10])
1	0.7099463634337616	0.7886016929804011	([918, 277], [919, 918, 269])
1	0.7748026829267921	0.7887031342937576	([490, 405], [490, 466, 425])
1	0.758084841237478	0.7887487652740907	([477, 399], [477, 461, 399])
1	0.7542383809049121	0.7890512534257028	([435, 308], [435, 428, 308])
1	0.7760190816534341	0.7891011985548511	([852, 707], [852, 707, 695])
1	0.7815392610331947	0.7891223809058822	([738, 613], [738, 699, 592])
1	0.7687427385545459	0.7891380969463292	([603, 396], [629, 603, 576])
1	0.7414397831474153	0.7891539092276674	([720, 597], [720, 597, 561])
1	0.7847907251606215	0.7891765225018487	([695, 450], [695, 667, 430])
1	0.7243349686472627	0.7891765225018487	([608, 430], [703, 695, 430])
1	0.7810725385217816	0.7892383242107661	([606, 367], [606, 367, 364])
1	0.7818632930343634	0.7892753001266074	([718, 630], [718, 659, 653])
1	0.75837680756305	0.7892785937473696	([927, 597], [927, 753, 596])
1	0.7349511213519655	0.7893535296675132	([377, 209], [377, 264, 244])
1	0.7442923227909414	0.7893868751695542	([701, 619], [701, 619, 548])
1	0.7655351654502938	0.7894016705555778	([411, 199], [411, 268, 199])
1	0.7681846076547876	0.7894398302991515	([760, 372], [372, 350, 323])
1	0.7474611864692954	0.7895092547275429	([881, 613], [881, 859, 613])
1	0.725497188328533	0.7895539632040649	([784, 677], [784, 722, 677])
1	0.7873294763332352	0.7897146729583951	([367, 295], [372, 367, 295])
1	0.7883850427453176	0.7897483553311124	([930, 8], [930, 925, 8])
1	0.7755995686071436	0.7897919633256804	([550, 429], [550, 536, 417])
1	0.7742020920934439	0.7899026974673661	([367, 15], [378, 367, 15])
1	0.7706870884158457	0.7899056231074131	([691, 576], [691, 604, 596])
1	0.7841799683165934	0.7899079900902529	([696, 570], [696, 570, 561])
1	0.761727057972697	0.7899260235036814	([448, 351], [453, 448, 351])
1	0.7761311544890885	0.7899622324664557	([726, 599], [782, 769, 599])
1	0.7667974171566645	0.7899711345855649	([666, 563], [683, 666, 563])
1	0.7837310105634537	0.7900067926543176	([941, 800], [941, 815, 800])
1	0.7771130894810889	0.790021936416426	([872, 729], [872, 790, 770])
1	0.7863102854474874	0.7901324241660503	([924, 734], [924, 734, 719])
1	0.6729250739318802	0.7901324241660503	([948, 45], [924, 857, 719])
1	0.7734492096741545	0.7901344471209815	([608, 509], [641, 552, 542])
1	0.7683628399194213	0.7901344471209815	([672, 542], [672, 641, 542])
1	0.7875417861753135	0.7901426711451977	([860, 706], [869, 860, 841])
1	0.7749636030565846	0.7901799025379704	([730, 34], [730, 695, 34])
1	0.7693959756530211	0.7901799025379704	([843, 34], [843, 695, 34])
1	0.7797328051120316	0.7901903918793796	([613, 512], [659, 613, 512])
1	0.7768131291057099	0.7902592514491477	([410, 38], [410, 392, 17])
1	0.7175532087825077	0.7902686856311966	([541, 20], [622, 578, 563])
1	0.7876481777658956	0.7902776623801108	([622, 408], [637, 622, 408])
1	0.789450641573923	0.7903132348804145	([755, 439], [755, 706, 695])
1	0.7855078239759203	0.79033287216902	([511, 283], [511, 475, 471])
1	0.6814187821019154	0.7903895491566991	([679, 46], [773, 719, 679])
1	0.7505509826308899	0.7904526057537626	([471, 283], [512, 511, 283])
1	0.7418277840397561	0.7905003413738704	([607, 433], [607, 606, 436])
1	0.7883036720588884	0.7905521716440097	([620, 14], [620, 615, 15])
1	0.7555123286973432	0.7905711720673237	([701, 19], [701, 643, 10])
1	0.7546138717150049	0.7905746894794689	([926, 414], [926, 596, 414])
1	0.7897034783116313	0.7905927227813699	([694, 412], [759, 697, 694])
1	0.6933592620773976	0.7906845686932603	([816, 20], [787, 742, 720])
1	0.762065981883036	0.7908852623338489	([513, 347], [561, 515, 347])
1	0.766450623051696	0.7908902112879397	([573, 23], [573, 541, 538])
1	0.7854791605640534	0.7909120359940257	([849, 196], [923, 880, 196])
1	0.7791873650259804	0.7909473205730887	([659, 374], [659, 391, 374])
1	0.7054307358785169	0.7910334861669148	([764, 0], [941, 923, 0])
1	0.788428022132374	0.7911435411346673	([832, 658], [832, 826, 658])
1	0.7873196716411663	0.7912181176219736	([651, 591], [651, 640, 562])
1	0.7829906431226392	0.7912509320570719	([642, 380], [617, 596, 380])
1	0.7596898132949732	0.7912534738777286	([730, 267], [593, 414, 378])
1	0.7466304265462964	0.7912844787334146	([927, 683], [927, 683, 596])
1	0.7878110368958942	0.791304951767907	([750, 4], [933, 750, 720])
1	0.7715243013804263	0.791307254698359	([149, 54], [165, 149, 54])
1	0.7644761796518548	0.7913609435788378	([694, 9], [865, 843, 390])
1	0.7746181853130187	0.7914220033953735	([308, 13], [308, 283, 197])
1	0.7886321841702558	0.7914518347691688	([765, 635], [765, 698, 635])
1	0.7817430028367947	0.7915227675310391	([402, 0], [465, 402, 391])
1	0.7884087014693428	0.7915860097694177	([935, 819], [935, 826, 819])
1	0.6572970736357815	0.7915927707199699	([928, 248], [608, 595, 447])
1	0.7458529282813035	0.7916084716567948	([792, 614], [792, 767, 728])
1	0.7563780714719982	0.7916783979863943	([764, 199], [764, 199, 18])
1	0.7729844549651053	0.7917854097142701	([474, 275], [474, 380, 275])
1	0.7749462289655303	0.791796744248562	([921, 10], [925, 413, 283])
1	0.7823260916198427	0.7917974324654649	([592, 195], [592, 208, 195])
1	0.6889928213807199	0.7918402385859105	([675, 20], [550, 272, 260])
1	0.7558561895957425	0.7918573222408938	([853, 720], [853, 826, 720])
1	0.7791745726822342	0.7919337800494257	([700, 547], [700, 617, 547])
1	0.7584792059924894	0.7919561393271524	([865, 390], [932, 865, 848])
1	0.7739201020943703	0.792125688296969	([281, 237], [281, 237, 26])
1	0.790017365540853	0.7921331160786669	([737, 385], [737, 695, 641])
1	0.7851560069740258	0.7921718769452858	([660, 487], [660, 625, 615])
1	0.7817812270023509	0.792174352909022	([784, 442], [784, 762, 747])
1	0.7787131879679144	0.7921858121222773	([798, 641], [798, 777, 641])
1	0.7763528581311323	0.7921858121222773	([918, 641], [918, 777, 641])
1	0.776645531642826	0.7923136180332465	([856, 736], [856, 776, 736])
1	0.7638200883531173	0.7923568255765484	([545, 5], [547, 545, 2])
1	0.7880371920245903	0.7923793532576237	([644, 520], [644, 551, 520])
1	0.7631411324295916	0.7924373081522518	([935, 23], [940, 928, 23])
1	0.7587308737157585	0.7925152581447101	([923, 701], [932, 898, 643])
1	0.783878807188454	0.7926043168710194	([481, 267], [495, 481, 267])
1	0.7788658623045042	0.7926781157478999	([564, 5], [564, 545, 530])
1	0.7852913092376123	0.7926967231770795	([464, 365], [478, 464, 365])
1	0.731514550863953	0.7927007875076606	([381, 210], [393, 381, 201])
1	0.7678379119111125	0.7927931692987831	([562, 387], [562, 474, 387])
1	0.7858787169596326	0.7928170436495727	([757, 501], [757, 540, 501])
1	0.7762871191319176	0.7928528109505901	([848, 617], [848, 700, 682])
1	0.7866762312853864	0.7928558900476974	([763, 476], [922, 763, 592])
1	0.7872650577288934	0.7929276668116763	([730, 443], [758, 730, 443])
1	0.7635187164005275	0.7929606189384395	([643, 461], [461, 354, 353])
1	0.790196816912402	0.7929667262702592	([441, 77], [441, 354, 77])
1	0.7827735597580588	0.7929690591314036	([470, 200], [470, 382, 200])
1	0.768610549424018	0.7930443855375962	([787, 658], [832, 787, 773])
1	0.7848230671758513	0.7931250678747744	([409, 318], [411, 409, 318])
1	0.7368804333599278	0.7931407665547128	([606, 47], [606, 280, 47])
1	0.7856852543226834	0.793226886765869	([902, 800], [941, 902, 866])
1	0.752334950591756	0.7934257263890272	([772, 660], [772, 726, 660])
1	0.7840424053458787	0.7934958556020459	([936, 782], [949, 936, 806])
1	0.7875485332045605	0.7935002754489289	([721, 614], [721, 664, 614])
1	0.7866608319986441	0.7935360508700957	([696, 210], [696, 210, 1])
1	0.7546471078481501	0.7935494259964223	([536, 417], [550, 423, 411])
1	0.7057006903419296	0.7935494259964223	([697, 550], [697, 550, 423])
1	0.7844782230880534	0.7938541639165689	([934, 721], [934, 924, 734])
1	0.7769428421157379	0.7938548210720002	([289, 191], [289, 266, 246])
1	0.7853197217408241	0.7938859526187042	([365, 148], [365, 148, 76])
1	0.7819664670542059	0.7939092258207098	([502, 398], [502, 427, 398])
1	0.7411937589222846	0.7939938153593452	([765, 277], [764, 277, 199])
1	0.7362762948562102	0.7941046552712595	([932, 384], [719, 702, 9])
1	0.765787125159719	0.7941046552712595	([925, 413], [925, 702, 9])
1	0.7882902341744751	0.7941531255876851	([729, 574], [729, 643, 592])
1	0.785975715717065	0.7942169014849756	([658, 496], [658, 596, 496])
1	0.7893100049292079	0.7943776485264423	([719, 266], [719, 283, 266])
1	0.792620094543126	0.7943776485264423	([763, 283], [763, 719, 283])
1	0.77638429316275	0.7944552777382631	([463, 326], [463, 415, 388])
1	0.7713379679571374	0.7946127727349062	([727, 550], [757, 745, 550])
1	0.7748059115337758	0.7946440308363484	([761, 542], [768, 761, 542])
1	0.778702223153412	0.7947807373086412	([735, 549], [735, 617, 541])
1	0.7875495126350364	0.7948227875271747	([375, 207], [375, 262, 260])
1	0.781551898180993	0.794855806920417	([770, 417], [770, 703, 417])
1	0.7746322097803902	0.7949877924635642	([637, 371], [637, 371, 280])
1	0.7207719687684211	0.794995688204687	([902, 759], [912, 902, 759])
1	0.7380404398766235	0.7951631709190453	([261, 95], [261, 207, 95])
1	0.776630126734379	0.7951830585493956	([835, 718], [835, 828, 713])
1	0.7527033521604019	0.7952727361879632	([415, 200], [415, 201, 200])
1	0.7648848087884358	0.795303115577359	([764, 561], [764, 606, 584])
1	0.781183688518821	0.7953188655396168	([891, 0], [923, 891, 730])
1	0.7817288636238106	0.7954040944975548	([927, 408], [927, 408, 17])
1	0.7934228345111795	0.7954443431154744	([385, 154], [385, 200, 154])
1	0.7762971986324941	0.795505473029814	([553, 13], [553, 549, 13])
1	0.7872220554587249	0.7955933309440115	([679, 569], [679, 658, 569])
1	0.7913989020119389	0.7956417158243693	([552, 82], [552, 518, 499])
1	0.7925291132724727	0.795647565536286	([478, 270], [478, 387, 285])
1	0.7851956187745044	0.7957111548762015	([567, 484], [567, 531, 500])
1	0.7431795121213054	0.7957259798395261	([698, 431], [719, 698, 474])
1	0.7730840190734966	0.7958152787768229	([447, 331], [447, 425, 331])
1	0.7594798211334002	0.7958834560614416	([825, 685], [825, 761, 699])
1	0.7497426982773419	0.7959201124080214	([365, 52], [365, 259, 243])
1	0.7960549837302637	0.796081619999191	([923, 543], [923, 543, 490])
1	0.7889267537017791	0.7960900836905189	([908, 810], [908, 872, 820])
1	0.7672598687867428	0.7961189248255113	([629, 396], [639, 636, 393])
1	0.7686608660678641	0.796170130184303	([260, 102], [260, 102, 65])
1	0.7118808039897896	0.796253713930556	([563, 1], [563, 414, 10])
1	0.743519881934827	0.796253713930556	([921, 563], [921, 563, 10])
1	0.7799663929318975	0.796374223348647	([743, 45], [784, 743, 722])
1	0.7514354309424185	0.7964453753916755	([263, 186], [282, 263, 186])
1	0.745136836744726	0.7964466312812464	([434, 129], [434, 415, 32])
1	0.7762821155097301	0.7964466312812464	([732, 32], [732, 434, 32])
1	0.7912041264371931	0.7964799663709231	([700, 12], [700, 547, 15])
1	0.7854054071010316	0.7964802338193436	([613, 25], [613, 541, 25])
1	0.7892449196106649	0.79653872048762	([513, 285], [513, 285, 259])
1	0.7873824453032575	0.7965526817225138	([532, 32], [536, 532, 32])
1	0.770191760912672	0.7965888196794857	([596, 332], [596, 378, 357])
1	0.7829403051235964	0.7966035976302581	([929, 423], [929, 738, 423])
1	0.7912983580913332	0.796661198546145	([624, 10], [643, 624, 589])
1	0.7939346281757097	0.7966847816452072	([496, 260], [496, 444, 260])
1	0.7832524623115872	0.7967936275518419	([550, 76], [550, 411, 365])
1	0.79267905020021	0.796803721423842	([740, 557], [773, 740, 557])
1	0.7805737235656279	0.7969376284116527	([410, 196], [410, 335, 260])
1	0.7514004767654697	0.796974384203433	([649, 393], [603, 592, 563])
1	0.7661449793424622	0.797083946480137	([569, 451], [573, 569, 451])
1	0.7782024922567647	0.7971731343098837	([698, 279], [698, 279, 34])
1	0.7394566193973757	0.7971731343098837	([917, 34], [949, 698, 34])
1	0.7762206910810855	0.7973133031664665	([780, 612], [743, 646, 612])
1	0.7337617382553179	0.7973434798872548	([547, 2], [564, 379, 40])
1	0.7093963779413326	0.7974298003682934	([927, 18], [927, 917, 846])
1	0.7865852035461911	0.7975085702691387	([572, 412], [572, 511, 412])
1	0.781733410665419	0.797605038315723	([628, 415], [628, 596, 589])
1	0.7591590732882115	0.7976735656817528	([493, 327], [483, 475, 327])
1	0.7695733373728054	0.7977298260914945	([523, 378], [523, 445, 415])
1	0.7931090479761738	0.7977590537803471	([626, 543], [626, 598, 535])
1	0.7848325898632822	0.797812859483622	([726, 383], [751, 726, 383])
1	0.6652814449112342	0.7978226160123006	([599, 246], [620, 599, 576])
1	0.741998177911218	0.7978474874778165	([582, 437], [609, 559, 433])
1	0.7881114039419355	0.7978474874778165	([641, 433], [641, 609, 433])
1	0.7833804617798695	0.7978564042321387	([475, 278], [475, 414, 278])
1	0.7268918127504481	0.7978633432929048	([544, 17], [548, 408, 355])
1	0.710080940905199	0.7978720969852959	([563, 266], [563, 266, 12])
1	0.7723172225545216	0.7979397671962194	([948, 613], [948, 945, 613])
1	0.7489101106527317	0.7979423004831925	([262, 211], [262, 211, 191])
1	0.7846811542051905	0.7979976726328197	([808, 686], [808, 736, 686])
1	0.7932943836860427	0.7980107244990853	([449, 311], [449, 440, 311])
1	0.7968793681454257	0.7980256660952606	([639, 432], [639, 619, 439])
1	0.7890585286509315	0.7980256660952606	([706, 439], [706, 639, 439])
1	0.7862727394942207	0.7982058831437876	([787, 691], [787, 700, 691])
1	0.79316235834647	0.7982399342412437	([739, 382], [930, 739, 382])
1	0.7586996128656959	0.7982399342412437	([917, 382], [930, 917, 382])
1	0.7727270154070741	0.798273492819105	([838, 47], [838, 607, 47])
1	0.7854393604417889	0.7982796748789472	([818, 696], [818, 716, 709])
1	0.7951644721905393	0.798347593965105	([602, 363], [643, 602, 498])
1	0.7930740801189048	0.79838876078215	([931, 14], [931, 654, 47])
1	0.7884609265918029	0.7983940629878902	([486, 27], [563, 486, 27])
1	0.7487645906852315	0.7984463754226738	([923, 513], [923, 699, 543])
1	0.781787741906489	0.7984499217029076	([492, 35], [541, 492, 35])
1	0.7865754580575541	0.7984879226186721	([228, 9], [241, 228, 9])
1	0.7762330545274488	0.7985352762295153	([278, 178], [278, 243, 225])
1	0.7776555263149786	0.7985973421749204	([921, 598], [921, 639, 634])
1	0.725947956065004	0.7985973421749204	([921, 639], [921, 728, 634])
1	0.7965767551600845	0.798654410272569	([891, 22], [891, 848, 801])
1	0.7843348270465352	0.7986576684756707	([541, 350], [541, 438, 350])
1	0.742394035098828	0.7986870848888604	([929, 11], [929, 738, 11])
1	0.7847243838742868	0.7986899773689883	([567, 459], [593, 567, 459])
1	0.7898010307751044	0.7987689633517743	([732, 633], [755, 732, 633])
1	0.7627335612527008	0.7988213982805134	([762, 269], [762, 273, 25])
1	0.7523412237101729	0.7988213982805134	([759, 39], [762, 759, 25])
1	0.7928131972895821	0.7988635287178679	([637, 525], [637, 575, 568])
1	0.7626286705873034	0.7988700930695748	([558, 269], [558, 433, 432])
1	0.7652271319855487	0.7990778705887192	([562, 263], [562, 513, 263])
1	0.7821823401252875	0.7990985392938941	([922, 476], [922, 506, 476])
1	0.7954502219962708	0.7992541455293142	([457, 77], [457, 354, 343])
1	0.7667417340865893	0.7993684983512322	([761, 568], [761, 593, 568])
1	0.7802585768455185	0.7994091037362351	([523, 336], [523, 415, 390])
1	0.7885228417873966	0.7994277410251631	([564, 463], [564, 560, 453])
1	0.7691849893183771	0.7994504979339866	([649, 519], [534, 519, 393])
1	0.7990055524982999	0.7996216700935729	([601, 412], [605, 601, 412])
1	0.7683451204306726	0.7997444575512134	([388, 22], [388, 387, 22])
1	0.7664652220891751	0.7997663960566301	([354, 50], [441, 77, 34])
1	0.7805449307551782	0.7997768748893277	([440, 261], [450, 261, 25])
1	0.6597071031467081	0.7998630930384926	([690, 246], [723, 690, 664])
1	0.7938940275696176	0.7998644394477586	([476, 125], [476, 445, 207])
1	0.7961347492795309	0.7998649094051082	([327, 216], [330, 327, 213])
1	0.7933419720329354	0.7998664171855429	([906, 729], [942, 906, 729])
1	0.7908210989745086	0.7998737650383787	([924, 522], [927, 924, 522])
1	0.7637996394029667	0.7999491350318676	([921, 87], [921, 87, 0])
1	0.7313703937780318	0.799968443838072	([767, 435], [767, 698, 431])
1	0.7840818705964995	0.8000298371211245	([922, 30], [922, 760, 752])
1	0.7966648684870724	0.800085593630679	([742, 619], [742, 668, 650])
1	0.7759765110583822	0.8000976685000502	([472, 19], [472, 382, 1])
1	0.787869101809613	0.8000976685000502	([463, 1], [472, 463, 1])
1	0.7762639472892322	0.800218635041068	([783, 673], [783, 747, 724])
1	0.7574147203726166	0.8003155711592769	([517, 47], [517, 379, 367])
1	0.7845781987216066	0.8003155711592769	([503, 367], [517, 503, 367])
1	0.7692644046395888	0.8003393505623221	([423, 287], [423, 339, 290])
1	0.7869259865657086	0.8004125566963205	([925, 154], [925, 617, 128])
1	0.7956220894107158	0.8004170793620202	([411, 27], [411, 67, 27])
1	0.7877604735618163	0.8004410702396354	([766, 207], [766, 695, 34])
1	0.7547408509802124	0.8005175138114091	([642, 48], [760, 642, 3])
1	0.799112711148264	0.8006069833517857	([757, 203], [931, 757, 203])
1	0.7754132213207857	0.8006069833517857	([654, 47], [932, 931, 203])
1	0.7473293336375599	0.800660817406372	([549, 284], [549, 414, 284])
1	0.7551151467815742	0.800660817406372	([926, 284], [926, 414, 284])
1	0.7648776393137035	0.8006618255203041	([802, 45], [946, 926, 802])
1	0.7751342311629829	0.8006950830178132	([599, 408], [637, 408, 391])
1	0.7808869691257007	0.8007082555843054	([643, 363], [602, 548, 435])
1	0.7972295519441007	0.8007300633822206	([774, 604], [774, 720, 604])
1	0.7958022788907237	0.800782086141292	([600, 460], [600, 593, 460])
1	0.8004359122447651	0.8007858047536704	([621, 517], [621, 604, 589])
1	0.7296626614565493	0.8008382008160249	([499, 0], [447, 276, 261])
1	0.7406352908444179	0.8008777779647669	([719, 194], [719, 266, 194])
1	0.7876354760689709	0.8010463858494038	([329, 206], [337, 329, 206])
1	0.751990471789138	0.801112003628676	([578, 477], [578, 546, 469])
1	0.783265307777746	0.801129628900224	([947, 722], [947, 758, 733])
1	0.7622142624609877	0.801142642084945	([559, 380], [593, 555, 380])
1	0.7965208938577897	0.8011910814349228	([946, 736], [946, 863, 769])
1	0.7716330342471522	0.8012019154261211	([504, 282], [504, 381, 282])
1	0.7977338236805033	0.8012021842816771	([803, 675], [803, 772, 675])
1	0.7916269414159663	0.8012029296113827	([537, 7], [551, 29, 26])
1	0.781249452913852	0.8012029296113827	([610, 26], [596, 551, 29])
1	0.7816038390116855	0.8013347356805166	([782, 433], [922, 782, 761])
1	0.8011207707955338	0.801368404548159	([757, 33], [757, 33, 29])
1	0.7846031410461077	0.801368404548159	([918, 29], [918, 757, 29])
1	0.7907224226167441	0.8014033999918045	([402, 207], [402, 394, 207])
1	0.7667083228767052	0.8015043829675461	([935, 550], [928, 923, 550])
1	0.7995843998595673	0.801516410243056	([579, 410], [720, 579, 410])
1	0.7882646779247032	0.801516410243056	([720, 391], [720, 672, 410])
1	0.7830492284859005	0.8015615743697126	([823, 712], [845, 823, 764])
1	0.7734318705944965	0.8015637842480147	([702, 382], [702, 382, 266])
1	0.7710505353987334	0.8015637842480147	([645, 260], [702, 563, 266])
1	0.7836249599404868	0.8015725376187264	([713, 541], [734, 713, 541])
1	0.7808464815400132	0.8016078700981574	([880, 196], [927, 849, 196])
1	0.8006873492892516	0.8017133080234233	([729, 527], [729, 659, 527])
1	0.7659713407192125	0.8017679302632772	([919, 540], [919, 918, 607])
1	0.7924233543056658	0.8019329379448944	([594, 471], [594, 504, 434])
1	0.7925338521226581	0.8019329379448944	([624, 434], [625, 594, 434])
1	0.7873815879484966	0.8019688708754779	([309, 186], [309, 282, 259])
1	0.7858162298148764	0.8020217734427255	([617, 128], [925, 385, 283])
1	0.7995338748394891	0.8020249309855672	([697, 470], [699, 697, 470])
1	0.7455976426398538	0.8020625102022771	([950, 398], [950, 398, 42])
1	0.775666566744932	0.8020859192982001	([545, 366], [545, 456, 366])
1	0.787642131897339	0.8021877230158434	([393, 76], [393, 201, 76])
1	0.7916857891318597	0.802212576298679	([685, 597], [720, 685, 647])
1	0.7910606964403246	0.8022617182183827	([920, 201], [920, 201, 0])
1	0.7812928646250418	0.802288511637829	([940, 553], [948, 940, 559])
1	0.7603519894649309	0.8023591774524554	([918, 607], [918, 607, 436])
1	0.7857877716081295	0.8024573522752776	([636, 489], [636, 545, 489])
1	0.7768589041850429	0.80260849242701	([547, 321], [547, 321, 283])
1	0.7863649608651267	0.80262751887465	([875, 691], [875, 791, 787])
1	0.7908326464186352	0.8026906957307475	([594, 333], [594, 547, 321])
1	0.7645569263711349	0.8027002249712113	([765, 192], [765, 762, 192])
1	0.8021474525554539	0.8028329313742483	([510, 315], [514, 510, 315])
1	0.7592683661776919	0.8028387038976784	([615, 15], [620, 604, 15])
1	0.772283371495814	0.8028800256655318	([643, 383], [762, 751, 273])
1	0.7502547827327767	0.8030131676069684	([514, 297], [514, 297, 272])
1	0.7977645828608988	0.8030355683879922	([398, 61], [398, 314, 308])
1	0.7940497711516608	0.8030507926561415	([542, 68], [542, 68, 21])
1	0.7736065352394286	0.8031524076845671	([928, 129], [928, 129, 89])
1	0.7627769375425071	0.803172132105963	([927, 542], [927, 925, 542])
1	0.8003768537562781	0.8031855947382468	([740, 477], [928, 795, 740])
1	0.7874954430594721	0.8032601051109911	([868, 608], [924, 868, 848])
1	0.6792552542386275	0.8033343230347239	([403, 46], [403, 387, 42])
1	0.7978235721878555	0.8033530227531132	([893, 765], [893, 867, 765])
1	0.7711579548065204	0.8033721882216963	([418, 210], [444, 210, 15])
1	0.7735726022061605	0.8034602876815393	([920, 619], [920, 644, 638])
1	0.7901587796372818	0.8034602876815393	([874, 644], [920, 889, 644])
1	0.7828570197726455	0.8034694534512449	([437, 87], [437, 87, 32])
1	0.7882035203607638	0.8035026468910215	([531, 345], [572, 506, 345])
1	0.8017565805813891	0.8035368884877649	([928, 192], [928, 192, 129])
1	0.789257516283489	0.8036009237777265	([795, 126], [920, 498, 126])
1	0.7960909167000104	0.8036009237777265	([919, 126], [920, 919, 126])
1	0.782433481718479	0.8036104035823549	([516, 333], [516, 444, 384])
1	0.8024713716869436	0.8036626208867363	([269, 156], [269, 267, 156])
1	0.7697492419668658	0.8036634028915799	([445, 207], [445, 375, 292])
1	0.7627385312138903	0.8036833274033928	([552, 6], [607, 540, 47])
1	0.7860872375877895	0.8037702459809816	([386, 0], [386, 383, 0])
1	0.7934336308512049	0.803837072833961	([752, 567], [752, 647, 583])
1	0.7843906475824062	0.8039297836932549	([370, 224], [399, 370, 245])
1	0.7797925538108346	0.8039297836932549	([323, 245], [399, 387, 245])
1	0.7617619986539513	0.8040077317740816	([640, 272], [640, 550, 541])
1	0.7958505926189503	0.8040318186286176	([470, 334], [470, 403, 347])
1	0.7986873815117115	0.80405355916338	([920, 397], [926, 920, 378])
1	0.7854653949308051	0.8040706214298742	([869, 278], [928, 869, 278])
1	0.7772751337750609	0.8041208421516602	([387, 245], [359, 323, 245])
1	0.7882030768075114	0.8041455334670289	([872, 689], [922, 872, 689])
1	0.7863957891179574	0.8041915991124359	([816, 633], [853, 816, 633])
1	0.7928273644226788	0.8042316489574144	([906, 37], [946, 906, 802])
1	0.7808736794195231	0.8042355013328027	([805, 600], [805, 760, 593])
1	0.7828029394202913	0.8042940446101069	([795, 66], [795, 126, 41])
1	0.7663662821647041	0.8043026284804233	([949, 58], [949, 264, 58])
1	0.7858104407300968	0.8043063127218053	([407, 124], [431, 407, 359])
1	0.7857361777731666	0.8043234551575479	([773, 582], [773, 719, 575])
1	0.7929953903608864	0.8043711864412568	([623, 416], [623, 608, 430])
1	0.7835951671974379	0.8043750157945069	([308, 89], [308, 197, 131])
1	0.794691497292135	0.8043928671639708	([733, 381], [836, 758, 733])
1	0.7693283013478095	0.8044011973665092	([948, 559], [927, 553, 542])
1	0.7941756846127889	0.8044593953017378	([618, 429], [618, 592, 429])
1	0.8018566133444991	0.8045108629722356	([309, 221], [309, 221, 196])
1	0.7671804013876549	0.8045513996518431	([719, 399], [719, 399, 385])
1	0.786748180897329	0.8045513996518431	([571, 385], [719, 571, 385])
1	0.790174921248876	0.8045824940130707	([375, 83], [375, 59, 47])
1	0.8027869030199435	0.8045954751515362	([588, 443], [606, 588, 443])
1	0.8037654035782283	0.8046358512808224	([500, 369], [522, 500, 369])
1	0.7806753251484608	0.8047196391074974	([572, 426], [572, 465, 447])
1	0.7901908956524004	0.8047200389517832	([677, 565], [677, 660, 629])
1	0.7916742412529136	0.8047245348287363	([932, 430], [932, 430, 405])
1	0.793259271352298	0.8047663500297151	([510, 361], [510, 390, 366])
1	0.7442876040697051	0.8048839147593381	([921, 354], [921, 563, 543])
1	0.7729242358860574	0.8049866775391877	([296, 88], [296, 286, 73])
1	0.8000463282087895	0.805064643258547	([716, 477], [740, 716, 651])
1	0.7781401347887553	0.8050759992548291	([661, 493], [661, 650, 493])
1	0.7706782102297275	0.8050839939702411	([836, 381], [733, 677, 376])
1	0.784773174459162	0.8051402118961957	([728, 282], [728, 541, 282])
1	0.7665606922263428	0.8051701485629443	([929, 280], [929, 719, 280])
1	0.8023555764179846	0.8052250859849175	([911, 623], [911, 623, 603])
1	0.7499976817607086	0.8052370909745329	([551, 243], [551, 243, 29])
1	0.7649334619767316	0.8053113911281791	([759, 384], [759, 412, 384])
1	0.7924868401607761	0.8053595352452562	([554, 270], [554, 436, 270])
1	0.7819301392665959	0.8054502845216336	([672, 410], [720, 659, 641])
1	0.7997420650297599	0.8055088174753083	([631, 421], [638, 631, 421])
1	0.8030888586401352	0.8055145151124313	([613, 463], [613, 512, 463])
1	0.7542604421826345	0.8055325113802757	([666, 506], [666, 545, 541])
1	0.7808551675975954	0.8055734630521753	([890, 740], [932, 890, 740])
1	0.7723193115117756	0.8056462875390863	([714, 601], [714, 702, 601])
1	0.7532555685658738	0.8057494713873568	([564, 130], [564, 130, 87])
1	0.8052327404189547	0.8058170073663865	([749, 264], [760, 749, 264])
1	0.8045617579915016	0.8058374079163073	([697, 262], [915, 886, 262])
1	0.7881151737035857	0.8058640926570965	([772, 637], [772, 765, 637])
1	0.7937983387641362	0.8058882007400157	([525, 334], [532, 525, 300])
1	0.778883853156208	0.8059146817689933	([424, 31], [406, 292, 279])
1	0.7844859689728401	0.8059948672761518	([381, 72], [381, 191, 80])
1	0.7963948067341821	0.8060178401622524	([867, 470], [867, 816, 592])
1	0.7800170612423784	0.8060539184856907	([928, 439], [928, 477, 439])
1	0.7882782164457679	0.8060555247895591	([497, 307], [497, 431, 298])
1	0.8005823749244233	0.8060555247895591	([515, 298], [515, 497, 298])
1	0.7806328009387791	0.8060999074012832	([853, 614], [816, 633, 618])
1	0.7883758678108252	0.8061256950589376	([703, 76], [703, 76, 24])
1	0.8059582419027066	0.8061489698524894	([942, 26], [942, 941, 26])
1	0.7491468900844981	0.8061918314077777	([909, 716], [916, 909, 716])
1	0.7724854375278749	0.8062052608639156	([697, 590], [697, 666, 590])
1	0.7738927265096255	0.806264967867037	([384, 81], [384, 275, 81])
1	0.7951704099447552	0.8063407398515832	([629, 490], [629, 627, 490])
1	0.8050844625029667	0.8064760477252434	([949, 383], [949, 383, 277])
1	0.7958306089839137	0.8065111302067105	([633, 419], [633, 555, 419])
1	0.7831465449230083	0.8065349562757534	([521, 406], [521, 456, 431])
1	0.7922998222190052	0.8065632828168164	([634, 106], [634, 542, 106])
1	0.7766720572044723	0.8066351175570483	([700, 419], [701, 700, 419])
1	0.7874321317212083	0.8066863477619562	([330, 210], [330, 298, 210])
1	0.7880628181823981	0.80670202674511	([926, 199], [926, 387, 378])
1	0.8029134654015869	0.8067974380566796	([440, 30], [440, 417, 30])
1	0.6642742329489203	0.806798703256057	([466, 246], [525, 475, 466])
1	0.7730656804970242	0.8068130496206483	([930, 447], [930, 447, 436])
1	0.7544088572754637	0.8068171764829817	([677, 376], [733, 729, 432])
1	0.7926842254361491	0.806888226837091	([909, 642], [909, 716, 693])
1	0.8027678477428491	0.8070270781877098	([886, 262], [699, 697, 262])
1	0.7705678132747473	0.8070384630543999	([759, 280], [759, 719, 703])
1	0.8038817034914971	0.8070464456217405	([451, 29], [451, 439, 29])
1	0.7968527133716018	0.8070971199678836	([900, 610], [900, 748, 722])
1	0.7811428216259498	0.8070971199678836	([888, 722], [900, 888, 722])
1	0.7732698095301678	0.8071954600253737	([363, 237], [363, 323, 237])
1	0.7687605428345887	0.8072673791995906	([928, 477], [755, 740, 477])
1	0.8016436844947087	0.8074165011515937	([593, 340], [593, 375, 340])
1	0.7988014826629523	0.8074251587620231	([814, 632], [814, 632, 596])
1	0.674955482714515	0.8074487481977114	([773, 46], [943, 773, 748])
1	0.7886256595212474	0.8074527300166982	([726, 422], [726, 599, 422])
1	0.764133240848043	0.8074717781580294	([520, 359], [520, 458, 431])
1	0.8044970881360758	0.8074953187628323	([926, 130], [926, 384, 130])
1	0.7880852171892418	0.8074975183217519	([642, 125], [642, 444, 210])
1	0.8051022240483481	0.8075114439844772	([389, 231], [389, 354, 66])
1	0.7989961623335635	0.8075143388603927	([785, 638], [785, 740, 638])
1	0.8074169591968777	0.8075303917995907	([690, 383], [726, 711, 383])
1	0.8028382519148777	0.8075344956935581	([673, 474], [673, 617, 487])
1	0.791644486699215	0.8075592289726966	([333, 88], [333, 270, 88])
1	0.8003252454116315	0.8076337087199476	([432, 26], [432, 423, 26])
1	0.8050639648650232	0.807704153051479	([705, 554], [705, 699, 554])
1	0.7954213338577819	0.8079133372394258	([794, 548], [794, 628, 562])
1	0.7774555692262141	0.8079133372394258	([797, 562], [797, 794, 562])
1	0.782556990585652	0.8080145786941363	([839, 714], [839, 787, 770])
1	0.7986455134557738	0.808027222522994	([426, 172], [445, 426, 172])
1	0.805502202414054	0.8080300926321373	([852, 636], [852, 707, 636])
1	0.7958809223704084	0.8080704131615355	([795, 498], [920, 915, 498])
1	0.7892059301839207	0.808113997027258	([338, 134], [338, 134, 84])
1	0.7952228910356675	0.8081686740976424	([866, 629], [866, 853, 629])
1	0.7672901723902847	0.8082502265132354	([732, 434], [750, 732, 434])
1	0.8030433755443109	0.8082741677959336	([938, 564], [938, 564, 548])
1	0.8029319806176336	0.8083178488090034	([644, 457], [644, 457, 445])
1	0.7984376176407987	0.8084463707417338	([773, 374], [773, 705, 679])
1	0.7977453867860124	0.8085222532432281	([679, 261], [719, 679, 261])
1	0.792092625461918	0.8085586838709026	([757, 424], [757, 592, 414])
1	0.7696481644138997	0.8086155881429408	([576, 259], [576, 538, 524])
1	0.7603576756237278	0.8086645632345352	([924, 555], [924, 719, 551])
1	0.7834778229247623	0.8086997779964666	([667, 48], [695, 667, 48])
1	0.8048160140969807	0.8087821768893804	([374, 115], [381, 374, 220])
1	0.7873843444430881	0.8087995365529472	([525, 261], [525, 504, 261])
1	0.7688465192543043	0.8088958510040132	([383, 136], [383, 136, 49])
1	0.7876240961078853	0.8088995624268438	([658, 259], [658, 496, 259])
1	0.8007437101121593	0.8089057466224303	([340, 225], [340, 305, 259])
1	0.7995109693035121	0.8089771455611848	([446, 36], [446, 439, 36])
1	0.7844814509460326	0.8091514616368395	([302, 133], [302, 261, 91])
1	0.807814433750484	0.8091569361275747	([458, 272], [514, 458, 383])
1	0.78630632607734	0.8091661341715722	([659, 69], [697, 659, 7])
1	0.7978773145546934	0.8091729123570596	([520, 15], [639, 604, 15])
1	0.8005168035754442	0.8091791366219266	([744, 522], [744, 716, 522])
1	0.8021913136552143	0.8091972865077641	([926, 503], [926, 608, 533])
1	0.7957103858868512	0.8092478484659096	([338, 222], [338, 259, 222])
1	0.8050738048796506	0.8092520708074644	([717, 204], [719, 717, 204])
1	0.8020678622277214	0.8092520708074644	([778, 204], [778, 719, 204])
1	0.8075215114620015	0.8092520708074644	([917, 204], [917, 719, 204])
1	0.8002374721318811	0.8093371259929864	([608, 374], [617, 608, 374])
1	0.7956216617033236	0.8093574428979231	([700, 473], [700, 560, 473])
1	0.7951333515609138	0.8094023120244757	([345, 214], [345, 263, 241])
1	0.7930040385655822	0.8095638721118141	([664, 531], [664, 609, 556])
1	0.7891554151993408	0.8095920984049775	([547, 242], [547, 541, 191])
1	0.757638780765101	0.8095930324255628	([474, 124], [407, 198, 124])
1	0.8006624838340046	0.8096807843883471	([687, 369], [687, 543, 522])
1	0.7915641435445392	0.8097065599737046	([915, 314], [915, 514, 297])
1	0.7422864716621446	0.8098117818953109	([841, 613], [881, 765, 758])
1	0.7687401063747037	0.809846563572527	([493, 204], [493, 381, 204])
1	0.8067759468110586	0.8098916678412016	([302, 222], [302, 273, 222])
1	0.7886274630592651	0.8098956388530814	([404, 243], [478, 404, 243])
1	0.8099448043347663	0.8099538466065882	([915, 91], [915, 91, 2])
1	0.800684062331758	0.8099546306217648	([548, 44], [548, 355, 44])
1	0.7395714870388416	0.8100017557863451	([915, 514], [920, 498, 397])
1	0.7982045215711333	0.8100058952341833	([926, 101], [926, 101, 19])
1	0.6686162610908803	0.8101853121545707	([560, 248], [560, 206, 18])
1	0.7933301770362744	0.8102089696931394	([705, 374], [705, 622, 608])
1	0.7372241752848556	0.8102243526393121	([844, 514], [844, 568, 514])
1	0.7792843818808401	0.810255895533107	([641, 65], [641, 615, 15])
1	0.8044241796662365	0.8103194742998321	([656, 39], [656, 642, 39])
1	0.7888586161183393	0.8103210556229031	([921, 369], [921, 369, 354])
1	0.7965016568370792	0.8103584565217596	([826, 625], [826, 642, 625])
1	0.8004918954290569	0.8104153109643419	([949, 212], [949, 212, 174])
1	0.8082143734928986	0.8104304119331291	([726, 464], [726, 724, 544])
1	0.773669052658974	0.8104753632409023	([537, 281], [537, 433, 412])
1	0.7875133443367277	0.8104788215197692	([546, 279], [546, 541, 279])
1	0.8068634488321974	0.8105040619991759	([580, 418], [580, 432, 418])
1	0.8047485263955929	0.8105239651095626	([852, 443], [852, 843, 443])
1	0.7991921426833006	0.8105305466393519	([563, 121], [563, 266, 121])
1	0.7923039631165869	0.8105389284856253	([941, 395], [950, 939, 445])
1	0.7678634695463795	0.8105395650794986	([938, 516], [938, 933, 565])
1	0.8013259594082416	0.8105556671700238	([597, 264], [597, 381, 216])
1	0.7550706214390319	0.8105915410423528	([932, 32], [932, 696, 390])
1	0.8101537882615091	0.8106212040983249	([369, 235], [369, 267, 260])
1	0.7803770418073706	0.8106747993726655	([765, 526], [765, 719, 698])
1	0.8031341355764022	0.8107430701803371	([707, 338], [707, 687, 338])
1	0.8024640347924319	0.8108651516335489	([761, 37], [761, 380, 37])
1	0.7755981163564598	0.8108719952948829	([917, 501], [917, 541, 501])
1	0.7894929769658148	0.8109232273333781	([532, 360], [532, 387, 360])
1	0.8043433193293068	0.8109290701772521	([887, 708], [887, 743, 705])
1	0.8086431945571828	0.8109374129830819	([697, 507], [697, 550, 538])
1	0.8032743988807529	0.810948282857636	([748, 532], [750, 748, 532])
1	0.7408873263958228	0.8109879378267525	([735, 11], [735, 732, 11])
1	0.8040722562721694	0.8110141456926695	([685, 558], [685, 653, 558])
1	0.8046121447354762	0.8110661747956427	([534, 352], [534, 421, 352])
1	0.7998244958658703	0.8110825999077773	([814, 661], [814, 723, 661])
1	0.7826085871481014	0.8111366072841149	([602, 262], [640, 608, 262])
1	0.7788887039652473	0.81116827900287	([532, 300], [525, 470, 403])
1	0.7852889581809107	0.811189072965527	([697, 13], [726, 697, 7])
1	0.8055985941334662	0.811219589719434	([659, 304], [702, 659, 266])
1	0.8005152096633142	0.8112239334788199	([417, 61], [445, 417, 61])
1	0.8112230962159669	0.8112964043641764	([907, 440], [909, 907, 440])
1	0.7969665292833942	0.8114518156312688	([768, 245], [768, 741, 245])
1	0.807736457197897	0.8115046879272925	([833, 648], [833, 737, 648])
1	0.7628296731610412	0.8115428544686942	([635, 263], [637, 635, 280])
1	0.7947612256237131	0.8116474620755116	([769, 516], [769, 602, 516])
1	0.7922428938745235	0.8116476959591584	([630, 503], [630, 610, 503])
1	0.8099381036883339	0.8116476959591584	([651, 503], [651, 610, 503])
1	0.805939046622201	0.8116661751247021	([688, 519], [688, 610, 494])
1	0.8108898405063886	0.8117383754699695	([837, 630], [837, 795, 630])
1	0.7891937605202365	0.8117397510136819	([916, 568], [916, 719, 514])
1	0.7912629001340828	0.8118047821432335	([762, 520], [920, 762, 520])
1	0.8029988876046386	0.8118532303254625	([273, 92], [273, 92, 84])
1	0.7891464655885477	0.8118688216431841	([581, 21], [581, 564, 21])
1	0.7823491074087287	0.8118771171069535	([641, 268], [641, 595, 268])
1	0.7854336201839198	0.8118829792121081	([500, 337], [500, 416, 403])
1	0.6765332972130916	0.8120480160127584	([332, 248], [449, 326, 311])
1	0.7574383255751725	0.8121366958107559	([614, 407], [614, 593, 407])
1	0.7666649838326342	0.8121550082019908	([711, 537], [711, 705, 537])
1	0.8014860463465968	0.8121591513379464	([371, 108], [371, 238, 133])
1	0.7935953552367764	0.8121591513379464	([371, 238], [371, 365, 133])
1	0.8088501689966378	0.8122562588063224	([326, 116], [326, 273, 66])
1	0.7948500728227277	0.8123150544027249	([807, 265], [807, 390, 265])
1	0.8058158938528077	0.8123179430755265	([869, 13], [869, 23, 6])
1	0.7768244798926378	0.8123179430755265	([867, 6], [869, 867, 6])
1	0.8106257877789298	0.8124008295224009	([607, 272], [607, 379, 306])
1	0.8078472831505749	0.8124222727137268	([868, 419], [868, 444, 419])
1	0.6553294016777189	0.8124638312874114	([430, 248], [845, 592, 544])
1	0.8001211758757287	0.8125704756193372	([844, 108], [844, 592, 108])
1	0.8042040035624465	0.8125797817298334	([919, 231], [935, 919, 242])
1	0.8094903738455281	0.8125803828797248	([947, 514], [947, 763, 542])
1	0.7616685607474867	0.8125913823911625	([787, 559], [787, 745, 559])
1	0.7673131609698445	0.812625766995265	([550, 156], [550, 384, 276])
1	0.766416218627159	0.8126429905574624	([638, 438], [638, 605, 438])
1	0.8101802827171124	0.8126582006724441	([369, 117], [369, 205, 168])
1	0.7860944871579669	0.8127575763242105	([943, 529], [943, 940, 529])
1	0.7913528058365121	0.8127701171071027	([801, 22], [891, 865, 22])
1	0.7981563326201169	0.8127712349857067	([692, 572], [692, 674, 572])
1	0.8018174800687407	0.8128352097967303	([529, 340], [529, 340, 310])
1	0.7871658832155242	0.8129742310151521	([948, 714], [948, 778, 714])
1	0.7799591619670413	0.8129919364181392	([440, 245], [440, 406, 335])
1	0.7997524763660793	0.8130157038380992	([288, 216], [288, 243, 216])
1	0.8103929708411974	0.8130757845847807	([620, 370], [620, 552, 370])
1	0.8034131072384771	0.8130782460259464	([618, 347], [618, 593, 340])
1	0.8080605034054842	0.8130819070156011	([847, 652], [847, 736, 652])
1	0.7941474608474617	0.8130892250603584	([852, 18], [852, 847, 18])
1	0.8002742657814861	0.8131397248906737	([577, 243], [703, 669, 283])
1	0.7886033112563096	0.8131695498893856	([297, 209], [297, 269, 209])
1	0.7721298952726868	0.8132193932051789	([838, 607], [918, 887, 607])
1	0.8005387679781166	0.8132532160822842	([896, 630], [898, 896, 630])
1	0.6766066758775853	0.8132707578647524	([891, 248], [928, 891, 248])
1	0.8087409625304224	0.8133077832257642	([777, 432], [777, 719, 432])
1	0.7638152314042644	0.8133351547151658	([922, 506], [922, 476, 442])
1	0.8102164837441772	0.81346206867538	([673, 368], [673, 617, 368])
1	0.7991965170342491	0.8134725631176033	([800, 654], [931, 823, 785])
1	0.7781746925042388	0.8135814257425809	([720, 192], [720, 410, 192])
1	0.7912301936697433	0.8135917106295234	([868, 444], [868, 747, 719])
1	0.8018481925546255	0.8136323921693526	([587, 32], [587, 283, 282])
1	0.8129485290764269	0.8136323921693526	([624, 282], [624, 587, 282])
1	0.8029258462380486	0.8136400314432252	([725, 416], [725, 696, 416])
1	0.7942856191380125	0.8136506191378706	([947, 16], [947, 764, 542])
1	0.7631801398717097	0.813664915153294	([550, 200], [550, 284, 200])
1	0.7905307645697144	0.813691824777784	([756, 430], [756, 695, 553])
1	0.8131203956776916	0.8137131397663355	([616, 377], [616, 591, 377])
1	0.7982391104231206	0.8138071056474879	([820, 347], [825, 800, 423])
1	0.7739155222926095	0.8138258157454253	([932, 271], [932, 271, 259])
1	0.8110727048566567	0.8138399134910819	([659, 197], [659, 266, 199])
1	0.806828323958449	0.8138487624801679	([658, 443], [658, 496, 472])
1	0.7821126333046384	0.8138666718247407	([315, 230], [315, 286, 230])
1	0.8051935331965956	0.8139199578617347	([885, 803], [885, 851, 803])
1	0.7638445313516526	0.8140011063833854	([501, 358], [501, 388, 359])
1	0.7929542048105964	0.814007399572615	([759, 66], [759, 66, 39])
1	0.782161057176266	0.8140390363055824	([395, 94], [392, 106, 94])
1	0.8065118133306749	0.8140879176673007	([940, 637], [940, 772, 696])
1	0.8110453994689348	0.8140956624805171	([519, 371], [519, 465, 371])
1	0.7880605856657674	0.814113959456146	([754, 493], [784, 754, 493])
1	0.811826825612601	0.814113959456146	([804, 493], [804, 784, 493])
1	0.7982498512695626	0.8141573775168721	([290, 118], [290, 271, 259])
1	0.7867897061709975	0.81417102675318	([664, 41], [531, 415, 261])
1	0.78668418022066	0.8142620924396327	([745, 445], [745, 657, 445])
1	0.8130997638639299	0.8142717790837544	([735, 408], [735, 725, 408])
1	0.7720919310314934	0.8142741013723186	([848, 275], [848, 275, 33])
1	0.7538845473410323	0.8142741013723186	([848, 48], [914, 848, 33])
1	0.8011544724412086	0.8143028076798957	([748, 437], [748, 532, 437])
1	0.770862802009633	0.8143093362183644	([779, 644], [779, 753, 644])
1	0.8073614472581752	0.8143795636021445	([866, 604], [866, 802, 604])
1	0.8010376811055601	0.8144387979657319	([867, 49], [889, 867, 49])
1	0.7952542001664513	0.8144442178169576	([648, 511], [648, 616, 566])
1	0.8061350208988213	0.8144452513546814	([867, 634], [867, 634, 592])
1	0.7838462199176921	0.8145492841435047	([591, 376], [591, 529, 523])
1	0.7893359658506225	0.8146835583616446	([608, 81], [608, 81, 42])
1	0.8011810746099866	0.8146989083570774	([423, 242], [471, 283, 242])
1	0.81157245957915	0.8147170030119079	([611, 335], [611, 522, 335])
1	0.7878357822706024	0.8147636305508517	([628, 472], [628, 617, 472])
1	0.7435113490917648	0.8148350389651176	([555, 326], [555, 451, 326])
1	0.7920928607984961	0.8149236187025833	([866, 277], [866, 440, 277])
1	0.8052283983387631	0.8149586890371273	([502, 313], [502, 385, 349])
1	0.8040534286211768	0.8149606444044976	([643, 201], [643, 201, 0])
1	0.7785364261797036	0.8150063119869478	([592, 84], [592, 338, 291])
1	0.7430226717057534	0.8150069745809804	([366, 122], [414, 366, 122])
1	0.8090630489758692	0.8150388735672277	([940, 267], [940, 385, 267])
1	0.8136034223937461	0.8150439126936215	([938, 675], [938, 744, 727])
1	0.8113646498852185	0.8150547217969643	([929, 547], [929, 759, 547])
1	0.804159313664047	0.8150988759203648	([865, 242], [919, 865, 755])
1	0.7822849916825378	0.8151088343672973	([847, 36], [852, 764, 727])
1	0.7897667104026957	0.8151122875097861	([436, 217], [436, 363, 237])
1	0.8066513524319904	0.815246490667066	([936, 438], [936, 926, 438])
1	0.7985665724509161	0.815317359769197	([736, 279], [744, 736, 279])
1	0.7879099938463843	0.815323022728598	([689, 589], [689, 654, 632])
1	0.8058023169112146	0.8153508881432904	([843, 484], [843, 754, 493])
1	0.78752542391874	0.8153680054638835	([376, 114], [376, 191, 126])
1	0.8155268898338132	0.8155319029057175	([413, 233], [435, 413, 233])
1	0.8070762871442666	0.8155625000938078	([405, 123], [405, 378, 123])
1	0.8129133261943089	0.8155625000938078	([696, 123], [696, 378, 123])
1	0.803086513169684	0.8155756406106601	([689, 403], [701, 689, 403])
1	0.8135994902940926	0.8155866148043611	([697, 84], [697, 262, 87])
1	0.8007876023381975	0.8157024784117289	([465, 241], [465, 372, 371])
1	0.784973062734614	0.8157097345655201	([764, 450], [764, 450, 1])
1	0.8070360063470966	0.8157186231435618	([931, 92], [931, 273, 203])
1	0.8134799519536469	0.8157186231435618	([905, 273], [931, 905, 273])
1	0.8114104821191215	0.8157214155377336	([872, 422], [901, 872, 422])
1	0.8003978870121744	0.8157390031659658	([720, 349], [720, 391, 345])
1	0.8054106875099513	0.8157853836411436	([593, 143], [593, 240, 239])
1	0.8118143753302438	0.8157996554082658	([359, 85], [359, 347, 85])
1	0.8149967485256184	0.8159512860308029	([936, 62], [936, 62, 47])
1	0.8135535538708574	0.8159512860308029	([936, 28], [936, 248, 47])
1	0.8011462962378928	0.8160374496463857	([315, 177], [315, 230, 182])
1	0.7927823072531263	0.816039186374804	([919, 381], [919, 540, 381])
1	0.8086145218225336	0.8160562596099495	([736, 441], [736, 699, 408])
1	0.7964222521014113	0.8161304664635948	([495, 120], [495, 259, 123])
1	0.7951707149874627	0.8162353294934072	([886, 549], [886, 753, 549])
1	0.7888779881812393	0.8162453308743258	([411, 97], [411, 398, 97])
1	0.8144765207312641	0.8163280083475203	([793, 388], [793, 734, 388])
1	0.7604032278251621	0.8163900176217891	([547, 73], [547, 242, 87])
1	0.789598561887317	0.8164388503674216	([709, 500], [709, 638, 505])
1	0.8134408543167999	0.8166819468438635	([942, 421], [942, 775, 421])
1	0.812060141059409	0.8166965057508759	([855, 681], [855, 763, 757])
1	0.7886755594630944	0.8167016002092571	([929, 475], [929, 547, 502])
1	0.8144995263472233	0.8167390151235294	([296, 170], [296, 170, 152])
1	0.8064761195743332	0.8167450982024803	([332, 217], [332, 315, 87])
1	0.8060097768346433	0.8167474706312471	([596, 85], [596, 85, 66])
1	0.793137733253329	0.8167763127519186	([721, 530], [721, 675, 539])
1	0.8091029453093753	0.8167947818672929	([374, 187], [374, 275, 259])
1	0.8024147643128062	0.8168142514098802	([570, 388], [609, 570, 553])
1	0.8081239877931918	0.8168444072973097	([935, 587], [935, 587, 283])
1	0.7982278228877341	0.8168489612807036	([849, 540], [849, 833, 530])
1	0.8085216999764815	0.8168646814780984	([937, 642], [937, 725, 712])
1	0.7910294178594327	0.8168739665599508	([726, 131], [726, 699, 131])
1	0.8137077099431772	0.816930176958165	([824, 94], [824, 94, 44])
1	0.8079041191894764	0.8169596981294274	([767, 200], [767, 284, 283])
1	0.7804016817272051	0.8170481331597502	([743, 388], [793, 570, 564])
1	0.8061815764273123	0.817139760825689	([748, 335], [748, 437, 335])
1	0.7841592288937315	0.8171584326439707	([314, 61], [314, 274, 259])
1	0.7864365906592907	0.8172176411320735	([372, 183], [372, 315, 183])
1	0.8047480246868487	0.8172436753306943	([770, 292], [770, 417, 297])
1	0.7991703743555074	0.8173147682566876	([422, 193], [422, 376, 193])
1	0.8087818226367774	0.8173367750001874	([616, 261], [616, 572, 261])
1	0.7952034193767086	0.8173554758790343	([707, 523], [767, 523, 431])
1	0.7952972713848245	0.817366198201524	([815, 31], [837, 815, 733])
1	0.813195484477172	0.8173865334754951	([760, 482], [760, 597, 510])
1	0.8150775225591985	0.8174082344549666	([919, 431], [922, 919, 431])
1	0.7879525597320378	0.8174231927395245	([702, 441], [702, 696, 441])
1	0.8137050017671694	0.8174635267537658	([400, 74], [400, 270, 74])
1	0.8142419682678887	0.8175363892476246	([571, 311], [571, 385, 311])
1	0.7358464470383708	0.8175688467919312	([916, 281], [916, 697, 434])
1	0.8061998957181276	0.8176034174947283	([802, 413], [826, 802, 413])
1	0.7945015794639582	0.817660414142223	([441, 313], [441, 348, 335])
1	0.8045967083415932	0.8177053420940231	([941, 586], [945, 941, 586])
1	0.8149409852078922	0.8177563953305299	([840, 561], [866, 840, 561])
1	0.7881775546192967	0.8177739592026453	([344, 236], [344, 298, 283])
1	0.7988797869249893	0.8177796280745935	([578, 371], [578, 487, 469])
1	0.7549251000731685	0.8178143988248264	([716, 198], [716, 203, 23])
1	0.8016855550597581	0.8178275177525073	([901, 260], [920, 901, 260])
1	0.8119032378536505	0.8178965641172742	([931, 427], [931, 434, 427])
1	0.7918115335063696	0.8179986581396733	([634, 297], [634, 536, 417])
1	0.762145017063564	0.8180603549205462	([609, 45], [609, 72, 45])
1	0.7934611700623687	0.8180603549205462	([630, 131], [609, 131, 72])
1	0.8073001182063552	0.8180603549205462	([617, 72], [617, 609, 72])
1	0.8055666899546131	0.8180948811277328	([564, 344], [564, 546, 344])
1	0.8179949078114744	0.8182578648197767	([559, 16], [559, 551, 26])
1	0.7802213093423273	0.8183062971752573	([914, 399], [921, 914, 412])
1	0.7623074429713416	0.8183287622681171	([894, 508], [894, 548, 508])
1	0.8177251524277188	0.8183557830913544	([534, 245], [588, 566, 245])
1	0.8096349749395247	0.8183874367509677	([913, 266], [940, 913, 267])
1	0.7847310883520507	0.8184447099455796	([518, 328], [518, 405, 314])
1	0.7770345884955466	0.8185081513459034	([836, 628], [836, 774, 733])
1	0.8147237371084903	0.8185314711903112	([776, 80], [776, 746, 80])
1	0.8070643796056911	0.8185342685371558	([567, 191], [567, 563, 191])
1	0.8071202027480116	0.8187654697415495	([736, 595], [736, 659, 573])
1	0.8030473149966015	0.8187730152512909	([855, 612], [877, 829, 612])
1	0.7896075800977452	0.8187771380389768	([351, 51], [351, 265, 51])
1	0.7728638614019253	0.8187836028162768	([837, 31], [865, 755, 31])
1	0.8144129440122456	0.8187922903837387	([629, 456], [629, 511, 490])
1	0.8028328667924867	0.8189382264159657	([505, 268], [595, 505, 442])
1	0.8139846388849311	0.8189705754527602	([806, 536], [806, 784, 717])
1	0.8037204020961529	0.8190399846871265	([891, 628], [891, 730, 666])
1	0.810213180114878	0.8190609990774633	([623, 451], [623, 600, 451])
1	0.8032203025460867	0.8190927819651881	([750, 64], [750, 64, 4])
1	0.8092148044160002	0.8191015597196769	([477, 223], [477, 427, 223])
1	0.815569754821897	0.8191015597196769	([931, 223], [931, 427, 223])
1	0.8143101611901592	0.8191126141570271	([695, 312], [695, 312, 302])
1	0.8125852922607899	0.8191877377837685	([939, 135], [939, 924, 135])
1	0.7960870045338458	0.8192554746555996	([751, 38], [738, 423, 38])
1	0.6628298729584166	0.8193032467289842	([501, 246], [548, 501, 80])
1	0.7970767491219043	0.8193068719590322	([737, 292], [770, 737, 617])
1	0.8183389360946033	0.8193115292667416	([868, 565], [868, 608, 565])
1	0.800956261447953	0.8193638722191502	([709, 381], [942, 919, 381])
1	0.8023204230175003	0.8194160240054851	([766, 475], [766, 475, 433])
1	0.7720878345567783	0.8194498100966772	([638, 277], [638, 393, 277])
1	0.8110576618318254	0.8194629124249151	([868, 268], [868, 764, 747])
1	0.8175400933387597	0.8194686290224086	([685, 457], [685, 558, 493])
1	0.8038091089633138	0.8194784510421101	([331, 97], [331, 315, 87])
1	0.8097284012375872	0.8195656499686458	([796, 13], [869, 796, 754])
1	0.8099176603347512	0.8196309229880667	([480, 332], [480, 381, 336])
1	0.8122452490993208	0.8198098671120072	([852, 674], [852, 695, 674])
1	0.8142177085998827	0.8198420882441316	([693, 501], [693, 607, 545])
1	0.7952631521286706	0.8199739016094977	([715, 31], [740, 715, 27])
1	0.8036645642140728	0.8200056725522811	([520, 86], [520, 272, 86])
1	0.8128067534580059	0.8200466564972558	([784, 384], [794, 784, 384])
1	0.7899117401814002	0.8200678987088682	([832, 610], [832, 831, 610])
1	0.7769870909957372	0.8201162780761695	([740, 27], [803, 740, 27])
1	0.8190854306025628	0.8202200872474823	([883, 427], [883, 872, 427])
1	0.7920261983932321	0.8202200872474823	([901, 400], [931, 872, 427])
1	0.8108169428439818	0.8202745555332777	([745, 480], [745, 554, 480])
1	0.8039757531942231	0.8203136461002459	([884, 599], [884, 769, 755])
1	0.7679335965059443	0.820355919916912	([788, 581], [788, 654, 581])
1	0.7940451050838871	0.8203648752669787	([561, 84], [561, 84, 33])
1	0.7910695478725288	0.820457710767234	([915, 239], [915, 239, 51])
1	0.8038503535227413	0.820457710767234	([612, 1], [915, 758, 51])
1	0.8139433645260687	0.820575647223275	([946, 546], [946, 927, 546])
1	0.794477098122906	0.820586356148467	([681, 504], [709, 681, 505])
1	0.8197648006742138	0.8205903871989844	([776, 387], [788, 776, 387])
1	0.817488734635514	0.8206840207385295	([890, 664], [890, 664, 613])
1	0.7885900614849939	0.8207851221420648	([560, 317], [560, 438, 335])
1	0.7861523185587559	0.820858011949327	([614, 278], [614, 545, 278])
1	0.8109107214146921	0.8209188058099433	([614, 343], [614, 407, 345])
1	0.8108517713201454	0.8210150539789141	([877, 671], [877, 800, 671])
1	0.8006448376740827	0.8210288409264329	([828, 6], [828, 751, 6])
1	0.8084679518260101	0.8210906576503161	([913, 583], [913, 800, 583])
1	0.8051709213453402	0.8211110809805957	([643, 422], [643, 422, 353])
1	0.7638019380103677	0.8211662362583585	([714, 555], [729, 714, 555])
1	0.7604576358455972	0.821173712817863	([801, 47], [801, 778, 47])
1	0.814829479583218	0.8212296353040694	([601, 73], [601, 73, 47])
1	0.815326687327303	0.8212819511840338	([794, 495], [794, 562, 495])
1	0.8158850084374903	0.8213350746624519	([313, 99], [313, 245, 232])
1	0.8051788038076547	0.8213481970000894	([476, 244], [491, 476, 244])
1	0.8108373398955789	0.8214033042958998	([586, 450], [586, 548, 450])
1	0.8080298630176348	0.8214549415322767	([586, 343], [586, 384, 343])
1	0.8064078559016625	0.821478146005365	([645, 400], [645, 410, 400])
1	0.7815228303445987	0.8215149356920282	([600, 19], [600, 551, 19])
1	0.8133630181144571	0.8215370251592798	([655, 466], [655, 639, 539])
1	0.790338494956029	0.8215891177794177	([501, 6], [554, 552, 6])
1	0.8204718283616133	0.8216521984913698	([870, 431], [870, 805, 707])
1	0.7988173755759724	0.8216858143704004	([562, 194], [562, 436, 194])
1	0.8152340241235514	0.8216873953791678	([667, 125], [667, 209, 125])
1	0.82053867199813	0.8216978221774024	([632, 334], [632, 576, 259])
1	0.7851984000242361	0.8217268908881212	([802, 678], [802, 700, 677])
1	0.7876401468578234	0.8217513952457531	([518, 82], [552, 82, 48])
1	0.8180084471500274	0.8219203323015003	([895, 337], [940, 895, 376])
1	0.6567388670798932	0.8221650074442026	([734, 246], [719, 714, 21])
1	0.7695668720849788	0.8222178577176286	([672, 6], [716, 672, 641])
1	0.8215402684724886	0.8222196699518151	([729, 225], [729, 527, 185])
1	0.7787099939736213	0.8222701544816257	([846, 407], [917, 407, 382])
1	0.814022063497442	0.8223276572577297	([423, 119], [423, 127, 119])
1	0.8102050526751889	0.822405429065499	([598, 329], [598, 426, 329])
1	0.8160903022884701	0.8225299181419803	([890, 415], [890, 733, 699])
1	0.7813068105524962	0.8225442501983478	([332, 65], [332, 97, 87])
1	0.8155780057081823	0.822615520301603	([710, 506], [710, 639, 506])
1	0.807446098305561	0.8226242214156386	([916, 611], [916, 611, 582])
1	0.8107220118603067	0.8226293539334798	([804, 561], [804, 758, 555])
1	0.8008828402168146	0.8226923964118262	([674, 16], [764, 717, 16])
1	0.8213775067425797	0.8227570627362362	([822, 241], [822, 764, 241])
1	0.7677321581319322	0.8227699114434209	([916, 38], [916, 87, 19])
1	0.8161678806899499	0.8228632734852571	([751, 525], [751, 741, 525])
1	0.7792993122646796	0.8228841940109757	([775, 310], [775, 765, 310])
1	0.8215010798350042	0.8228913131476527	([911, 272], [918, 911, 277])
1	0.8204943966219929	0.8230380033751854	([548, 174], [548, 219, 204])
1	0.7723121332810758	0.8231188532170071	([637, 84], [637, 561, 539])
1	0.8136894902099091	0.8231875643710809	([311, 215], [592, 311, 215])
1	0.8190166785550983	0.823226594346121	([939, 396], [939, 445, 396])
1	0.8130341190634831	0.8232491426186717	([549, 192], [549, 476, 192])
1	0.7939960210864115	0.8233008370679816	([339, 90], [339, 244, 90])
1	0.8222367469452936	0.8234561449542811	([563, 237], [563, 237, 193])
1	0.8127956315766263	0.8235208597848189	([615, 2], [630, 615, 2])
1	0.8046061877179731	0.8235274233470218	([840, 50], [840, 764, 50])
1	0.8125851580888528	0.8235540286516813	([682, 271], [682, 643, 503])
1	0.8187656446149952	0.8236564016159559	([319, 110], [319, 244, 213])
1	0.8186893439663295	0.8237835533585941	([635, 17], [635, 604, 569])
1	0.7961974384121002	0.8238209136441133	([802, 38], [802, 45, 26])
1	0.8070499146946027	0.823861164388586	([797, 125], [935, 797, 778])
1	0.8189226932921604	0.82388206964828	([898, 526], [898, 894, 508])
1	0.8213745828049875	0.8239264210193066	([846, 276], [846, 795, 268])
1	0.7877906994587163	0.8239322100929767	([906, 576], [871, 826, 576])
1	0.8072650341978612	0.8239458954850813	([844, 354], [844, 832, 354])
1	0.817362144019575	0.8241065106952055	([521, 84], [592, 521, 414])
1	0.7951489650565142	0.8241496579668629	([537, 208], [537, 412, 208])
1	0.6582785679746227	0.824205923355612	([620, 246], [620, 525, 500])
1	0.7971216053426486	0.8242747207802371	([918, 206], [933, 918, 206])
1	0.7979137581095954	0.8242760551774562	([943, 429], [943, 924, 866])
1	0.7692286407238643	0.8243481840786152	([813, 342], [813, 342, 1])
1	0.8009549295923362	0.8243831044455182	([300, 107], [300, 135, 114])
1	0.7959285918342479	0.8243899848142129	([843, 195], [917, 843, 195])
1	0.8215549857292542	0.8244905270983929	([498, 211], [514, 498, 211])
1	0.8162008707400008	0.824494133269939	([619, 190], [619, 564, 5])
1	0.8061792283255977	0.82453247287546	([939, 480], [939, 478, 445])
1	0.8169597182232273	0.824590196138972	([606, 336], [606, 476, 336])
1	0.823844473902952	0.8246203135868817	([738, 146], [738, 204, 146])
1	0.8143590584041602	0.8247731197090501	([588, 245], [574, 533, 245])
1	0.8229709111615283	0.824851450800699	([937, 364], [937, 691, 618])
1	0.8033869263928677	0.8249385846486421	([828, 90], [901, 90, 83])
1	0.7877324121934357	0.8249459475474636	([488, 301], [488, 345, 332])
1	0.8047808969307542	0.824954920220089	([718, 435], [766, 718, 435])
1	0.8079007376198548	0.8249655727814968	([805, 431], [805, 514, 431])
1	0.8012068394281454	0.8251630382245269	([872, 556], [911, 888, 556])
1	0.8006803900802606	0.8251704281060479	([922, 137], [922, 695, 132])
1	0.8173018056739321	0.8251771480179058	([558, 133], [558, 371, 353])
1	0.8235014800276605	0.8251950632003189	([299, 101], [299, 101, 81])
1	0.7597579974388736	0.8252364482089994	([908, 593], [908, 906, 576])
1	0.7947614714814971	0.8252524137059492	([600, 281], [600, 448, 266])
1	0.818382068079294	0.8253299494964041	([473, 105], [473, 199, 105])
1	0.7713608264801476	0.8253998165710008	([934, 411], [940, 934, 411])
1	0.814833258182227	0.8254270945030606	([853, 17], [853, 592, 14])
1	0.808877713218732	0.8255686823966376	([911, 671], [911, 877, 769])
1	0.7969072234292642	0.8255864152004108	([922, 306], [922, 372, 306])
1	0.7988601809658967	0.8259250462725662	([431, 218], [474, 431, 218])
1	0.8146441813718349	0.826018090030881	([432, 101], [432, 101, 19])
1	0.8094673273148799	0.8260520514399035	([612, 358], [612, 603, 358])
1	0.8217661472216603	0.8261393774412489	([765, 454], [765, 454, 411])
1	0.8256020634223519	0.8261578025884382	([917, 56], [917, 59, 56])
1	0.8221952774925335	0.8262922966585038	([794, 309], [795, 794, 309])
1	0.7896571035886579	0.8263157323936078	([654, 428], [654, 545, 532])
1	0.818008466009702	0.8264502534010941	([645, 77], [702, 645, 77])
1	0.8129085081382024	0.8264987550494374	([676, 431], [870, 707, 676])
1	0.8137272898962666	0.8265660723733054	([817, 467], [868, 817, 444])
1	0.8222691308593172	0.8266774110168185	([795, 418], [795, 767, 428])
1	0.8175146153753509	0.8267712223779267	([827, 558], [827, 796, 558])
1	0.8193642939604635	0.826803391308046	([842, 389], [928, 842, 389])
1	0.8062879916281025	0.8268536410780888	([944, 76], [944, 76, 25])
1	0.8195400908915778	0.8268598795089214	([781, 85], [781, 701, 85])
1	0.8034674387401698	0.8268663457404449	([752, 205], [752, 160, 10])
1	0.8209706435721679	0.82692165825987	([344, 170], [344, 236, 170])
1	0.8201436168771146	0.8269631506936433	([874, 577], [874, 644, 592])
1	0.8206321176107851	0.826965352633021	([675, 377], [758, 675, 402])
1	0.8238273267524274	0.8269851108276264	([830, 378], [849, 830, 378])
1	0.7701152925742499	0.8270112900844258	([687, 127], [687, 203, 127])
1	0.818201742073324	0.8270112900844258	([847, 203], [847, 687, 203])
1	0.805288590282698	0.8270599346171703	([727, 497], [727, 555, 550])
1	0.8110861905008936	0.8270716578666989	([736, 356], [736, 729, 356])
1	0.825859395355261	0.8271217485389905	([368, 111], [472, 368, 111])
1	0.7535563960787733	0.8271220298564842	([783, 448], [783, 727, 448])
1	0.8191925009965632	0.8271687684745694	([912, 275], [912, 384, 275])
1	0.825652041154676	0.8272337677834777	([655, 500], [655, 539, 529])
1	0.8270831994107757	0.8272665694036591	([840, 360], [840, 773, 702])
1	0.823784804039315	0.8273252704211131	([439, 147], [439, 147, 3])
1	0.8023162284814884	0.8273610884653142	([688, 95], [781, 688, 95])
1	0.8080044622329198	0.8274037201984247	([565, 196], [565, 514, 211])
1	0.8134039362199432	0.8274764652635949	([809, 332], [809, 634, 543])
1	0.8271717155573605	0.8275464654638396	([423, 178], [423, 242, 178])
1	0.8100411903915237	0.8275889797067455	([732, 121], [732, 121, 42])
1	0.8269499563894221	0.8276046951325574	([631, 291], [631, 592, 550])
1	0.8254030497825163	0.8276482604377801	([836, 16], [836, 768, 745])
1	0.8269848664925508	0.8276903967655906	([658, 228], [658, 175, 109])
1	0.8149100201791128	0.8277852649481601	([494, 133], [494, 241, 192])
1	0.791387817311595	0.8278684691687599	([937, 205], [936, 751, 383])
1	0.8115701917200387	0.8279591452974941	([469, 60], [498, 469, 60])
1	0.7940226135526761	0.8281390817191912	([628, 308], [628, 472, 308])
1	0.7595825540193116	0.8281515273218534	([656, 392], [656, 517, 504])
1	0.816694316428758	0.8281515273218534	([722, 504], [722, 656, 504])
1	0.8251948825806801	0.8282075319183552	([686, 322], [686, 583, 322])
1	0.8005852107884692	0.828222862509641	([845, 21], [821, 799, 198])
1	0.809551218083685	0.828383312728425	([690, 472], [690, 642, 627])
1	0.7961385809955361	0.8283859620562467	([317, 37], [336, 317, 37])
1	0.8272497533452091	0.828410667656566	([641, 155], [641, 155, 126])
1	0.7973642133255846	0.8284600054478845	([826, 198], [929, 845, 701])
1	0.8225000547111545	0.8284751533173064	([825, 99], [918, 825, 99])
1	0.821455449905452	0.8285293768974118	([509, 207], [574, 509, 207])
1	0.7727900361468841	0.8286826991890751	([768, 377], [768, 544, 414])
1	0.8239675583408202	0.8289221896006708	([846, 611], [919, 846, 611])
1	0.8286646022682632	0.8290747753409728	([556, 302], [556, 374, 311])
1	0.8211752783859547	0.829077647969695	([672, 79], [755, 672, 640])
1	0.6703748846287713	0.8291442755136658	([943, 46], [679, 555, 531])
1	0.7987815108751881	0.8292314439463114	([836, 59], [836, 824, 94])
1	0.8132398506098556	0.8292405691308142	([694, 154], [694, 154, 84])
1	0.8179631870036127	0.8292823477029924	([578, 226], [578, 495, 123])
1	0.8003449730236573	0.8293748739409059	([810, 511], [907, 866, 511])
1	0.794585947487778	0.8295039661156884	([409, 105], [409, 396, 105])
1	0.8255616718511214	0.8295478548783383	([835, 375], [835, 800, 423])
1	0.7979388405770962	0.8295502896495874	([899, 668], [899, 788, 692])
1	0.8189970737162856	0.8296110632873382	([633, 337], [633, 419, 337])
1	0.8261779677934635	0.8297131787837543	([937, 379], [937, 910, 379])
1	0.8033764445693498	0.8298099544824363	([737, 223], [737, 385, 378])
1	0.8074578959397003	0.8298263206408114	([460, 66], [460, 389, 323])
1	0.8148627188628932	0.8298306668636105	([944, 178], [944, 178, 65])
1	0.8285265213741164	0.8299215487280329	([907, 669], [907, 669, 207])
1	0.6572067357412793	0.8299972332620071	([735, 46], [773, 735, 693])
1	0.8248356334602671	0.8300481243169475	([880, 588], [880, 588, 535])
1	0.8247957254657842	0.8301726925994811	([849, 127], [849, 196, 129])
1	0.7944553935901504	0.8302038641571833	([435, 18], [447, 435, 18])
1	0.7921013793339615	0.8302086755838539	([937, 495], [937, 926, 495])
1	0.8228204063359535	0.8302632310645678	([849, 406], [849, 434, 406])
1	0.798976680260977	0.8302733426413456	([527, 185], [527, 511, 187])
1	0.8168541036610473	0.8303345498418578	([725, 28], [750, 725, 694])
1	0.7997597515542785	0.8304244595764206	([880, 29], [918, 908, 29])
1	0.8302561426439299	0.8304446462569494	([762, 355], [948, 762, 355])
1	0.6754065739449264	0.8305146869093403	([299, 248], [299, 248, 242])
1	0.8137890915766012	0.8305832152176853	([405, 174], [405, 192, 174])
1	0.8107972735994778	0.8305871663315515	([519, 324], [519, 484, 324])
1	0.8158695237858826	0.8307311733666864	([664, 329], [664, 556, 446])
1	0.8094236382659311	0.8307502456069688	([934, 72], [934, 84, 72])
1	0.8211819524600151	0.8307502456069688	([875, 84], [934, 875, 84])
1	0.830214061230327	0.8307545347087937	([737, 124], [737, 223, 125])
1	0.8102924615703608	0.8307863063180904	([829, 267], [829, 770, 267])
1	0.8154999622262602	0.8308035668932915	([502, 98], [502, 431, 385])
1	0.7902002706665631	0.8308917160382799	([938, 628], [942, 709, 698])
1	0.7925164949451491	0.8309322388932651	([801, 522], [924, 801, 522])
1	0.8255497998193766	0.830948623205722	([880, 402], [880, 726, 402])
1	0.8230312429334606	0.8310081569356619	([314, 100], [334, 275, 100])
1	0.8258807043692865	0.8310505374360513	([685, 337], [685, 592, 577])
1	0.8100339079466662	0.8310535587371314	([907, 207], [907, 669, 440])
1	0.8307778972368836	0.8311075139110512	([825, 271], [825, 382, 274])
1	0.827137757357835	0.8311298605441818	([871, 299], [871, 361, 299])
1	0.8259276103882486	0.8311670812953033	([723, 211], [723, 246, 47])
1	0.8193273165533763	0.8311807127283093	([658, 92], [658, 343, 226])
1	0.8020300709502023	0.8311813988885556	([849, 459], [849, 459, 435])
1	0.8182856784571877	0.8312465264881946	([733, 302], [733, 713, 302])
1	0.8014653164960454	0.8313276436026575	([834, 77], [834, 753, 35])
1	0.795280641896641	0.8315904261116782	([380, 93], [380, 238, 93])
1	0.8306773848548525	0.8316560420628771	([899, 555], [899, 668, 592])
1	0.812985606965138	0.8318092757441211	([822, 359], [822, 813, 342])
1	0.826501307923705	0.8319179636055707	([342, 184], [342, 237, 228])
1	0.823004118766712	0.8319256282891129	([669, 345], [669, 345, 338])
1	0.8030663396891397	0.8319718205718292	([436, 69], [436, 74, 69])
1	0.8070818224236098	0.8319799985828688	([565, 120], [565, 196, 120])
1	0.8104168952826439	0.8322438152623052	([815, 506], [815, 770, 724])
1	0.8319191035318151	0.8322456887611789	([693, 396], [693, 687, 396])
1	0.8189759963039867	0.8322491324022095	([611, 361], [611, 545, 361])
1	0.8071238855703518	0.8322998573333462	([344, 113], [303, 283, 113])
1	0.8294914607561443	0.8323485766959438	([712, 307], [712, 592, 311])
1	0.7863505051176474	0.8323588687504286	([511, 187], [729, 189, 185])
1	0.8220012279511016	0.832361046873226	([814, 448], [814, 736, 448])
1	0.8261057392972587	0.8324760778969233	([449, 10], [449, 424, 15])
1	0.8067495750406797	0.8325064722478953	([825, 466], [825, 543, 466])
1	0.8241529259187221	0.8326312911381292	([864, 447], [869, 864, 447])
1	0.8048109588584182	0.832758216406929	([832, 471], [832, 759, 471])
1	0.8313005889654096	0.832759669033136	([656, 134], [703, 656, 134])
1	0.8218910754913177	0.8327669351978488	([403, 219], [403, 327, 219])
1	0.7973085588727198	0.8327720165164986	([818, 19], [818, 719, 9])
1	0.8217156388248907	0.8328144344911323	([732, 370], [732, 719, 370])
1	0.8153273903248696	0.832823725457614	([881, 518], [881, 613, 610])
1	0.8264960065794478	0.8329204944007149	([770, 370], [770, 719, 446])
1	0.7904681303920809	0.8329272622631713	([832, 392], [911, 832, 392])
1	0.8178476641206406	0.8331928864616346	([554, 55], [591, 494, 409])
1	0.8331958874250983	0.8332122836373589	([470, 97], [470, 97, 48])
1	0.8064966642446336	0.8332301525256844	([758, 278], [817, 716, 278])
1	0.8142433061464898	0.8333209136423291	([577, 294], [577, 486, 294])
1	0.8227141678897699	0.8333570906668796	([606, 107], [606, 107, 83])
1	0.7907217902604143	0.833359474159114	([829, 10], [829, 267, 239])
1	0.7923066256037987	0.8333745202426868	([579, 314], [579, 454, 314])
1	0.822950607156122	0.8334428166727946	([708, 17], [708, 416, 408])
1	0.79913371287478	0.8335212003167737	([901, 39], [921, 901, 90])
1	0.8254497502649083	0.8335231693802179	([916, 209], [916, 410, 209])
1	0.8300830621062834	0.8335758351284362	([819, 411], [819, 782, 260])
1	0.8314243918423396	0.8335970920555276	([677, 438], [677, 623, 565])
1	0.8141749306291148	0.833650331031575	([725, 521], [725, 581, 496])
1	0.8274560896945323	0.8336748501451519	([911, 79], [936, 911, 79])
1	0.7741733762712383	0.8338672501649672	([643, 94], [824, 643, 638])
1	0.8060419960647405	0.833899429162331	([597, 289], [597, 371, 289])
1	0.7974517356111728	0.8339261968817563	([901, 481], [913, 901, 481])
1	0.8260696048400604	0.8341128667351301	([814, 537], [814, 685, 537])
1	0.8146630254696432	0.8341983453131977	([892, 525], [882, 563, 546])
1	0.8198754799678021	0.834323972003744	([771, 91], [771, 563, 24])
1	0.8312768053004554	0.8344386285171385	([720, 305], [720, 464, 457])
1	0.8275601339686435	0.8344386285171385	([681, 464], [720, 681, 464])
1	0.8295600943076579	0.8344579930151049	([830, 517], [830, 518, 517])
1	0.8020799861852588	0.8345188158122482	([837, 531], [829, 592, 545])
1	0.8317518077765228	0.834547259840818	([833, 585], [833, 730, 648])
1	0.8223320688000687	0.8345514365214365	([452, 184], [452, 430, 158])
1	0.8296922665333502	0.8345705995506744	([777, 36], [777, 762, 41])
1	0.8255473806474508	0.834653668719792	([352, 121], [352, 326, 121])
1	0.8306027747593085	0.8347832774124626	([293, 150], [293, 243, 47])
1	0.8060241664023649	0.8348345401998033	([471, 52], [471, 242, 204])
1	0.7910329523529988	0.8348998916026207	([947, 61], [947, 542, 68])
1	0.8230223876934786	0.8349161210520377	([636, 289], [636, 289, 266])
1	0.8302956118086695	0.8350152913435387	([424, 179], [424, 188, 179])
1	0.8142026577182999	0.8351374236511697	([801, 297], [801, 718, 297])
1	0.8320818691180119	0.835254929462444	([429, 181], [429, 280, 206])
1	0.7843708002782304	0.835254929462444	([486, 206], [486, 429, 206])
1	0.8270896982882145	0.835262145288911	([455, 54], [455, 281, 278])
1	0.8267781373089576	0.8353801783135257	([692, 476], [692, 675, 476])
1	0.8077988007657986	0.8354656158020353	([799, 416], [799, 641, 416])
1	0.83224022486761	0.8355116851443687	([467, 235], [467, 298, 297])
1	0.8237011068570913	0.8356107554730153	([861, 344], [861, 504, 344])
1	0.8207831560817882	0.8356639035716541	([896, 265], [910, 896, 265])
1	0.8350825554919219	0.8356682704638223	([820, 476], [826, 820, 476])
1	0.8038235525612231	0.8356779471422158	([754, 209], [913, 754, 209])
1	0.8334301217108435	0.8357148574559506	([820, 294], [820, 750, 197])
1	0.833070749081263	0.8357443529852719	([622, 293], [622, 546, 408])
1	0.8311093438946565	0.8357702505802608	([785, 5], [840, 785, 5])
1	0.8324095440587502	0.8358044866058076	([669, 21], [669, 259, 3])
1	0.818591886351725	0.8358367943621735	([906, 318], [918, 906, 512])
1	0.8328718461518612	0.8359601694870262	([938, 282], [938, 802, 282])
1	0.8352217323448466	0.8361194376092584	([946, 649], [946, 736, 649])
1	0.8170606039522446	0.8362035037611676	([798, 377], [798, 641, 377])
1	0.8315961417622078	0.8362797130367813	([686, 220], [686, 473, 432])
1	0.8215738724380892	0.8362892078288471	([651, 98], [696, 687, 98])
1	0.8316690235491362	0.8362919006054557	([919, 288], [919, 288, 269])
1	0.83015856091424	0.8367926746938803	([837, 240], [838, 837, 240])
1	0.8330966269759262	0.8368424211460059	([946, 335], [946, 405, 335])
1	0.816544174483526	0.8368656131288221	([648, 196], [648, 637, 196])
1	0.8308147412474154	0.8369622188116242	([768, 127], [768, 245, 127])
1	0.8362900876138457	0.8370064187472435	([901, 651], [901, 818, 651])
1	0.8220377820815444	0.837074118514348	([810, 238], [798, 759, 238])
1	0.8319681377320968	0.8370833756351148	([891, 374], [891, 775, 429])
1	0.8152694590853491	0.8371554159301278	([504, 169], [504, 234, 199])
1	0.8338930664186057	0.8371754483065411	([777, 184], [777, 184, 0])
1	0.8008207094751804	0.8373045100060746	([695, 93], [695, 385, 93])
1	0.8282489463992007	0.8375291163269831	([912, 315], [912, 871, 299])
1	0.8311398705990835	0.8375365793544817	([796, 500], [927, 796, 500])
1	0.8271707470836611	0.8376229651085467	([692, 198], [799, 775, 198])
1	0.8155274881455244	0.8377645577787065	([616, 122], [917, 616, 122])
1	0.8350246774447162	0.8377647706201478	([862, 621], [862, 729, 651])
1	0.8158628518330672	0.8377897147809887	([904, 584], [904, 814, 584])
1	0.8247164072223825	0.8378247392329886	([883, 527], [883, 527, 472])
1	0.8308226742912479	0.8378303210748151	([902, 197], [902, 202, 197])
1	0.8294192582723692	0.8378303210748151	([938, 202], [902, 773, 202])
1	0.796724364765943	0.8378716936920346	([484, 113], [484, 113, 64])
1	0.8268192203184003	0.8380211652798571	([556, 227], [556, 421, 419])
1	0.8317821400871489	0.8381895526581921	([866, 232], [866, 262, 232])
1	0.8349133806424085	0.8382001450136018	([621, 6], [631, 621, 6])
1	0.8318144007517412	0.8384157166897103	([484, 210], [484, 467, 210])
1	0.7833754607071524	0.8384435520958613	([887, 528], [887, 528, 512])
1	0.8205406367720204	0.8384617059666072	([815, 366], [815, 724, 719])
1	0.8210661824543617	0.8385397437023752	([722, 183], [722, 192, 183])
1	0.821250315363125	0.838548640087188	([830, 465], [830, 777, 518])
1	0.8145616782900762	0.8385904682287202	([913, 105], [913, 105, 84])
1	0.8116466755501544	0.8387726544561238	([646, 38], [646, 95, 39])
1	0.8370732827254996	0.8388812498991255	([836, 292], [836, 381, 292])
1	0.8239131372511159	0.8390233619998305	([706, 216], [918, 706, 99])
1	0.8154261899982564	0.839095504197411	([758, 339], [758, 402, 369])
1	0.8368106440995209	0.8391546621339477	([600, 185], [600, 532, 185])
1	0.819407493864532	0.8392169943236022	([816, 404], [816, 799, 404])
1	0.8328051152259794	0.8394610350140458	([856, 226], [856, 607, 47])
1	0.8373330516721649	0.8395381896418711	([443, 162], [443, 244, 162])
1	0.8352648601843962	0.8395498645887741	([818, 161], [818, 161, 47])
1	0.8101555251673261	0.8398294309536605	([897, 70], [897, 596, 576])
1	0.8263757695325332	0.8400612922615125	([871, 361], [912, 299, 275])
1	0.8297814147986441	0.8401650767277994	([731, 358], [733, 731, 350])
1	0.8367614296225374	0.8401797510035941	([683, 136], [683, 276, 191])
1	0.8091715401716087	0.840211639164707	([734, 188], [768, 734, 188])
1	0.7962267349208084	0.8402724283795746	([749, 132], [749, 132, 89])
1	0.8231628111929922	0.8404308127549704	([856, 397], [856, 853, 397])
1	0.8120450478884319	0.8404422302103348	([783, 282], [801, 783, 282])
1	0.8255084166845906	0.8404436730438113	([721, 237], [721, 345, 237])
1	0.8212163309274356	0.8405726631233479	([479, 132], [479, 282, 268])
1	0.7949177700198602	0.8406909973704793	([850, 20], [850, 844, 19])
1	0.8341824983792174	0.8407490294458412	([726, 329], [726, 429, 329])
1	0.8333530560241506	0.840799297731694	([863, 437], [863, 754, 437])
1	0.7841790037557168	0.8408759659955326	([870, 7], [870, 26, 7])
1	0.8199929388250797	0.8409831947609413	([896, 78], [896, 844, 725])
1	0.7936259589283188	0.8410246440376766	([611, 174], [716, 611, 174])
1	0.8174904136521725	0.84104110504194	([792, 306], [920, 792, 619])
1	0.8315931764913035	0.8410775273025877	([803, 71], [803, 780, 71])
1	0.8405864519363845	0.8411356494904352	([881, 107], [881, 414, 107])
1	0.8399210029729288	0.8412655200247878	([899, 133], [911, 899, 133])
1	0.8358083321978063	0.8414454402343343	([712, 197], [712, 197, 28])
1	0.833202981144819	0.8416715089122755	([720, 141], [731, 141, 134])
1	0.8316086158592852	0.8417587963764501	([744, 164], [744, 714, 119])
1	0.8192314713809297	0.8418335417333064	([764, 330], [764, 596, 330])
1	0.8296294445196506	0.8418586774168442	([618, 113], [618, 113, 88])
1	0.8343152284767826	0.8419203734330658	([905, 342], [905, 819, 342])
1	0.8412056120634388	0.84194219459307	([889, 359], [889, 359, 321])
1	0.8319878498302703	0.8420337974293556	([737, 458], [737, 679, 642])
1	0.8130017919462024	0.8420381888768473	([638, 97], [638, 541, 438])
1	0.8292596573039374	0.842300461558168	([546, 217], [546, 344, 217])
1	0.6711004070761734	0.8423662188608582	([852, 246], [852, 722, 192])
1	0.8244956865989193	0.8424674671422517	([710, 300], [710, 566, 292])
1	0.8224489127035473	0.8424714958025639	([534, 88], [534, 372, 88])
1	0.8084061301904792	0.8425441515369906	([884, 489], [884, 599, 494])
1	0.8304543940130712	0.8425467876436414	([936, 403], [936, 403, 383])
1	0.8426647819896468	0.8426979157491861	([888, 184], [920, 888, 640])
1	0.8315624498029834	0.8427087232716485	([799, 40], [799, 774, 40])
1	0.840379330019416	0.8429232238983392	([803, 398], [803, 398, 390])
1	0.8416854676241144	0.8429837279403244	([909, 488], [909, 764, 614])
1	0.818388529029691	0.843101002126182	([508, 77], [508, 477, 191])
1	0.8418635782796902	0.8434912018049198	([909, 183], [909, 719, 183])
1	0.7967394147227281	0.8435765629973202	([902, 343], [902, 408, 343])
1	0.8398161737536941	0.8437251694368031	([811, 510], [811, 625, 603])
1	0.8263335303533238	0.8437900337606155	([666, 63], [666, 259, 240])
1	0.8402770899775158	0.843838064437763	([927, 169], [927, 196, 169])
1	0.8408017574732296	0.8441657434752766	([447, 89], [447, 347, 280])
1	0.8360433787062106	0.8441996951454911	([935, 326], [935, 431, 326])
1	0.8429763805670517	0.8442938328063186	([833, 100], [833, 424, 277])
1	0.8400962454728829	0.8443984685594635	([907, 144], [907, 207, 129])
1	0.8365076862630084	0.8446269374947831	([465, 140], [465, 422, 140])
1	0.8395380286661999	0.8447583260457093	([614, 188], [614, 610, 188])
1	0.8394114149508148	0.8447994182949022	([772, 96], [772, 759, 118])
1	0.8272875669014734	0.8450368041398139	([879, 458], [879, 752, 731])
1	0.8399026939815629	0.8451399505175468	([864, 43], [864, 824, 41])
1	0.8389280541147635	0.8454094909210716	([777, 114], [777, 114, 0])
1	0.8302711418374095	0.8454770467231147	([880, 323], [880, 383, 323])
1	0.8433833400066234	0.8455540456682411	([901, 530], [930, 901, 703])
1	0.8424700800022327	0.8457478936846434	([893, 585], [893, 725, 585])
1	0.8431421868509997	0.8459798724875142	([802, 350], [802, 350, 282])
1	0.8454048640864382	0.8464443761964584	([568, 159], [568, 519, 159])
1	0.8403720711212366	0.8465492932757013	([797, 291], [797, 423, 333])
1	0.8136947626493256	0.846562182614169	([861, 374], [939, 861, 374])
1	0.8425781316186993	0.8466489704252319	([597, 144], [597, 223, 144])
1	0.837924326051869	0.8470468652814745	([813, 492], [813, 794, 492])
1	0.8455183960134213	0.8471130007115381	([462, 144], [462, 228, 192])
1	0.8326802476796066	0.8471730354974129	([801, 199], [801, 199, 22])
1	0.8389392673049936	0.84725668561286	([554, 155], [554, 189, 155])
1	0.8352520353715993	0.8472576347394233	([855, 410], [855, 739, 643])
1	0.7881685428222234	0.8474860237374368	([711, 5], [711, 619, 268])
1	0.8350340919482784	0.8480405803762193	([854, 244], [854, 244, 57])
1	0.8378500107391598	0.8480405803762193	([820, 57], [854, 820, 57])
1	0.8446670182018212	0.8480932600863126	([853, 222], [853, 759, 222])
1	0.8474224786745376	0.8481465079627091	([529, 146], [529, 263, 204])
1	0.8369185344838609	0.8481908931816312	([561, 230], [561, 347, 230])
1	0.8424544149950403	0.8487156747373634	([449, 186], [449, 437, 186])
1	0.8483926702949718	0.8487909718169458	([556, 137], [556, 137, 124])
1	0.8413561362534339	0.8489259014766596	([850, 93], [850, 93, 77])
1	0.8403514502689431	0.8490430088501847	([855, 72], [869, 855, 72])
1	0.8323443671637225	0.8490864344839211	([831, 489], [831, 781, 489])
1	0.8245440747050897	0.8490874610048628	([894, 73], [894, 547, 540])
1	0.8443626505467017	0.8490941068639933	([831, 286], [933, 831, 286])
1	0.8336451855800813	0.8494362466490127	([796, 232], [782, 391, 286])
1	0.8209969973622273	0.8495969221641496	([615, 109], [615, 233, 109])
1	0.8385198944767382	0.8499268158695374	([861, 453], [861, 504, 453])
1	0.8291356053328859	0.8500829149243682	([798, 138], [798, 795, 103])
1	0.8352858803569814	0.8502384937163399	([875, 216], [875, 769, 493])
1	0.8437506212054457	0.850246485231757	([660, 167], [909, 660, 167])
1	0.8289770462247901	0.8504095692744384	([567, 61], [947, 567, 397])
1	0.8296837580488454	0.8505731298736519	([626, 241], [626, 600, 241])
1	0.824603518973921	0.8508582489613458	([673, 237], [673, 272, 259])
1	0.8504416278301871	0.8512476062245053	([522, 158], [801, 522, 158])
1	0.8509007683473183	0.8514600027256096	([890, 191], [890, 743, 180])
1	0.8055624420363814	0.8516700332746058	([705, 195], [705, 284, 208])
1	0.7787384961749292	0.8520047752914964	([900, 241], [900, 848, 277])
1	0.8460385686066001	0.8520262244802994	([790, 106], [790, 702, 130])
1	0.8515995188994371	0.8524331742004172	([874, 264], [875, 874, 264])
1	0.8521469290467641	0.8527892759667492	([864, 217], [864, 820, 217])
1	0.8336350428486325	0.8535666859225082	([885, 115], [885, 198, 191])
1	0.8518543284458728	0.8538868714268895	([839, 324], [888, 839, 324])
1	0.6834204381415275	0.854133275519493	([857, 46], [857, 773, 592])
1	0.8469382580422314	0.8550373900388226	([631, 105], [631, 433, 364])
1	0.8497245266456874	0.8551441602712154	([664, 99], [706, 664, 446])
1	0.8187103797899182	0.8552814508841211	([576, 138], [576, 259, 169])
1	0.8485734346744942	0.8559167825829891	([831, 336], [831, 336, 259])
1	0.8474640729187276	0.8560429035455095	([898, 106], [898, 141, 106])
1	0.8513651465265935	0.856231741818633	([763, 152], [763, 650, 152])
1	0.8336274895825923	0.8562825721240562	([831, 173], [831, 741, 125])
1	0.8404549589610496	0.8563264037814943	([638, 169], [638, 585, 169])
1	0.8520830253415682	0.8565534009297615	([655, 225], [655, 287, 273])
1	0.8565526985850879	0.8569467318065199	([942, 181], [942, 442, 181])
1	0.8498147616313826	0.8573503481615915	([804, 224], [804, 387, 224])
1	0.8556665332007561	0.8583594459852301	([791, 168], [791, 231, 168])
1	0.8573534167966651	0.8594124238681425	([726, 92], [846, 726, 92])
1	0.855414774326059	0.8600385546771234	([894, 152], [932, 894, 152])
1	0.845082353386101	0.8601301161830599	([883, 224], [935, 883, 224])
1	0.8572866884834959	0.8601547417363753	([800, 70], [800, 193, 94])
1	0.8574104850242648	0.861265586733948	([892, 182], [892, 757, 541])
1	0.8594612895406841	0.8619608916016781	([904, 77], [904, 364, 50])
1	0.8606461119276241	0.8626273867474405	([868, 386], [868, 441, 386])
1	0.8520396357752938	0.8628082432432048	([894, 303], [894, 893, 303])
1	0.8449293366729856	0.8636021618005985	([580, 152], [580, 493, 204])
1	0.8587645703098864	0.8637352426327596	([887, 132], [887, 879, 132])
1	0.858782730063217	0.8649814464680604	([852, 143], [852, 143, 121])
1	0.8617356535191614	0.8653495317271296	([811, 229], [915, 811, 165])
1	0.8552334944020338	0.866177585602828	([661, 91], [661, 640, 91])
1	0.8620496241755929	0.8706233283109759	([789, 82], [789, 659, 487])
1	0.49395940113185893	0.882598999608709	([386, 385], [485, 373, 351])
1	0.48521082427987783	0.8989750114227038	([387, 386], [850, 386, 336])
1	0.4897284760516982	0.9052378351553625	([420, 252], [420, 419, 252])
1	0.4834137756910141	0.9052378351553625	([348, 345], [705, 419, 252])
1	0.590907422983462	0.9056774211231183	([950, 0], [346, 255, 62])
0	0.0	0.9328651766965506	([253], [258, 53])
0	0.0	0.975923707487588	([53], [879, 878])
0	0.0	0.977004567428117	([249], [105, 104])
0	0.0	0.9800765785316388	([104], [177, 176])
0	0.0	0.9804646967579431	([176], [317, 316])
1	0.9875920441488456	0.9998791757161873	([54, 53], [480, 258, 53])
0	0.0	1.0	([250], [250, 0])
0	0.0	1.0	([254], [254, 0])
0	0.0	inf	([251], [])
