0	0.0	0.23065176060369072	([916], [916, 915])
0	0.0	0.2324636412493934	([920], [920, 919])
0	0.0	0.23330065918564116	([922], [922, 921])
0	0.0	0.23482476166162203	([128], [128, 127])
0	0.0	0.2381471260160633	([383], [383, 382])
0	0.0	0.23854141578595112	([12], [12, 11])
0	0.0	0.2393568070800203	([413], [413, 412])
0	0.0	0.2397989361427162	([727], [727, 726])
0	0.0	0.23981517034952343	([38], [38, 37])
0	0.0	0.2402044704642633	([594], [594, 593])
0	0.0	0.24038907078438485	([19], [19, 18])
0	0.0	0.24348958987304578	([44], [44, 43])
0	0.0	0.24377987105643192	([778], [778, 777])
0	0.0	0.24496448495134848	([239], [239, 238])
0	0.0	0.24537126514512955	([276], [276, 275])
0	0.0	0.2468795471920966	([10], [10, 9])
0	0.0	0.24738782415285177	([131], [131, 130])
0	0.0	0.24749824204204401	([424], [424, 423])
0	0.0	0.24753629902627367	([357], [357, 356])
0	0.0	0.2484800492344496	([16], [16, 15])
0	0.0	0.2485573521351257	([352], [352, 351])
0	0.0	0.2486282625932464	([408], [408, 407])
0	0.0	0.2504631682781874	([765], [765, 764])
0	0.0	0.25072145355719483	([9], [9, 8])
0	0.0	0.2515131839266675	([924], [924, 923])
0	0.0	0.2519116253505017	([763], [763, 762])
0	0.0	0.25197283380887786	([696], [696, 695])
0	0.0	0.2522162497674589	([795], [795, 794])
0	0.0	0.25282702920548766	([7], [7, 6])
0	0.0	0.2529073573648756	([6], [6, 5])
0	0.0	0.2531155430775568	([201], [201, 200])
0	0.0	0.25342692376165693	([65], [65, 64])
0	0.0	0.25384806846613256	([269], [269, 268])
0	0.0	0.25402167656688335	([4], [4, 3])
0	0.0	0.25431368173266433	([340], [340, 339])
0	0.0	0.25463483790152075	([8], [8, 7])
0	0.0	0.25466090838005107	([929], [929, 928])
0	0.0	0.2547463126079443	([608], [608, 607])
0	0.0	0.2550560947927581	([596], [596, 595])
0	0.0	0.2552833950325609	([416], [416, 415])
0	0.0	0.2558472074490622	([442], [442, 441])
0	0.0	0.25594934259199154	([761], [761, 760])
0	0.0	0.25616924453202866	([3], [3, 2])
0	0.0	0.25700491139485676	([34], [34, 33])
0	0.0	0.25707804168858234	([542], [542, 540])
0	0.0	0.2571469102597689	([406], [406, 405])
0	0.0	0.2571911689738396	([548], [548, 547])
0	0.0	0.25727739418797596	([404], [404, 403])
0	0.0	0.25729370688256337	([918], [918, 917])
0	0.0	0.25737427862371803	([551], [551, 550])
0	0.0	0.2575764057674888	([397], [397, 396])
0	0.0	0.2591031955936123	([860], [860, 859])
0	0.0	0.2592704683785766	([870], [870, 869])
0	0.0	0.2595489692490586	([336], [336, 335])
0	0.0	0.2600269197283691	([410], [410, 409])
0	0.0	0.2600619784259611	([42], [42, 41])
0	0.0	0.26034884128991076	([760], [760, 759])
0	0.0	0.2617745203911708	([552], [552, 551])
0	0.0	0.2620321662272774	([541], [541, 540])
0	0.0	0.2621891752287843	([203], [203, 202])
0	0.0	0.26244394574045804	([14], [14, 13])
0	0.0	0.26260825448697067	([734], [734, 733])
0	0.0	0.2627042880246027	([517], [517, 516])
0	0.0	0.2630048175968957	([435], [435, 434])
0	0.0	0.26322083370219934	([364], [364, 363])
0	0.0	0.26323842867145164	([449], [449, 448])
0	0.0	0.2632892996465932	([846], [846, 845])
0	0.0	0.26342215598029006	([722], [722, 721])
0	0.0	0.2639318440193502	([118], [118, 117])
0	0.0	0.26413116723409596	([868], [868, 867])
0	0.0	0.2641487367043395	([554], [554, 553])
0	0.0	0.2643354449557215	([844], [844, 843])
0	0.0	0.26441379833894735	([881], [881, 880])
0	0.0	0.2644753788824652	([17], [17, 16])
0	0.0	0.2645932040134327	([571], [571, 570])
0	0.0	0.26539410800851243	([877], [877, 876])
0	0.0	0.2654347494483031	([907], [907, 906])
0	0.0	0.2662784323114244	([699], [699, 698])
0	0.0	0.266441506064982	([470], [470, 469])
0	0.0	0.2667224410874448	([381], [381, 380])
0	0.0	0.2670055032359085	([422], [422, 421])
0	0.0	0.267223373699403	([532], [532, 531])
0	0.0	0.26723710075440743	([136], [136, 135])
0	0.0	0.2674504405440071	([568], [568, 567])
0	0.0	0.26777102966751753	([501], [501, 500])
0	0.0	0.2679921577607824	([24], [24, 23])
0	0.0	0.2680323578987928	([599], [599, 598])
0	0.0	0.26806732036342995	([58], [58, 57])
0	0.0	0.26820630239982896	([322], [322, 321])
0	0.0	0.2682513937835698	([729], [729, 728])
0	0.0	0.26836273151073886	([757], [757, 756])
0	0.0	0.26838030481114455	([776], [776, 775])
0	0.0	0.26843197006026054	([748], [748, 747])
0	0.0	0.2686469294468985	([367], [367, 366])
0	0.0	0.2687182279865396	([33], [33, 32])
0	0.0	0.26899402933602	([913], [913, 912])
0	0.0	0.26915573078518557	([526], [526, 525])
0	0.0	0.26928054364427456	([498], [498, 497])
0	0.0	0.2694578276375909	([839], [839, 838])
0	0.0	0.2694846215534995	([18], [18, 17])
0	0.0	0.2694968395713917	([632], [632, 631])
0	0.0	0.2696843296010845	([538], [538, 537])
0	0.0	0.2698132448499393	([54], [54, 53])
0	0.0	0.26982000360822816	([939], [939, 938])
0	0.0	0.26987346323911104	([557], [557, 556])
0	0.0	0.2701681864055554	([771], [771, 770])
0	0.0	0.27022546270925374	([692], [692, 691])
0	0.0	0.27027394840038865	([705], [705, 704])
0	0.0	0.27029001476920017	([866], [866, 865])
0	0.0	0.27047196570607074	([420], [420, 419])
0	0.0	0.2706681806634974	([363], [363, 362])
0	0.0	0.27077175345334553	([354], [354, 353])
0	0.0	0.27078202692649106	([759], [759, 758])
0	0.0	0.2708318803526329	([474], [474, 473])
0	0.0	0.27088279027624956	([894], [894, 893])
0	0.0	0.27098361747588673	([610], [610, 609])
0	0.0	0.2709944594350714	([445], [445, 444])
0	0.0	0.2710059249883242	([13], [13, 12])
0	0.0	0.27100598266859144	([737], [737, 736])
0	0.0	0.2711206265532267	([945], [945, 944])
0	0.0	0.2713065060703601	([603], [603, 602])
0	0.0	0.27144541800406924	([836], [836, 835])
0	0.0	0.2714699165984942	([850], [850, 849])
0	0.0	0.2715139022687246	([673], [673, 672])
0	0.0	0.27156440777201707	([602], [602, 601])
0	0.0	0.2716878926269728	([186], [186, 185])
0	0.0	0.2717183090741932	([556], [556, 555])
0	0.0	0.2718048158107866	([350], [350, 349])
0	0.0	0.27181057736117503	([2], [2, 1])
0	0.0	0.27193474537336715	([11], [11, 10])
0	0.0	0.2720108050129318	([220], [220, 219])
0	0.0	0.2720853888498159	([32], [32, 31])
0	0.0	0.2721264630525653	([376], [376, 375])
0	0.0	0.27218592778768025	([732], [732, 731])
0	0.0	0.27226932851529456	([193], [193, 192])
0	0.0	0.27253820859387934	([111], [111, 110])
0	0.0	0.27274553257271317	([614], [614, 613])
0	0.0	0.2728293299077383	([814], [814, 813])
0	0.0	0.273133308330301	([926], [926, 925])
0	0.0	0.27318522236390724	([349], [349, 348])
0	0.0	0.2732533610444349	([623], [623, 622])
0	0.0	0.2732899589791117	([770], [770, 769])
0	0.0	0.2734490945769443	([717], [717, 716])
0	0.0	0.273618226907206	([521], [521, 520])
0	0.0	0.2738562746202299	([185], [185, 184])
0	0.0	0.2740049554940354	([100], [100, 99])
0	0.0	0.2740340424830151	([235], [235, 234])
0	0.0	0.2740670048137609	([41], [41, 40])
0	0.0	0.2741217431672504	([188], [188, 187])
0	0.0	0.27448722282896026	([119], [119, 118])
0	0.0	0.27463733796962947	([493], [493, 492])
0	0.0	0.27470487541352345	([496], [496, 495])
0	0.0	0.2749084410465896	([372], [372, 371])
0	0.0	0.27491172824343646	([741], [741, 740])
0	0.0	0.27502572924022717	([324], [324, 323])
0	0.0	0.2750769531847689	([700], [700, 699])
0	0.0	0.27518964120357536	([539], [539, 538])
0	0.0	0.27521656382188153	([211], [211, 210])
0	0.0	0.27524969837009317	([207], [207, 206])
0	0.0	0.275669383620943	([5], [5, 4])
0	0.0	0.2757748179782907	([528], [528, 527])
0	0.0	0.27585712166383536	([573], [573, 572])
0	0.0	0.2758876485470638	([320], [320, 319])
0	0.0	0.27590661852912246	([753], [753, 752])
0	0.0	0.27594795163026414	([317], [317, 316])
0	0.0	0.2759906497987425	([559], [559, 558])
0	0.0	0.27602320541483355	([281], [281, 280])
0	0.0	0.27602834855218034	([525], [525, 524])
0	0.0	0.27604659221050154	([890], [890, 889])
0	0.0	0.27604664420502073	([829], [829, 828])
0	0.0	0.276056998495104	([56], [56, 55])
0	0.0	0.27612657451408645	([66], [66, 65])
0	0.0	0.2761766523227512	([523], [523, 522])
0	0.0	0.2763690068746913	([628], [628, 627])
0	0.0	0.2764816455266693	([879], [879, 878])
0	0.0	0.27674427212319724	([746], [746, 745])
0	0.0	0.27674745463835476	([687], [687, 686])
0	0.0	0.2768844713451814	([772], [772, 771])
0	0.0	0.27694473057689795	([869], [869, 868])
0	0.0	0.2769605913366407	([766], [766, 765])
0	0.0	0.27698356452229034	([774], [774, 773])
0	0.0	0.2774192863630161	([787], [787, 786])
0	0.0	0.277560796751458	([400], [400, 399])
0	0.0	0.27776199006425945	([126], [126, 125])
0	0.0	0.27776253106613497	([546], [546, 544])
0	0.0	0.27782360567862213	([788], [788, 787])
0	0.0	0.27787557513523303	([789], [789, 788])
0	0.0	0.2778774522005985	([536], [536, 535])
0	0.0	0.2780887397362445	([451], [451, 450])
0	0.0	0.2782970619784149	([415], [415, 414])
0	0.0	0.2783068699434189	([433], [433, 432])
0	0.0	0.27835944969784837	([202], [202, 201])
0	0.0	0.27841889156839233	([904], [904, 903])
0	0.0	0.27843652925315626	([943], [943, 942])
0	0.0	0.2786529509418008	([549], [549, 548])
0	0.0	0.27878891388166527	([373], [373, 372])
0	0.0	0.2788921138316281	([487], [487, 486])
0	0.0	0.27893054341409823	([570], [570, 569])
0	0.0	0.27896889404722713	([329], [329, 328])
0	0.0	0.278990199453825	([739], [739, 738])
0	0.0	0.2790742118479947	([375], [375, 374])
0	0.0	0.2791398087906141	([421], [421, 420])
0	0.0	0.27914262014099894	([830], [830, 829])
0	0.0	0.2792093876675696	([108], [108, 107])
0	0.0	0.27923374561405295	([873], [873, 872])
0	0.0	0.2795083817695954	([752], [752, 751])
0	0.0	0.27952218823456115	([391], [391, 390])
0	0.0	0.27975804176590113	([624], [624, 623])
0	0.0	0.2797623639172836	([537], [537, 536])
0	0.0	0.27981629945317005	([809], [809, 808])
0	0.0	0.2798756624863699	([565], [565, 564])
0	0.0	0.28003493127625584	([545], [545, 544])
0	0.0	0.2800917502984624	([130], [130, 129])
0	0.0	0.28020917466101136	([368], [368, 367])
0	0.0	0.2802179185667685	([494], [494, 493])
0	0.0	0.28024908608431953	([86], [86, 85])
0	0.0	0.28045583589909606	([810], [810, 809])
0	0.0	0.2804586740373997	([826], [826, 825])
0	0.0	0.28057147610508504	([27], [27, 26])
0	0.0	0.2806474501699299	([447], [447, 446])
0	0.0	0.2806652970420404	([853], [853, 852])
0	0.0	0.28077041724716817	([863], [863, 862])
0	0.0	0.2808111791917309	([937], [937, 936])
0	0.0	0.2808574134610987	([743], [743, 742])
0	0.0	0.28091181406207477	([514], [514, 513])
0	0.0	0.28097003963671785	([31], [31, 30])
0	0.0	0.281025194157432	([562], [562, 561])
0	0.0	0.28114957275931163	([821], [821, 820])
0	0.0	0.28121621798524016	([143], [143, 142])
0	0.0	0.28123769243586555	([564], [564, 563])
0	0.0	0.2813018740757182	([163], [163, 162])
0	0.0	0.2813283495982583	([880], [880, 879])
0	0.0	0.2814544597620469	([862], [862, 861])
0	0.0	0.2814696824895168	([949], [949, 948])
0	0.0	0.28152753234400574	([326], [326, 325])
0	0.0	0.2815335586270275	([912], [912, 911])
0	0.0	0.281566576417289	([360], [360, 359])
0	0.0	0.28166250483006766	([660], [660, 659])
0	0.0	0.2820098702767258	([625], [625, 624])
0	0.0	0.28207361430064054	([272], [272, 271])
0	0.0	0.2822463293317946	([588], [588, 587])
0	0.0	0.2822792776968187	([560], [560, 559])
0	0.0	0.28243923368570933	([713], [713, 712])
0	0.0	0.2825207345918389	([676], [676, 675])
0	0.0	0.2825310487200514	([441], [441, 440])
0	0.0	0.28254966832136486	([883], [883, 882])
0	0.0	0.2826998244050311	([637], [637, 636])
0	0.0	0.2827536490284258	([15], [15, 14])
0	0.0	0.28284898495430855	([50], [50, 49])
0	0.0	0.28286350804110877	([361], [361, 360])
0	0.0	0.2829225699892842	([642], [642, 641])
0	0.0	0.28299885259429847	([522], [522, 521])
0	0.0	0.28310457895868546	([481], [481, 480])
0	0.0	0.283136278643862	([338], [338, 337])
0	0.0	0.2832162819818864	([508], [508, 507])
0	0.0	0.283261143949381	([710], [710, 709])
0	0.0	0.28326292908714923	([587], [587, 586])
0	0.0	0.2832648508104144	([823], [823, 822])
0	0.0	0.2832728230289186	([678], [678, 677])
0	0.0	0.2833522203746329	([409], [409, 408])
0	0.0	0.28339165386064563	([124], [124, 123])
0	0.0	0.2835172390692277	([885], [885, 884])
0	0.0	0.2835260755152671	([384], [384, 383])
0	0.0	0.2835476947931732	([293], [293, 292])
0	0.0	0.2836499250637789	([115], [115, 114])
0	0.0	0.2837519948154653	([744], [744, 743])
0	0.0	0.28383083206453413	([936], [936, 935])
0	0.0	0.28384078418298664	([749], [749, 748])
0	0.0	0.2838629597771902	([190], [190, 189])
0	0.0	0.28389907967106637	([510], [510, 509])
0	0.0	0.28401713956945956	([334], [334, 333])
0	0.0	0.2842304535043849	([431], [431, 430])
0	0.0	0.2843822564654455	([825], [825, 824])
0	0.0	0.2844010663998204	([887], [887, 886])
0	0.0	0.28452213861892894	([342], [342, 341])
0	0.0	0.28453945779278556	([399], [399, 398])
0	0.0	0.2845644092680577	([477], [477, 476])
0	0.0	0.2845699263628597	([662], [662, 661])
0	0.0	0.2845770684427903	([148], [148, 147])
0	0.0	0.28458646180325037	([934], [934, 933])
0	0.0	0.28468811165374147	([72], [72, 71])
0	0.0	0.28476953562208657	([344], [344, 343])
0	0.0	0.28477289513531023	([822], [822, 821])
0	0.0	0.2847907997641952	([507], [507, 506])
0	0.0	0.2848344171202122	([345], [345, 344])
0	0.0	0.28517570781401397	([503], [503, 502])
0	0.0	0.2852197747123349	([178], [178, 177])
0	0.0	0.2853451919738019	([681], [681, 680])
0	0.0	0.28553949934727635	([453], [453, 452])
0	0.0	0.2856471928335077	([392], [392, 391])
0	0.0	0.28587965267340104	([236], [236, 235])
0	0.0	0.2859108410248194	([319], [319, 318])
0	0.0	0.28599927812025877	([377], [377, 376])
0	0.0	0.28603466514463466	([719], [719, 718])
0	0.0	0.28614665872847395	([156], [156, 155])
0	0.0	0.28620586638851525	([694], [694, 693])
0	0.0	0.2862089369169589	([828], [828, 827])
0	0.0	0.28633256081056185	([620], [620, 619])
0	0.0	0.28639435112550093	([359], [359, 358])
0	0.0	0.2864768719599385	([179], [179, 178])
0	0.0	0.2864834069864278	([707], [707, 706])
0	0.0	0.2865193617064656	([697], [697, 696])
0	0.0	0.28665069529604537	([26], [26, 25])
0	0.0	0.28669818992839924	([49], [49, 48])
0	0.0	0.28682935210047733	([909], [909, 908])
0	0.0	0.28692614825520607	([75], [75, 74])
0	0.0	0.28712478128685687	([802], [802, 801])
0	0.0	0.2871776720822524	([62], [62, 61])
0	0.0	0.28729465827854067	([784], [784, 783])
0	0.0	0.28730229709605953	([605], [605, 604])
0	0.0	0.28730948835673076	([312], [312, 311])
0	0.0	0.28732776941918414	([842], [842, 841])
0	0.0	0.2873872081678745	([767], [767, 766])
0	0.0	0.28745346088741147	([144], [144, 143])
0	0.0	0.2875017986883858	([680], [680, 679])
0	0.0	0.2876797888324923	([715], [715, 714])
0	0.0	0.2878212076659369	([892], [892, 891])
0	0.0	0.28786856523085114	([437], [437, 436])
0	0.0	0.28787886230892296	([289], [289, 288])
0	0.0	0.28797602248193027	([942], [942, 941])
0	0.0	0.28802302140933617	([900], [900, 899])
0	0.0	0.2882713985830473	([110], [110, 109])
0	0.0	0.28830672505383625	([798], [798, 797])
0	0.0	0.28836733635552186	([891], [891, 890])
0	0.0	0.28858500220008065	([175], [175, 174])
0	0.0	0.28861696253962116	([216], [216, 215])
0	0.0	0.28862752222067095	([683], [683, 682])
0	0.0	0.288765394894387	([472], [472, 471])
0	0.0	0.2887694823114194	([432], [432, 431])
0	0.0	0.2888132454671884	([37], [37, 36])
0	0.0	0.28886076286109275	([905], [905, 904])
0	0.0	0.2889773087827017	([82], [82, 81])
0	0.0	0.2889969364195081	([827], [827, 826])
0	0.0	0.28901920854898916	([462], [462, 461])
0	0.0	0.2890558652725227	([88], [88, 87])
0	0.0	0.28909193526130544	([305], [305, 304])
0	0.0	0.2891150074423211	([792], [792, 791])
0	0.0	0.2892265681595228	([604], [604, 603])
0	0.0	0.2892647958650072	([910], [910, 909])
0	0.0	0.2892966534453029	([307], [307, 306])
0	0.0	0.2893061155047205	([889], [889, 888])
0	0.0	0.2893176163280713	([708], [708, 707])
0	0.0	0.28933829318694093	([443], [443, 442])
0	0.0	0.28941060495511367	([618], [618, 617])
0	0.0	0.28947896702937664	([61], [61, 60])
0	0.0	0.28948416595603454	([709], [709, 708])
0	0.0	0.289526158324328	([756], [756, 755])
0	0.0	0.2895369249191078	([333], [333, 332])
0	0.0	0.289560000151304	([233], [233, 232])
0	0.0	0.28962042640731506	([898], [898, 897])
0	0.0	0.2896635890295704	([99], [99, 98])
0	0.0	0.28968299363079464	([315], [315, 314])
0	0.0	0.28969131527107356	([316], [316, 315])
0	0.0	0.2897788149784911	([847], [847, 846])
0	0.0	0.2898555710436485	([886], [886, 885])
0	0.0	0.28985566557991504	([640], [640, 639])
0	0.0	0.2898742107563791	([79], [79, 78])
0	0.0	0.28993639727594844	([35], [35, 34])
0	0.0	0.2899383602187992	([232], [232, 231])
0	0.0	0.2899613246467621	([394], [394, 393])
0	0.0	0.2901121131744141	([837], [837, 836])
0	0.0	0.2901517190388953	([332], [332, 331])
0	0.0	0.29022398742501365	([854], [854, 853])
0	0.0	0.29027925823445916	([152], [152, 151])
0	0.0	0.2902966503959796	([491], [491, 490])
0	0.0	0.2903093679411534	([824], [824, 823])
0	0.0	0.290329526486888	([578], [578, 577])
0	0.0	0.2903579719496164	([667], [667, 666])
0	0.0	0.2904251240230189	([858], [858, 857])
0	0.0	0.2904808562929208	([396], [396, 395])
0	0.0	0.29050772687806536	([192], [193, 190])
0	0.0	0.2905230925236422	([658], [658, 657])
0	0.0	0.29055860273774237	([318], [318, 317])
0	0.0	0.29059861953354926	([944], [944, 943])
0	0.0	0.29064913588956937	([459], [459, 458])
0	0.0	0.29068641839446957	([911], [911, 910])
0	0.0	0.2907282627576928	([467], [467, 466])
0	0.0	0.29079483837810227	([884], [884, 883])
0	0.0	0.2909170992031673	([852], [852, 851])
0	0.0	0.29092075127379324	([488], [488, 487])
0	0.0	0.2909875259287753	([704], [704, 703])
0	0.0	0.29107301786490647	([448], [448, 447])
0	0.0	0.2911104086477761	([160], [160, 159])
0	0.0	0.2911178838310458	([896], [896, 895])
0	0.0	0.29129869594654234	([457], [457, 456])
0	0.0	0.29134956168373277	([362], [362, 361])
0	0.0	0.2914052785133032	([454], [454, 453])
0	0.0	0.2914117936071265	([818], [818, 817])
0	0.0	0.2914264770977798	([736], [736, 735])
0	0.0	0.2914562942928187	([580], [580, 579])
0	0.0	0.2915377097678612	([113], [113, 112])
0	0.0	0.291567882374627	([436], [436, 435])
0	0.0	0.29158080157298893	([77], [77, 76])
0	0.0	0.2916016061285429	([321], [321, 320])
0	0.0	0.29163088105693985	([484], [484, 483])
0	0.0	0.29175874985383987	([468], [468, 467])
0	0.0	0.29184884478985645	([123], [123, 122])
0	0.0	0.29189088889759435	([561], [561, 560])
0	0.0	0.29194107219913135	([583], [583, 582])
0	0.0	0.2919852308501635	([688], [688, 687])
0	0.0	0.2921320925862508	([95], [95, 94])
0	0.0	0.29220144909269424	([270], [270, 269])
0	0.0	0.2922197130110804	([125], [125, 124])
0	0.0	0.29242422095172965	([799], [799, 798])
0	0.0	0.2925603214513969	([403], [403, 402])
0	0.0	0.2925680190806492	([773], [773, 772])
0	0.0	0.2926352486262714	([832], [832, 831])
0	0.0	0.292705363573977	([607], [607, 606])
0	0.0	0.2927462896953409	([941], [941, 940])
0	0.0	0.2928123306240072	([901], [901, 900])
0	0.0	0.2928411918981991	([589], [589, 588])
0	0.0	0.2929362727055545	([527], [527, 526])
0	0.0	0.2930188222876958	([429], [429, 428])
0	0.0	0.29303474207835695	([645], [645, 644])
0	0.0	0.2931653182748818	([606], [606, 605])
0	0.0	0.2932238745409303	([783], [783, 782])
0	0.0	0.29325204616247613	([137], [137, 136])
0	0.0	0.2932986101119668	([764], [764, 763])
0	0.0	0.29333986378526483	([78], [78, 77])
0	0.0	0.2936194435163646	([816], [816, 815])
0	0.0	0.2936975582839102	([121], [121, 120])
0	0.0	0.2937551970712568	([299], [299, 298])
0	0.0	0.29378363898906806	([330], [330, 329])
0	0.0	0.29391990217091873	([327], [327, 326])
0	0.0	0.29398720929350863	([899], [899, 898])
0	0.0	0.2940353210380196	([849], [849, 848])
0	0.0	0.29442035033839686	([724], [724, 723])
0	0.0	0.2944686709619759	([309], [309, 308])
0	0.0	0.2944851328002725	([444], [444, 443])
0	0.0	0.29459709130521783	([897], [897, 896])
0	0.0	0.2948426781960912	([930], [930, 929])
0	0.0	0.2949022124746507	([480], [480, 479])
0	0.0	0.2949055189578561	([85], [85, 84])
0	0.0	0.29498056988916227	([389], [389, 388])
0	0.0	0.29502435297292984	([636], [636, 635])
0	0.0	0.2950248224775179	([302], [302, 301])
0	0.0	0.2950688056940342	([804], [804, 803])
0	0.0	0.29519954238930013	([616], [616, 615])
0	0.0	0.295287483532014	([703], [703, 702])
0	0.0	0.2952979279169999	([169], [169, 168])
0	0.0	0.2953014306412012	([351], [351, 350])
0	0.0	0.2953714314503695	([651], [651, 650])
0	0.0	0.29541467920398656	([758], [758, 757])
0	0.0	0.2955636898003358	([343], [343, 342])
0	0.0	0.2956215254860735	([843], [843, 842])
0	0.0	0.29562931884355914	([730], [730, 729])
0	0.0	0.2956385102010087	([747], [747, 746])
0	0.0	0.29573180433060375	([840], [840, 839])
0	0.0	0.2957395674142913	([465], [465, 464])
0	0.0	0.2959215501890982	([170], [170, 169])
0	0.0	0.29597548855014194	([280], [280, 279])
0	0.0	0.2960609974384833	([499], [499, 498])
0	0.0	0.2962242955612088	([928], [928, 927])
0	0.0	0.2962907592965569	([180], [180, 179])
0	0.0	0.29631660459525533	([950], [950, 949])
0	0.0	0.2963177698140954	([339], [339, 338])
0	0.0	0.2965748634663909	([813], [813, 812])
0	0.0	0.2967132808083319	([935], [935, 934])
0	0.0	0.29682292877298827	([903], [903, 902])
0	0.0	0.29689997057473355	([575], [575, 574])
0	0.0	0.296903459064708	([358], [358, 357])
0	0.0	0.296970284759537	([489], [489, 488])
0	0.0	0.29705863375058394	([679], [679, 678])
0	0.0	0.29713510211929617	([505], [505, 504])
0	0.0	0.297372213076891	([677], [677, 676])
0	0.0	0.2973914366990855	([398], [398, 397])
0	0.0	0.2973938037360132	([198], [198, 197])
0	0.0	0.29757942965403456	([145], [145, 144])
0	0.0	0.2975886102398066	([98], [98, 97])
0	0.0	0.2976004216998848	([382], [382, 381])
0	0.0	0.2976660307996173	([167], [167, 166])
0	0.0	0.2977098198202665	([874], [874, 873])
0	0.0	0.29771281225149865	([803], [803, 802])
0	0.0	0.29775617383556086	([504], [504, 503])
0	0.0	0.2977776374935542	([455], [455, 454])
0	0.0	0.2978286744070228	([73], [73, 72])
0	0.0	0.29784982541366417	([242], [242, 241])
0	0.0	0.29802713315325546	([782], [782, 781])
0	0.0	0.298532021240605	([59], [59, 58])
0	0.0	0.298586191412841	([781], [781, 780])
0	0.0	0.29859718038732	([648], [648, 647])
0	0.0	0.29867368408736494	([867], [867, 866])
0	0.0	0.2986829329409161	([67], [67, 66])
0	0.0	0.29872217874585655	([55], [55, 54])
0	0.0	0.29876372642632504	([895], [895, 894])
0	0.0	0.29881885986151513	([84], [84, 83])
0	0.0	0.29893282170239854	([800], [800, 799])
0	0.0	0.29897219656915264	([872], [873, 871])
0	0.0	0.29911188270430844	([177], [177, 176])
0	0.0	0.29912902490735693	([60], [60, 59])
0	0.0	0.2992399653722622	([751], [751, 750])
0	0.0	0.2993062569129347	([434], [434, 433])
0	0.0	0.2993128089705836	([593], [593, 592])
0	0.0	0.2993882028235688	([485], [485, 484])
0	0.0	0.2994394298687578	([91], [91, 90])
0	0.0	0.2994755093776201	([479], [479, 478])
0	0.0	0.29966042064909104	([733], [733, 732])
0	0.0	0.299775126368554	([591], [591, 590])
0	0.0	0.2997861980774817	([87], [87, 86])
0	0.0	0.2999469962966736	([691], [692, 690])
0	0.0	0.29996621647731897	([74], [74, 73])
0	0.0	0.3000279610376108	([519], [519, 518])
0	0.0	0.3000598354036747	([300], [300, 299])
0	0.0	0.3001171162686701	([808], [808, 807])
0	0.0	0.30013466400983047	([689], [689, 688])
0	0.0	0.3001443774817613	([682], [682, 681])
0	0.0	0.30021421763102846	([577], [577, 576])
0	0.0	0.300222542566276	([923], [923, 922])
0	0.0	0.30027404124702617	([303], [303, 302])
0	0.0	0.3002817779599639	([483], [483, 482])
0	0.0	0.3003382675068603	([838], [838, 837])
0	0.0	0.30048383460022154	([807], [807, 806])
0	0.0	0.3005077291038448	([690], [690, 689])
0	0.0	0.3006365363862522	([226], [226, 224])
0	0.0	0.30069401510475585	([775], [775, 774])
0	0.0	0.3007023306519426	([639], [639, 638])
0	0.0	0.30070954848065384	([166], [166, 165])
0	0.0	0.300740824319618	([81], [81, 80])
0	0.0	0.3008585028893597	([948], [948, 946])
0	0.0	0.30086982326503486	([582], [582, 581])
0	0.0	0.3008713920360759	([864], [864, 863])
0	0.0	0.30090931306865243	([151], [151, 150])
0	0.0	0.30091458536199384	([138], [138, 137])
0	0.0	0.3009619590248837	([92], [92, 91])
0	0.0	0.30112992859659876	([366], [366, 365])
0	0.0	0.30116656184952606	([745], [745, 744])
0	0.0	0.30125845284000746	([199], [199, 198])
0	0.0	0.30127384355629383	([684], [684, 683])
0	0.0	0.3013625737027797	([94], [94, 93])
0	0.0	0.3014771907408107	([97], [97, 96])
0	0.0	0.3018169248117913	([914], [914, 913])
0	0.0	0.3019528393760139	([740], [740, 739])
0	0.0	0.3022696436817297	([671], [671, 670])
0	0.0	0.30253438736012717	([780], [780, 779])
0	0.0	0.3025620301146219	([288], [288, 287])
0	0.0	0.3025807594956663	([518], [518, 517])
0	0.0	0.3026213649711187	([161], [161, 160])
0	0.0	0.3026982623051646	([794], [794, 793])
0	0.0	0.3027690764760411	([423], [423, 422])
0	0.0	0.30284075376367264	([506], [506, 505])
0	0.0	0.30285001187651833	([643], [643, 642])
0	0.0	0.3029217400340448	([919], [919, 918])
0	0.0	0.3030725386401104	([83], [83, 82])
0	0.0	0.3030873465737618	([592], [592, 591])
0	0.0	0.30316376962833125	([668], [668, 667])
0	0.0	0.3033076240216145	([36], [36, 35])
0	0.0	0.3033976357924273	([417], [417, 416])
0	0.0	0.30341553742314853	([629], [629, 628])
0	0.0	0.3034897920852107	([906], [906, 905])
0	0.0	0.3034998499628768	([902], [902, 901])
0	0.0	0.30369803260912703	([162], [162, 161])
0	0.0	0.30373354022345167	([735], [735, 734])
0	0.0	0.303998026455445	([721], [721, 720])
0	0.0	0.30410488545716674	([1], [1, 0])
0	0.0	0.3043067873679151	([535], [535, 534])
0	0.0	0.3044067205194751	([601], [601, 600])
0	0.0	0.30447303974253725	([888], [888, 887])
0	0.0	0.30451863960475833	([871], [871, 870])
0	0.0	0.3046263432697096	([478], [478, 477])
0	0.0	0.3046472663865964	([120], [120, 119])
0	0.0	0.30465344018376334	([114], [114, 113])
0	0.0	0.30480572048743604	([617], [617, 616])
0	0.0	0.3048218591309678	([785], [785, 784])
0	0.0	0.30489490344227205	([294], [294, 293])
0	0.0	0.304907183785211	([335], [335, 334])
0	0.0	0.3049233013664621	([30], [30, 29])
0	0.0	0.3051042983658705	([585], [585, 584])
0	0.0	0.3051258465879572	([69], [69, 68])
0	0.0	0.3051464484223721	([670], [670, 669])
0	0.0	0.3052360765042035	([492], [492, 491])
0	0.0	0.3052728625832437	([801], [801, 800])
0	0.0	0.3055821037382036	([133], [133, 132])
0	0.0	0.30574687262683753	([43], [43, 42])
0	0.0	0.3057721569027365	([200], [200, 199])
0	0.0	0.30586037869884375	([150], [150, 149])
0	0.0	0.30588494924993537	([576], [576, 575])
0	0.0	0.30593161116035683	([328], [328, 327])
0	0.0	0.3060395940422669	([720], [720, 719])
0	0.0	0.3060707306574351	([619], [619, 618])
0	0.0	0.30607292723527546	([921], [921, 920])
0	0.0	0.30607608971483363	([693], [693, 692])
0	0.0	0.3060809534416337	([411], [411, 410])
0	0.0	0.3061282039037162	([292], [292, 291])
0	0.0	0.30616034349515575	([558], [558, 557])
0	0.0	0.30621962781837475	([555], [555, 554])
0	0.0	0.3062642896389913	([768], [768, 767])
0	0.0	0.3062901229242186	([147], [147, 146])
0	0.0	0.30630750091507786	([165], [165, 164])
0	0.0	0.3064171151563585	([197], [197, 196])
0	0.0	0.306469419262394	([647], [647, 646])
0	0.0	0.30650877359764195	([440], [440, 439])
0	0.0	0.3065127517621631	([641], [641, 640])
0	0.0	0.306529715204135	([277], [277, 276])
0	0.0	0.3066242408647564	([379], [379, 378])
0	0.0	0.3066379204265144	([524], [524, 523])
0	0.0	0.30673479127557074	([932], [932, 931])
0	0.0	0.3067475123045818	([146], [146, 145])
0	0.0	0.30679908871388717	([817], [817, 816])
0	0.0	0.30683244817992683	([584], [584, 583])
0	0.0	0.30687374253152	([195], [195, 194])
0	0.0	0.30687551554044684	([450], [450, 449])
0	0.0	0.30698797954741186	([234], [234, 233])
0	0.0	0.3070009221283447	([428], [428, 427])
0	0.0	0.30707474509193183	([174], [174, 173])
0	0.0	0.3071048243769144	([940], [940, 939])
0	0.0	0.3071279649790035	([915], [915, 914])
0	0.0	0.3071864974562033	([698], [698, 697])
0	0.0	0.3073263342191773	([497], [497, 496])
0	0.0	0.3073278203555897	([925], [925, 924])
0	0.0	0.3075300979526343	([238], [238, 237])
0	0.0	0.30754905928586573	([731], [731, 730])
0	0.0	0.3077037431094846	([173], [173, 172])
0	0.0	0.3079151829729313	([176], [176, 175])
0	0.0	0.3079682790831296	([938], [938, 937])
0	0.0	0.3080509322492346	([649], [649, 648])
0	0.0	0.30816901235138133	([598], [598, 597])
0	0.0	0.3081758070775055	([155], [155, 154])
0	0.0	0.3081896869641455	([158], [158, 157])
0	0.0	0.3082094443450557	([644], [644, 643])
0	0.0	0.30836162625867397	([723], [723, 722])
0	0.0	0.3085855591375377	([793], [793, 792])
0	0.0	0.30859607280361223	([189], [189, 188])
0	0.0	0.30904386191620464	([650], [650, 649])
0	0.0	0.3091224173375472	([224], [224, 223])
0	0.0	0.30922288800394543	([25], [25, 24])
0	0.0	0.3092847783817491	([306], [306, 305])
0	0.0	0.30941787788705605	([129], [129, 128])
0	0.0	0.3094193762062308	([464], [464, 463])
0	0.0	0.3095001737918744	([52], [52, 50])
0	0.0	0.3095232732656387	([374], [374, 373])
0	0.0	0.30969335282601274	([132], [132, 131])
0	0.0	0.3098335530547768	([101], [101, 100])
0	0.0	0.3099700419498434	([142], [142, 141])
0	0.0	0.3100573890348278	([791], [791, 790])
0	0.0	0.31011202092629736	([815], [815, 814])
0	0.0	0.31016482831852904	([878], [878, 877])
0	0.0	0.3102102190562152	([563], [563, 562])
0	0.0	0.3103132134850437	([627], [627, 626])
0	0.0	0.31037641361570445	([566], [566, 565])
0	0.0	0.31059921184820316	([90], [91, 89])
0	0.0	0.3106206107957548	([495], [495, 494])
0	0.0	0.3106538295240473	([23], [23, 22])
0	0.0	0.31074178014919596	([369], [369, 368])
0	0.0	0.3108185828403978	([917], [917, 916])
0	0.0	0.31096399434561445	([458], [458, 457])
0	0.0	0.31096621812137604	([96], [96, 95])
0	0.0	0.31098513295403557	([511], [511, 510])
0	0.0	0.31112573064767063	([194], [194, 193])
0	0.0	0.3111498714658376	([140], [140, 139])
0	0.0	0.3112610812995379	([714], [714, 713])
0	0.0	0.311267097990841	([621], [621, 620])
0	0.0	0.31135100815553274	([393], [393, 392])
0	0.0	0.3115163936064792	([107], [107, 106])
0	0.0	0.3115448755008378	([544], [544, 543])
0	0.0	0.31164434516566253	([933], [933, 932])
0	0.0	0.3116623041631736	([569], [569, 568])
0	0.0	0.31173632272144397	([308], [308, 307])
0	0.0	0.3118432273773359	([80], [80, 79])
0	0.0	0.3118795328286655	([855], [855, 854])
0	0.0	0.3121121300861984	([414], [414, 413])
0	0.0	0.3121791280535398	([153], [153, 152])
0	0.0	0.3122287092466062	([154], [154, 153])
0	0.0	0.31232468326900303	([48], [48, 47])
0	0.0	0.31240989557596344	([331], [331, 330])
0	0.0	0.3124958564684932	([819], [819, 818])
0	0.0	0.31269832469980885	([486], [486, 485])
0	0.0	0.3132845165898892	([40], [40, 39])
0	0.0	0.31331383852057276	([347], [347, 346])
0	0.0	0.31353619245529857	([653], [653, 652])
0	0.0	0.31356504537252394	([348], [348, 347])
0	0.0	0.31376080210577	([742], [742, 741])
0	0.0	0.31376953776975486	([460], [460, 459])
0	0.0	0.3138623213680541	([875], [875, 874])
0	0.0	0.31386874569924433	([796], [796, 795])
0	0.0	0.3139495332839761	([586], [586, 585])
0	0.0	0.3140434382701944	([669], [669, 668])
0	0.0	0.31408880723664717	([29], [29, 28])
0	0.0	0.3141017730360005	([157], [157, 156])
0	0.0	0.31415115059582244	([159], [159, 158])
0	0.0	0.3141545355137047	([314], [314, 313])
0	0.0	0.31416926190619554	([531], [531, 530])
0	0.0	0.3146592757112805	([786], [786, 785])
0	0.0	0.3147377904260383	([574], [574, 573])
0	0.0	0.3147400444629389	([64], [64, 63])
0	0.0	0.31477756173400595	([313], [313, 312])
0	0.0	0.31478155907939975	([654], [654, 653])
0	0.0	0.31498909103200573	([134], [134, 133])
0	0.0	0.31505682274371966	([579], [579, 578])
0	0.0	0.31522194177644364	([706], [706, 705])
0	0.0	0.3153583353292812	([754], [754, 753])
0	0.0	0.31560124285628144	([446], [446, 445])
0	0.0	0.3156038287535156	([672], [672, 671])
0	0.0	0.3156465136697592	([102], [102, 101])
0	0.0	0.3160553941895695	([141], [141, 140])
0	0.0	0.316264830544777	([797], [797, 796])
0	0.0	0.31637391183699526	([851], [851, 850])
0	0.0	0.3163982313106228	([626], [626, 625])
0	0.0	0.31649362412390153	([712], [712, 711])
0	0.0	0.31654982563675205	([812], [812, 811])
0	0.0	0.31659226455842376	([164], [164, 163])
0	0.0	0.31663160016678993	([426], [426, 425])
0	0.0	0.31664812360415484	([184], [184, 182])
0	0.0	0.31667542277608324	([183], [183, 182])
0	0.0	0.3167419427390959	([661], [661, 660])
0	0.0	0.3168620325887946	([412], [412, 411])
0	0.0	0.3169751316867515	([646], [646, 645])
0	0.0	0.3171051517705577	([149], [149, 148])
0	0.0	0.3171067951735689	([674], [674, 673])
0	0.0	0.31711598425501264	([57], [57, 56])
0	0.0	0.3172427514700229	([515], [515, 513])
0	0.0	0.31753427067382484	([664], [664, 663])
0	0.0	0.3175564358332028	([76], [76, 75])
0	0.0	0.31759776077642976	([231], [231, 230])
0	0.0	0.31771460049641936	([70], [70, 69])
0	0.0	0.31779912118457504	([865], [865, 864])
0	0.0	0.318213337551242	([657], [657, 656])
0	0.0	0.31824579009604387	([71], [71, 69])
0	0.0	0.3183249313740136	([430], [430, 429])
0	0.0	0.3185915858614596	([755], [755, 754])
0	0.0	0.3187003717432635	([168], [168, 167])
0	0.0	0.31889277358591794	([135], [135, 134])
0	0.0	0.3189079601874253	([390], [392, 389])
0	0.0	0.31895742896778034	([927], [927, 926])
0	0.0	0.3190179595957803	([831], [831, 830])
0	0.0	0.31910904475768004	([845], [847, 844])
0	0.0	0.3192343872644003	([908], [908, 907])
0	0.0	0.3193214355718216	([405], [405, 404])
0	0.0	0.3194228273243227	([279], [279, 277])
0	0.0	0.31947642424508393	([635], [635, 633])
0	0.0	0.3196789306377853	([779], [779, 778])
0	0.0	0.3198380192136674	([509], [509, 508])
0	0.0	0.32018221312791495	([590], [590, 589])
0	0.0	0.32019262827136474	([463], [463, 462])
0	0.0	0.3203377526893307	([856], [856, 855])
0	0.0	0.3203953880148835	([638], [638, 637])
0	0.0	0.32074296800727986	([439], [439, 437])
0	0.0	0.320897769063837	([63], [63, 62])
0	0.0	0.32112401864343426	([718], [718, 717])
0	0.0	0.3211631467390813	([28], [28, 27])
0	0.0	0.32124390486821963	([243], [243, 242])
0	0.0	0.3214207964999819	([365], [365, 364])
0	0.0	0.3217111708381094	([513], [513, 512])
0	0.0	0.3217697180991778	([728], [728, 727])
0	0.0	0.3219800361507101	([456], [456, 455])
0	0.0	0.3222026651229384	([946], [946, 945])
0	0.0	0.32228326448218614	([273], [273, 272])
0	0.0	0.3224151781018131	([89], [89, 88])
0	0.0	0.3224220082833506	([811], [811, 810])
0	0.0	0.32273941044906357	([835], [835, 834])
0	0.0	0.3229262463686182	([475], [475, 473])
0	0.0	0.3230704533534852	([20], [20, 19])
0	0.0	0.3230775350612284	([613], [613, 612])
0	0.0	0.3232899607147287	([471], [471, 470])
0	0.0	0.32330214331992935	([716], [716, 715])
0	0.0	0.32332018477395674	([401], [401, 400])
0	0.0	0.32364420292088547	([229], [229, 228])
0	0.0	0.32377351886213135	([581], [581, 580])
0	0.0	0.32390946723679714	([857], [857, 856])
0	0.0	0.32398551825698085	([39], [39, 38])
0	0.0	0.32431779906218283	([622], [622, 621])
0	0.0	0.3243216266365939	([230], [230, 229])
0	0.0	0.3243743272264496	([214], [214, 213])
0	0.0	0.32455309944690713	([473], [473, 472])
0	0.0	0.3245809250359402	([301], [301, 300])
0	0.0	0.32463686399879804	([876], [877, 874])
0	0.0	0.3249240930782848	([286], [286, 285])
0	0.0	0.32493178254834076	([402], [402, 401])
0	0.0	0.3251009618511075	([711], [711, 710])
0	0.0	0.32517946609474296	([139], [139, 138])
0	0.0	0.3253170054558746	([600], [600, 599])
0	0.0	0.3253478319633445	([466], [466, 465])
0	0.0	0.3255834396050001	([652], [652, 651])
0	0.0	0.3257432711627123	([304], [304, 303])
0	0.0	0.3260883336565502	([597], [597, 596])
0	0.0	0.32620661086814445	([615], [615, 614])
0	0.0	0.32674067713542326	([395], [395, 394])
0	0.0	0.3269132448120066	([127], [127, 126])
0	0.0	0.32750669786775966	([346], [346, 345])
0	0.0	0.3277055694428392	([490], [490, 489])
0	0.0	0.32770676364153467	([820], [820, 819])
0	0.0	0.3277549211852504	([187], [187, 186])
1	0.3177900243805482	0.32781875838546093	([830, 827], [830, 829, 828])
0	0.0	0.3279208224481904	([572], [573, 571])
0	0.0	0.32797366703072467	([500], [500, 499])
0	0.0	0.32844934455876257	([461], [461, 460])
0	0.0	0.32860828434042694	([861], [861, 860])
0	0.0	0.32877697128241357	([182], [182, 181])
0	0.0	0.3289490402033917	([750], [750, 749])
0	0.0	0.3295167708679751	([45], [45, 44])
0	0.0	0.32961555348397775	([633], [633, 632])
0	0.0	0.3304130105663918	([859], [859, 858])
0	0.0	0.33059002600078446	([595], [595, 594])
0	0.0	0.33073183569195547	([790], [790, 789])
0	0.0	0.33077528680260565	([512], [512, 511])
0	0.0	0.33104077520236386	([196], [196, 194])
0	0.0	0.3316897276876802	([663], [663, 662])
0	0.0	0.3318207877666044	([181], [181, 180])
0	0.0	0.3318929042213938	([223], [223, 222])
0	0.0	0.3321458835454643	([931], [931, 930])
0	0.0	0.33230520504945177	([237], [237, 236])
0	0.0	0.3323836943437171	([337], [337, 336])
0	0.0	0.3324980014203959	([341], [341, 340])
0	0.0	0.33274342176670335	([530], [530, 528])
0	0.0	0.3328451645443111	([221], [221, 220])
0	0.0	0.33323287049618866	([311], [311, 310])
0	0.0	0.3334182831069863	([112], [112, 111])
0	0.0	0.3335194451078753	([502], [502, 501])
0	0.0	0.333604525372153	([848], [848, 847])
0	0.0	0.33371749524624156	([122], [122, 121])
0	0.0	0.3344637947409436	([109], [109, 108])
0	0.0	0.33468911228371995	([769], [769, 768])
0	0.0	0.33491912182114414	([427], [428, 425])
0	0.0	0.3351533503331324	([738], [738, 737])
1	0.33097000506264557	0.33538093695237314	([405, 401], [405, 404, 402])
0	0.0	0.33608348344553285	([325], [325, 324])
0	0.0	0.33620365229209287	([882], [882, 881])
0	0.0	0.3363163416509603	([686], [686, 685])
0	0.0	0.33633796629702256	([543], [543, 542])
0	0.0	0.33669646558905025	([805], [805, 804])
0	0.0	0.3369489082940484	([271], [271, 270])
0	0.0	0.3371034984050455	([310], [310, 309])
0	0.0	0.3380268240557679	([222], [222, 215])
0	0.0	0.3380853437779042	([215], [215, 214])
0	0.0	0.3380984277409729	([287], [287, 285])
0	0.0	0.33833857285316965	([298], [298, 296])
0	0.0	0.33886421423937974	([675], [675, 674])
0	0.0	0.33940035472894203	([893], [893, 892])
0	0.0	0.3401205666556306	([206], [206, 205])
1	0.32903921786159546	0.3405712465629895	([876, 875], [877, 876, 874])
0	0.0	0.3406514564752508	([612], [612, 609])
0	0.0	0.3407821975967391	([567], [567, 566])
0	0.0	0.340825900784623	([263], [263, 262])
0	0.0	0.3408601942310297	([53], [53, 52])
0	0.0	0.3417663074731805	([469], [470, 468])
0	0.0	0.34186165821294356	([695], [695, 694])
0	0.0	0.34220763648293345	([762], [762, 761])
0	0.0	0.3432363779510948	([482], [482, 481])
0	0.0	0.3434290302007572	([609], [609, 608])
0	0.0	0.34343415223071827	([534], [534, 531])
0	0.0	0.34360076401044487	([268], [268, 266])
0	0.0	0.3440114842669533	([659], [659, 658])
0	0.0	0.34446171541355386	([701], [701, 700])
0	0.0	0.3448303006533337	([806], [806, 805])
0	0.0	0.3455680297533464	([841], [841, 840])
0	0.0	0.3457960227329524	([103], [103, 102])
0	0.0	0.34614877400072763	([47], [47, 45])
0	0.0	0.34633198196293274	([452], [452, 451])
0	0.0	0.346732065420447	([22], [47, 46])
0	0.0	0.3469488137867781	([106], [106, 104])
0	0.0	0.34713459173007677	([213], [222, 220])
0	0.0	0.3486447947829554	([104], [104, 103])
1	0.34880415936695214	0.34886141619150945	([626, 621], [626, 625, 621])
0	0.0	0.34900279435966236	([388], [388, 386])
0	0.0	0.3507604278542045	([258], [258, 252])
0	0.0	0.3510070338916425	([550], [550, 549])
0	0.0	0.35210115910618933	([262], [262, 260])
0	0.0	0.3527043648006109	([685], [685, 684])
0	0.0	0.3528354330635007	([553], [553, 552])
0	0.0	0.3529486076544295	([547], [547, 546])
0	0.0	0.3535673978511488	([777], [777, 776])
0	0.0	0.3539480723535278	([210], [210, 209])
0	0.0	0.3543581012943297	([516], [519, 515])
0	0.0	0.35456085727059033	([947], [947, 946])
1	0.3437640635448791	0.355083240055654	([620, 615], [620, 618, 616])
0	0.0	0.35605184091206343	([631], [631, 629])
1	0.3540440658727092	0.35612234953349586	([605, 600], [605, 603, 600])
0	0.0	0.3563108001640988	([476], [476, 475])
0	0.0	0.35694356688794876	([241], [242, 240])
0	0.0	0.3571556636639708	([116], [116, 115])
0	0.0	0.35768137525977384	([117], [117, 115])
1	0.3524317760695518	0.3582106563589041	([300, 296], [300, 299, 298])
0	0.0	0.3593375754578718	([370], [370, 369])
0	0.0	0.3598430418211747	([387], [387, 386])
0	0.0	0.36056030339749356	([219], [221, 218])
0	0.0	0.36116443560794986	([438], [438, 437])
0	0.0	0.3624480295342785	([278], [278, 277])
0	0.0	0.3627099946250098	([520], [520, 519])
0	0.0	0.3629208539074886	([218], [213, 211])
1	0.36076231635336486	0.3631227360543866	([219, 215], [222, 220, 219])
0	0.0	0.3633054192077517	([105], [105, 104])
0	0.0	0.3638453628732595	([834], [834, 832])
0	0.0	0.36543566041105985	([630], [630, 629])
0	0.0	0.3655006331431429	([726], [834, 833])
0	0.0	0.3659962297977741	([425], [530, 529])
0	0.0	0.36604786870856815	([209], [209, 208])
0	0.0	0.36657276416601176	([323], [323, 322])
0	0.0	0.36688110290198	([296], [298, 297])
0	0.0	0.36770469823911306	([529], [425, 423])
0	0.0	0.36793932598428586	([172], [192, 191])
0	0.0	0.36804931907982025	([407], [407, 406])
0	0.0	0.3684169283178558	([93], [93, 92])
0	0.0	0.36875520655404925	([353], [353, 352])
0	0.0	0.3690470095865603	([533], [533, 532])
0	0.0	0.36951344216692783	([68], [68, 67])
0	0.0	0.3706767174899125	([260], [262, 261])
1	0.36993540103975364	0.3707873927655348	([401, 395], [401, 400, 395])
0	0.0	0.37132282311228504	([540], [612, 611])
0	0.0	0.37175027135991834	([208], [208, 206])
0	0.0	0.3726962478410976	([191], [172, 169])
0	0.0	0.37283935041532984	([371], [371, 368])
0	0.0	0.3729514122865158	([290], [290, 289])
0	0.0	0.373029882826611	([212], [212, 211])
0	0.0	0.3731538362459149	([205], [226, 225])
0	0.0	0.37378528321483684	([266], [266, 265])
0	0.0	0.37434871511521345	([21], [21, 20])
0	0.0	0.3746444094151462	([291], [291, 287])
0	0.0	0.3763572853641333	([702], [702, 701])
0	0.0	0.3765019833748673	([264], [264, 263])
0	0.0	0.37695571757330903	([725], [725, 724])
0	0.0	0.3772828700398295	([240], [240, 239])
0	0.0	0.3777657359008301	([356], [356, 353])
1	0.37745195090940736	0.3778063495114772	([58, 52], [58, 57, 53])
0	0.0	0.37790003336286837	([611], [540, 539])
0	0.0	0.3790468853896808	([295], [295, 294])
0	0.0	0.37986664688830535	([265], [265, 262])
0	0.0	0.38158887287804233	([665], [665, 664])
0	0.0	0.38212749236776916	([380], [380, 379])
0	0.0	0.3827531414258022	([284], [284, 283])
0	0.0	0.38280130611124735	([634], [634, 633])
0	0.0	0.3830773902811205	([228], [228, 226])
1	0.37687540156378924	0.3835140672891513	([858, 851], [858, 855, 851])
0	0.0	0.38374588374646523	([656], [656, 654])
0	0.0	0.3839160518702815	([257], [257, 248])
0	0.0	0.3842291706681375	([51], [51, 50])
0	0.0	0.38463589854134683	([46], [22, 21])
0	0.0	0.3850942810084291	([267], [267, 266])
0	0.0	0.3851975073256546	([244], [244, 243])
0	0.0	0.385366858709071	([419], [419, 417])
0	0.0	0.3854529950430858	([297], [296, 294])
0	0.0	0.38661296195518713	([418], [418, 417])
0	0.0	0.388269440826413	([386], [386, 384])
1	0.388065037513119	0.3897947460381908	([581, 575], [581, 580, 579])
0	0.0	0.3904923240955493	([355], [355, 354])
1	0.38682856642056496	0.391594758335952	([658, 653], [658, 656, 653])
0	0.0	0.39199626990805886	([378], [379, 377])
0	0.0	0.39235118280840836	([283], [283, 282])
0	0.0	0.39247670702021664	([217], [217, 216])
0	0.0	0.3942510024010468	([275], [276, 273])
0	0.0	0.3949192648968221	([225], [205, 204])
0	0.0	0.39727157269244084	([274], [274, 273])
0	0.0	0.3977395993815702	([385], [385, 384])
0	0.0	0.39850138321152445	([833], [726, 725])
0	0.0	0.401691613821098	([204], [204, 203])
0	0.0	0.40380881443157174	([666], [666, 665])
0	0.0	0.4046435687114898	([171], [171, 170])
0	0.0	0.40825590977603815	([0], [228, 227])
1	0.4009881224712234	0.41132747878273923	([509, 502], [509, 508, 502])
0	0.0	0.41165036933742	([655], [655, 654])
0	0.0	0.4126210617068642	([285], [285, 284])
1	0.41625109593739035	0.41910064829475735	([510, 501], [510, 509, 501])
0	0.0	0.4242624586148954	([282], [282, 281])
0	0.0	0.42585667576418007	([247], [247, 246])
0	0.0	0.4476333212006165	([246], [246, 243])
0	0.0	0.4557395802370051	([249], [249, 245])
1	0.4571810125574443	0.45866489932666477	([103, 92], [103, 100, 92])
1	0.4560841960802772	0.461939229653337	([663, 646], [663, 656, 646])
0	0.0	0.4632344273340882	([261], [260, 259])
0	0.0	0.4642198222446238	([259], [259, 249])
0	0.0	0.4653561280056452	([256], [256, 245])
0	0.0	0.4675445259724465	([255], [255, 245])
0	0.0	0.47950584213952324	([245], [259, 250])
0	0.0	0.4843093849138753	([250], [245, 244])
0	0.0	0.4898874374748926	([248], [248, 247])
0	0.0	0.49297297011465757	([227], [282, 251])
0	0.0	0.495472178587452	([251], [385, 253])
0	0.0	0.4965729124832613	([253], [259, 252])
0	0.0	0.5047360890256747	([252], [274, 254])
1	0.511201727867531	0.5138922904660777	([246, 245], [246, 245, 244])
1	0.5750195010413864	0.5825530537507374	([492, 472], [492, 484, 476])
1	0.5813824587811129	0.585759192886122	([309, 284], [309, 301, 285])
1	0.5272008193665845	0.5911102743589396	([267, 249], [267, 260, 259])
1	0.6051386950010288	0.6055506525726497	([44, 29], [44, 39, 38])
1	0.6022918183986298	0.6104791511600475	([39, 17], [39, 30, 20])
1	0.5862044900689644	0.6138411834042965	([75, 48], [75, 67, 48])
1	0.6142237444964844	0.6149421357218955	([910, 881], [910, 896, 881])
1	0.5465643634247044	0.6169700968472934	([278, 255], [278, 269, 265])
1	0.6163508230071637	0.6196665696433168	([707, 689], [706, 698, 697])
1	0.5210489554159036	0.6256487066188569	([387, 256], [387, 379, 374])
1	0.623011913031111	0.6258781258141967	([260, 242], [260, 259, 244])
1	0.6256364365255573	0.628533359723477	([45, 28], [45, 43, 28])
1	0.6259910747273008	0.6293942183042995	([795, 767], [795, 782, 778])
1	0.6133927568454538	0.6296553190604732	([259, 244], [263, 260, 243])
1	0.616850329860727	0.63420914899133	([252, 209], [252, 218, 209])
1	0.6282009827571295	0.635769872014276	([243, 209], [243, 236, 228])
1	0.6227457432814646	0.6360569800384275	([439, 412], [439, 428, 424])
1	0.6368649755703713	0.6378073803693306	([35, 10], [35, 23, 18])
1	0.6182470577960612	0.6378658713984983	([617, 592], [617, 609, 608])
1	0.6189117957966215	0.6439065625466143	([265, 246], [265, 260, 243])
1	0.6355191049205468	0.6453529475511094	([125, 84], [125, 112, 84])
1	0.5736391072941495	0.6468705897163348	([46, 18], [46, 39, 18])
1	0.643783612629271	0.6487556186721426	([912, 872], [912, 895, 880])
1	0.6358889868156814	0.6491729786799211	([769, 748], [769, 759, 753])
1	0.6493845754858999	0.6510903909993098	([127, 85], [127, 123, 85])
1	0.6502366770450909	0.6517853487610633	([209, 180], [209, 195, 180])
1	0.5456977042665772	0.6518150025225807	([250, 212], [250, 225, 212])
1	0.617483112066141	0.6526668772432455	([241, 207], [241, 223, 216])
1	0.6099736349478796	0.6539659853573332	([247, 212], [247, 243, 205])
1	0.6528983750340663	0.6540342320230559	([794, 766], [795, 794, 766])
1	0.6523883044547293	0.6545195738977805	([192, 134], [192, 188, 134])
1	0.6338740957669523	0.6546628982727603	([124, 83], [126, 112, 87])
1	0.6445261787491163	0.6576364152100972	([47, 0], [47, 29, 21])
1	0.6558115175284768	0.6603585693027182	([415, 381], [415, 408, 392])
1	0.6508503227196292	0.6609570566132245	([188, 131], [188, 166, 154])
1	0.6289373630280836	0.6625331241380382	([123, 81], [123, 108, 94])
1	0.6535346846313775	0.6632915052729405	([416, 384], [416, 413, 385])
1	0.6329470708654097	0.664243491486672	([44, 1], [44, 30, 26])
1	0.6447310450657502	0.6644682791602444	([443, 419], [443, 435, 419])
1	0.6579134828461826	0.6648626033194465	([131, 82], [131, 123, 85])
1	0.641028707078727	0.6654023235149846	([261, 241], [261, 259, 241])
1	0.665435282103556	0.6667150266125608	([529, 491], [529, 516, 491])
1	0.6475046387597362	0.6675086405378333	([40, 5], [40, 20, 1])
1	0.667582716068858	0.6679210028998628	([213, 184], [213, 201, 192])
1	0.585304106586244	0.6682109983590836	([106, 46], [92, 66, 46])
1	0.6584150243519691	0.6682853393888601	([142, 114], [140, 131, 114])
1	0.6480730782978237	0.6701704994273764	([41, 12], [41, 29, 25])
1	0.6669693947319568	0.6714251342988122	([541, 507], [541, 525, 516])
1	0.6626438827198116	0.6717879116258605	([122, 46], [122, 111, 46])
1	0.6615958788543931	0.6723677714749051	([902, 862], [902, 882, 873])
1	0.6626043554704097	0.6735076559980792	([940, 896], [940, 914, 911])
1	0.6683950613960559	0.673751901608988	([931, 881], [931, 927, 881])
1	0.6682193258075847	0.6740814044561219	([52, 20], [52, 43, 28])
1	0.6721686420669275	0.6742495640031938	([540, 506], [540, 527, 513])
1	0.6718030980844291	0.6751611308050565	([84, 44], [84, 76, 46])
1	0.6648390792620043	0.6771065931477732	([241, 47], [259, 241, 46])
1	0.6485081816463547	0.67790495689065	([939, 909], [936, 923, 909])
1	0.6606191740079826	0.678498375860882	([707, 659], [707, 685, 683])
1	0.6737919082064122	0.6801399126886952	([750, 696], [750, 727, 723])
1	0.6393536561401095	0.6802095795897926	([243, 43], [246, 243, 42])
1	0.662148730331766	0.6807155235538423	([736, 689], [736, 712, 705])
1	0.6401436766823942	0.6809633252966081	([105, 45], [105, 88, 45])
1	0.6742610196138559	0.6809916896437984	([942, 880], [942, 936, 899])
1	0.6503714242579068	0.6812243379773115	([213, 45], [246, 230, 45])
1	0.6704884139440903	0.682407231499585	([901, 855], [901, 875, 870])
1	0.6662640911953872	0.6824578428108778	([222, 46], [241, 222, 207])
1	0.6823591791845156	0.6825063394434827	([287, 46], [287, 278, 272])
1	0.676698943518525	0.6828032330984332	([84, 28], [84, 44, 28])
1	0.6510125378007702	0.6831414131339134	([286, 246], [286, 261, 246])
1	0.629057464690091	0.6833103496132178	([950, 904], [936, 935, 904])
1	0.6814721769579953	0.683347571725522	([149, 46], [172, 158, 46])
1	0.6711724099552387	0.6835554706785388	([100, 59], [100, 76, 75])
1	0.676829157869693	0.6837785814469173	([203, 125], [203, 197, 128])
1	0.6104346354612492	0.6847118839805754	([263, 243], [261, 255, 244])
1	0.6823361542311285	0.6847429718587769	([198, 85], [198, 188, 131])
1	0.6806755633899929	0.6852510444412977	([909, 849], [909, 881, 872])
1	0.6579492008472849	0.685261155286498	([950, 876], [950, 904, 876])
1	0.6703015653347323	0.686532702822624	([197, 128], [187, 156, 136])
1	0.6860489535031992	0.6868895434990611	([934, 888], [934, 917, 907])
1	0.6782446888216684	0.6876850983534507	([124, 54], [124, 88, 54])
1	0.6804613526169963	0.6884235176315121	([432, 382], [432, 413, 412])
1	0.659525448323119	0.6890540247268724	([196, 130], [196, 187, 129])
1	0.6798231745502138	0.6892073058191662	([617, 565], [617, 592, 565])
1	0.6892514418574486	0.6892709922224386	([549, 512], [549, 529, 528])
1	0.6803156584153696	0.6897789264215154	([506, 450], [506, 491, 489])
1	0.6667876027384547	0.6902967878512689	([925, 865], [929, 909, 849])
1	0.6894900049279423	0.6903182869471762	([82, 36], [82, 68, 43])
1	0.6847287400824013	0.6909626480925201	([246, 184], [246, 230, 194])
1	0.6693810772673516	0.6909943712279222	([754, 695], [754, 738, 695])
1	0.681878274894098	0.6911419651053426	([217, 186], [217, 209, 186])
1	0.6886160021590256	0.6913983007046851	([471, 424], [471, 443, 424])
1	0.6759213150276664	0.6914472989023053	([188, 78], [188, 131, 126])
1	0.6632177144710042	0.6914472989023053	([195, 126], [195, 188, 126])
1	0.6774502777316819	0.6915762523137154	([950, 830], [950, 830, 806])
1	0.6882579933755913	0.6917102046322832	([945, 890], [945, 916, 894])
1	0.6586897241689378	0.6917696563927491	([246, 106], [246, 106, 45])
1	0.6917755158115519	0.6922137986789787	([334, 288], [334, 318, 288])
1	0.6865454272109546	0.6922579893158559	([126, 49], [126, 83, 67])
1	0.6852561281315139	0.6935750002517794	([786, 719], [786, 769, 767])
1	0.6898569525147843	0.6936110469391378	([624, 568], [624, 617, 568])
1	0.648532447816939	0.6944407755023906	([346, 46], [346, 338, 287])
1	0.6838190987900897	0.6945156374378847	([205, 84], [205, 188, 126])
1	0.6841110540675804	0.6948484647607847	([152, 89], [152, 129, 114])
1	0.6934831560776153	0.6950378783770569	([341, 283], [383, 381, 283])
1	0.6890722792653344	0.6955912653413978	([246, 142], [246, 184, 181])
1	0.6950779700873506	0.6957067494251827	([365, 246], [365, 266, 263])
1	0.6587232263790629	0.6960271899116363	([127, 47], [128, 87, 47])
1	0.6873523356458058	0.6976420946083548	([939, 878], [939, 924, 879])
1	0.6852124627873406	0.6976420946083548	([944, 879], [944, 939, 879])
1	0.6883333560571487	0.6976595254758556	([627, 586], [627, 606, 586])
1	0.6818178694790734	0.6982136240522632	([602, 556], [602, 584, 556])
1	0.6939437653460365	0.6983953510747274	([931, 845], [950, 931, 845])
1	0.6924563508038413	0.6985027831756278	([142, 96], [142, 114, 98])
1	0.6799034247960681	0.6986721782313359	([243, 123], [243, 123, 48])
1	0.6819389723380522	0.6992600494497495	([383, 277], [378, 341, 284])
1	0.6942670605247087	0.6995666172211976	([82, 0], [82, 36, 0])
1	0.6955448199433955	0.6996940238057208	([547, 505], [547, 534, 518])
1	0.6876733133242746	0.6998583496483448	([85, 38], [85, 55, 53])
1	0.6944840011187673	0.700172397679883	([335, 246], [327, 302, 246])
1	0.68319705217953	0.7002267567543994	([719, 612], [719, 612, 610])
1	0.6956010681465074	0.7002861954120514	([935, 863], [935, 888, 881])
1	0.6295028829458563	0.700400913658681	([278, 46], [244, 242, 49])
1	0.6770827962605321	0.700750604781295	([747, 686], [747, 714, 707])
1	0.6980306659073219	0.7008046045009321	([502, 454], [502, 491, 454])
1	0.6517518247243974	0.7008314693417899	([765, 700], [760, 739, 729])
1	0.6707213220420657	0.701248995498591	([391, 344], [391, 375, 371])
1	0.6109829613067164	0.7015351862540795	([246, 45], [246, 142, 113])
1	0.676385309850749	0.7019745240375668	([172, 46], [141, 122, 117])
1	0.6907656363104484	0.7019901644528665	([365, 263], [365, 337, 335])
1	0.6831435268213535	0.7020325005975268	([884, 828], [884, 874, 832])
1	0.6847873515587933	0.702489356683878	([943, 877], [947, 932, 885])
1	0.6986333826497239	0.7025583629315271	([875, 246], [947, 935, 246])
1	0.6757359628674726	0.7029432629312168	([196, 46], [196, 129, 123])
1	0.6955365495844413	0.7029507305721535	([228, 185], [228, 200, 195])
1	0.6784411621932714	0.7030983686722823	([917, 846], [917, 881, 848])
1	0.6867183444336735	0.7042829034003047	([934, 869], [934, 890, 888])
1	0.6646992075698613	0.7047764178939849	([262, 248], [259, 248, 245])
1	0.5321842364245799	0.7047764178939849	([261, 255], [259, 249, 245])
1	0.6949815665673146	0.7048446827939638	([794, 702], [794, 770, 702])
1	0.6865961424853325	0.7051758363239862	([643, 595], [643, 628, 595])
1	0.6884651336343215	0.7052059316815925	([207, 150], [246, 207, 194])
1	0.6957565021419894	0.7054382627704593	([182, 117], [182, 140, 139])
1	0.6989293923835007	0.7059566723493248	([210, 135], [210, 183, 135])
1	0.6944855638131803	0.7061050489937937	([759, 699], [765, 759, 699])
1	0.7037178461327446	0.7062383619566347	([354, 285], [354, 341, 283])
1	0.7011467188822118	0.7065136924050743	([822, 749], [822, 749, 719])
1	0.7045412910752089	0.7068108774293241	([878, 819], [878, 856, 828])
1	0.7015227560298589	0.7068567634403264	([568, 504], [568, 551, 504])
1	0.7067518224693866	0.7074993436019186	([423, 284], [423, 415, 284])
1	0.6876698445420764	0.7074993436019186	([439, 246], [439, 415, 284])
1	0.7037148578744654	0.7079538138128583	([556, 503], [556, 524, 521])
1	0.6998352080935896	0.7080350293727473	([403, 367], [403, 384, 372])
1	0.6925658950294032	0.708132625742359	([926, 760], [926, 921, 765])
1	0.6606232824935172	0.7081434854197816	([950, 790], [923, 906, 845])
1	0.7038815037103098	0.7086614320296162	([426, 374], [426, 420, 374])
1	0.7082720659515895	0.7092436051425145	([640, 548], [640, 566, 548])
1	0.6961710224238784	0.709355583187649	([758, 697], [765, 758, 697])
1	0.7051747886794324	0.7094605933019384	([196, 89], [196, 123, 78])
1	0.7034766171310427	0.7097421040573023	([198, 30], [198, 85, 30])
1	0.6988218233174398	0.7098018454730642	([815, 722], [815, 795, 700])
1	0.5557472103922249	0.70980522545057	([297, 255], [297, 278, 272])
1	0.7096998893098768	0.7113467079833627	([150, 93], [150, 124, 93])
1	0.7011779927591718	0.711403307095882	([831, 246], [875, 842, 829])
1	0.7098079518215543	0.7119630989953483	([685, 631], [685, 648, 631])
1	0.6972366541581776	0.7120302617105513	([493, 416], [493, 448, 416])
1	0.6956505721786868	0.7123472792464653	([922, 825], [925, 865, 848])
1	0.673045884383214	0.7125135037134628	([948, 874], [948, 937, 874])
1	0.7094087050254726	0.7125844427995982	([399, 348], [399, 374, 370])
1	0.701582765227873	0.7127212453906384	([529, 246], [558, 539, 246])
1	0.7084547339334009	0.7128426727743118	([78, 19], [78, 40, 31])
1	0.6843749214470268	0.7131768318428785	([390, 304], [390, 304, 283])
1	0.7031490303242168	0.7135513430113305	([131, 42], [131, 81, 70])
1	0.7034921186936051	0.7138343125571845	([411, 280], [411, 378, 284])
1	0.7026828769374074	0.7143172389676343	([216, 137], [216, 205, 187])
1	0.7032208405946723	0.714320107273319	([214, 140], [214, 191, 189])
1	0.7125654360154934	0.7143693966058663	([775, 709], [775, 774, 709])
1	0.7091230172424119	0.714404807887073	([413, 282], [413, 383, 282])
1	0.7025538546937512	0.7145104745503277	([426, 332], [426, 404, 374])
1	0.7093026244426565	0.7145877693762178	([783, 727], [783, 769, 747])
1	0.7057681371748991	0.7149269940603137	([127, 37], [127, 47, 42])
1	0.7148030905269231	0.7153679518723451	([284, 205], [284, 278, 205])
1	0.7136308599978856	0.715481535763273	([333, 266], [333, 322, 266])
1	0.7087363004891734	0.7156817980417245	([439, 372], [439, 407, 372])
1	0.6808183871164655	0.7157152719278718	([206, 83], [206, 83, 45])
1	0.6905813759638251	0.7158515316604839	([404, 332], [404, 387, 332])
1	0.7072550243392263	0.716031059419363	([917, 754], [917, 794, 763])
1	0.6953442198557862	0.716031059419363	([915, 794], [918, 917, 763])
1	0.7118441047035671	0.7160551577071635	([460, 415], [460, 444, 427])
1	0.7088611737886206	0.7160564894409296	([281, 195], [281, 270, 202])
1	0.702922780113621	0.7165056487192724	([432, 283], [432, 412, 283])
1	0.7034001098900006	0.7171365556444845	([849, 755], [865, 849, 755])
1	0.7081533872549476	0.7174459717816045	([174, 99], [174, 135, 117])
1	0.7148324935255296	0.7177455851153814	([437, 307], [437, 412, 283])
1	0.7168557747031509	0.7177900247762132	([939, 832], [939, 884, 873])
1	0.7111495127312537	0.717808910657047	([749, 688], [749, 719, 643])
1	0.6593963360699787	0.7178226568001299	([719, 592], [719, 643, 639])
1	0.5186104869123661	0.7180932131078627	([284, 256], [342, 320, 308])
1	0.7077554496293332	0.7182731105106743	([182, 62], [182, 154, 62])
1	0.6835890623529666	0.718378488982091	([922, 763], [924, 794, 767])
1	0.697577772072186	0.718378488982091	([911, 767], [924, 911, 767])
1	0.6916047761721157	0.7185576951549615	([194, 47], [225, 211, 47])
1	0.7063712778109327	0.7186605392940176	([640, 566], [640, 599, 596])
1	0.7110820640631851	0.7187066227501594	([713, 635], [713, 686, 635])
1	0.7174450491037951	0.7188635336776806	([741, 677], [741, 707, 677])
1	0.7167637162440893	0.7189099371343801	([611, 533], [611, 595, 592])
1	0.7152375517109406	0.7192353774368799	([449, 283], [449, 432, 420])
1	0.6989253453430957	0.7193606255134315	([920, 758], [925, 920, 756])
1	0.7118193768539368	0.7194376295924286	([705, 647], [705, 683, 647])
1	0.6992561337976972	0.719470812338636	([697, 592], [697, 640, 592])
1	0.6980185900261529	0.7195069497585781	([582, 530], [582, 562, 530])
1	0.7122936161253365	0.719605914984695	([824, 697], [824, 758, 757])
1	0.706311741191452	0.7196245887877932	([198, 147], [198, 151, 147])
1	0.6519556325686332	0.719869652685346	([247, 139], [247, 212, 133])
1	0.7166913046498521	0.7199334239337296	([275, 213], [275, 242, 237])
1	0.7195980962775343	0.7200875853759412	([221, 92], [221, 118, 92])
1	0.7161261911249177	0.7204567507055178	([280, 39], [280, 270, 39])
1	0.6988887473987228	0.7204681111467103	([221, 118], [221, 205, 183])
1	0.6745737747271996	0.720557828202295	([927, 765], [849, 824, 755])
1	0.6978900882340298	0.720593988585528	([535, 444], [535, 504, 444])
1	0.7192068976143967	0.7206133185398861	([463, 372], [463, 441, 372])
1	0.7150831226534037	0.7206371054584247	([445, 386], [445, 424, 386])
1	0.7026810477778703	0.7209730833894955	([120, 20], [120, 85, 20])
1	0.7204904659639112	0.7210361720340372	([872, 773], [917, 872, 763])
1	0.7116020171756319	0.7210597218117207	([659, 580], [659, 619, 597])
1	0.7041801237633529	0.7220110378887203	([280, 210], [280, 241, 197])
1	0.703249407262135	0.7220507667791566	([829, 748], [829, 821, 748])
1	0.7128899572165202	0.7222465090123207	([398, 337], [398, 381, 370])
1	0.693091351090841	0.7222688499164432	([283, 200], [283, 277, 199])
1	0.7205090321331904	0.7224606704824553	([687, 572], [697, 687, 592])
1	0.7196807656763811	0.7225640759561206	([462, 382], [462, 441, 382])
1	0.7164054006194709	0.7227144842846938	([193, 96], [193, 136, 96])
1	0.6959700688771842	0.7229771726877043	([653, 563], [653, 640, 563])
1	0.7063082298456107	0.7230405772911118	([183, 60], [166, 134, 60])
1	0.7164434029217416	0.7233852567310222	([260, 41], [260, 243, 41])
1	0.7089390022466391	0.7235789552007662	([638, 545], [638, 623, 545])
1	0.7235774136536384	0.7236023603966529	([844, 782], [844, 825, 782])
1	0.7120422004136824	0.7237848865885658	([694, 563], [694, 640, 639])
1	0.7158016853163234	0.7243490894701501	([641, 562], [641, 617, 562])
1	0.7216749388072248	0.7244197674045985	([734, 659], [734, 707, 704])
1	0.7218335761286019	0.7244502716723673	([705, 599], [705, 694, 599])
1	0.7191401358729915	0.724740022131171	([658, 548], [658, 640, 624])
1	0.7138079451561067	0.724931880813358	([128, 34], [128, 85, 20])
1	0.7169291161963569	0.7250628245019527	([377, 278], [377, 342, 283])
1	0.7048230789989464	0.7252519279541192	([844, 762], [923, 922, 762])
1	0.6940006352583369	0.7253622940030159	([836, 751], [843, 836, 751])
1	0.7240543095045143	0.7255640690552113	([140, 75], [140, 115, 108])
1	0.7244345877628334	0.7255729188341613	([444, 322], [444, 388, 322])
1	0.7107056199374944	0.7256076147962987	([835, 753], [835, 825, 753])
1	0.7149941536973798	0.7257457715848648	([379, 325], [379, 348, 327])
1	0.7112003551381126	0.725844924939675	([839, 766], [839, 821, 774])
1	0.7154671132742099	0.726175948067206	([114, 27], [127, 114, 27])
1	0.7157380012534257	0.7264865742131338	([639, 538], [639, 595, 560])
1	0.6990745503694415	0.7264907899268103	([463, 319], [463, 372, 319])
1	0.7150210546771354	0.7270215634865546	([211, 112], [211, 188, 112])
1	0.7174206717050889	0.7270887063481551	([478, 404], [472, 414, 404])
1	0.7272097306036546	0.7272124515822023	([607, 530], [607, 576, 562])
1	0.7255772630098112	0.7272324753792406	([362, 281], [362, 337, 281])
1	0.7258262191924091	0.7272958813548357	([857, 788], [857, 822, 810])
1	0.7266420249612667	0.7273523944588666	([947, 828], [947, 877, 828])
1	0.7254736029810216	0.7273870447383922	([425, 326], [425, 351, 342])
1	0.6927065018060813	0.7274236082051367	([928, 759], [928, 917, 759])
1	0.6245619954788307	0.7275405461032808	([258, 195], [258, 218, 195])
1	0.6341482194745853	0.727700051224003	([252, 183], [252, 218, 183])
1	0.7176008258716438	0.7277398710726872	([595, 513], [595, 567, 513])
1	0.722759066393147	0.7277432757320687	([658, 517], [658, 554, 548])
1	0.7239286173376491	0.7277432757320687	([658, 587], [658, 587, 554])
1	0.7156890565427412	0.7278374086020414	([776, 693], [776, 737, 724])
1	0.7022352972104016	0.7278374086020414	([950, 724], [950, 776, 724])
1	0.7069304996609843	0.7279836850871352	([379, 269], [379, 284, 269])
1	0.7278548699256641	0.7285274555333997	([912, 699], [927, 912, 699])
1	0.7280891841332646	0.7286862023389095	([907, 813], [907, 854, 845])
1	0.714221380741772	0.7287606550560013	([399, 329], [399, 348, 334])
1	0.7206345304977134	0.7287622811244346	([494, 413], [494, 442, 434])
1	0.7225024575997065	0.728932909766306	([240, 1], [240, 47, 1])
1	0.6921455633646515	0.728945991225366	([308, 248], [308, 265, 259])
1	0.7270909229924174	0.7291958005597913	([946, 816], [946, 936, 816])
1	0.7200632555834569	0.7292422436465923	([849, 695], [849, 824, 716])
1	0.7274912810191585	0.7293464647433412	([660, 598], [660, 632, 598])
1	0.7193009696501826	0.7296343579697271	([425, 351], [425, 385, 372])
1	0.7197552374290116	0.7297869115554453	([834, 747], [834, 821, 747])
1	0.6997160144773134	0.7299741948329665	([925, 695], [925, 756, 695])
1	0.7062348575935067	0.7301062696084653	([402, 316], [402, 359, 322])
1	0.7251445464888782	0.7305034768044726	([544, 438], [544, 504, 474])
1	0.7101173588522992	0.7305683739626965	([948, 718], [948, 815, 792])
1	0.7305651152320609	0.7307455146855589	([147, 40], [147, 121, 109])
1	0.72946040719629	0.7308481336234809	([446, 350], [446, 426, 350])
1	0.7246783152178905	0.7312903957444704	([180, 71], [180, 133, 71])
1	0.7149550978921023	0.7313087885220543	([150, 73], [160, 116, 97])
1	0.7164035651944837	0.7313535666483102	([908, 800], [908, 829, 815])
1	0.7229910380760647	0.7313535666483102	([902, 815], [908, 902, 815])
1	0.7200203993390129	0.7314529027653484	([199, 11], [200, 199, 35])
1	0.717420505502492	0.7314574496807822	([238, 95], [238, 207, 95])
1	0.7289116853486907	0.7315218476616169	([678, 612], [678, 645, 644])
1	0.7290739446412581	0.7320577159323143	([372, 298], [372, 319, 312])
1	0.7215694803632466	0.7321723046621332	([440, 313], [440, 354, 283])
1	0.7132130514495433	0.7322280562270339	([86, 9], [86, 50, 49])
1	0.730658957647539	0.732453381491968	([583, 476], [592, 583, 476])
1	0.7122241993901013	0.7324834530886879	([787, 688], [787, 765, 699])
1	0.7145192838680615	0.7327945860373879	([200, 35], [200, 48, 19])
1	0.7077336608986641	0.7327945860373879	([193, 19], [200, 193, 19])
1	0.6891104697831494	0.7330247218300194	([698, 608], [698, 691, 608])
1	0.7213016623295264	0.7330266637493776	([728, 638], [728, 719, 618])
1	0.7145379436045591	0.733311059147856	([213, 99], [213, 137, 127])
1	0.6802685408486128	0.7333786360471011	([379, 46], [379, 346, 325])
1	0.731677041493641	0.7334237396503762	([237, 148], [237, 214, 148])
1	0.7226884074654053	0.7334489383202847	([376, 296], [381, 376, 280])
1	0.7322324790269565	0.7334870605597764	([863, 780], [863, 828, 780])
1	0.7301012970123747	0.7337217404136245	([635, 537], [635, 606, 595])
1	0.7312816129341426	0.7340724931396025	([551, 416], [547, 505, 493])
1	0.6932105582695424	0.7341593759885711	([390, 45], [372, 346, 312])
1	0.709885098036032	0.7342239081930798	([883, 719], [944, 822, 788])
1	0.7227339067480574	0.7344576958204042	([228, 69], [234, 228, 69])
1	0.7301842123929977	0.7345181109498745	([610, 510], [610, 567, 513])
1	0.7278577677137089	0.7345339742002642	([165, 58], [165, 131, 58])
1	0.7221138823913406	0.7346090990974711	([919, 782], [919, 916, 766])
1	0.726103334270967	0.7350231565061393	([679, 602], [679, 645, 602])
1	0.7274167541347957	0.735087763049428	([276, 40], [276, 202, 30])
1	0.6977498328727463	0.7354232065272754	([219, 114], [219, 214, 114])
1	0.727502593964332	0.7354510994698087	([616, 542], [616, 599, 542])
1	0.7185233133686778	0.735530394041873	([705, 633], [705, 647, 645])
1	0.734758998779737	0.7359531099754999	([822, 689], [822, 747, 719])
1	0.7327192275047321	0.7360046604339353	([631, 532], [633, 631, 532])
1	0.7255316803593606	0.7361217484819453	([766, 563], [756, 722, 563])
1	0.6915414051830105	0.7362164048896253	([563, 439], [563, 540, 504])
1	0.7348934915796491	0.7362711875374004	([456, 379], [456, 445, 379])
1	0.6991133399506916	0.7363587766929153	([618, 246], [702, 642, 618])
1	0.7293089690914984	0.7363758479853542	([366, 270], [380, 366, 270])
1	0.7248207107693927	0.7364105596386833	([622, 536], [622, 574, 555])
1	0.7044514847938613	0.7364549215827957	([262, 55], [270, 262, 55])
1	0.7249734297281718	0.7365363198629941	([901, 592], [901, 866, 855])
1	0.7298958553624637	0.7366460301313807	([428, 364], [428, 409, 364])
1	0.7167631642103581	0.7371888133826471	([421, 339], [421, 371, 342])
1	0.734734569534908	0.7372556502227825	([453, 332], [453, 450, 332])
1	0.6396563381627233	0.7373215909976467	([247, 22], [247, 243, 36])
1	0.7356614865721159	0.7373943606180328	([870, 784], [870, 784, 771])
1	0.7352069373137535	0.7374613283178493	([362, 292], [362, 322, 292])
1	0.7010479015323476	0.737688502731993	([826, 702], [826, 824, 716])
1	0.724203071350268	0.7377845680920352	([415, 198], [415, 283, 203])
1	0.7329881918794972	0.7377845680920352	([436, 203], [417, 415, 203])
1	0.7272453553609206	0.737858658755628	([769, 660], [769, 685, 660])
1	0.7298763123739208	0.738118416412035	([415, 317], [415, 350, 340])
1	0.7152684511218518	0.7381238406754366	([608, 522], [608, 565, 522])
1	0.7349121608662308	0.7382794974283805	([434, 325], [430, 423, 319])
1	0.7379374106287394	0.7386091834340899	([574, 496], [574, 546, 543])
1	0.7158688136433371	0.7386461631094523	([197, 17], [197, 84, 39])
1	0.7372878436546523	0.7387645986106665	([447, 357], [447, 419, 397])
1	0.7241697772007082	0.7387864862688553	([237, 111], [237, 111, 20])
1	0.7225618288589896	0.7387936207057101	([306, 228], [306, 260, 228])
1	0.7339197552605126	0.7388644089340829	([577, 453], [583, 577, 453])
1	0.7382291312525706	0.7389768962816067	([852, 698], [852, 793, 698])
1	0.7294343114993043	0.7391508415119272	([933, 771], [933, 848, 764])
1	0.7327370338188212	0.7393675749597242	([427, 335], [428, 427, 335])
1	0.7274085367556291	0.7394207992970889	([362, 248], [362, 336, 322])
1	0.7187216363388581	0.7394384566683899	([862, 659], [862, 801, 707])
1	0.696302932558895	0.7396010768227038	([781, 246], [875, 804, 781])
1	0.7390316025243545	0.7396242407632853	([701, 589], [701, 675, 589])
1	0.7020577249968492	0.7396659093758577	([211, 75], [211, 183, 75])
1	0.722447226050226	0.7397444772680797	([504, 399], [482, 445, 439])
1	0.7312880715214635	0.7398337806418639	([819, 735], [819, 774, 749])
1	0.732011031156855	0.7401760386398508	([156, 65], [156, 131, 70])
1	0.7241251988606041	0.7403429291913123	([187, 74], [187, 170, 74])
1	0.7346116363520657	0.7403457704869432	([715, 609], [715, 686, 636])
1	0.7405243555594427	0.7405300732891809	([875, 741], [875, 781, 776])
1	0.5897362905711975	0.7408171767831527	([258, 218], [259, 252, 218])
1	0.7355247632617519	0.7411068329487766	([371, 295], [371, 329, 297])
1	0.7334979758492265	0.7413313173821058	([288, 220], [288, 270, 200])
1	0.7314004702259586	0.7415109165085412	([431, 336], [431, 414, 336])
1	0.7395066409374326	0.7415941419216344	([891, 780], [891, 870, 780])
1	0.7329895198788013	0.7416662675675112	([384, 267], [391, 384, 267])
1	0.7367813737282585	0.7419210951405545	([901, 797], [901, 865, 797])
1	0.7230229064377995	0.741929743216309	([492, 384], [492, 444, 439])
1	0.7240165915872733	0.7421291296430921	([308, 229], [308, 259, 244])
1	0.6939143415763175	0.7422451789983122	([541, 440], [544, 541, 445])
1	0.7202628922029283	0.7423975930455469	([491, 387], [535, 491, 402])
1	0.7298938236022773	0.7424200573790759	([850, 750], [865, 850, 750])
1	0.7419102387349089	0.7433397874854931	([561, 284], [561, 384, 284])
1	0.7405162423962791	0.7434273747562276	([424, 288], [424, 390, 354])
1	0.690881533906041	0.7434596760020269	([592, 411], [592, 568, 416])
1	0.7191165810648992	0.7435483913043438	([648, 564], [648, 617, 608])
1	0.7230193762791514	0.7436855941036468	([419, 333], [424, 419, 333])
1	0.7281930345298665	0.7437564691761768	([647, 570], [647, 601, 582])
1	0.7418646647558479	0.7438905868492839	([910, 772], [910, 905, 790])
1	0.725092330854762	0.7439200787552461	([495, 45], [495, 445, 426])
1	0.7395502298161386	0.744183807415413	([660, 553], [660, 607, 598])
1	0.7241886461705959	0.7442227039317186	([633, 535], [631, 609, 532])
1	0.7293374371647323	0.7442836994295371	([889, 775], [938, 822, 818])
1	0.7430725551067789	0.7443430711705937	([410, 289], [410, 377, 289])
1	0.7286356611494361	0.7443603567657376	([378, 196], [378, 270, 198])
1	0.7252666586968372	0.7445342603174788	([751, 641], [751, 724, 662])
1	0.7396171807608801	0.744573317018542	([518, 433], [518, 506, 433])
1	0.7236332656789045	0.7445976744929667	([943, 798], [943, 905, 798])
1	0.7243251325142339	0.7446006373020478	([217, 113], [217, 183, 169])
1	0.735538256725184	0.7446807650408044	([178, 68], [209, 178, 133])
1	0.7356101040391604	0.7447023249553318	([296, 238], [296, 270, 238])
1	0.642563162645418	0.7447710257891507	([247, 70], [247, 243, 70])
1	0.7394774714731648	0.7447962680536124	([362, 232], [362, 337, 232])
1	0.7247243041465529	0.7448310523768449	([727, 633], [727, 718, 633])
1	0.7408444588669335	0.7448727929929928	([571, 480], [571, 511, 474])
1	0.731214770169935	0.7449677101595465	([942, 799], [942, 936, 789])
1	0.7343430586135385	0.7450207965947718	([547, 283], [546, 413, 283])
1	0.7264885842991882	0.7450235133503893	([896, 738], [896, 872, 770])
1	0.7340362356537737	0.745364634597837	([456, 323], [456, 444, 323])
1	0.7421236655947538	0.7453767049516987	([681, 603], [681, 660, 603])
1	0.736433696059686	0.7455581935897699	([387, 259], [387, 303, 291])
1	0.7453526234799557	0.7455637074093744	([931, 726], [931, 849, 726])
1	0.6852829373847438	0.7459616064383685	([380, 241], [380, 280, 270])
1	0.6951022054990119	0.7460786406546501	([576, 246], [587, 576, 445])
1	0.7421163443718861	0.7468105207521217	([578, 437], [578, 563, 437])
1	0.7466954307967067	0.7469077367387253	([617, 511], [617, 563, 511])
1	0.7378925079705102	0.747048077268912	([540, 378], [592, 540, 411])
1	0.738079831151278	0.747211486528002	([509, 421], [509, 494, 437])
1	0.7423798704242281	0.7472293617113539	([493, 373], [493, 462, 364])
1	0.7363582268963355	0.7473635059811699	([495, 359], [495, 390, 359])
1	0.7303053433682138	0.7474543647892011	([521, 426], [521, 513, 426])
1	0.7465609265144075	0.7476111071924805	([477, 400], [477, 448, 400])
1	0.7405749902977484	0.7479788287659758	([728, 597], [728, 638, 597])
1	0.7331861011119116	0.7480289217113818	([816, 711], [816, 751, 711])
1	0.7270778879687811	0.7484456141468812	([496, 326], [496, 459, 326])
1	0.7471205518411672	0.7484803450657306	([505, 406], [505, 442, 435])
1	0.7383837983282301	0.7487061077014143	([687, 538], [687, 572, 538])
1	0.7433704889494284	0.7490323527456001	([586, 442], [586, 536, 479])
1	0.746463407205056	0.749083088693878	([879, 791], [901, 879, 791])
1	0.6988262145620943	0.7490874471804535	([702, 246], [618, 560, 540])
1	0.7445640976227783	0.7493004845786528	([872, 737], [872, 770, 737])
1	0.7451370607525913	0.7494240734072202	([946, 769], [946, 829, 816])
1	0.7437973789243951	0.7497076623622442	([691, 541], [699, 691, 541])
1	0.7375520622585802	0.7497711188695126	([539, 463], [542, 539, 463])
1	0.749326025459049	0.7500289712133276	([508, 428], [508, 493, 428])
1	0.7307411110859297	0.750223078777856	([773, 658], [773, 707, 687])
1	0.7456755850669317	0.7502378237920734	([220, 51], [243, 220, 51])
1	0.7462646850484244	0.7502443361032085	([895, 769], [895, 842, 837])
1	0.7295474386724394	0.750481507300161	([546, 431], [546, 517, 431])
1	0.7466404986190555	0.750568646309476	([950, 266], [950, 285, 270])
1	0.7498124905596926	0.7506901954781413	([614, 472], [614, 563, 472])
1	0.7289640259146747	0.7507559889412285	([487, 347], [483, 399, 375])
1	0.741204105094608	0.7512059781493435	([642, 508], [642, 542, 539])
1	0.736373515705122	0.7513595373716088	([673, 546], [673, 568, 563])
1	0.7371801285447642	0.7514574268894644	([346, 23], [346, 47, 45])
1	0.7454361014925188	0.7514574268894644	([346, 128], [346, 128, 47])
1	0.7244262322986649	0.7514574268894644	([354, 47], [354, 346, 47])
1	0.7482274373468084	0.7517976424418492	([428, 292], [428, 403, 293])
1	0.7506431789872441	0.7519278120564552	([897, 801], [897, 878, 801])
1	0.7434738723316296	0.7519692802586806	([743, 624], [743, 719, 624])
1	0.7519911984333852	0.7520685120294163	([320, 234], [320, 268, 234])
1	0.7437180041994667	0.7524198405670499	([547, 350], [547, 381, 350])
1	0.7445579173404248	0.7524939299617007	([742, 622], [742, 717, 637])
1	0.7311706197749631	0.7524970831832896	([422, 311], [422, 398, 370])
1	0.7522317898417655	0.7528694194900851	([895, 807], [895, 827, 807])
1	0.7460392492180986	0.7530701942579836	([567, 483], [567, 517, 513])
1	0.7321854967948256	0.7531463966785306	([549, 434], [542, 540, 430])
1	0.7217980249282849	0.7532777974592322	([403, 260], [428, 321, 293])
1	0.7516898901190069	0.7533545539753487	([441, 275], [441, 420, 342])
1	0.7485108035085589	0.753548571987571	([666, 561], [666, 613, 548])
1	0.7486948479339529	0.7535940235487769	([696, 574], [696, 659, 580])
1	0.7507349008213549	0.75384340379746	([530, 368], [528, 411, 368])
1	0.730656283329839	0.7540278982124383	([462, 278], [462, 378, 364])
1	0.7257241102297718	0.7540941829645349	([774, 592], [774, 700, 592])
1	0.7439627343981303	0.7541570252064155	([596, 490], [596, 494, 490])
1	0.7420300831121613	0.7541570252064155	([565, 441], [596, 536, 494])
1	0.7459672238734931	0.7541570252064155	([607, 494], [607, 596, 494])
1	0.7443820562034573	0.7543581610266573	([491, 334], [491, 391, 341])
1	0.7433249443516488	0.7544952710425668	([427, 290], [427, 335, 300])
1	0.7186448087677777	0.754646628157586	([579, 458], [579, 505, 503])
1	0.7524915089670248	0.7547119888831549	([543, 421], [543, 539, 421])
1	0.744307758461929	0.7547194364911146	([702, 551], [702, 618, 564])
1	0.7359719884027522	0.7551474598777337	([597, 394], [597, 592, 411])
1	0.7264536824425445	0.7553796905890824	([842, 711], [842, 829, 711])
1	0.734685940539743	0.7555432741332047	([346, 148], [346, 148, 128])
1	0.7332059637409103	0.7556595582997622	([534, 398], [534, 498, 398])
1	0.7333802421217936	0.7557384745961865	([574, 457], [574, 543, 457])
1	0.7375048548203511	0.7557938937957873	([659, 541], [660, 659, 534])
1	0.7545095021917809	0.7558984429954778	([887, 750], [895, 887, 750])
1	0.7281264474090905	0.7560653726337543	([279, 38], [279, 201, 188])
1	0.7558490138057112	0.7560846959670078	([506, 336], [506, 431, 393])
1	0.7482036109530418	0.7561273355047888	([526, 392], [526, 505, 392])
1	0.7089603825254545	0.7561619408994099	([716, 593], [716, 643, 623])
1	0.749619234707615	0.7562169827386254	([230, 23], [230, 198, 23])
1	0.7560304354680747	0.7562169827386254	([415, 230], [415, 230, 198])
1	0.7186195737353409	0.7564404938576776	([592, 359], [592, 395, 354])
1	0.7409905589129375	0.7564570502582184	([283, 9], [283, 40, 9])
1	0.6805905071689641	0.7565300690879683	([932, 46], [932, 754, 733])
1	0.7520428660869446	0.7566740496283021	([609, 483], [609, 567, 532])
1	0.7458472396776872	0.7567043951025492	([478, 288], [478, 424, 419])
1	0.7531410857875231	0.7567149994654939	([564, 365], [564, 514, 414])
1	0.7566207878754064	0.7567458535872789	([532, 375], [532, 432, 346])
1	0.7519481730040689	0.7568197458163334	([326, 207], [326, 270, 259])
1	0.7547998741609675	0.7569014142254045	([347, 239], [347, 332, 294])
1	0.7490556360908323	0.7573165570309471	([450, 359], [450, 429, 417])
1	0.7373810469246932	0.757355756190418	([473, 343], [473, 441, 343])
1	0.647955810150119	0.7575087054991738	([427, 247], [475, 427, 407])
1	0.7550668132882943	0.7576661636123077	([628, 462], [628, 503, 462])
1	0.7413193054948202	0.7577159514440938	([561, 384], [561, 540, 435])
1	0.7528415273999419	0.7578457941114172	([286, 33], [286, 281, 33])
1	0.7565402005112671	0.757992582249197	([898, 687], [898, 752, 712])
1	0.6223172426714035	0.7580604513768967	([258, 104], [258, 218, 104])
1	0.7526407446940319	0.7582683920925383	([549, 354], [592, 549, 508])
1	0.7576698289005152	0.7582885149932429	([643, 506], [643, 542, 535])
1	0.71179593070583	0.7583168259727188	([302, 224], [302, 262, 224])
1	0.7507235761642382	0.7586558175141325	([268, 18], [276, 268, 30])
1	0.7457711302842281	0.7587116568296316	([283, 61], [283, 61, 32])
1	0.731247721889833	0.7587556154434012	([244, 16], [244, 43, 0])
1	0.7006447805383864	0.7587556154434012	([950, 285], [950, 244, 0])
1	0.7577053090480318	0.7588265912476608	([350, 219], [397, 350, 314])
1	0.7537264083763134	0.7588311810818495	([811, 658], [811, 773, 724])
1	0.753086102163243	0.758876839414021	([596, 452], [596, 462, 452])
1	0.7570526037829767	0.7594913659165385	([282, 2], [282, 201, 35])
1	0.7591833239175123	0.759656721344485	([419, 212], [419, 365, 263])
1	0.7368402353991034	0.7596978959377679	([425, 296], [428, 425, 296])
1	0.7493730930895847	0.7597187719066264	([868, 708], [868, 769, 752])
1	0.7574597908783816	0.7598362709977561	([929, 564], [929, 696, 564])
1	0.7568439494551152	0.7598375989477419	([442, 269], [442, 338, 309])
1	0.7590717232928189	0.7598848680064498	([794, 631], [794, 744, 702])
1	0.7522050396027475	0.7600247773583423	([603, 487], [603, 572, 487])
1	0.7515964190177337	0.7600385848394327	([516, 374], [516, 465, 391])
1	0.7291986023983155	0.7600440396837356	([434, 20], [434, 381, 341])
1	0.7548637341221023	0.7600958477139842	([376, 237], [376, 308, 280])
1	0.7542641389205751	0.7601618387351757	([475, 353], [475, 448, 353])
1	0.7313147002804051	0.7601618387351757	([568, 353], [568, 448, 353])
1	0.7548589144266816	0.7602834403068514	([945, 706], [945, 778, 721])
1	0.545791739347246	0.7603210401708498	([295, 250], [290, 259, 250])
1	0.7522938649474924	0.7609183236238648	([527, 325], [592, 527, 325])
1	0.7300476383388422	0.7613614837705609	([316, 236], [316, 266, 260])
1	0.757643734359202	0.761559159596046	([541, 286], [541, 407, 286])
1	0.7391618333135335	0.7615665578560271	([637, 495], [637, 565, 518])
1	0.7578367433822907	0.7616813884028923	([529, 399], [553, 529, 399])
1	0.758177444571781	0.7616882542678097	([531, 376], [531, 501, 376])
1	0.7095487327570694	0.7617327433946439	([950, 615], [950, 695, 643])
1	0.7506462619601363	0.7618170102604678	([589, 446], [589, 499, 446])
1	0.7588195809743786	0.7620028281248817	([650, 434], [650, 628, 462])
1	0.7399822204223873	0.7621833289872374	([846, 643], [846, 763, 740])
1	0.756029128979646	0.7622513141011825	([431, 241], [431, 308, 285])
1	0.7587355479181533	0.7623789265909099	([759, 578], [759, 698, 610])
1	0.7579944211102388	0.7624083498160275	([950, 376], [950, 429, 376])
1	0.7570354814184226	0.7624083498160275	([429, 192], [950, 439, 429])
1	0.7422757546918611	0.7624637964585095	([492, 324], [492, 438, 324])
1	0.7498138623227045	0.76254661162694	([538, 367], [538, 494, 344])
1	0.7457577972761322	0.762679930054345	([795, 609], [795, 696, 695])
1	0.7550845745527107	0.762692032906601	([133, 8], [133, 45, 35])
1	0.7569977193341297	0.7628011703358909	([626, 464], [626, 561, 464])
1	0.7033710376383301	0.7628255824200285	([950, 472], [950, 472, 285])
1	0.7381204903716748	0.7628281436477613	([903, 722], [903, 853, 778])
1	0.7540276047639469	0.7628757717739884	([675, 518], [709, 675, 518])
1	0.7612123080660771	0.7629436390850904	([731, 595], [731, 642, 595])
1	0.7477708506569065	0.7632115068507478	([155, 26], [155, 109, 26])
1	0.7509348218364532	0.7632679358609414	([564, 282], [564, 414, 282])
1	0.7635135862202015	0.7637877135311402	([382, 33], [382, 380, 33])
1	0.7265264747520483	0.7639109231464737	([369, 48], [369, 285, 259])
1	0.730459330119409	0.7640356136692454	([494, 47], [494, 444, 47])
1	0.7357129651310371	0.7642317865483205	([386, 244], [386, 286, 260])
1	0.7558985907554393	0.7644606803250763	([551, 377], [551, 493, 377])
1	0.755590380969737	0.7644770986665825	([397, 219], [350, 273, 241])
1	0.7623896489951694	0.7645460791911955	([523, 410], [523, 480, 422])
1	0.5731798084463817	0.7645483710748504	([701, 255], [725, 701, 640])
1	0.7548589207989425	0.7645506565201752	([582, 447], [582, 508, 500])
1	0.752448364974706	0.7647126194339521	([498, 350], [500, 498, 350])
1	0.7644481306046201	0.764881804465191	([492, 271], [492, 324, 271])
1	0.7584892060579077	0.7650919876187264	([650, 491], [650, 641, 514])
1	0.7648761349935639	0.7651323355860653	([523, 372], [523, 422, 372])
1	0.7621954370978314	0.7653188977763766	([782, 615], [782, 743, 615])
1	0.7521977430542153	0.7656975166198213	([435, 195], [413, 280, 243])
1	0.7645746885481062	0.7660510720096051	([950, 76], [950, 134, 50])
1	0.7506815735398671	0.766181725178684	([416, 41], [416, 280, 275])
1	0.7616020428999065	0.7662529131265985	([607, 420], [607, 476, 453])
1	0.7639409295424633	0.7664837813303204	([781, 544], [781, 639, 544])
1	0.7661523295064431	0.766657500021072	([814, 637], [814, 752, 637])
1	0.6875670570282162	0.7666906554540804	([518, 46], [612, 529, 518])
1	0.7613062681088774	0.766826103813524	([713, 585], [713, 673, 585])
1	0.7324617539919688	0.7668605213095344	([383, 30], [383, 263, 23])
1	0.7270708974351986	0.7668605213095344	([360, 20], [434, 383, 23])
1	0.7590363347846601	0.7668618865499072	([459, 352], [459, 425, 352])
1	0.7566312919141941	0.7669438041322375	([522, 409], [522, 459, 449])
1	0.7639232053252816	0.766976490329024	([631, 454], [631, 592, 491])
1	0.763786274496622	0.7673753431149816	([474, 241], [474, 431, 404])
1	0.7628995446354053	0.7673867977011922	([599, 468], [599, 505, 481])
1	0.754377448150554	0.7674705025832353	([268, 143], [268, 194, 151])
1	0.7571457281987551	0.7676277418164	([643, 425], [643, 560, 425])
1	0.7544981997712716	0.7677455035542669	([487, 306], [487, 435, 347])
1	0.6859494812061417	0.7678067845296973	([947, 246], [909, 702, 699])
1	0.7446827363080283	0.7678460921839629	([294, 217], [294, 246, 230])
1	0.6981482543757999	0.767908714579216	([505, 20], [505, 434, 378])
1	0.7471932588638013	0.7684213158313566	([384, 26], [384, 200, 43])
1	0.7662956622165037	0.7685592454088226	([727, 576], [727, 612, 576])
1	0.7511283489982024	0.7687001623404189	([421, 303], [421, 329, 303])
1	0.7562426375135817	0.768776278498246	([441, 201], [441, 275, 243])
1	0.7659235380377175	0.7688142552736494	([647, 507], [647, 644, 507])
1	0.7327898874192645	0.7689361755048786	([516, 239], [516, 374, 347])
1	0.7665204666967658	0.7689588571493743	([673, 432], [673, 656, 432])
1	0.7636867468750717	0.769358349928325	([516, 307], [523, 516, 307])
1	0.7564942426567305	0.7693711260430112	([654, 492], [654, 554, 543])
1	0.768001539581205	0.7696525447887376	([536, 300], [536, 444, 427])
1	0.7563061690467696	0.7696649080672128	([450, 207], [450, 415, 207])
1	0.7696077514523127	0.7696768468564973	([671, 346], [671, 592, 541])
1	0.6769323582740572	0.7698167350637287	([754, 46], [754, 643, 628])
1	0.7459139753213858	0.7698599209113482	([550, 391], [550, 432, 283])
1	0.702121024205567	0.7699915408275798	([883, 46], [932, 883, 841])
1	0.7671807215020787	0.7701813817962393	([651, 448], [651, 529, 448])
1	0.7454970667529789	0.7702093560884754	([293, 186], [293, 223, 177])
1	0.7630434787162561	0.7703525666351305	([512, 294], [512, 453, 294])
1	0.7151916814015071	0.7704150364690722	([950, 520], [950, 637, 615])
1	0.7421641539558873	0.7705738341852421	([620, 20], [691, 620, 590])
1	0.7448399748941829	0.7705928109975583	([306, 85], [306, 228, 203])
1	0.7509255608587907	0.7707649080887143	([748, 583], [748, 736, 586])
1	0.7630154303820731	0.7708493370751169	([333, 199], [333, 271, 199])
1	0.7320149211317228	0.7710764099876505	([521, 316], [521, 426, 317])
1	0.7388061451743895	0.7710764099876505	([522, 317], [522, 521, 317])
1	0.7572670775246598	0.771226154959666	([272, 57], [272, 191, 128])
1	0.7648040561432436	0.7713643194135691	([397, 169], [397, 221, 219])
1	0.7674186809799086	0.7713643194135691	([360, 221], [397, 360, 221])
1	0.7598742894193934	0.7713643194135691	([422, 221], [422, 397, 221])
1	0.7442878968949098	0.7714541304871052	([949, 47], [949, 246, 45])
1	0.7704414938861849	0.7719987387111495	([641, 447], [641, 548, 462])
1	0.6608020015374998	0.7720861304349755	([950, 0], [950, 562, 472])
1	0.7676503713875205	0.7721906763975732	([617, 362], [617, 515, 362])
1	0.7583664592665806	0.7722233557088062	([697, 408], [697, 563, 408])
1	0.7583791533886299	0.7723736267537447	([541, 343], [541, 478, 424])
1	0.7651961358049348	0.7724587321973871	([357, 233], [357, 339, 233])
1	0.7554072179960393	0.7724714667073106	([318, 231], [318, 294, 231])
1	0.7669397489330121	0.772553196719354	([659, 197], [659, 197, 19])
1	0.754492519653232	0.772553196719354	([659, 12], [925, 659, 19])
1	0.757863460099843	0.7728095708428879	([935, 735], [935, 795, 738])
1	0.7701695082809831	0.7730275089249317	([708, 512], [708, 606, 599])
1	0.741501083130789	0.7732293734545019	([707, 531], [707, 610, 531])
1	0.7554989876654059	0.7735405098434819	([394, 182], [397, 394, 182])
1	0.766827360651094	0.7735618835287166	([372, 85], [372, 340, 85])
1	0.7597922721625459	0.773603548780218	([428, 216], [428, 397, 221])
1	0.7607262662555916	0.7736137961639772	([420, 53], [420, 276, 274])
1	0.7446278346899925	0.773636819208168	([659, 402], [686, 564, 537])
1	0.7603678594808654	0.7742546785343637	([392, 134], [950, 392, 363])
1	0.7707512473718271	0.7743865804218516	([327, 34], [327, 243, 235])
1	0.7744287824949301	0.7747721797474415	([623, 429], [623, 610, 429])
1	0.7649272037521554	0.7749658463399951	([323, 167], [323, 243, 167])
1	0.7529273827635582	0.775001088526779	([350, 61], [350, 296, 273])
1	0.7678025608266739	0.7750312035634292	([426, 220], [426, 326, 220])
1	0.7616199357491412	0.7750665163216935	([483, 226], [483, 329, 226])
1	0.7698614585989149	0.7751689208586493	([423, 228], [434, 423, 228])
1	0.7734905002143094	0.7752110457168202	([574, 297], [574, 534, 487])
1	0.7470520382148877	0.7752792910429505	([431, 120], [431, 241, 205])
1	0.7744339637997817	0.7755990293321884	([417, 31], [417, 381, 35])
1	0.7619046245148815	0.7757099622433544	([503, 349], [513, 503, 349])
1	0.7691061288539182	0.7757147020788515	([922, 603], [950, 922, 603])
1	0.7729224418038488	0.7758425214909673	([210, 15], [210, 203, 15])
1	0.7709511511931616	0.7760010080730492	([728, 543], [728, 694, 650])
1	0.7602913150527356	0.7760862399961355	([755, 19], [925, 755, 695])
1	0.743185890227905	0.7761193303822214	([763, 547], [763, 719, 643])
1	0.7749677251092949	0.7761404172661062	([797, 638], [797, 720, 638])
1	0.775755822406096	0.7762775630049004	([419, 152], [419, 212, 152])
1	0.7410186513357795	0.7763335666284351	([375, 173], [292, 222, 217])
1	0.769149767368778	0.7764306830821384	([845, 596], [950, 845, 589])
1	0.758213412640743	0.7764410484006568	([948, 631], [948, 772, 631])
1	0.7670739120708115	0.7764430687213381	([614, 423], [614, 541, 472])
1	0.772051696000078	0.7765037853644491	([297, 158], [297, 207, 158])
1	0.6747503683827638	0.7765323238290275	([612, 46], [643, 612, 531])
1	0.7582374490379944	0.776536833184518	([541, 238], [541, 283, 260])
1	0.7697012747951999	0.7767951405251173	([316, 60], [316, 238, 214])
1	0.7573118938351423	0.77691695796993	([592, 71], [592, 126, 105])
1	0.7747280205358552	0.7769831359336282	([289, 110], [289, 237, 213])
1	0.772104824083666	0.7772928336917075	([557, 388], [557, 433, 388])
1	0.7681772341949098	0.7772928336917075	([557, 319], [557, 446, 433])
1	0.746923502534626	0.7773549023307966	([391, 94], [390, 196, 82])
1	0.7705863356223517	0.7774612729603776	([302, 53], [302, 261, 53])
1	0.7562896082850071	0.7774668580174611	([895, 692], [895, 762, 692])
1	0.745222650021947	0.777599444152538	([699, 384], [699, 617, 384])
1	0.7687070553865322	0.7776408755895723	([544, 201], [544, 441, 390])
1	0.7743215271364631	0.7779316643024694	([943, 640], [943, 798, 640])
1	0.7587249244731668	0.7780458884436606	([560, 308], [560, 448, 409])
1	0.7516827107070706	0.7782139163396398	([562, 301], [562, 414, 285])
1	0.7552515628803009	0.7786248444902306	([359, 159], [359, 349, 184])
1	0.7438759247720843	0.7787648552118498	([592, 200], [592, 441, 273])
1	0.7677414662979727	0.7790076161729782	([321, 164], [321, 220, 212])
1	0.7740314986140486	0.7791379141328091	([542, 243], [702, 542, 538])
1	0.7644317075333313	0.7793900725852821	([677, 470], [677, 639, 609])
1	0.738274100262943	0.7794867003602035	([728, 413], [728, 699, 413])
1	0.7771662534518682	0.7800375853496382	([524, 343], [524, 514, 343])
1	0.7795065015482673	0.7800869819714421	([363, 166], [363, 209, 167])
1	0.7539579298756414	0.7801651155979378	([764, 407], [696, 610, 407])
1	0.7444704927460922	0.7803368343631208	([659, 166], [659, 226, 197])
1	0.7800707285250491	0.7803956306668555	([311, 176], [311, 266, 182])
1	0.7611931384064842	0.7806038960806614	([402, 112], [402, 285, 213])
1	0.7768373471940239	0.7806413530422402	([719, 192], [719, 222, 192])
1	0.7795025142072507	0.7807767334692292	([787, 587], [787, 686, 587])
1	0.775423796943488	0.7808022636127069	([949, 624], [949, 772, 736])
1	0.7650706129758558	0.780901623378693	([578, 341], [578, 491, 457])
1	0.7307876128413154	0.7809637786182364	([517, 310], [517, 469, 310])
1	0.7439936310430351	0.7810303975853571	([295, 20], [295, 283, 20])
1	0.7532496388872362	0.7810900875737744	([544, 315], [544, 390, 315])
1	0.7557785346472912	0.7811647584930222	([921, 541], [921, 719, 597])
1	0.7692340992816674	0.7813974762433912	([329, 95], [381, 354, 95])
1	0.7618121009597162	0.7814139709514191	([366, 133], [366, 236, 180])
1	0.7597439281357266	0.7815787469907305	([553, 202], [553, 506, 276])
1	0.7535932708958322	0.7816780447548817	([691, 431], [691, 541, 431])
1	0.7811810167250236	0.7817583266366283	([691, 500], [691, 541, 536])
1	0.7345396540537272	0.7817919139674673	([691, 20], [763, 691, 643])
1	0.7474725951931815	0.7818488150272132	([334, 62], [334, 219, 214])
1	0.7795426672936869	0.7819176521401171	([836, 614], [836, 701, 579])
1	0.7637784805253504	0.7819663095547883	([928, 458], [928, 617, 458])
1	0.7593653151757613	0.7820318824399305	([515, 401], [515, 446, 429])
1	0.7678724037612978	0.7821982131656913	([848, 47], [949, 864, 800])
1	0.7200789796505493	0.7823639627030098	([248, 23], [248, 240, 25])
1	0.7798302399150924	0.7825704573055695	([379, 16], [379, 59, 32])
1	0.7463327668548805	0.7826743698571742	([696, 283], [696, 541, 407])
1	0.7736243480561414	0.782681518647826	([597, 45], [695, 597, 45])
1	0.524521382726001	0.7827392469489791	([253, 171], [253, 217, 171])
1	0.7625321830683043	0.7828133151075383	([558, 373], [558, 556, 373])
1	0.6489844877057729	0.7831224605593732	([819, 247], [856, 819, 753])
1	0.7694524532217811	0.7831423705383499	([910, 614], [910, 729, 614])
1	0.7796594553046651	0.7832522149144527	([419, 38], [419, 379, 38])
1	0.782552575744496	0.7833420728536108	([457, 215], [457, 215, 200])
1	0.7580066097056468	0.7833597527109434	([454, 170], [454, 301, 276])
1	0.7693038511560439	0.7834819886001434	([421, 71], [421, 266, 228])
1	0.7794791246273405	0.7837236414776856	([881, 595], [881, 733, 595])
1	0.7811386338596413	0.7837322986192611	([946, 645], [946, 776, 757])
1	0.781281288182263	0.7839897797674855	([386, 65], [386, 243, 241])
1	0.7428725283923464	0.78405265614696	([925, 19], [564, 414, 45])
1	0.7442759828196426	0.78405265614696	([695, 22], [597, 564, 45])
1	0.7622799422631337	0.7841392004962368	([510, 297], [574, 507, 399])
1	0.7734016671658789	0.784227547652156	([772, 504], [821, 772, 539])
1	0.7669808414564303	0.7843371690159355	([821, 539], [772, 699, 563])
1	0.7474787021650158	0.7844218355810757	([592, 9], [592, 273, 9])
1	0.7842101612998535	0.7845583470860328	([593, 279], [593, 548, 498])
1	0.7714068438020206	0.7846306428647953	([712, 526], [712, 566, 545])
1	0.7568082018421608	0.7848598301875942	([384, 108], [384, 210, 108])
1	0.7762799114971557	0.7849668997131227	([783, 590], [783, 691, 679])
1	0.7727342266144529	0.7850774602518612	([870, 1], [870, 831, 1])
1	0.7842130550975602	0.785208357160405	([441, 159], [441, 209, 201])
1	0.7788262036212318	0.7854227970279135	([795, 447], [795, 695, 437])
1	0.7833191745246594	0.7854911900148505	([667, 461], [667, 529, 461])
1	0.7817250883505521	0.7856120141614898	([823, 588], [823, 688, 588])
1	0.7745118803220177	0.7856461810990141	([561, 0], [659, 561, 530])
1	0.7696207725718894	0.7856756185379952	([742, 527], [742, 661, 527])
1	0.7820277966949415	0.78570462085533	([328, 90], [328, 297, 90])
1	0.7514172889816316	0.7859079952267082	([700, 37], [700, 695, 45])
1	0.7778304016234152	0.7859567972282533	([739, 430], [740, 739, 430])
1	0.7706841032025504	0.7860143961304241	([889, 667], [889, 771, 667])
1	0.7687217511433307	0.7861283490285206	([314, 100], [314, 234, 221])
1	0.7598781536348842	0.7862108622069198	([526, 312], [526, 425, 347])
1	0.6983443006001344	0.7862370467292364	([561, 46], [612, 561, 532])
1	0.7500733666514448	0.786254020960052	([413, 19], [413, 243, 19])
1	0.6734712244657148	0.786391603296902	([656, 46], [695, 643, 45])
1	0.7642953186335351	0.7864497841658421	([423, 18], [423, 365, 18])
1	0.786458292085001	0.7867449312389172	([679, 452], [679, 518, 496])
1	0.7779676701256039	0.7867617131589285	([315, 149], [315, 273, 149])
1	0.7594254229238415	0.7870612778600757	([563, 21], [563, 415, 21])
1	0.7787419928241607	0.7871083974313786	([648, 397], [612, 557, 388])
1	0.7741000218829942	0.7871298123702756	([567, 371], [567, 503, 369])
1	0.7759467501762277	0.7871407377610729	([513, 23], [513, 379, 38])
1	0.7796504127978456	0.7871407377610729	([562, 38], [562, 513, 38])
1	0.7774165121265496	0.787319900955039	([317, 150], [317, 277, 129])
1	0.6911436659791356	0.7873248924546132	([248, 96], [248, 96, 70])
1	0.5379091246081933	0.7873248924546132	([248, 245], [248, 247, 70])
1	0.7719169675828239	0.7874304950135738	([364, 28], [364, 263, 23])
1	0.7851167360558742	0.7874378541245461	([721, 443], [721, 560, 443])
1	0.7792478177820867	0.7875261963403459	([879, 607], [879, 715, 607])
1	0.7854592630316003	0.7878703023663323	([641, 312], [659, 641, 312])
1	0.7775672619265457	0.788077889107514	([457, 200], [457, 434, 200])
1	0.7841957836313637	0.7881060769213424	([248, 174], [248, 201, 174])
1	0.7847418232686778	0.7881160280903337	([593, 364], [593, 514, 364])
1	0.7685210029913572	0.7882031673129503	([332, 14], [332, 279, 239])
1	0.7747745614635332	0.7883231315899146	([866, 431], [866, 729, 431])
1	0.7567101073264709	0.7883323865946646	([471, 208], [471, 420, 209])
1	0.7718084264134258	0.7883588238967258	([534, 334], [534, 409, 373])
1	0.7762750095981754	0.7885117742672596	([781, 479], [781, 633, 586])
1	0.7293668662824606	0.7886024762232237	([781, 20], [919, 763, 20])
1	0.7802655937256956	0.7886682142179631	([477, 218], [477, 399, 218])
1	0.7759331559151277	0.7887116900574117	([563, 269], [563, 424, 333])
1	0.7831756528506882	0.7887308979113736	([803, 536], [803, 690, 643])
1	0.5352275441730538	0.7887448620142358	([529, 256], [529, 381, 379])
1	0.7805223087855895	0.7887735732412834	([922, 8], [922, 763, 20])
1	0.7751039781157093	0.7888376904062064	([874, 585], [874, 770, 585])
1	0.7739415352333419	0.7888921063313844	([915, 606], [915, 693, 692])
1	0.7760335460073648	0.7890339904229013	([756, 390], [756, 754, 441])
1	0.7483139400516196	0.7891088657868638	([719, 291], [719, 448, 362])
1	0.784381075034435	0.7891331717353904	([628, 244], [628, 530, 244])
1	0.7772199574491606	0.7895149340237894	([769, 426], [769, 612, 426])
1	0.7704971989840319	0.7895696570337144	([547, 42], [547, 382, 42])
1	0.7859122909485765	0.789706983606674	([374, 88], [380, 374, 88])
1	0.7809259644402975	0.7898996295480878	([639, 396], [639, 635, 396])
1	0.7842200319386569	0.7899873539570791	([579, 39], [579, 543, 39])
1	0.7859900112236963	0.7899881965466997	([923, 28], [923, 763, 20])
1	0.7794410403410325	0.7900553073960398	([732, 421], [732, 639, 421])
1	0.7898027216389537	0.790061101769548	([928, 560], [928, 641, 617])
1	0.78688394924972	0.7902796148643931	([516, 48], [516, 240, 48])
1	0.7835204511348636	0.7906816727570285	([896, 660], [898, 896, 660])
1	0.7798498834051206	0.7908420094538423	([327, 66], [327, 66, 48])
1	0.7762876150358301	0.7908463755715669	([644, 369], [644, 494, 480])
1	0.7663700983562605	0.7908693233844772	([514, 229], [514, 229, 195])
1	0.7846589219599563	0.7911755347822744	([399, 72], [399, 369, 72])
1	0.7902315591647081	0.7912095213214417	([430, 93], [430, 213, 177])
1	0.7726243376162693	0.7912992507271647	([394, 7], [513, 394, 7])
1	0.775999686584241	0.7914446528292703	([765, 198], [913, 765, 643])
1	0.7313071572992479	0.7915619323526465	([561, 248], [698, 696, 248])
1	0.7734071653814498	0.7915709449437827	([927, 2], [927, 763, 20])
1	0.7785632475712566	0.7917251988783915	([658, 304], [658, 401, 335])
1	0.7641109063663946	0.791748922971038	([563, 124], [563, 269, 124])
1	0.7807669650646655	0.7918042048774916	([687, 235], [496, 436, 326])
1	0.7792902019268951	0.7918455979890409	([326, 63], [326, 207, 63])
1	0.7652188519632505	0.7919507372031623	([897, 593], [897, 782, 593])
1	0.7682682355941782	0.7919731955924063	([429, 96], [429, 324, 248])
1	0.7111655257340477	0.7919731955924063	([514, 248], [514, 429, 248])
1	0.7706911602002962	0.7920421568745961	([865, 571], [865, 774, 571])
1	0.7796778464424906	0.7920610272456606	([442, 29], [442, 434, 29])
1	0.7911212348938726	0.7921082574859163	([764, 262], [764, 729, 64])
1	0.790241946267722	0.7921144566157025	([589, 324], [589, 550, 331])
1	0.7836415893046133	0.7922089697085647	([907, 545], [921, 907, 541])
1	0.7831483122511838	0.7922856583482192	([687, 343], [687, 524, 496])
1	0.782814209887966	0.7924578483288007	([842, 565], [842, 738, 565])
1	0.7893205533641077	0.7924918007541234	([731, 17], [731, 47, 17])
1	0.7563715688738785	0.7925269375611087	([696, 459], [696, 459, 447])
1	0.7910141226695527	0.792588477142482	([524, 292], [524, 487, 292])
1	0.7872985716768541	0.7926793251753422	([312, 115], [312, 232, 222])
1	0.7797538068707698	0.7928226931642133	([463, 37], [463, 435, 37])
1	0.7672405113123391	0.7928228495425861	([627, 330], [627, 565, 383])
1	0.731247527900515	0.7928890483116768	([851, 248], [698, 417, 248])
1	0.7730305666330126	0.7930697919968713	([552, 200], [552, 435, 200])
1	0.7577867925211033	0.7930762162681558	([548, 231], [551, 548, 202])
1	0.7751901100334971	0.7930787330433132	([763, 440], [781, 763, 463])
1	0.7807819492423663	0.7931124127115458	([486, 213], [486, 444, 213])
1	0.7875630533342867	0.7934306051258239	([507, 193], [507, 415, 193])
1	0.7671452625874317	0.7934916425463552	([711, 346], [730, 617, 346])
1	0.7823520427657878	0.7935721913572211	([692, 442], [692, 691, 442])
1	0.7919740146813775	0.7937634529331806	([820, 48], [820, 744, 48])
1	0.7893571392561722	0.7937678368040828	([877, 608], [877, 749, 608])
1	0.7485946526124253	0.7937935534232917	([948, 207], [948, 207, 195])
1	0.7935862601424689	0.7939670152983171	([530, 295], [530, 368, 295])
1	0.7880130156384264	0.7940756542738535	([590, 174], [590, 431, 174])
1	0.7793901813074049	0.7941160538538187	([378, 101], [378, 101, 34])
1	0.7670496042887027	0.7943155045306558	([697, 23], [697, 45, 6])
1	0.7685475460563845	0.7943430250709068	([593, 55], [593, 279, 30])
1	0.7481671660377668	0.7943935791184882	([776, 498], [776, 663, 627])
1	0.6888009990897838	0.7944523087376872	([831, 46], [883, 831, 784])
1	0.7641175878108726	0.7945831191211342	([833, 580], [833, 788, 580])
1	0.6279692022937801	0.7946286562445208	([426, 258], [426, 294, 261])
1	0.7612577072522959	0.794643593216445	([948, 302], [948, 316, 302])
1	0.7905684795045901	0.7946622904399114	([937, 605], [937, 770, 605])
1	0.7667264056167165	0.7948232217679523	([919, 342], [919, 592, 342])
1	0.7924644630500554	0.7948971450623661	([928, 25], [928, 763, 20])
1	0.7748328434206926	0.7949006543240513	([465, 121], [465, 412, 30])
1	0.6479171273153304	0.7949024234639145	([856, 247], [931, 819, 696])
1	0.7923929530903168	0.7950213035030398	([841, 584], [841, 715, 598])
1	0.7813939583198469	0.7950981974098766	([917, 505], [917, 695, 543])
1	0.7897895899096575	0.795162214011723	([765, 383], [765, 383, 198])
1	0.7863754178996483	0.7952178402993011	([657, 414], [657, 572, 45])
1	0.7717966381055584	0.7952621731004019	([720, 463], [720, 599, 419])
1	0.7841278869081574	0.7952743819692706	([766, 38], [766, 564, 45])
1	0.7483911115329778	0.7952973168183383	([719, 222], [719, 331, 213])
1	0.7945229038130522	0.7954781032792465	([750, 207], [923, 750, 429])
1	0.7699597560507148	0.7955059618447067	([930, 384], [930, 756, 417])
1	0.7951942784863751	0.795677642757239	([464, 146], [464, 210, 146])
1	0.7729470351639054	0.7956796173915143	([696, 1], [696, 248, 32])
1	0.7642190834987589	0.7957289814221841	([700, 381], [700, 381, 20])
1	0.7946925021377865	0.7958077065430831	([586, 287], [586, 470, 287])
1	0.79340482402269	0.7958235646593851	([559, 277], [559, 501, 277])
1	0.791266930432257	0.7960599222422093	([915, 281], [915, 431, 281])
1	0.7917263703374189	0.7961143421659853	([722, 326], [722, 582, 459])
1	0.7844134667818425	0.796342815664575	([712, 260], [712, 698, 260])
1	0.5336240650221882	0.7963698407393275	([355, 249], [355, 281, 259])
1	0.7870880231740667	0.7966407699722571	([520, 225], [640, 520, 225])
1	0.7877573466130224	0.7966556664968026	([653, 48], [701, 653, 558])
1	0.7833513489560807	0.7966892926522399	([678, 482], [678, 544, 532])
1	0.7642265537781457	0.7966994225294397	([783, 521], [783, 748, 521])
1	0.752197892784566	0.7968152208564225	([903, 391], [929, 700, 391])
1	0.775283585996337	0.7968456900199511	([923, 429], [923, 429, 20])
1	0.7931947738757213	0.7970873786306146	([756, 200], [756, 595, 200])
1	0.7818343328041044	0.7972318182151645	([727, 403], [727, 631, 403])
1	0.7929126953582601	0.7972725025534434	([721, 239], [721, 568, 239])
1	0.5507413349128999	0.7972792263349885	([256, 208], [284, 256, 208])
1	0.797443174940769	0.7975417970895089	([948, 378], [948, 378, 101])
1	0.7941111783654753	0.7976021846157855	([697, 275], [754, 697, 275])
1	0.7974044923993276	0.7978156549788689	([840, 502], [840, 707, 699])
1	0.7909301258987986	0.797984444107962	([470, 50], [470, 463, 37])
1	0.7972519371454347	0.7982332648498592	([922, 424], [922, 424, 20])
1	0.7902606959508593	0.7983142217603975	([914, 203], [914, 891, 203])
1	0.7896055662742754	0.7983298600041262	([798, 533], [798, 768, 533])
1	0.7979110945801987	0.7990707904055915	([399, 114], [399, 366, 114])
1	0.7981184584249825	0.7995909676512021	([570, 233], [570, 493, 45])
1	0.7849568917625815	0.7996269033020977	([826, 412], [921, 826, 474])
1	0.7912232043033075	0.7996616081223763	([825, 445], [825, 732, 445])
1	0.7775100993811604	0.7998536407416691	([392, 4], [392, 283, 4])
1	0.5333290458866725	0.79990946513892	([250, 225], [259, 250, 212])
1	0.7986631090130468	0.8001470519195502	([528, 52], [528, 466, 45])
1	0.7892681367292169	0.8003607502237415	([929, 270], [929, 436, 433])
1	0.536239500816821	0.8004288999690623	([257, 191], [257, 248, 191])
1	0.7784238504842773	0.8004997174399237	([587, 272], [587, 445, 272])
1	0.7892232261194647	0.8005901939788226	([867, 275], [867, 815, 275])
1	0.7887731687279861	0.8006428590027244	([651, 373], [651, 448, 411])
1	0.7938736844377489	0.8006428590027244	([773, 360], [773, 651, 411])
1	0.785638889146687	0.8007514135781898	([570, 298], [570, 536, 298])
1	0.7847311651143097	0.8008472396846346	([913, 79], [913, 79, 20])
1	0.7823311414407776	0.8008472396846346	([913, 3], [913, 269, 20])
1	0.7750243691302685	0.8008472396846346	([913, 269], [913, 763, 20])
1	0.7535894281656853	0.8008838827136467	([925, 273], [925, 511, 421])
1	0.7974496775531992	0.8009843205526136	([668, 363], [668, 535, 491])
1	0.7978749663574803	0.8010027982163823	([922, 121], [922, 210, 121])
1	0.7895661785683763	0.8011947439261375	([818, 480], [818, 813, 480])
1	0.7976184824277691	0.8012124143699889	([784, 487], [784, 684, 487])
1	0.7698872981563629	0.8012382789462702	([921, 430], [921, 755, 430])
1	0.7675651740747027	0.8012613830177143	([352, 37], [352, 237, 45])
1	0.7943610322809457	0.8015511618343323	([788, 482], [788, 580, 537])
1	0.777567614021719	0.8016855527009045	([918, 48], [918, 871, 48])
1	0.7829020383220405	0.8017191523624488	([697, 129], [914, 697, 129])
1	0.6391375300866184	0.801737568342933	([369, 247], [369, 247, 243])
1	0.7906493679253694	0.8018216567263444	([786, 466], [786, 782, 466])
1	0.7997772566503872	0.8018480072475882	([755, 127], [928, 755, 564])
1	0.8005219783867793	0.8018652877774105	([741, 488], [741, 586, 565])
1	0.7791084735473464	0.8018839371307953	([551, 18], [579, 551, 18])
1	0.798651958151813	0.80200732347793	([602, 291], [602, 521, 291])
1	0.7893275375345052	0.8021189051812031	([756, 5], [756, 200, 1])
1	0.7864264732481158	0.802222950602861	([599, 73], [599, 543, 73])
1	0.7897692435761896	0.8022451183354457	([461, 58], [461, 186, 136])
1	0.7996507027938602	0.8023119620522675	([471, 17], [445, 206, 20])
1	0.7908783647261124	0.8023867936230785	([715, 2], [715, 695, 2])
1	0.78505427366416	0.8024214997996515	([826, 184], [826, 412, 270])
1	0.7781167178560935	0.8024459889365664	([694, 16], [694, 552, 20])
1	0.7830300041983701	0.8025678808023943	([701, 84], [744, 701, 631])
1	0.7964352151247597	0.8026061573129446	([175, 15], [199, 175, 78])
1	0.7848913704779812	0.802745578900378	([798, 357], [948, 798, 357])
1	0.8019689756473902	0.8027755964650589	([580, 17], [580, 382, 20])
1	0.7873097496085202	0.8029374029390074	([618, 130], [558, 246, 45])
1	0.7901049696381377	0.8030331331787426	([773, 520], [773, 520, 506])
1	0.793380594882454	0.8031777148840924	([703, 242], [756, 703, 200])
1	0.7903115899649915	0.8031945205597615	([673, 324], [673, 504, 501])
1	0.8030479247430714	0.8032673230835703	([517, 53], [517, 120, 70])
1	0.7830209063259578	0.8033520714680066	([510, 71], [510, 360, 45])
1	0.7644789821741477	0.8038780986867454	([794, 443], [794, 659, 339])
1	0.8015411627220376	0.8039596117571043	([938, 41], [938, 781, 20])
1	0.8029074796609861	0.8041958889568098	([855, 527], [855, 770, 527])
1	0.8028023287842503	0.8042177847554279	([685, 316], [685, 568, 319])
1	0.7973482520851415	0.8045250883547689	([702, 9], [711, 613, 9])
1	0.7898100045240468	0.8045292286234635	([355, 67], [355, 266, 67])
1	0.7509305820438005	0.8047875239346609	([592, 245], [592, 359, 245])
1	0.7888910211535212	0.80480178076137	([942, 506], [942, 768, 472])
1	0.7928398008451606	0.8048862231391369	([765, 4], [765, 269, 19])
1	0.8027755499519252	0.804948846993783	([754, 394], [754, 628, 394])
1	0.7755129136910769	0.804966835860646	([930, 14], [930, 201, 13])
1	0.8040624150329783	0.8050688220884115	([525, 33], [525, 489, 45])
1	0.797364735393555	0.8055117093950517	([542, 6], [542, 243, 19])
1	0.8050695002331123	0.8056656518915458	([814, 89], [843, 814, 89])
1	0.8052920570935322	0.8058706354660338	([916, 80], [916, 757, 699])
1	0.8049021113286411	0.8061205743028139	([941, 435], [941, 940, 0])
1	0.7921137574511108	0.8062243264161557	([728, 96], [728, 196, 96])
1	0.8002655313030522	0.8063397032875378	([920, 412], [920, 617, 474])
1	0.7825937461541008	0.8064826675454451	([729, 64], [729, 64, 20])
1	0.801644740725623	0.8066154489691397	([535, 67], [535, 341, 20])
1	0.780615734548809	0.8066272052547173	([902, 470], [902, 727, 635])
1	0.772784630003331	0.806643170112072	([933, 517], [933, 696, 517])
1	0.7973243569253474	0.806711182713439	([760, 192], [787, 760, 192])
1	0.7898304859551912	0.8070697032310955	([504, 69], [504, 228, 205])
1	0.798102598073912	0.8072028568028335	([779, 442], [779, 692, 639])
1	0.7973222127912922	0.8072656376299138	([915, 125], [915, 759, 30])
1	0.7995925725606619	0.8074308918326721	([943, 443], [943, 917, 443])
1	0.7942948673496195	0.8076945506112633	([785, 75], [785, 434, 20])
1	0.7781941745859402	0.807973769252139	([751, 0], [940, 751, 543])
1	0.8029969433721723	0.8079982601186172	([475, 6], [475, 286, 20])
1	0.8022087969796977	0.808059973091062	([943, 241], [943, 303, 279])
1	0.7987128646798997	0.8082411572910709	([757, 259], [757, 543, 461])
1	0.7675259135677016	0.8084578293768275	([759, 30], [915, 281, 30])
1	0.774048385859102	0.8084956691662204	([509, 158], [509, 199, 158])
1	0.7994315283523143	0.8085789793811019	([528, 96], [528, 364, 96])
1	0.7811446226867766	0.8088913786945767	([770, 410], [770, 558, 527])
1	0.7964766738162526	0.8089251970306255	([790, 324], [790, 644, 434])
1	0.7821081035087759	0.8090977581324612	([387, 27], [387, 216, 119])
1	0.6459170897121317	0.8091566215426038	([475, 247], [427, 277, 70])
1	0.7808626719212602	0.8092843153128993	([658, 1], [658, 412, 401])
1	0.7468788967884535	0.8098570748977382	([850, 228], [850, 700, 20])
1	0.73993592920594	0.8099820193421341	([720, 80], [778, 656, 80])
1	0.8075235160527823	0.8099825476795646	([586, 134], [586, 419, 172])
1	0.7909080968179094	0.8100512288844377	([395, 97], [395, 196, 97])
1	0.8067596482981506	0.8100730187446876	([795, 261], [795, 565, 261])
1	0.6504592670003918	0.8103060023229114	([512, 247], [512, 369, 281])
1	0.7963310692978519	0.8104223821395136	([703, 294], [703, 294, 277])
1	0.7838682168682024	0.8107214996748681	([521, 142], [547, 521, 142])
1	0.806632335398708	0.8107430936854478	([915, 330], [915, 330, 243])
1	0.7999150773919548	0.8108259685119418	([501, 130], [501, 363, 130])
1	0.8101067490640855	0.8109409614224905	([702, 73], [843, 702, 73])
1	0.7944610728452695	0.8109834745099607	([479, 10], [479, 431, 268])
1	0.8050336599234068	0.8111722616965675	([841, 26], [841, 711, 20])
1	0.8017663022158348	0.8113545790232628	([886, 456], [897, 886, 456])
1	0.776119423996546	0.8114369828270137	([658, 99], [658, 412, 82])
1	0.5558764145389178	0.8115121978436242	([438, 255], [438, 278, 255])
1	0.7896007988446386	0.8115620770542497	([510, 144], [510, 363, 185])
1	0.8042027054698175	0.8115620770542497	([546, 185], [546, 510, 185])
1	0.5489424521532971	0.8117873311964973	([630, 250], [665, 630, 538])
1	0.6312555852418167	0.8119336349838157	([310, 252], [310, 259, 252])
1	0.778427328885939	0.8123967454480417	([515, 90], [515, 346, 336])
1	0.8030543141562134	0.8123988121087742	([895, 310], [895, 434, 310])
1	0.8000980316995829	0.8125703910932522	([926, 122], [926, 122, 28])
1	0.7881874743877295	0.8128847154956341	([936, 432], [944, 724, 432])
1	0.778026766478559	0.8128880147069587	([869, 10], [869, 675, 10])
1	0.7933879345294247	0.8129073908988861	([868, 219], [868, 700, 381])
1	0.7920482211964396	0.8129347546717534	([821, 243], [821, 761, 675])
1	0.8127740567103067	0.8130264134307446	([863, 164], [863, 164, 104])
1	0.8083753801097429	0.8130912155852857	([854, 529], [854, 529, 20])
1	0.7944471973785613	0.8132041421332576	([939, 198], [939, 915, 198])
1	0.8117107531810864	0.8132095597673609	([913, 448], [913, 846, 448])
1	0.8102179217056457	0.8132977024615126	([914, 403], [914, 753, 653])
1	0.7972781682571766	0.8133164120078903	([632, 216], [632, 587, 216])
1	0.78567548526917	0.8134192744560139	([904, 197], [920, 766, 8])
1	0.7996560168897808	0.8134243657161999	([523, 64], [523, 360, 64])
1	0.7984133830412534	0.8134516996077875	([713, 13], [762, 713, 13])
1	0.8048005855374357	0.8134518713569638	([753, 272], [753, 429, 403])
1	0.7765915072133321	0.8136820270285747	([694, 133], [694, 562, 133])
1	0.8075716123223793	0.8137121199838688	([939, 289], [939, 400, 289])
1	0.7957131173162578	0.8137913879614407	([469, 145], [469, 340, 265])
1	0.810754466622136	0.8138942757821451	([704, 160], [704, 419, 174])
1	0.7953533269553217	0.8139587286138267	([487, 98], [487, 175, 98])
1	0.8134894679140323	0.8139935209256196	([939, 465], [939, 781, 465])
1	0.7986844922496519	0.8141678082175857	([943, 303], [943, 443, 403])
1	0.8040016815656592	0.8143239705515893	([944, 169], [944, 169, 88])
1	0.8090405140071576	0.8143333715848958	([357, 103], [357, 228, 103])
1	0.7989334110890155	0.814507369677437	([820, 389], [820, 687, 595])
1	0.770767259720524	0.8145111448954496	([623, 47], [623, 461, 0])
1	0.7996657891329765	0.8146227160261069	([857, 427], [857, 839, 427])
1	0.7918659047524494	0.8146836080649986	([761, 71], [761, 60, 23])
1	0.8068454453696986	0.8147410633057651	([927, 287], [927, 287, 270])
1	0.7915968652080565	0.8148301389111654	([843, 83], [671, 652, 73])
1	0.7892000311640939	0.8148877827669418	([814, 280], [814, 280, 89])
1	0.7645207768770979	0.8149025505639238	([942, 233], [942, 914, 203])
1	0.8046806865303568	0.8149043550975558	([794, 124], [911, 794, 11])
1	0.8026363993809801	0.8150002661424501	([623, 93], [623, 93, 0])
1	0.7974478463716765	0.8150268948045823	([507, 102], [507, 193, 102])
1	0.7925690033103334	0.8150654365452669	([602, 124], [602, 291, 279])
1	0.8058932340078786	0.8154651593857182	([901, 155], [940, 901, 0])
1	0.8099825948690642	0.8154691163922703	([780, 79], [913, 780, 639])
1	0.7888248591071524	0.8159045572666571	([911, 11], [794, 759, 11])
1	0.7866492595994738	0.815928085276559	([887, 510], [887, 588, 540])
1	0.8031867737482808	0.8159503634505699	([692, 299], [722, 692, 299])
1	0.8114872490425502	0.8159937536026801	([933, 230], [933, 517, 493])
1	0.8145039212830908	0.8160106587363226	([767, 10], [767, 439, 23])
1	0.7981505657627486	0.8160235455887637	([776, 347], [776, 643, 498])
1	0.7977715006740539	0.8160339348037261	([603, 10], [603, 562, 10])
1	0.8044207750391954	0.8160539233434111	([806, 367], [806, 700, 636])
1	0.8121288706066779	0.8162624948579779	([788, 57], [788, 652, 57])
1	0.4745679811929943	0.8163275519286344	([378, 256], [256, 245, 208])
1	0.8163147256067281	0.8165870790268978	([761, 325], [761, 542, 325])
1	0.8059723625117546	0.8166120826578633	([809, 53], [809, 740, 681])
1	0.7949563586233384	0.81661591859325	([814, 214], [814, 214, 89])
1	0.8156736677142001	0.8167242096474905	([721, 68], [721, 239, 220])
1	0.8035769875429762	0.816787953436997	([795, 54], [795, 54, 13])
1	0.7765925764380768	0.8168950405009153	([843, 344], [808, 519, 344])
1	0.8102051263363707	0.8169405910979658	([666, 170], [666, 332, 305])
1	0.796912573550871	0.8170297900806909	([891, 484], [891, 809, 484])
1	0.8154493403900143	0.8170923551543443	([825, 405], [825, 727, 596])
1	0.8059819176753016	0.8170976225416005	([863, 104], [863, 104, 20])
1	0.8044622957371846	0.8172239976631032	([885, 133], [914, 885, 129])
1	0.8174691209333885	0.8177014843737554	([557, 159], [557, 537, 159])
1	0.8145110223824165	0.8177014843737554	([676, 159], [676, 537, 159])
1	0.7987810154585637	0.8179307108017402	([698, 205], [698, 644, 205])
1	0.7901553544198793	0.8181733283107866	([912, 209], [927, 912, 67])
1	0.7843047659674114	0.8182012643862755	([702, 102], [702, 673, 102])
1	0.7796318617877861	0.8182604976281149	([945, 85], [945, 431, 283])
1	0.7945725549723308	0.8183599768473286	([638, 83], [652, 638, 57])
1	0.7942864211535103	0.8183683249781596	([752, 209], [912, 752, 643])
1	0.7921613432438608	0.818368927407765	([374, 3], [374, 88, 82])
1	0.7918338659108992	0.8184680381706272	([664, 336], [664, 639, 336])
1	0.8091278259493011	0.8186197432755357	([881, 85], [915, 881, 85])
1	0.7835830142702258	0.8187643059860941	([856, 348], [856, 411, 348])
1	0.7679495473374757	0.8187715635493005	([622, 3], [622, 467, 3])
1	0.8186842878621969	0.8192243734724746	([670, 150], [670, 536, 150])
1	0.8066716388853651	0.8192298462366152	([733, 65], [733, 693, 75])
1	0.8156432812599108	0.8192531575172406	([824, 42], [849, 824, 42])
1	0.8138878398946445	0.8194893868279077	([895, 194], [895, 638, 194])
1	0.8069024689977775	0.8197260400107548	([942, 328], [942, 592, 506])
1	0.8007163603822268	0.8199201021357186	([926, 296], [926, 426, 296])
1	0.8044006281350439	0.8199299404426926	([838, 272], [838, 431, 272])
1	0.49937086419712656	0.8201598633025496	([264, 253], [385, 264, 253])
1	0.7866291498454624	0.8203234711427055	([728, 196], [728, 720, 90])
1	0.7815264255336546	0.8206160326917002	([934, 54], [934, 267, 262])
1	0.8115910361638529	0.8209775750406489	([785, 271], [785, 271, 190])
1	0.8181976990911058	0.8210924804497421	([834, 216], [834, 789, 216])
1	0.8154847690810152	0.8211624785000039	([581, 219], [581, 483, 363])
1	0.8136636099349419	0.8211886458086378	([669, 358], [669, 447, 431])
1	0.7758582894346905	0.8211960455040727	([719, 35], [719, 129, 35])
1	0.8184812087707414	0.8212963903833904	([881, 326], [881, 596, 595])
1	0.8165490008447174	0.8213234659128159	([945, 373], [945, 726, 373])
1	0.8083397175697992	0.821343105190549	([842, 260], [842, 413, 260])
1	0.8092405223254032	0.8214794506996089	([742, 49], [742, 733, 65])
1	0.8153804336670707	0.8214869267044907	([878, 414], [927, 878, 414])
1	0.7662634327679887	0.8215008508589609	([921, 143], [921, 261, 143])
1	0.8204283808590216	0.8215765496117498	([859, 267], [859, 795, 42])
1	0.8084269749634142	0.8216907460110039	([539, 119], [563, 539, 74])
1	0.8212762620599187	0.8218229816936802	([787, 225], [787, 723, 225])
1	0.8156797307134367	0.8218585404810973	([604, 123], [604, 123, 64])
1	0.8171859020373501	0.8218895224706592	([722, 151], [722, 617, 145])
1	0.8091476975721295	0.8219409907399494	([619, 51], [619, 239, 51])
1	0.8065995912412699	0.8219564119324773	([798, 70], [798, 695, 70])
1	0.8157534534254663	0.8219821086948034	([568, 75], [568, 206, 101])
1	0.8199151001972931	0.8220774941972586	([754, 162], [803, 754, 162])
1	0.8074657925702772	0.8221304434472627	([941, 170], [941, 270, 170])
1	0.819988955862107	0.8221404878471863	([800, 186], [800, 377, 186])
1	0.8154559423121547	0.8221823584714707	([668, 123], [668, 428, 23])
1	0.8066323476487781	0.8223017768237241	([927, 161], [927, 169, 161])
1	0.8192357095987067	0.8224167022480964	([801, 316], [801, 495, 316])
1	0.811899421467939	0.8226389370936634	([664, 56], [664, 650, 56])
1	0.8183039867298593	0.82264643854031	([859, 223], [859, 616, 223])
1	0.8118417452005968	0.8226750432083973	([916, 323], [751, 608, 323])
1	0.8202230634899819	0.8227259247245562	([787, 320], [787, 535, 483])
1	0.7943662791203654	0.8227281410187449	([854, 172], [854, 576, 427])
1	0.7935378552192545	0.8228056328345057	([506, 107], [506, 114, 107])
1	0.8172157458772585	0.822816371778022	([835, 323], [835, 751, 576])
1	0.8179091278665569	0.8229553249315849	([792, 94], [792, 716, 33])
1	0.8163412705977336	0.823032782494815	([810, 195], [810, 702, 102])
1	0.8215035343983721	0.8231060385066534	([729, 223], [729, 223, 64])
1	0.8189854272323882	0.8231577604209361	([823, 18], [823, 88, 18])
1	0.7976212963038101	0.823250854674542	([933, 334], [933, 558, 517])
1	0.8166534433690874	0.8233628362829135	([818, 211], [818, 596, 559])
1	0.7562099919108066	0.8233707752709974	([835, 55], [835, 563, 39])
1	0.8207888787025472	0.8235966075468784	([896, 423], [896, 776, 423])
1	0.8094332205842208	0.8236496335169821	([784, 355], [784, 464, 341])
1	0.8233698549223847	0.8239347047225556	([838, 111], [838, 721, 115])
1	0.7894888339310109	0.8240170220717429	([753, 72], [753, 72, 27])
1	0.7934807247381009	0.8240549811428548	([677, 62], [677, 334, 309])
1	0.8180306433259642	0.8242122643017423	([877, 44], [877, 787, 627])
1	0.823950012240496	0.8245930521858993	([917, 74], [917, 74, 50])
1	0.8155478056248594	0.8246836824809761	([833, 58], [833, 803, 55])
1	0.8213204801454661	0.8247367896169412	([802, 358], [802, 723, 358])
1	0.8205810498438484	0.8251860546277556	([691, 63], [691, 179, 63])
1	0.8010647824086952	0.8251870724166657	([884, 222], [884, 668, 554])
1	0.8179656757121931	0.8255138928363837	([594, 80], [594, 579, 80])
1	0.6530518848319783	0.8258325043076481	([711, 247], [711, 369, 346])
1	0.8045492847535042	0.82632509480846	([898, 62], [898, 755, 376])
1	0.8265443973435346	0.8267911358499805	([688, 224], [688, 299, 276])
1	0.7953941981089437	0.8271116679700155	([878, 271], [878, 699, 271])
1	0.8161946682780825	0.8272689085576852	([650, 157], [650, 169, 157])
1	0.8266859298289055	0.827371308614068	([883, 315], [922, 883, 315])
1	0.8221703460148404	0.8279986221472267	([786, 132], [786, 607, 564])
1	0.8101329426700803	0.8280379573124501	([816, 212], [816, 327, 270])
1	0.8251222283786714	0.8288734543217747	([946, 387], [946, 826, 387])
1	0.8125647298449458	0.8289634915128643	([837, 229], [920, 837, 229])
1	0.8213027520556686	0.8291751692477706	([901, 386], [901, 592, 386])
1	0.8245873712352523	0.8301692678929617	([873, 336], [873, 664, 618])
1	0.8225580222014799	0.8305944194275989	([844, 333], [844, 355, 333])
1	0.820004374540565	0.830674944086623	([907, 166], [907, 339, 166])
1	0.8236348918670442	0.8309280136467427	([888, 141], [888, 275, 141])
1	0.810518312551511	0.8312841988854123	([718, 72], [718, 595, 72])
1	0.825710237754762	0.8322886036010452	([736, 167], [736, 331, 202])
1	0.8232608200176144	0.8324873287961427	([814, 27], [814, 719, 27])
1	0.823065037967523	0.8326174835855127	([807, 63], [845, 807, 32])
1	0.8301328091732149	0.8328639051174833	([735, 93], [735, 531, 278])
1	0.8299102803374594	0.8329946271747564	([862, 6], [864, 812, 6])
1	0.8123658699983892	0.8333983005244971	([654, 94], [654, 206, 184])
1	0.8126618601610935	0.8333983005244971	([674, 184], [674, 654, 184])
1	0.8299666688676413	0.8334080901279256	([829, 107], [829, 713, 107])
1	0.7999081979469044	0.8338446229542756	([855, 146], [855, 640, 95])
1	0.8138841532823824	0.8344435441261479	([771, 237], [771, 545, 439])
1	0.8265407708798751	0.8346542339062734	([905, 108], [924, 905, 108])
1	0.8264835309992064	0.8349295244217676	([705, 74], [849, 705, 74])
1	0.815330062833686	0.8356397812158682	([799, 193], [799, 765, 193])
1	0.8204243049169611	0.8359952467037348	([866, 176], [866, 424, 176])
1	0.8102647493123124	0.8367984600005972	([853, 152], [853, 218, 97])
1	0.8268174804043796	0.8379259717204609	([600, 94], [600, 419, 94])
1	0.8065565643260074	0.8390403901775798	([811, 137], [929, 811, 137])
1	0.8085662113438328	0.8394455013861779	([573, 108], [924, 573, 375])
1	0.5233532018659616	0.8409923756907114	([253, 217], [264, 253, 217])
1	0.814001759318069	0.8417666979622311	([888, 18], [888, 61, 18])
1	0.5678868737132443	0.8422526489184357	([255, 116], [255, 244, 116])
1	0.645496349006784	0.8424962514700323	([931, 247], [931, 711, 247])
1	0.5292046942615564	0.8427260030214937	([250, 21], [250, 212, 21])
1	0.518157782475787	0.8430723209455055	([251, 204], [282, 251, 204])
1	0.8090728223385428	0.8447017771778935	([793, 143], [793, 225, 211])
1	0.5658995881790609	0.845453614224119	([725, 255], [701, 255, 240])
1	0.62378129687009	0.8457783817731673	([685, 258], [685, 258, 218])
1	0.544043015975189	0.8495217040857498	([665, 250], [665, 250, 212])
1	0.5147015921444036	0.8512655987002073	([254, 227], [274, 254, 227])
1	0.623011741247204	0.8530419055209213	([805, 252], [805, 259, 252])
1	0.5243748329476258	0.8532687636434042	([418, 251], [418, 282, 251])
1	0.5555401059183389	0.863024454838998	([256, 105], [387, 256, 105])
1	0.6063009220748629	0.8633507378031374	([418, 252], [418, 252, 209])
1	0.5494862025453604	0.8815324225992088	([947, 250], [947, 290, 250])
1	0.5551157970681756	0.8849272954853634	([833, 255], [833, 725, 255])
1	0.6363389346895053	0.8851201401967695	([875, 258], [875, 426, 258])
1	0.5270149634119132	0.8852442406143737	([257, 51], [257, 191, 51])
1	0.5602175849588977	0.8853241959062463	([370, 257], [370, 257, 51])
1	0.520263521232685	0.8871149340732312	([634, 251], [634, 418, 251])
1	0.531942991554315	0.9030258000511188	([611, 249], [612, 611, 249])
1	0.5053870297836296	0.916155866613598	([655, 254], [655, 654, 254])
0	0.0	inf	([254], [])
