0	0.0	0.22411957069710323	([1207], [1207, 1206])
0	0.0	0.23386723215508165	([1216], [1216, 1215])
0	0.0	0.23448884373005044	([1342], [1342, 1341])
0	0.0	0.2367278757894083	([1341], [1341, 1340])
0	0.0	0.23696718122883934	([621], [621, 620])
0	0.0	0.23898688144892644	([1206], [1206, 1205])
0	0.0	0.23906951169833573	([1472], [1472, 1471])
0	0.0	0.24131484192345976	([1013], [1013, 1012])
0	0.0	0.24333259552583753	([1352], [1352, 1351])
0	0.0	0.24379559922326371	([1198], [1198, 1197])
0	0.0	0.24465395095295775	([1199], [1199, 1198])
0	0.0	0.24477006196671897	([1337], [1337, 1336])
0	0.0	0.24523689935781923	([1340], [1340, 1339])
0	0.0	0.24550849027158853	([1220], [1220, 1219])
0	0.0	0.24692811190881558	([631], [631, 630])
0	0.0	0.24738291714614377	([1055], [1055, 1054])
0	0.0	0.24844333621120218	([1209], [1209, 1208])
0	0.0	0.2488724463627696	([1351], [1351, 1350])
0	0.0	0.2491144795400778	([1473], [1473, 1472])
0	0.0	0.251457031565263	([1053], [1053, 1052])
0	0.0	0.25163308756701125	([1378], [1378, 1377])
0	0.0	0.2526961507113889	([1471], [1471, 1470])
0	0.0	0.25318102125376435	([320], [320, 319])
0	0.0	0.253274184418566	([338], [338, 337])
0	0.0	0.2533584451631287	([1211], [1211, 1210])
0	0.0	0.25367022398384625	([1454], [1454, 1453])
0	0.0	0.2537623111975775	([1212], [1212, 1211])
0	0.0	0.2539940532223927	([1377], [1377, 1376])
0	0.0	0.25426010798063037	([1210], [1210, 1209])
0	0.0	0.25447996768229564	([1052], [1052, 1051])
0	0.0	0.25453430466599414	([1469], [1469, 1468])
0	0.0	0.2558862720769705	([1031], [1031, 1030])
0	0.0	0.2561150583271424	([1208], [1208, 1207])
0	0.0	0.25700864228784936	([1318], [1318, 1317])
0	0.0	0.2571148737234122	([1128], [1128, 1127])
0	0.0	0.25729691140355465	([1228], [1228, 1227])
0	0.0	0.25765507211546723	([1162], [1162, 1161])
0	0.0	0.25767750481812035	([622], [622, 620])
0	0.0	0.25767835882695983	([633], [633, 632])
0	0.0	0.2588282797016212	([1227], [1227, 1226])
0	0.0	0.25906029384878143	([284], [284, 283])
0	0.0	0.2592262512689399	([1049], [1049, 1048])
0	0.0	0.259715421673276	([1201], [1201, 1200])
0	0.0	0.260167985749263	([1181], [1181, 1180])
0	0.0	0.26029694764026523	([304], [304, 303])
0	0.0	0.2606959510276486	([1219], [1219, 1218])
0	0.0	0.2611429728100036	([1050], [1050, 1049])
0	0.0	0.26145286017852176	([1182], [1182, 1181])
0	0.0	0.2619545595480928	([1204], [1204, 1203])
0	0.0	0.26198061051548077	([1203], [1203, 1202])
0	0.0	0.2621112081449484	([1202], [1202, 1201])
0	0.0	0.2623198812941557	([1339], [1339, 1338])
0	0.0	0.2627117743922438	([1470], [1470, 1469])
0	0.0	0.26277140385403525	([1336], [1336, 1335])
0	0.0	0.26374175547840556	([1218], [1218, 1216])
0	0.0	0.26457269002542405	([1205], [1205, 1204])
0	0.0	0.26470083415486656	([313], [313, 312])
0	0.0	0.26539099265074073	([1468], [1468, 1467])
0	0.0	0.2661163292200895	([1344], [1344, 1343])
0	0.0	0.26812253283262855	([345], [345, 344])
0	0.0	0.2683417956186159	([1215], [1215, 1214])
0	0.0	0.2685577720305991	([626], [626, 625])
0	0.0	0.2687221315007913	([627], [627, 626])
0	0.0	0.26876790587728194	([1214], [1214, 1213])
0	0.0	0.26955185303125156	([1046], [1046, 1045])
0	0.0	0.2700022683505459	([283], [283, 282])
0	0.0	0.270277935845743	([1447], [1447, 1446])
0	0.0	0.27064642838125164	([623], [623, 622])
0	0.0	0.2706972823513642	([624], [624, 623])
0	0.0	0.27090489351540864	([632], [632, 631])
0	0.0	0.2719741667124152	([1338], [1338, 1337])
0	0.0	0.27282564748871424	([183], [183, 182])
0	0.0	0.27296870969273046	([1126], [1126, 1125])
0	0.0	0.27322731824048985	([1217], [1217, 1216])
0	0.0	0.2732430247751113	([1353], [1353, 1352])
0	0.0	0.2733034881497959	([1121], [1121, 1120])
0	0.0	0.2733626079624343	([702], [702, 701])
0	0.0	0.2738517370711225	([515], [515, 514])
0	0.0	0.27394774405194183	([1047], [1047, 1046])
0	0.0	0.2739799277439752	([615], [615, 614])
0	0.0	0.27453580087853574	([1376], [1376, 1375])
0	0.0	0.2747443369316806	([1463], [1463, 1462])
0	0.0	0.27519010985615944	([1226], [1226, 1225])
0	0.0	0.27587073184263716	([319], [319, 318])
0	0.0	0.2759899536662805	([1346], [1346, 1345])
0	0.0	0.2765943083334282	([1030], [1030, 1029])
0	0.0	0.2769802194039715	([1367], [1367, 1366])
0	0.0	0.27717081691427475	([1430], [1430, 1429])
0	0.0	0.2777285291252171	([1042], [1042, 1041])
0	0.0	0.2778491701521608	([945], [945, 944])
0	0.0	0.2784331253249272	([1223], [1223, 1221])
0	0.0	0.2786250041890991	([1048], [1048, 1047])
0	0.0	0.2786487220719136	([340], [340, 339])
0	0.0	0.2787271421949486	([277], [277, 276])
0	0.0	0.2787808757887027	([1382], [1382, 1381])
0	0.0	0.27898420767400123	([342], [342, 341])
0	0.0	0.2790349489877352	([1191], [1191, 1190])
0	0.0	0.27916004633294306	([1319], [1319, 1318])
0	0.0	0.279192674292103	([1200], [1200, 1199])
0	0.0	0.2792677862625785	([1188], [1188, 1187])
0	0.0	0.2795739531645481	([1045], [1045, 1044])
0	0.0	0.2800896443682654	([286], [286, 285])
0	0.0	0.28013440532955297	([1322], [1322, 1321])
0	0.0	0.28050630473255883	([308], [308, 307])
0	0.0	0.2805178805205288	([1193], [1193, 1192])
0	0.0	0.2806347472237844	([701], [701, 700])
0	0.0	0.2806523437259779	([708], [708, 706])
0	0.0	0.2808285856077575	([210], [210, 209])
0	0.0	0.2809558208211675	([1213], [1213, 1212])
0	0.0	0.28104853833160753	([617], [617, 616])
0	0.0	0.2813385939373932	([1190], [1190, 1189])
0	0.0	0.2814150368058869	([318], [318, 317])
0	0.0	0.2814872398062591	([634], [634, 633])
0	0.0	0.28155827680432516	([1224], [1224, 1223])
0	0.0	0.28191025929722635	([1027], [1027, 1026])
0	0.0	0.2820161677729323	([317], [317, 316])
0	0.0	0.2822486577347083	([1127], [1127, 1126])
0	0.0	0.2826109084414005	([1380], [1380, 1379])
0	0.0	0.2837325779489189	([316], [316, 315])
0	0.0	0.2840164261635752	([1221], [1221, 1220])
0	0.0	0.28444358128538594	([630], [630, 629])
0	0.0	0.28478061268002103	([202], [202, 201])
0	0.0	0.2848305987714075	([1321], [1321, 1320])
0	0.0	0.2849856848484703	([1033], [1033, 1032])
0	0.0	0.28501655413399857	([1345], [1345, 1344])
0	0.0	0.28531018667275493	([1122], [1122, 1121])
0	0.0	0.28536493074620306	([1161], [1161, 1160])
0	0.0	0.28581221258960854	([1225], [1225, 1224])
0	0.0	0.2861028313247263	([1032], [1032, 1030])
0	0.0	0.2861186247767089	([1327], [1327, 1326])
0	0.0	0.2863652584001696	([1343], [1343, 1338])
0	0.0	0.2866001515450756	([334], [334, 333])
0	0.0	0.28674524580984295	([1414], [1414, 1413])
0	0.0	0.28744537387617236	([1320], [1320, 1319])
0	0.0	0.2882272785720533	([302], [302, 301])
0	0.0	0.2883022535017258	([215], [215, 214])
0	0.0	0.28850248881084395	([981], [981, 980])
0	0.0	0.28869116641851955	([176], [176, 175])
0	0.0	0.28957408974516435	([703], [703, 702])
0	0.0	0.2896185784623281	([7], [7, 6])
0	0.0	0.2896893471843421	([616], [616, 615])
0	0.0	0.2898779457817056	([1275], [1275, 1274])
0	0.0	0.2902089596707781	([1230], [1230, 1229])
0	0.0	0.29023033978374035	([1120], [1120, 1119])
0	0.0	0.2904465489773775	([1348], [1348, 1347])
0	0.0	0.29045883679132223	([214], [214, 213])
0	0.0	0.2904694899989649	([1375], [1375, 1374])
0	0.0	0.2906524245857183	([1091], [1091, 1090])
0	0.0	0.29090474593257115	([1026], [1026, 1025])
0	0.0	0.29107250525915457	([1195], [1195, 1194])
0	0.0	0.29117543627140496	([335], [335, 334])
0	0.0	0.29134032794073605	([1129], [1129, 1128])
0	0.0	0.29137492321039093	([209], [209, 208])
0	0.0	0.29146333320885726	([1148], [1148, 1147])
0	0.0	0.29158701191986175	([1415], [1415, 1414])
0	0.0	0.2916874013519734	([654], [654, 653])
0	0.0	0.29168973449040836	([309], [309, 308])
0	0.0	0.2921028490885414	([1485], [1485, 1484])
0	0.0	0.2922000859760369	([706], [708, 705])
0	0.0	0.29234685374425967	([1347], [1347, 1346])
0	0.0	0.29242114962737753	([201], [201, 200])
0	0.0	0.2926116500350685	([294], [294, 293])
0	0.0	0.2926648649057133	([1051], [1051, 1050])
0	0.0	0.292739168754404	([1160], [1160, 1158])
0	0.0	0.29293356538748	([276], [276, 275])
0	0.0	0.29297805523759207	([1090], [1091, 1089])
0	0.0	0.29322168941801724	([625], [625, 624])
0	0.0	0.2934983833883832	([341], [342, 340])
0	0.0	0.29353751612291945	([1189], [1189, 1188])
0	0.0	0.29373632133479394	([1453], [1453, 1452])
0	0.0	0.29375641865944324	([285], [285, 284])
0	0.0	0.2939768564442081	([1043], [1043, 1042])
0	0.0	0.2940215297335986	([620], [623, 618])
0	0.0	0.29433451901136226	([619], [619, 618])
0	0.0	0.29451647985209733	([1054], [1054, 1053])
0	0.0	0.29454488316635336	([509], [509, 508])
0	0.0	0.295210483382083	([510], [510, 509])
0	0.0	0.2952772260013262	([336], [336, 335])
0	0.0	0.29604169317315654	([323], [323, 322])
0	0.0	0.29620072966176614	([1197], [1197, 1196])
0	0.0	0.29633533387010846	([8], [8, 7])
0	0.0	0.2963894829813875	([649], [649, 648])
0	0.0	0.2965355452968025	([1335], [1335, 1334])
0	0.0	0.296574410477712	([1124], [1124, 1123])
0	0.0	0.296650083253243	([1156], [1156, 1155])
0	0.0	0.29669262310943756	([314], [314, 313])
0	0.0	0.2967137777511248	([4], [4, 3])
0	0.0	0.29680571765454766	([1014], [1014, 1013])
0	0.0	0.2968476980944918	([6], [6, 5])
0	0.0	0.2977819687638443	([1192], [1192, 1191])
0	0.0	0.29784072451830146	([710], [710, 709])
0	0.0	0.297944686453346	([648], [648, 647])
0	0.0	0.29801024165639806	([1158], [1160, 1159])
0	0.0	0.2983088189826874	([175], [175, 174])
0	0.0	0.29918642181193716	([303], [303, 302])
0	0.0	0.2992225343121598	([1125], [1125, 1124])
0	0.0	0.2993011115010573	([5], [6, 4])
0	0.0	0.29979343065119163	([315], [315, 314])
0	0.0	0.3004972903372513	([704], [704, 703])
0	0.0	0.3005354778832569	([628], [628, 627])
0	0.0	0.3006792753923632	([1365], [1365, 1364])
0	0.0	0.30076325126127246	([1358], [1358, 1357])
0	0.0	0.3008870104471875	([337], [337, 336])
1	0.2972662308508674	0.3013505232920861	([620, 619], [623, 620, 619])
0	0.0	0.3015536957387606	([629], [629, 628])
0	0.0	0.30173389246395443	([287], [287, 286])
0	0.0	0.30191885475391184	([1044], [1044, 1043])
0	0.0	0.3019613643909672	([10], [10, 9])
0	0.0	0.3032224011618562	([980], [980, 979])
0	0.0	0.3036241285381599	([982], [982, 981])
0	0.0	0.303676901421879	([213], [213, 212])
0	0.0	0.3037371341473749	([1386], [1386, 1385])
0	0.0	0.30385921191187465	([1491], [1491, 1490])
0	0.0	0.3039294871826182	([1385], [1385, 1384])
0	0.0	0.3039501768427162	([1379], [1379, 1374])
0	0.0	0.3039876391797083	([206], [206, 205])
0	0.0	0.30411674098301367	([1416], [1416, 1415])
0	0.0	0.3042530401237018	([1183], [1183, 1182])
0	0.0	0.3043612441667031	([1381], [1381, 1380])
0	0.0	0.3044718539976491	([502], [502, 501])
0	0.0	0.3045090265676089	([295], [295, 294])
0	0.0	0.3045332010278722	([653], [653, 652])
0	0.0	0.304614762270251	([1417], [1417, 1416])
0	0.0	0.3048985056030477	([983], [983, 982])
0	0.0	0.304980327292376	([1229], [1229, 1228])
0	0.0	0.30524449976126955	([1373], [1373, 1372])
0	0.0	0.3052782343402668	([898], [898, 897])
0	0.0	0.30549247644135824	([9], [9, 8])
0	0.0	0.30557045643599223	([211], [211, 210])
0	0.0	0.3059091079665335	([212], [212, 211])
0	0.0	0.30600770771532243	([738], [738, 737])
0	0.0	0.3060872728656167	([1451], [1451, 1450])
0	0.0	0.3062210919767785	([298], [298, 297])
0	0.0	0.30635031265723056	([60], [60, 59])
0	0.0	0.3063632544668781	([413], [413, 412])
0	0.0	0.30644626121850116	([1078], [1078, 1077])
0	0.0	0.30652781389008826	([1333], [1333, 1332])
0	0.0	0.3065943398422361	([290], [290, 289])
0	0.0	0.30695289033780115	([258], [258, 257])
0	0.0	0.3070078060651093	([1449], [1449, 1448])
0	0.0	0.3072239593637812	([1082], [1082, 1081])
0	0.0	0.307248253074726	([1092], [1092, 1091])
0	0.0	0.3075785199472081	([1024], [1024, 1023])
0	0.0	0.3078324135179455	([503], [503, 502])
0	0.0	0.30799033484372373	([636], [636, 635])
1	0.30612680876892445	0.30802887548603414	([341, 339], [342, 341, 339])
0	0.0	0.30811501162479316	([170], [170, 169])
0	0.0	0.3081151252317638	([282], [282, 281])
0	0.0	0.3084919737616813	([1023], [1023, 1022])
0	0.0	0.30944604795920133	([1130], [1130, 1129])
0	0.0	0.30950582208658006	([270], [270, 269])
0	0.0	0.3095309914319759	([1409], [1409, 1408])
0	0.0	0.30962387784201184	([281], [281, 280])
0	0.0	0.30970480179930915	([618], [618, 617])
0	0.0	0.3097057159504409	([1474], [1474, 1473])
0	0.0	0.31014739713622	([1123], [1123, 1122])
0	0.0	0.31032899487260013	([1484], [1484, 1483])
0	0.0	0.3105181896440829	([1061], [1061, 1060])
0	0.0	0.3105710978063996	([1413], [1413, 1412])
0	0.0	0.310583067001325	([1418], [1418, 1417])
0	0.0	0.31058750449267464	([1135], [1135, 1134])
0	0.0	0.31062289812533644	([11], [11, 10])
0	0.0	0.3108527055890688	([1194], [1194, 1193])
0	0.0	0.3108851498363433	([603], [603, 602])
0	0.0	0.3110249924917686	([907], [907, 906])
0	0.0	0.3114213900190364	([984], [984, 983])
0	0.0	0.3114332280212063	([1015], [1015, 1014])
0	0.0	0.31171890907720806	([707], [707, 706])
0	0.0	0.31204847763659793	([1445], [1445, 1444])
0	0.0	0.31216393036496537	([1271], [1271, 1270])
0	0.0	0.31223717422343683	([312], [312, 311])
0	0.0	0.3122993766531058	([1147], [1147, 1146])
0	0.0	0.3123972045855153	([12], [12, 11])
0	0.0	0.31246503608846066	([339], [339, 338])
0	0.0	0.3125940267892605	([1354], [1354, 1353])
0	0.0	0.3128172480655575	([280], [280, 279])
0	0.0	0.3137569278836509	([1411], [1411, 1410])
0	0.0	0.31378776841877104	([311], [311, 310])
0	0.0	0.31382004268071007	([1366], [1366, 1365])
0	0.0	0.31398733048916805	([297], [297, 296])
0	0.0	0.3142191350237897	([433], [433, 432])
0	0.0	0.3142258808585958	([325], [325, 324])
0	0.0	0.31434788418158854	([203], [203, 202])
0	0.0	0.31469775474631717	([511], [511, 510])
0	0.0	0.31474303198528225	([705], [705, 704])
0	0.0	0.31482656467716136	([880], [880, 879])
0	0.0	0.314932388873079	([271], [271, 270])
0	0.0	0.31512101989757146	([321], [321, 320])
0	0.0	0.3152669943821619	([973], [973, 972])
0	0.0	0.3153531664066484	([697], [697, 696])
0	0.0	0.3154362853345675	([1083], [1083, 1082])
0	0.0	0.3156831816570571	([635], [635, 634])
0	0.0	0.31591389487529214	([699], [699, 698])
0	0.0	0.3165699610407283	([1060], [1061, 1059])
0	0.0	0.3166902533019625	([1041], [1041, 1040])
0	0.0	0.3168620019999697	([293], [293, 292])
0	0.0	0.3170371285026938	([1034], [1034, 1033])
0	0.0	0.3171832199732411	([1025], [1025, 1024])
0	0.0	0.3174235198653439	([720], [720, 719])
0	0.0	0.31742386618999097	([324], [324, 323])
0	0.0	0.3177834425860788	([1369], [1369, 1368])
0	0.0	0.31780644741917113	([1328], [1328, 1327])
0	0.0	0.31780812666186975	([1448], [1448, 1447])
0	0.0	0.3179176248495472	([291], [291, 290])
0	0.0	0.3180415110204352	([327], [327, 326])
0	0.0	0.3180948500556469	([1452], [1452, 1448])
0	0.0	0.3183040613246704	([437], [437, 436])
0	0.0	0.31837077031812355	([836], [836, 835])
0	0.0	0.3185691406413967	([1368], [1368, 1367])
0	0.0	0.31859405198070295	([216], [216, 215])
0	0.0	0.31870582664929403	([61], [61, 60])
0	0.0	0.3187957128486468	([1475], [1475, 1474])
0	0.0	0.3188167919677476	([1456], [1456, 1455])
0	0.0	0.3189445196674703	([514], [514, 513])
0	0.0	0.318946114387331	([310], [310, 309])
0	0.0	0.3192786784944198	([3], [3, 2])
0	0.0	0.3193276862367253	([299], [299, 298])
0	0.0	0.31941766318544995	([1113], [1113, 1112])
0	0.0	0.3195535495234126	([1359], [1359, 1358])
0	0.0	0.31961088431376794	([747], [747, 746])
0	0.0	0.31969018530719506	([221], [221, 220])
0	0.0	0.3196991729719731	([606], [606, 605])
0	0.0	0.3198306055571568	([715], [715, 714])
0	0.0	0.3202543696208546	([1450], [1450, 1449])
0	0.0	0.320348929296092	([272], [272, 271])
0	0.0	0.32042815043241923	([1222], [1222, 1221])
0	0.0	0.32084171087008667	([301], [301, 300])
0	0.0	0.320900299506174	([1420], [1420, 1419])
0	0.0	0.32091344022183743	([1329], [1329, 1328])
0	0.0	0.3210741357199577	([300], [300, 299])
0	0.0	0.32147630383618403	([733], [733, 732])
0	0.0	0.321477479732384	([1073], [1073, 1072])
0	0.0	0.32178728899113296	([1357], [1357, 1356])
0	0.0	0.32179046065132155	([273], [273, 272])
0	0.0	0.3218429285218543	([274], [274, 273])
0	0.0	0.3219225219426358	([652], [652, 651])
0	0.0	0.3221559775271972	([1021], [1021, 1020])
0	0.0	0.32224050942990534	([897], [897, 896])
0	0.0	0.3222534058217637	([1184], [1184, 1183])
0	0.0	0.3223059701697754	([1455], [1455, 1454])
0	0.0	0.3230427501881254	([1079], [1079, 1078])
0	0.0	0.3237084354009923	([1278], [1278, 1277])
0	0.0	0.3238442738597671	([296], [296, 295])
1	0.30447633668691	0.324171449305089	([1379, 1378], [1379, 1377, 1375])
0	0.0	0.32437777072508067	([1429], [1429, 1428])
0	0.0	0.3243885095806925	([1077], [1077, 1076])
0	0.0	0.3244289356674495	([862], [862, 860])
0	0.0	0.324522728106928	([1370], [1370, 1369])
0	0.0	0.32497086804921826	([1159], [1158, 1157])
0	0.0	0.3252807138638511	([1325], [1325, 1324])
0	0.0	0.3253622968890933	([1349], [1349, 1348])
0	0.0	0.32537083492946073	([1412], [1412, 1411])
0	0.0	0.3254517040650341	([722], [722, 721])
0	0.0	0.32554263162772423	([288], [288, 287])
0	0.0	0.32565048184856465	([1398], [1398, 1397])
0	0.0	0.32574141889362035	([1185], [1185, 1184])
0	0.0	0.3260481215578636	([172], [172, 171])
0	0.0	0.32611777792472674	([1374], [1374, 1373])
0	0.0	0.32628477694052876	([512], [512, 511])
0	0.0	0.3263180689013179	([217], [217, 216])
0	0.0	0.3263449196148887	([255], [255, 254])
0	0.0	0.3263868918086199	([167], [167, 166])
0	0.0	0.32656024819186413	([52], [52, 51])
0	0.0	0.3266805839132789	([1387], [1387, 1386])
0	0.0	0.3269008148282629	([1274], [1274, 1273])
0	0.0	0.3271176308330748	([1408], [1408, 1406])
0	0.0	0.32714244388587627	([878], [878, 877])
0	0.0	0.32724161595517964	([1149], [1149, 1148])
0	0.0	0.32734949934317786	([326], [326, 325])
0	0.0	0.3275861273178396	([1483], [1483, 1482])
0	0.0	0.32760362820396083	([746], [746, 745])
0	0.0	0.32767764575878794	([1496], [1496, 1495])
0	0.0	0.3278453021064091	([1277], [1277, 1275])
0	0.0	0.328002653410865	([1076], [1076, 1075])
0	0.0	0.3281581190099001	([952], [952, 951])
0	0.0	0.3285844154626791	([222], [222, 221])
0	0.0	0.3286725848534356	([1062], [1062, 1061])
0	0.0	0.3286840506268581	([1477], [1477, 1476])
0	0.0	0.32879714008317	([1058], [1058, 1057])
0	0.0	0.32902067131094065	([968], [968, 967])
0	0.0	0.3290429318351089	([637], [637, 636])
0	0.0	0.3291551906990968	([974], [974, 973])
0	0.0	0.32924862684719763	([177], [177, 176])
0	0.0	0.32930706373730034	([1492], [1492, 1491])
0	0.0	0.32934367261883696	([1074], [1074, 1073])
0	0.0	0.32952188238319496	([289], [289, 288])
0	0.0	0.3296099514904653	([1114], [1114, 1113])
0	0.0	0.3296200173818155	([1186], [1186, 1185])
0	0.0	0.32974249036847886	([1431], [1431, 1430])
0	0.0	0.3297979905381056	([1059], [1059, 1058])
0	0.0	0.32985211642133133	([1326], [1326, 1325])
0	0.0	0.3300523166397295	([19], [19, 18])
0	0.0	0.330055972850547	([1383], [1383, 1382])
0	0.0	0.33016905084375137	([892], [892, 891])
0	0.0	0.3302294946880962	([59], [59, 56])
0	0.0	0.3303460799357878	([1476], [1476, 1475])
0	0.0	0.33043885697099923	([307], [307, 306])
0	0.0	0.3305929539124532	([292], [292, 291])
0	0.0	0.33060743664166714	([1428], [1428, 1427])
0	0.0	0.3307329947036771	([748], [748, 747])
0	0.0	0.3310696585116578	([1157], [1157, 1156])
0	0.0	0.3311348700708068	([1464], [1464, 1463])
0	0.0	0.3313099203133771	([1273], [1277, 1276])
0	0.0	0.3313197803818108	([643], [643, 642])
0	0.0	0.33136252181013726	([1334], [1334, 1333])
0	0.0	0.3318480896885601	([1040], [1040, 1039])
0	0.0	0.3320178360067155	([976], [976, 975])
0	0.0	0.33212730980977556	([56], [59, 58])
0	0.0	0.33230667479556486	([1350], [1350, 1349])
0	0.0	0.3327885012984828	([1179], [1179, 1178])
0	0.0	0.3330774008669237	([723], [723, 722])
0	0.0	0.3333499709283967	([1276], [1273, 1272])
0	0.0	0.33348703527321105	([1056], [1056, 1055])
0	0.0	0.33362388121211145	([1095], [1095, 1094])
0	0.0	0.3338987191080676	([1421], [1421, 1420])
0	0.0	0.3339235566790259	([899], [899, 898])
0	0.0	0.33435217024693725	([599], [599, 598])
0	0.0	0.3346274176391635	([452], [452, 451])
0	0.0	0.3346992461374121	([1075], [1075, 1073])
0	0.0	0.3347268583692443	([13], [13, 12])
0	0.0	0.3347696672833551	([442], [442, 441])
0	0.0	0.33477115338009134	([58], [56, 55])
0	0.0	0.3349168110659865	([1486], [1486, 1485])
0	0.0	0.33495578226455985	([896], [896, 895])
0	0.0	0.3349886446451865	([975], [975, 974])
0	0.0	0.33505998992378166	([513], [513, 512])
0	0.0	0.33510244946289763	([977], [977, 976])
0	0.0	0.335121039632316	([1089], [1089, 1088])
0	0.0	0.33515757171396476	([1397], [1397, 1396])
1	0.31686060865790566	0.3352414287051691	([511, 508], [511, 510, 508])
0	0.0	0.33545785094820535	([343], [343, 342])
0	0.0	0.33560685082479125	([358], [358, 357])
0	0.0	0.3358694336582673	([1088], [1088, 1087])
0	0.0	0.33599684464952584	([596], [596, 595])
0	0.0	0.33619475375953467	([344], [344, 343])
0	0.0	0.3361958151960783	([700], [700, 699])
0	0.0	0.3364256949694598	([333], [333, 332])
0	0.0	0.33667095260840035	([178], [178, 177])
0	0.0	0.33669316066604066	([879], [879, 878])
0	0.0	0.3368522737974154	([999], [999, 998])
0	0.0	0.33691639581581306	([1465], [1465, 1464])
0	0.0	0.3369635402887131	([732], [732, 730])
0	0.0	0.3370808214713516	([1410], [1410, 1409])
0	0.0	0.33743124262389024	([322], [322, 321])
0	0.0	0.3376403169752186	([946], [946, 945])
0	0.0	0.33774292699758646	([407], [407, 406])
0	0.0	0.3377842002379617	([721], [721, 720])
0	0.0	0.33829306174271584	([1084], [1084, 1083])
0	0.0	0.3386225389676338	([1170], [1170, 1169])
0	0.0	0.3389412976624349	([610], [610, 609])
0	0.0	0.33954360970502223	([731], [731, 730])
0	0.0	0.33977949037748717	([716], [716, 715])
0	0.0	0.33978465394839	([1402], [1402, 1401])
0	0.0	0.3398459045925051	([1133], [1133, 1132])
0	0.0	0.3399236551735932	([143], [143, 142])
0	0.0	0.3404092994034165	([1131], [1131, 1130])
0	0.0	0.3405089260247206	([978], [978, 977])
0	0.0	0.34051982724613794	([1115], [1115, 1114])
0	0.0	0.3405666020542265	([268], [268, 267])
0	0.0	0.34065243473763873	([1362], [1362, 1361])
0	0.0	0.340670759832083	([1072], [1072, 1071])
0	0.0	0.34075783636900225	([972], [972, 971])
0	0.0	0.34106256699316745	([1020], [1020, 1019])
0	0.0	0.3417539614184385	([27], [27, 26])
0	0.0	0.3418421323564818	([900], [900, 899])
0	0.0	0.34200960830990795	([1267], [1267, 1266])
0	0.0	0.3422207166413185	([1406], [1408, 1407])
0	0.0	0.3423036406350395	([377], [377, 376])
0	0.0	0.3424393989850259	([1187], [1187, 1186])
0	0.0	0.3424565078639411	([1482], [1482, 1481])
0	0.0	0.3425370565661992	([171], [171, 170])
0	0.0	0.34260686921619277	([979], [979, 978])
0	0.0	0.3426095562242427	([1110], [1110, 1109])
0	0.0	0.3427655566214382	([507], [507, 506])
0	0.0	0.343044461017415	([1178], [1178, 1177])
0	0.0	0.34313030834805197	([745], [745, 744])
0	0.0	0.3431792330859575	([1196], [1196, 1195])
0	0.0	0.34338675015208836	([219], [219, 218])
0	0.0	0.34366736719776175	([501], [501, 500])
0	0.0	0.3437142300728863	([1109], [1109, 1108])
0	0.0	0.34386881058055463	([181], [181, 180])
0	0.0	0.3439668770319952	([1384], [1384, 1383])
0	0.0	0.3443673260080276	([602], [602, 601])
0	0.0	0.34438557035785605	([609], [609, 608])
0	0.0	0.34458376371853605	([436], [436, 435])
0	0.0	0.34458982101170926	([1323], [1323, 1322])
0	0.0	0.3448175659535523	([1247], [1247, 1246])
0	0.0	0.3452033691725144	([604], [604, 603])
0	0.0	0.3452038512480588	([1487], [1487, 1486])
0	0.0	0.3452201031588113	([638], [638, 637])
0	0.0	0.34533106369145744	([220], [220, 219])
0	0.0	0.34537245133042693	([598], [598, 597])
0	0.0	0.34547409590769873	([936], [936, 935])
0	0.0	0.34552078728931485	([1480], [1480, 1479])
0	0.0	0.345619139214143	([1490], [1490, 1489])
0	0.0	0.3456254396211936	([357], [357, 356])
0	0.0	0.34581113111488193	([32], [32, 31])
0	0.0	0.34585156471695794	([1442], [1442, 1441])
0	0.0	0.3459346899802962	([1134], [1134, 1132])
0	0.0	0.346106213171574	([863], [863, 862])
0	0.0	0.34623886518994684	([749], [749, 748])
0	0.0	0.34630504396338696	([207], [207, 206])
0	0.0	0.34639201728402086	([162], [162, 161])
0	0.0	0.34639629252790666	([597], [597, 596])
0	0.0	0.34641861789453315	([417], [417, 416])
0	0.0	0.3464688854661873	([508], [508, 507])
0	0.0	0.34655664097737343	([168], [168, 167])
0	0.0	0.3467186968299615	([894], [894, 893])
0	0.0	0.3467252818612792	([642], [642, 641])
0	0.0	0.34673420012573386	([893], [893, 892])
0	0.0	0.346910383038994	([252], [252, 251])
0	0.0	0.3471402022666699	([1094], [1094, 1093])
0	0.0	0.34721209688503013	([500], [500, 499])
0	0.0	0.3473741593657316	([1022], [1023, 1021])
0	0.0	0.34738150972066645	([605], [605, 604])
0	0.0	0.34744985065477907	([51], [51, 50])
0	0.0	0.3477207259066934	([1087], [1087, 1086])
0	0.0	0.3478036461742993	([275], [275, 274])
0	0.0	0.3478806946623237	([330], [330, 329])
0	0.0	0.34789875892075567	([1355], [1355, 1354])
0	0.0	0.3479412362962178	([1000], [1000, 999])
0	0.0	0.3481793060277371	([1093], [1093, 1092])
0	0.0	0.3481921766121869	([1112], [1112, 1111])
0	0.0	0.34851817112515143	([895], [895, 894])
0	0.0	0.3487286109941162	([743], [743, 742])
0	0.0	0.3489754782370059	([1403], [1403, 1402])
0	0.0	0.34913046984752016	([180], [180, 178])
0	0.0	0.3493490834020076	([438], [438, 437])
0	0.0	0.34940310324036367	([204], [204, 203])
0	0.0	0.3494590739489498	([1009], [1009, 1008])
0	0.0	0.34946698413910987	([247], [247, 246])
0	0.0	0.3495591468764937	([614], [614, 613])
0	0.0	0.34977257233868325	([554], [554, 553])
1	0.3419193649685658	0.3498762130566684	([1075, 1071], [1075, 1073, 1071])
1	0.3376601218492523	0.34989451599045396	([1417, 1414], [1417, 1416, 1414])
0	0.0	0.35012732316631207	([737], [737, 736])
0	0.0	0.3501339746591998	([871], [871, 870])
0	0.0	0.3502315780785989	([55], [55, 54])
0	0.0	0.3504793073277886	([937], [937, 936])
0	0.0	0.35052198585244293	([1481], [1481, 1480])
0	0.0	0.35088986761115093	([744], [744, 743])
0	0.0	0.3509495752264916	([410], [410, 409])
0	0.0	0.35119865071326695	([218], [218, 217])
0	0.0	0.3513447944652057	([1136], [1136, 1135])
0	0.0	0.3515703548074733	([383], [383, 382])
0	0.0	0.3517153813480101	([860], [860, 859])
0	0.0	0.3517176236039195	([434], [434, 433])
0	0.0	0.3518874440193859	([1132], [1132, 1131])
0	0.0	0.35192637902444457	([556], [556, 555])
0	0.0	0.3520922452589977	([463], [463, 462])
0	0.0	0.3521074118329961	([1332], [1333, 1331])
0	0.0	0.3522389718199898	([1361], [1361, 1360])
0	0.0	0.3522704969449407	([329], [329, 328])
0	0.0	0.35230033663406346	([1150], [1150, 1149])
0	0.0	0.3523270610190477	([208], [208, 207])
0	0.0	0.35238757367171974	([110], [110, 109])
0	0.0	0.35243649621677364	([1103], [1103, 1102])
0	0.0	0.3525227426664229	([482], [482, 481])
0	0.0	0.35253931081334827	([1419], [1419, 1418])
0	0.0	0.3528749216979802	([269], [269, 268])
0	0.0	0.35302602562797375	([1363], [1363, 1362])
0	0.0	0.3530452451132315	([1466], [1466, 1465])
0	0.0	0.3531099659661347	([1488], [1488, 1487])
0	0.0	0.3531530762807739	([587], [587, 586])
0	0.0	0.3532042516009178	([1401], [1401, 1400])
0	0.0	0.35328632098893276	([464], [464, 463])
0	0.0	0.3532962848433671	([1407], [1406, 1402])
1	0.3373643733675552	0.3534270619481623	([295, 289], [295, 291, 289])
0	0.0	0.3537344634374469	([182], [182, 180])
0	0.0	0.35378699739167546	([223], [223, 222])
0	0.0	0.35393283185920943	([484], [484, 483])
0	0.0	0.35393806295508856	([1151], [1151, 1150])
0	0.0	0.3541256395744802	([432], [432, 431])
0	0.0	0.35417537367100493	([1272], [1272, 1271])
0	0.0	0.35418135493075203	([477], [477, 476])
0	0.0	0.35430972733925314	([1028], [1028, 1027])
0	0.0	0.3543208041169423	([169], [169, 168])
0	0.0	0.35439643643064506	([414], [414, 413])
0	0.0	0.3545260707005205	([1119], [1119, 1118])
0	0.0	0.3546884303324886	([1085], [1085, 1084])
0	0.0	0.3547768029076088	([245], [245, 244])
0	0.0	0.3549209520905765	([1104], [1104, 1103])
0	0.0	0.35501319463418546	([430], [430, 429])
0	0.0	0.35534640389532907	([328], [328, 327])
0	0.0	0.3553772874274661	([1462], [1462, 1461])
0	0.0	0.3554426022023486	([881], [881, 880])
0	0.0	0.35556175504552756	([1001], [1001, 1000])
0	0.0	0.3560267970120584	([200], [200, 199])
0	0.0	0.3560562354155378	([650], [650, 649])
0	0.0	0.35622096627046285	([164], [164, 163])
0	0.0	0.35622454722230146	([26], [26, 25])
0	0.0	0.35645802484577893	([1446], [1446, 1445])
0	0.0	0.3565432836899877	([435], [435, 434])
0	0.0	0.35661024354326226	([741], [741, 740])
0	0.0	0.3566490870798703	([483], [483, 482])
0	0.0	0.35673924530264034	([1098], [1098, 1097])
0	0.0	0.3569187048319401	([1265], [1265, 1264])
0	0.0	0.356926808755392	([651], [651, 650])
0	0.0	0.3569673052397578	([742], [742, 741])
0	0.0	0.35710725393301274	([197], [197, 196])
0	0.0	0.3571291857089306	([406], [406, 405])
0	0.0	0.35730967015533854	([589], [589, 588])
0	0.0	0.35736454223985215	([717], [717, 716])
0	0.0	0.3574105330369418	([354], [354, 353])
0	0.0	0.3574794291737438	([1400], [1400, 1399])
0	0.0	0.3574807569046836	([1489], [1489, 1488])
0	0.0	0.3576444688608068	([1105], [1105, 1104])
0	0.0	0.3577012915605087	([225], [225, 224])
0	0.0	0.35782407928447524	([1165], [1165, 1164])
0	0.0	0.35785757856010036	([278], [278, 277])
0	0.0	0.3580044425492653	([891], [891, 890])
0	0.0	0.3580216139459558	([994], [994, 993])
0	0.0	0.3580570199169039	([53], [53, 52])
0	0.0	0.3582406338898091	([17], [17, 16])
0	0.0	0.35824170539677685	([586], [586, 585])
0	0.0	0.3583491221005725	([155], [155, 154])
0	0.0	0.3584671841924167	([944], [944, 943])
0	0.0	0.3587168809422562	([173], [173, 172])
0	0.0	0.3588262855992601	([595], [595, 594])
0	0.0	0.3588974245146585	([408], [408, 407])
0	0.0	0.35902697583911797	([778], [778, 777])
0	0.0	0.3592844723742043	([443], [443, 442])
0	0.0	0.35965225256718025	([1330], [1330, 1329])
0	0.0	0.35972489329356405	([953], [953, 952])
0	0.0	0.3597353437149732	([1057], [1057, 1055])
0	0.0	0.3600959610827456	([346], [346, 345])
0	0.0	0.3601379943797104	([249], [249, 248])
0	0.0	0.3603290927350484	([639], [639, 638])
0	0.0	0.3605630849679414	([555], [555, 554])
0	0.0	0.360820205948497	([18], [18, 17])
0	0.0	0.36125666093732933	([412], [412, 411])
0	0.0	0.3613555126125458	([835], [835, 834])
0	0.0	0.36139707069241284	([698], [698, 697])
0	0.0	0.36145617087043497	([1139], [1139, 1138])
0	0.0	0.36152723827420596	([411], [411, 410])
0	0.0	0.3616234457726001	([686], [686, 685])
0	0.0	0.36163139804768557	([1495], [1495, 1494])
0	0.0	0.3616653094952213	([529], [529, 528])
0	0.0	0.36169589602078484	([57], [57, 56])
0	0.0	0.36190987052912915	([20], [20, 19])
0	0.0	0.36199755017509083	([1019], [1019, 1018])
0	0.0	0.3622287303560316	([1176], [1176, 1175])
0	0.0	0.3622299614722522	([1111], [1111, 1110])
0	0.0	0.36227650968956954	([46], [46, 45])
0	0.0	0.36246465078633155	([485], [485, 484])
0	0.0	0.36247183516893083	([332], [332, 331])
0	0.0	0.36249871226933694	([902], [902, 901])
0	0.0	0.3625468006478201	([971], [971, 970])
0	0.0	0.3625561639372901	([31], [31, 30])
0	0.0	0.36267334015822106	([174], [174, 173])
0	0.0	0.3627134729163595	([306], [306, 305])
0	0.0	0.3627775439566605	([248], [248, 247])
0	0.0	0.36290957459933015	([198], [198, 197])
0	0.0	0.3629486676811593	([734], [734, 733])
0	0.0	0.36309555792239523	([592], [592, 591])
0	0.0	0.36316056076780073	([588], [588, 587])
0	0.0	0.3632342857039523	([1107], [1107, 1106])
0	0.0	0.36325995978381437	([730], [730, 729])
0	0.0	0.36342942955578145	([426], [426, 425])
0	0.0	0.3636780113549351	([1360], [1360, 1359])
0	0.0	0.36368342789773056	([246], [246, 245])
0	0.0	0.36388611692963235	([378], [378, 377])
0	0.0	0.36391078731005627	([439], [439, 438])
0	0.0	0.36418640209104824	([64], [64, 63])
0	0.0	0.3641911327205878	([1458], [1458, 1457])
0	0.0	0.3642350945496093	([993], [993, 992])
0	0.0	0.3643456803502258	([901], [901, 900])
0	0.0	0.3644061693941869	([1493], [1493, 1492])
0	0.0	0.36444596614784736	([70], [70, 69])
0	0.0	0.3644498614445677	([1086], [1087, 1085])
0	0.0	0.3645351657113318	([165], [165, 164])
0	0.0	0.36459689153450614	([1364], [1364, 1363])
0	0.0	0.36472418945292456	([861], [861, 860])
0	0.0	0.3647242858801077	([995], [995, 994])
0	0.0	0.36475047557064394	([205], [205, 204])
0	0.0	0.3650278353016077	([499], [499, 498])
0	0.0	0.36505371054794195	([360], [360, 359])
0	0.0	0.36512207771748373	([566], [566, 565])
0	0.0	0.36539880485601395	([401], [401, 400])
0	0.0	0.3655106325665079	([1435], [1435, 1434])
0	0.0	0.36555390954676653	([1459], [1459, 1458])
0	0.0	0.36564731308018317	([54], [54, 53])
0	0.0	0.365764181931607	([45], [45, 44])
0	0.0	0.36593646967016846	([415], [415, 414])
0	0.0	0.36616939525553993	([244], [244, 243])
0	0.0	0.36621916756040684	([1324], [1324, 1323])
0	0.0	0.36627156377638687	([62], [62, 61])
0	0.0	0.36628059226149445	([154], [154, 153])
0	0.0	0.3663819520188781	([431], [431, 429])
0	0.0	0.3666893563216272	([166], [180, 179])
0	0.0	0.36677620374887365	([646], [646, 645])
0	0.0	0.3668264176439428	([1175], [1175, 1174])
0	0.0	0.366907940144279	([160], [160, 159])
0	0.0	0.36702671793265207	([36], [36, 35])
0	0.0	0.3670931057127702	([112], [112, 111])
0	0.0	0.3671965698692758	([544], [544, 543])
0	0.0	0.36737636501003396	([537], [537, 536])
0	0.0	0.3673801980571419	([279], [279, 278])
0	0.0	0.36738443862872533	([739], [739, 738])
0	0.0	0.3674787117762274	([359], [359, 358])
0	0.0	0.3676178410345172	([136], [136, 135])
0	0.0	0.36789257066462133	([163], [163, 162])
0	0.0	0.3681152810133512	([179], [166, 165])
0	0.0	0.3681660209757739	([99], [99, 98])
0	0.0	0.3684532645543965	([111], [111, 110])
0	0.0	0.3685832014534006	([394], [394, 393])
0	0.0	0.3688909423921081	([260], [260, 259])
0	0.0	0.3690031488271466	([242], [242, 241])
0	0.0	0.36917285569783953	([371], [371, 370])
0	0.0	0.36931200333192443	([41], [41, 40])
0	0.0	0.369340554215882	([1071], [1071, 1070])
0	0.0	0.369460764641885	([1010], [1010, 1009])
0	0.0	0.3694957422232011	([829], [829, 828])
0	0.0	0.3696244002791808	([523], [523, 522])
0	0.0	0.36973906300000015	([427], [427, 426])
0	0.0	0.36977122292484965	([1396], [1396, 1395])
0	0.0	0.37015076311938255	([1317], [1317, 1316])
0	0.0	0.370403503341947	([35], [35, 34])
0	0.0	0.37044347211807666	([1171], [1171, 1170])
0	0.0	0.3705030758887302	([823], [823, 822])
0	0.0	0.3705083600875029	([356], [356, 355])
0	0.0	0.3706541760618869	([44], [44, 43])
0	0.0	0.3710803128314761	([818], [818, 817])
0	0.0	0.37108171795609085	([1145], [1145, 1144])
0	0.0	0.37112097128201815	([687], [687, 686])
0	0.0	0.3711381568847864	([727], [727, 726])
0	0.0	0.3711802902618324	([305], [305, 304])
0	0.0	0.3714416956537664	([192], [192, 191])
0	0.0	0.3714702882015405	([331], [331, 330])
0	0.0	0.37155706655032045	([481], [481, 480])
0	0.0	0.37163232423544623	([903], [903, 902])
0	0.0	0.3717026169034557	([714], [714, 713])
0	0.0	0.3719188212408517	([493], [493, 492])
0	0.0	0.3719254986628999	([992], [992, 991])
0	0.0	0.3720131913899495	([998], [998, 997])
0	0.0	0.3721864398041916	([1331], [1331, 1330])
0	0.0	0.3724700689385332	([1388], [1388, 1387])
0	0.0	0.3725639990127294	([608], [608, 607])
0	0.0	0.372729591185438	([565], [565, 564])
0	0.0	0.3728071085116582	([543], [543, 542])
0	0.0	0.3728628151581786	([187], [187, 186])
0	0.0	0.3736312232752786	([50], [50, 49])
0	0.0	0.373839150299385	([1432], [1432, 1431])
0	0.0	0.3738474923982111	([661], [661, 660])
0	0.0	0.3740312139313588	([535], [535, 534])
0	0.0	0.37440039856283597	([1427], [1427, 1426])
0	0.0	0.37442301950512746	([261], [261, 260])
0	0.0	0.37481551796481444	([837], [837, 836])
0	0.0	0.37488232097846225	([695], [695, 694])
0	0.0	0.37501808421411326	([1108], [1108, 1107])
0	0.0	0.3750274804049878	([735], [735, 734])
0	0.0	0.3753033301760358	([49], [49, 48])
0	0.0	0.3753059743240631	([758], [758, 757])
0	0.0	0.37544079064569946	([2], [2, 1])
0	0.0	0.37555211751038864	([458], [458, 457])
0	0.0	0.37559208580504855	([148], [148, 147])
0	0.0	0.3757391252308979	([441], [441, 440])
0	0.0	0.37580498900026776	([551], [551, 550])
0	0.0	0.3759368318770527	([805], [805, 804])
0	0.0	0.37603750888503334	([351], [351, 350])
0	0.0	0.37608528301652594	([1080], [1080, 1079])
0	0.0	0.37619650531613374	([577], [577, 576])
0	0.0	0.3763197717860425	([446], [446, 445])
0	0.0	0.37633024142420374	([1239], [1239, 1238])
0	0.0	0.37640329296925584	([1467], [1467, 1466])
0	0.0	0.37653342242669086	([1372], [1372, 1371])
0	0.0	0.3766270959537928	([570], [570, 569])
0	0.0	0.37682643878049965	([224], [224, 223])
0	0.0	0.3768704023784222	([641], [641, 640])
0	0.0	0.37689685079276297	([259], [259, 258])
0	0.0	0.3770162271003598	([1081], [1081, 1080])
0	0.0	0.3770297255598559	([729], [729, 728])
0	0.0	0.3771004039840687	([1172], [1172, 1171])
0	0.0	0.3771209161500439	([548], [548, 547])
0	0.0	0.3772021079215633	([486], [486, 485])
0	0.0	0.37724022417123354	([462], [462, 461])
0	0.0	0.377242101711532	([956], [956, 954])
0	0.0	0.37739055288669693	([655], [655, 654])
0	0.0	0.37760065631706513	([1138], [1138, 1137])
0	0.0	0.37763910692826735	([119], [119, 118])
0	0.0	0.37771538209387157	([719], [719, 718])
0	0.0	0.3777334970608088	([1494], [1495, 1492])
0	0.0	0.37775324666446575	([423], [423, 422])
0	0.0	0.3778455059796351	([480], [480, 479])
0	0.0	0.3778805831718924	([98], [98, 97])
0	0.0	0.377886643565765	([1180], [1180, 1179])
0	0.0	0.37817134477412184	([1173], [1173, 1172])
0	0.0	0.37842543959398917	([562], [562, 561])
0	0.0	0.3785323087845551	([33], [33, 32])
0	0.0	0.37880026805447187	([640], [640, 639])
0	0.0	0.379000989511303	([807], [807, 806])
0	0.0	0.3790552432647644	([40], [40, 39])
0	0.0	0.3791831824525331	([563], [563, 562])
0	0.0	0.37918987595554576	([852], [852, 851])
0	0.0	0.3792665130019323	([607], [607, 606])
0	0.0	0.37933571427544294	([491], [491, 490])
0	0.0	0.379353147515235	([1174], [1174, 1173])
0	0.0	0.379588317874139	([1433], [1433, 1432])
0	0.0	0.37961876504842146	([195], [195, 194])
0	0.0	0.37967421185705097	([416], [416, 413])
0	0.0	0.37975404926712053	([447], [447, 446])
0	0.0	0.3800802383528504	([713], [713, 712])
0	0.0	0.3802032984096903	([241], [241, 240])
0	0.0	0.38027250628883896	([1460], [1460, 1459])
0	0.0	0.38031457397687496	([376], [376, 375])
0	0.0	0.38035327360199916	([243], [243, 242])
0	0.0	0.38050266513444336	([490], [490, 489])
0	0.0	0.3805571098283996	([1106], [1106, 1105])
0	0.0	0.38057422674960917	([658], [658, 657])
0	0.0	0.38062869886513384	([601], [601, 600])
0	0.0	0.3806897609244943	([954], [956, 955])
0	0.0	0.38085905320235586	([1457], [1457, 1456])
0	0.0	0.3809877933812382	([539], [539, 538])
0	0.0	0.3810783710881031	([440], [440, 439])
0	0.0	0.38107924735780463	([800], [800, 799])
0	0.0	0.38114511746929736	([63], [63, 62])
0	0.0	0.38121390260785143	([389], [389, 388])
0	0.0	0.381433187422901	([257], [257, 256])
0	0.0	0.3815233359310552	([906], [906, 905])
0	0.0	0.38164915297230645	([1140], [1140, 1139])
0	0.0	0.3816523388523326	([419], [419, 418])
0	0.0	0.3817536342911228	([479], [479, 478])
0	0.0	0.38198602775527635	([1169], [1169, 1168])
0	0.0	0.3822317484827083	([142], [142, 141])
0	0.0	0.3822639424326231	([43], [43, 42])
0	0.0	0.38228042554299224	([380], [380, 379])
0	0.0	0.3826047577262142	([970], [970, 969])
0	0.0	0.3826674967069266	([1441], [1441, 1440])
0	0.0	0.3826689543571804	([15], [15, 14])
0	0.0	0.38286890763875225	([538], [538, 537])
0	0.0	0.38289235999907545	([355], [355, 354])
0	0.0	0.3830560106964256	([454], [454, 453])
0	0.0	0.3831942044213657	([726], [726, 725])
0	0.0	0.3832492088511868	([1168], [1168, 1167])
0	0.0	0.3832779956533833	([460], [460, 459])
0	0.0	0.3833104763038065	([1478], [1478, 1477])
0	0.0	0.38335712708945596	([685], [685, 684])
0	0.0	0.383406325612558	([453], [453, 452])
0	0.0	0.383560279729222	([127], [127, 126])
0	0.0	0.383590969227233	([1163], [1163, 1162])
0	0.0	0.3836406657132219	([849], [849, 848])
0	0.0	0.3838861420922714	([137], [137, 136])
0	0.0	0.38389434901992864	([494], [494, 493])
0	0.0	0.3841077229338182	([1232], [1232, 1231])
0	0.0	0.38431380704234896	([536], [536, 535])
0	0.0	0.38435303141474364	([691], [691, 690])
0	0.0	0.38439818167547113	([30], [30, 29])
0	0.0	0.3845638488328726	([16], [16, 15])
0	0.0	0.38463587092333396	([388], [388, 387])
0	0.0	0.38469368698970546	([647], [647, 646])
0	0.0	0.38472125740718294	([444], [444, 443])
0	0.0	0.3848069454494859	([1479], [1479, 1478])
0	0.0	0.3848565330460093	([969], [969, 968])
0	0.0	0.3850632977827764	([955], [956, 953])
0	0.0	0.3852194316098435	([662], [662, 661])
0	0.0	0.3852593146558712	([684], [684, 683])
0	0.0	0.3852824484636881	([1137], [1137, 1136])
1	0.36707183943757726	0.3853410058993603	([1483, 1480], [1483, 1482, 1481])
0	0.0	0.385357219358878	([1096], [1096, 1095])
0	0.0	0.38536775429550707	([777], [777, 776])
0	0.0	0.38538060795581974	([531], [531, 530])
0	0.0	0.38541815632103005	([1279], [1279, 1278])
1	0.38193646430860545	0.38546219215055216	([416, 415], [416, 415, 413])
0	0.0	0.38553185804114015	([785], [785, 784])
0	0.0	0.38560994443508123	([762], [762, 761])
0	0.0	0.3858060244438661	([1389], [1389, 1388])
0	0.0	0.3861124479015771	([709], [709, 708])
0	0.0	0.38645823829064924	([1371], [1371, 1370])
0	0.0	0.3865138835182013	([1237], [1237, 1236])
0	0.0	0.3865338632434878	([996], [996, 995])
0	0.0	0.386533990230733	([740], [740, 739])
0	0.0	0.3866435177957472	([664], [664, 663])
0	0.0	0.3866798115058643	([379], [379, 378])
0	0.0	0.3867253658388103	([696], [696, 695])
0	0.0	0.38679992428704524	([135], [135, 134])
0	0.0	0.38683341213300404	([1443], [1443, 1442])
0	0.0	0.38686059960934976	([138], [138, 137])
0	0.0	0.38690143676872407	([1164], [1164, 1163])
0	0.0	0.38693305266583855	([838], [838, 837])
0	0.0	0.38695046636519986	([422], [422, 421])
0	0.0	0.38695979329371827	([1434], [1434, 1433])
0	0.0	0.3870959981256124	([1268], [1268, 1267])
0	0.0	0.38712783774420784	([600], [600, 599])
0	0.0	0.3871533399377811	([553], [553, 552])
0	0.0	0.3872431901395745	([549], [549, 548])
0	0.0	0.3874157137640521	([876], [876, 875])
0	0.0	0.3876259173526136	([1153], [1153, 1152])
0	0.0	0.38769990988866565	([101], [101, 100])
0	0.0	0.38770417878828894	([1422], [1422, 1421])
0	0.0	0.38771059466349694	([1018], [1018, 1017])
0	0.0	0.38773946201674553	([1141], [1141, 1140])
0	0.0	0.38782521747752347	([753], [753, 752])
0	0.0	0.38786193630452	([34], [34, 33])
0	0.0	0.3879554733459015	([153], [153, 152])
0	0.0	0.3880207441525877	([856], [856, 855])
0	0.0	0.3880213397972151	([725], [725, 724])
0	0.0	0.3880249439047312	([409], [409, 408])
0	0.0	0.388212781970452	([1154], [1154, 1153])
0	0.0	0.3884459069722307	([991], [991, 990])
0	0.0	0.3884459810933102	([884], [884, 883])
0	0.0	0.38844825374966596	([147], [147, 146])
0	0.0	0.3884828383001076	([559], [559, 558])
0	0.0	0.3885124930217978	([404], [404, 403])
0	0.0	0.3885665532150558	([400], [400, 399])
0	0.0	0.38868779472465226	([540], [540, 539])
0	0.0	0.3888338100944824	([1461], [1461, 1460])
0	0.0	0.3890994418069961	([519], [519, 518])
0	0.0	0.38922872242415446	([1177], [1177, 1176])
1	0.3892163399340454	0.38922877428431724	([171, 167], [171, 170, 167])
0	0.0	0.3893687352090798	([184], [184, 183])
0	0.0	0.38952380832131145	([728], [728, 727])
0	0.0	0.38962585487094287	([42], [42, 41])
0	0.0	0.38966892395416153	([522], [522, 521])
0	0.0	0.38968214081810915	([1301], [1301, 1300])
0	0.0	0.3897571278733336	([445], [445, 444])
0	0.0	0.3900668564742855	([100], [100, 99])
0	0.0	0.39008701934494977	([387], [387, 386])
0	0.0	0.3901798048948137	([1231], [1231, 1230])
0	0.0	0.3901905623979112	([656], [656, 655])
0	0.0	0.39027988160356414	([1146], [1146, 1145])
0	0.0	0.3906263630508695	([750], [750, 749])
0	0.0	0.39064418546037444	([966], [966, 965])
0	0.0	0.39065045025588613	([457], [457, 456])
0	0.0	0.3906602084030909	([552], [552, 551])
0	0.0	0.39076247952332505	([547], [547, 546])
0	0.0	0.39079810111467894	([755], [755, 754])
0	0.0	0.39085764567246445	([256], [256, 255])
0	0.0	0.3908730798992558	([386], [386, 385])
0	0.0	0.39088393059839877	([1152], [1153, 1151])
0	0.0	0.3910308279907486	([764], [764, 763])
0	0.0	0.3910636942883866	([525], [525, 524])
0	0.0	0.3912361307056607	([402], [402, 401])
0	0.0	0.3912783519842615	([1102], [1102, 1101])
0	0.0	0.3915862641249041	([1029], [1029, 1028])
0	0.0	0.3916151230049818	([828], [828, 827])
0	0.0	0.39165638390985036	([1065], [1065, 1064])
0	0.0	0.3917087238526558	([1390], [1390, 1389])
0	0.0	0.3917186933325997	([799], [799, 798])
1	0.38210495252300497	0.39172222948004864	([1494, 1493], [1495, 1494, 1493])
0	0.0	0.39182098071159277	([128], [128, 127])
0	0.0	0.3924684657057835	([872], [872, 871])
0	0.0	0.3924773941782474	([353], [353, 352])
0	0.0	0.3925951784251457	([812], [812, 811])
0	0.0	0.3926239640248538	([1262], [1262, 1261])
0	0.0	0.39264345789679234	([693], [693, 692])
0	0.0	0.3926685312632206	([1155], [1155, 1154])
0	0.0	0.39273473081911836	([798], [798, 797])
0	0.0	0.3927913022699477	([1294], [1294, 1293])
1	0.3878663056088267	0.3928261309148453	([1455, 1451], [1455, 1454, 1452])
0	0.0	0.3929137686113596	([349], [349, 348])
0	0.0	0.39297579329973903	([390], [390, 389])
0	0.0	0.3932966761748356	([1286], [1286, 1285])
0	0.0	0.39334723329383786	([264], [264, 263])
0	0.0	0.3935397872122011	([613], [613, 612])
0	0.0	0.3935788431277301	([428], [428, 427])
0	0.0	0.3936072142126386	([694], [694, 693])
0	0.0	0.3936802124759565	([788], [788, 787])
0	0.0	0.3936865137713972	([885], [885, 884])
0	0.0	0.39379757788304365	([254], [254, 253])
0	0.0	0.393923920247598	([114], [114, 113])
0	0.0	0.3940475597668126	([660], [660, 659])
0	0.0	0.3940972579377825	([688], [688, 687])
0	0.0	0.39416416979995295	([69], [69, 68])
0	0.0	0.39427558927414913	([845], [845, 844])
0	0.0	0.3943933750215927	([815], [815, 814])
0	0.0	0.394454121313079	([724], [724, 723])
0	0.0	0.39464303985007565	([1235], [1235, 1234])
0	0.0	0.39472462405176706	([1234], [1234, 1233])
0	0.0	0.3949173877506467	([161], [161, 160])
0	0.0	0.39493064909993053	([957], [957, 956])
0	0.0	0.3949338299773568	([186], [186, 185])
0	0.0	0.39498231691461744	([947], [947, 946])
0	0.0	0.39499014334224186	([450], [450, 449])
0	0.0	0.39505353250428127	([560], [560, 559])
0	0.0	0.395099270463943	([1118], [1118, 1117])
0	0.0	0.39521050344188174	([711], [711, 709])
0	0.0	0.39522235075658996	([550], [550, 549])
0	0.0	0.39525034603637504	([1038], [1038, 1037])
0	0.0	0.39528994663539524	([564], [564, 563])
0	0.0	0.3953277469071412	([1100], [1100, 1099])
0	0.0	0.3953282438290229	([1097], [1097, 1096])
0	0.0	0.39539011767443555	([754], [754, 753])
0	0.0	0.39540720153555026	([1290], [1290, 1289])
0	0.0	0.3954380592820218	([199], [199, 198])
0	0.0	0.3954414472277812	([904], [904, 903])
0	0.0	0.39544225939340905	([159], [159, 158])
0	0.0	0.3956336394275011	([518], [518, 517])
0	0.0	0.3958038994865512	([68], [68, 67])
0	0.0	0.39580433864892656	([679], [679, 678])
0	0.0	0.3960304470584542	([997], [997, 996])
0	0.0	0.3962281100986575	([681], [681, 680])
0	0.0	0.39641297251434854	([134], [134, 133])
0	0.0	0.39642637760214133	([405], [405, 404])
0	0.0	0.3965156674906548	([857], [857, 856])
0	0.0	0.396531119237741	([905], [905, 904])
0	0.0	0.39654568423708575	([350], [350, 349])
0	0.0	0.3966509613435976	([817], [817, 816])
0	0.0	0.39678418238706886	([1233], [1233, 1232])
0	0.0	0.3968042276946718	([448], [448, 447])
0	0.0	0.3968515246182005	([663], [663, 662])
0	0.0	0.39702852386508397	([365], [365, 364])
0	0.0	0.3970353307167548	([21], [21, 20])
0	0.0	0.3970460620215467	([113], [113, 112])
0	0.0	0.39713626309030603	([403], [403, 402])
0	0.0	0.3971509592328322	([864], [864, 863])
0	0.0	0.3972223232755797	([196], [196, 195])
0	0.0	0.39737428605331554	([65], [65, 64])
0	0.0	0.39740972323157153	([487], [487, 486])
0	0.0	0.39748419776504973	([263], [263, 262])
0	0.0	0.39755087876435313	([858], [858, 857])
0	0.0	0.39759514287666736	([106], [106, 105])
0	0.0	0.3976369220175878	([951], [951, 950])
0	0.0	0.39771320418539974	([594], [594, 593])
0	0.0	0.3978138784094242	([352], [352, 351])
0	0.0	0.39794824610576784	([948], [948, 947])
0	0.0	0.398012956587509	([124], [124, 123])
0	0.0	0.39820854722786986	([366], [366, 365])
0	0.0	0.39832745856908597	([108], [108, 107])
0	0.0	0.3983337010965865	([680], [680, 679])
0	0.0	0.39833490183599485	([850], [850, 849])
0	0.0	0.3984664269664393	([774], [774, 773])
0	0.0	0.3985216363829864	([478], [478, 477])
0	0.0	0.3985957487186854	([712], [712, 711])
0	0.0	0.39868425169925903	([1037], [1037, 1036])
0	0.0	0.3987382790255396	([364], [364, 363])
0	0.0	0.39876476048023496	([1436], [1436, 1435])
0	0.0	0.39878991566949884	([782], [782, 781])
0	0.0	0.39900868644102366	([425], [425, 424])
0	0.0	0.39902079563327214	([683], [683, 682])
0	0.0	0.3991819485084594	([682], [682, 681])
0	0.0	0.399192699922495	([736], [736, 735])
0	0.0	0.3992400154036421	([367], [367, 366])
0	0.0	0.3992679780297507	([797], [797, 796])
0	0.0	0.3995297472666801	([1399], [1399, 1398])
0	0.0	0.39956020625161176	([67], [67, 66])
0	0.0	0.3995967376995938	([104], [104, 103])
0	0.0	0.39960126119028294	([72], [72, 71])
0	0.0	0.39973853090682704	([558], [558, 557])
0	0.0	0.3998408078112863	([765], [765, 764])
0	0.0	0.39989727218848764	([657], [657, 656])
0	0.0	0.3999612706599991	([370], [370, 369])
0	0.0	0.400060465464272	([102], [102, 101])
0	0.0	0.40013903092874653	([561], [561, 560])
0	0.0	0.400144225014956	([1260], [1260, 1259])
0	0.0	0.40016842931966945	([766], [766, 765])
0	0.0	0.4002737634094925	([188], [188, 187])
0	0.0	0.400313736330904	([492], [492, 491])
0	0.0	0.40036974135464415	([1263], [1263, 1262])
0	0.0	0.4004061832533765	([987], [987, 986])
0	0.0	0.4004999647637881	([859], [859, 858])
0	0.0	0.4005023220572252	([756], [756, 755])
0	0.0	0.4006775113268514	([786], [786, 785])
0	0.0	0.40073846169854765	([530], [530, 529])
0	0.0	0.4007826924532339	([1236], [1236, 1235])
0	0.0	0.40089259842482944	([267], [267, 266])
0	0.0	0.40119133593619594	([1391], [1391, 1390])
0	0.0	0.40127825671961015	([557], [557, 556])
0	0.0	0.40139638644287395	([569], [569, 568])
0	0.0	0.4014467293860048	([71], [72, 70])
0	0.0	0.40146897978567964	([152], [152, 151])
0	0.0	0.4014863724078319	([262], [262, 261])
0	0.0	0.40155751938913986	([139], [139, 138])
0	0.0	0.4016170551809127	([497], [497, 496])
0	0.0	0.40193609596352725	([158], [158, 157])
0	0.0	0.40218747951008055	([109], [109, 108])
0	0.0	0.4021908234953282	([468], [468, 467])
0	0.0	0.4023423409051316	([781], [781, 780])
0	0.0	0.40251233825176946	([773], [773, 772])
0	0.0	0.4029073908144354	([107], [107, 106])
0	0.0	0.40297734573369	([193], [193, 192])
0	0.0	0.40311901109473214	([573], [573, 572])
0	0.0	0.40318481350732344	([130], [130, 129])
0	0.0	0.4032006632434576	([39], [39, 38])
0	0.0	0.40340533875516277	([461], [461, 460])
0	0.0	0.4035671959332736	([465], [465, 464])
0	0.0	0.4036210912506424	([369], [369, 368])
0	0.0	0.403626638207081	([1312], [1312, 1311])
0	0.0	0.4037203977002507	([1264], [1264, 1263])
0	0.0	0.4039221819017986	([938], [938, 937])
0	0.0	0.40395753963182407	([424], [424, 423])
0	0.0	0.40396591251223346	([1039], [1039, 1038])
0	0.0	0.4039972352885862	([498], [498, 497])
0	0.0	0.4040093179442068	([534], [534, 533])
0	0.0	0.40402471338414775	([421], [421, 420])
0	0.0	0.4040700404774371	([1395], [1395, 1394])
0	0.0	0.4042114074212887	([827], [827, 826])
0	0.0	0.40422139966112824	([1444], [1444, 1443])
0	0.0	0.4042894062384882	([92], [92, 91])
0	0.0	0.4043390051931574	([1251], [1251, 1250])
0	0.0	0.40444714540869947	([22], [22, 21])
0	0.0	0.4045863565727921	([1307], [1307, 1306])
0	0.0	0.4046356466839748	([1298], [1298, 1297])
0	0.0	0.4047602789911957	([1356], [1356, 1355])
0	0.0	0.40488589718426965	([804], [804, 803])
0	0.0	0.4050446536762495	([470], [470, 469])
0	0.0	0.4050692467148358	([678], [678, 677])
0	0.0	0.4051189115063838	([757], [757, 756])
0	0.0	0.4051844431925098	([545], [545, 544])
0	0.0	0.4052357718871606	([131], [131, 130])
0	0.0	0.4052497683402231	([191], [191, 190])
0	0.0	0.40525927013851976	([718], [718, 715])
0	0.0	0.40556800841840207	([1252], [1252, 1251])
0	0.0	0.4056412770966269	([146], [146, 145])
0	0.0	0.4059182998055816	([418], [418, 415])
0	0.0	0.4061372918425411	([361], [361, 360])
0	0.0	0.4062734602576869	([1266], [1266, 1265])
0	0.0	0.406279615290011	([23], [23, 22])
0	0.0	0.40635130710506256	([1007], [1007, 1006])
0	0.0	0.406750362363822	([363], [363, 362])
0	0.0	0.406806556848918	([572], [572, 570])
0	0.0	0.407119212645083	([801], [801, 800])
0	0.0	0.40716124173068036	([574], [574, 573])
0	0.0	0.407192511606242	([1437], [1437, 1436])
0	0.0	0.40727573214976653	([399], [399, 398])
0	0.0	0.40746815248083545	([456], [456, 455])
0	0.0	0.4075362763813636	([789], [789, 788])
0	0.0	0.4075491448907335	([1289], [1289, 1288])
0	0.0	0.4076410322918875	([1270], [1272, 1267])
0	0.0	0.40765873831936766	([873], [873, 872])
0	0.0	0.40773920468948216	([1238], [1238, 1237])
0	0.0	0.4077965755064667	([692], [692, 691])
0	0.0	0.4081844347883707	([384], [384, 383])
0	0.0	0.40822579361997297	([1439], [1439, 1438])
0	0.0	0.4082468961595982	([451], [451, 450])
0	0.0	0.40827450860753767	([644], [644, 643])
0	0.0	0.40840793963559724	([813], [813, 812])
0	0.0	0.4084368528965983	([990], [990, 989])
0	0.0	0.40847991787809185	([385], [385, 384])
0	0.0	0.4085781069705332	([814], [814, 813])
0	0.0	0.40860891243508607	([819], [819, 818])
0	0.0	0.40872092869367654	([546], [546, 545])
0	0.0	0.40877052895345556	([874], [874, 873])
0	0.0	0.40896296706271434	([521], [521, 519])
0	0.0	0.40897186827246507	([877], [877, 876])
0	0.0	0.409049140642969	([882], [882, 881])
1	0.4066486239202254	0.40919836916985325	([603, 599], [603, 601, 600])
0	0.0	0.4092196382038997	([665], [665, 664])
0	0.0	0.40947660980771955	([1440], [1440, 1439])
0	0.0	0.4095113552053047	([671], [671, 0])
0	0.0	0.40981674755758446	([1438], [1438, 1437])
0	0.0	0.4099623960532213	([459], [459, 458])
0	0.0	0.4099939627696137	([476], [476, 475])
0	0.0	0.4099983463152264	([38], [38, 36])
0	0.0	0.41009642303079247	([489], [489, 488])
0	0.0	0.41012416392556666	([73], [73, 72])
0	0.0	0.4102946514278587	([961], [961, 960])
0	0.0	0.41036123523322554	([455], [455, 454])
0	0.0	0.410531314617401	([908], [908, 907])
0	0.0	0.410582709848125	([504], [504, 503])
0	0.0	0.4107356190834571	([1116], [1116, 1115])
0	0.0	0.4111379573873813	([133], [133, 131])
0	0.0	0.41124838149442394	([28], [28, 27])
0	0.0	0.41139946381537607	([1036], [1036, 1035])
0	0.0	0.4114642172629986	([47], [47, 46])
0	0.0	0.4115119248062377	([1002], [1002, 1001])
0	0.0	0.4115227941377631	([151], [151, 150])
0	0.0	0.4115325389694368	([776], [776, 775])
0	0.0	0.4116499707054649	([1261], [1270, 1269])
0	0.0	0.4119396110450146	([890], [890, 889])
0	0.0	0.4120030002957415	([763], [763, 762])
0	0.0	0.41202992979544345	([368], [368, 367])
0	0.0	0.4121746533846973	([986], [986, 985])
0	0.0	0.4123972502082953	([185], [185, 184])
0	0.0	0.4124040215448247	([806], [806, 805])
0	0.0	0.4126137203902589	([382], [382, 380])
0	0.0	0.41284529212609167	([826], [826, 825])
0	0.0	0.41286904717585443	([235], [235, 234])
0	0.0	0.41301676959403516	([1425], [1425, 1424])
0	0.0	0.41305202649213346	([883], [883, 882])
0	0.0	0.41307042441344544	([752], [752, 751])
0	0.0	0.41337512078533506	([943], [943, 942])
0	0.0	0.41337524930153746	([129], [129, 128])
0	0.0	0.4133871850929752	([348], [348, 347])
0	0.0	0.41348745233830136	([1423], [1423, 1422])
0	0.0	0.4136467234042744	([843], [843, 842])
0	0.0	0.4136486388473081	([1306], [1306, 1305])
0	0.0	0.4136522422621618	([375], [382, 381])
0	0.0	0.413835920686223	([240], [240, 238])
0	0.0	0.4138958478587734	([783], [783, 782])
0	0.0	0.41390554465673957	([1291], [1291, 1290])
0	0.0	0.41394920374534017	([472], [472, 471])
0	0.0	0.41394923447452475	([429], [429, 428])
0	0.0	0.4139655428431805	([488], [488, 487])
0	0.0	0.41399639655708875	([449], [449, 448])
0	0.0	0.4140787606732961	([868], [868, 867])
0	0.0	0.4140925980653856	([1012], [1012, 1011])
0	0.0	0.414116874232771	([253], [253, 252])
0	0.0	0.4141295334535014	([496], [496, 495])
0	0.0	0.41422218191253013	([840], [840, 839])
0	0.0	0.41425158356284386	([593], [593, 592])
0	0.0	0.41427554073438677	([126], [126, 125])
0	0.0	0.41437151662227617	([194], [194, 193])
0	0.0	0.41440557600303846	([1295], [1295, 1294])
0	0.0	0.4144609488052921	([391], [391, 390])
0	0.0	0.4145115148125258	([666], [666, 665])
0	0.0	0.4145164308142269	([189], [189, 188])
0	0.0	0.4147607489724351	([612], [612, 611])
0	0.0	0.4148709717938871	([467], [467, 466])
0	0.0	0.41488123420480977	([585], [585, 584])
0	0.0	0.4149409332609294	([875], [875, 874])
0	0.0	0.4149772254737519	([144], [144, 143])
0	0.0	0.4150505694954426	([1144], [1144, 1143])
0	0.0	0.41515271007174465	([190], [190, 189])
0	0.0	0.41530866709852937	([526], [526, 525])
0	0.0	0.41564739464783107	([48], [48, 47])
0	0.0	0.4156673753440099	([790], [790, 789])
0	0.0	0.41572775257221184	([362], [362, 361])
0	0.0	0.4157560673266485	([802], [802, 801])
0	0.0	0.41579317245702807	([950], [950, 949])
0	0.0	0.4158187385690281	([1293], [1293, 1292])
0	0.0	0.4159942381497929	([645], [645, 644])
0	0.0	0.4160629676605077	([1035], [1035, 1034])
0	0.0	0.41613128844854047	([1099], [1099, 1097])
0	0.0	0.4161458979516984	([779], [779, 778])
0	0.0	0.416209255233194	([1008], [1008, 1007])
0	0.0	0.4162522725527873	([524], [524, 523])
0	0.0	0.4165177196262809	([1011], [1011, 1010])
0	0.0	0.4166396904184554	([667], [667, 666])
0	0.0	0.41673861870235845	([808], [808, 807])
0	0.0	0.4167460558015976	([865], [865, 864])
0	0.0	0.41682308373464316	([846], [846, 845])
0	0.0	0.41683566147334955	([590], [590, 589])
0	0.0	0.41685178727493105	([250], [250, 249])
0	0.0	0.4169125783397927	([767], [767, 766])
0	0.0	0.4170044149939347	([120], [120, 119])
0	0.0	0.4170095221507893	([1101], [1101, 1100])
0	0.0	0.41721100005076167	([824], [824, 823])
0	0.0	0.41746312676575786	([14], [14, 13])
0	0.0	0.417545881992174	([1167], [1167, 1165])
0	0.0	0.41760879177939986	([1426], [1426, 1425])
0	0.0	0.41774194590834335	([542], [542, 541])
0	0.0	0.41789746342408535	([1299], [1299, 1298])
0	0.0	0.4179624090670164	([576], [576, 575])
0	0.0	0.4179987592827318	([794], [794, 793])
0	0.0	0.4180302431322679	([568], [572, 571])
0	0.0	0.41804792279937986	([1143], [1167, 1166])
0	0.0	0.418116721935755	([809], [809, 808])
0	0.0	0.41811868811250624	([949], [957, 946])
0	0.0	0.4182166228371582	([541], [541, 540])
0	0.0	0.41837651440011825	([958], [958, 957])
0	0.0	0.41845171220181177	([466], [466, 465])
1	0.3877286560678035	0.41859363767922286	([971, 967], [971, 970, 968])
1	0.4005503703517055	0.4185967875675716	([979, 975], [979, 978, 977])
0	0.0	0.4186559974957853	([396], [396, 395])
0	0.0	0.41866739335794445	([575], [575, 574])
0	0.0	0.41890060543045404	([237], [237, 236])
0	0.0	0.41904040617004884	([1066], [1066, 1065])
0	0.0	0.4190567240303644	([844], [844, 842])
0	0.0	0.41906071736638123	([611], [611, 610])
0	0.0	0.41918297631449936	([1424], [1424, 1423])
0	0.0	0.4192506090042541	([851], [851, 850])
0	0.0	0.4193592704462418	([816], [816, 815])
0	0.0	0.41948830443779966	([887], [887, 885])
0	0.0	0.4197041253237473	([471], [471, 470])
0	0.0	0.41979105206221384	([848], [848, 847])
0	0.0	0.4198635031872999	([105], [105, 104])
0	0.0	0.4199341033035129	([117], [117, 116])
0	0.0	0.4200331160046063	([1005], [1005, 1004])
0	0.0	0.42032805875279305	([967], [967, 966])
0	0.0	0.4205723053787884	([506], [506, 505])
0	0.0	0.4205755976637591	([787], [787, 786])
1	0.42036051065968855	0.42058140832162744	([255, 252], [255, 254, 252])
0	0.0	0.42078395202320545	([888], [888, 887])
0	0.0	0.4208196144839613	([372], [372, 371])
0	0.0	0.420854275672785	([659], [659, 658])
0	0.0	0.4208722905921907	([24], [24, 23])
0	0.0	0.42112968149861346	([516], [516, 515])
0	0.0	0.42113032952110935	([689], [689, 688])
0	0.0	0.4211446803913001	([473], [473, 472])
0	0.0	0.4212958771611017	([780], [780, 779])
0	0.0	0.4213266522485234	([495], [495, 494])
0	0.0	0.4213903645048822	([469], [469, 468])
0	0.0	0.4214618781059129	([118], [118, 117])
0	0.0	0.4214969728777467	([420], [420, 419])
0	0.0	0.4215296495910937	([74], [74, 73])
0	0.0	0.42176329813729396	([866], [866, 865])
0	0.0	0.42194987672483514	([1016], [1016, 1015])
0	0.0	0.42201021550908435	([784], [784, 783])
0	0.0	0.42214673295236393	([803], [803, 802])
0	0.0	0.4221640372386419	([475], [475, 474])
0	0.0	0.422541891607724	([79], [79, 78])
0	0.0	0.42268300435363015	([768], [768, 767])
0	0.0	0.4231638093005613	([66], [66, 65])
0	0.0	0.4233343333395642	([157], [157, 155])
0	0.0	0.4233526239709577	([1257], [1257, 1256])
0	0.0	0.423743391475188	([1313], [1313, 1312])
0	0.0	0.4237730017837408	([1311], [1311, 1310])
0	0.0	0.42380261100261063	([125], [125, 124])
1	0.40646018204970563	0.4241245379776882	([724, 719], [724, 723, 721])
0	0.0	0.4242156716970226	([393], [393, 391])
0	0.0	0.4242255225605853	([145], [145, 144])
0	0.0	0.42428592091538636	([93], [93, 92])
0	0.0	0.42454097630625015	([1305], [1305, 1304])
0	0.0	0.42457193709200564	([1250], [1250, 1249])
0	0.0	0.4245745634912321	([1117], [1117, 1116])
0	0.0	0.424752274225587	([141], [141, 139])
0	0.0	0.4248980068652565	([963], [963, 962])
0	0.0	0.4250389645468124	([775], [775, 774])
0	0.0	0.4251288397574533	([867], [867, 866])
0	0.0	0.425131481329851	([1258], [1258, 1257])
0	0.0	0.4254205024689695	([103], [103, 102])
1	0.4121102288852454	0.4255069713970217	([1270, 1268], [1272, 1270, 1268])
0	0.0	0.4255555772726188	([251], [251, 250])
0	0.0	0.4255807085729532	([772], [772, 771])
0	0.0	0.425664390600094	([94], [94, 93])
0	0.0	0.4256715411240102	([1006], [1006, 1005])
0	0.0	0.4258079697056105	([889], [889, 888])
0	0.0	0.42587666075480424	([1285], [1285, 1284])
0	0.0	0.4259491024327503	([236], [236, 235])
0	0.0	0.42596829426071897	([1394], [1394, 1393])
0	0.0	0.426067398491403	([25], [25, 24])
0	0.0	0.42628572855399344	([528], [528, 527])
0	0.0	0.42636322252536446	([854], [854, 853])
1	0.40834272300925156	0.4263964420003465	([606, 598], [606, 600, 598])
0	0.0	0.4264351639959778	([1280], [1280, 1279])
0	0.0	0.4265727352938817	([1064], [1064, 1063])
0	0.0	0.4266114482130447	([381], [375, 374])
0	0.0	0.42669595220355566	([238], [240, 239])
0	0.0	0.4269743360062364	([239], [238, 237])
0	0.0	0.42706491155994447	([1246], [1246, 1245])
0	0.0	0.42728655872546817	([347], [347, 346])
0	0.0	0.42728985146398185	([825], [825, 824])
0	0.0	0.42763791230615456	([1292], [1292, 1291])
0	0.0	0.42786525413627086	([392], [392, 391])
0	0.0	0.4281308582967198	([939], [939, 938])
0	0.0	0.428397711399599	([1314], [1314, 1313])
0	0.0	0.42844915486503593	([591], [591, 589])
0	0.0	0.4284898650450027	([1303], [1303, 1302])
0	0.0	0.4285135782142195	([1315], [1315, 1314])
0	0.0	0.4287487426197758	([853], [853, 852])
0	0.0	0.4288506160755834	([121], [121, 120])
0	0.0	0.42893646626280013	([690], [690, 688])
0	0.0	0.4290795151157349	([847], [847, 846])
1	0.4245698359036592	0.42911176552693564	([438, 432], [438, 436, 432])
0	0.0	0.42942892777762154	([1166], [1143, 1142])
0	0.0	0.4294354890984254	([1063], [1063, 1062])
0	0.0	0.4294826169975687	([1259], [1259, 1258])
0	0.0	0.42948266273123825	([517], [517, 516])
0	0.0	0.4295133971153089	([78], [78, 77])
0	0.0	0.42954075147172555	([676], [676, 675])
0	0.0	0.4298737954934719	([831], [831, 830])
0	0.0	0.4300062558722107	([1017], [1017, 1016])
0	0.0	0.4301035466816522	([29], [29, 28])
0	0.0	0.4303394421332611	([1245], [1245, 1244])
0	0.0	0.4305294482352068	([832], [832, 831])
0	0.0	0.4309272429489938	([761], [761, 760])
0	0.0	0.43102985405765337	([673], [673, 672])
0	0.0	0.43119994896521213	([1310], [1310, 1309])
0	0.0	0.4313203494852928	([751], [751, 750])
0	0.0	0.4316113630402963	([505], [505, 504])
0	0.0	0.4317189662644977	([1300], [1300, 1299])
0	0.0	0.43174733777196955	([91], [91, 90])
0	0.0	0.4318047987495063	([771], [771, 770])
0	0.0	0.4318472676945064	([1142], [1142, 1141])
0	0.0	0.4319250320361532	([579], [579, 577])
0	0.0	0.431984103928581	([398], [398, 397])
0	0.0	0.43203837440452986	([674], [674, 673])
0	0.0	0.4321986086210435	([149], [149, 148])
0	0.0	0.43234802249580095	([1282], [1282, 1281])
0	0.0	0.4323528350886341	([397], [397, 396])
0	0.0	0.4323561462874207	([395], [395, 394])
0	0.0	0.43239590562182323	([150], [157, 156])
0	0.0	0.4324414750559444	([580], [580, 579])
0	0.0	0.4325210852211877	([581], [581, 580])
0	0.0	0.4327079815306669	([793], [793, 792])
0	0.0	0.4327594800034732	([474], [474, 473])
0	0.0	0.43278488381462515	([770], [770, 769])
0	0.0	0.4328381197509387	([675], [675, 674])
0	0.0	0.43289554496494237	([830], [831, 829])
0	0.0	0.4333251627570386	([582], [582, 581])
0	0.0	0.4333817560747751	([1302], [1302, 1301])
0	0.0	0.43339010166327874	([985], [985, 984])
0	0.0	0.4342374437474789	([80], [80, 78])
1	0.4134300704742344	0.4344128667361355	([1154, 1150], [1154, 1153, 1150])
1	0.4257950319493065	0.43512477443297265	([35, 32], [35, 34, 33])
0	0.0	0.43513048196074794	([527], [528, 526])
0	0.0	0.4352591434103781	([37], [37, 0])
0	0.0	0.4353666262708064	([839], [839, 838])
0	0.0	0.4354228447028596	([1316], [1316, 1315])
1	0.42853710185892785	0.435602242945154	([1425, 1422], [1425, 1424, 1423])
0	0.0	0.4356314269282937	([855], [855, 854])
0	0.0	0.43578913456418744	([886], [886, 885])
0	0.0	0.43587230333035887	([822], [822, 821])
0	0.0	0.4360616420874822	([959], [959, 958])
0	0.0	0.4364751249861119	([820], [820, 819])
0	0.0	0.437140335027759	([1281], [1282, 1280])
0	0.0	0.43741931010327106	([1256], [1256, 1254])
0	0.0	0.43777811436450714	([988], [988, 987])
0	0.0	0.43786412440247846	([989], [989, 988])
0	0.0	0.4379282255655452	([234], [234, 225])
0	0.0	0.4380478016128418	([962], [962, 961])
1	0.4366930339995868	0.4383341259112952	([826, 823], [826, 825, 823])
0	0.0	0.43901425752016504	([869], [869, 868])
0	0.0	0.43905918568091223	([95], [95, 94])
0	0.0	0.4390671080056072	([96], [96, 95])
0	0.0	0.4398568768753222	([760], [760, 758])
0	0.0	0.43992113632501073	([156], [150, 149])
0	0.0	0.44057554194848964	([123], [141, 140])
0	0.0	0.44098224371400957	([1242], [1242, 1241])
0	0.0	0.4409914659550455	([1288], [1288, 1286])
0	0.0	0.4417421685487679	([373], [373, 372])
0	0.0	0.442115606046208	([1244], [1244, 1243])
0	0.0	0.4424461499596378	([533], [533, 531])
0	0.0	0.4425827669218132	([669], [669, 667])
0	0.0	0.4426734204414656	([1304], [1304, 1303])
0	0.0	0.4429146980029349	([870], [870, 868])
0	0.0	0.44342888571526934	([90], [90, 89])
0	0.0	0.44383480722950563	([571], [579, 578])
0	0.0	0.44440748472007574	([965], [965, 963])
0	0.0	0.444581615230353	([374], [374, 373])
0	0.0	0.44458587287191215	([842], [843, 836])
0	0.0	0.4446191272280146	([1067], [1067, 1066])
0	0.0	0.44500279870144255	([132], [132, 131])
1	0.4320371022512342	0.4450342549173908	([1356, 1350], [1356, 1355, 1354])
0	0.0	0.4451097892956	([919], [919, 918])
0	0.0	0.44528035595793886	([1241], [1241, 1239])
0	0.0	0.4454190808625936	([75], [75, 74])
0	0.0	0.4455084494849185	([1069], [1069, 914])
1	0.44299725994702205	0.4455311559162942	([13, 2], [13, 9, 2])
0	0.0	0.4456234074437718	([1283], [1283, 1282])
0	0.0	0.4456336454145192	([821], [821, 820])
0	0.0	0.44600857695500157	([942], [942, 941])
0	0.0	0.4464405817438806	([834], [834, 832])
0	0.0	0.44655566880216263	([1004], [1004, 1003])
0	0.0	0.44669089454463135	([1240], [1240, 1239])
0	0.0	0.44681248287071096	([811], [834, 833])
0	0.0	0.44692736606479744	([116], [116, 115])
1	0.42608601016853104	0.4469952361211703	([725, 720], [725, 724, 719])
0	0.0	0.44741472807226584	([1254], [1256, 1255])
0	0.0	0.4475314997910581	([97], [97, 96])
0	0.0	0.4478615643875441	([140], [123, 122])
0	0.0	0.44804415831949346	([1243], [1243, 1242])
0	0.0	0.44818366212284694	([810], [810, 809])
0	0.0	0.44824418042723724	([670], [670, 669])
1	0.444477440662981	0.4483406596294012	([158, 154], [158, 157, 154])
0	0.0	0.4488034880732605	([1248], [1248, 914])
0	0.0	0.4488504644873252	([677], [677, 676])
1	0.43788176734530565	0.4491534643716843	([307, 304], [307, 306, 304])
0	0.0	0.44936949551450633	([668], [668, 667])
0	0.0	0.4494761975436223	([935], [935, 934])
0	0.0	0.4494946794363483	([77], [77, 76])
0	0.0	0.4496215763413098	([1255], [1254, 1253])
1	0.4436030380033899	0.44982322967134547	([838, 834], [838, 837, 834])
0	0.0	0.4498984244411314	([76], [76, 75])
0	0.0	0.45029726682932025	([833], [811, 810])
0	0.0	0.45046447634020165	([1308], [1308, 1307])
0	0.0	0.45072558819919734	([115], [115, 114])
0	0.0	0.45080715646435277	([769], [769, 767])
0	0.0	0.4515538244940318	([1003], [1003, 1002])
0	0.0	0.45205136984042	([89], [89, 85])
0	0.0	0.4524105053983985	([1392], [1392, 1391])
0	0.0	0.4525561611839719	([960], [960, 959])
0	0.0	0.45261416843651125	([913], [913, 912])
0	0.0	0.45302282726463233	([578], [568, 566])
0	0.0	0.45313147938297815	([796], [842, 841])
0	0.0	0.4531425028811071	([1309], [1309, 1307])
1	0.4199610696113745	0.45343569025330077	([949, 948], [957, 956, 946])
0	0.0	0.4538440568920626	([1068], [1068, 1067])
0	0.0	0.45437814872646415	([266], [521, 520])
0	0.0	0.454414416596638	([520], [533, 532])
0	0.0	0.45481200338459676	([85], [85, 83])
0	0.0	0.4552411667078428	([941], [965, 964])
0	0.0	0.45549733095701017	([1269], [1261, 1260])
0	0.0	0.45563753038762145	([1249], [1249, 1247])
0	0.0	0.45590308023817594	([532], [266, 264])
0	0.0	0.456167549396642	([584], [584, 583])
1	0.4560939506576804	0.4565653717729095	([803, 799], [803, 801, 799])
0	0.0	0.45678174196051025	([265], [265, 264])
0	0.0	0.4570708282773511	([1284], [1284, 1282])
0	0.0	0.45746290089801256	([929], [929, 928])
0	0.0	0.4576718252388154	([934], [934, 933])
0	0.0	0.457807928473096	([912], [912, 911])
0	0.0	0.4581252434476477	([86], [86, 84])
0	0.0	0.45827228775145773	([792], [792, 791])
0	0.0	0.45840521651626714	([88], [88, 87])
0	0.0	0.45843534948093495	([1296], [1296, 1295])
1	0.4400839343150611	0.45888565435829914	([515, 510], [515, 512, 511])
1	0.4535252619379587	0.4589631622654168	([607, 597], [607, 606, 597])
0	0.0	0.4591193886455304	([567], [567, 566])
0	0.0	0.4599975684281697	([916], [916, 532])
1	0.45301140297669423	0.4602834859897483	([1492, 1485], [1492, 1487, 1485])
0	0.0	0.46053470400937907	([583], [583, 582])
0	0.0	0.4606058815592418	([925], [925, 924])
1	0.45687724031651006	0.46096579104524343	([1244, 1241], [1244, 1243, 1241])
0	0.0	0.46099299587037373	([81], [81, 77])
0	0.0	0.4614805349141585	([82], [82, 81])
0	0.0	0.46148294384875144	([1393], [1394, 1390])
0	0.0	0.4620012173207061	([964], [964, 932])
0	0.0	0.46224888840427003	([841], [796, 795])
1	0.45238279715657415	0.46226008635936183	([30, 27], [30, 29, 28])
1	0.43967145106810895	0.462508243479289	([503, 496], [501, 499, 496])
0	0.0	0.4625441397825517	([910], [910, 909])
0	0.0	0.46305924716471686	([1070], [1249, 1248])
0	0.0	0.463103299828627	([1253], [1253, 1252])
0	0.0	0.4636020476294312	([940], [940, 939])
1	0.4586114492075753	0.4638435522051282	([958, 948], [958, 957, 948])
0	0.0	0.4641780165731985	([1297], [1297, 1296])
0	0.0	0.4645584934585662	([795], [796, 794])
0	0.0	0.464850050056515	([915], [915, 567])
0	0.0	0.464882147245599	([932], [941, 940])
0	0.0	0.4649831280074062	([914], [914, 75])
0	0.0	0.4650437794222758	([1], [1308, 916])
0	0.0	0.4651808696329302	([920], [920, 917])
0	0.0	0.4655222739559362	([909], [909, 908])
1	0.46140198880061345	0.46581594685930117	([1371, 1365], [1371, 1368, 1365])
0	0.0	0.4658398962883627	([791], [792, 790])
0	0.0	0.4659233209232711	([122], [915, 795])
0	0.0	0.46603160125754334	([0], [37, 36])
1	0.4642778936667575	0.46682980188127354	([402, 397], [402, 400, 398])
0	0.0	0.467457263044976	([672], [1283, 932])
1	0.4656759585331218	0.4676612413233268	([40, 33], [40, 38, 33])
1	0.44813301753446044	0.46871990798973473	([507, 503], [507, 506, 504])
0	0.0	0.4702926354692327	([1287], [1287, 1286])
1	0.4690720359282015	0.470563301391878	([1155, 1149], [1155, 1154, 1150])
0	0.0	0.4706569825013654	([933], [122, 120])
0	0.0	0.4706709708391443	([84], [84, 83])
0	0.0	0.47079779937364014	([931], [931, 854])
1	0.47066008419141825	0.47086810496392384	([1393, 1392], [1394, 1393, 1391])
1	0.4694137920416597	0.4717582961810521	([55, 51], [55, 54, 53])
1	0.463047296807772	0.47249776019604856	([19, 13], [19, 17, 13])
0	0.0	0.472523129885859	([930], [930, 929])
1	0.4354937291035091	0.4726870323866957	([1172, 1164], [1172, 1171, 1164])
1	0.4484242325618575	0.4732359838961498	([134, 129], [134, 133, 130])
1	0.46365503360443855	0.47414871958104693	([592, 587], [592, 590, 587])
0	0.0	0.4747643365363351	([917], [920, 919])
0	0.0	0.4748506550762073	([918], [917, 910])
1	0.47389480175735926	0.474968580893474	([943, 938], [943, 942, 938])
1	0.4748563814635079	0.47500542557220427	([1457, 1444], [1457, 1451, 1444])
1	0.46837533994713304	0.47643397008758775	([793, 787], [793, 790, 787])
0	0.0	0.47861430095176355	([911], [911, 910])
0	0.0	0.4786518048191073	([928], [930, 921])
0	0.0	0.47951573299878064	([759], [759, 758])
0	0.0	0.47962455452557984	([83], [960, 923])
0	0.0	0.47994837730624346	([923], [1068, 927])
1	0.47984035129502595	0.47997843111700034	([41, 32], [41, 38, 32])
1	0.47974371300172763	0.4806579632082791	([22, 17], [22, 21, 17])
1	0.47983549918962703	0.48112491721042044	([330, 325], [330, 328, 325])
1	0.47234226315191835	0.482916137241456	([1185, 1178], [1185, 1183, 1179])
1	0.47495493995474025	0.4830183240427828	([86, 85], [86, 85, 83])
1	0.4779561693844332	0.4851472527345369	([681, 676], [681, 679, 676])
1	0.47091738615095247	0.4862281112933927	([813, 808], [813, 811, 810])
1	0.48533109039310224	0.48673016358523796	([781, 776], [781, 779, 776])
1	0.4828588263394551	0.4874763765639186	([1035, 1018], [1035, 1034, 1023])
1	0.4824208833792574	0.48807621014090535	([506, 500], [506, 504, 503])
1	0.4722907635961861	0.4883353375779941	([82, 80], [82, 81, 77])
1	0.4823466437827644	0.48869895296202115	([822, 815], [822, 819, 815])
1	0.45384876761757176	0.4893978617779084	([841, 840], [843, 842, 837])
1	0.46449060919069685	0.4898884114316006	([93, 85], [93, 90, 89])
1	0.4851918080923786	0.4900144464503098	([819, 811], [819, 815, 811])
0	0.0	0.49111650072147933	([927], [1253, 921])
1	0.4889635149830919	0.49190284315523986	([1098, 1083], [1098, 1090, 1088])
1	0.46386415663052427	0.4919756630861455	([191, 184], [190, 187, 186])
1	0.45751145102852686	0.4925540291364679	([267, 258], [266, 261, 259])
1	0.4714756436739346	0.4925601622673012	([1243, 1238], [1243, 1241, 1238])
1	0.486633436772728	0.49508032222292103	([1426, 1419], [1426, 1425, 1422])
0	0.0	0.49532134601975497	([924], [924, 470])
1	0.4843932242366091	0.4955512892181133	([412, 407], [412, 410, 409])
1	0.4872404002325818	0.49716965463969115	([1439, 1432], [1439, 1436, 1432])
1	0.4803233178887724	0.4977077501864713	([940, 933], [940, 938, 933])
1	0.49499437102893523	0.49829746952030746	([559, 551], [559, 557, 551])
1	0.4982322518021747	0.49846520444092063	([1396, 1389], [1397, 1396, 1389])
1	0.49345270385135465	0.4984796799955084	([558, 550], [558, 557, 551])
1	0.4759818835492334	0.49910212196172604	([154, 147], [154, 152, 147])
1	0.49350444725418574	0.49943800208292083	([64, 53], [64, 63, 53])
0	0.0	0.5010667263512755	([921], [1254, 922])
1	0.48915499684053515	0.5013999728961314	([1151, 1145], [1151, 1150, 1145])
0	0.0	0.5022541097956473	([922], [115, 88])
1	0.5013605839660924	0.5027532466114993	([907, 900], [907, 906, 899])
1	0.5016534531499314	0.5030537142442022	([921, 909], [921, 912, 909])
1	0.4954050279064873	0.5037552664674132	([808, 798], [808, 802, 798])
1	0.49261202762186085	0.5037776236761363	([944, 937], [945, 944, 937])
0	0.0	0.5038685358301597	([87], [933, 926])
1	0.4948959472204488	0.5040000295128133	([612, 603], [612, 610, 600])
1	0.5039307091287654	0.5043532803508706	([402, 394], [402, 397, 395])
1	0.5036007323421108	0.5056172460461932	([51, 26], [51, 50, 26])
1	0.5066473182712421	0.5070038198077208	([94, 88], [94, 91, 90])
1	0.4834355925869242	0.5076635220578034	([1477, 1461], [1477, 1476, 1461])
1	0.4787358147271893	0.508187387139701	([945, 936], [944, 943, 937])
1	0.5034479806627284	0.5091727949631647	([882, 875], [882, 880, 875])
1	0.5012677604256714	0.5094134575324893	([913, 909], [912, 911, 909])
1	0.4817890807254205	0.5094145027526685	([428, 418], [428, 427, 418])
1	0.4908581975352335	0.5102279374032183	([1367, 1357], [1367, 1363, 1361])
1	0.49852829806734295	0.5105539795217768	([906, 899], [906, 904, 901])
1	0.49927534877338897	0.5109421763982182	([1303, 1295], [1303, 1301, 1295])
1	0.509735278056016	0.51191666624481	([85, 75], [85, 80, 76])
1	0.507766305276648	0.5130065767285412	([1349, 1330], [1349, 1343, 1334])
1	0.5070546272384242	0.5136850341016277	([1255, 1247], [1255, 1252, 1249])
1	0.5128893013935119	0.513795756908227	([798, 789], [798, 797, 790])
1	0.5029389847301386	0.5150997510219112	([1480, 1464], [1480, 1477, 1476])
1	0.5132439522076185	0.516418899136146	([866, 858], [866, 862, 859])
1	0.5124035143491632	0.5169830210100352	([1452, 1441], [1452, 1445, 1444])
1	0.5160895564426783	0.5174444413789553	([673, 670], [673, 670, 669])
1	0.49866959361910546	0.5174444413789553	([673, 667], [673, 672, 669])
1	0.5120533551559151	0.5176307863771245	([546, 539], [546, 543, 539])
1	0.5060209508467571	0.5182937657700903	([870, 858], [870, 867, 866])
1	0.5155720982591614	0.5185605367619102	([395, 384], [395, 394, 389])
1	0.5185492434081923	0.5191155329461069	([247, 240], [247, 245, 240])
1	0.5198759324341063	0.5200034594207328	([767, 757], [767, 763, 757])
1	0.5141163567501751	0.5204095611659966	([789, 779], [790, 787, 778])
1	0.5117666162259735	0.5212436168237052	([940, 921], [934, 933, 930])
1	0.519038046349995	0.5215042143524625	([1279, 1269], [1279, 1278, 1272])
1	0.5087252267222924	0.5224734057500077	([1026, 1015], [1025, 1020, 1015])
1	0.506597830968557	0.5229081686112071	([1165, 1152], [1165, 1164, 1153])
1	0.5114046649234739	0.5229613840221928	([788, 780], [788, 786, 780])
1	0.5187401482115735	0.5230997775564026	([1484, 1475], [1484, 1480, 1475])
1	0.5137936329627814	0.5234229088458396	([1058, 1040], [1058, 1053, 1040])
1	0.5160693936312745	0.524048482725496	([1194, 1184], [1194, 1188, 1186])
1	0.5146689769855968	0.5244545490639634	([874, 863], [872, 869, 866])
1	0.5170922776768085	0.5246818179270243	([410, 394], [410, 405, 394])
1	0.5093694639126422	0.5255134890129888	([1460, 1443], [1460, 1456, 1443])
1	0.5142116261882781	0.526270906237537	([817, 807], [817, 812, 808])
1	0.5072476418943762	0.5276629104739159	([89, 78], [91, 85, 80])
1	0.5076869901613683	0.5276629104739159	([92, 80], [92, 91, 80])
1	0.5224127455350007	0.5276738987727336	([541, 528], [541, 535, 533])
1	0.5239088490667064	0.5277213907797876	([814, 801], [814, 810, 801])
1	0.5221604332307116	0.5277213907797876	([922, 810], [922, 810, 801])
1	0.5272257458320715	0.5281123155048677	([677, 666], [677, 673, 672])
1	0.49928044993294846	0.5283663156622036	([672, 671], [672, 671, 670])
1	0.5230020790293155	0.5284251066149208	([847, 839], [847, 844, 840])
1	0.5197441617450429	0.5286321145260661	([1258, 1246], [1258, 1254, 1246])
1	0.5104946983750368	0.5291528598681083	([940, 923], [958, 942, 940])
1	0.5058261440864611	0.5292388239755983	([90, 88], [91, 90, 88])
1	0.5294729593477426	0.5294829544847286	([917, 795], [917, 795, 790])
1	0.512987565453849	0.5294829544847286	([921, 795], [921, 795, 790])
1	0.510042563044559	0.5298272714289599	([81, 24], [81, 24, 21])
1	0.5136577778466177	0.5300405657705204	([925, 806], [925, 924, 807])
1	0.5089759361562681	0.5312726518839465	([1441, 1431], [1440, 1437, 1432])
1	0.5312335586579189	0.5316587232672532	([134, 124], [134, 128, 125])
1	0.4977038368136679	0.5317415878779478	([1017, 1010], [1017, 1015, 1010])
1	0.52275103839552	0.5323991689008701	([562, 548], [562, 559, 548])
1	0.4875783595742813	0.5328253259925223	([93, 81], [91, 81, 77])
1	0.523376331552607	0.5330532327452805	([785, 775], [788, 785, 775])
1	0.4871825380844335	0.5334810775564967	([429, 417], [429, 428, 417])
1	0.526187856755321	0.5338646088242177	([114, 105], [114, 111, 105])
1	0.5037244673700026	0.535270385817819	([105, 89], [101, 94, 92])
1	0.5343539966569053	0.5352818842140895	([259, 248], [259, 253, 251])
1	0.5285834093289647	0.5353975825456612	([1372, 1349], [1372, 1359, 1355])
1	0.5350691795878694	0.5355651125248941	([871, 857], [871, 864, 859])
1	0.5295743294956935	0.5358886360435164	([1146, 1137], [1146, 1145, 1137])
1	0.5027233882060493	0.5360848979830825	([50, 28], [50, 49, 28])
1	0.5289816811206337	0.5361330018971199	([878, 862], [878, 877, 862])
1	0.4838322900781129	0.5363073175777587	([90, 86], [90, 89, 85])
1	0.5081685261208869	0.5367040683312411	([87, 82], [91, 87, 82])
1	0.5222498288407776	0.5373890706445732	([558, 545], [558, 550, 549])
1	0.5282819057314746	0.5377638981109276	([925, 676], [925, 924, 675])
1	0.4982875637177824	0.5380079009211327	([1432, 1425], [1432, 1431, 1425])
1	0.4847521081392965	0.5385322121582984	([931, 578], [931, 583, 578])
1	0.5274909968496418	0.5389695278140819	([326, 306], [326, 324, 306])
1	0.5380463368724584	0.5391003750615586	([923, 764], [923, 764, 759])
1	0.5275042217317072	0.539187610434976	([639, 613], [639, 636, 613])
1	0.5344349365850468	0.5395259062623557	([1241, 926], [1253, 1245, 926])
1	0.5212858503764811	0.539582976551747	([669, 660], [669, 668, 660])
1	0.5204264119943508	0.5396464249617385	([355, 347], [356, 353, 348])
1	0.5338371815734704	0.5398664983121069	([1306, 1286], [1306, 1303, 1286])
1	0.5255505497415823	0.5404130537213745	([120, 87], [120, 115, 87])
1	0.5320397089483109	0.5404134358686581	([868, 853], [868, 859, 858])
1	0.5344549688842362	0.5405568380947056	([830, 817], [830, 827, 817])
1	0.5375918501179415	0.5405742038972368	([1465, 1455], [1465, 1461, 1458])
1	0.5401374512440729	0.5406959373025949	([1314, 1300], [1314, 1311, 1300])
1	0.5397587543478729	0.5409431191328168	([793, 770], [793, 777, 770])
1	0.5322418980257043	0.5410962984327552	([106, 96], [106, 101, 96])
1	0.4907228432849011	0.5411189168831492	([1399, 1384], [1399, 1393, 1387])
1	0.5222664122610619	0.5413712973191439	([921, 658], [921, 668, 665])
1	0.5311793852045826	0.541455687927406	([921, 809], [921, 809, 802])
1	0.519614258904294	0.5415073337114251	([219, 200], [219, 212, 210])
1	0.5299783143128807	0.5415872437196103	([86, 77], [91, 86, 85])
1	0.5415779939039442	0.5424980716918965	([807, 787], [807, 798, 788])
1	0.5338817726747153	0.5434248310651856	([1169, 1145], [1169, 1164, 1145])
1	0.520352623513149	0.5434296668701157	([806, 794], [925, 807, 793])
1	0.5422544953246737	0.5435200723660158	([559, 542], [559, 548, 542])
1	0.5375323631015886	0.5439071127560124	([1428, 1416], [1428, 1422, 1421])
1	0.5404027083321418	0.5439353620859824	([922, 751], [922, 759, 756])
1	0.5372287508456489	0.5442113247161443	([825, 809], [825, 818, 816])
1	0.5307331181747227	0.5445470835249595	([1309, 1285], [1305, 1303, 1286])
1	0.5409930426483821	0.5451101140585232	([268, 255], [268, 266, 256])
1	0.5326223041875209	0.5455386305069395	([924, 669], [924, 677, 666])
1	0.5451351533998054	0.5456488164226713	([66, 45], [66, 53, 49])
1	0.5427397842500843	0.54600277375381	([959, 925], [959, 942, 941])
1	0.5392440868304021	0.5460735127704494	([675, 664], [675, 673, 664])
1	0.5357325621268417	0.5461253894295046	([960, 929], [961, 960, 929])
1	0.5354871354593783	0.5461277077685235	([941, 929], [941, 934, 929])
1	0.5454237050668965	0.546277254611831	([1253, 928], [1253, 1245, 928])
1	0.545825825737119	0.547455739186442	([562, 552], [562, 560, 552])
1	0.5421900369298667	0.5479307042867121	([260, 234], [260, 253, 249])
1	0.5424509629289928	0.5479307042867121	([262, 249], [262, 260, 249])
1	0.5277829808622939	0.5480327951616275	([924, 796], [924, 805, 803])
1	0.5423938567792387	0.5481111311215886	([468, 84], [474, 472, 468])
1	0.545788626729857	0.5483881498162393	([723, 698], [723, 712, 698])
1	0.5269842921780096	0.5485093432274593	([776, 760], [776, 770, 760])
1	0.5048714248760988	0.5485432666854938	([103, 84], [107, 103, 84])
1	0.5358315630877336	0.5486279871400647	([1288, 921], [1303, 1288, 1286])
1	0.5295954440783821	0.5487221991287093	([793, 777], [793, 789, 777])
1	0.5083148175001846	0.5490524176180948	([249, 234], [249, 243, 237])
1	0.5442700413748743	0.5491441805065966	([827, 803], [827, 821, 803])
1	0.5088932153939525	0.5492897324571786	([250, 224], [250, 246, 224])
1	0.5450204560410343	0.5494714829927618	([687, 666], [687, 683, 666])
1	0.5353166178981906	0.5494978797410889	([1031, 1013], [1031, 1026, 1012])
1	0.5450895675298868	0.5497018764473455	([904, 885], [904, 903, 885])
1	0.5458233404615388	0.5498025312746347	([924, 815], [924, 815, 814])
1	0.49261728516880604	0.5499029788355552	([80, 66], [80, 76, 66])
1	0.5484662681851338	0.5500113411481915	([688, 672], [688, 682, 672])
1	0.5463652833818583	0.5504266918152525	([923, 365], [923, 372, 365])
1	0.5470569764766555	0.550556676255009	([136, 80], [136, 128, 122])
1	0.5413031439353228	0.550556676255009	([139, 122], [139, 136, 122])
1	0.546946835256956	0.5506121039755136	([913, 812], [913, 812, 811])
1	0.5426309572595652	0.5507696057195673	([563, 536], [563, 559, 536])
1	0.5395532934641558	0.5509919899103031	([966, 918], [966, 965, 918])
1	0.5358802536139271	0.551160793777167	([895, 878], [895, 884, 878])
1	0.5308152085067703	0.551184020075686	([924, 830], [831, 827, 815])
1	0.5481383268816534	0.5512086020493169	([364, 353], [364, 361, 353])
1	0.5296711869483852	0.5514104235703992	([921, 821], [921, 821, 809])
1	0.5505112516843379	0.5515429075097852	([543, 519], [543, 534, 521])
1	0.5371218400113876	0.5516474332826488	([1307, 920], [1309, 1307, 920])
1	0.5163963649873973	0.551674140047368	([69, 33], [69, 65, 49])
1	0.5407168736983106	0.5518361490838957	([611, 84], [611, 598, 593])
1	0.5381376540775916	0.5521906170952956	([923, 128], [923, 128, 124])
1	0.5454189995570051	0.5522825288858499	([1312, 926], [1302, 1291, 926])
1	0.5522133816142244	0.5527870113609293	([1010, 1002], [1010, 1008, 1002])
1	0.47040792832932526	0.5528073319967668	([408, 393], [406, 404, 393])
1	0.5477306642953115	0.5528818924890464	([1429, 1411], [1429, 1428, 1411])
1	0.548777094319426	0.5528954746714011	([1464, 1454], [1464, 1461, 1458])
1	0.5287930988917215	0.5531321258871483	([1242, 922], [1253, 1242, 928])
1	0.5463970797347566	0.5532248117942612	([826, 801], [826, 824, 801])
1	0.5460264838888109	0.5535847475559501	([1224, 1188], [1224, 1210, 1195])
1	0.5239476278833265	0.5537892057978795	([923, 820], [923, 824, 810])
1	0.546884845036783	0.5538184480813466	([1176, 1161], [1176, 1171, 1163])
1	0.5521795438047896	0.5542017921658393	([327, 296], [327, 326, 305])
1	0.548232314946376	0.5543196198436933	([901, 879], [901, 888, 884])
1	0.5339988778740795	0.5543415665534224	([367, 81], [374, 370, 367])
1	0.5275309742521113	0.5543844958638321	([963, 910], [961, 959, 941])
1	0.5535016296691317	0.5545336437437669	([1258, 924], [1258, 1256, 924])
1	0.5241574921430815	0.5550659524454953	([921, 802], [921, 801, 795])
1	0.5549873593150088	0.5557182310216628	([873, 84], [873, 865, 864])
1	0.5557637604646111	0.5557701294526155	([1466, 1448], [1466, 1462, 1448])
1	0.5376605457288353	0.5558766404288561	([1305, 924], [1304, 1296, 1293])
1	0.5411767148614848	0.5560886605556137	([462, 447], [462, 457, 454])
1	0.5484608946112297	0.5563690294995358	([1357, 1325], [1357, 1346, 1325])
1	0.556319651435218	0.5567954899799651	([856, 839], [856, 852, 839])
1	0.5345334833351683	0.557080892890159	([913, 784], [913, 784, 779])
1	0.522663594446946	0.5571145475732551	([1430, 1417], [1430, 1428, 1416])
1	0.554079634715923	0.5571724338626195	([1167, 1144], [1167, 1163, 1153])
1	0.5475801158204278	0.5573647374687877	([1283, 925], [1302, 1288, 925])
1	0.5195673506772073	0.5574408473979487	([116, 84], [117, 105, 104])
1	0.5557986735041464	0.5574899667787558	([920, 848], [920, 848, 832])
1	0.5332727015789523	0.5575272473588097	([810, 789], [810, 807, 788])
1	0.5501581906331742	0.5575788988225728	([678, 661], [678, 667, 661])
1	0.534774616369292	0.5579916381829914	([920, 813], [920, 917, 811])
1	0.5531865831568973	0.5580491815785823	([921, 754], [921, 762, 754])
1	0.554619957436739	0.5583512236762909	([570, 545], [570, 545, 539])
1	0.5460449501058021	0.5584276733684219	([805, 786], [913, 805, 786])
1	0.5560633669867986	0.5585019522684196	([925, 369], [925, 374, 369])
1	0.5365088382837987	0.5586148535099316	([959, 917], [959, 940, 924])
1	0.5192942338355566	0.5586148535099316	([939, 928], [959, 940, 928])
1	0.5360654176175523	0.5586200803480501	([841, 831], [846, 841, 831])
1	0.5336996700014524	0.5586200803480501	([924, 854], [924, 846, 831])
1	0.5093458048521285	0.5586397291229008	([1304, 923], [1310, 1303, 1286])
1	0.5531373093746774	0.558760921321315	([570, 539], [570, 565, 545])
1	0.5532473558800899	0.5589018818165798	([910, 868], [910, 882, 876])
1	0.5446306203212931	0.5594102249188577	([849, 826], [849, 840, 833])
1	0.5581840722559269	0.5595980650387258	([120, 85], [120, 117, 85])
1	0.4960235914858652	0.5596677971206092	([927, 768], [927, 768, 759])
1	0.5595901985812711	0.559762408316458	([1475, 1446], [1475, 1464, 1454])
1	0.5304406358115665	0.5598305907621342	([851, 828], [851, 845, 828])
1	0.5524659194995072	0.5598529155590637	([1494, 1460], [1494, 1482, 1479])
1	0.549412701294603	0.5606095348885629	([924, 760], [924, 769, 766])
1	0.5214994746460053	0.5606156245230189	([920, 911], [920, 919, 912])
1	0.5533484609683669	0.5607056301084173	([812, 791], [917, 812, 795])
1	0.5563262880796759	0.5608495255900054	([348, 328], [348, 347, 328])
1	0.5549820786435171	0.5609227312795128	([907, 878], [907, 895, 894])
1	0.532957023650842	0.5613851683987029	([421, 400], [421, 410, 400])
1	0.5414674104316358	0.56177826491758	([785, 764], [785, 778, 764])
1	0.5446778958288403	0.5618950840810006	([86, 69], [86, 79, 77])
1	0.5347337590101311	0.5619206503007786	([913, 804], [805, 796, 792])
1	0.5328113568639775	0.5619206503007786	([918, 792], [918, 805, 792])
1	0.5600113928119933	0.562582738242062	([926, 786], [926, 796, 786])
1	0.5289608507230185	0.5627942092563901	([917, 811], [917, 830, 821])
1	0.5519017806540892	0.5632082878747442	([1063, 1038], [1063, 1060, 1038])
1	0.543737218051033	0.5636528090214553	([921, 545], [921, 545, 538])
1	0.5612154007389791	0.5637669812699592	([1291, 1254], [1291, 1281, 1280])
1	0.540662964941942	0.5642132548349709	([494, 84], [494, 490, 474])
1	0.5055692356382695	0.5642554386347194	([931, 771], [931, 771, 759])
1	0.5619816371110228	0.5644121534853936	([925, 783], [925, 783, 779])
1	0.55029360541939	0.5645456591459614	([911, 887], [911, 905, 887])
1	0.5351600769641298	0.5645605549729147	([1309, 919], [1307, 1303, 920])
1	0.5556539334375401	0.5646609829471844	([924, 839], [924, 846, 839])
1	0.5586855525952855	0.5656975292672758	([924, 102], [924, 102, 93])
1	0.5641958781933741	0.5658293398484893	([849, 813], [849, 826, 813])
1	0.5557557997670203	0.5660093983198635	([815, 794], [823, 815, 794])
1	0.533712795075025	0.5663862305702354	([1310, 917], [1304, 1298, 917])
1	0.5571922318831315	0.5663955550406149	([1303, 928], [1303, 1287, 1286])
1	0.5658926108529707	0.5664785269425312	([265, 245], [265, 253, 250])
1	0.5640903788789771	0.5665235712753509	([1389, 1365], [1389, 1385, 1372])
1	0.538357026858025	0.5666745580157345	([926, 689], [926, 682, 678])
1	0.5582608008118788	0.566775175152236	([990, 972], [990, 985, 972])
1	0.5535825043453203	0.5668498587111351	([483, 465], [483, 477, 467])
1	0.5562522726507647	0.5668855120605486	([574, 536], [574, 546, 545])
1	0.5665336673913558	0.5669627358663362	([149, 126], [149, 126, 123])
1	0.5586998404980728	0.5669627358663362	([143, 123], [149, 143, 123])
1	0.5592042819550445	0.5672680312575956	([858, 842], [858, 851, 844])
1	0.5600318495430112	0.567291970145239	([1373, 1351], [1373, 1367, 1351])
1	0.535090724885606	0.5675405206459326	([470, 88], [470, 461, 460])
1	0.5217568011092334	0.5676704858303961	([917, 830], [812, 807, 791])
1	0.5510598283648809	0.5678496603393574	([138, 81], [138, 132, 128])
1	0.5422587021926879	0.5679818610636557	([926, 769], [926, 776, 769])
1	0.542358751582072	0.5680695759382112	([72, 46], [70, 69, 46])
1	0.5522967064397649	0.5682371973163304	([926, 874], [926, 887, 885])
1	0.5320287424985496	0.5682805344411148	([918, 806], [918, 821, 819])
1	0.5268449938930245	0.5684326476942448	([1281, 1257], [1281, 1264, 1257])
1	0.5143213382996484	0.5685918533196453	([921, 761], [921, 780, 761])
1	0.5269480766354347	0.5689970555914643	([924, 769], [924, 786, 784])
1	0.5502908907305479	0.5690462904409412	([925, 853], [925, 870, 858])
1	0.5652786794103385	0.5693748969467208	([572, 557], [572, 564, 557])
1	0.5672361799432357	0.5694178720690313	([1435, 1282], [1436, 1435, 1282])
1	0.5691990805737034	0.569534321552984	([491, 475], [491, 489, 475])
1	0.5671866518495877	0.5697226881501318	([1148, 1135], [1149, 1148, 1135])
1	0.5611685943126277	0.5697568389687373	([1311, 1239], [1311, 1239, 926])
1	0.5312817581144833	0.5698896441573379	([1283, 917], [1292, 1280, 920])
1	0.5617629288113282	0.569984953334187	([1035, 926], [1035, 1017, 926])
1	0.47856806120404244	0.5701718225792319	([1287, 932], [1287, 1283, 1281])
1	0.5633191379595864	0.5702096197508916	([101, 74], [101, 96, 74])
1	0.5194154328502735	0.5702214689756132	([1261, 921], [1261, 1257, 1255])
1	0.5694287234934674	0.5703349313244588	([396, 377], [396, 387, 386])
1	0.5457066961734963	0.5704069992447949	([913, 841], [913, 841, 824])
1	0.5026107696182965	0.5704069992447949	([923, 810], [923, 841, 824])
1	0.5296744009059661	0.5704069992447949	([926, 841], [926, 841, 824])
1	0.5698787069474848	0.5706444366422094	([456, 442], [456, 450, 442])
1	0.5561498982906347	0.5708429739773172	([1285, 913], [1314, 1305, 913])
1	0.5698379482834797	0.5709186197457006	([241, 196], [241, 234, 196])
1	0.5237836869492183	0.5709609078204512	([923, 568], [923, 583, 568])
1	0.5662770734576784	0.5710342584437472	([1482, 1443], [1482, 1476, 1461])
1	0.565313788057844	0.5712833322922475	([917, 844], [917, 867, 844])
1	0.5559425767837467	0.5713346168690954	([812, 776], [803, 790, 780])
1	0.5480034905698417	0.571368182900641	([504, 84], [504, 495, 494])
1	0.5686009845915933	0.571436650546874	([334, 309], [334, 324, 322])
1	0.5691533561360631	0.5714718735172576	([461, 445], [461, 454, 452])
1	0.5232168661458019	0.5714755995593457	([1246, 928], [1282, 1264, 1257])
1	0.5401991025346684	0.5715713407902094	([108, 85], [122, 120, 80])
1	0.5424360825242468	0.5715959033255439	([744, 720], [744, 736, 720])
1	0.5531177865023309	0.5717052916465707	([325, 280], [325, 309, 281])
1	0.523498392946877	0.5717299662144869	([930, 919], [930, 921, 912])
1	0.56798860277185	0.5719064020480555	([804, 782], [805, 804, 782])
1	0.5044586301166596	0.5720833904874063	([933, 917], [933, 919, 910])
1	0.5615105068727848	0.5724817968045862	([917, 750], [917, 759, 757])
1	0.5665565748878826	0.5725770432473459	([1180, 1155], [1180, 1176, 1155])
1	0.5697848740574706	0.5727601856426005	([919, 839], [920, 919, 832])
1	0.5357590996713916	0.5727773158418835	([917, 571], [917, 580, 574])
1	0.5640377323936199	0.5727952297899088	([925, 139], [925, 145, 139])
1	0.5321144628117981	0.5728322854670732	([1249, 924], [1281, 1256, 1254])
1	0.501843790015452	0.5728322854670732	([1287, 923], [1284, 1281, 1256])
1	0.5696582387782889	0.5729884469739093	([1229, 1181], [1229, 1220, 1187])
1	0.5261807969562805	0.5730396104744274	([81, 66], [81, 77, 66])
1	0.4968521269426127	0.5734261280625069	([495, 474], [494, 487, 477])
1	0.531559240388767	0.5735852941940961	([140, 84], [140, 133, 131])
1	0.556630439414129	0.5738193289074648	([1259, 918], [1259, 1247, 1246])
1	0.5685381711610995	0.5738436339380205	([1113, 1098], [1112, 1106, 1105])
1	0.5714995882933185	0.5739836118243529	([1434, 1292], [1436, 1434, 1290])
1	0.5539146862301145	0.5740621501212081	([1240, 925], [1249, 1237, 924])
1	0.565706465694161	0.5740621501212081	([1304, 1237], [1304, 1237, 924])
1	0.5678925124509849	0.5740685757731444	([571, 529], [578, 571, 541])
1	0.5392436737158613	0.5741010802633701	([910, 886], [910, 903, 886])
1	0.5575784357028732	0.5743411666321214	([852, 825], [852, 839, 832])
1	0.573437281449675	0.5745368754112796	([421, 85], [428, 421, 80])
1	0.5438087794983197	0.5746508384993135	([1228, 1193], [1228, 1223, 1193])
1	0.5574546036890361	0.5748972218196372	([925, 689], [925, 689, 675])
1	0.5616012436627549	0.5749103567033225	([996, 966], [992, 986, 966])
1	0.5729519843339828	0.5750491311233629	([1438, 1286], [1438, 1435, 1282])
1	0.5591507723900474	0.5751080274152197	([1290, 1260], [1290, 1284, 1260])
1	0.5601424577149012	0.5751101752775746	([137, 85], [148, 146, 85])
1	0.538455491644172	0.575225066243987	([1496, 1446], [1496, 1477, 1461])
1	0.5718048188483675	0.5752626473008078	([1036, 924], [1063, 1038, 924])
1	0.5415798148014964	0.5753784611582778	([398, 88], [414, 408, 88])
1	0.5657475051688091	0.5754223245566898	([925, 38], [925, 71, 34])
1	0.5552653460339652	0.5754323754000635	([367, 352], [366, 361, 354])
1	0.524188258259936	0.5755126928591778	([1242, 913], [1257, 921, 912])
1	0.5309368845558723	0.5757173693411035	([1288, 920], [1309, 1303, 928])
1	0.5697826235119439	0.5758042991060771	([445, 425], [445, 441, 425])
1	0.5464248949262269	0.575829801697503	([1422, 1395], [1422, 1415, 1401])
1	0.5606773526570054	0.5759265292470246	([578, 541], [571, 563, 541])
1	0.5549695483758521	0.5759355923011177	([580, 540], [573, 562, 540])
1	0.558783350991985	0.5762472001150761	([918, 760], [918, 785, 780])
1	0.5294585757836888	0.5763274190919414	([1244, 919], [1242, 920, 911])
1	0.5756634106981456	0.5763882835646149	([127, 118], [127, 124, 118])
1	0.5525835367671246	0.5766114402144725	([1264, 917], [1282, 1264, 917])
1	0.5356924454729034	0.5766114402144725	([1243, 917], [1283, 1282, 917])
1	0.557327904311244	0.5766114402144725	([1438, 917], [1438, 1282, 917])
1	0.5524522391362764	0.5766415098933632	([924, 575], [924, 573, 571])
1	0.5417383942480745	0.576690638508937	([925, 870], [925, 858, 841])
1	0.5691118033962724	0.576706369581861	([1168, 1143], [1168, 1152, 1143])
1	0.5751913622113959	0.5770002558710005	([913, 857], [913, 858, 857])
1	0.5461406042568829	0.5770384603854568	([149, 87], [153, 142, 122])
1	0.5741596048046704	0.5771028560290946	([830, 85], [830, 86, 85])
1	0.5747252158047415	0.5771029995408484	([929, 802], [929, 928, 802])
1	0.5582166596535323	0.577138399426605	([1391, 1362], [1394, 1391, 1362])
1	0.5562624487431849	0.5772003493742625	([363, 84], [363, 355, 354])
1	0.5749461338227765	0.5774627209483504	([147, 127], [147, 142, 139])
1	0.5628101184059247	0.5774670457569747	([928, 815], [928, 815, 802])
1	0.5733456429103292	0.5776085666507171	([596, 570], [596, 585, 584])
1	0.5631688404268459	0.5777103148115885	([78, 64], [79, 78, 64])
1	0.5213670822632639	0.5777240010541488	([1243, 923], [1255, 1243, 1238])
1	0.5661112046962684	0.5777725736901013	([150, 116], [150, 143, 121])
1	0.5742939560258323	0.5778190332866348	([1312, 1254], [1312, 1310, 1254])
1	0.5743206990780271	0.577824854625206	([1250, 1234], [1250, 1247, 1246])
1	0.5729672999693003	0.5778347999149729	([159, 138], [159, 145, 142])
1	0.4962742020526668	0.5780361642889529	([923, 791], [923, 791, 764])
1	0.5737354679185044	0.5780550440822552	([1293, 911], [1293, 1292, 911])
1	0.5568999671573843	0.5781654371246684	([1315, 925], [1315, 1300, 925])
1	0.5341731106257528	0.5781654371246684	([1315, 921], [1315, 1305, 1300])
1	0.5638549426387631	0.5783043046939377	([1301, 1258], [1301, 1288, 1258])
1	0.5682625245270162	0.5783668336937081	([917, 560], [560, 546, 524])
1	0.5731044921567205	0.5784946821128559	([162, 122], [162, 153, 148])
1	0.5680337065702593	0.5786630683712913	([1437, 930], [1437, 1436, 930])
1	0.5303486079403975	0.5786803523047346	([1281, 924], [1253, 1233, 925])
1	0.5306540478185604	0.5787391763654789	([347, 84], [373, 363, 362])
1	0.5764739425519997	0.5787621626828573	([925, 663], [925, 676, 663])
1	0.5569003987235591	0.5788050439714869	([577, 542], [577, 571, 542])
1	0.5779165466917638	0.5788114689099795	([1137, 1100], [1137, 1111, 1100])
1	0.5720254455560333	0.5789338122319111	([154, 125], [154, 125, 111])
1	0.5562099070320173	0.5790030850138949	([925, 779], [925, 793, 783])
1	0.5207194028076735	0.5790897355208684	([125, 81], [149, 125, 123])
1	0.5681221577504473	0.5790897355208684	([154, 111], [154, 149, 125])
1	0.5357888775308719	0.5791579539895009	([923, 774], [923, 791, 774])
1	0.559850384962534	0.5793650603682015	([929, 778], [929, 802, 778])
1	0.5627122419964079	0.5794166824096362	([484, 464], [484, 476, 472])
1	0.5218616802272703	0.5794991910142206	([132, 81], [144, 138, 133])
1	0.5469713725447913	0.579552121941589	([921, 104], [921, 113, 104])
1	0.5781182090506396	0.5796572741336421	([123, 98], [123, 116, 108])
1	0.5721844411711359	0.5796572741336421	([126, 108], [126, 123, 108])
1	0.5763252242347282	0.5799989868288357	([1137, 1111], [1137, 1136, 1111])
1	0.5511481276269952	0.5800033943402524	([328, 279], [328, 327, 279])
1	0.5016578989503717	0.5801769744811394	([862, 843], [859, 848, 844])
1	0.5716653645907428	0.5802291396314951	([112, 76], [119, 112, 71])
1	0.560580533097115	0.580490412541675	([1312, 1280], [1312, 1282, 1280])
1	0.5720558615399133	0.580490412541675	([1436, 1312], [1436, 1312, 1282])
1	0.5204082229712006	0.580490573492636	([1282, 928], [1247, 1243, 917])
1	0.5664855687176817	0.5805809856128632	([121, 71], [122, 119, 71])
1	0.5791085416691915	0.5806387749198744	([792, 762], [792, 778, 772])
1	0.5652690975188103	0.580808312659356	([1011, 922], [1011, 1007, 1003])
1	0.5715654370101364	0.5808238333777235	([235, 189], [235, 224, 196])
1	0.561459031823136	0.5809252459896342	([392, 362], [392, 363, 362])
1	0.5377057664393687	0.5809808803776795	([84, 73], [95, 84, 73])
1	0.5394446919544076	0.5809829172138633	([926, 796], [926, 776, 759])
1	0.5433573670890394	0.581041343532607	([185, 161], [187, 185, 161])
1	0.5601036435430793	0.5810856536432236	([125, 114], [125, 124, 114])
1	0.5746154610222564	0.5814300295514098	([326, 278], [326, 305, 278])
1	0.5684554145989542	0.5814663521901797	([189, 165], [189, 184, 165])
1	0.5723890275341079	0.5817101443273631	([267, 87], [267, 254, 251])
1	0.5611608305237054	0.5817597653076799	([913, 751], [913, 767, 762])
1	0.5574787057186773	0.581773312780025	([818, 782], [818, 797, 782])
1	0.5560328208568606	0.5820970537547198	([1042, 1033], [1042, 1041, 1032])
1	0.5527480456089643	0.5821088007627934	([822, 786], [822, 797, 786])
1	0.5705237761541202	0.5823350103986871	([917, 692], [917, 692, 689])
1	0.5651102443546246	0.5823618364097041	([261, 240], [261, 249, 238])
1	0.5778068162063891	0.5823793592484843	([1437, 1242], [1437, 1433, 1242])
1	0.5794047393794762	0.5825932958059454	([402, 376], [402, 395, 376])
1	0.5785474306921778	0.5826009670334124	([925, 518], [925, 527, 518])
1	0.5662095424498211	0.5826300090158628	([924, 691], [924, 691, 680])
1	0.5354257350282877	0.5828302551325643	([187, 158], [185, 178, 162])
1	0.5665279595845323	0.5828702526006354	([135, 120], [135, 127, 120])
1	0.5820162788158602	0.5828829142084199	([684, 660], [684, 678, 661])
1	0.5745888539849741	0.5829021421289089	([929, 794], [929, 802, 794])
1	0.5633929070254847	0.5831820412704917	([225, 196], [921, 235, 188])
1	0.5669810293310528	0.5832266107935162	([1492, 1444], [1492, 1478, 1444])
1	0.5462123063992937	0.58337669209042	([1438, 925], [1438, 1292, 925])
1	0.5833538287228716	0.5834586996712632	([377, 350], [377, 370, 365])
1	0.5717995273052104	0.5835047117698817	([47, 18], [47, 30, 29])
1	0.5555095873867263	0.5835742038443019	([1314, 913], [1280, 1263, 1256])
1	0.5385144481493008	0.5836010843012763	([921, 473], [921, 495, 473])
1	0.5827396090969877	0.5836533775774189	([434, 406], [434, 430, 406])
1	0.5368949457501426	0.5838981139601739	([392, 84], [392, 385, 371])
1	0.5739954101423437	0.5840273140372839	([1154, 921], [1174, 1154, 1152])
1	0.5449843533047355	0.5840859132389911	([985, 922], [1003, 991, 985])
1	0.583675288192501	0.5841394355960735	([1394, 913], [1423, 1394, 913])
1	0.5834942497827637	0.5842327950488105	([1306, 1236], [1312, 1306, 1236])
1	0.5792472598847159	0.5842383070523544	([1293, 1245], [1293, 1288, 1258])
1	0.5038198836003898	0.5844389267328953	([923, 886], [923, 909, 883])
1	0.5547708803828681	0.5844881848231652	([918, 850], [918, 850, 821])
1	0.51296942788615	0.5844881848231652	([921, 841], [921, 850, 821])
1	0.5620217176337722	0.5846749675868546	([817, 779], [817, 793, 779])
1	0.578435937708832	0.5847832620316411	([87, 68], [87, 75, 68])
1	0.5742458875822686	0.585226633442257	([1036, 913], [1065, 1063, 1036])
1	0.49578194689938543	0.5852657709103096	([923, 841], [923, 824, 794])
1	0.5677073626932164	0.5853199121170075	([1423, 84], [1423, 1422, 1394])
1	0.5798506470699458	0.58536447263157	([120, 72], [120, 119, 72])
1	0.5756831088559405	0.5853655038071038	([527, 484], [531, 484, 470])
1	0.5757445492331548	0.5856114442566789	([1076, 1061], [1080, 1078, 1062])
1	0.5318682633131028	0.5856326333520366	([917, 526], [917, 571, 560])
1	0.5718101177650602	0.5859270543474651	([1438, 1066], [1438, 1436, 918])
1	0.5785013761575565	0.5860395783267639	([1178, 1111], [1164, 1145, 1137])
1	0.5790273290365332	0.5860856353876576	([1287, 1261], [1287, 1285, 1261])
1	0.574628430125834	0.5866118443753345	([1286, 1239], [1286, 1285, 1239])
1	0.5432558623554541	0.5866118443753345	([1291, 926], [1311, 1285, 1239])
1	0.5755993682857744	0.5866736268060292	([55, 13], [62, 55, 11])
1	0.5779584419399055	0.5867948819652904	([823, 784], [823, 819, 784])
1	0.5834627030281176	0.5868116847723795	([143, 100], [143, 123, 98])
1	0.5850462227499785	0.5868254811782684	([118, 73], [118, 112, 73])
1	0.5586858782897038	0.5869479058059662	([924, 371], [924, 395, 371])
1	0.5728974402508438	0.5869943947725775	([1494, 1437], [1494, 1444, 1432])
1	0.5747194751859075	0.587049904646424	([539, 481], [539, 526, 481])
1	0.5594519175880024	0.5870795598077484	([1403, 1372], [1403, 1401, 1372])
1	0.5633276260315636	0.5875809599574168	([1439, 919], [1439, 1434, 1309])
1	0.5629452775940099	0.5876230663362509	([1004, 913], [1004, 989, 986])
1	0.5794708374648257	0.5877206874295526	([74, 29], [74, 70, 45])
1	0.547895620647528	0.5878081044448479	([923, 541], [923, 541, 525])
1	0.5479140810200562	0.5878317823862472	([820, 792], [822, 820, 778])
1	0.5800073254630366	0.5881280718229723	([1410, 1356], [1400, 1382, 1357])
1	0.5851149810335851	0.5881280718229723	([1430, 1357], [1413, 1400, 1357])
1	0.5633918915023939	0.5881317623490213	([954, 922], [956, 937, 936])
1	0.5759309560631842	0.5881725253838868	([1478, 1425], [1478, 1425, 1423])
1	0.5678110973222126	0.5881725253838868	([1478, 921], [1478, 1443, 1423])
1	0.5707700901360087	0.5881734158851775	([1495, 1440], [1495, 1491, 1440])
1	0.5181440026233565	0.5882876699873625	([144, 81], [149, 144, 142])
1	0.5871598180593779	0.5882893307356896	([67, 16], [67, 53, 49])
1	0.5689781272328358	0.5884153560977413	([148, 124], [148, 142, 138])
1	0.5647870479526776	0.5884509911406155	([1439, 1280], [1439, 1280, 1244])
1	0.5335854803445329	0.5885422207123838	([675, 84], [675, 670, 664])
1	0.5879909958872965	0.5885988785668492	([588, 542], [588, 562, 542])
1	0.5828229822997928	0.588733139151421	([913, 449], [913, 469, 447])
1	0.5781123564495676	0.588821104543442	([1423, 913], [1439, 1423, 913])
1	0.5800349616204868	0.588867633759282	([141, 87], [141, 133, 87])
1	0.588629414463628	0.5889475850805688	([116, 36], [116, 110, 36])
1	0.5730705412048765	0.5889642730221166	([1141, 1101], [1165, 1141, 1103])
1	0.5254676905534085	0.5890217573827501	([122, 80], [112, 100, 99])
1	0.5357289564392942	0.5890438235454408	([1003, 917], [1067, 1006, 1005])
1	0.5648774037184425	0.5891931983318762	([925, 488], [925, 924, 488])
1	0.578107625268159	0.5892395614022253	([1422, 924], [1443, 1437, 924])
1	0.5857413914372189	0.5893084903617304	([991, 965], [991, 985, 970])
1	0.5684133756755251	0.5894627577089475	([918, 582], [918, 582, 578])
1	0.5462878353788483	0.5895296910131818	([921, 188], [224, 205, 197])
1	0.5859963274579867	0.5896618239606278	([929, 840], [929, 840, 822])
1	0.5739136227316908	0.589817369868255	([453, 85], [466, 453, 449])
1	0.5751134321057004	0.5898642190565886	([851, 814], [851, 827, 816])
1	0.5663149637687885	0.5898690979351958	([922, 387], [922, 387, 373])
1	0.5808063520596537	0.5900281308116726	([850, 807], [850, 821, 820])
1	0.5769882041474061	0.5900456661722328	([1443, 924], [1437, 1307, 1289])
1	0.5689786923892599	0.5900456661722328	([1437, 1311], [1437, 1311, 1307])
1	0.584888848542319	0.5901643085160421	([186, 121], [186, 153, 122])
1	0.5756802219129731	0.5903835190897828	([1152, 1102], [1152, 1141, 1101])
1	0.5890339131098483	0.5903835190897828	([1171, 1101], [1171, 1152, 1101])
1	0.5857438154230081	0.5904147271825344	([773, 687], [773, 687, 680])
1	0.5808735359195614	0.5904147271825344	([773, 667], [781, 773, 680])
1	0.5778299247440607	0.5904147271825344	([781, 680], [924, 773, 680])
1	0.5893041136061802	0.5904728376131938	([1199, 1122], [1199, 1190, 1122])
1	0.562178451785895	0.5904821251170014	([988, 962], [988, 969, 965])
1	0.5765177595817793	0.5905551555258572	([740, 696], [740, 728, 696])
1	0.5883139891932899	0.5905855752505497	([1294, 1243], [1294, 1290, 1243])
1	0.5905915158061336	0.5906003427532277	([853, 799], [853, 846, 821])
1	0.5887055067184328	0.590666047306329	([819, 773], [819, 784, 773])
1	0.5827497756730385	0.5906919691318149	([497, 87], [497, 489, 487])
1	0.5877408639850824	0.5908030599954645	([1433, 1291], [1436, 1433, 1310])
1	0.5358809763183359	0.5910701239165191	([964, 926], [964, 933, 926])
1	0.4993061076593625	0.5910701239165191	([928, 910], [964, 959, 933])
1	0.5681133331878059	0.5911100363998242	([788, 575], [918, 788, 772])
1	0.5553318637408241	0.5912653031783823	([80, 28], [80, 65, 28])
1	0.5506443757957912	0.5912802188183787	([89, 45], [89, 78, 76])
1	0.55848932454938	0.5913164170538537	([917, 867], [917, 844, 833])
1	0.5853371705303231	0.5915716333312598	([1115, 1091], [1115, 1105, 1097])
1	0.5821489525513859	0.5915926234024931	([929, 854], [929, 856, 854])
1	0.5628247426190153	0.5916080125444173	([913, 557], [913, 571, 558])
1	0.5888333238478803	0.5919414529865799	([61, 2], [64, 22, 2])
1	0.5857043768090164	0.5919704884769331	([1399, 1361], [1399, 1382, 1367])
1	0.5815782795988134	0.5920742496971388	([488, 462], [488, 481, 462])
1	0.5193377623151887	0.5921327932519714	([1253, 925], [1288, 1255, 1245])
1	0.5905882546868803	0.5921916383241819	([913, 657], [913, 657, 644])
1	0.5863179713189076	0.5922340126682486	([1163, 1107], [1163, 1150, 1137])
1	0.5904359760029109	0.592236216433153	([1006, 961], [1006, 991, 965])
1	0.5725875266749036	0.5923198845394272	([109, 38], [120, 110, 38])
1	0.569668867560166	0.5923385117584984	([1165, 1103], [1141, 1140, 1103])
1	0.5647020848576462	0.5925212319833304	([80, 1], [80, 28, 20])
1	0.5406117962533429	0.5925809381233768	([88, 71], [88, 78, 65])
1	0.5252125942719847	0.5926009830821057	([1296, 924], [1307, 1288, 1258])
1	0.5733841885734599	0.5926026955344607	([531, 470], [913, 521, 486])
1	0.5748552335029088	0.5926158339777153	([1281, 929], [1283, 1282, 928])
1	0.5601750638319338	0.5926835312520379	([148, 110], [148, 124, 110])
1	0.5880308830825198	0.5927050815931241	([103, 68], [122, 103, 71])
1	0.5751820678652109	0.5927316811753249	([427, 398], [427, 410, 395])
1	0.5698696667015467	0.5927377021650534	([792, 85], [778, 773, 85])
1	0.5864720485205746	0.592745522582895	([913, 644], [913, 644, 611])
1	0.5594467065762694	0.5929389499331856	([925, 145], [925, 158, 145])
1	0.577201124455125	0.5929640500800586	([919, 773], [919, 918, 772])
1	0.5738879047758658	0.5929710582474428	([1494, 1312], [1494, 1436, 1432])
1	0.5789313956992889	0.5930173952836522	([579, 534], [579, 577, 533])
1	0.5829975826353595	0.5930462154828691	([1190, 1131], [1190, 1189, 1128])
1	0.5898523368420807	0.5932002950126944	([346, 273], [346, 327, 323])
1	0.5805056705665089	0.5932370798088993	([121, 82], [121, 109, 99])
1	0.5598596640198718	0.5932922682964091	([1005, 929], [1006, 1005, 929])
1	0.5748075603603661	0.5933710408494158	([1375, 1347], [1375, 1365, 1347])
1	0.5902051870241665	0.5934079553383519	([1403, 1353], [1403, 1372, 1369])
1	0.5924737737614478	0.5934547096266956	([234, 80], [238, 234, 80])
1	0.5643314106877839	0.5935305612075271	([925, 888], [924, 912, 903])
1	0.5915310089835029	0.5935771410577513	([786, 667], [786, 773, 765])
1	0.5847338562795745	0.5936615980230843	([471, 448], [471, 462, 461])
1	0.5239072407156703	0.5937809080018049	([917, 676], [925, 793, 676])
1	0.592232516430135	0.5938116730567398	([665, 592], [665, 592, 582])
1	0.5390259986780446	0.5938244310492344	([148, 85], [148, 124, 85])
1	0.5210516839426502	0.5938525184111273	([918, 824], [918, 868, 857])
1	0.5891310073125187	0.5939303287957196	([372, 351], [372, 364, 351])
1	0.5930405066149033	0.5939414095648099	([1381, 1334], [1381, 1369, 1345])
1	0.590205674334436	0.5940220107042722	([106, 86], [111, 106, 39])
1	0.5707005327268665	0.5942497580353684	([913, 517], [913, 557, 547])
1	0.5933855013233167	0.5943600283066236	([436, 403], [436, 419, 418])
1	0.5485812011138105	0.5943881214235236	([420, 84], [420, 402, 399])
1	0.5929336533712903	0.5944437559794616	([758, 684], [763, 756, 688])
1	0.5642763287913833	0.5946000454341303	([913, 396], [913, 396, 386])
1	0.5261726422076204	0.5947656079047512	([925, 841], [925, 888, 875])
1	0.5674605682627277	0.594783368336777	([1379, 1337], [1379, 1366, 1349])
1	0.5479441817921435	0.5948140370416894	([87, 75], [87, 79, 77])
1	0.5841182787760055	0.5948220943761632	([86, 39], [108, 106, 86])
1	0.5724612326739146	0.5951215190228901	([913, 106], [122, 120, 103])
1	0.594845961005383	0.5951293711133829	([1268, 913], [1280, 1268, 1263])
1	0.5830087794711275	0.5951747067236897	([1082, 1058], [1081, 1070, 1062])
1	0.5873633096056196	0.5951893866927245	([576, 531], [576, 573, 540])
1	0.5243296210591301	0.5953096322458784	([962, 918], [963, 962, 918])
1	0.5764562462702403	0.5953383618522163	([360, 342], [360, 355, 346])
1	0.575270604980482	0.595489897770808	([1231, 1174], [1232, 1231, 1178])
1	0.5933451495347379	0.5955003596739968	([1424, 1236], [1425, 1424, 1232])
1	0.588264319586141	0.5957244790918691	([113, 43], [118, 111, 34])
1	0.5897531509838266	0.5957640781093747	([919, 853], [920, 919, 853])
1	0.581595546811376	0.5958133015257681	([569, 518], [569, 539, 518])
1	0.5610550751224636	0.5958475116819187	([926, 545], [926, 563, 545])
1	0.5788731152093939	0.5958881070223024	([918, 544], [918, 578, 544])
1	0.594665283709294	0.5958943712426513	([1363, 1315], [1422, 1394, 1315])
1	0.594591961740856	0.5960949723116084	([1395, 926], [1425, 1422, 1395])
1	0.5761446459831916	0.5961311908785214	([111, 34], [111, 109, 34])
1	0.5719165478938433	0.5961440695934342	([928, 567], [928, 580, 572])
1	0.5726690820402244	0.5961440695934342	([680, 572], [928, 680, 572])
1	0.5924828628771848	0.5961440695934342	([929, 572], [929, 928, 572])
1	0.5736072149036896	0.5962016521611643	([910, 755], [918, 910, 760])
1	0.5315500355160868	0.5962016521611643	([928, 758], [928, 910, 760])
1	0.5857864897696148	0.5962218280545655	([257, 220], [257, 220, 206])
1	0.5533871969488686	0.5962517954390987	([926, 472], [926, 912, 472])
1	0.5930726559720697	0.5962841430303264	([909, 872], [909, 883, 872])
1	0.5830465504319584	0.5963549088001481	([920, 779], [920, 805, 793])
1	0.515613848904627	0.5964491275040547	([917, 790], [917, 910, 811])
1	0.596338892877404	0.5965048128521508	([121, 35], [121, 113, 43])
1	0.511890761349173	0.5966655191888629	([918, 910], [919, 818, 782])
1	0.5285481633744683	0.5966813581225415	([926, 821], [926, 821, 796])
1	0.5594255430800137	0.596723764807312	([1080, 1062], [1070, 1065, 1063])
1	0.5837661078708469	0.5967324061092041	([660, 593], [666, 660, 593])
1	0.5535067369766278	0.5967966248543334	([145, 89], [147, 145, 89])
1	0.5707657342302225	0.596852303473022	([190, 85], [187, 169, 85])
1	0.5819879418210355	0.5969285282735656	([81, 62], [81, 66, 62])
1	0.5659616046260211	0.5970009027305586	([924, 79], [924, 100, 79])
1	0.5809286907405854	0.5970197464178818	([153, 83], [160, 142, 85])
1	0.580486501692266	0.5970314164900071	([1245, 930], [1244, 1235, 930])
1	0.5964300205276376	0.5971655409956268	([1187, 1121], [1189, 1187, 1123])
1	0.5825978435435273	0.5973169679782467	([807, 462], [918, 807, 780])
1	0.5893854873891906	0.597471514815953	([1424, 1393], [1424, 1423, 1391])
1	0.5966472634663027	0.597471514815953	([1478, 1391], [1478, 1423, 1391])
1	0.5730061206628699	0.59750689405278	([713, 84], [729, 713, 712])
1	0.5897385780223392	0.5976019975885003	([80, 37], [80, 38, 37])
1	0.590437680764622	0.5976825231213478	([525, 478], [525, 519, 478])
1	0.5973672898890505	0.5977447260576852	([817, 565], [817, 814, 576])
1	0.5805521944042156	0.5978052114355246	([114, 74], [114, 102, 101])
1	0.5657201150352441	0.5978298657008073	([928, 691], [928, 775, 680])
1	0.5620371841973172	0.5978738548859723	([787, 685], [787, 773, 685])
1	0.594259179794053	0.5979312915917394	([1382, 1335], [1382, 1357, 1325])
1	0.5952677849111377	0.5979394596200789	([586, 528], [586, 574, 528])
1	0.582284472223374	0.5981535042689747	([1310, 1066], [1310, 1291, 1066])
1	0.5942539963331128	0.5982247562434293	([197, 167], [197, 185, 167])
1	0.5874991153618406	0.5983096124259178	([389, 364], [389, 375, 373])
1	0.5958743379124544	0.598418078509943	([1492, 1428], [1492, 1440, 1430])
1	0.5657650587160726	0.5984204107741433	([917, 126], [917, 126, 120])
1	0.5025599862405742	0.598551285942722	([1302, 921], [1288, 1253, 925])
1	0.5828199397305774	0.5985768634650274	([161, 140], [161, 147, 143])
1	0.5563485759535405	0.5986191309159984	([1436, 918], [1438, 1310, 1066])
1	0.596895415578791	0.5987510953163713	([1445, 1422], [1445, 1441, 1428])
1	0.5920062053424369	0.5987637218754566	([665, 582], [686, 665, 584])
1	0.5861828945301731	0.5987637218754566	([686, 584], [921, 665, 584])
1	0.5870959608434794	0.5987690607606889	([1265, 929], [1259, 1241, 929])
1	0.5978406188693868	0.5988141647318874	([117, 32], [117, 102, 42])
1	0.5901199482516462	0.5988271677433276	([911, 816], [911, 816, 799])
1	0.575530139589639	0.5988271677433276	([911, 790], [913, 911, 799])
1	0.5956148524996228	0.5989661625184269	([1314, 1142], [1314, 1291, 1142])
1	0.5382976663795678	0.5989848210317242	([966, 930], [966, 938, 930])
1	0.5747970979053365	0.5990220306783369	([918, 522], [918, 547, 544])
1	0.5508092946340198	0.5990300956688603	([1241, 918], [1292, 1288, 918])
1	0.5481257060827285	0.5990300956688603	([1308, 918], [1435, 1292, 918])
1	0.5811040004128437	0.5990438663801347	([68, 19], [77, 68, 65])
1	0.593917086080212	0.5990793570217292	([52, 8], [52, 24, 14])
1	0.5935988975572383	0.5991930064810816	([677, 580], [917, 676, 580])
1	0.5481514289465673	0.5991930064810816	([925, 580], [925, 676, 580])
1	0.5942526878821833	0.5992683122528312	([157, 102], [157, 102, 85])
1	0.5400281590390721	0.5992722196184511	([1067, 924], [1067, 1064, 1063])
1	0.593735347985456	0.5993149235742057	([526, 86], [572, 564, 86])
1	0.5195912451154345	0.5993502762039494	([1068, 926], [1064, 1017, 1005])
1	0.5835548878357814	0.5993677658893972	([1066, 920], [1307, 1291, 1066])
1	0.5809052988759711	0.5993986396759265	([1301, 1250], [1301, 1262, 1258])
1	0.5891573611293496	0.5994028832889815	([1443, 1299], [1443, 1299, 1292])
1	0.5714711898163319	0.5994366751484976	([930, 817], [930, 850, 830])
1	0.5792885777881942	0.5995673817992837	([1460, 917], [1460, 1438, 1424])
1	0.5974137187829655	0.5995911078024441	([1192, 1130], [1192, 1190, 1130])
1	0.536022056369022	0.5996017551322166	([921, 584], [677, 665, 587])
1	0.574418460607852	0.5996690939605036	([393, 357], [393, 392, 362])
1	0.5708573028595157	0.5996793865246676	([926, 424], [926, 424, 397])
1	0.5887553342315259	0.5996850455234216	([928, 872], [928, 910, 909])
1	0.5982206341766851	0.5997281439442811	([1343, 1195], [1344, 1343, 1190])
1	0.5762350331174912	0.5997317389278884	([540, 80], [571, 546, 80])
1	0.5940704070156217	0.5997457138189474	([661, 585], [662, 661, 585])
1	0.5835315049934601	0.5997468119213447	([660, 583], [660, 593, 583])
1	0.5399378143128973	0.5997557820565955	([921, 235], [188, 161, 151])
1	0.5919407061283262	0.5997738128999411	([1066, 928], [1249, 1246, 1066])
1	0.5711666907609723	0.5998666579334262	([195, 163], [195, 188, 151])
1	0.5994705383424125	0.5999336525820886	([1237, 910], [1237, 929, 919])
1	0.5787680032565055	0.5999336525820886	([1241, 929], [1244, 1237, 919])
1	0.5652765849531672	0.5999546011617976	([918, 672], [918, 681, 575])
1	0.5726322120044184	0.599973659777896	([1433, 911], [1437, 1242, 1235])
1	0.5483947062158248	0.599973659777896	([1423, 921], [1437, 1290, 1235])
1	0.5957534900202018	0.6000050222123163	([585, 521], [585, 542, 531])
1	0.5655159076945415	0.600115008965302	([696, 670], [696, 691, 670])
1	0.5982315180632083	0.6002555753206995	([758, 675], [758, 684, 675])
1	0.5984053957525693	0.6003247432249899	([1494, 910], [1494, 1312, 910])
1	0.5813423373683505	0.6003307764948056	([662, 589], [662, 660, 589])
1	0.5842094470761727	0.6005230416189576	([760, 674], [769, 760, 755])
1	0.5976331160531804	0.6006514711756217	([773, 536], [773, 760, 536])
1	0.5369877194669366	0.6006944375531542	([928, 853], [929, 928, 857])
1	0.5928013332566726	0.6007040825168548	([102, 42], [121, 117, 42])
1	0.5064405866084839	0.6008360595049741	([921, 790], [930, 919, 850])
1	0.5862916879681918	0.6009152452780138	([238, 151], [238, 234, 188])
1	0.5297610474726755	0.6009187007281079	([1253, 926], [1259, 1246, 1066])
1	0.598947538104217	0.6009349846135079	([270, 219], [275, 270, 210])
1	0.5865188256941346	0.6010427985707745	([391, 367], [392, 391, 363])
1	0.601144959992106	0.6012650975911693	([1135, 1090], [1135, 1111, 1106])
1	0.5674723368509875	0.601282658061663	([926, 448], [926, 448, 424])
1	0.5743581759465154	0.6013225758484654	([763, 688], [778, 758, 675])
1	0.5802064178925456	0.601413087033403	([825, 761], [825, 808, 797])
1	0.590397203704976	0.6014579183840415	([762, 679], [762, 756, 688])
1	0.5564050173329261	0.6015284657395453	([917, 381], [917, 396, 381])
1	0.5921431574609137	0.6015352285593315	([572, 86], [584, 521, 86])
1	0.5532980117484995	0.6016208977725958	([88, 14], [88, 65, 14])
1	0.5613204657379365	0.6018507261052636	([682, 574], [682, 681, 575])
1	0.554258248200185	0.6019068987699269	([913, 567], [925, 531, 478])
1	0.5844932337838219	0.6019810785902616	([1434, 1239], [1438, 1434, 1239])
1	0.5855902150349154	0.6020141679827186	([1179, 1115], [1179, 1177, 1136])
1	0.5211493767314072	0.6020173470492485	([922, 839], [922, 832, 810])
1	0.574554150330033	0.6020173568483909	([560, 87], [580, 560, 543])
1	0.5898636608774488	0.602066796987444	([573, 444], [573, 571, 85])
1	0.5897497745082312	0.602071075055864	([580, 462], [925, 580, 478])
1	0.6011230721110267	0.6021314772319325	([920, 447], [920, 919, 451])
1	0.5961014236308755	0.6022199885296395	([1411, 1329], [1411, 1386, 1384])
1	0.6022094106355229	0.6023179522914176	([658, 586], [663, 658, 594])
1	0.5721989742492951	0.6023964233160909	([778, 674], [773, 769, 680])
1	0.5950762752958395	0.602463675216693	([919, 869], [919, 869, 853])
1	0.5873811607162097	0.6024704198602086	([657, 598], [657, 598, 589])
1	0.5954619581922787	0.6025352349093279	([425, 378], [913, 425, 401])
1	0.5840978504856452	0.602580102452989	([755, 687], [762, 755, 687])
1	0.5412219107316308	0.6026216341236457	([189, 88], [250, 234, 189])
1	0.599351345360955	0.6026641442405805	([971, 942], [971, 966, 942])
1	0.5339849380435185	0.6026741323982162	([819, 84], [819, 792, 773])
1	0.6023295638229792	0.6026892382924226	([1360, 926], [1395, 1363, 1360])
1	0.5977872520187674	0.602781616317028	([806, 569], [918, 806, 544])
1	0.5606681199735383	0.6027891531485953	([458, 429], [458, 454, 438])
1	0.5921436641047189	0.6028353376410576	([926, 165], [926, 165, 153])
1	0.5999515181826862	0.6029016475965595	([752, 85], [773, 762, 85])
1	0.5599455889663666	0.6029589304273233	([85, 23], [85, 33, 29])
1	0.5971035781822346	0.6030619824973195	([1068, 961], [1068, 962, 961])
1	0.5716618849229659	0.6030678139634987	([666, 595], [666, 665, 584])
1	0.5678784798822677	0.6031092647641306	([104, 67], [104, 96, 67])
1	0.5577811213156849	0.6031919572655082	([667, 85], [809, 803, 85])
1	0.5598649941786648	0.603204466842074	([62, 6], [63, 55, 13])
1	0.5826674498013975	0.603298780810037	([1374, 1343], [1374, 1372, 1343])
1	0.5999022667675598	0.603332719084579	([823, 680], [823, 812, 680])
1	0.5587390466785807	0.603332719084579	([918, 575], [918, 812, 680])
1	0.5789462174389164	0.6034046310653387	([522, 485], [526, 522, 485])
1	0.5947918614634767	0.6034109146343322	([152, 118], [152, 127, 123])
1	0.5993485939338126	0.6034402189086518	([920, 160], [920, 160, 121])
1	0.5671060260448614	0.603500961742135	([109, 69], [112, 109, 70])
1	0.5853263085832897	0.6035041415890735	([917, 735], [917, 750, 735])
1	0.551624839809332	0.6035289618766309	([551, 517], [551, 547, 517])
1	0.5970790698156432	0.6035360577970754	([498, 80], [498, 489, 488])
1	0.533575496171723	0.6035976937218768	([1067, 917], [1312, 1067, 926])
1	0.5293538911976816	0.6035976937218768	([1066, 913], [1436, 1312, 1067])
1	0.577561897924967	0.6036218234028763	([989, 928], [1005, 990, 989])
1	0.598348569734194	0.6036485030713525	([832, 780], [832, 825, 780])
1	0.5722907266058637	0.6038328377406376	([1250, 87], [1281, 1250, 1234])
1	0.5932732939992043	0.6038549574731676	([237, 187], [250, 237, 186])
1	0.5505664929107281	0.6038586279045742	([920, 764], [920, 782, 764])
1	0.5735135741286017	0.6039132535132525	([1425, 1315], [1423, 1394, 1315])
1	0.5920883984885191	0.6039132535132525	([1460, 1315], [1460, 1423, 1315])
1	0.5345873830182132	0.6039235459948487	([250, 88], [189, 164, 133])
1	0.6012686445092236	0.6039405849590586	([917, 445], [917, 459, 445])
1	0.6002649206522591	0.6039780360002941	([826, 766], [913, 826, 768])
1	0.5746170754956929	0.6040910799918543	([911, 845], [911, 845, 816])
1	0.5896176729461601	0.6041384025354548	([1424, 1313], [1438, 1424, 1313])
1	0.5825844830536755	0.6041547714924869	([89, 21], [89, 85, 21])
1	0.6027468981840686	0.6042096493532794	([683, 585], [683, 666, 585])
1	0.5952077277068061	0.6042096493532794	([797, 585], [797, 666, 585])
1	0.5703256305441705	0.6042288726455154	([428, 80], [421, 397, 394])
1	0.5938433144093342	0.6042389150015846	([663, 594], [665, 658, 587])
1	0.5205477643768341	0.6042526212906751	([988, 923], [988, 962, 958])
1	0.4987271939587752	0.6042733732691086	([81, 14], [81, 66, 24])
1	0.5742543669746288	0.6042986000040197	([161, 86], [161, 151, 86])
1	0.6010945227228562	0.6043347963170864	([1063, 999], [1063, 1038, 1008])
1	0.5998704891421953	0.6044004924420144	([670, 649], [670, 657, 656])
1	0.5966925553879096	0.6045070357003474	([766, 86], [766, 762, 86])
1	0.5066602753286755	0.6045594454522422	([931, 866], [931, 866, 854])
1	0.5999862703127453	0.604724786287751	([1118, 924], [1118, 1108, 1099])
1	0.6046086953949003	0.6048046926069481	([137, 119], [137, 124, 119])
1	0.5960747305725892	0.604809064369699	([446, 398], [446, 425, 398])
1	0.5940451506561996	0.6048293107115875	([1234, 1142], [1245, 1142, 928])
1	0.5938821979513887	0.6048756015444462	([1285, 965], [1285, 965, 919])
1	0.604340964179615	0.6049136945079518	([423, 383], [423, 405, 394])
1	0.5881629533031171	0.6049291153454304	([440, 399], [445, 425, 399])
1	0.6022496850388503	0.6050108431238045	([822, 566], [924, 822, 573])
1	0.5314461726266416	0.6050194460341048	([923, 124], [923, 140, 128])
1	0.5887102454084164	0.6050203999121404	([912, 788], [912, 911, 788])
1	0.5747230201245952	0.6050520685228189	([930, 532], [930, 921, 533])
1	0.5331478815869417	0.6051588381412368	([921, 886], [921, 909, 886])
1	0.5915829263582953	0.605201152975297	([928, 661], [928, 680, 665])
1	0.6020062937396351	0.6052263654125462	([1414, 1353], [1414, 1399, 1367])
1	0.523828849804412	0.6052503425598926	([917, 582], [921, 584, 567])
1	0.5919877246756953	0.605256780405523	([1315, 928], [1315, 1310, 928])
1	0.5887679657699763	0.6052609277361225	([1432, 1304], [1439, 1432, 1303])
1	0.514072177666268	0.605377747555953	([921, 567], [921, 573, 545])
1	0.5560577232152957	0.6055435081453592	([1101, 921], [1143, 1102, 1101])
1	0.601290152392031	0.6056509941776783	([911, 870], [911, 887, 876])
1	0.5494056931314667	0.6057083560950633	([928, 580], [928, 661, 581])
1	0.5554732352687878	0.6057188653226022	([1142, 926], [1241, 1142, 926])
1	0.6046212504109788	0.6057380990489333	([524, 463], [524, 484, 463])
1	0.6045275291101504	0.6058399904734322	([959, 911], [963, 959, 911])
1	0.6050415968460807	0.6058542302259359	([757, 677], [777, 771, 677])
1	0.5958082291520854	0.6059264776242299	([1264, 991], [1264, 1143, 990])
1	0.5729838325413359	0.6059395969287042	([456, 87], [456, 444, 440])
1	0.6058738218887912	0.6059414333696442	([1251, 1231], [1251, 1242, 1239])
1	0.6033227696289531	0.6061134458079506	([768, 678], [768, 767, 678])
1	0.5932892818626048	0.606158987849865	([674, 577], [687, 657, 589])
1	0.6005256790674146	0.6061631573047371	([345, 316], [345, 330, 322])
1	0.5984624583112204	0.6062722141515358	([918, 28], [928, 910, 28])
1	0.5793170693976883	0.6063073489308137	([680, 586], [680, 660, 589])
1	0.5905398402289896	0.6064282272697745	([917, 256], [917, 261, 256])
1	0.6034962324131752	0.6064454454948967	([1186, 1112], [1186, 1183, 1118])
1	0.593636233364439	0.6066643399940645	([155, 74], [155, 111, 101])
1	0.5586520295263692	0.6067336721017816	([571, 85], [583, 581, 80])
1	0.590021632645103	0.6067567222803837	([876, 838], [876, 859, 844])
1	0.5180259951251635	0.6067567222803837	([913, 768], [911, 876, 844])
1	0.5937551457260067	0.6068792124048643	([750, 80], [752, 750, 80])
1	0.5676318402046613	0.6070643296541895	([77, 19], [68, 63, 22])
1	0.6054092050568958	0.6072166542931857	([187, 141], [187, 164, 157])
1	0.5934755707068102	0.6072600285698226	([656, 609], [658, 656, 610])
1	0.508479155368581	0.607278061479016	([1301, 925], [1257, 1236, 1234])
1	0.6027688634048909	0.607357364483238	([846, 783], [846, 805, 798])
1	0.6010314600576075	0.6073719939406733	([444, 41], [444, 85, 41])
1	0.5152434711423549	0.607410433153556	([917, 759], [920, 917, 759])
1	0.5963270978569297	0.6074162505356889	([659, 86], [667, 659, 86])
1	0.6011047103314572	0.60742028109599	([1330, 926], [1363, 1360, 926])
1	0.5553948685840709	0.607476256745501	([923, 42], [923, 42, 23])
1	0.5388909722526479	0.6076648837913029	([1066, 918], [1241, 929, 767])
1	0.5890615338248577	0.6076873351808137	([1444, 1264], [1425, 1264, 1232])
1	0.5770775437843867	0.6077433805357003	([1176, 1106], [1176, 1148, 1106])
1	0.584082814244138	0.6077510289651205	([134, 83], [134, 122, 89])
1	0.6052503202993148	0.6077932368113157	([1246, 848], [1246, 928, 848])
1	0.5777381439104436	0.6078135516380034	([922, 679], [922, 679, 663])
1	0.5871237437768616	0.6078444135895525	([1213, 1125], [1213, 1197, 1125])
1	0.6042615257167523	0.6078711909937505	([104, 30], [104, 84, 44])
1	0.5754361315407354	0.6078711909937505	([84, 44], [108, 104, 44])
1	0.5969269027068482	0.6079161803554374	([683, 535], [683, 570, 535])
1	0.5981078773390206	0.6079355838313848	([910, 525], [918, 910, 547])
1	0.6076604422378126	0.6079969372829982	([90, 1], [90, 66, 1])
1	0.5560744528562033	0.6080134408280579	([1309, 922], [1424, 1309, 1301])
1	0.5598068238315045	0.6080580567216939	([913, 675], [913, 771, 675])
1	0.6028070048043609	0.6081341408550516	([1444, 1276], [1444, 1276, 1265])
1	0.5938464923740122	0.6081341408550516	([1442, 1265], [1444, 1442, 1265])
1	0.5981541934335088	0.6081696547867462	([775, 541], [775, 773, 541])
1	0.594970846587162	0.6081696547867462	([760, 538], [924, 773, 541])
1	0.5923088580456014	0.6082250005348085	([148, 70], [148, 86, 85])
1	0.5738849082229024	0.6082250005348085	([151, 33], [151, 148, 86])
1	0.606137527081654	0.6082250005348085	([194, 86], [194, 148, 86])
1	0.6027909913547456	0.6082557073968813	([687, 559], [687, 582, 577])
1	0.6050818378261525	0.6082961905099818	([236, 125], [261, 236, 150])
1	0.5965531755528745	0.6082961905099818	([261, 150], [261, 238, 236])
1	0.5858706690784083	0.6082999318610463	([199, 80], [199, 184, 182])
1	0.5881128580197269	0.6083587339456393	([799, 682], [799, 787, 682])
1	0.5897848568035878	0.6083794507882045	([438, 384], [438, 396, 384])
1	0.6054222349088858	0.6084044622290113	([487, 454], [487, 483, 454])
1	0.5946537602188221	0.6085062641131558	([1428, 1266], [1428, 1426, 1266])
1	0.6015546563109548	0.6086776875889522	([190, 136], [190, 164, 136])
1	0.6012535058779898	0.6087359309565505	([1391, 1314], [1424, 1391, 1314])
1	0.5906230265642316	0.6087359309565505	([1444, 1314], [1444, 1424, 1314])
1	0.6031495076065302	0.6088689855373297	([1067, 963], [1005, 990, 963])
1	0.559834765711765	0.6090214955548473	([917, 39], [917, 126, 39])
1	0.5863661806036573	0.609095414212673	([920, 121], [920, 447, 121])
1	0.5975327387339016	0.6091222951771447	([776, 683], [767, 753, 685])
1	0.5969564436380072	0.6092378101656686	([116, 1], [116, 36, 16])
1	0.5903880701945703	0.6092635198345653	([929, 904], [929, 890, 874])
1	0.5530437618182976	0.6092782649225501	([922, 782], [922, 810, 782])
1	0.5766231585397167	0.6093710327025792	([924, 68], [924, 102, 68])
1	0.5904073594553044	0.6093903111608333	([824, 756], [824, 792, 756])
1	0.5854301053712662	0.6094502248208724	([919, 451], [920, 471, 448])
1	0.6085349668630918	0.6094502248208724	([911, 448], [920, 911, 448])
1	0.6078803607463563	0.609454272973139	([273, 212], [273, 257, 212])
1	0.5905891665733715	0.6094904811858625	([275, 210], [285, 275, 210])
1	0.6037597781352788	0.6095333800719321	([1000, 926], [1006, 1000, 991])
1	0.58735864509381	0.6097081468112625	([1425, 1232], [1439, 1424, 1247])
1	0.5239457930666115	0.609727167859605	([1067, 921], [1260, 1237, 1006])
1	0.5362818201747351	0.6098323860399657	([397, 84], [402, 392, 386])
1	0.6076857056800938	0.6098476086494166	([761, 666], [773, 761, 682])
1	0.6068516243192916	0.6098848763284569	([928, 113], [928, 461, 115])
1	0.5955711564040109	0.6099078550342377	([1264, 1143], [1264, 1143, 1064])
1	0.5785032718197057	0.6099078550342377	([1280, 1064], [1280, 1264, 1064])
1	0.6091212326559542	0.6099100001059315	([349, 264], [364, 353, 264])
1	0.593779540957306	0.6099136210479006	([347, 274], [347, 305, 297])
1	0.5958185985916596	0.6099187732812564	([783, 535], [928, 783, 535])
1	0.596423877512711	0.6099200240907029	([78, 25], [78, 63, 54])
1	0.5653310645152835	0.6100184897230126	([1219, 1123], [1195, 1179, 1117])
1	0.5995658786607265	0.6100395334566574	([128, 102], [128, 124, 113])
1	0.6028056680671926	0.6100841686562917	([677, 533], [677, 580, 533])
1	0.5054694848058807	0.6101401763619311	([132, 88], [157, 142, 141])
1	0.5990842931453507	0.6102111745118578	([1233, 1141], [1233, 1167, 1142])
1	0.571574733300938	0.6102111745118578	([1232, 1152], [1234, 1233, 1142])
1	0.5209555797732255	0.6102514389327147	([922, 801], [922, 801, 756])
1	0.586392923552258	0.6103097436532205	([679, 590], [682, 679, 570])
1	0.5555840068216792	0.6103294258523655	([1007, 923], [1007, 988, 926])
1	0.5257740402940679	0.6103294258523655	([988, 926], [1007, 988, 965])
1	0.5866195811181436	0.6104023101279652	([868, 834], [868, 851, 844])
1	0.6060268550169399	0.6104274581358561	([166, 137], [166, 157, 137])
1	0.5915987429110982	0.6104666768647667	([1143, 1064], [1259, 1245, 1143])
1	0.5931881649881575	0.6104710831232433	([775, 566], [775, 566, 541])
1	0.5541171157178226	0.6104755765171794	([1142, 924], [1258, 1245, 1143])
1	0.5835862943155841	0.610504422223654	([517, 85], [519, 517, 86])
1	0.5630066736309651	0.6105415353213443	([539, 465], [525, 479, 478])
1	0.5971658232329821	0.6105641370055286	([154, 36], [154, 123, 120])
1	0.6079001763049513	0.6105888748577246	([1311, 963], [1311, 963, 920])
1	0.6034290263287467	0.6106067956828627	([1061, 1025], [1061, 1025, 1014])
1	0.6047636883262603	0.6106277274413513	([1076, 843], [1077, 1076, 836])
1	0.5968899936707565	0.6106280282287307	([924, 739], [924, 739, 711])
1	0.6051489876641636	0.6107256370767068	([1235, 1064], [1280, 1235, 1064])
1	0.5879521999515043	0.6107309471549937	([814, 576], [817, 797, 564])
1	0.6103360075347009	0.6107400343299066	([541, 480], [541, 526, 480])
1	0.6095097922070005	0.6107508509833431	([807, 528], [821, 807, 538])
1	0.6075920919714555	0.6108775647588206	([1460, 929], [1460, 1443, 929])
1	0.6098684613603624	0.6109264096647663	([1185, 1107], [1185, 1178, 1103])
1	0.5927734517033719	0.610926572424194	([240, 153], [240, 237, 153])
1	0.5996377997505067	0.6109471231640399	([243, 85], [263, 243, 85])
1	0.5857299779861096	0.6109471231640399	([263, 80], [266, 263, 85])
1	0.6096119800442462	0.6110149872716124	([1168, 1105], [1168, 1143, 1102])
1	0.5910439703780177	0.6110606512226692	([1236, 963], [1312, 1236, 962])
1	0.5988023873454404	0.6110914445046539	([537, 483], [537, 523, 481])
1	0.6089064416601995	0.6111724222610592	([1155, 1098], [1176, 1155, 1098])
1	0.602999689884069	0.6112648220245399	([660, 89], [662, 660, 85])
1	0.5183824391958398	0.6112878469929602	([1006, 926], [988, 964, 958])
1	0.5977020830108615	0.6113950751898688	([815, 539], [783, 779, 535])
1	0.5934810352068726	0.6114038621668709	([1250, 1141], [1250, 1233, 1231])
1	0.6002907168618156	0.6115407862725614	([412, 360], [412, 393, 360])
1	0.5997447045554735	0.6115518871583049	([767, 80], [808, 767, 759])
1	0.5544687319585785	0.6115831987365892	([924, 868], [924, 868, 854])
1	0.5702855647330051	0.6116395429717876	([1427, 1362], [1427, 1418, 1362])
1	0.5927873468755649	0.6116398831325258	([1011, 929], [1018, 1011, 929])
1	0.5844426681039739	0.6116449063924521	([261, 125], [236, 150, 148])
1	0.5916830068758552	0.6116474661585161	([1183, 1118], [1184, 1177, 1136])
1	0.6077020465141418	0.6116662846251777	([981, 944], [981, 977, 937])
1	0.5832133696174544	0.6116751679420376	([911, 462], [911, 462, 448])
1	0.5961510444680637	0.6116788490795085	([926, 861], [926, 874, 861])
1	0.608947996126605	0.611743423991746	([779, 470], [802, 800, 470])
1	0.5575072709543291	0.6117904728110277	([673, 80], [761, 752, 80])
1	0.599695379379464	0.6117904728110277	([808, 80], [767, 761, 80])
1	0.5731440263518478	0.6117947579528844	([921, 873], [921, 909, 873])
1	0.6069995642904329	0.611844920280712	([1277, 1061], [1430, 1277, 1273])
1	0.5901312650388894	0.6118904284994076	([1285, 815], [1285, 1239, 815])
1	0.6007706589798119	0.611942792240386	([1180, 1113], [1181, 1180, 1113])
1	0.5541727266301114	0.6119589429321398	([583, 80], [684, 673, 80])
1	0.6068167357946227	0.6119773979633882	([659, 591], [663, 659, 595])
1	0.572106625046894	0.6120250969746378	([1066, 930], [1436, 1066, 930])
1	0.6085184486326495	0.6121029263394138	([1431, 1361], [1431, 1411, 1400])
1	0.6105820905258793	0.6121105795221388	([804, 683], [804, 798, 683])
1	0.5863375440700308	0.6122159983632386	([913, 875], [913, 875, 857])
1	0.6111797413755553	0.6122841024384371	([807, 479], [807, 479, 462])
1	0.6034557631534796	0.6122969163664719	([244, 147], [244, 241, 147])
1	0.6120319466186968	0.6124368243622221	([98, 40], [98, 69, 67])
1	0.5650972080201079	0.6124535414781699	([797, 564], [814, 806, 576])
1	0.5763735001752597	0.6125205532870353	([819, 579], [819, 815, 539])
1	0.5378909332513645	0.6125388706247726	([960, 922], [960, 939, 933])
1	0.538113798863313	0.6125916311426127	([1436, 1290], [1423, 1391, 1388])
1	0.5620147712282496	0.6126083366940405	([988, 913], [989, 963, 928])
1	0.5482077902461813	0.6126603703316336	([922, 668], [922, 782, 679])
1	0.5503072189088968	0.6127055631359679	([925, 116], [925, 116, 74])
1	0.6105819353106503	0.612731453539213	([404, 363], [404, 395, 363])
1	0.6057020659590009	0.6128910443954352	([141, 99], [147, 141, 99])
1	0.611370819646512	0.6129270918519081	([240, 86], [240, 153, 86])
1	0.5900814677637303	0.61293517770606	([924, 30], [924, 68, 49])
1	0.5997855599527133	0.6129403610177779	([1061, 1014], [1061, 1039, 1034])
1	0.6047923254730123	0.6130400948451966	([1439, 1005], [1439, 1310, 1247])
1	0.6122279951666606	0.6130585754618763	([537, 109], [571, 537, 109])
1	0.5936463134520673	0.6130802923156401	([194, 148], [194, 186, 158])
1	0.606946719754099	0.6131358065944993	([364, 264], [353, 264, 261])
1	0.5946082379591837	0.6131358065944993	([353, 247], [353, 350, 261])
1	0.5430552848804759	0.6132519441279299	([924, 541], [682, 578, 80])
1	0.6034545009682662	0.6132669628161768	([284, 209], [284, 273, 212])
1	0.5784004511253132	0.6132891440012458	([912, 847], [918, 912, 850])
1	0.5377393964526586	0.6132891440012458	([926, 912], [926, 912, 850])
1	0.5944469956300643	0.6132986917430487	([106, 14], [106, 39, 33])
1	0.6109008518163513	0.6134108887849316	([122, 31], [122, 89, 27])
1	0.6032046620643949	0.6134183807224596	([1316, 1273], [1430, 1327, 1316])
1	0.5790716944747093	0.6134183807224596	([1421, 1316], [1430, 1419, 1316])
1	0.6001320240736832	0.6134306585947734	([557, 82], [557, 542, 80])
1	0.60872515628618	0.613437425134025	([565, 473], [921, 545, 473])
1	0.6088391266920764	0.6134537512935243	([485, 451], [485, 462, 451])
1	0.5852469808163685	0.6134686985126568	([921, 423], [921, 423, 381])
1	0.6125005708902703	0.6134785493792341	([1349, 1194], [1354, 1349, 1117])
1	0.5843483484251017	0.6135012021997075	([928, 450], [928, 527, 524])
1	0.5753176661881292	0.6135491326200347	([241, 87], [241, 236, 148])
1	0.6059059220381386	0.6135863937930511	([461, 115], [461, 115, 36])
1	0.5674421324351486	0.6136576467114663	([917, 424], [917, 424, 396])
1	0.48402997538829723	0.613685263714585	([927, 791], [927, 791, 768])
1	0.5917526254886507	0.6136932434215423	([813, 677], [813, 800, 677])
1	0.5793785181473665	0.6137042968767367	([158, 103], [158, 148, 113])
1	0.6097619309283095	0.61373551413538	([1423, 1296], [1436, 1423, 1296])
1	0.6062188826867392	0.6137743434059487	([803, 582], [918, 809, 582])
1	0.6067450287741327	0.6137936286634292	([802, 574], [804, 802, 586])
1	0.6110290909108621	0.6137968938362668	([242, 149], [242, 241, 87])
1	0.6066010315045248	0.6138133263976082	([910, 460], [928, 910, 460])
1	0.586461612657714	0.6138386078148557	([457, 435], [457, 443, 439])
1	0.5613378581690782	0.6138565738210517	([466, 85], [523, 517, 85])
1	0.5591602813666734	0.6138565738210517	([584, 86], [559, 523, 85])
1	0.5938628751461693	0.6138608415951922	([917, 459], [917, 476, 459])
1	0.6070645768217119	0.6139084060690003	([240, 193], [240, 235, 193])
1	0.6087261312237012	0.6139367906008999	([653, 603], [653, 616, 614])
1	0.49662591705340114	0.6139512513823044	([924, 805], [925, 853, 812])
1	0.6117382674272744	0.6139821810075112	([1408, 1322], [1411, 1408, 1327])
1	0.5240731887716219	0.6140169200780257	([1392, 921], [1363, 1330, 1316])
1	0.6103923191930083	0.6140256110824303	([1226, 1119], [1226, 1194, 1188])
1	0.5795466793535707	0.6140863725171478	([489, 87], [473, 461, 456])
1	0.6109359730150619	0.6141122037060249	([261, 187], [261, 245, 187])
1	0.5830418922011125	0.6141238686420403	([920, 682], [920, 813, 682])
1	0.5935884464390865	0.6141444520851306	([787, 564], [771, 766, 564])
1	0.5954931593844638	0.6141492371353392	([114, 48], [114, 103, 48])
1	0.6114656440756729	0.614153040058682	([344, 285], [344, 326, 307])
1	0.5709262279316349	0.6141643514712293	([238, 122], [238, 151, 122])
1	0.5980408716762003	0.6141867180239028	([928, 371], [928, 450, 445])
1	0.5942747930861356	0.6141867180239028	([576, 445], [928, 576, 445])
1	0.6098542293259557	0.6142507138589813	([243, 152], [243, 152, 150])
1	0.573023791419058	0.6142507138589813	([236, 150], [243, 236, 150])
1	0.6119037708087681	0.6142947887351586	([263, 194], [262, 244, 194])
1	0.5883071780623571	0.6142976110117011	([518, 489], [518, 505, 498])
1	0.6080862556265639	0.614322374534198	([1246, 869], [1246, 920, 869])
1	0.5559326242443954	0.6143739694800049	([921, 404], [921, 423, 404])
1	0.6118069546814712	0.6144070517420976	([870, 818], [870, 840, 818])
1	0.6141193074446937	0.61441376164622	([424, 86], [441, 424, 421])
1	0.6084616461638522	0.6144593615522523	([1428, 1359], [1428, 1402, 1359])
1	0.5830860632991997	0.6145011407790069	([996, 925], [996, 966, 941])
1	0.5995845528177463	0.6145182744647262	([924, 517], [924, 535, 517])
1	0.6132180321398707	0.6146124822025147	([300, 217], [300, 274, 272])
1	0.5906991620529375	0.6146300774020079	([1157, 1112], [1157, 1153, 1107])
1	0.5053687137898472	0.614645517120525	([88, 79], [120, 92, 87])
1	0.6087758266986244	0.6146584043558951	([745, 703], [745, 733, 729])
1	0.5494775596356677	0.6146784424423519	([925, 527], [580, 571, 447])
1	0.6125412346000336	0.6147207723282391	([165, 129], [165, 146, 129])
1	0.5098228594484815	0.6147834929325924	([913, 472], [801, 799, 536])
1	0.5188137769033737	0.6148483302925936	([921, 668], [921, 789, 665])
1	0.6040633749520729	0.6148907960092916	([218, 173], [218, 202, 173])
1	0.5685965935047277	0.6149578713961013	([485, 121], [913, 486, 122])
1	0.5751186727739868	0.6149904112036142	([673, 561], [928, 675, 561])
1	0.5894220802846847	0.6150612485587034	([1249, 1144], [1238, 1236, 1144])
1	0.5933000951180768	0.615085359261541	([445, 82], [447, 445, 121])
1	0.5673842573961577	0.6151402350515872	([193, 80], [190, 184, 80])
1	0.5934733320205082	0.6151439768928717	([1142, 1005], [1314, 1142, 1004])
1	0.6111095368485921	0.6151439768928717	([1300, 1004], [1314, 1300, 1004])
1	0.5976381422682392	0.6151518684880583	([774, 572], [788, 774, 562])
1	0.5936137620983994	0.6152268600853036	([918, 874], [919, 918, 874])
1	0.6053929385006872	0.6152742078608555	([133, 1], [133, 90, 88])
1	0.6142755596240481	0.6153327211524344	([1325, 1277], [1325, 1316, 1277])
1	0.599152325111906	0.6153804071033936	([465, 114], [482, 465, 114])
1	0.5974373409106777	0.6154202806042656	([911, 693], [911, 792, 684])
1	0.6127624473245356	0.6154721534789309	([1303, 1006], [1309, 1303, 1006])
1	0.6136692130175682	0.6154802808267014	([1281, 85], [1311, 1301, 85])
1	0.6098808323639386	0.615524424731	([851, 762], [851, 814, 789])
1	0.518767540675623	0.615534933285461	([924, 677], [656, 643, 609])
1	0.5762261846783707	0.6155430352580223	([1168, 922], [1253, 1168, 1141])
1	0.6089191055546934	0.6155462642246643	([350, 85], [379, 374, 85])
1	0.615548046947126	0.6155688536052645	([973, 945], [983, 973, 945])
1	0.5697554495535504	0.6155966866798355	([920, 564], [919, 918, 530])
1	0.5874417021375336	0.6155966866798355	([929, 531], [929, 919, 530])
1	0.606967986627749	0.615615310441649	([222, 179], [222, 220, 179])
1	0.6013926756471245	0.6156204107290881	([920, 525], [920, 548, 523])
1	0.6059190572411104	0.6156457378528195	([611, 85], [611, 589, 85])
1	0.6078003564534336	0.6157502145812719	([672, 470], [779, 679, 672])
1	0.5993640132888185	0.6157716404762442	([1433, 929], [1433, 929, 919])
1	0.5071368115740754	0.6158033091095271	([921, 531], [519, 494, 487])
1	0.6071933037658812	0.6158227724095002	([920, 663], [920, 682, 668])
1	0.5563450895562871	0.6158367828817515	([920, 471], [920, 682, 471])
1	0.6001965526053175	0.6158588360530309	([1317, 1275], [1317, 1316, 1278])
1	0.5987929279498387	0.6158593034219955	([217, 181], [217, 199, 182])
1	0.6027868911559608	0.6158770741806295	([258, 218], [258, 257, 206])
1	0.6118552516941798	0.6158918895350608	([447, 40], [447, 121, 40])
1	0.5622358835443856	0.6160526862120075	([949, 926], [949, 934, 933])
1	0.6049451916722972	0.6160645959701081	([802, 470], [928, 802, 534])
1	0.6026020310432993	0.616113579185687	([1035, 918], [1035, 1003, 918])
1	0.5825042269081634	0.6161692935410908	([350, 261], [353, 351, 248])
1	0.5235181717106263	0.6162839347910779	([1299, 81], [1299, 1281, 1280])
1	0.6023063957400907	0.6162895956102612	([1420, 1317], [1430, 1420, 1317])
1	0.6046970201398109	0.6163455944209385	([443, 381], [443, 439, 400])
1	0.5427840412626405	0.616373509441643	([917, 476], [917, 524, 477])
1	0.6130068770460264	0.6164440113733294	([990, 930], [990, 963, 962])
1	0.5693200571753073	0.6164440113733294	([1143, 990], [1264, 990, 962])
1	0.5540677554572747	0.6164574975466528	([913, 122], [917, 445, 120])
1	0.6122274339108744	0.6164937568657278	([448, 377], [464, 448, 377])
1	0.612780075098604	0.6165003285220401	([818, 484], [817, 792, 779])
1	0.6059910025779767	0.6165552959838727	([562, 482], [562, 543, 482])
1	0.5118267344836783	0.6166256017340518	([923, 581], [923, 568, 541])
1	0.6155476631179045	0.6166764113065388	([207, 87], [218, 207, 87])
1	0.6136763582231616	0.6166764113065388	([173, 87], [360, 218, 87])
1	0.5973579343460445	0.6167393527961729	([986, 943], [986, 962, 943])
1	0.6160124743250676	0.6167558081473599	([143, 27], [143, 122, 80])
1	0.6081865284854674	0.616757010428756	([1444, 1389], [1444, 1424, 1389])
1	0.6087756967204111	0.6167655209152112	([1175, 1099], [1175, 1154, 1136])
1	0.6162859229988102	0.6167832309368764	([1165, 1063], [1145, 1141, 1063])
1	0.5974163242079539	0.6167972919547405	([376, 120], [384, 376, 120])
1	0.5061642949511991	0.6168645162451394	([197, 84], [185, 161, 86])
1	0.6062369985769472	0.616870243862786	([531, 121], [531, 530, 121])
1	0.6084542859100268	0.616870243862786	([570, 121], [550, 530, 121])
1	0.5613613023152018	0.6169260181911985	([363, 80], [393, 363, 357])
1	0.6083483734801438	0.6169454104495606	([1290, 819], [1290, 1288, 819])
1	0.5689390568673678	0.61702774309414	([266, 85], [263, 238, 194])
1	0.6132727929829883	0.6170544103727889	([1340, 1225], [1343, 1340, 1225])
1	0.6136141292398843	0.6170667786542086	([1478, 1297], [1494, 1478, 910])
1	0.5415732029144096	0.6171578253084189	([1142, 918], [1231, 1228, 1183])
1	0.6070226764384908	0.6172091758325582	([249, 127], [249, 244, 127])
1	0.6122203934845036	0.6172095723600146	([778, 582], [805, 778, 590])
1	0.6038494866133527	0.6172825307340218	([383, 89], [390, 382, 89])
1	0.6136332968356432	0.6174450696088454	([1083, 979], [1083, 1078, 1015])
1	0.6135034769558356	0.6174596908226077	([1431, 1278], [1431, 1428, 1278])
1	0.5686225141814958	0.617468670757271	([257, 191], [258, 252, 217])
1	0.6023514646929242	0.6174692287824516	([983, 936], [981, 975, 936])
1	0.6174367089600717	0.617486964748202	([281, 208], [281, 275, 208])
1	0.6062987735593293	0.6175101743146061	([852, 85], [852, 803, 786])
1	0.5986090784418087	0.6175836065435159	([1102, 1063], [1102, 1063, 1017])
1	0.562587269393478	0.6176157261768106	([251, 87], [251, 244, 242])
1	0.5781046483951335	0.6176718673299124	([1102, 993], [1102, 1101, 1063])
1	0.6135562224865068	0.6176718673299124	([1145, 987], [1141, 1101, 1063])
1	0.6120562896268114	0.6177262185533589	([686, 527], [925, 686, 663])
1	0.6141803629824399	0.6178097540981287	([1342, 1125], [1342, 1335, 1125])
1	0.6159983436977066	0.6178553206406608	([765, 584], [774, 765, 572])
1	0.594335882915993	0.6178668483034291	([1233, 965], [1258, 1257, 965])
1	0.5935581924212106	0.6179246014281146	([264, 120], [264, 244, 120])
1	0.5068285154648889	0.6179468650311623	([1016, 931], [1016, 1003, 998])
1	0.6114012138778674	0.6180601519373397	([818, 469], [818, 484, 469])
1	0.6134878911291224	0.6181507079978471	([195, 118], [195, 157, 120])
1	0.5950571168196952	0.6181886685658429	([365, 89], [365, 350, 89])
1	0.563528807502796	0.6182209272451193	([390, 85], [421, 420, 85])
1	0.5404067344183946	0.6182368701685091	([237, 84], [237, 196, 186])
1	0.6093226081913554	0.6182668630007944	([494, 85], [494, 490, 85])
1	0.5909243989313797	0.6182748437165209	([422, 142], [422, 388, 85])
1	0.5995481101174275	0.6183472606480495	([1493, 913], [1493, 1489, 913])
1	0.588930756499294	0.6184061091625019	([285, 211], [270, 258, 219])
1	0.6163461099000278	0.6184153580616341	([485, 379], [524, 485, 463])
1	0.607696299947065	0.6184474044683692	([379, 115], [379, 115, 38])
1	0.6030373413599831	0.6184678561472466	([576, 381], [576, 573, 381])
1	0.558773856356516	0.6184678561472466	([397, 80], [921, 573, 381])
1	0.6114287517955022	0.6184687287584126	([772, 565], [772, 579, 565])
1	0.5862781476022773	0.6184687287584126	([782, 579], [782, 772, 579])
1	0.6123396349183798	0.6185256710614375	([1335, 1124], [1344, 1335, 1125])
1	0.6162980378629792	0.6185351178153088	([803, 537], [803, 582, 537])
1	0.6149066120500595	0.618558245361595	([1251, 1004], [1300, 1259, 1251])
1	0.606641173273885	0.6185676299473167	([187, 116], [187, 144, 116])
1	0.6162205500953021	0.6185771091349354	([139, 79], [141, 139, 99])
1	0.588961621184129	0.6186020930230952	([530, 482], [568, 531, 42])
1	0.5582819984676052	0.6186395613562887	([923, 151], [923, 151, 140])
1	0.604811298418901	0.6186594637767278	([144, 78], [144, 122, 80])
1	0.6052517530046981	0.6186739490507688	([1331, 1185], [1354, 1331, 1118])
1	0.6063085250248244	0.618706393916737	([406, 365], [406, 393, 365])
1	0.5962316497800063	0.6187806007104403	([817, 665], [817, 789, 777])
1	0.6010427688356123	0.6188107676401814	([977, 937], [973, 971, 945])
1	0.5385513888295331	0.618904418711373	([921, 693], [921, 762, 693])
1	0.6169427989341827	0.6189273417265215	([366, 86], [374, 366, 86])
1	0.5973623688636067	0.6189595784777201	([544, 467], [540, 523, 467])
1	0.5731171279797797	0.6189683550644189	([960, 913], [1065, 1005, 963])
1	0.6130720025148481	0.6190177895265088	([827, 571], [926, 827, 563])
1	0.5322947521834797	0.6190388299253812	([926, 669], [926, 759, 688])
1	0.5519606527034878	0.6191071630187329	([925, 395], [924, 773, 379])
1	0.602313577506735	0.6191348195157955	([1333, 1133], [1351, 1333, 1121])
1	0.6190121007447111	0.6191977267677403	([930, 563], [930, 684, 563])
1	0.6049102243697269	0.6192241792107792	([1280, 1141], [1280, 1253, 1244])
1	0.6164878640968617	0.6192282824227768	([357, 257], [357, 344, 257])
1	0.5299224696581233	0.619250519204085	([1003, 922], [985, 966, 938])
1	0.5930541888405666	0.6192601521876532	([594, 38], [594, 573, 85])
1	0.49647059317440795	0.6193621349628857	([933, 930], [1310, 960, 928])
1	0.5765432917086681	0.6194001121173437	([351, 248], [351, 266, 248])
1	0.5971062530045474	0.6194001121173437	([356, 266], [356, 351, 266])
1	0.5901853705440141	0.6195128120015084	([153, 42], [153, 107, 44])
1	0.6069697701760784	0.6195128120015084	([146, 44], [153, 146, 44])
1	0.5190420642841157	0.6195282537127446	([923, 673], [791, 788, 673])
1	0.6181727444498553	0.6195497217803019	([197, 18], [197, 195, 16])
1	0.5333158694724729	0.6195777488241466	([1063, 924], [1256, 1067, 924])
1	0.617956727071568	0.6196522234311737	([502, 183], [515, 496, 417])
1	0.6094774207818606	0.619719245596835	([345, 206], [345, 275, 206])
1	0.578405238648529	0.6197219887811182	([780, 483], [788, 575, 537])
1	0.6040710261179272	0.6197543078754294	([792, 484], [792, 780, 483])
1	0.613963199859597	0.6197743862060933	([770, 595], [770, 761, 663])
1	0.542949618017876	0.6198076391681216	([923, 23], [530, 525, 482])
1	0.6193283961087687	0.6198115674771297	([1047, 1013], [1049, 1047, 1013])
1	0.606765830481699	0.6198149800357445	([774, 466], [930, 781, 774])
1	0.6023277373905318	0.6198177481438383	([159, 71], [159, 103, 85])
1	0.48008599908021976	0.6198321013553185	([132, 84], [132, 90, 88])
1	0.6164918757033945	0.6198787792983557	([930, 684], [930, 563, 533])
1	0.5927007765218941	0.6198830291665678	([1165, 993], [1165, 1102, 1063])
1	0.6160925802231503	0.6198920414131059	([463, 384], [463, 384, 120])
1	0.6198578792399912	0.6198920414131059	([452, 120], [463, 452, 120])
1	0.5788599136444736	0.6198920414131059	([471, 117], [465, 463, 120])
1	0.6125504084715135	0.6199314250421321	([374, 262], [374, 350, 260])
1	0.6055850349797507	0.6199555723667857	([271, 201], [271, 268, 201])
1	0.6195318755994182	0.6200426627301451	([484, 41], [484, 466, 85])
1	0.6134601306113815	0.6202205431557837	([686, 546], [686, 576, 572])
1	0.5727114873026714	0.6202544147028803	([441, 33], [441, 383, 374])
1	0.6094074688247763	0.6202732695416932	([1394, 1264], [1425, 1394, 1314])
1	0.6111620235791886	0.6203164475042338	([1429, 1319], [1429, 1357, 1326])
1	0.5656568829683197	0.620391049830449	([87, 47], [115, 87, 47])
1	0.6142055342627861	0.6204008034945314	([936, 836], [936, 898, 877])
1	0.6016958016928384	0.6204320176907024	([818, 568], [818, 797, 568])
1	0.5666142253849323	0.6204507288080129	([1143, 84], [1166, 1143, 1101])
1	0.5840096984340508	0.6204508313006942	([1494, 925], [1494, 1438, 1312])
1	0.6047164771352981	0.6204985157196274	([789, 589], [816, 789, 589])
1	0.5997668163856956	0.6205263758666196	([461, 36], [488, 461, 36])
1	0.5813919238999897	0.620535237282578	([1141, 929], [1237, 1233, 929])
1	0.6146698172680403	0.6206142778757985	([535, 119], [535, 521, 118])
1	0.6119745733247629	0.6206142778757985	([521, 118], [542, 535, 118])
1	0.6051753047371948	0.6208554497662211	([924, 446], [924, 467, 446])
1	0.570093546862892	0.6208963901558248	([928, 887], [928, 887, 869])
1	0.5849238720921903	0.6209140620285989	([84, 57], [90, 84, 61])
1	0.6054039340779428	0.6209185610475025	([360, 87], [252, 211, 207])
1	0.617982011266725	0.6209389905875697	([1151, 1036], [1171, 1151, 1100])
1	0.5951712874595303	0.6210342419202178	([918, 105], [918, 105, 36])
1	0.6165594785504196	0.6210895802710392	([794, 594], [825, 794, 776])
1	0.6128360046099522	0.6213040660801433	([467, 383], [467, 464, 383])
1	0.5616001035913151	0.6213204640152336	([488, 80], [928, 122, 115])
1	0.6020341858399254	0.6213237407270613	([464, 378], [448, 440, 380])
1	0.6193346941327628	0.6213522152762053	([1076, 84], [1086, 1076, 1072])
1	0.6086003772426164	0.6213556103550413	([1166, 1037], [1166, 1141, 1037])
1	0.6202645658763166	0.6213731000572451	([454, 375], [454, 452, 375])
1	0.5435582169773263	0.6214057333149728	([921, 381], [398, 90, 88])
1	0.6212551281816677	0.6214377437659117	([139, 49], [139, 79, 49])
1	0.6014173256798288	0.6214441660371168	([1116, 1082], [1116, 1105, 1098])
1	0.6187725060003907	0.6214582841961361	([1103, 1066], [1103, 1066, 1063])
1	0.6137550005887952	0.6214582841961361	([1103, 1038], [1103, 1101, 1063])
1	0.6208382457625196	0.6214821114056951	([1279, 910], [1297, 1281, 1279])
1	0.6159787251087976	0.621517383661935	([397, 121], [397, 126, 121])
1	0.6068683684018723	0.6215223114127214	([1463, 1412], [1463, 1444, 1431])
1	0.6086309376896225	0.6215316692549688	([471, 376], [471, 452, 375])
1	0.619518210977515	0.6215316692549688	([465, 375], [471, 465, 375])
1	0.525952163108249	0.6215316692549688	([830, 84], [924, 471, 375])
1	0.5912769344920008	0.6216304803163863	([1247, 839], [1286, 920, 855])
1	0.6046011914744265	0.6217101383096966	([754, 568], [921, 754, 545])
1	0.6131876656758459	0.6217673974721425	([360, 270], [360, 270, 268])
1	0.6048800337997781	0.6217673974721425	([359, 268], [360, 359, 268])
1	0.5418206846432777	0.6217934554429011	([917, 140], [917, 140, 126])
1	0.6122242548539949	0.6218137150457789	([816, 467], [813, 540, 533])
1	0.6010062075326884	0.6218137150457789	([769, 540], [813, 787, 540])
1	0.6004708318171433	0.6218855602991589	([832, 80], [838, 816, 815])
1	0.6089352644334148	0.6219458860363726	([554, 504], [556, 554, 513])
1	0.6134962506908765	0.6219811722768704	([537, 451], [537, 472, 451])
1	0.6090413820102197	0.6219953089313214	([378, 30], [441, 378, 374])
1	0.6108108048977684	0.6219976135867468	([925, 98], [925, 98, 71])
1	0.6051999300492957	0.6219992985904566	([804, 586], [804, 687, 589])
1	0.6096514308046611	0.6220344272077767	([584, 483], [584, 571, 447])
1	0.5891771075058057	0.622067302919155	([978, 946], [978, 975, 946])
1	0.6164498072411732	0.622080224846804	([975, 907], [975, 936, 836])
1	0.600780223628542	0.6220848433861489	([1006, 80], [1066, 1006, 926])
1	0.6029759378382746	0.6220849366544666	([1180, 1088], [1180, 1112, 1084])
1	0.6193621945825329	0.6220849366544666	([1184, 1084], [1184, 1180, 1084])
1	0.6149686374414541	0.6221143399013938	([1423, 1233], [1439, 1423, 1233])
1	0.6004621081386362	0.622118604600917	([778, 538], [780, 778, 483])
1	0.6022201349605348	0.6221329543545231	([985, 920], [985, 966, 963])
1	0.6204524360526339	0.6222342560748243	([480, 70], [480, 464, 80])
1	0.6091639102416243	0.6222342560748243	([464, 80], [488, 480, 80])
1	0.5992899201225671	0.6222401031290798	([920, 403], [920, 451, 423])
1	0.6164087557565591	0.6222418950360765	([796, 577], [796, 777, 577])
1	0.619722797932538	0.622250318882151	([155, 14], [155, 106, 74])
1	0.5502159933157074	0.6223544368789021	([926, 887], [926, 912, 887])
1	0.6122766846043903	0.622357933337514	([355, 280], [355, 280, 269])
1	0.6140566722422328	0.622357933337514	([358, 269], [358, 355, 269])
1	0.614217640888656	0.6223952889395588	([1193, 1133], [1227, 1193, 1133])
1	0.6197902700772248	0.6224671584598047	([1484, 1273], [1484, 1475, 1273])
1	0.5670701749825071	0.6225565105667977	([1035, 928], [1064, 1063, 928])
1	0.6204903135994622	0.6225620891162429	([531, 399], [531, 482, 399])
1	0.6086754779153172	0.6225653282478407	([185, 1], [185, 184, 1])
1	0.6180324792475498	0.6225653282478407	([910, 184], [910, 184, 1])
1	0.5418197405731738	0.622590087003942	([923, 193], [923, 193, 151])
1	0.6204413070754028	0.6226382511060639	([1480, 1274], [1480, 1475, 1274])
1	0.5471261622942897	0.6226584568435347	([928, 122], [530, 518, 80])
1	0.5355542522659597	0.6226782014736766	([917, 120], [488, 482, 122])
1	0.6226063692294692	0.6227309237474639	([191, 9], [202, 191, 180])
1	0.5779177825584167	0.6227342103115231	([924, 184], [924, 173, 162])
1	0.6166104960388022	0.6227592444797446	([590, 470], [590, 569, 562])
1	0.6219177821097545	0.6228038767577181	([543, 441], [543, 522, 519])
1	0.5825752644075091	0.6228236346706576	([1263, 910], [1283, 1263, 1142])
1	0.5828730182747347	0.6228800210529264	([480, 88], [480, 470, 463])
1	0.614996388845207	0.6229074349174505	([348, 258], [350, 348, 253])
1	0.5451548749595935	0.6229925874474167	([926, 591], [926, 666, 591])
1	0.6113507289035942	0.6229941068560274	([417, 183], [417, 221, 203])
1	0.49151509606086197	0.623006246661001	([1259, 923], [1145, 1144, 997])
1	0.6132610413291746	0.6230144237642382	([1157, 1090], [1157, 1135, 1112])
1	0.611322965482656	0.6231344176425248	([1466, 1418], [1466, 1446, 1418])
1	0.6221688018992632	0.6231450615562707	([587, 116], [587, 116, 111])
1	0.6148411524920676	0.6231450615562707	([587, 103], [587, 570, 111])
1	0.6030397902759214	0.6232046659631937	([360, 218], [359, 355, 269])
1	0.5560567097274803	0.6232136862017815	([925, 158], [925, 145, 116])
1	0.6159034934140106	0.6232462422697143	([1434, 853], [1434, 1280, 920])
1	0.5339744679897707	0.6232492012915078	([940, 924], [1236, 996, 962])
1	0.6010341841270798	0.6232535756547408	([403, 87], [403, 385, 383])
1	0.5976824680616255	0.6233051932423552	([442, 148], [442, 441, 86])
1	0.6214507916940747	0.6233475483133832	([777, 543], [777, 577, 545])
1	0.6139987358557095	0.6233475483133832	([798, 546], [798, 777, 545])
1	0.6013319824467541	0.6233547132868975	([1073, 1057], [1073, 1063, 1062])
1	0.610291464745686	0.623410258615933	([796, 526], [796, 794, 526])
1	0.6175556268396062	0.6234252180481895	([756, 574], [756, 686, 574])
1	0.5939829275514676	0.623448722561591	([1430, 1274], [1492, 1278, 1277])
1	0.5477390086663586	0.6234686414452649	([1143, 921], [1250, 1143, 1141])
1	0.6231605078241049	0.6234851987451552	([457, 373], [457, 426, 373])
1	0.5291662876499028	0.6235049419169837	([459, 88], [480, 463, 117])
1	0.6103186176951142	0.6235617731848218	([781, 480], [913, 781, 486])
1	0.603107243234983	0.6235721527039307	([1260, 959], [1260, 1067, 963])
1	0.6197107938646428	0.6236194306829341	([373, 250], [373, 250, 242])
1	0.6065326524791619	0.6236194306829341	([373, 240], [913, 373, 242])
1	0.5791293336174743	0.6236200342169966	([236, 89], [266, 260, 89])
1	0.5866603827737025	0.6236406559682212	([910, 677], [910, 677, 544])
1	0.6129291290822994	0.6236469476354909	([483, 30], [483, 461, 30])
1	0.6145850993900721	0.6237002422907597	([449, 155], [480, 449, 80])
1	0.5738618236192623	0.6237301669813681	([913, 611], [913, 675, 660])
1	0.6222769177219518	0.6237671098986776	([276, 218], [276, 268, 218])
1	0.539899351438529	0.6237914220129093	([921, 150], [921, 150, 113])
1	0.5607513250219742	0.623798151884626	([926, 563], [827, 801, 571])
1	0.6045548970682015	0.6238098261429725	([1371, 1115], [1371, 1195, 1117])
1	0.6009366328680987	0.6238098261429725	([1354, 1118], [1371, 1349, 1117])
1	0.6114901703646336	0.6238200097797689	([216, 177], [216, 191, 177])
1	0.5326622515869389	0.6238792317668588	([384, 88], [398, 384, 88])
1	0.5961388258428051	0.6239234928480356	([1371, 1186], [1372, 1371, 1195])
1	0.6238754401145572	0.6239687580723522	([658, 559], [658, 594, 559])
1	0.61243350290082	0.6239985008408936	([1315, 1152], [1394, 1315, 1167])
1	0.5630825071935244	0.6242500292573878	([1174, 921], [1154, 1143, 1136])
1	0.6110459767165669	0.6242720544136403	([575, 442], [576, 575, 445])
1	0.6041052895888053	0.624320922664059	([694, 85], [689, 667, 666])
1	0.6139690256518762	0.6244388586035337	([204, 86], [204, 179, 174])
1	0.5485645730798684	0.6244934158618626	([925, 74], [925, 531, 116])
1	0.6224993386509957	0.6245164579402579	([684, 531], [684, 563, 537])
1	0.6211401556106609	0.6245236339269614	([775, 662], [775, 688, 680])
1	0.6202962150175167	0.6245324725811061	([125, 30], [125, 107, 80])
1	0.6190680280276658	0.624658969460324	([810, 684], [810, 777, 765])
1	0.6229315637403869	0.6247169732836751	([1110, 1037], [1110, 1102, 1037])
1	0.6156262149009751	0.6247298937817214	([1443, 1401], [1443, 1429, 1423])
1	0.6173131959317157	0.6247657413086442	([672, 452], [672, 470, 452])
1	0.5528405934541091	0.62477465382972	([349, 88], [349, 262, 247])
1	0.6065356809772594	0.6248447112276617	([597, 561], [597, 561, 550])
1	0.6228231170945723	0.624853680727284	([1259, 964], [1259, 1252, 964])
1	0.6158771490045767	0.6248549406515971	([1476, 1329], [1476, 1419, 1316])
1	0.6090355860671923	0.6249249447277317	([1078, 1015], [1059, 1041, 1015])
1	0.6064818426751001	0.6249674195144198	([766, 481], [780, 766, 481])
1	0.6205963137345205	0.6249674195144198	([790, 481], [790, 780, 481])
1	0.6218388576013115	0.6250115085301265	([1255, 798], [1310, 1255, 923])
1	0.615958252853587	0.6250116268695495	([522, 441], [543, 521, 444])
1	0.6135630734415943	0.6250116268695495	([521, 444], [570, 543, 444])
1	0.606328745493019	0.6250273157274869	([569, 118], [535, 530, 119])
1	0.6166517243195274	0.6250277550493082	([1263, 995], [1264, 1263, 995])
1	0.611771041545699	0.6250622881027967	([455, 234], [445, 244, 234])
1	0.6215635830022871	0.6250832253500663	([1484, 1400], [1484, 1400, 1273])
1	0.5848954385714604	0.6251089849898147	([522, 468], [522, 485, 482])
1	0.6247981098691746	0.6251238504229771	([377, 159], [377, 159, 103])
1	0.6181637336841336	0.6251819317104104	([348, 90], [350, 348, 89])
1	0.6051240366892874	0.6252239185511834	([1261, 989], [1261, 1236, 1234])
1	0.6084730977382035	0.6252243041227789	([674, 607], [674, 667, 607])
1	0.6205829930662398	0.625254458019599	([123, 25], [123, 73, 32])
1	0.6164898048640961	0.6252892229467412	([1100, 1018], [1103, 1100, 1038])
1	0.6080126212480306	0.6254083163090456	([1311, 85], [1283, 1281, 85])
1	0.6126342538690907	0.6254106296377535	([468, 35], [468, 84, 44])
1	0.6226880541887272	0.6254371186692661	([788, 593], [816, 788, 593])
1	0.6229882461149793	0.6254581698912552	([354, 184], [362, 354, 191])
1	0.6134192011986923	0.6254753051793468	([1261, 80], [1291, 1261, 80])
1	0.5845014237218796	0.6254753051793468	([1314, 80], [1314, 1291, 80])
1	0.5525122139915659	0.6255149418612295	([770, 87], [770, 676, 580])
1	0.5922161053103452	0.6255777243216519	([928, 427], [928, 449, 427])
1	0.6194873939173138	0.6255952285475082	([1346, 1123], [1350, 1343, 1223])
1	0.6052572711186167	0.6256067838755535	([913, 242], [377, 363, 237])
1	0.561860768848966	0.6256376765952169	([941, 80], [962, 941, 930])
1	0.6157640188799794	0.6256376765952169	([1232, 941], [1264, 962, 941])
1	0.6081712242339037	0.6256466364033764	([545, 108], [545, 544, 108])
1	0.611975267272593	0.6256499730827507	([442, 127], [442, 148, 110])
1	0.6021461388050791	0.625676299271549	([1345, 1222], [1351, 1220, 1191])
1	0.6108051139459708	0.6256875231677312	([680, 118], [680, 585, 118])
1	0.6250551160965062	0.6257328720949539	([1143, 823], [1245, 1143, 919])
1	0.6196642778065454	0.6257868344707819	([1310, 798], [1310, 829, 798])
1	0.5304072627015454	0.6258012769429729	([924, 95], [482, 470, 42])
1	0.6231749471861592	0.6258061907395244	([786, 588], [786, 667, 588])
1	0.6184180340827923	0.6258229555514421	([883, 659], [911, 909, 659])
1	0.6227633552768242	0.6258420834719981	([1478, 86], [1478, 1439, 1314])
1	0.602423227201253	0.6258426482801447	([798, 446], [924, 766, 446])
1	0.6229512465300838	0.6258569120398113	([690, 592], [690, 672, 596])
1	0.6095110057766743	0.6258589197996255	([911, 156], [920, 911, 121])
1	0.5178066683082698	0.625915295718795	([419, 88], [358, 352, 266])
1	0.6207721517456579	0.6259294679631018	([141, 50], [145, 141, 50])
1	0.6147474957356862	0.6259612450568668	([239, 123], [911, 239, 121])
1	0.6148978509593841	0.6259863723436796	([439, 124], [465, 439, 114])
1	0.6141388865820552	0.6260055921180194	([237, 118], [237, 121, 118])
1	0.5658504230286597	0.6260055921180194	([911, 239], [239, 237, 121])
1	0.5143832871158986	0.6260276446593419	([926, 759], [1239, 928, 841])
1	0.6207558777463382	0.6260292637313104	([1428, 1075], [1430, 1428, 1075])
1	0.6197807107936694	0.6260375394809748	([568, 239], [911, 568, 531])
1	0.5379463955077911	0.6260432529153268	([921, 495], [545, 526, 473])
1	0.5096533562616049	0.6260985562434763	([923, 525], [923, 673, 541])
1	0.5995096030726269	0.6260997024717209	([305, 88], [331, 305, 279])
1	0.6242514206860958	0.6261002126698355	([1247, 784], [1247, 918, 784])
1	0.6138364470203648	0.6261788186590108	([239, 72], [239, 155, 80])
1	0.5728459211901482	0.626193319677626	([919, 473], [919, 473, 451])
1	0.6244936561815028	0.626197269170124	([249, 112], [249, 127, 112])
1	0.6025972873747716	0.6262002083930025	([544, 107], [544, 531, 121])
1	0.6189116439008097	0.6262205472749411	([483, 145], [483, 445, 121])
1	0.5299922799046491	0.6262231625129607	([373, 84], [363, 237, 80])
1	0.621508730594914	0.6262231625129607	([546, 241], [546, 237, 80])
1	0.6158052388536126	0.6262819863656275	([1078, 980], [1078, 1015, 980])
1	0.6127598492408183	0.6263926739342215	([522, 109], [530, 522, 109])
1	0.6086467107729212	0.6263926739342215	([571, 116], [537, 530, 109])
1	0.6105761526782534	0.6264558291785388	([354, 252], [354, 266, 262])
1	0.623541932598678	0.6264829454756142	([378, 100], [378, 124, 113])
1	0.5841960014702324	0.6265154804194946	([930, 466], [928, 783, 466])
1	0.6161609067950462	0.626547613994055	([689, 528], [689, 585, 542])
1	0.6034966945815252	0.6265800316931897	([441, 152], [441, 374, 243])
1	0.6156840559572679	0.6266406976742009	([527, 120], [543, 480, 80])
1	0.604384559657846	0.6266463188672715	([443, 45], [444, 443, 45])
1	0.6084201939104138	0.626733542102886	([138, 52], [127, 124, 23])
1	0.5213628436937526	0.626733542102886	([923, 140], [923, 124, 23])
1	0.623577169920143	0.6267380714956364	([1013, 936], [1061, 1014, 1013])
1	0.6101486508022458	0.6267380714956364	([1076, 1013], [1076, 1061, 1013])
1	0.6187007047141475	0.6267627894548504	([274, 216], [274, 258, 216])
1	0.6245134655566484	0.6267878743043578	([447, 128], [447, 128, 105])
1	0.6069529103004679	0.6268040857670657	([528, 117], [528, 487, 463])
1	0.6116429573462275	0.6268287597381785	([928, 77], [928, 70, 49])
1	0.5996593442815709	0.6268753468187144	([225, 131], [225, 163, 134])
1	0.6264665572442396	0.6268976258396108	([1314, 1103], [1314, 1142, 1103])
1	0.604698216016473	0.6269609146379094	([856, 86], [856, 817, 777])
1	0.625327543642793	0.6269871077835267	([582, 33], [582, 529, 33])
1	0.5949391589111693	0.6269871077835267	([527, 40], [928, 529, 33])
1	0.5838455597594574	0.6269923613638534	([928, 28], [568, 529, 33])
1	0.571570169965418	0.6270036309791414	([1437, 87], [1437, 1281, 924])
1	0.5485550203889211	0.6270667611968782	([925, 234], [925, 234, 158])
1	0.6178742014267177	0.6271205365947273	([1362, 1178], [1362, 1178, 1136])
1	0.6123591722827842	0.6271672576044567	([1093, 1039], [1093, 1080, 1039])
1	0.6211699077905772	0.6271884587412695	([446, 235], [454, 446, 437])
1	0.6062276342913581	0.6273063999065964	([1394, 1165], [1391, 1315, 1232])
1	0.6215902313406408	0.6273362113907789	([856, 666], [856, 821, 666])
1	0.6228771661656229	0.6273630326723774	([832, 572], [832, 769, 572])
1	0.6172097558513162	0.6274294052735501	([1463, 1266], [1484, 1463, 1266])
1	0.6214584468167993	0.6274348306753829	([360, 306], [360, 306, 270])
1	0.6012426495218054	0.6274779764165526	([1171, 924], [1151, 1102, 1036])
1	0.6197029279795553	0.627497928268856	([424, 235], [446, 424, 400])
1	0.5503320783512836	0.6275923555226675	([923, 236], [923, 236, 151])
1	0.5897251291202503	0.627608508940633	([918, 150], [150, 121, 28])
1	0.6265428571042784	0.6276232968812641	([568, 397], [576, 568, 397])
1	0.5510472062853738	0.6276245563127711	([918, 463], [807, 780, 479])
1	0.6197086663764779	0.6276525282141497	([1391, 85], [1391, 1232, 85])
1	0.6147780656047118	0.6277313757273455	([787, 447], [787, 766, 446])
1	0.5385536354944765	0.6277634224110893	([474, 84], [465, 375, 373])
1	0.6223996082070544	0.6277834121045601	([202, 9], [191, 183, 9])
1	0.6225483574452674	0.6278267880237952	([1265, 1179], [1265, 1232, 1179])
1	0.610322059249352	0.6278761753312885	([1243, 814], [1285, 1243, 814])
1	0.5956181535922136	0.6278960319879182	([1476, 1419], [1476, 1449, 1419])
1	0.6266890918312449	0.6279322164673651	([1301, 1101], [1301, 1250, 1101])
1	0.6110337042778178	0.627939733643901	([1073, 1021], [1078, 1072, 1021])
1	0.601426699372636	0.6279572207400634	([1172, 85], [1390, 1178, 1172])
1	0.6264487300080349	0.6279645719968199	([1005, 832], [1437, 1005, 963])
1	0.627532155816411	0.6280509827274844	([186, 21], [186, 184, 1])
1	0.5943290414766865	0.6280512263589819	([466, 106], [469, 466, 121])
1	0.6135090552412733	0.6280744895983973	([561, 451], [561, 537, 481])
1	0.6265635113812842	0.6280845497270612	([1301, 961], [1301, 1259, 961])
1	0.6193631438435195	0.6280872817495475	([188, 17], [188, 145, 17])
1	0.6181184215914437	0.6281024355597771	([1141, 988], [1252, 1141, 988])
1	0.608852064484968	0.6281168036224978	([399, 110], [928, 399, 110])
1	0.6161107140201983	0.6281790733149886	([1134, 1088], [1134, 1110, 1099])
1	0.5888885449388757	0.6282208689345261	([375, 236], [375, 374, 243])
1	0.6036694072345301	0.6282243952175937	([238, 110], [238, 110, 80])
1	0.6250453180501635	0.6282980487918323	([149, 46], [149, 109, 43])
1	0.6161298856080795	0.628332876002004	([235, 136], [235, 158, 150])
1	0.6279037440875446	0.6284362891214472	([400, 194], [400, 386, 244])
1	0.6172427911265231	0.6284362891214472	([386, 244], [445, 400, 244])
1	0.6273130875756142	0.6285507845317665	([455, 397], [455, 448, 397])
1	0.6271530443730657	0.6285686277118185	([305, 85], [305, 272, 85])
1	0.6136024871526266	0.6285716174174164	([480, 426], [480, 450, 446])
1	0.6265191801214743	0.6285999315083796	([1231, 1039], [1231, 1109, 1093])
1	0.5524187721739011	0.6286658760180888	([925, 374], [925, 395, 374])
1	0.49809704401067767	0.6286734470623189	([923, 909], [923, 909, 841])
1	0.590393719913389	0.6286801420241349	([224, 83], [225, 224, 83])
1	0.6046940616000207	0.6287322681469906	([917, 351], [917, 381, 351])
1	0.6228352375271385	0.628778031147118	([487, 111], [487, 482, 111])
1	0.6064984904257309	0.6287866413644245	([887, 85], [887, 864, 858])
1	0.5956195093210465	0.6288124045045205	([352, 83], [352, 261, 86])
1	0.6080946425307897	0.628816996365078	([195, 16], [234, 197, 16])
1	0.6153176583331266	0.6288351691733737	([1460, 85], [1460, 1232, 1168])
1	0.6143935754614577	0.6288351691733737	([1460, 1168], [1460, 1315, 1232])
1	0.6249963116675883	0.6288426340468147	([443, 153], [449, 443, 155])
1	0.6236468866492602	0.6288568735131431	([1003, 943], [1003, 970, 943])
1	0.6225690684097349	0.628874684654497	([410, 348], [411, 392, 362])
1	0.628646279423015	0.6288843523738187	([453, 27], [453, 443, 45])
1	0.6265225391035292	0.6289213375963439	([995, 85], [995, 965, 959])
1	0.6254848033592436	0.6289522736996684	([475, 427], [475, 459, 427])
1	0.6160132745613495	0.6289762243773407	([683, 147], [683, 147, 121])
1	0.6086091954504417	0.6289770252225528	([548, 74], [571, 548, 74])
1	0.6114812518688375	0.6289939619412284	([911, 69], [911, 121, 40])
1	0.6283264272661434	0.6290102788289323	([683, 553], [683, 559, 553])
1	0.621701920997553	0.6290102788289323	([753, 559], [753, 683, 559])
1	0.6117128155418782	0.6290131242004332	([1337, 1218], [1337, 1335, 1187])
1	0.6122029150230471	0.6290328344564161	([768, 531], [813, 808, 531])
1	0.6282352395197961	0.6290541163247927	([519, 243], [519, 472, 243])
1	0.6185821496070512	0.62906384585815	([857, 787], [857, 814, 787])
1	0.6269787615803702	0.6290844620651629	([1254, 812], [1292, 1254, 1242])
1	0.6261770187106729	0.6291141813216126	([451, 126], [451, 441, 126])
1	0.6122389217671395	0.6291234924691994	([808, 447], [808, 464, 447])
1	0.6280202637984125	0.6291234924691994	([564, 464], [808, 564, 464])
1	0.6247418677011893	0.6291481797955298	([522, 157], [522, 441, 157])
1	0.6270758391506871	0.6291708502885531	([1255, 849], [1434, 1433, 849])
1	0.5522971222528928	0.6291713081270905	([1424, 922], [1309, 960, 922])
1	0.6150687656162745	0.629208798710416	([1339, 1200], [1339, 1336, 1211])
1	0.6212373330010497	0.6292404441059765	([438, 366], [438, 384, 366])
1	0.6263827723268516	0.62924048631522	([1376, 1223], [1376, 1350, 1344])
1	0.6287944178621182	0.6293105558861651	([928, 63], [928, 70, 63])
1	0.6287321472724332	0.6293760459027626	([258, 197], [258, 216, 197])
1	0.6115568723231166	0.6293868634860805	([351, 188], [351, 265, 225])
1	0.6221423814876523	0.629389260965019	([564, 34], [564, 521, 118])
1	0.600738932815881	0.6294103258585942	([909, 80], [909, 872, 80])
1	0.5890427794760023	0.6294419050584892	([847, 541], [847, 822, 781])
1	0.6188761242211261	0.6294821328416034	([503, 430], [503, 496, 429])
1	0.6004914003700483	0.6295349602855326	([659, 540], [672, 659, 540])
1	0.6137076220050378	0.6295827804290012	([524, 379], [485, 470, 379])
1	0.6269538604619781	0.6295945229667056	([1036, 85], [1172, 1038, 85])
1	0.6280625743941098	0.6296331096340596	([424, 76], [424, 92, 86])
1	0.6028321788508213	0.6296902345350488	([840, 89], [886, 881, 85])
1	0.6130614357520181	0.6297211627982691	([386, 124], [382, 379, 118])
1	0.5972961567663196	0.6297789686083393	([449, 379], [449, 443, 379])
1	0.6245520423842174	0.6298115602496656	([944, 907], [937, 936, 907])
1	0.6249116685635172	0.6298985995789164	([455, 93], [455, 454, 93])
1	0.6254811617086243	0.6299048524560669	([246, 135], [246, 234, 135])
1	0.6192385269008914	0.6299260960927142	([234, 46], [234, 158, 46])
1	0.5213397249879885	0.6299615688905472	([938, 922], [1309, 1242, 922])
1	0.5939119764246502	0.6299719967025855	([1371, 84], [1394, 1371, 1354])
1	0.5923110331932708	0.6300265673739134	([1390, 1178], [1232, 1172, 1104])
1	0.6220625544907872	0.630060539419244	([1355, 928], [1425, 1355, 928])
1	0.6049580090168881	0.630060539419244	([1393, 928], [1425, 1393, 928])
1	0.6276375777811475	0.6301346031343834	([1382, 1121], [1382, 1191, 1121])
1	0.6145920689571818	0.6301769090408536	([141, 2], [141, 50, 22])
1	0.617268552272786	0.630222528788719	([920, 491], [920, 491, 478])
1	0.6256262490128716	0.6302299804566756	([1417, 1083], [1430, 1417, 1083])
1	0.6231897127700313	0.630268714309111	([911, 551], [911, 568, 558])
1	0.610163299174779	0.6302771723047652	([1367, 1187], [1367, 1357, 1187])
1	0.6105964125595302	0.6303139394708094	([464, 243], [470, 464, 243])
1	0.6155986915162988	0.6303225074767393	([986, 86], [1036, 986, 86])
1	0.5987509772897357	0.6303225074767393	([1243, 85], [1036, 1005, 86])
1	0.6284394424385096	0.6303379642487732	([242, 117], [242, 153, 117])
1	0.6269748019118736	0.6303522015687285	([1439, 962], [1439, 1292, 1245])
1	0.5793787791827435	0.6303705996910225	([919, 674], [850, 766, 757])
1	0.6287798940731391	0.6303953446434456	([789, 461], [789, 763, 461])
1	0.5755541366805098	0.6304347851782496	([925, 454], [925, 454, 419])
1	0.6259072435755988	0.6304463130567487	([1086, 1042], [1086, 1076, 1062])
1	0.6277617037574177	0.6304698616572645	([1267, 1104], [1267, 1250, 1101])
1	0.6105626167019966	0.630491248651647	([562, 378], [535, 378, 119])
1	0.6281567701768944	0.6304933096818599	([470, 125], [525, 477, 125])
1	0.6097999230521085	0.6305127168147198	([1440, 1144], [1440, 1423, 1144])
1	0.6028532297014901	0.6305313544150335	([756, 544], [756, 574, 569])
1	0.6296871522524502	0.6305553535817339	([1385, 1319], [1385, 1367, 1317])
1	0.614646225330989	0.6305795923430617	([1466, 1355], [1476, 1466, 1355])
1	0.6261802464759483	0.6306213370120345	([1187, 1082], [1187, 1135, 1082])
1	0.6245806397859087	0.6306628795824752	([928, 264], [928, 264, 235])
1	0.5815075902360984	0.6306637292071817	([1439, 86], [1036, 1008, 85])
1	0.5432111371311403	0.6306773930991214	([575, 84], [590, 575, 562])
1	0.6133139912300811	0.6306860640896553	([1329, 1188], [1329, 1327, 1188])
1	0.5946266281924265	0.6307203163493161	([711, 80], [744, 711, 697])
1	0.6182947884864924	0.6307296795111064	([1439, 838], [1439, 919, 832])
1	0.6089873077482656	0.6307296795111064	([1437, 832], [1439, 1005, 832])
1	0.6258284346841921	0.6307940360099347	([929, 365], [929, 378, 368])
1	0.5587363770175868	0.6308568707424815	([922, 727], [922, 751, 726])
1	0.6240816911801045	0.6310116384835638	([525, 125], [477, 449, 80])
1	0.6255729668884938	0.6310610881625942	([1415, 1352], [1415, 1407, 1352])
1	0.6197231896423916	0.6310997385213937	([462, 148], [462, 148, 118])
1	0.6237799504913323	0.6311082125275387	([1292, 777], [1292, 812, 777])
1	0.6127464314634725	0.6311221237099097	([383, 246], [383, 374, 247])
1	0.6179397733465135	0.6311354997673159	([547, 151], [545, 526, 153])
1	0.5477125071860464	0.6311354997673159	([926, 156], [926, 545, 153])
1	0.6031259109928974	0.6311754225851044	([342, 214], [342, 323, 214])
1	0.60305068158432	0.6311893313756709	([811, 570], [811, 779, 766])
1	0.6195576639216106	0.6311928083505763	([1465, 1409], [1465, 1461, 1387])
1	0.6234164855287841	0.6312438834046329	([209, 60], [209, 202, 60])
1	0.6263892363299172	0.6313011651118948	([828, 521], [828, 823, 472])
1	0.6192955415293986	0.631304448062265	([248, 142], [248, 158, 156])
1	0.6282472983265588	0.6313062302296265	([637, 324], [637, 636, 337])
1	0.6119145742989589	0.631419048820133	([1379, 1229], [1382, 1334, 1118])
1	0.6221406432976877	0.631419048820133	([1376, 1118], [1382, 1376, 1118])
1	0.6291676300965906	0.6314248469605952	([440, 154], [440, 157, 154])
1	0.5974310971055926	0.6314407747395113	([913, 711], [913, 751, 735])
1	0.6140619199654125	0.6314411604809298	([582, 122], [582, 449, 447])
1	0.6304510443125139	0.6314542774476303	([371, 187], [371, 352, 187])
1	0.6164285297791022	0.6314569292685037	([787, 482], [787, 482, 444])
1	0.6291682535244827	0.6314608857385281	([1368, 1131], [1382, 1368, 1131])
1	0.6122067195086046	0.6314612317464726	([678, 382], [581, 382, 80])
1	0.628699548222556	0.6315400015891529	([422, 224], [422, 224, 85])
1	0.6084078767472704	0.6315737810370164	([467, 118], [462, 441, 439])
1	0.6149111067009652	0.6315776211979652	([464, 111], [464, 113, 101])
1	0.6307043346978495	0.6315983928237896	([383, 32], [383, 117, 112])
1	0.6248395093904484	0.6316216709945636	([362, 259], [362, 352, 86])
1	0.6298311469986405	0.631624371805506	([406, 8], [393, 80, 25])
1	0.5596053848683802	0.6316853039001616	([462, 89], [457, 447, 89])
1	0.5925999687712453	0.6317092429070214	([1015, 979], [1015, 999, 980])
1	0.6248924352530323	0.6317171951198024	([1284, 844], [1295, 1284, 844])
1	0.6303008770476611	0.6318121682545355	([1252, 935], [1252, 935, 928])
1	0.6225423680973785	0.631822407613106	([579, 110], [756, 574, 110])
1	0.6273630602095494	0.6318705083414413	([597, 157], [597, 388, 157])
1	0.6266063828430439	0.631874656649618	([263, 69], [263, 236, 69])
1	0.6173081171707767	0.6318760787297206	([780, 108], [913, 911, 108])
1	0.6318670452171762	0.6319092020266395	([245, 70], [245, 122, 70])
1	0.6309816861309513	0.6319128596060887	([522, 380], [524, 522, 380])
1	0.616061808025648	0.631912866293406	([776, 116], [776, 536, 116])
1	0.6314079891129294	0.6319263684183741	([396, 158], [396, 242, 153])
1	0.6265482848448308	0.6319321235008095	([823, 559], [823, 559, 526])
1	0.6254409796316711	0.6319321235008095	([823, 472], [823, 794, 526])
1	0.6193307963397567	0.6319905673979395	([473, 109], [473, 466, 109])
1	0.616323881478133	0.6320064116106867	([447, 195], [447, 195, 118])
1	0.553795699443762	0.632023507269708	([923, 865], [923, 886, 865])
1	0.6202840002506882	0.6321100733044267	([809, 109], [809, 564, 537])
1	0.5987590656661304	0.632113823996298	([771, 121], [771, 753, 121])
1	0.6085927162603765	0.6321198543580436	([1348, 1119], [1327, 1188, 1135])
1	0.6091394319958301	0.6321572239476165	([1294, 1018], [1294, 1018, 1007])
1	0.5265399272660193	0.6321936335795367	([922, 236], [922, 236, 122])
1	0.6288958499624976	0.6322488907608317	([682, 34], [682, 580, 34])
1	0.6028426905239573	0.6322684789263568	([1080, 85], [1080, 1039, 1038])
1	0.6213988448842505	0.6323158131681031	([851, 525], [851, 827, 536])
1	0.5402794887260256	0.6323215800550639	([926, 73], [926, 156, 73])
1	0.6118164690418815	0.6324001950535456	([636, 337], [639, 637, 329])
1	0.5981588690232129	0.6324141542971699	([1138, 917], [1138, 1092, 1080])
1	0.6163765690951415	0.6324318550897653	([533, 114], [533, 531, 114])
1	0.6237093336399006	0.6324728753540697	([597, 446], [597, 576, 542])
1	0.6298857072285642	0.6324732101282952	([849, 765], [849, 800, 767])
1	0.4967368586754947	0.6325335282011981	([921, 912], [1310, 917, 811])
1	0.6202650050354025	0.6325648426713963	([1143, 960], [1143, 960, 929])
1	0.6236630561291112	0.6326487065139016	([628, 322], [636, 628, 342])
1	0.6088109512074545	0.6326981626692602	([1362, 1136], [1391, 1362, 1178])
1	0.6160435782143665	0.6327347871164903	([225, 100], [225, 100, 82])
1	0.6094681242709551	0.6327403943728599	([528, 442], [528, 463, 442])
1	0.6140456616732157	0.6327530950621727	([744, 496], [725, 707, 496])
1	0.5822102360986173	0.6328400989373033	([917, 261], [917, 261, 126])
1	0.616507391631815	0.6328794074918332	([929, 378], [929, 457, 399])
1	0.6020147641244123	0.6328794074918332	([929, 447], [929, 531, 399])
1	0.6261575584409398	0.6329312137604554	([550, 443], [550, 525, 518])
1	0.6014252855434932	0.6329606006180603	([1465, 1362], [1465, 1387, 1362])
1	0.6262038251256318	0.6329856986329012	([919, 83], [919, 887, 83])
1	0.6168036012500852	0.6329897305932974	([183, 12], [252, 210, 9])
1	0.6145514977543568	0.63300915928091	([552, 86], [564, 554, 86])
1	0.6229624403969093	0.6331221371338959	([180, 6], [202, 180, 6])
1	0.5776172492326176	0.6331338694231827	([926, 497], [926, 497, 475])
1	0.5596258623710973	0.6332236139578351	([1038, 921], [1174, 1063, 1038])
1	0.6062844172190787	0.6332340324257864	([556, 506], [556, 528, 519])
1	0.5152493217768389	0.6332606113165865	([149, 81], [138, 124, 15])
1	0.6211192093198515	0.6332714031148265	([1347, 1192], [1347, 1328, 1192])
1	0.6061550940485297	0.6332889989750522	([786, 462], [911, 786, 667])
1	0.621723112109246	0.6333221561996858	([366, 142], [366, 350, 142])
1	0.5662450068108499	0.6333441320720191	([888, 87], [873, 844, 841])
1	0.5434207415896423	0.6333693459590355	([922, 583], [922, 679, 583])
1	0.6180132216501192	0.6334159410041637	([984, 956], [984, 979, 956])
1	0.6321543248448931	0.6334222129867857	([573, 460], [928, 570, 460])
1	0.6297246469962231	0.6334249861724969	([392, 254], [392, 391, 258])
1	0.6296603837445391	0.6334698333045073	([486, 116], [486, 122, 116])
1	0.6124399583969768	0.633473129978903	([1307, 785], [1307, 911, 757])
1	0.6243984760492957	0.6334801609470787	([684, 443], [684, 680, 443])
1	0.6179402596941485	0.6335208195882075	([1137, 994], [1109, 1102, 1035])
1	0.6048903401392318	0.633526702526295	([1332, 1122], [1334, 1332, 1122])
1	0.626604604335372	0.6335443863419994	([924, 17], [924, 30, 17])
1	0.633049968882704	0.6335955427995125	([1319, 1222], [1336, 1319, 1317])
1	0.613844103444933	0.6336166796097487	([1061, 936], [1015, 1013, 981])
1	0.5469977806331872	0.6336174962567138	([926, 397], [926, 475, 448])
1	0.6213665028613734	0.6336337752834645	([501, 257], [507, 502, 182])
1	0.6314336811051243	0.633641572168987	([770, 463], [777, 770, 483])
1	0.545566111751498	0.6336574542599741	([1142, 922], [1242, 1142, 922])
1	0.618904127280237	0.633711614790112	([1378, 1338], [1378, 1367, 1347])
1	0.6308561505434989	0.633720643170551	([526, 438], [526, 480, 449])
1	0.548836113861179	0.6337415792168122	([917, 396], [917, 351, 261])
1	0.6261164502279036	0.6337573148346367	([443, 189], [463, 443, 238])
1	0.6301294180901523	0.6337573148346367	([469, 238], [469, 463, 238])
1	0.6190452868856197	0.6337641768769238	([780, 532], [780, 574, 540])
1	0.5964369916683948	0.6337754895910758	([919, 591], [919, 591, 574])
1	0.6217023587979205	0.633779523092333	([1393, 1164], [1393, 1391, 1232])
1	0.6308155287234597	0.6338900867938139	([448, 83], [448, 427, 423])
1	0.5872536463160961	0.6339234932145408	([910, 101], [963, 910, 101])
1	0.6315259090932085	0.6339253379252067	([1427, 1251], [1444, 1427, 1251])
1	0.6056570721634847	0.6339769642651267	([409, 354], [409, 391, 354])
1	0.6241574037770037	0.6341299129826907	([206, 7], [206, 202, 7])
1	0.6274764830168691	0.634246855478588	([460, 248], [463, 460, 240])
1	0.6163294014530656	0.634246855478588	([928, 235], [928, 460, 240])
1	0.6185632965620661	0.6343412275162503	([383, 112], [383, 378, 117])
1	0.6318837776332756	0.6343503529249861	([1380, 1193], [1380, 1378, 1132])
1	0.6209853607933029	0.6344081134081239	([419, 351], [419, 388, 381])
1	0.5997409376868788	0.6344105009022655	([891, 80], [921, 909, 79])
1	0.6250262698214429	0.6344415404841165	([1249, 827], [1249, 913, 841])
1	0.5911060027986669	0.6344546135299372	([718, 85], [729, 86, 85])
1	0.6309856983724705	0.6344546135299372	([742, 86], [742, 729, 86])
1	0.6329436872173677	0.6344584459656951	([721, 645], [721, 711, 651])
1	0.5398895266446307	0.634476125256216	([921, 79], [921, 188, 79])
1	0.5545798178784027	0.6344931719659714	([913, 373], [913, 449, 396])
1	0.601961334836028	0.6344931719659714	([918, 389], [918, 449, 396])
1	0.6331136217216485	0.6345158685685232	([576, 147], [576, 484, 445])
1	0.6287204835603449	0.6345305576082787	([1273, 1072], [1430, 1273, 1078])
1	0.5301423834237651	0.6345653197783185	([922, 373], [387, 137, 122])
1	0.6253133299752557	0.6345919850874852	([772, 117], [797, 772, 117])
1	0.6219972446787072	0.6345955095440764	([362, 191], [362, 272, 191])
1	0.6234404788719509	0.6346061703655925	([804, 524], [804, 524, 121])
1	0.5816073034732867	0.6346363912265789	([930, 242], [930, 466, 242])
1	0.6247324900835972	0.6346398385550273	([448, 150], [448, 150, 82])
1	0.6219538026593839	0.6346542212298758	([133, 63], [133, 95, 63])
1	0.6251313717311965	0.634673330217211	([455, 22], [455, 159, 142])
1	0.6345910389811275	0.6347358080022495	([1297, 992], [1297, 992, 920])
1	0.4885741685543068	0.6347433725890806	([931, 668], [931, 668, 583])
1	0.5687790480162448	0.6348448773330087	([729, 84], [737, 731, 670])
1	0.6200895742720436	0.6349116621899472	([751, 588], [758, 751, 588])
1	0.6229633181244965	0.6349144247538774	([575, 158], [575, 564, 158])
1	0.6109188504604764	0.6349813043803985	([1363, 1179], [1391, 1363, 1110])
1	0.6179656770119156	0.6349959077148334	([1302, 825], [1302, 911, 825])
1	0.6285227384235774	0.6350385461819553	([391, 258], [392, 360, 258])
1	0.6146377619759471	0.635071870475207	([579, 44], [577, 545, 108])
1	0.6092356204391746	0.6350955454749041	([454, 235], [454, 243, 235])
1	0.6344751861563009	0.6350975662905688	([1341, 1197], [1341, 1198, 1197])
1	0.6255009987474524	0.6350987859999329	([912, 661], [912, 826, 661])
1	0.632624625867281	0.6351489191565491	([408, 208], [408, 208, 183])
1	0.6121527509127461	0.6351785923828832	([756, 110], [679, 574, 547])
1	0.6242845507931407	0.6351790646115217	([1437, 871], [1247, 928, 871])
1	0.6211213741535702	0.6351955218622231	([427, 19], [427, 83, 19])
1	0.6315571093769858	0.6352413824237282	([539, 39], [545, 539, 39])
1	0.620868485339562	0.6352521807218087	([1484, 1230], [1484, 1273, 1230])
1	0.6208779537470273	0.6352612729324132	([1287, 831], [1288, 1287, 819])
1	0.6329122432544246	0.635267829309955	([686, 461], [686, 563, 537])
1	0.6319672463946963	0.6352904639476301	([678, 463], [770, 678, 663])
1	0.6086734912314251	0.6353100359726424	([786, 487], [786, 774, 487])
1	0.6298382707384783	0.6353236990778304	([1270, 1099], [1315, 1280, 1270])
1	0.6337233115097056	0.6353343056903459	([813, 441], [813, 540, 378])
1	0.6328962492369506	0.6353778440494632	([1269, 1166], [1269, 1166, 1139])
1	0.6189299471940396	0.6354383364058993	([1175, 913], [1175, 1139, 1136])
1	0.6211105402404343	0.6354763856256919	([1453, 1319], [1453, 1430, 1318])
1	0.6112449694739017	0.6354772149146777	([451, 72], [451, 444, 106])
1	0.6219060078433813	0.6354912467174568	([756, 460], [756, 487, 460])
1	0.611330598497542	0.6355340424902103	([252, 9], [211, 182, 62])
1	0.6144416293019733	0.6355409251393814	([1365, 1111], [1365, 1195, 1177])
1	0.6301839911558705	0.6356040189210149	([814, 480], [814, 778, 480])
1	0.6316244666214514	0.6356818382558412	([674, 115], [674, 154, 115])
1	0.572908074605854	0.6356979014659615	([444, 87], [444, 115, 106])
1	0.6255916959999824	0.6357426414257812	([447, 395], [447, 423, 395])
1	0.6316857100455003	0.6357514640628247	([1485, 1385], [1485, 1475, 1369])
1	0.6301500759485097	0.6357655596220569	([437, 74], [444, 437, 74])
1	0.6271252202698367	0.6357657330789949	([186, 67], [186, 67, 66])
1	0.6288435143155015	0.6357882691556064	([476, 153], [476, 466, 144])
1	0.6354311161693845	0.6358167749848743	([1299, 993], [1299, 1250, 993])
1	0.628761616416247	0.6358407405021306	([763, 449], [789, 665, 461])
1	0.6280564295037993	0.6358408317569002	([521, 154], [529, 521, 154])
1	0.6185117975454564	0.6358735713116638	([401, 185], [401, 375, 372])
1	0.6155396338701623	0.6359295274093979	([831, 479], [831, 479, 460])
1	0.6353071452066795	0.6359487376893974	([761, 465], [761, 570, 465])
1	0.6140635480237497	0.6360179200667616	([423, 190], [419, 390, 190])
1	0.6091477809522784	0.6360276010507927	([553, 508], [553, 519, 505])
1	0.5641316144846309	0.6360343944397039	([917, 190], [917, 190, 140])
1	0.6340378656157754	0.6360403633235275	([1168, 971], [1168, 1102, 992])
1	0.6168442268461586	0.6360461010065376	([826, 688], [826, 801, 688])
1	0.5751466198425166	0.6360590839848189	([925, 419], [925, 448, 74])
1	0.632527089095688	0.6360791621060584	([1474, 1401], [1474, 1446, 1427])
1	0.6353815228841351	0.6360929331398485	([416, 206], [416, 412, 206])
1	0.5995683660744048	0.6361454272465771	([456, 194], [456, 442, 194])
1	0.6203376905592635	0.6361566468863259	([485, 103], [485, 379, 377])
1	0.6063327356989496	0.6361626812838067	([515, 417], [503, 475, 458])
1	0.5962272100488716	0.6361766079795974	([942, 883], [942, 929, 904])
1	0.6093101684536607	0.6361806697591281	([848, 587], [848, 587, 522])
1	0.6177644264647576	0.6362024824218753	([1012, 983], [1014, 1012, 983])
1	0.5804367694377471	0.6362207718417084	([1344, 1190], [1390, 1372, 1184])
1	0.6340227778784856	0.6362576893384929	([964, 871], [964, 871, 854])
1	0.6261907705848614	0.636272833366386	([343, 221], [343, 270, 268])
1	0.6068287968186221	0.63627329612955	([679, 110], [572, 112, 38])
1	0.6333871315325255	0.636281625938956	([786, 74], [786, 463, 462])
1	0.55607192671469	0.636281625938956	([922, 487], [786, 487, 463])
1	0.6331371761156751	0.6362980147782407	([791, 111], [809, 791, 111])
1	0.6233856678471066	0.6363038049145536	([1435, 797], [1435, 851, 829])
1	0.6240899083620972	0.6363177084765769	([801, 664], [801, 685, 667])
1	0.6255904745607948	0.6363670155432768	([1342, 1207], [1342, 1336, 1211])
1	0.6001328171937886	0.6363701290302819	([575, 32], [575, 534, 41])
1	0.6226679846314875	0.6363924464916775	([597, 388], [597, 521, 157])
1	0.6221003782253888	0.636565775162524	([829, 523], [920, 853, 523])
1	0.63447000271126	0.6365842401910183	([478, 380], [478, 464, 383])
1	0.629852682076866	0.6365842401910183	([489, 383], [489, 478, 383])
1	0.6199239148124321	0.6366386758743591	([1274, 1079], [1274, 1273, 1077])
1	0.615436586008977	0.6366505256252891	([850, 527], [850, 547, 535])
1	0.5178261678148116	0.6366572638799345	([670, 84], [742, 695, 85])
1	0.4961073480942462	0.6366572638799345	([925, 912], [752, 742, 85])
1	0.6351137323879817	0.6366671946452207	([1086, 1010], [1138, 1099, 1010])
1	0.6341126878422776	0.6366928270605969	([200, 55], [207, 200, 55])
1	0.6304068807892032	0.6367296502926869	([367, 122], [387, 367, 122])
1	0.6147896815549079	0.6367550008239873	([1266, 1071], [1273, 1266, 1078])
1	0.586880312382597	0.6367671881108123	([1117, 85], [1152, 1140, 85])
1	0.6341801074508451	0.6368403859570508	([1373, 1224], [1373, 1348, 1119])
1	0.6216379263570606	0.6369130639101341	([1114, 917], [1138, 1114, 1099])
1	0.6353654116716491	0.6369392271623753	([1134, 1060], [1155, 1134, 1060])
1	0.6363378505798905	0.6369392271623753	([1186, 1060], [1186, 1155, 1060])
1	0.6367118798833775	0.6369520338558408	([1322, 1115], [1371, 1324, 1115])
1	0.6324059858958547	0.6369615184903473	([238, 32], [238, 110, 46])
1	0.5017515836557072	0.6370158936783014	([931, 527], [931, 578, 527])
1	0.5886519191487943	0.6370184345058535	([926, 239], [926, 239, 102])
1	0.6201101716554399	0.6370276717381216	([478, 83], [919, 478, 473])
1	0.6363156827566192	0.6370289783251797	([591, 67], [591, 578, 40])
1	0.6177563174226792	0.637041863507214	([1367, 1113], [1367, 1230, 1186])
1	0.6316121839988755	0.637041863507214	([1317, 1230], [1367, 1317, 1230])
1	0.6298241915465593	0.637071954384975	([1450, 1388], [1456, 1450, 1388])
1	0.6129953538429431	0.6371177323588302	([1075, 1020], [1075, 1061, 1057])
1	0.6302583936615156	0.6373308399527039	([181, 5], [181, 80, 20])
1	0.6240861872456276	0.6373308399527039	([165, 20], [181, 165, 20])
1	0.6348744121313856	0.6373582158614453	([1267, 906], [1277, 1267, 906])
1	0.6238498175318943	0.6373992559962307	([1372, 1040], [1185, 1103, 1038])
1	0.6270185124740046	0.6373999817990895	([1161, 1012], [1161, 1146, 1113])
1	0.5431633675521778	0.6374186762660161	([923, 390], [923, 455, 390])
1	0.6298048426444439	0.6374390573140929	([541, 99], [541, 531, 114])
1	0.631560940116303	0.6374390573140929	([559, 114], [559, 541, 114])
1	0.6212614955985784	0.6374480679663715	([686, 41], [686, 574, 41])
1	0.6324596119465432	0.6374972449043118	([963, 838], [1257, 1254, 838])
1	0.6330745593196744	0.6375244432671419	([495, 354], [495, 354, 80])
1	0.6310353468333944	0.637533053573341	([662, 443], [680, 676, 443])
1	0.6354500480473303	0.6375821129643229	([328, 198], [348, 328, 225])
1	0.610977260583291	0.6376090214198104	([521, 98], [535, 521, 98])
1	0.5779795331111194	0.6376286711761746	([1099, 924], [1093, 1039, 1038])
1	0.6221968877177413	0.6376814993608028	([877, 748], [836, 745, 744])
1	0.6213223440147665	0.6376906841101436	([1238, 868], [1238, 1235, 868])
1	0.6324423113418746	0.6376921784277075	([446, 31], [446, 153, 31])
1	0.636774878934509	0.6377234852182028	([455, 38], [465, 455, 38])
1	0.6303713260201476	0.6377300072266732	([555, 491], [555, 516, 512])
1	0.6246335413342204	0.6377857092711487	([669, 477], [917, 689, 477])
1	0.6323694847117539	0.637816525659803	([568, 384], [568, 397, 384])
1	0.6096127521794081	0.6378331419100949	([1274, 1230], [1317, 1275, 1273])
1	0.6168989343367396	0.637891861340286	([1355, 1080], [1355, 1324, 1115])
1	0.5334636856307261	0.6379265458960048	([921, 113], [823, 801, 113])
1	0.6297094257445995	0.6379626264581799	([1478, 1359], [1478, 1359, 1315])
1	0.6210438895705594	0.637993893270334	([1158, 1088], [1158, 1156, 1090])
1	0.5490594680788623	0.6380255169478232	([1166, 84], [1143, 1101, 1100])
1	0.6370365298871897	0.6380269854005992	([465, 161], [465, 161, 157])
1	0.6369479595359115	0.6380330279477284	([1490, 1279], [1490, 1488, 1279])
1	0.6276785616929289	0.6380387495234827	([387, 196], [387, 353, 264])
1	0.575436383428152	0.6380411365988772	([562, 89], [550, 447, 121])
1	0.6158533343330542	0.6380458472171506	([748, 514], [748, 725, 496])
1	0.6275915258396182	0.6380502278812087	([372, 1], [372, 264, 1])
1	0.6213808208807438	0.6380535969619546	([1308, 828], [1308, 1288, 828])
1	0.6378752120475369	0.6381049867832556	([426, 159], [426, 383, 368])
1	0.6154958582580223	0.6382554965640653	([1014, 973], [1015, 1014, 982])
1	0.6196488801842855	0.6382809692530889	([577, 68], [587, 577, 68])
1	0.6203148341101171	0.6383356718879374	([679, 154], [679, 154, 106])
1	0.624992964768371	0.6383357221738944	([375, 76], [383, 375, 32])
1	0.6352231722701871	0.6383499256133307	([1074, 1022], [1080, 1074, 1022])
1	0.620297308490817	0.6383570230662132	([247, 43], [247, 43, 23])
1	0.5561575468022064	0.6383815552461035	([1098, 923], [1117, 1098, 1084])
1	0.6023144432656283	0.6384409873416844	([924, 134], [924, 146, 134])
1	0.6268697775118877	0.6385005332238313	([175, 8], [201, 175, 4])
1	0.63192394687973	0.6385577453964422	([1176, 1062], [1176, 1099, 1062])
1	0.6272821058708412	0.63871315079184	([1495, 1390], [1495, 1439, 1431])
1	0.6357007243457473	0.6387237601455193	([1462, 1272], [1462, 1429, 1428])
1	0.4800077832433357	0.6387733297336932	([672, 669], [931, 853, 668])
1	0.5649554379612843	0.6387764067992406	([1425, 926], [1425, 1297, 928])
1	0.5308917920909547	0.6387815404475533	([921, 450], [921, 533, 449])
1	0.6361480473480072	0.6387955856553141	([663, 481], [761, 663, 481])
1	0.6056272996467614	0.6388175878158472	([388, 238], [388, 353, 234])
1	0.5818841312180784	0.6389011939443947	([745, 647], [720, 696, 647])
1	0.6318832061096844	0.6389130999951997	([1426, 1231], [1426, 1425, 1231])
1	0.635073688259095	0.6389262399389812	([1445, 1063], [1445, 1403, 1038])
1	0.6387764236994163	0.6389541813705877	([577, 380], [577, 576, 380])
1	0.6253947027031082	0.6389609904761943	([1266, 861], [1266, 1071, 861])
1	0.6338496672067301	0.6389643144317022	([330, 207], [330, 280, 207])
1	0.5974427910842711	0.6389654260478661	([1107, 926], [1107, 1037, 1035])
1	0.6344420376545176	0.6389777071807166	([195, 77], [195, 118, 77])
1	0.6325421122844737	0.6390534767112761	([964, 854], [1438, 964, 871])
1	0.6379359727855215	0.6391218721255565	([1444, 1330], [1444, 1431, 1361])
1	0.6195600169058599	0.6391562846876845	([1070, 1000], [1070, 1063, 1036])
1	0.6217741055192987	0.639161667107026	([207, 56], [200, 175, 55])
1	0.6343033143743068	0.6391985758416013	([1392, 1107], [1397, 1392, 1107])
1	0.6278039922024601	0.639207590973398	([1131, 1061], [1134, 1131, 1057])
1	0.6365485229534134	0.639207590973398	([1183, 1057], [1183, 1134, 1057])
1	0.6102644258140146	0.6392920641703782	([191, 52], [191, 138, 134])
1	0.6190245355624152	0.6393093432850905	([1015, 836], [1078, 1076, 836])
1	0.6382305883185151	0.6393143545488589	([449, 225], [449, 437, 225])
1	0.627631944373236	0.6393206271721933	([1287, 776], [1287, 920, 911])
1	0.6229839645148995	0.6393885356453832	([450, 141], [450, 439, 114])
1	0.6104028574951316	0.6393978620867943	([485, 73], [485, 377, 73])
1	0.6218562375077867	0.6394627184009223	([423, 248], [423, 375, 263])
1	0.6344239194672953	0.6394716527045442	([486, 69], [486, 468, 69])
1	0.6254133812393002	0.6395106093032888	([503, 11], [503, 202, 9])
1	0.6389997091480065	0.6395381971191086	([662, 482], [662, 538, 482])
1	0.6323761035813741	0.6395670127565765	([1419, 1139], [1395, 1179, 1139])
1	0.6313852138155515	0.6395766652356538	([1103, 1009], [1103, 1038, 1009])
1	0.6265309977723743	0.6395766652356538	([1174, 1009], [1174, 1038, 1009])
1	0.6202196524617792	0.6395872196133098	([1459, 940], [1459, 1284, 965])
1	0.6328183603639911	0.6396169398329852	([589, 441], [589, 576, 446])
1	0.6336299537995814	0.6396436744585612	([360, 199], [360, 199, 183])
1	0.6252219348022837	0.6396436744585612	([360, 12], [360, 257, 183])
1	0.603151798236393	0.6396436744585612	([496, 219], [407, 360, 183])
1	0.6273028729090672	0.6396436744585612	([502, 360], [502, 360, 183])
1	0.6375411555372871	0.6396635642505559	([1375, 1210], [1375, 1228, 1210])
1	0.6293404442222565	0.6397189323420948	([1369, 1120], [1369, 1334, 1120])
1	0.6383961085539271	0.639745716809521	([492, 403], [492, 465, 403])
1	0.6374607471200109	0.6397539221569948	([1491, 1300], [1491, 1440, 1439])
1	0.627477207038877	0.6397597818226761	([1022, 977], [1022, 1011, 977])
1	0.5704385073033154	0.639761923899095	([963, 89], [959, 933, 89])
1	0.6101462648096629	0.6397845619309735	([911, 388], [911, 389, 388])
1	0.6360664034213284	0.6397845619309735	([551, 389], [911, 551, 389])
1	0.6351138150434	0.6397913417813835	([327, 224], [364, 327, 224])
1	0.6310538410534751	0.6398006989035189	([677, 119], [677, 377, 119])
1	0.6159762821459026	0.6398282971623094	([913, 197], [372, 250, 189])
1	0.637476948511225	0.6398492693483904	([1170, 883], [1170, 1151, 904])
1	0.6249139244853461	0.639890184387743	([250, 138], [250, 249, 138])
1	0.5156536073771688	0.6399519423647525	([578, 88], [578, 119, 111])
1	0.6385409627244549	0.6399519478416914	([394, 188], [394, 234, 188])
1	0.6180202440717247	0.6399801405036206	([455, 159], [455, 443, 159])
1	0.6278570337467861	0.6400045756693952	([429, 182], [429, 412, 182])
1	0.6286803950600537	0.6400553269830999	([1387, 1174], [1390, 1387, 1174])
1	0.6396603977653905	0.6400699896801776	([1266, 1113], [1266, 1113, 1083])
1	0.6333540471200839	0.6400699896801776	([1278, 1083], [1278, 1266, 1083])
1	0.6237001360423449	0.6400776728697025	([551, 83], [685, 590, 32])
1	0.6314581476855171	0.6401157459599127	([382, 261], [382, 369, 261])
1	0.6281750792450143	0.6401448507654312	([696, 417], [696, 503, 496])
1	0.6089107260647949	0.6401448507654312	([696, 503], [707, 696, 496])
1	0.6390637837682169	0.6401491125882459	([1179, 1017], [1232, 1179, 1017])
1	0.6326641730312763	0.6401541340009905	([1159, 1089], [1159, 1156, 1090])
1	0.6376962592843909	0.6401748392508868	([510, 203], [510, 501, 257])
1	0.6084991998495249	0.6401867515307527	([211, 4], [191, 51, 27])
1	0.6246054621029973	0.6401922916945884	([312, 202], [312, 275, 210])
1	0.6372421891294403	0.6402567624192529	([766, 36], [766, 571, 36])
1	0.6268299146442411	0.6402635286308918	([383, 22], [383, 32, 22])
1	0.6179848788401875	0.640268010974444	([1401, 1136], [1401, 1396, 1136])
1	0.6355021960799511	0.6402867105250656	([976, 954], [976, 966, 948])
1	0.6400335749396037	0.6402936150727804	([1445, 1171], [1445, 1316, 1300])
1	0.6245964499674161	0.6403059528870578	([332, 87], [332, 272, 268])
1	0.6289071735372707	0.6403303291862585	([1378, 1132], [1380, 1318, 1229])
1	0.6302154996338697	0.6403329323384869	([609, 350], [609, 480, 80])
1	0.6300994224334384	0.6403329323384869	([609, 480], [609, 566, 80])
1	0.597326543585311	0.6403924770442206	([431, 62], [431, 429, 62])
1	0.6365990785214988	0.6404113664306111	([664, 442], [664, 578, 560])
1	0.6289206219519515	0.6404369837001763	([844, 755], [844, 838, 755])
1	0.6159145134614796	0.6405699886488571	([855, 542], [855, 813, 576])
1	0.6362224955551921	0.6406215199446323	([528, 34], [580, 531, 528])
1	0.6353277301481062	0.6406508089128689	([1400, 1155], [1400, 1384, 1155])
1	0.6267043707659895	0.6406574037757444	([1289, 778], [1289, 826, 793])
1	0.6387963702235929	0.6407561098314969	([785, 383], [785, 383, 112])
1	0.6361709340461186	0.6408107130474403	([477, 98], [521, 477, 118])
1	0.6176154064026999	0.6408234466129626	([380, 151], [380, 149, 108])
1	0.6365496054690628	0.6408627248936208	([1381, 1134], [1381, 1229, 1227])
1	0.6368298177196375	0.6408841273002385	([685, 486], [685, 674, 486])
1	0.635284509274216	0.6409033255556145	([364, 52], [364, 52, 22])
1	0.6267106144571093	0.6409033255556145	([364, 139], [364, 139, 22])
1	0.6267118796912788	0.6409033255556145	([353, 18], [364, 353, 22])
1	0.6152650251465518	0.6409153521755016	([680, 381], [680, 443, 73])
1	0.6397739033863835	0.6409915426277846	([961, 829], [1301, 961, 829])
1	0.5919864117385866	0.6409920760902097	([592, 35], [667, 570, 121])
1	0.6294177692883645	0.6410136168635187	([430, 225], [430, 426, 225])
1	0.6087955558905548	0.641016016821445	([1421, 80], [1458, 1419, 1399])
1	0.6357277471497961	0.6410294644244363	([128, 58], [128, 71, 58])
1	0.6186442743590863	0.6410740407482514	([1257, 838], [1254, 838, 826])
1	0.6376372135461664	0.6410908325175859	([667, 467], [911, 667, 467])
1	0.6311217516738109	0.641101497092388	([639, 272], [639, 328, 272])
1	0.6321253143912967	0.6411098507443435	([1265, 999], [1265, 1264, 999])
1	0.6285529646958739	0.6411159560388977	([1271, 1081], [1271, 1230, 1098])
1	0.6391489220404202	0.6411534633919329	([1426, 843], [1426, 1266, 843])
1	0.6377667490970341	0.64115666377327	([518, 457], [518, 517, 457])
1	0.6268399397847103	0.6411588054290592	([362, 82], [362, 352, 80])
1	0.6335725507783443	0.6412236511226252	([669, 114], [669, 582, 561])
1	0.638452045813461	0.6412288426486028	([368, 190], [390, 366, 190])
1	0.5364240110895249	0.64126709630284	([923, 455], [923, 390, 193])
1	0.6367365032691497	0.641294838489308	([1369, 1181], [1369, 1348, 1181])
1	0.6248999511236	0.6412979780450642	([436, 186], [436, 234, 186])
1	0.639046086945147	0.6412982058890969	([1365, 1300], [1425, 1365, 1355])
1	0.6404020550635858	0.6413755680614251	([430, 191], [431, 430, 191])
1	0.6411880185410289	0.641510359128393	([1297, 1009], [1297, 1009, 928])
1	0.6407946405081261	0.6415419893464794	([192, 22], [193, 192, 95])
1	0.6323330122644192	0.6415477831939126	([1277, 896], [1267, 1266, 906])
1	0.6323679709028568	0.641604478958869	([1403, 1038], [1403, 1118, 1103])
1	0.6112069405641688	0.641604478958869	([1403, 1173], [1403, 1173, 1103])
1	0.6362456022243305	0.6416416003239055	([460, 131], [460, 261, 126])
1	0.6339929212275783	0.6416511046160195	([1307, 685], [1307, 848, 682])
1	0.6350229644241024	0.6416835624342747	([262, 118], [262, 151, 118])
1	0.5555341604179199	0.6417446582512858	([1269, 921], [1269, 1262, 1261])
1	0.5673750644265885	0.6417475671002134	([924, 264], [924, 395, 245])
1	0.6283023192665925	0.6418433730740789	([929, 246], [929, 447, 246])
1	0.6259855198126387	0.6419084865885769	([1266, 937], [1266, 937, 907])
1	0.6223975697338878	0.6419084865885769	([1278, 936], [1278, 1266, 907])
1	0.6271803813023087	0.6419099800350376	([425, 78], [425, 423, 263])
1	0.633545247186238	0.6419225178203583	([1147, 1077], [1147, 1119, 1058])
1	0.5664578196639568	0.6419726564478029	([346, 81], [352, 346, 327])
1	0.6302995574622425	0.6419746113024439	([389, 186], [389, 387, 122])
1	0.6272696102873007	0.6420219048080252	([349, 27], [349, 245, 122])
1	0.6112084998944606	0.6420680518523652	([929, 144], [929, 376, 368])
1	0.6112395381743295	0.6420734217375982	([807, 46], [807, 462, 46])
1	0.5679415498626652	0.6420783345514617	([496, 88], [744, 496, 80])
1	0.6404621917737867	0.6420783731173811	([692, 610], [692, 661, 660])
1	0.6418366715709343	0.6420822602580236	([599, 491], [599, 568, 480])
1	0.6341721396058771	0.6420885249196445	([429, 251], [429, 391, 251])
1	0.5941811123451912	0.6420891201033775	([278, 84], [347, 278, 267])
1	0.6260134808333401	0.6420948056961241	([849, 466], [928, 848, 466])
1	0.6352269969467867	0.6421076602514721	([545, 385], [545, 441, 378])
1	0.6392441491203831	0.6421410709584994	([1413, 1229], [1413, 1382, 1347])
1	0.6395968392674626	0.6422201844953348	([1444, 1057], [1444, 1063, 1057])
1	0.6374869325110886	0.6422782604952838	([1421, 1252], [1421, 1268, 1266])
1	0.6374471514930177	0.6422817204432386	([1012, 937], [1012, 983, 944])
1	0.6379829857742034	0.6422959065645155	([1399, 1176], [1399, 1389, 1172])
1	0.5987574520653904	0.6422979662782969	([1403, 1116], [1392, 1173, 1107])
1	0.633475830542963	0.6423277633797	([660, 556], [660, 556, 528])
1	0.6374270869868544	0.6423319407099546	([1316, 1153], [1316, 1314, 1153])
1	0.6272243855102964	0.6423434500294208	([711, 651], [715, 711, 651])
1	0.5373051693879055	0.64238140836755	([590, 84], [590, 84, 44])
1	0.6416645541908657	0.6424090177745038	([1126, 1056], [1189, 1187, 1056])
1	0.6338082939130026	0.642464749511591	([414, 191], [414, 391, 191])
1	0.6360567908347403	0.6424941752894535	([697, 654], [711, 697, 654])
1	0.6405430924918208	0.6425080845313895	([668, 483], [668, 585, 483])
1	0.6400676679979018	0.6425194238847066	([1158, 900], [1147, 975, 900])
1	0.6376764288781188	0.6425474909444261	([489, 236], [489, 242, 236])
1	0.6292256536759004	0.642572723179287	([193, 44], [193, 146, 124])
1	0.6215488422921881	0.6425795296194163	([514, 407], [514, 496, 412])
1	0.6022982720776451	0.6425950404824787	([388, 35], [388, 382, 35])
1	0.5121691234111029	0.6426168429358178	([922, 122], [922, 668, 387])
1	0.6400217652853026	0.6426175618916015	([737, 602], [737, 670, 602])
1	0.626847268894689	0.6426731252308335	([1151, 904], [1443, 1170, 1143])
1	0.6284291936616312	0.6426947423253272	([784, 442], [778, 444, 442])
1	0.6138188302655581	0.6427044228239329	([910, 607], [910, 607, 587])
1	0.6391085495933111	0.6428738300547208	([1275, 1073], [1275, 1078, 1073])
1	0.6124726647070978	0.6428738300547208	([1275, 979], [1275, 1266, 1078])
1	0.6263262353035111	0.6429294226530601	([919, 377], [919, 485, 451])
1	0.6243176680395061	0.6429417536613122	([856, 444], [850, 787, 535])
1	0.6134525813098697	0.6429455897278996	([1370, 1098], [1325, 1187, 1098])
1	0.6323158349925423	0.6429962718957938	([962, 802], [1289, 962, 827])
1	0.6135136205335072	0.6430116626133392	([252, 63], [252, 63, 9])
1	0.6208687609044359	0.6430199638329688	([173, 56], [173, 169, 10])
1	0.6341698770695324	0.6430589932333173	([1072, 982], [1072, 1059, 982])
1	0.6362990916643146	0.6431466477567527	([378, 235], [378, 235, 119])
1	0.6407559085692314	0.6431466477567527	([753, 235], [753, 235, 119])
1	0.5625389949323688	0.6432150547270177	([959, 85], [1167, 1150, 86])
1	0.6419356227220142	0.6432153560488506	([1426, 974], [1430, 1426, 974])
1	0.6390653052630155	0.6432244852225717	([788, 35], [788, 666, 593])
1	0.6416571080354396	0.6432291674902046	([356, 174], [356, 174, 166])
1	0.6332089887323508	0.6432732038312627	([576, 73], [576, 116, 31])
1	0.6379124125601062	0.6433519808265553	([1457, 907], [1486, 1457, 907])
1	0.5522275398618463	0.6433667315947678	([924, 156], [924, 146, 68])
1	0.6391775135943096	0.6433670581740771	([341, 175], [343, 341, 221])
1	0.6396199743415191	0.6434177533049672	([336, 212], [336, 273, 272])
1	0.5736977083961369	0.6434195228827537	([1430, 1077], [1426, 1271, 1081])
1	0.6306978310136967	0.6434195228827537	([1402, 1081], [1426, 1402, 1081])
1	0.6321937562248829	0.6434492436391753	([351, 141], [351, 189, 141])
1	0.64263972188907	0.6434875618112215	([1271, 1177], [1271, 1177, 1155])
1	0.6412122149703083	0.6435060691975094	([1272, 924], [1281, 1272, 1261])
1	0.6330063289117196	0.6435449119647019	([1389, 1036], [1389, 1164, 1105])
1	0.6433894319387515	0.6435986196165387	([1424, 83], [1424, 1249, 919])
1	0.6330177769224313	0.643612639753289	([1436, 835], [1436, 839, 835])
1	0.6246574407223408	0.6436363789594043	([1266, 984], [1266, 984, 907])
1	0.6391618790190646	0.643715212132482	([685, 107], [685, 538, 107])
1	0.632975315845291	0.6438053216703632	([1341, 1052], [1341, 1215, 1197])
1	0.625905057043477	0.6438211999643011	([704, 648], [704, 696, 647])
1	0.63904422625248	0.6438221862075226	([1318, 1126], [1337, 1318, 1126])
1	0.6188297303538784	0.6438784472850921	([715, 613], [715, 696, 670])
1	0.5560555079704105	0.6439654263171298	([922, 549], [922, 816, 549])
1	0.6385238827460314	0.6439879527320065	([394, 64], [394, 121, 18])
1	0.6417837645601785	0.6439963602605159	([1155, 945], [1155, 1146, 936])
1	0.6413281971096003	0.6440382387074343	([295, 203], [295, 293, 203])
1	0.6389132478673936	0.6440405807006873	([642, 327], [642, 639, 327])
1	0.6285327879663308	0.6440560290859316	([1269, 1139], [1269, 1263, 1232])
1	0.6411649393886443	0.644062083693232	([647, 257], [653, 647, 183])
1	0.6353634572825531	0.6441228627045518	([167, 59], [174, 167, 59])
1	0.64233180851543	0.6441228627045518	([199, 59], [199, 174, 59])
1	0.5767729029363897	0.6441411071423311	([385, 87], [456, 411, 395])
1	0.6360908779226366	0.6442925159253912	([1390, 1250], [1390, 1250, 1232])
1	0.6371197260355056	0.6442955197356351	([1244, 808], [1244, 919, 817])
1	0.6371987792293553	0.6443370061320391	([1141, 909], [1244, 1141, 920])
1	0.6316848838876278	0.6443488289525132	([1138, 1010], [1086, 1062, 1010])
1	0.6357051812483895	0.6443576596563261	([1138, 991], [1138, 1010, 992])
1	0.643822299711348	0.6443942899917752	([1291, 842], [1291, 855, 842])
1	0.6330302354592016	0.6444160424655425	([372, 123], [372, 245, 189])
1	0.6412745687556783	0.6445341694603288	([422, 39], [422, 195, 39])
1	0.632904888624412	0.6446026430196387	([402, 246], [402, 400, 246])
1	0.6446178629758957	0.644618174358146	([1241, 829], [1247, 1241, 829])
1	0.6132514258208458	0.644625132446474	([1151, 930], [1151, 1141, 930])
1	0.6287221487072192	0.6446868722263697	([488, 262], [461, 460, 262])
1	0.6409910107378138	0.6447103998675747	([131, 56], [131, 56, 51])
1	0.642051014507396	0.6447217435637126	([270, 62], [270, 211, 201])
1	0.5373747403934755	0.6447740743709258	([1066, 80], [1440, 917, 909])
1	0.6334615894488014	0.6447787721044865	([660, 127], [662, 558, 127])
1	0.6440072028222262	0.6447901628379411	([672, 242], [930, 675, 672])
1	0.6164664714913158	0.6447901628379411	([1244, 672], [1244, 930, 672])
1	0.5687440416772377	0.6448386090501612	([1268, 922], [1440, 1268, 1233])
1	0.6323726314548013	0.6448519090768662	([664, 102], [684, 664, 72])
1	0.6390856833193672	0.6448648956959858	([380, 21], [380, 33, 21])
1	0.5871602811318704	0.6449025679816207	([265, 121], [265, 240, 121])
1	0.638241922353463	0.6449081100054943	([974, 860], [974, 944, 907])
1	0.6345510422368251	0.6449448189507596	([1346, 1201], [1346, 1201, 1187])
1	0.6394654240524098	0.6450058914686347	([1414, 1012], [1414, 1325, 1277])
1	0.6301809306328052	0.6450065446599974	([1318, 1176], [1318, 1229, 1160])
1	0.6064201965585676	0.6450096050300667	([1096, 1011], [1096, 1039, 1010])
1	0.6398813317189348	0.6450329798320894	([731, 640], [731, 711, 640])
1	0.6442887326764205	0.6450443467570407	([1067, 661], [1067, 832, 826])
1	0.6376936388777245	0.6450463132962169	([1176, 944], [1176, 1149, 945])
1	0.5590075040914307	0.645150030517598	([926, 102], [926, 111, 73])
1	0.6377428976718905	0.6451723432046544	([492, 145], [492, 489, 145])
1	0.6244133744984441	0.6451823303928823	([1113, 1012], [1161, 1130, 1048])
1	0.6401067887084829	0.6451997621716777	([1174, 80], [1174, 1172, 80])
1	0.642916270155029	0.6452345450223111	([849, 385], [765, 576, 379])
1	0.6379231263226532	0.6452458592311027	([1390, 1066], [1390, 1110, 1103])
1	0.6356478791940041	0.6452939049686383	([1278, 1149], [1361, 1278, 1149])
1	0.6275497599697403	0.6452982948460544	([1303, 688], [1436, 1303, 756])
1	0.6409100932372384	0.6453329422587147	([744, 653], [744, 720, 647])
1	0.6442820820175967	0.6453330890843906	([1275, 1146], [1275, 1273, 1146])
1	0.6406185587041876	0.6453782413205685	([829, 476], [829, 779, 473])
1	0.6442587408118732	0.6455483230342538	([723, 659], [751, 723, 693])
1	0.633977516034165	0.6455615972772438	([260, 28], [260, 122, 48])
1	0.6344352690416687	0.6456131926728264	([816, 691], [827, 816, 691])
1	0.6344597427492206	0.6457731866441907	([1125, 1049], [1377, 1227, 1125])
1	0.6263508212536645	0.6457781362085021	([522, 263], [522, 466, 242])
1	0.6105525309382075	0.645812704573556	([688, 28], [688, 118, 28])
1	0.6325584415649574	0.6458241127966522	([706, 653], [744, 703, 697])
1	0.5344496132519749	0.6458278746648847	([1099, 84], [959, 928, 840])
1	0.6457125122022276	0.6458818459612461	([1057, 981], [1057, 1029, 1013])
1	0.6412158240586525	0.6459006629850075	([596, 158], [596, 579, 158])
1	0.6456731763646061	0.645927617413162	([844, 456], [844, 830, 812])
1	0.5861753182211615	0.6459482495724727	([816, 103], [816, 103, 40])
1	0.6359079464516567	0.6459570649261199	([1104, 971], [1141, 1104, 971])
1	0.6375027331975881	0.6460146659146788	([1372, 1112], [1372, 1358, 1112])
1	0.6414578437010322	0.6461284871806282	([514, 62], [514, 503, 62])
1	0.6399929405636896	0.6461503887419385	([1423, 969], [1423, 969, 913])
1	0.6220185910481302	0.6462635474146043	([483, 193], [483, 457, 193])
1	0.6425137659491256	0.6462912565286963	([437, 158], [437, 234, 158])
1	0.64620072361311	0.6462936697331539	([707, 433], [707, 696, 433])
1	0.6308373855720253	0.6463294015355273	([1110, 928], [1165, 1110, 928])
1	0.6270770361883047	0.6463629790754362	([681, 440], [681, 664, 236])
1	0.6351784148684403	0.6465419876418419	([1146, 936], [1174, 1038, 1022])
1	0.6042528873039231	0.6466016969708012	([1077, 836], [1078, 975, 974])
1	0.6326965497470995	0.646653807852538	([1356, 1112], [1356, 1322, 1119])
1	0.6084518607214644	0.6466768005048936	([1303, 89], [1303, 963, 920])
1	0.6460233344936678	0.6466814361612064	([177, 63], [177, 131, 80])
1	0.6239978190888386	0.6466837932047635	([1441, 1070], [1441, 1425, 1070])
1	0.6382751603252848	0.646695663826284	([1352, 1205], [1352, 1205, 1191])
1	0.6440967152502064	0.6467089621017823	([1432, 865], [1432, 920, 842])
1	0.6342455430540092	0.6467437941555224	([172, 96], [172, 156, 96])
1	0.6374121000396107	0.6467628356892743	([493, 363], [494, 493, 363])
1	0.6467436520584913	0.6467666007334111	([1471, 1413], [1475, 1471, 1413])
1	0.6362080850135664	0.6467717206047335	([566, 148], [566, 380, 151])
1	0.6431092733213216	0.646811612291648	([1241, 518], [1241, 780, 767])
1	0.6182961790735432	0.6468196292888065	([131, 8], [133, 131, 51])
1	0.6280684252644193	0.6468549401536399	([1378, 1200], [1378, 1335, 1325])
1	0.6333856000102503	0.6469198779243818	([1070, 967], [1070, 1001, 967])
1	0.6446301814771911	0.6469456052900188	([630, 338], [630, 628, 322])
1	0.6380384595990363	0.6470497301034533	([1396, 929], [1396, 1393, 928])
1	0.6351797131705466	0.6470706767883103	([588, 96], [588, 110, 96])
1	0.6332960000507256	0.6471064373224341	([1409, 1084], [1428, 1409, 1084])
1	0.6186467427281075	0.6471777310203171	([997, 870], [1233, 1006, 870])
1	0.6408828152679593	0.6471780853728034	([431, 10], [431, 55, 12])
1	0.6437868096165342	0.6471919783457332	([1425, 859], [1425, 926, 861])
1	0.632934798231926	0.6472139719699742	([849, 41], [849, 121, 118])
1	0.6139592098213743	0.6472139719699742	([849, 118], [849, 466, 121])
1	0.6106038815211086	0.6472419579828302	([504, 258], [504, 503, 258])
1	0.6222578862570863	0.6473461620862718	([193, 95], [192, 141, 80])
1	0.639351335132954	0.6473794302230783	([1310, 549], [1310, 919, 549])
1	0.6441992914621266	0.6473855264890257	([1399, 1135], [1403, 1399, 1135])
1	0.6358557998050487	0.647410342798131	([845, 449], [845, 460, 449])
1	0.5076191280783653	0.6474570691121034	([922, 759], [1242, 922, 782])
1	0.6304764219423913	0.6474630033543777	([1474, 1375], [1474, 1401, 1384])
1	0.6212049603352351	0.6474633003461876	([921, 220], [921, 235, 220])
1	0.6446959765230942	0.6474935962432031	([474, 82], [475, 474, 82])
1	0.6193453448636761	0.6475211769717978	([433, 223], [433, 360, 257])
1	0.633973347997575	0.6475211769717978	([501, 432], [501, 433, 257])
1	0.6350218536996363	0.6475232540315023	([429, 82], [429, 421, 82])
1	0.6320402724633775	0.647572511300978	([423, 28], [427, 423, 28])
1	0.6454764299066366	0.6476500946578324	([541, 376], [541, 521, 376])
1	0.6312111001431615	0.6476530129557881	([1475, 1113], [1475, 1369, 1113])
1	0.644738364308424	0.6477428963431414	([1385, 1114], [1385, 1367, 1114])
1	0.6373200602678182	0.6477587595436213	([1496, 1039], [1496, 1397, 1391])
1	0.6395870721288333	0.6477667335763267	([843, 670], [843, 835, 670])
1	0.5785303053022893	0.6477987740888068	([818, 87], [818, 770, 573])
1	0.6460880936415417	0.6478240282305661	([420, 128], [420, 405, 129])
1	0.6467702882206475	0.6478807483547027	([1271, 877], [1271, 1266, 907])
1	0.6442490319478196	0.6479334901824236	([699, 604], [699, 670, 604])
1	0.6471485612212595	0.647962609998239	([1460, 883], [1460, 887, 883])
1	0.6408375061249254	0.647962609998239	([1440, 887], [1460, 1440, 887])
1	0.6274900865214307	0.6480541996014891	([1169, 1070], [1169, 1107, 1070])
1	0.6479657462343373	0.6480663274882114	([261, 27], [261, 237, 27])
1	0.6475217187922325	0.6480967344409827	([400, 103], [400, 242, 194])
1	0.5981801063523224	0.6481128534816056	([936, 898], [1436, 1431, 835])
1	0.6477749792046371	0.6481416410834909	([521, 260], [521, 260, 122])
1	0.6447028769873828	0.6481562876021254	([1098, 1032], [1162, 1098, 1032])
1	0.6265411281641431	0.648190695163142	([928, 130], [928, 130, 122])
1	0.6451547739366597	0.6482035949294584	([1375, 1180], [1375, 1180, 1119])
1	0.6384601625960565	0.6482083510524465	([632, 316], [634, 632, 316])
1	0.6433114052947752	0.648295315868613	([366, 21], [366, 262, 86])
1	0.6183176748978934	0.6483080055849891	([368, 134], [368, 190, 138])
1	0.6240324585303427	0.648331179844577	([661, 425], [661, 581, 444])
1	0.6453858343960246	0.6483397676013047	([259, 53], [259, 184, 16])
1	0.6455055834631723	0.6483875294941637	([1480, 862], [1480, 1441, 937])
1	0.6091290427223242	0.6483973097488943	([910, 657], [910, 657, 587])
1	0.6375116448600896	0.6484544667819613	([868, 368], [910, 868, 374])
1	0.6220894858241032	0.6485077618522993	([509, 82], [509, 500, 82])
1	0.6172733142892153	0.6485196522746369	([248, 19], [248, 50, 31])
1	0.62572022586414	0.6485237578103853	([198, 130], [198, 130, 80])
1	0.615353764191723	0.6485254388962941	([845, 460], [831, 814, 442])
1	0.647009557644928	0.6485333463014764	([1000, 859], [1000, 990, 865])
1	0.635300754181804	0.6485532155787691	([1106, 979], [1106, 1097, 979])
1	0.6476223978355183	0.6485727217433955	([489, 66], [489, 145, 66])
1	0.6479628992155855	0.6485731941911841	([1382, 1059], [1382, 1131, 1059])
1	0.6344112400562834	0.6485830559445228	([465, 352], [465, 352, 120])
1	0.5613500542952808	0.6487045942356358	([1002, 921], [1300, 1002, 928])
1	0.6318362062456163	0.6487352441389508	([1422, 1105], [1422, 1390, 1105])
1	0.6412585656548515	0.6487394458213885	([806, 44], [806, 569, 44])
1	0.639088273917592	0.648770055515494	([1374, 1058], [1374, 1372, 1058])
1	0.6444619772399535	0.648771911793102	([1379, 1047], [1379, 1122, 1048])
1	0.6350753762575873	0.6487976396243677	([1496, 1027], [1496, 1058, 1039])
1	0.6385682321587635	0.6488759259054298	([1230, 1055], [1230, 1135, 1041])
1	0.6394179340933333	0.648908700628706	([786, 42], [786, 462, 453])
1	0.5532909559494353	0.6489131955920329	([1281, 87], [1281, 775, 760])
1	0.6407691093686	0.6489131955920329	([1281, 808], [1281, 808, 775])
1	0.6473918730844023	0.6489600979934208	([1150, 1039], [1167, 1150, 1039])
1	0.6419155324011008	0.648979694416675	([405, 184], [405, 235, 189])
1	0.6418665581310103	0.6490876112283185	([764, 120], [764, 674, 115])
1	0.6306837415734555	0.6491012705954621	([194, 15], [194, 136, 15])
1	0.6282690148424868	0.6491012705954621	([450, 15], [450, 136, 15])
1	0.6372523897285083	0.6491313496320309	([357, 11], [360, 357, 11])
1	0.6352829189235168	0.6491416534728632	([441, 1], [441, 262, 86])
1	0.6282313188799984	0.6491486912862214	([418, 198], [419, 418, 198])
1	0.6258521481219171	0.6491757459953423	([649, 343], [641, 639, 327])
1	0.6334720150632541	0.6492372064630114	([659, 447], [681, 659, 440])
1	0.6478348606596885	0.6492612508113677	([286, 8], [301, 286, 8])
1	0.6481843210057944	0.6493042788231397	([253, 15], [260, 253, 15])
1	0.6161661036206192	0.649327831145201	([913, 416], [913, 416, 411])
1	0.6325199377466769	0.6493544867414262	([634, 341], [637, 634, 344])
1	0.6442296426056762	0.6494191310073452	([984, 863], [984, 907, 863])
1	0.591103872189413	0.649466079599338	([969, 87], [969, 938, 922])
1	0.6319449700637004	0.6495174199040363	([664, 380], [673, 664, 380])
1	0.6431060363929337	0.649540691510786	([1072, 884], [1072, 884, 861])
1	0.6375518077988303	0.6495461278505791	([371, 65], [371, 187, 65])
1	0.6350050044620911	0.6496195487994956	([1361, 1147], [1278, 1107, 1084])
1	0.6416467058534102	0.6496553548685308	([839, 673], [850, 839, 662])
1	0.6431471619503301	0.6496683714814272	([1071, 86], [1086, 1084, 86])
1	0.6275178004783108	0.6496723388848779	([779, 82], [779, 578, 82])
1	0.6379182099636291	0.6496753762726362	([1411, 1183], [1411, 1370, 1183])
1	0.6436995111609686	0.649734082477953	([789, 399], [789, 757, 399])
1	0.593885888259054	0.6497660319919527	([917, 68], [917, 68, 41])
1	0.6331420220386842	0.6497847276913378	([1096, 1065], [1096, 1078, 1075])
1	0.6157664247896987	0.649832790465224	([918, 247], [918, 379, 247])
1	0.6424936021272097	0.6499252245711361	([405, 129], [405, 184, 129])
1	0.6484117414718733	0.6499453832366996	([513, 415], [514, 513, 415])
1	0.6266192819270783	0.6499930803278253	([845, 592], [845, 765, 587])
1	0.617198675213894	0.6500219321445889	([204, 5], [204, 200, 5])
1	0.6418662129201522	0.6500357970688988	([966, 751], [966, 962, 753])
1	0.6471373830352083	0.650056258423291	([790, 101], [816, 790, 103])
1	0.6410456143775581	0.6500639181077872	([523, 16], [535, 523, 16])
1	0.649890914263668	0.6501071080974881	([725, 360], [748, 725, 360])
1	0.6492336967424875	0.6501071080974881	([877, 360], [877, 748, 360])
1	0.6257874754730839	0.6501111277964176	([1148, 975], [1149, 1148, 945])
1	0.580832142893314	0.6501241200219026	([922, 450], [922, 487, 450])
1	0.6357976430321961	0.6501300504026758	([748, 200], [725, 496, 412])
1	0.6300072522538075	0.650142515577791	([1123, 1054], [1130, 1123, 1054])
1	0.6389468523791058	0.6501976338230993	([136, 53], [143, 136, 53])
1	0.6464450391954187	0.650237717179094	([1038, 970], [1038, 988, 970])
1	0.560362278056429	0.6502519497210587	([1394, 84], [1371, 1103, 1096])
1	0.6220559681465994	0.6502873806672732	([1019, 876], [1019, 989, 911])
1	0.5910728977230031	0.6503510954152738	([1137, 925], [1315, 1140, 928])
1	0.6446715702903476	0.6503854918041887	([368, 23], [368, 349, 23])
1	0.6491188976241845	0.6503961156896477	([491, 97], [491, 451, 97])
1	0.6406693650467112	0.6504428517040785	([1423, 1017], [1423, 1168, 1144])
1	0.6185106755874519	0.6504462607647106	([930, 124], [930, 576, 73])
1	0.6490097927472278	0.650473289812715	([768, 440], [852, 768, 440])
1	0.6326275660588226	0.6505401576175505	([503, 344], [503, 344, 215])
1	0.5432357511729972	0.6506344371605797	([1306, 84], [1306, 1244, 817])
1	0.6489325210656464	0.6506833399681309	([764, 521], [764, 673, 574])
1	0.6190042554212548	0.650703358171823	([1130, 1048], [1113, 1061, 1034])
1	0.6371672846439842	0.6507398919051073	([760, 477], [760, 537, 466])
1	0.6475996834807881	0.6507462035374131	([789, 99], [789, 582, 573])
1	0.6489296307432402	0.6507918801182652	([1266, 1137], [1266, 1137, 1115])
1	0.6303226546082744	0.650808481826826	([1469, 1352], [1469, 1452, 1317])
1	0.627169273443516	0.6508249090783079	([1440, 968], [1440, 968, 938])
1	0.6506188890671047	0.6508423082032939	([1427, 1062], [1427, 1266, 1251])
1	0.6466120646892678	0.650849462910533	([587, 163], [587, 163, 150])
1	0.6405635762417344	0.6509503405930863	([653, 183], [647, 602, 496])
1	0.6323084046657875	0.6509503405930863	([602, 496], [696, 647, 496])
1	0.6386465365975761	0.6509507295957642	([1187, 1056], [1189, 1123, 1054])
1	0.6460116542433328	0.650954777740484	([551, 52], [551, 153, 83])
1	0.6420727098461594	0.6509585467964392	([1265, 880], [1265, 929, 902])
1	0.6246083093082423	0.6509585467964392	([1444, 903], [1444, 1265, 902])
1	0.6503950759719178	0.6509735328199486	([555, 94], [574, 555, 94])
1	0.6422417309046576	0.650983295368087	([1449, 1149], [1486, 1441, 1149])
1	0.6485219096420526	0.6510456319601297	([768, 695], [768, 695, 684])
1	0.6388089223581191	0.6510675547694629	([1496, 975], [1496, 975, 936])
1	0.6494303918515935	0.6510675547694629	([1483, 936], [1496, 1483, 936])
1	0.6297726478735347	0.6511149548143427	([724, 646], [724, 721, 646])
1	0.6507474396455609	0.6511804625161225	([1361, 1034], [1361, 1076, 1026])
1	0.6423821904837089	0.6512017314253572	([658, 451], [658, 593, 546])
1	0.6110696380894736	0.651262491654908	([1377, 1053], [1125, 1123, 1049])
1	0.6455377497691536	0.6512975555904018	([419, 73], [419, 388, 97])
1	0.6507103578439771	0.6514216274326987	([410, 27], [410, 388, 27])
1	0.6466682789374038	0.6514511445025856	([838, 694], [838, 694, 684])
1	0.644930067925179	0.6514555452687361	([1070, 837], [1070, 1066, 842])
1	0.6470721401895777	0.6514620580568922	([1355, 1010], [1355, 1139, 995])
1	0.6482842449935253	0.6514730432392377	([409, 253], [419, 409, 253])
1	0.6462372951145474	0.6515971251663736	([1251, 967], [1266, 1251, 967])
1	0.6442361025401973	0.6516316509161503	([1272, 1059], [1417, 1316, 1059])
1	0.6393469547325424	0.6516783720717466	([929, 658], [929, 857, 658])
1	0.6453676570792832	0.6518518702998566	([963, 777], [1291, 963, 777])
1	0.6095577963579613	0.6519372902365946	([1441, 937], [1480, 1271, 1266])
1	0.639156829694826	0.6519498537536795	([257, 5], [257, 203, 5])
1	0.6309038909193518	0.6519609525884288	([425, 164], [425, 248, 234])
1	0.6470415432653601	0.6519695399372523	([1085, 981], [1085, 1079, 981])
1	0.6327429668008994	0.6519838043126267	([738, 648], [748, 738, 648])
1	0.6435084071578181	0.6520138843353636	([411, 169], [416, 411, 169])
1	0.6217909150280699	0.6520247507333116	([1378, 1052], [1378, 1377, 1052])
1	0.6445903517984923	0.6520587473738299	([942, 859], [1000, 950, 859])
1	0.6448189494371531	0.6520755053259789	([676, 16], [676, 526, 523])
1	0.6369252683339296	0.652112397338126	([865, 752], [865, 849, 752])
1	0.6478074049321355	0.6522343413241543	([803, 248], [803, 450, 442])
1	0.6431853887969733	0.6522415350624132	([644, 353], [644, 353, 250])
1	0.5146275028619587	0.652265918633764	([374, 81], [367, 86, 79])
1	0.645700221644255	0.6523442581629039	([1360, 1038], [1445, 1360, 1316])
1	0.6472982366893035	0.6524169553706697	([1105, 1002], [1105, 1102, 928])
1	0.6217251653890602	0.6524169553706697	([1297, 1105], [1297, 1105, 928])
1	0.5229402978319594	0.6524422127692919	([792, 84], [819, 536, 83])
1	0.5870531673880554	0.6524513965613731	([917, 600], [917, 600, 580])
1	0.6372818896744106	0.6525688395366224	([345, 4], [345, 174, 4])
1	0.6512771323448701	0.6525795252790365	([819, 658], [819, 788, 658])
1	0.6509084271163214	0.6525892519093154	([1421, 1099], [1421, 1270, 1252])
1	0.6418948513629327	0.6525907227291922	([444, 196], [444, 196, 161])
1	0.6488341290436741	0.6526127890016915	([971, 881], [971, 935, 881])
1	0.6477754850158006	0.6526335451057289	([185, 54], [199, 185, 54])
1	0.6371440926588333	0.6526335451057289	([433, 54], [433, 199, 54])
1	0.6412836178556175	0.6526414413466846	([1459, 869], [1459, 1284, 868])
1	0.6368553241399652	0.6526435228890348	([433, 170], [433, 199, 174])
1	0.6526540608023863	0.6526623531044051	([640, 346], [640, 348, 346])
1	0.6389722743904547	0.6527058705191007	([328, 122], [349, 329, 328])
1	0.6437559252593699	0.6527633788518961	([1427, 1222], [1427, 1324, 1222])
1	0.48584251030263625	0.6527991121410187	([931, 759], [931, 771, 578])
1	0.6391165302143205	0.6528294226645915	([494, 53], [494, 85, 66])
1	0.6294211363841729	0.6528812556635064	([831, 115], [831, 773, 379])
1	0.6309459446347859	0.6528896041837473	([961, 685], [961, 918, 685])
1	0.6464576874130518	0.6529074706762816	([758, 454], [758, 752, 454])
1	0.65033740078449	0.6529280250430988	([348, 177], [327, 278, 177])
1	0.6456243333928755	0.6529498192777725	([1402, 1163], [1402, 1364, 1163])
1	0.6346972526730181	0.6531394438426504	([592, 90], [592, 153, 90])
1	0.6253384559111759	0.6532823062471766	([586, 389], [586, 561, 389])
1	0.5756151425863324	0.6533303011627207	([921, 368], [921, 368, 79])
1	0.6340558416136137	0.6533809462459736	([556, 435], [556, 452, 435])
1	0.5029762630912421	0.6534241072661057	([931, 689], [931, 759, 689])
1	0.6424765650033057	0.6534497618777471	([1065, 225], [1065, 913, 352])
1	0.6508295328933246	0.6534784933151283	([467, 249], [467, 249, 137])
1	0.6471937582108395	0.6535618899129836	([803, 43], [803, 89, 35])
1	0.6499084039246504	0.6536600010097663	([495, 22], [495, 494, 22])
1	0.6487369430360123	0.6536667753558473	([347, 129], [420, 347, 129])
1	0.6506672599050947	0.6536900398364582	([858, 559], [858, 591, 559])
1	0.5396572529866256	0.6536970362980418	([1166, 923], [1255, 1166, 1142])
1	0.6344989456322218	0.6537049342569392	([1449, 980], [1430, 1417, 980])
1	0.646482419014631	0.6537076856340647	([598, 457], [660, 598, 584])
1	0.6338029301570209	0.6537156361125764	([920, 496], [920, 496, 491])
1	0.6413217951471911	0.6537254457045394	([1081, 976], [1081, 1078, 976])
1	0.6535513744025923	0.6537818285292282	([1146, 861], [1146, 936, 862])
1	0.6490974653320205	0.6537993108906909	([1461, 966], [1461, 1425, 949])
1	0.6287098704478867	0.6538806825965772	([412, 5], [514, 412, 5])
1	0.637155936916834	0.6539513833781166	([1232, 866], [1232, 866, 842])
1	0.6428071317547498	0.6539514093104882	([658, 385], [658, 546, 545])
1	0.646163524472282	0.6539823453188212	([1464, 1012], [1464, 1274, 1012])
1	0.6529435141921703	0.6540020871820251	([1157, 1014], [1157, 1114, 1014])
1	0.6294042310484639	0.6540550997405155	([665, 148], [665, 660, 148])
1	0.6230937377145592	0.6540767855338189	([514, 252], [510, 504, 207])
1	0.6473222375470432	0.6540872559307027	([685, 188], [918, 685, 188])
1	0.6365971239854551	0.6540897572794875	([946, 879], [946, 936, 879])
1	0.6483516625789253	0.6540983102575727	([223, 13], [223, 184, 13])
1	0.6315704779744665	0.6541164595270814	([858, 591], [858, 848, 559])
1	0.6528777650096688	0.6541631250868039	([427, 165], [427, 234, 189])
1	0.6429016311800775	0.6541876799538254	([1469, 1378], [1472, 1469, 1378])
1	0.6381771281847803	0.654198592513263	([662, 397], [662, 443, 397])
1	0.6507532774650745	0.6542546075466666	([1230, 704], [1230, 936, 706])
1	0.6410496520928635	0.6543327581858093	([1478, 1095], [1478, 1393, 1095])
1	0.6485742838984478	0.6543390975325147	([934, 887], [934, 909, 875])
1	0.647796063507677	0.6543802628817555	([716, 615], [716, 696, 647])
1	0.6514887032962967	0.6544494910112747	([827, 107], [827, 107, 71])
1	0.554929587640159	0.654458686373099	([152, 88], [250, 152, 138])
1	0.6507954158328395	0.654473533933154	([1451, 1037], [1451, 1423, 1141])
1	0.6484600459134162	0.6545045342453247	([699, 499], [738, 699, 694])
1	0.6433578462292813	0.654509188232055	([1493, 884], [1493, 1481, 884])
1	0.6450184661857034	0.654520615831397	([1070, 907], [1441, 1070, 907])
1	0.6542038380922849	0.6545405265986456	([478, 94], [478, 123, 102])
1	0.6418353705815707	0.6545503994623328	([1153, 940], [1153, 1036, 994])
1	0.6499270713972922	0.6545836385329012	([601, 552], [601, 591, 552])
1	0.6268197324861265	0.6545970193889804	([492, 261], [492, 478, 261])
1	0.6449803427638557	0.6546040249424443	([404, 140], [404, 140, 94])
1	0.6239795381567632	0.6546304890840723	([983, 899], [983, 936, 935])
1	0.6540712013576145	0.6546329853319564	([501, 361], [507, 501, 361])
1	0.6546249717452062	0.654648741003087	([991, 838], [991, 918, 838])
1	0.6418729375298133	0.6546621458829094	([933, 581], [933, 919, 581])
1	0.6523668226708649	0.6546825643686263	([1451, 1080], [1451, 1397, 1080])
1	0.6524575840325727	0.6547179086367536	([945, 700], [945, 907, 843])
1	0.6463148085019527	0.6547792197707243	([1087, 978], [1079, 1060, 978])
1	0.5373583106340195	0.6547891609171359	([590, 81], [676, 590, 81])
1	0.6362141948533957	0.6547987201597897	([1251, 1080], [1266, 1251, 1071])
1	0.647697213764751	0.6548018146817423	([1431, 979], [1448, 979, 937])
1	0.6437631585146344	0.6548140356555127	([130, 24], [130, 120, 80])
1	0.6481813683756952	0.6548592255835783	([712, 643], [728, 643, 612])
1	0.646599481364105	0.6548686728300427	([868, 694], [868, 844, 688])
1	0.6503137974772134	0.6548944792271599	([1417, 1182], [1417, 1407, 1182])
1	0.6515556516896797	0.6550019080023504	([535, 249], [535, 249, 117])
1	0.6441872771010443	0.655029075887993	([1421, 900], [1426, 1421, 836])
1	0.6146377343512922	0.6550346087273322	([719, 638], [725, 719, 641])
1	0.6482221946467553	0.6550996737868621	([1420, 1180], [1420, 1327, 1180])
1	0.6549844678473018	0.6551293885766679	([1238, 676], [1238, 801, 783])
1	0.6367788420930864	0.655129430258156	([1444, 934], [1459, 1444, 934])
1	0.6346588244230881	0.6551520394349931	([404, 94], [404, 385, 98])
1	0.5317038827568884	0.6551897940580089	([926, 520], [926, 545, 520])
1	0.6258150121609672	0.6551949386567134	([473, 402], [473, 464, 402])
1	0.6434321822332909	0.6552208056785696	([696, 356], [696, 496, 80])
1	0.6458444758232876	0.6553170550152182	([1174, 938], [1174, 977, 938])
1	0.6482909371601848	0.655334379122784	([1474, 1120], [1474, 1353, 1120])
1	0.6357169362429561	0.6553368229779296	([1327, 975], [1327, 1316, 936])
1	0.6419384676165749	0.6553437155457277	([656, 82], [656, 448, 396])
1	0.6414120456186272	0.6553437155457277	([656, 398], [928, 656, 396])
1	0.6457540005402381	0.6554476664868727	([284, 10], [284, 215, 10])
1	0.6529795403819469	0.6554652718378171	([493, 139], [491, 466, 139])
1	0.64501045071586	0.6555323647594435	([1489, 963], [1489, 1314, 1254])
1	0.6205051880816377	0.6555898478667003	([1482, 1062], [1482, 1270, 1266])
1	0.6466004876304271	0.6555965639600116	([1148, 896], [1148, 937, 907])
1	0.6475718152988196	0.655631178187972	([806, 372], [806, 463, 460])
1	0.6261036004382896	0.655645781300279	([690, 373], [690, 677, 382])
1	0.6546539606980651	0.6556632437128105	([1412, 1106], [1412, 1266, 1113])
1	0.6452598150608213	0.6557203959821383	([500, 86], [517, 500, 475])
1	0.6362886556811425	0.6557756035636357	([1343, 1047], [1372, 1343, 1040])
1	0.6430935483996552	0.6557894793601539	([339, 176], [339, 206, 176])
1	0.6472305178792972	0.6558164386456176	([491, 421], [521, 491, 400])
1	0.6509396504369285	0.6558164386456176	([564, 395], [564, 521, 400])
1	0.6381348012806207	0.6558339331002409	([648, 495], [648, 502, 357])
1	0.6472949774229768	0.6558583093695077	([747, 221], [747, 515, 417])
1	0.6438495621826735	0.6558603413126741	([1062, 860], [1271, 1081, 877])
1	0.6355739751966343	0.6558651919950115	([1080, 911], [1170, 1080, 911])
1	0.6349944621120499	0.6558855550007595	([505, 366], [505, 498, 366])
1	0.5578674997201207	0.6558891329103363	([552, 88], [552, 88, 79])
1	0.639848507699009	0.6558972210790203	([1252, 867], [1252, 1004, 966])
1	0.6539356954925333	0.655942082599031	([1323, 1082], [1323, 1115, 1082])
1	0.6402098849933855	0.6559477394685996	([1162, 1043], [1098, 1060, 1014])
1	0.6529926712720281	0.6559525749544826	([759, 74], [759, 756, 74])
1	0.6550622567150314	0.6560467890067425	([276, 181], [276, 201, 181])
1	0.5427806955030257	0.6560565069505618	([989, 84], [1143, 989, 929])
1	0.641315031114429	0.6560974368686756	([640, 306], [640, 639, 328])
1	0.6503937738003477	0.6561060348240727	([1422, 970], [1494, 1425, 970])
1	0.6517957954987676	0.6561677140054697	([1335, 1042], [1196, 1129, 1086])
1	0.6430603599788004	0.6561848348310599	([641, 204], [653, 641, 204])
1	0.6483008160870329	0.6562212346916141	([598, 377], [598, 579, 377])
1	0.5884687531243747	0.6563029523607512	([924, 711], [924, 711, 692])
1	0.6485837643277816	0.656306484254664	([152, 13], [128, 58, 13])
1	0.6229973535787582	0.656363973497119	([930, 401], [930, 533, 401])
1	0.6525834467626968	0.6564059175390095	([674, 39], [769, 674, 39])
1	0.6284505422531514	0.6564141219451882	([301, 176], [301, 281, 176])
1	0.5226375232319297	0.6564275209596907	([520, 84], [520, 494, 479])
1	0.6437710686368326	0.6564561330566226	([1369, 1044], [1383, 1119, 1058])
1	0.6480853748139576	0.6565324903671946	([790, 157], [790, 157, 41])
1	0.6557256628797318	0.6565826143516809	([499, 418], [499, 495, 428])
1	0.6540402513784509	0.6566899838953649	([679, 260], [679, 260, 38])
1	0.6505269104041241	0.6567293312328825	([1355, 1272], [1403, 1355, 1329])
1	0.6418478522783726	0.6567872122065709	([1453, 1156], [1453, 1229, 1159])
1	0.6535621165383947	0.6568311512964286	([728, 348], [728, 640, 612])
1	0.650665576171994	0.6568372200761782	([1074, 937], [1074, 937, 836])
1	0.6531682802671781	0.6568638444312292	([1320, 1013], [1320, 1278, 1013])
1	0.6151091892869284	0.6568809539837551	([687, 66], [687, 592, 66])
1	0.6481155119224712	0.6568904122841158	([907, 700], [936, 907, 700])
1	0.6526421487564161	0.6568990860270816	([1140, 640], [1140, 1104, 640])
1	0.6483364500418509	0.6569436493557205	([500, 256], [500, 256, 198])
1	0.6375514357765512	0.6569457286037216	([1287, 674], [1260, 1246, 674])
1	0.6501043956327665	0.6569471168807324	([1101, 947], [1101, 1017, 947])
1	0.6196047042318817	0.6569804876096985	([846, 33], [846, 775, 35])
1	0.6360187599268879	0.6570225005663166	([1367, 1042], [1406, 1382, 1059])
1	0.6388450700086088	0.6571428023248554	([1471, 1161], [1485, 1273, 1230])
1	0.6479563845771052	0.657180000760934	([643, 225], [643, 354, 328])
1	0.6332953483769157	0.657180000760934	([643, 354], [643, 639, 328])
1	0.6430512117701122	0.6572330210586128	([644, 250], [913, 644, 247])
1	0.6428642708310283	0.6572733409176623	([675, 238], [675, 550, 238])
1	0.6540649575590368	0.6573962927158735	([745, 357], [745, 670, 80])
1	0.6429429737999593	0.6574424568373236	([1422, 1009], [1422, 1009, 993])
1	0.6481858520050621	0.6575081117963965	([1065, 389], [1065, 389, 352])
1	0.6554512813312678	0.6575157008925467	([1389, 1006], [1389, 1037, 1036])
1	0.6401305082762685	0.6575723610748346	([929, 505], [929, 505, 248])
1	0.6298465989874709	0.657709031683851	([1005, 456], [1005, 832, 456])
1	0.6570632364543249	0.6577342982161201	([552, 122], [552, 506, 122])
1	0.6435040228455723	0.657766287906222	([393, 180], [407, 393, 180])
1	0.6524528919595569	0.6578554256186181	([531, 350], [531, 350, 120])
1	0.6442125233308659	0.6578848795317198	([647, 345], [647, 360, 345])
1	0.641382737424908	0.6578848795317198	([613, 360], [647, 613, 360])
1	0.6527802740554932	0.6579165374244339	([1318, 1029], [1340, 1318, 1052])
1	0.648958505825735	0.6579486522001562	([677, 438], [677, 471, 450])
1	0.5981714969325811	0.657980378460774	([910, 394], [910, 659, 379])
1	0.6495474288116232	0.6580543854369834	([1185, 326], [1185, 1093, 639])
1	0.6542893736162558	0.658146218893233	([985, 875], [985, 920, 902])
1	0.6526876001343243	0.6581795438494589	([1407, 975], [1407, 1402, 975])
1	0.6535273381890614	0.6581912443174998	([1403, 878], [1485, 1403, 878])
1	0.6313908234389294	0.6581936838333681	([1090, 1046], [1098, 1090, 1052])
1	0.582179513668089	0.658255047719749	([1457, 922], [1457, 980, 969])
1	0.6577615947014657	0.6583022192557185	([1430, 899], [1430, 1277, 899])
1	0.6568516718956566	0.6583025803332055	([349, 98], [349, 247, 98])
1	0.6553090207875228	0.6583224552602984	([1454, 1188], [1454, 1329, 1317])
1	0.6403562782508951	0.6583296405132791	([835, 502], [835, 502, 498])
1	0.651623052735581	0.6583352737973817	([268, 57], [268, 206, 57])
1	0.5752696998378187	0.6583521335807214	([924, 612], [924, 612, 184])
1	0.6167124523163446	0.6584147471976977	([1490, 947], [1493, 1490, 947])
1	0.64677666241114	0.6584471393764467	([1453, 983], [1453, 1013, 862])
1	0.6428025146578247	0.6584820442897075	([843, 475], [843, 836, 496])
1	0.6466875689062227	0.6584953960721864	([672, 192], [672, 240, 192])
1	0.6390909968516028	0.6585165950625872	([830, 376], [830, 521, 376])
1	0.6515660041600121	0.6585636437632442	([980, 748], [980, 900, 836])
1	0.6430092332177011	0.6586033838875957	([657, 33], [657, 587, 581])
1	0.5978228488294494	0.6587246777714747	([639, 328], [654, 613, 360])
1	0.6505182668414083	0.6587524247961252	([402, 130], [402, 130, 90])
1	0.6500467119797303	0.6587630229494474	([1082, 878], [1403, 1082, 978])
1	0.6386553732026928	0.6587630229494474	([1403, 978], [1403, 1082, 1057])
1	0.6452244709210616	0.6587690010929298	([1415, 1195], [1415, 1324, 1195])
1	0.5541119638475794	0.6587776339906631	([557, 84], [557, 84, 44])
1	0.6413843448762482	0.6587883393885898	([907, 652], [907, 652, 647])
1	0.655763077229902	0.6587899270993557	([1451, 1001], [1451, 1037, 1001])
1	0.6501608601434701	0.6587996125172236	([1424, 875], [1434, 1424, 875])
1	0.64252001901664	0.6588139894268147	([1395, 971], [1395, 1179, 1168])
1	0.6564313897425601	0.6588807207653179	([1336, 1056], [1336, 1187, 1125])
1	0.6524704967301695	0.658904322764547	([1380, 1046], [1380, 1119, 1056])
1	0.6455488942462936	0.6589500950364263	([496, 6], [503, 496, 6])
1	0.6501025593917816	0.6589576735187286	([555, 454], [555, 454, 99])
1	0.6101632057409591	0.6590341466071344	([1444, 946], [1444, 1441, 946])
1	0.6570678655229337	0.6592026682251009	([920, 234], [920, 464, 234])
1	0.6277204269491578	0.65922323197814	([991, 888], [1284, 1279, 903])
1	0.6429268388603108	0.6592544212497427	([1428, 1000], [1445, 1428, 1000])
1	0.6410782100615978	0.6592898645983486	([1359, 1016], [1359, 1277, 1269])
1	0.6504978848161201	0.6593169555232324	([393, 287], [393, 287, 267])
1	0.6590181754628205	0.6593324384062996	([504, 52], [551, 517, 52])
1	0.6522882549456908	0.6593334881611711	([729, 639], [738, 729, 639])
1	0.6541149644073266	0.6593424011093616	([993, 225], [1065, 993, 959])
1	0.6474787723843587	0.659441621029188	([1495, 1073], [1495, 1431, 1072])
1	0.6588642546844653	0.6594572294464751	([656, 234], [660, 656, 234])
1	0.6180927460048888	0.6594643034865382	([918, 362], [918, 379, 354])
1	0.6351824819487905	0.6595322249353442	([267, 26], [393, 267, 26])
1	0.6592616178440127	0.6595578329125037	([554, 244], [576, 554, 524])
1	0.6585298833459609	0.6595891208219361	([1273, 1117], [1273, 1117, 1098])
1	0.6357176211773105	0.6596161660212079	([1436, 1021], [1436, 1036, 1021])
1	0.6503914352326396	0.6596470446517788	([610, 237], [610, 596, 237])
1	0.6575491053495104	0.6597505252533798	([597, 351], [597, 380, 351])
1	0.5675503143638708	0.6598769393820099	([929, 68], [929, 376, 69])
1	0.6403457809407934	0.6598837192670844	([1073, 936], [1496, 1073, 1072])
1	0.5941424588977332	0.6599063919819705	([877, 496], [836, 835, 670])
1	0.6548487833313468	0.6599255709520714	([1489, 1022], [1489, 1063, 1022])
1	0.6538694785191423	0.6599255709520714	([1489, 999], [1489, 1442, 1063])
1	0.6536546016907727	0.6599991180434456	([1331, 980], [1331, 1081, 980])
1	0.6489793762050406	0.6600397136446904	([458, 190], [458, 392, 390])
1	0.65927963526451	0.6600419211634733	([1385, 1091], [1385, 1114, 1113])
1	0.6109064827110455	0.6600622597853709	([929, 607], [929, 658, 607])
1	0.6490843938697608	0.6601105625062202	([1128, 1051], [1128, 1127, 1051])
1	0.6150066405069832	0.6601125385951743	([1139, 913], [1166, 1139, 913])
1	0.6574434583638388	0.6601206796915272	([641, 275], [641, 343, 302])
1	0.6551535711085702	0.6601206796915272	([614, 302], [641, 614, 302])
1	0.6378947141742968	0.6601692465419173	([911, 420], [911, 420, 379])
1	0.5256691096203231	0.6601704388239701	([923, 372], [923, 568, 372])
1	0.6428599872548351	0.6601948575901961	([678, 402], [678, 402, 382])
1	0.6375285503338975	0.6602180405607601	([648, 330], [648, 647, 257])
1	0.6471955006467679	0.6602186767131929	([1461, 890], [1494, 1461, 890])
1	0.6557435980755104	0.6602745696299044	([1101, 885], [1101, 921, 886])
1	0.6530902252500521	0.6602745696299044	([1164, 886], [1164, 1101, 886])
1	0.6442729045759166	0.6604375256986901	([512, 410], [512, 458, 414])
1	0.6604749987311254	0.6604987061790495	([991, 660], [991, 918, 660])
1	0.5321579989685705	0.6605218622160068	([922, 140], [922, 450, 140])
1	0.6498271453108166	0.6605260858749215	([1356, 910], [1391, 1388, 910])
1	0.6591809161553386	0.6605617662369632	([1427, 863], [1427, 1078, 863])
1	0.6443988249056053	0.6605987420485091	([893, 86], [878, 720, 86])
1	0.6543928034172259	0.6606455616935674	([1476, 1035], [1476, 1422, 1009])
1	0.6601356986920585	0.6606647222547666	([1194, 1046], [1380, 1194, 1119])
1	0.6453069967245837	0.6607252090135093	([727, 644], [913, 735, 644])
1	0.5673894582154206	0.6607252090135093	([917, 644], [917, 735, 644])
1	0.6567954929631358	0.6607293415836755	([697, 507], [697, 696, 507])
1	0.6494286415104088	0.6607840600842577	([1137, 903], [1164, 1137, 903])
1	0.6377782387785867	0.6608286626752703	([933, 240], [933, 121, 89])
1	0.6591472325305122	0.6608789164985559	([1473, 1160], [1473, 1325, 1230])
1	0.6454025897133641	0.6608832065503545	([613, 510], [715, 701, 510])
1	0.6590724793374249	0.6609205782201744	([1148, 1033], [1148, 1082, 1033])
1	0.6492525486905849	0.6609316895183045	([1020, 955], [1020, 1013, 936])
1	0.6506939251424515	0.660972512416426	([1455, 1099], [1455, 1395, 1110])
1	0.6540082960450736	0.6610304242495024	([1197, 319], [1190, 1188, 322])
1	0.6391104467759345	0.6610352135384022	([1316, 977], [1316, 979, 977])
1	0.6520449788164697	0.6610520710433662	([745, 252], [843, 745, 252])
1	0.6156159865130242	0.661052995676961	([917, 716], [917, 735, 716])
1	0.6440464448075216	0.6610727160015738	([1489, 864], [1489, 1236, 864])
1	0.6582486891679	0.6611034069621408	([476, 79], [493, 476, 79])
1	0.6515757367543246	0.6611034069621408	([509, 79], [509, 493, 79])
1	0.6472100285465451	0.6611145439549108	([1019, 950], [1019, 950, 948])
1	0.6411483368258079	0.6611145439549108	([948, 698], [1019, 995, 948])
1	0.633103439450124	0.6611462994916395	([598, 162], [598, 588, 162])
1	0.6599274662901002	0.6611706333113357	([1274, 707], [1274, 1012, 707])
1	0.6574505390990802	0.6611888310800003	([631, 210], [641, 631, 275])
1	0.6575396853760949	0.661221644189311	([1254, 483], [1254, 809, 483])
1	0.6484663108158183	0.6612397924806993	([1117, 1009], [1117, 1105, 1009])
1	0.6604656050570512	0.6612438780669578	([297, 164], [297, 255, 208])
1	0.6541587841165856	0.6612484763279051	([458, 143], [458, 453, 143])
1	0.6354566459767963	0.6612531832225582	([1472, 1377], [1472, 1468, 1377])
1	0.5560573837217373	0.6612618462740284	([1299, 88], [1299, 987, 967])
1	0.6208817501474928	0.6612941712988841	([179, 64], [197, 179, 64])
1	0.6459739319416378	0.6613100882495163	([1057, 900], [1057, 981, 936])
1	0.6492733169917362	0.6613207137851911	([721, 347], [721, 645, 639])
1	0.6503799552641575	0.6613301585756247	([629, 317], [629, 614, 323])
1	0.6338682527986149	0.6613350095134574	([1169, 872], [1170, 1169, 883])
1	0.6413266198786443	0.6614459648539838	([603, 61], [603, 602, 496])
1	0.635792682291406	0.6614469562527573	([670, 6], [653, 183, 6])
1	0.6553628153190835	0.6614834008755304	([506, 348], [506, 474, 348])
1	0.6420645013796068	0.6614920186844777	([933, 889], [933, 910, 882])
1	0.6440671143795178	0.6615047482848334	([638, 86], [638, 329, 279])
1	0.6594200756731502	0.6615089741495757	([515, 176], [515, 257, 176])
1	0.6452777166912531	0.6617118110805358	([1018, 863], [1018, 1006, 870])
1	0.6352633969439013	0.6617206696526827	([1360, 86], [1458, 1389, 1360])
1	0.6615020776324424	0.6617806281739841	([273, 131], [273, 251, 217])
1	0.6115070265731974	0.661789838041132	([1395, 930], [1424, 1395, 930])
1	0.6505150849814316	0.6618219737256316	([1483, 978], [1483, 1441, 1079])
1	0.6539493911302399	0.6618853053646672	([648, 416], [648, 416, 357])
1	0.6112815513292568	0.6619183132284729	([1443, 89], [1443, 1143, 89])
1	0.6570643613198919	0.6619571959203067	([1368, 1086], [1368, 1131, 1084])
1	0.6516100976864847	0.6619571959203067	([1343, 1084], [1368, 1343, 1084])
1	0.638560264715708	0.6620714330118771	([258, 129], [258, 205, 191])
1	0.6576897834014418	0.6621168968444879	([1437, 378], [1437, 918, 788])
1	0.660913281969597	0.6621474798166294	([1150, 884], [1232, 1150, 1108])
1	0.659150991519131	0.6622037406401506	([609, 390], [609, 480, 379])
1	0.6537426922801068	0.6622702613376988	([1496, 1152], [1489, 1152, 876])
1	0.6481201243463327	0.6623116943379298	([1362, 977], [1368, 1362, 977])
1	0.6417636173439886	0.6623309331314156	([1463, 1114], [1463, 1399, 1385])
1	0.6610091478050908	0.6623890262583949	([1010, 903], [1164, 1010, 992])
1	0.6566984208398438	0.662400597771559	([1435, 465], [1435, 918, 465])
1	0.6596610938150408	0.6624615261974268	([1167, 642], [1175, 1093, 639])
1	0.6474241244816986	0.6625226392403122	([492, 358], [492, 358, 349])
1	0.6457051699494657	0.6625524140936802	([1259, 39], [1259, 753, 574])
1	0.6580650106675785	0.662562937588174	([1234, 573], [1234, 919, 573])
1	0.6379937344352372	0.6626519223742209	([936, 706], [907, 700, 647])
1	0.6521977784340116	0.662672773221554	([513, 254], [513, 507, 268])
1	0.5017302630549633	0.6626751683213961	([265, 81], [265, 95, 24])
1	0.6525689214654818	0.6627161405069405	([1189, 980], [1331, 1189, 1118])
1	0.6523329276177887	0.6627327586279117	([593, 398], [768, 593, 398])
1	0.6613274937128789	0.6627861411819607	([1001, 881], [1165, 1001, 988])
1	0.6625996137007746	0.662808974277821	([1455, 1016], [1455, 1110, 1016])
1	0.6391202664923307	0.6628427297022713	([414, 266], [414, 266, 257])
1	0.6200458884709568	0.6628499603287515	([458, 25], [458, 205, 5])
1	0.6588946061200046	0.6628633003388549	([1324, 1039], [1360, 1324, 1039])
1	0.6516321889970548	0.6629139029312884	([715, 325], [715, 639, 613])
1	0.659695932316747	0.6629294152521376	([1366, 1297], [1372, 1366, 1297])
1	0.6613876245190876	0.6629443317341238	([1080, 919], [1080, 997, 994])
1	0.633388031313031	0.6629786563090896	([594, 476], [594, 476, 383])
1	0.6378963997539496	0.662980182699968	([816, 423], [816, 467, 423])
1	0.658335881870433	0.6630431812512381	([701, 601], [701, 649, 601])
1	0.6423563332694303	0.6632352537545175	([1475, 1033], [1475, 1113, 1061])
1	0.6501393963152386	0.6632358498897344	([730, 652], [705, 703, 652])
1	0.4977840934121628	0.6632486194273642	([915, 516], [915, 520, 516])
1	0.6499716457423287	0.6632641843383861	([787, 388], [787, 446, 388])
1	0.659344394452964	0.6632736084162236	([1362, 1070], [1362, 1136, 1070])
1	0.5338966755412099	0.663400355136147	([1244, 84], [1423, 1306, 1142])
1	0.6612346177334937	0.6634342042749304	([640, 512], [640, 512, 509])
1	0.6506518984278892	0.6634342042749304	([509, 346], [645, 640, 509])
1	0.6545996110713531	0.6634825417937974	([666, 394], [666, 593, 394])
1	0.653729003406673	0.6634941269262751	([1021, 966], [1023, 1021, 966])
1	0.6473883199475998	0.6636984211725536	([1495, 902], [1495, 1486, 902])
1	0.6624854050534168	0.6637993775756634	([976, 878], [976, 973, 878])
1	0.6609354114526136	0.6638007690572847	([596, 53], [596, 109, 16])
1	0.6623091769117208	0.6638150421034132	([663, 436], [663, 436, 395])
1	0.6440779930264855	0.6639028154194254	([1384, 1025], [1384, 1155, 1025])
1	0.6513315211401511	0.6639158537380913	([1317, 1047], [1317, 1229, 1047])
1	0.6529843465281396	0.663946120349916	([732, 359], [732, 721, 359])
1	0.6247632816329252	0.6639835554686065	([1486, 917], [1486, 917, 861])
1	0.6530388636910542	0.6640779240495955	([1239, 108], [1288, 1239, 108])
1	0.65048063249424	0.6640798279902229	([1103, 327], [1185, 1103, 327])
1	0.6510952604792646	0.6640895166566455	([553, 143], [557, 553, 143])
1	0.651658526717731	0.6641155321315935	([1418, 1088], [1418, 1266, 1084])
1	0.6638625920177239	0.6641341573493049	([753, 437], [753, 460, 437])
1	0.6581497346578983	0.6641693953308672	([1482, 880], [1396, 1139, 1100])
1	0.6632252637799733	0.6641716730518029	([611, 139], [611, 591, 127])
1	0.6416022351154127	0.6642971518303417	([610, 367], [610, 384, 237])
1	0.657789443255868	0.6643021422496255	([649, 219], [649, 496, 343])
1	0.6622851919086564	0.6643064965128394	([894, 507], [894, 836, 744])
1	0.6096924967283528	0.6643064965128394	([926, 744], [926, 894, 744])
1	0.6554177294123857	0.6643891757900136	([363, 165], [363, 224, 205])
1	0.6563487557174658	0.6644860017281388	([1406, 976], [1406, 1015, 976])
1	0.6603242614343334	0.6644872631770998	([885, 656], [926, 885, 669])
1	0.6621514141095061	0.6645155295017527	([839, 452], [839, 468, 452])
1	0.6490257432692772	0.6645770248058548	([302, 61], [302, 211, 55])
1	0.634794656033668	0.6645960933255797	([648, 10], [648, 257, 206])
1	0.6641713085258598	0.6645965016219795	([636, 215], [636, 340, 322])
1	0.660427280456404	0.6646856770265988	([965, 656], [965, 867, 656])
1	0.657585974793744	0.6647358106764858	([688, 161], [688, 161, 158])
1	0.5889268483605465	0.6647562749442996	([1056, 81], [1133, 1056, 1044])
1	0.641810887934922	0.6647780873525653	([705, 637], [705, 652, 637])
1	0.6602873885566585	0.6648340117537666	([1008, 873], [1008, 1005, 873])
1	0.6319536905548085	0.664847395255733	([906, 715], [906, 744, 737])
1	0.6478922626895114	0.664847395255733	([861, 696], [906, 861, 737])
1	0.6647913280275214	0.6648904829076313	([1186, 323], [1221, 1186, 311])
1	0.6563639821159514	0.6648953583191798	([555, 351], [555, 351, 141])
1	0.6524753547833956	0.6649599163424218	([669, 427], [657, 427, 235])
1	0.65765301250293	0.6650012308256642	([550, 77], [564, 550, 77])
1	0.6316505984411055	0.6650138776725582	([551, 419], [551, 512, 419])
1	0.6600177422877291	0.6650295628084165	([640, 223], [640, 269, 211])
1	0.6591135601586804	0.6650527917653642	([509, 191], [511, 509, 191])
1	0.5281660014736967	0.6650576984519319	([841, 87], [849, 841, 241])
1	0.6605872345409844	0.6650956667903934	([1299, 1080], [1299, 1279, 1080])
1	0.6629783918930979	0.6651159113375168	([643, 499], [672, 643, 596])
1	0.6612791882965139	0.6651538968031948	([647, 286], [647, 286, 200])
1	0.650435185573402	0.6652058201018536	([1362, 901], [1362, 1279, 903])
1	0.6599618662453193	0.6652759676178164	([1306, 537], [1306, 816, 772])
1	0.6469021244518491	0.6652894675454656	([995, 901], [1139, 995, 901])
1	0.6458465609516643	0.6653176556610241	([615, 175], [615, 342, 200])
1	0.6490392920829334	0.6653816837034293	([1475, 896], [1475, 1277, 1061])
1	0.6503075774506496	0.6654378743449436	([553, 370], [553, 404, 370])
1	0.6613735693071754	0.6654962297339047	([693, 374], [693, 374, 121])
1	0.6559655362301452	0.6654962297339047	([693, 74], [693, 667, 121])
1	0.6629718439860856	0.6655240467771952	([435, 51], [435, 393, 363])
1	0.6499117105584743	0.6655392706203281	([553, 404], [556, 553, 370])
1	0.6138547983309981	0.6655445690075337	([924, 431], [924, 431, 173])
1	0.6628405766107848	0.6655635214909368	([1365, 936], [1365, 1317, 936])
1	0.6629521395398628	0.6656034416549308	([1420, 905], [1420, 1266, 1077])
1	0.6580471248297622	0.6656294434750146	([754, 505], [754, 505, 488])
1	0.6614320120446523	0.6656619282297985	([837, 747], [877, 837, 747])
1	0.6226745875911109	0.6656836751281389	([926, 639], [1185, 928, 326])
1	0.63496111049728	0.665725782557975	([505, 54], [505, 89, 64])
1	0.6415744188908066	0.6658497391668743	([661, 193], [661, 425, 187])
1	0.662412656880478	0.6658735327758677	([601, 9], [649, 647, 9])
1	0.6461016661187713	0.6659063711703553	([700, 209], [700, 647, 209])
1	0.6524907588688789	0.6659101322130457	([698, 502], [700, 502, 360])
1	0.6577941880578712	0.6659113525733872	([740, 497], [749, 740, 501])
1	0.6529684972285673	0.6659252195206934	([859, 515], [900, 863, 515])
1	0.6603519444201092	0.6659861515845642	([299, 62], [299, 204, 182])
1	0.6461943513891393	0.6660236055160837	([965, 689], [965, 695, 656])
1	0.6432774107095398	0.6660825726205782	([1124, 312], [1195, 1124, 312])
1	0.6654005334136959	0.6661228789398492	([415, 178], [415, 360, 183])
1	0.6366589902842696	0.6661340583496046	([650, 87], [650, 601, 599])
1	0.6591682517079887	0.6661999009917345	([516, 413], [508, 413, 407])
1	0.6513180444008337	0.6662408084296199	([1492, 1150], [1480, 1266, 1150])
1	0.6496717897109314	0.6662602715612819	([819, 369], [819, 788, 375])
1	0.652998320351368	0.6662783728731763	([842, 750], [842, 817, 756])
1	0.6425734975557986	0.6663729151947693	([643, 267], [643, 267, 259])
1	0.6447660933790232	0.6664626041366583	([1136, 890], [1101, 1100, 886])
1	0.6595942997679674	0.6665172004697124	([1064, 668], [1242, 1064, 668])
1	0.6498628512208375	0.6665407312392844	([712, 272], [712, 640, 639])
1	0.5376850889383471	0.6665813440928656	([1142, 88], [1142, 987, 928])
1	0.6627594859989928	0.6665844221258649	([492, 18], [492, 197, 80])
1	0.6605844716921334	0.6666183209731944	([611, 426], [611, 587, 566])
1	0.6430179417987076	0.6667010828242488	([651, 509], [643, 640, 499])
1	0.6638020037467385	0.6667209398177003	([1075, 973], [1075, 1023, 1016])
1	0.645568720765138	0.6667340331475453	([682, 186], [682, 186, 145])
1	0.6650498591950169	0.6667553665093072	([1030, 898], [1030, 1012, 898])
1	0.6517241679104471	0.6667640977723462	([512, 101], [512, 439, 90])
1	0.6648852339437029	0.6668587468501899	([909, 489], [909, 844, 489])
1	0.6450805874304817	0.6669087304674067	([854, 39], [854, 831, 39])
1	0.6565010620261907	0.6671021680354297	([712, 83], [712, 693, 83])
1	0.663195919422997	0.6671300380576461	([1458, 1163], [1458, 1231, 1171])
1	0.6611809534583134	0.6671513635795855	([1273, 901], [1273, 901, 899])
1	0.6600155449456979	0.6672193084670877	([868, 604], [910, 868, 604])
1	0.6643146585390795	0.6673083009482346	([1481, 1106], [1481, 1455, 1106])
1	0.6610442391293051	0.6673460942497219	([694, 195], [694, 461, 195])
1	0.6640927813588327	0.6673494660208263	([391, 136], [391, 364, 136])
1	0.6549704704062838	0.6674262744814543	([646, 352], [646, 643, 367])
1	0.6463799608008334	0.6674556838755749	([837, 430], [843, 503, 430])
1	0.663848289807948	0.6674557711726784	([872, 395], [911, 872, 395])
1	0.6528577674898426	0.6674634794251082	([1198, 316], [1128, 1124, 312])
1	0.6592321724889663	0.6674764863978095	([361, 2], [408, 361, 2])
1	0.5801026611621171	0.6675486275270125	([921, 600], [921, 658, 600])
1	0.6666479029169596	0.6675582659453763	([744, 284], [744, 357, 284])
1	0.6573458312476417	0.6675983654473088	([653, 514], [653, 514, 62])
1	0.6572335265495817	0.6678267735404945	([1454, 973], [1454, 1025, 1015])
1	0.6674067683266846	0.6678267735404945	([1454, 1056], [1454, 1056, 1015])
1	0.6670509392661976	0.6678377976913052	([509, 409], [509, 505, 409])
1	0.6544956375673086	0.6678595209503698	([702, 176], [702, 503, 360])
1	0.667374629076433	0.6679198662534582	([870, 261], [870, 772, 483])
1	0.6631727583886876	0.667921349059825	([740, 56], [740, 497, 391])
1	0.6669129036564756	0.667937580710308	([908, 511], [908, 862, 503])
1	0.6665646302527974	0.6679924031546858	([1465, 1086], [1487, 1465, 1086])
1	0.6549520256866388	0.6680232774938614	([1492, 1003], [1492, 1459, 1018])
1	0.5745453112873852	0.6680366814982588	([921, 640], [921, 657, 640])
1	0.6405970307216989	0.6680567804048457	([1195, 321], [1195, 1185, 305])
1	0.6530375907460658	0.6681250659607758	([498, 196], [498, 494, 196])
1	0.6605567271129955	0.668142956347812	([472, 349], [472, 352, 349])
1	0.6615021818473058	0.6681678300070099	([1467, 1055], [1467, 1382, 1327])
1	0.659670088035573	0.668186272571707	([583, 424], [583, 470, 424])
1	0.6461598774895139	0.6681899712316978	([748, 601], [748, 653, 601])
1	0.6549922467021253	0.6681899712316978	([983, 653], [983, 748, 653])
1	0.66304517699732	0.6682169660875207	([648, 59], [648, 603, 59])
1	0.6315495077972333	0.6684099429486728	([994, 750], [1241, 1004, 750])
1	0.654991122982715	0.6686223974258991	([728, 514], [732, 728, 514])
1	0.6568310946109135	0.6686357451110513	([1386, 1011], [1386, 1364, 1011])
1	0.654253095285759	0.6687421809876126	([604, 255], [604, 255, 225])
1	0.6397461115130315	0.6687946076247453	([939, 864], [939, 934, 864])
1	0.6545807682033769	0.6689031433133213	([1221, 311], [1189, 1186, 311])
1	0.6429323578873875	0.6690020220207505	([434, 56], [434, 404, 128])
1	0.6681934389840406	0.6690059150829243	([693, 403], [693, 424, 403])
1	0.6424394993494389	0.6690505581547491	([729, 553], [749, 729, 505])
1	0.6415632815953292	0.6690505581547491	([749, 501], [754, 749, 505])
1	0.658172798607878	0.6690956587233499	([613, 288], [639, 613, 328])
1	0.6625855716336162	0.6691049250415206	([767, 186], [767, 186, 133])
1	0.6578009038969849	0.6691061981764903	([1305, 884], [1302, 1297, 884])
1	0.640867180049153	0.669142290389839	([1190, 322], [1197, 1128, 316])
1	0.6482703149247855	0.6691746154636159	([1366, 973], [1366, 1316, 977])
1	0.6651975950821357	0.6691916235853197	([600, 83], [600, 135, 82])
1	0.6555840451626169	0.6691916235853197	([600, 135], [600, 557, 82])
1	0.669078124358434	0.6691916235853197	([607, 82], [607, 600, 82])
1	0.6657069044264031	0.6692824399287987	([1253, 539], [1310, 1253, 539])
1	0.6586461201817756	0.6693631389506448	([1037, 891], [1037, 971, 891])
1	0.6469779387592702	0.6694295439338697	([1267, 864], [1279, 1267, 864])
1	0.6640200913128274	0.6694545598909061	([614, 174], [615, 614, 200])
1	0.669127764814286	0.6694884653049954	([1145, 879], [1265, 1145, 905])
1	0.6654635007136182	0.6694946920269264	([845, 123], [929, 845, 448])
1	0.5929329108790821	0.6695010873380574	([1080, 917], [1371, 1138, 1096])
1	0.6681738705354084	0.6695161176483497	([860, 735], [874, 860, 735])
1	0.6508950859433559	0.6695565551921472	([900, 515], [900, 862, 503])
1	0.6632420607856355	0.6695604929403617	([757, 194], [757, 569, 194])
1	0.6675140780927383	0.669586365641198	([652, 273], [652, 637, 344])
1	0.6458240702193545	0.6697333660915664	([897, 706], [897, 877, 747])
1	0.648815117121177	0.6697343661041624	([1192, 318], [1192, 1186, 323])
1	0.6687241455269866	0.6697955706091402	([1162, 860], [1162, 1089, 1087])
1	0.6594627216066371	0.6698387510652153	([1160, 1042], [1190, 1160, 1118])
1	0.6407761930705559	0.6700489560645525	([604, 225], [643, 604, 596])
1	0.664569081775372	0.6700877890205256	([670, 23], [670, 663, 23])
1	0.6659243543781728	0.6702250870874824	([600, 430], [656, 600, 406])
1	0.6564280491253119	0.6702586082479577	([885, 741], [885, 842, 817])
1	0.6680429529418335	0.6704118658134128	([1403, 764], [1403, 764, 675])
1	0.6679667156283734	0.6704396323031312	([493, 222], [493, 348, 256])
1	0.6566577416715411	0.6706163976262867	([642, 366], [642, 366, 346])
1	0.6666376085822137	0.6706627587202517	([1167, 785], [1167, 965, 942])
1	0.6622230024062954	0.6706679720701506	([956, 873], [958, 956, 873])
1	0.6205611325115088	0.6706926320667581	([1222, 290], [1222, 1195, 314])
1	0.6308428766361169	0.6707101595799229	([738, 499], [738, 696, 503])
1	0.6495702643853275	0.670745356798892	([905, 510], [907, 905, 510])
1	0.6677038594839783	0.6707606593413217	([938, 225], [993, 938, 928])
1	0.6070948449410772	0.6708400471985556	([707, 630], [707, 705, 630])
1	0.6397036677017368	0.6708514898380382	([593, 138], [659, 593, 397])
1	0.6588285978284624	0.6708886585435305	([613, 205], [613, 206, 205])
1	0.5491416795556288	0.6709699121646894	([1117, 923], [1152, 1117, 923])
1	0.6059902196949203	0.6709952582000561	([1331, 923], [1331, 1117, 1106])
1	0.6317930877921701	0.671081815208271	([962, 383], [962, 851, 383])
1	0.6589794591222791	0.6711974818682765	([605, 236], [605, 236, 128])
1	0.658217829016398	0.6711974818682765	([604, 128], [605, 604, 128])
1	0.5865191778921306	0.67123267795866	([1371, 917], [1486, 1401, 1355])
1	0.668234002073406	0.6713560778524421	([1181, 897], [1181, 1180, 897])
1	0.4982357615582185	0.6714323713674538	([1003, 931], [1006, 1003, 866])
1	0.6634556559350447	0.6715155297528732	([866, 713], [866, 713, 612])
1	0.6225451427562085	0.6715434279956916	([409, 172], [409, 407, 172])
1	0.6656891335732648	0.6715458669936643	([698, 562], [698, 661, 612])
1	0.6662694880913524	0.6715640400367455	([845, 50], [929, 845, 50])
1	0.6682255005907038	0.6716413514261524	([616, 220], [638, 616, 270])
1	0.6438329235909752	0.6716647423275821	([644, 490], [644, 642, 493])
1	0.6710941098002368	0.6717682229589772	([1101, 349], [1101, 911, 349])
1	0.6584754255295261	0.6719720070937452	([221, 130], [221, 198, 174])
1	0.6719612660519697	0.6720297341133952	([945, 515], [945, 900, 862])
1	0.6550761188148082	0.6720569027394387	([735, 358], [735, 711, 359])
1	0.6651569750416871	0.6720850266883059	([1081, 953], [1155, 1081, 1058])
1	0.6640438369766033	0.6720957681792428	([736, 413], [738, 736, 207])
1	0.6644075119743414	0.6721380567385454	([884, 191], [884, 736, 191])
1	0.6505546259975473	0.6721830612812129	([1012, 701], [1013, 1012, 707])
1	0.6461975428237356	0.672187568325516	([907, 749], [907, 749, 510])
1	0.6696543580966408	0.6721936239445774	([1403, 50], [1403, 128, 50])
1	0.6584727535065364	0.6723233300433293	([654, 56], [654, 603, 177])
1	0.6647090419268703	0.672352055807312	([1086, 879], [1086, 1072, 879])
1	0.6565861982531414	0.6724447862251085	([716, 346], [716, 346, 341])
1	0.6722035941453356	0.6724490959555541	([690, 156], [690, 446, 156])
1	0.668312770206211	0.6724500153010103	([703, 211], [703, 360, 211])
1	0.6412208196722042	0.6724633906913752	([650, 506], [642, 640, 506])
1	0.6681028660843092	0.6724741453105901	([1282, 482], [1282, 918, 760])
1	0.6588974797090088	0.6725678030192775	([598, 497], [598, 517, 497])
1	0.6698074928491274	0.672674567950075	([843, 601], [843, 748, 601])
1	0.6678424040484828	0.6727726583378033	([893, 225], [893, 869, 225])
1	0.6669306005816683	0.6727813500149891	([689, 22], [689, 609, 22])
1	0.6539819006525649	0.6727870543803494	([979, 738], [979, 900, 503])
1	0.6628801045786269	0.6728151768914155	([858, 119], [858, 545, 119])
1	0.6499973827836538	0.6728733812801453	([994, 644], [1164, 995, 642])
1	0.5961011348059571	0.6729055017697588	([925, 740], [925, 740, 495])
1	0.5642436650007143	0.6729243647101283	([607, 88], [607, 578, 88])
1	0.6571581647417181	0.6729503185094982	([986, 643], [994, 986, 643])
1	0.6554097525874292	0.6729503185094982	([1174, 643], [1174, 994, 643])
1	0.6723597208765711	0.6730137365742063	([886, 645], [1164, 886, 644])
1	0.6506729983647076	0.6730665886520262	([1174, 348], [1174, 655, 643])
1	0.666618724928354	0.6731080004896803	([1486, 748], [1486, 861, 836])
1	0.65799054326453	0.6731298518880858	([1005, 558], [1005, 912, 777])
1	0.667818848182021	0.673207224532994	([774, 263], [774, 666, 535])
1	0.665042696067189	0.6732722075884843	([817, 394], [817, 681, 394])
1	0.6408092728420884	0.673306121009389	([1004, 234], [1004, 989, 234])
1	0.6456121422890674	0.6733409308380279	([1270, 957], [1270, 977, 957])
1	0.6584008159007372	0.6733449214131987	([1319, 84], [1371, 1319, 1315])
1	0.672945836441291	0.6734737924525641	([1278, 502], [1278, 843, 502])
1	0.6537218901367641	0.6735385692269523	([1227, 625], [1227, 1122, 630])
1	0.6690916556355644	0.6735496143328087	([648, 179], [648, 201, 179])
1	0.6272778570567747	0.6735850615901681	([639, 552], [648, 639, 552])
1	0.6681156751115551	0.6736469719539435	([1127, 631], [1218, 1127, 629])
1	0.6720879579063677	0.6736551356105756	([1092, 956], [1092, 1058, 979])
1	0.48389050864089356	0.6737894316942847	([927, 759], [927, 833, 791])
1	0.5404086492355054	0.6738169363127479	([825, 81], [1281, 825, 760])
1	0.6597178649927662	0.6738219838575568	([961, 402], [961, 785, 402])
1	0.6683530392211507	0.6738412190928776	([608, 493], [608, 493, 89])
1	0.6679770231804338	0.6738468858622022	([883, 121], [883, 871, 121])
1	0.6464881055072649	0.6739850287614401	([611, 186], [660, 611, 186])
1	0.6696841279536395	0.6741539435253919	([957, 714], [957, 936, 700])
1	0.673275677478751	0.6741542925919868	([552, 394], [552, 508, 394])
1	0.6380233255594602	0.6742927232690225	([1218, 629], [1128, 1127, 316])
1	0.6605277285411592	0.6743078187627425	([1014, 880], [1018, 1014, 880])
1	0.6653610880583393	0.6743802019057286	([880, 498], [880, 872, 498])
1	0.6557103452310137	0.6744574376581634	([601, 129], [601, 177, 129])
1	0.6535431274935842	0.6744981400169094	([1075, 647], [1430, 1075, 647])
1	0.6318796083060316	0.6745462242387644	([953, 861], [1071, 960, 953])
1	0.6499682356380942	0.6746381274316817	([756, 438], [756, 691, 438])
1	0.6728378661443962	0.6746720908569133	([710, 330], [710, 647, 330])
1	0.6723084637909904	0.6748171957537085	([1340, 619], [1340, 1126, 1124])
1	0.655170372374088	0.6748187920617928	([698, 406], [698, 502, 458])
1	0.6636033336470473	0.6748419987461665	([998, 860], [998, 885, 880])
1	0.6714886908084863	0.674957903023985	([1005, 597], [1005, 777, 582])
1	0.6531451274851412	0.6749676974194992	([737, 276], [1230, 341, 340])
1	0.6671068644655437	0.6749676974194992	([1419, 340], [1419, 1230, 340])
1	0.6641466847248886	0.6749709296542324	([1184, 328], [1184, 1108, 327])
1	0.6726385629807644	0.675036049832594	([1272, 894], [1272, 1267, 894])
1	0.6749895259129521	0.675074399004664	([1459, 754], [1459, 869, 754])
1	0.6702251907919213	0.6750766301621788	([695, 431], [748, 710, 431])
1	0.6658081158645143	0.6750776544809416	([704, 62], [704, 696, 62])
1	0.6746239125072585	0.6750961360483361	([1025, 220], [1025, 1016, 86])
1	0.6700526707525133	0.675109221293899	([990, 559], [990, 920, 559])
1	0.6709996024286807	0.675199001594153	([1471, 1221], [1471, 1352, 1221])
1	0.6610975250031602	0.6752955869623798	([949, 694], [959, 949, 694])
1	0.6736758304556533	0.6754145766334397	([1123, 283], [1127, 1123, 316])
1	0.6681341481977712	0.6755168652582941	([624, 202], [624, 345, 340])
1	0.656406293917711	0.6755234722839378	([945, 648], [945, 894, 648])
1	0.653636674556769	0.675535051770697	([884, 736], [884, 878, 191])
1	0.653563580496949	0.6756222395068338	([739, 498], [752, 739, 504])
1	0.5291532303052985	0.6757718253908197	([710, 88], [496, 408, 183])
1	0.6111554807684334	0.6758134931538617	([910, 266], [910, 266, 235])
1	0.6700957351811149	0.6758235657201338	([690, 133], [690, 400, 370])
1	0.6619615559419761	0.6758273737131474	([1388, 888], [1388, 1153, 1037])
1	0.6402777958147147	0.6758881843861967	([1038, 712], [1038, 921, 751])
1	0.6727979272807523	0.6759180433293946	([738, 392], [738, 503, 392])
1	0.648243664006124	0.675944109434981	([1052, 633], [1197, 620, 319])
1	0.6726998005665583	0.675971343692242	([1250, 371], [1250, 1005, 371])
1	0.4940894449699302	0.6759807560651181	([932, 239], [932, 265, 239])
1	0.6552087129740358	0.6759920319621259	([1465, 987], [1489, 1465, 987])
1	0.6558758897483249	0.6760308811493989	([883, 739], [883, 739, 121])
1	0.6701451478103475	0.67605611845443	([742, 411], [742, 724, 695])
1	0.6653095894565736	0.6760658984849813	([606, 435], [606, 545, 448])
1	0.6096219340689879	0.6760662183618249	([601, 87], [650, 497, 354])
1	0.6744232914917483	0.6760662183618249	([655, 497], [655, 650, 497])
1	0.6623086117037151	0.676088200667039	([651, 203], [651, 602, 203])
1	0.6688900219495826	0.6761783787733993	([652, 60], [652, 345, 60])
1	0.6587744482427369	0.6762601156466245	([1212, 628], [1123, 633, 628])
1	0.6744416705342335	0.6762601156466245	([1206, 633], [1206, 1123, 633])
1	0.6740681860792993	0.6763807096738977	([1365, 325], [1365, 1195, 325])
1	0.6470392086055026	0.676445914151356	([604, 54], [604, 255, 54])
1	0.6494130663817056	0.6764589193065182	([859, 695], [965, 859, 845])
1	0.6590202829953898	0.6765129844330859	([880, 654], [880, 732, 719])
1	0.6765200247658912	0.6765433359546313	([1165, 646], [1391, 1178, 646])
1	0.6755840421289148	0.6765606270145308	([705, 11], [710, 705, 11])
1	0.6706245396538725	0.6765708626010412	([1126, 619], [1126, 1124, 319])
1	0.663948483412739	0.676573678713066	([955, 412], [955, 878, 412])
1	0.6496762432520528	0.6765944695591107	([838, 439], [838, 439, 123])
1	0.6707693773327511	0.676598677176025	([1235, 394], [1235, 912, 394])
1	0.6502722493616729	0.6766102322127451	([875, 598], [875, 806, 598])
1	0.5712167448672565	0.6766139312984158	([179, 81], [179, 81, 79])
1	0.6616698126689888	0.6766156904775406	([796, 96], [920, 796, 96])
1	0.6572105512581103	0.6766552711699471	([1322, 898], [1322, 1230, 898])
1	0.6738489444510262	0.6766850980399687	([1435, 611], [1435, 689, 611])
1	0.6458341406262905	0.6766999204325388	([1135, 638], [1108, 1100, 640])
1	0.655652704914196	0.6767521090987285	([896, 345], [900, 896, 345])
1	0.6520297500478716	0.6767643062321689	([1099, 892], [1455, 1265, 1165])
1	0.6714962015267706	0.6768302270220471	([754, 17], [910, 754, 17])
1	0.6660531701156537	0.6768840240485858	([414, 58], [414, 356, 59])
1	0.6734625655614324	0.6771101946586507	([1377, 617], [1377, 1340, 617])
1	0.6756438579406674	0.6771326128874732	([1094, 882], [1094, 995, 901])
1	0.676411073139742	0.6771504760062778	([972, 734], [1020, 843, 741])
1	0.6734210357842383	0.6771582743486254	([865, 734], [972, 882, 865])
1	0.6696213943607795	0.677164817409051	([956, 602], [956, 918, 602])
1	0.6726563656897226	0.6772105141381447	([742, 139], [742, 139, 85])
1	0.6577335158448144	0.6772331271004026	([641, 413], [641, 413, 268])
1	0.5286797940498354	0.6772440893839399	([821, 88], [1299, 851, 821])
1	0.6739657094023253	0.6772517033255535	([1175, 740], [1175, 740, 642])
1	0.6754153291130935	0.6772583671748442	([1191, 307], [1191, 1189, 307])
1	0.4942948315142626	0.6773280701588659	([932, 156], [932, 239, 156])
1	0.6660974614823449	0.6773780618782939	([743, 414], [743, 252, 211])
1	0.6687014592237861	0.6773808237187913	([1107, 329], [1364, 1107, 993])
1	0.6352114898968458	0.6773867074576791	([1103, 645], [1101, 1100, 640])
1	0.6773771915077339	0.6775120352797138	([735, 82], [735, 695, 693])
1	0.6544997964381214	0.67756757439386	([1452, 1041], [1452, 1041, 1012])
1	0.6520541766534894	0.6776049198668468	([742, 508], [735, 730, 508])
1	0.6734665066592925	0.6776095327269048	([899, 707], [899, 862, 744])
1	0.6570178158854189	0.6776853897250902	([731, 361], [743, 361, 252])
1	0.6350793759437641	0.6776861040804072	([920, 729], [920, 751, 726])
1	0.6749674506638494	0.6777905099936256	([650, 437], [650, 437, 364])
1	0.536461801822569	0.6777921140768854	([1390, 81], [1390, 1281, 85])
1	0.6714476392527665	0.6778515990362541	([933, 72], [933, 89, 72])
1	0.6682441770314078	0.6778553465284543	([1455, 837], [1455, 906, 892])
1	0.6777984841233713	0.6778629372354944	([1471, 1029], [1471, 1453, 1029])
1	0.6616528823183546	0.6779243844121213	([866, 612], [866, 612, 353])
1	0.6699907280849734	0.6779512323809302	([1318, 707], [1318, 1131, 707])
1	0.5699279504070283	0.6780091683506794	([1426, 925], [1426, 1315, 1150])
1	0.6525619014504086	0.6781138134743486	([708, 511], [708, 696, 511])
1	0.6454552451185995	0.6782139786793773	([886, 505], [886, 517, 505])
1	0.6769679591575638	0.6782201609983891	([709, 214], [709, 653, 214])
1	0.672061004113509	0.6782678895839067	([1151, 741], [1151, 1150, 738])
1	0.6747390016765816	0.6783019008341952	([898, 640], [898, 891, 650])
1	0.6616635599252623	0.6783138622792269	([1036, 722], [1036, 742, 722])
1	0.6754465370978815	0.6783654930165754	([552, 433], [552, 515, 497])
1	0.6292724690740396	0.6783921542561864	([1364, 329], [1108, 1107, 329])
1	0.6776893378962988	0.6784055413430771	([918, 714], [918, 714, 167])
1	0.6425811528553941	0.678429358553997	([1459, 490], [1459, 918, 490])
1	0.6445263976190047	0.6786728674325494	([1189, 317], [1192, 1188, 318])
1	0.6740570017848883	0.6787149984039547	([729, 256], [729, 363, 356])
1	0.675792245201142	0.6787151874936957	([940, 737], [940, 837, 737])
1	0.6769656014229701	0.6787791346287685	([1156, 893], [1156, 1015, 879])
1	0.6767962693545027	0.6788458487815543	([893, 509], [901, 893, 509])
1	0.6657356539441502	0.6788458487815543	([968, 509], [968, 901, 509])
1	0.6618780040824687	0.6789519218927368	([1121, 627], [1121, 1052, 633])
1	0.6760780089661915	0.6790172854667771	([746, 405], [746, 515, 414])
1	0.677525844584631	0.6791240316315982	([861, 270], [861, 747, 60])
1	0.6768529200469277	0.6792260078983511	([1183, 303], [1194, 1183, 332])
1	0.4852699469370575	0.6792732886941729	([923, 759], [964, 932, 869])
1	0.6719705751041186	0.679273919146776	([1001, 735], [1102, 1001, 735])
1	0.6619252814912581	0.6793578733729756	([1142, 350], [1291, 1142, 120])
1	0.6754881080662849	0.6794323109419866	([908, 697], [908, 893, 697])
1	0.6583426772837585	0.6794394435685018	([891, 650], [891, 650, 613])
1	0.6542773998802756	0.6794400197971484	([1042, 636], [1053, 1042, 636])
1	0.6418240569693555	0.6794400197971484	([1053, 619], [1377, 1053, 636])
1	0.6645381762734069	0.6795482392043771	([1294, 489], [1294, 786, 775])
1	0.661627643831832	0.6796642952278728	([1041, 894], [1230, 1041, 894])
1	0.6796354449363823	0.6796792583871638	([745, 513], [745, 717, 513])
1	0.6391463989458082	0.6796878683425939	([1068, 597], [1068, 845, 675])
1	0.5760840867846608	0.6796885443762685	([1407, 927], [1454, 1407, 1028])
1	0.6513784194234966	0.6797046583818492	([1075, 898], [1084, 1075, 898])
1	0.6775594225133549	0.6798131686268459	([1462, 1032], [1462, 1407, 1032])
1	0.6728448494760627	0.6798141702191699	([902, 501], [902, 501, 495])
1	0.662354814326066	0.6798476907855943	([872, 259], [872, 374, 259])
1	0.6779353291836154	0.6798611822118406	([1062, 736], [1062, 860, 735])
1	0.6618144869504541	0.6798768362788122	([1222, 998], [1222, 1178, 1058])
1	0.674172541965072	0.6798860714719892	([1403, 868], [1403, 1315, 1312])
1	0.569807567800546	0.6799133321931834	([955, 88], [985, 955, 935])
1	0.6638319219873129	0.6799610711669729	([873, 225], [938, 869, 834])
1	0.6707329207728712	0.6799698495596525	([650, 8], [650, 506, 54])
1	0.6526881790213793	0.6801839499139716	([1120, 320], [1190, 1118, 320])
1	0.672533384961421	0.6802339135671909	([1378, 626], [1055, 1045, 626])
1	0.6798516970958635	0.6802339135671909	([1134, 626], [1134, 1055, 626])
1	0.6719076958584868	0.6802838875762997	([862, 57], [862, 503, 502])
1	0.6703534557349975	0.6803066425971032	([1148, 641], [1148, 747, 725])
1	0.6770193162257929	0.680315983475142	([945, 355], [945, 748, 510])
1	0.6504578013723887	0.6803723843375618	([1230, 341], [1122, 630, 312])
1	0.6293624877635314	0.6803723843375618	([1122, 630], [1124, 1122, 312])
1	0.6266694236945565	0.6804052069028544	([330, 83], [352, 330, 266])
1	0.6725481149781619	0.6805062624147328	([889, 657], [889, 858, 657])
1	0.6751838103377513	0.6806273208267948	([640, 167], [640, 205, 181])
1	0.6772314847057535	0.680651234920272	([898, 703], [898, 897, 703])
1	0.6675866384544146	0.6806557123152877	([879, 513], [879, 720, 696])
1	0.6741468412999932	0.680752188555083	([859, 122], [859, 853, 122])
1	0.6691953027858407	0.6807567845140778	([838, 371], [838, 436, 371])
1	0.6795657691063813	0.6808447588767166	([733, 225], [733, 225, 167])
1	0.6676615327066763	0.6808586831028395	([893, 639], [893, 639, 613])
1	0.6639202898306438	0.6808586831028395	([893, 726], [893, 697, 613])
1	0.6766599307972236	0.6809166900753414	([644, 19], [644, 456, 19])
1	0.6634317281660815	0.6809262198773878	([987, 422], [1007, 987, 422])
1	0.6705923847416002	0.6809748108463428	([727, 408], [727, 408, 363])
1	0.6785096600382293	0.6809907397447448	([709, 273], [709, 273, 218])
1	0.5522108810868639	0.6810151465660066	([922, 882], [1168, 922, 882])
1	0.676941497013642	0.6810441750013009	([1312, 670], [1312, 793, 661])
1	0.6623091897122849	0.6810741325351387	([694, 2], [694, 251, 85])
1	0.6735543869395363	0.6811380502853103	([833, 188], [833, 387, 188])
1	0.6659874499329437	0.6812169351341612	([996, 122], [996, 350, 122])
1	0.6784654836527488	0.6813212361098101	([1153, 739], [1153, 739, 644])
1	0.6704539801682939	0.6813795052812619	([1483, 1026], [1483, 1026, 936])
1	0.6671393190419496	0.6814039536856248	([704, 289], [704, 613, 331])
1	0.6737346986130317	0.6814126043784314	([1035, 611], [1232, 1035, 611])
1	0.6798708100950753	0.6814197330180521	([713, 266], [728, 713, 348])
1	0.675949420358362	0.6814455984990457	([604, 405], [604, 405, 255])
1	0.6794839796743204	0.6814477575970855	([892, 327], [1179, 1102, 327])
1	0.6690864772977909	0.6814672685020184	([994, 726], [994, 893, 870])
1	0.6617766132628491	0.6815949870147638	([1260, 535], [1260, 808, 766])
1	0.6800355361826412	0.6816023220251035	([860, 603], [860, 843, 603])
1	0.6742737693970848	0.6816614167629518	([1044, 625], [1056, 1044, 625])
1	0.6808536035408365	0.6816856067680628	([895, 602], [895, 737, 708])
1	0.6341437272121128	0.6817392542294278	([1056, 634], [1218, 1056, 631])
1	0.6441873264170702	0.6818152879955424	([1376, 635], [1120, 1055, 635])
1	0.6802341069541258	0.6818152879955424	([1318, 635], [1318, 1055, 635])
1	0.6507681311435605	0.6819041023383425	([1178, 709], [1270, 1178, 714])
1	0.6610183819059267	0.6819076097843164	([1056, 80], [1114, 1056, 1013])
1	0.6726411722175614	0.6819898451426001	([1074, 201], [1074, 744, 201])
1	0.6734412408195503	0.6820564351190112	([935, 511], [935, 750, 728])
1	0.6679760534072039	0.6820564351190112	([1010, 728], [935, 904, 750])
1	0.6629108073258302	0.6820564351190112	([1496, 750], [1496, 935, 750])
1	0.650057355851825	0.6820575031041226	([1347, 284], [1347, 1130, 315])
1	0.6820484844019686	0.6821566601601036	([986, 498], [986, 966, 364])
1	0.6615262374604435	0.6821833154891207	([1001, 504], [1001, 986, 498])
1	0.6655975451469662	0.6822746394874967	([874, 553], [1062, 983, 696])
1	0.4765701146053282	0.6822907501796583	([1069, 1068], [1283, 964, 932])
1	0.6719383769446305	0.6823076269470729	([911, 274], [911, 393, 274])
1	0.6769889075284046	0.682314235925876	([1165, 713], [1165, 970, 885])
1	0.6581395070490356	0.6824108643685994	([706, 306], [706, 614, 306])
1	0.6719705181003559	0.6824312245277164	([1194, 332], [1230, 1183, 341])
1	0.6690750361402859	0.6825200922917776	([982, 736], [982, 895, 861])
1	0.6658231516355582	0.6825918123858397	([1403, 681], [1403, 868, 590])
1	0.6808346561311066	0.6826226990776346	([1110, 699], [1110, 1096, 638])
1	0.6811162500996076	0.682631537520815	([987, 265], [987, 265, 83])
1	0.6666261219418752	0.6826494316282867	([1033, 704], [1027, 981, 704])
1	0.6797610814301535	0.6826930902674689	([943, 513], [974, 943, 513])
1	0.6484022865918173	0.6827265962840955	([866, 353], [1007, 928, 612])
1	0.6687929345818402	0.6827265962840955	([957, 612], [1007, 957, 612])
1	0.6822321276444424	0.6827446712619706	([1176, 717], [1176, 979, 738])
1	0.6665172623079589	0.6829573624664504	([1074, 82], [1018, 1005, 82])
1	0.6668805520183644	0.6829726861292147	([1008, 747], [1008, 944, 747])
1	0.6731685624954097	0.6829907522691064	([970, 713], [970, 938, 713])
1	0.6813807578729403	0.683021336949369	([1037, 654], [1093, 1037, 639])
1	0.5128547041881828	0.6830244819253762	([676, 81], [590, 81, 15])
1	0.6823666536734658	0.6830661824633572	([734, 453], [734, 453, 89])
1	0.6277392130305526	0.6830707893943786	([723, 415], [723, 415, 136])
1	0.6786213868728722	0.683154058795961	([1468, 1048], [1468, 1318, 1052])
1	0.6783481870348788	0.6831632467681304	([1483, 719], [1483, 902, 879])
1	0.6784407682107114	0.6831807060183042	([1134, 647], [1134, 647, 616])
1	0.6711252241138453	0.6831845984408226	([1063, 266], [1167, 1063, 266])
1	0.6588463516501348	0.6831958789963708	([1169, 354], [1169, 918, 883])
1	0.667447366167986	0.6832443169849591	([1346, 287], [1347, 1346, 287])
1	0.6785860414280074	0.6832690230918271	([874, 357], [900, 874, 357])
1	0.6786936614550811	0.6832761328884359	([739, 421], [739, 511, 418])
1	0.6815805597310624	0.68328302547318	([884, 675], [929, 884, 865])
1	0.6773875134710983	0.683324916215245	([717, 345], [747, 717, 345])
1	0.6578432298318576	0.6833307336960828	([708, 182], [748, 708, 182])
1	0.5658607357658624	0.683381682391833	([938, 87], [938, 873, 225])
1	0.6720048490742047	0.6834127932116537	([1372, 301], [1372, 1187, 301])
1	0.6677597352124134	0.6834575242640818	([703, 5], [703, 647, 9])
1	0.6414851607259509	0.6835270567914524	([1222, 617], [1222, 1118, 636])
1	0.6666250682567112	0.6835623424519374	([1113, 344], [1113, 900, 345])
1	0.6652464498326371	0.6835623424519374	([1181, 345], [1181, 1113, 345])
1	0.6825870946409297	0.6835753351627155	([985, 749], [985, 938, 749])
1	0.6582224513731936	0.6836513074051689	([1481, 951], [1483, 1481, 951])
1	0.6817833347360632	0.6836667280343439	([867, 372], [867, 422, 373])
1	0.6779716432195382	0.6836881741955289	([1086, 951], [1086, 1034, 1010])
1	0.6463314027035597	0.6837198985677047	([1217, 624], [1222, 1201, 624])
1	0.6799998684090444	0.6837347877421275	([1419, 893], [1419, 1266, 893])
1	0.6692718610988447	0.6838008146947534	([1161, 634], [1193, 1054, 1041])
1	0.6770747565901467	0.6838057567650898	([934, 611], [934, 751, 611])
1	0.6666001427513119	0.683858686540937	([731, 258], [731, 654, 258])
1	0.6729020844721333	0.6838698680621305	([913, 634], [913, 634, 322])
1	0.6696556985745828	0.6839413031720103	([1489, 712], [1489, 994, 643])
1	0.6607481161554392	0.6839418152642996	([1439, 556], [1439, 559, 556])
1	0.6513248537866887	0.6840126292914392	([1004, 491], [1285, 766, 491])
1	0.6775891320277275	0.6840351912619044	([1006, 426], [1006, 426, 260])
1	0.6691958329313367	0.6841931346187865	([1004, 434], [1004, 434, 241])
1	0.6792846591650399	0.6842291558245774	([699, 205], [699, 392, 256])
1	0.6735998633530662	0.6842484406892332	([936, 275], [936, 502, 275])
1	0.6752685778542235	0.6843660199594538	([947, 194], [947, 911, 400])
1	0.6730999190023668	0.6844258361277377	([1179, 875], [1179, 892, 875])
1	0.6728784250141854	0.684447173175729	([1359, 872], [1359, 901, 872])
1	0.6841278265895152	0.6845045957764593	([1261, 597], [1261, 919, 672])
1	0.6795582004624562	0.6845502869244473	([723, 349], [723, 370, 349])
1	0.6733768016610882	0.6845569463613469	([1207, 313], [1207, 1127, 313])
1	0.67738561245927	0.6845977547506815	([1448, 1222], [1448, 1230, 1222])
1	0.5169943805883604	0.6846052206688068	([1281, 81], [1281, 934, 909])
1	0.675497667737403	0.6846281589364717	([941, 610], [964, 941, 610])
1	0.6839164180040153	0.6846281589364717	([972, 610], [972, 964, 610])
1	0.6825414489204457	0.6846372500485983	([988, 404], [988, 452, 404])
1	0.6731708781155389	0.6847117261378272	([1391, 646], [1165, 1157, 646])
1	0.6745827090077141	0.6848009652195964	([864, 738], [877, 864, 745])
1	0.6767336006096321	0.6849170283469345	([646, 414], [646, 414, 346])
1	0.651250933671405	0.6849766583403091	([988, 551], [1144, 988, 918])
1	0.657341254700693	0.6849785964590199	([1441, 743], [1441, 906, 743])
1	0.680975338433626	0.6850103953064908	([1097, 711], [1108, 1097, 711])
1	0.6825696492746263	0.6850103953064908	([1179, 711], [1179, 1108, 711])
1	0.6839459389588427	0.68510410681988	([887, 458], [887, 458, 83])
1	0.6746484686582738	0.6851188580893566	([1043, 629], [1374, 1043, 629])
1	0.6775987239097209	0.6851841911390396	([1226, 637], [1226, 1118, 323])
1	0.6775405839568411	0.6852115865728313	([888, 729], [888, 886, 644])
1	0.6571208082234735	0.685233647009657	([876, 477], [919, 876, 564])
1	0.6809425106779697	0.6852952154961797	([622, 357], [622, 614, 357])
1	0.6705638971459571	0.6853995567074361	([968, 646], [1165, 985, 881])
1	0.6769681996934308	0.6854084955391224	([643, 132], [643, 191, 181])
1	0.6607245672434803	0.6854917275014745	([724, 411], [742, 645, 411])
1	0.679953002223166	0.6855126414474383	([1064, 125], [1064, 920, 422])
1	0.6767983930399621	0.6855607540306484	([1174, 722], [1174, 1150, 710])
1	0.6848757161218686	0.6856566992769988	([978, 708], [1015, 978, 708])
1	0.6759728121413052	0.6856566992769988	([1042, 708], [1042, 1015, 708])
1	0.6140981205944257	0.6856881083786246	([924, 328], [924, 370, 328])
1	0.6674778250243847	0.6856998780839034	([873, 556], [873, 864, 556])
1	0.6496860196864729	0.6857096449005952	([919, 731], [919, 731, 657])
1	0.6850482289016715	0.6857240665743035	([1070, 738], [1070, 907, 700])
1	0.6638445310410802	0.6858942278676646	([884, 554], [929, 865, 554])
1	0.6724105586479345	0.6859784769813229	([730, 354], [750, 730, 362])
1	0.6852398225723253	0.6860211543116429	([908, 264], [911, 908, 264])
1	0.615067540257593	0.6860564013793122	([1085, 925], [1137, 1085, 1038])
1	0.6722985198772992	0.6860729193195074	([1003, 693], [1003, 990, 693])
1	0.6618775685966287	0.6860884781553102	([999, 719], [1000, 999, 650])
1	0.6724899449148014	0.6862607091362312	([719, 215], [719, 707, 215])
1	0.6822521429133522	0.6863117579808414	([1154, 651], [1154, 1106, 651])
1	0.5356931783093799	0.686344827028781	([1011, 927], [1407, 1116, 1060])
1	0.6646377863664568	0.6864954079846353	([904, 506], [904, 863, 843])
1	0.6789194547322754	0.6865126951522434	([946, 600], [1440, 946, 874])
1	0.5392551341329719	0.6865483584665575	([644, 81], [676, 657, 644])
1	0.6773260276829061	0.6865996886745739	([988, 452], [988, 987, 422])
1	0.5495310582921664	0.6866366102312677	([864, 84], [873, 612, 610])
1	0.6847441093829466	0.6867474436401356	([994, 474], [994, 890, 474])
1	0.6619411485136943	0.6867750902592126	([1106, 730], [1107, 1038, 640])
1	0.6814258571663486	0.6868024411934661	([735, 192], [735, 192, 89])
1	0.6863073466372889	0.6868194551568316	([1360, 648], [1360, 935, 835])
1	0.6046163163110928	0.6868718723281783	([1131, 84], [1319, 1131, 1012])
1	0.682377003868413	0.6869562977637163	([1119, 209], [1119, 323, 209])
1	0.6763700900886065	0.6870379751019411	([750, 51], [750, 362, 355])
1	0.6655911898031995	0.6870780482938449	([1060, 710], [1105, 1060, 710])
1	0.6697157453863363	0.6871227448054749	([1333, 920], [1421, 1417, 920])
1	0.6737278435342696	0.6871416173789461	([1372, 613], [1383, 1112, 1058])
1	0.6806669840221801	0.6871671581686548	([891, 211], [891, 743, 650])
1	0.6863165772109908	0.6872017588628966	([708, 321], [708, 321, 206])
1	0.6852625950042318	0.6872996039605543	([1463, 706], [1463, 1399, 744])
1	0.6538150990720492	0.6872996039605543	([1399, 744], [1463, 1449, 744])
1	0.6467206872521672	0.6873327168218502	([719, 301], [719, 704, 301])
1	0.6753471400093375	0.6873508230230808	([1057, 637], [1040, 1038, 640])
1	0.6743083903659903	0.6873892993642696	([1032, 702], [1149, 979, 702])
1	0.6564802480120394	0.6875238454254214	([998, 645], [998, 794, 660])
1	0.6545326757265736	0.6875316184672944	([884, 599], [876, 693, 643])
1	0.6656502294295848	0.6875316184672944	([902, 643], [902, 876, 643])
1	0.6723155434475763	0.6875881384721628	([842, 25], [842, 389, 49])
1	0.6855567481834036	0.6876353968173489	([1164, 746], [1164, 972, 905])
1	0.6853907010158662	0.6876642113713218	([1264, 454], [1264, 939, 454])
1	0.6718321267771686	0.687721621224906	([898, 202], [898, 647, 640])
1	0.6840057827379784	0.6877699491272107	([979, 182], [979, 700, 416])
1	0.6809542032784658	0.6878417397542469	([1366, 700], [1474, 1366, 700])
1	0.6836219321482462	0.6878774315246874	([986, 134], [986, 364, 134])
1	0.6718556598255966	0.6879284925236142	([1014, 737], [1018, 1014, 737])
1	0.6733097236800406	0.6879551074409932	([1342, 627], [1342, 1055, 634])
1	0.6810986555225929	0.6880631873128937	([955, 654], [955, 710, 654])
1	0.521785484843061	0.6880631873128937	([985, 88], [955, 740, 710])
1	0.68798058494616	0.6881394472304407	([834, 499], [834, 553, 499])
1	0.6876350277714944	0.688170453400402	([1384, 902], [1391, 1384, 902])
1	0.6682686698651765	0.6881826782998277	([1231, 612], [1231, 1164, 612])
1	0.6720488243300559	0.6882536620346797	([1341, 623], [1341, 1340, 623])
1	0.6875437593423525	0.6884325065410734	([987, 652], [995, 987, 642])
1	0.682009289566442	0.688527494003834	([1068, 499], [1068, 672, 499])
1	0.6868666267127053	0.6885644330309216	([1008, 505], [1008, 886, 505])
1	0.6868372388606065	0.688572572179494	([1339, 637], [1340, 1339, 621])
1	0.6849073462361137	0.6886598454494206	([881, 476], [911, 881, 476])
1	0.6776803901284965	0.6886818370673671	([1493, 418], [1493, 883, 739])
1	0.6771675105128934	0.6886919576233315	([1466, 893], [1466, 1087, 1082])
1	0.681598110204066	0.6887411022120578	([745, 53], [745, 80, 62])
1	0.6735405337338625	0.688857008056468	([1097, 867], [1097, 1063, 867])
1	0.6708710926644535	0.6888584390516256	([1277, 497], [1277, 843, 503])
1	0.6879168555933888	0.6889131924072517	([1444, 19], [1444, 368, 19])
1	0.6819955675127656	0.6889134815459377	([958, 397], [958, 920, 834])
1	0.6709318493201551	0.6889411729391476	([976, 739], [976, 918, 739])
1	0.6743638015496025	0.6889820069089162	([1444, 732], [1444, 1430, 747])
1	0.6336454270320305	0.6889830771673887	([1403, 651], [1403, 652, 651])
1	0.6289755456929106	0.6892764571050118	([925, 639], [925, 734, 639])
1	0.6892749479082924	0.6893331364784594	([1356, 302], [1356, 1331, 302])
1	0.6776926008174514	0.6894058544000463	([722, 122], [722, 644, 122])
1	0.6863610889362791	0.6894495099675582	([896, 634], [1049, 936, 896])
1	0.684034868216846	0.6896166305517556	([890, 718], [890, 750, 734])
1	0.6865233833476916	0.6896647383980988	([1273, 736], [1273, 862, 736])
1	0.6712200316749044	0.6897607286430637	([898, 508], [903, 898, 508])
1	0.687560894485812	0.6898377313961402	([1159, 614], [1159, 1042, 616])
1	0.5777546786548668	0.689910528021921	([923, 417], [923, 455, 417])
1	0.6846773170356205	0.6899948932257759	([1041, 627], [1374, 1041, 627])
1	0.6826967851052821	0.6900262015290138	([1224, 308], [1224, 1188, 318])
1	0.618472110331058	0.6901283629816779	([1403, 128], [1403, 520, 473])
1	0.6896634079779489	0.6901510956816418	([1200, 638], [1201, 1200, 636])
1	0.657972224242432	0.6902133289096687	([1324, 89], [1443, 1324, 1297])
1	0.6854354156557417	0.6902559093474836	([642, 408], [642, 408, 392])
1	0.6700456798513519	0.6902980683634544	([955, 82], [1074, 955, 744])
1	0.6898203651639206	0.6903046194010168	([993, 435], [993, 966, 435])
1	0.6803980709010939	0.6903070630477026	([1105, 279], [1185, 1105, 279])
1	0.6269468573385808	0.6903097821447477	([913, 322], [913, 900, 634])
1	0.6713617292143214	0.6905002163512987	([1014, 417], [1014, 907, 836])
1	0.6802210945405016	0.6906050060663668	([1403, 436], [1403, 436, 266])
1	0.680020134849304	0.6906285277307233	([1228, 335], [1228, 1117, 1042])
1	0.6512390899796474	0.6906894478882515	([1403, 288], [1403, 1064, 366])
1	0.687801726291813	0.6907299297970337	([1024, 83], [1024, 985, 83])
1	0.6802914756749665	0.6908643152903463	([607, 506], [609, 607, 506])
1	0.675448929517586	0.6908910618463543	([1235, 695], [1262, 1235, 695])
1	0.6779803131957575	0.6909502622174121	([971, 690], [971, 961, 690])
1	0.6625447283930059	0.6909568263885957	([704, 131], [704, 331, 131])
1	0.6896707554041778	0.6911002289071168	([641, 20], [641, 348, 20])
1	0.6773316507726281	0.6911434602382084	([1275, 705], [1275, 937, 877])
1	0.6586057956623356	0.6911906237739089	([1496, 268], [1496, 1475, 345])
1	0.6862279588861403	0.6912122249009497	([865, 251], [968, 879, 864])
1	0.6455803289986526	0.6912163513199422	([1491, 893], [1491, 1419, 1315])
1	0.6708610932448635	0.6912626597424588	([1277, 614], [1277, 1088, 614])
1	0.6850480756706838	0.6913318281529632	([1095, 267], [1101, 1095, 329])
1	0.6376636582618114	0.6913651041002568	([1222, 716], [1222, 716, 636])
1	0.6895087222137748	0.6914036855146779	([1170, 500], [1170, 1151, 500])
1	0.6810459737502779	0.6914839563388663	([1094, 652], [1094, 1019, 698])
1	0.6866547667871127	0.6914910621163523	([1236, 245], [1433, 1236, 245])
1	0.6773272623270801	0.6915857820324065	([1046, 624], [1343, 1201, 624])
1	0.6714727377065982	0.6916153376694548	([1171, 723], [1179, 1171, 723])
1	0.687807309610586	0.6916674422646762	([736, 25], [736, 25, 8])
1	0.689200888228802	0.6917157212133814	([1495, 699], [1495, 1477, 699])
1	0.6836115371797997	0.6918986352853738	([978, 431], [978, 863, 431])
1	0.6887372657242269	0.6919432279406245	([1180, 212], [1226, 1180, 336])
1	0.6913458380810088	0.6919512484679105	([1144, 397], [1144, 841, 397])
1	0.6760741523379542	0.6919610384213114	([1177, 719], [1177, 1104, 641])
1	0.6809512570710928	0.6920603908474962	([1039, 709], [1163, 1039, 1014])
1	0.6914217441852345	0.6921125995589276	([837, 193], [929, 837, 193])
1	0.6659081822205448	0.6921125995589276	([1018, 193], [1018, 929, 193])
1	0.6785798397196672	0.6921708983230724	([943, 831], [1242, 943, 831])
1	0.6783042302944153	0.6921800226228704	([1355, 300], [1355, 1136, 280])
1	0.6914864377094616	0.6922728670106554	([1273, 257], [1273, 862, 257])
1	0.6783043131509536	0.6923522365180746	([651, 58], [651, 136, 128])
1	0.6758002525936438	0.6924422987954716	([1465, 638], [1465, 1039, 638])
1	0.6923950897010904	0.692880651799201	([1324, 356], [1324, 1105, 279])
1	0.6894454932578536	0.6928903061321217	([870, 722], [1144, 1036, 722])
1	0.6693760122950829	0.6929714318919272	([1434, 438], [1434, 858, 438])
1	0.6840706063847642	0.693152044679954	([1268, 728], [1268, 1166, 728])
1	0.6917822030063521	0.6931539621012588	([1445, 82], [1445, 1294, 958])
1	0.6739746813871101	0.6931612626074947	([861, 408], [861, 416, 408])
1	0.5689476056264622	0.6932859166123982	([923, 256], [923, 256, 236])
1	0.6726776159585522	0.6933261022759253	([1328, 913], [1385, 1328, 1113])
1	0.6930260918519675	0.6933946975193506	([738, 54], [738, 647, 51])
1	0.6851975585330102	0.6937786575724421	([897, 359], [898, 897, 359])
1	0.667027023142487	0.6939450692766692	([1090, 615], [1090, 628, 615])
1	0.6919357645875327	0.694189203858145	([1484, 357], [1484, 862, 860])
1	0.691583080324614	0.6942100929935398	([1253, 598], [1253, 919, 598])
1	0.6581590554069894	0.694444026585009	([1031, 345], [1031, 945, 896])
1	0.6856203822586612	0.6948075048247128	([1444, 609], [1444, 609, 238])
1	0.6907605013768746	0.694838362535477	([732, 21], [732, 257, 21])
1	0.6754477261616422	0.6949343520328704	([951, 191], [951, 602, 191])
1	0.6913993573122872	0.6949549805157357	([1021, 635], [1187, 1021, 635])
1	0.6859520429956568	0.6950144419530397	([1103, 477], [1103, 477, 97])
1	0.6801044541284851	0.6950637270703417	([1225, 618], [1225, 1043, 1042])
1	0.6763185207252537	0.69520586516185	([1345, 334], [1345, 1214, 334])
1	0.690785737487017	0.6952269272215301	([1057, 338], [1345, 1057, 334])
1	0.6952236338223108	0.6953401209136421	([607, 37], [607, 570, 37])
1	0.691582133470656	0.6953417611762077	([1394, 743], [1394, 1036, 727])
1	0.682122265688571	0.6953729149979203	([1462, 740], [1462, 878, 836])
1	0.6870476340381397	0.6954390170689326	([1138, 355], [1138, 1095, 330])
1	0.6783862484837864	0.6956951838834792	([726, 179], [744, 726, 179])
1	0.6735819913715563	0.6958047105911029	([1091, 636], [1091, 1042, 982])
1	0.5238004750888505	0.6958210705261466	([1269, 932], [1283, 1269, 1063])
1	0.4719842614088135	0.6958269567321291	([931, 583], [915, 795, 567])
1	0.693276093475198	0.6958443696611242	([1029, 257], [1029, 706, 614])
1	0.6774273802541012	0.6958443696611242	([1029, 715], [1029, 715, 706])
1	0.6922906356513097	0.6958917552798589	([893, 682], [893, 834, 682])
1	0.6832540844554944	0.695978490104319	([982, 274], [1115, 982, 274])
1	0.5909214435904465	0.696341720705977	([953, 84], [1423, 953, 933])
1	0.6843557824745766	0.6964836007045837	([968, 251], [904, 865, 251])
1	0.6939166506675936	0.6967261440316891	([1034, 720], [1034, 1020, 720])
1	0.6959707079927137	0.6969880642422674	([1496, 105], [1496, 184, 137])
1	0.6884635384750519	0.6970076105891049	([925, 317], [925, 634, 317])
1	0.555839093958805	0.6972046698029879	([724, 81], [724, 655, 553])
1	0.681586941084671	0.6972253802585732	([1041, 746], [1041, 936, 747])
1	0.6751769881289199	0.6972919925483816	([1272, 716], [1272, 1059, 716])
1	0.6898752882245389	0.6973042191544467	([998, 517], [998, 871, 838])
1	0.6760854706983686	0.6974742115439175	([1491, 710], [1491, 1461, 710])
1	0.6808398086980206	0.6974907442000358	([1496, 508], [1496, 508, 502])
1	0.6199180507348909	0.6976551227555258	([1370, 924], [1394, 1370, 1117])
1	0.5881273582406611	0.6977268311350012	([711, 87], [711, 601, 496])
1	0.6859070903192896	0.6977478364249121	([986, 699], [986, 723, 699])
1	0.6863920887584191	0.697794756378127	([1370, 330], [1366, 1363, 330])
1	0.688129842493092	0.6978833763486479	([1036, 358], [1036, 968, 935])
1	0.5132377126256075	0.6979995025789267	([931, 47], [931, 527, 47])
1	0.6948456073810876	0.6981810081787619	([1071, 359], [1071, 836, 503])
1	0.6794462905169422	0.6981887653121176	([1299, 190], [1299, 904, 190])
1	0.5796858419800568	0.6984152173485886	([331, 88], [349, 331, 131])
1	0.6948988909548726	0.6986603744584184	([1069, 489], [1069, 825, 794])
1	0.6885998710462474	0.6986753553019421	([1495, 494], [1495, 969, 494])
1	0.696257244674868	0.6987527892007797	([1116, 346], [1180, 1116, 212])
1	0.6952679095027191	0.6987605199825876	([1452, 738], [1452, 1176, 738])
1	0.6931824833562131	0.6991635349040358	([956, 709], [956, 955, 709])
1	0.6933709138521117	0.6991934756622656	([679, 55], [679, 55, 38])
1	0.6859414041550641	0.6992431637002857	([1024, 411], [1403, 1024, 416])
1	0.6986472953683093	0.6992573451951927	([969, 355], [1014, 969, 355])
1	0.6633047130593291	0.6992670200617108	([990, 409], [990, 929, 469])
1	0.6579063316930864	0.6998207357051399	([1159, 88], [1466, 1159, 1040])
1	0.6848698467017528	0.6999396689865082	([1182, 703], [1182, 1156, 703])
1	0.6986864491698985	0.699946987066721	([902, 223], [902, 500, 267])
1	0.6993980293079312	0.7002246868672555	([967, 492], [1007, 967, 492])
1	0.6780571350508353	0.7003631849786428	([1222, 587], [1222, 998, 587])
1	0.5996083001575961	0.7003818396503307	([922, 199], [922, 199, 57])
1	0.46871656902074116	0.7004519692344465	([1296, 914], [1296, 1248, 914])
1	0.6861645185450007	0.701038025219574	([1158, 715], [1183, 1158, 715])
1	0.6973230440871946	0.7010706406423437	([1392, 722], [1392, 997, 722])
1	0.6970133711120197	0.7011167497576236	([888, 193], [888, 610, 491])
1	0.5982416170860515	0.7011351638603033	([922, 57], [922, 237, 53])
1	0.6723125629012419	0.7012851750892066	([1178, 82], [1178, 738, 500])
1	0.6969724316938334	0.7015377396609471	([1489, 224], [1489, 643, 224])
1	0.6828643648157254	0.7015816862592684	([1021, 180], [1021, 884, 880])
1	0.6953617555532141	0.701805400046126	([1496, 482], [1496, 482, 105])
1	0.7003720869315395	0.7019398052957269	([1010, 278], [1232, 1184, 278])
1	0.6613520535080136	0.7019697852507558	([874, 194], [874, 444, 194])
1	0.698607373730597	0.7020651300212019	([894, 279], [894, 639, 604])
1	0.7018726201152472	0.7021726380412542	([1161, 200], [1161, 316, 283])
1	0.6917390976488156	0.7022776174233925	([1332, 701], [1332, 1274, 701])
1	0.6987598277412524	0.7024200138622229	([865, 394], [865, 394, 136])
1	0.6977674308067202	0.702513626279064	([1447, 741], [1447, 1271, 741])
1	0.6304703398797165	0.7028360718934793	([1296, 87], [1296, 969, 920])
1	0.6950594856352977	0.7028514195171339	([981, 617], [1012, 981, 635])
1	0.7025552175824459	0.7029060701105577	([1317, 622], [1317, 1222, 622])
1	0.6919184815429733	0.7029973002886208	([1039, 205], [1039, 639, 638])
1	0.7022114535605971	0.7031149563594298	([994, 144], [994, 611, 79])
1	0.6801458574464387	0.7031421887161112	([951, 432], [951, 432, 191])
1	0.6950041215959343	0.7031508370932678	([1358, 307], [1358, 1346, 307])
1	0.6893783369327328	0.7031567231987598	([1477, 505], [1477, 1165, 505])
1	0.7022945542867853	0.7031860486940871	([618, 5], [618, 617, 5])
1	0.6967178947064305	0.7037541627124776	([1037, 421], [1037, 739, 421])
1	0.5367724778146987	0.7040705191449905	([1002, 81], [1390, 1002, 939])
1	0.7028884843459446	0.7043533767592013	([1395, 733], [1395, 1110, 733])
1	0.66140812954032	0.7045187614563162	([1001, 93], [1001, 438, 420])
1	0.6704325302647817	0.7045306350008154	([865, 58], [865, 251, 58])
1	0.5871807085547063	0.7045755962672213	([922, 430], [969, 922, 430])
1	0.7025307383052297	0.705140570825341	([1347, 741], [1347, 741, 337])
1	0.6913779545244317	0.7057162587960081	([999, 127], [1006, 999, 127])
1	0.7038101991257221	0.7058666235741515	([973, 506], [973, 904, 741])
1	0.4835950936883937	0.7059186063225795	([1287, 927], [1287, 927, 768])
1	0.7023239370262347	0.7062752911316643	([1159, 356], [1159, 653, 614])
1	0.6714207189048471	0.7063965356948531	([1021, 392], [1021, 513, 392])
1	0.6992473584203521	0.7064610150060899	([1361, 282], [1361, 1119, 282])
1	0.49748890934134926	0.7066043587371849	([939, 931], [1016, 939, 931])
1	0.7043547684950928	0.7066295110411551	([294, 127], [294, 269, 127])
1	0.6952137746843325	0.706955621011556	([1428, 724], [1428, 1315, 724])
1	0.5048711438705875	0.706960259161276	([934, 81], [1002, 352, 347])
1	0.7064515807535299	0.7074359901875231	([1081, 358], [1081, 994, 358])
1	0.4849110670660261	0.7085912639758636	([915, 132], [915, 516, 132])
1	0.5624316577898401	0.7087873368880205	([1399, 923], [1399, 923, 843])
1	0.4795427613194382	0.7088720734801823	([932, 265], [1287, 932, 239])
1	0.6676229782409913	0.7089400586459418	([971, 255], [971, 968, 255])
1	0.7034977897668254	0.709147721265271	([874, 18], [874, 833, 18])
1	0.4948666327862684	0.7091808541246954	([1393, 932], [1393, 1287, 932])
1	0.48302021734714734	0.709242138634524	([927, 833], [1287, 1068, 927])
1	0.5126331441120762	0.709805943610438	([931, 908], [939, 931, 908])
1	0.5155339065329161	0.7100371912146165	([927, 889], [941, 927, 889])
1	0.6874903589159668	0.7101497134726308	([1016, 405], [1063, 1016, 405])
1	0.6785470023671926	0.7107167283229096	([1267, 344], [1267, 1186, 344])
1	0.7059564934414827	0.7108158580617603	([890, 326], [890, 640, 326])
1	0.7021389727182624	0.7111014549659491	([1025, 511], [1025, 745, 511])
1	0.706217768947325	0.7111151696377926	([871, 359], [929, 871, 359])
1	0.7052919857695547	0.7112613456644311	([1222, 851], [1222, 994, 883])
1	0.7089382027806436	0.7115221220547819	([1072, 536], [1072, 831, 789])
1	0.7092042844203476	0.7115281407596377	([1122, 929], [1148, 1122, 929])
1	0.7094460897146045	0.7116753916172802	([1476, 404], [1476, 1315, 404])
1	0.7032275998149565	0.7119117980073828	([1123, 703], [1156, 1123, 1012])
1	0.7045350603016706	0.7119678407059811	([1078, 269], [1115, 1078, 269])
1	0.7045627455341477	0.7120688175129003	([905, 294], [905, 362, 294])
1	0.7083902053904336	0.712069406435278	([976, 336], [1184, 976, 336])
1	0.7036251323961915	0.7128861719636899	([1008, 166], [1008, 905, 166])
1	0.710478077103354	0.7136135444381401	([1359, 216], [1359, 1184, 216])
1	0.6607509827305037	0.7137031384414053	([999, 344], [999, 650, 344])
1	0.699667177422481	0.7139836001064543	([1327, 267], [1327, 503, 267])
1	0.7104715899802437	0.7144069607926095	([1045, 718], [1106, 1045, 1012])
1	0.7150021070927	0.7151822901990085	([973, 187], [973, 506, 122])
1	0.7033056256767961	0.7153642013395977	([1397, 190], [1397, 1299, 950])
1	0.6488090448730582	0.7173663987613079	([1196, 917], [1196, 1114, 1044])
1	0.5888445812541495	0.7182556350768662	([1466, 88], [1159, 710, 614])
1	0.7175112904421574	0.7184328826577692	([1037, 68], [1037, 873, 68])
1	0.7168948219806296	0.7186815992007602	([1458, 10], [1458, 507, 502])
1	0.718017676052074	0.718933462227197	([952, 334], [1046, 952, 334])
1	0.7073499460954241	0.7197776441263474	([1416, 212], [1416, 1272, 212])
1	0.7192420505776259	0.7198492329580686	([1092, 557], [1092, 1017, 557])
1	0.7103680766433492	0.7203336506809525	([999, 3], [999, 700, 698])
1	0.5966804740662804	0.7204030855515611	([1324, 87], [1324, 1250, 861])
1	0.7067861225052999	0.7204547086389138	([942, 200], [955, 942, 200])
1	0.7166413293408544	0.7204813665592014	([1033, 58], [1033, 647, 272])
1	0.5250458556698686	0.7224235175579887	([931, 361], [931, 866, 361])
1	0.4963218861847358	0.7229304853690324	([927, 505], [927, 889, 505])
1	0.47364816759503714	0.725549824687085	([1070, 1069], [1296, 1069, 914])
1	0.7130151907217659	0.7270613895234298	([1071, 137], [1071, 656, 137])
1	0.518600665043777	0.7274875695407221	([1116, 927], [1011, 927, 889])
1	0.724369130778662	0.7276332766747868	([1399, 606], [1399, 653, 606])
1	0.4929018439110833	0.7289293342373488	([927, 115], [927, 791, 115])
1	0.46617138974749445	0.7296142291807385	([1240, 916], [1308, 1240, 916])
1	0.7231111325361912	0.7306920572703578	([1412, 476], [1493, 1412, 476])
1	0.5055812901112093	0.7307685716512605	([927, 392], [927, 505, 392])
1	0.7182817150526256	0.7315916428045202	([1050, 726], [1050, 726, 716])
1	0.7270385027856882	0.7326165896049532	([1413, 490], [1479, 1413, 490])
1	0.709685764246524	0.7356485619704587	([815, 638], [815, 638, 596])
1	0.5580779948800743	0.7367195108483688	([927, 717], [1116, 927, 717])
1	0.4862625124777131	0.7375222092356367	([941, 927], [1068, 927, 889])
1	0.6675498979130264	0.7382969290959096	([922, 619], [954, 922, 619])
1	0.7393635290537487	0.7430495547609451	([1214, 911], [1214, 1195, 911])
1	0.4739466930016741	0.754331197127817	([932, 869], [1240, 916, 532])
1	0.7456157920055849	0.7585738665466044	([1201, 83], [1210, 1201, 83])
1	0.46771533621204747	0.7597882596297555	([1392, 916], [1392, 1308, 916])
1	0.4652402085115445	0.7813972516467728	([915, 520], [915, 795, 520])
1	0.4718674022721832	0.7819660738100979	([83, 80], [1069, 914, 75])
1	0.5869877439562754	0.7877948271497545	([1133, 81], [1056, 346, 202])
1	0.49833221351856627	0.8447704986156828	([671, 670], [671, 37, 1])
0	0.0	1.0	([226], [226, 0])
0	0.0	1.0	([227], [227, 0])
0	0.0	1.0	([228], [228, 0])
0	0.0	1.0	([229], [229, 0])
0	0.0	1.0	([230], [230, 0])
0	0.0	1.0	([231], [231, 0])
0	0.0	1.0	([232], [232, 0])
0	0.0	1.0	([233], [233, 0])
0	0.0	1.0	([1404], [1404, 0])
0	0.0	1.0	([1405], [1405, 0])
0	0.0	inf	([926], [])
