0	0.0	0.23219257550768116	([330], [330, 329])
0	0.0	0.2354667611377895	([538], [538, 537])
0	0.0	0.24068813606109848	([725], [725, 724])
0	0.0	0.2423406591570921	([581], [581, 580])
0	0.0	0.24292806588247173	([24], [24, 23])
0	0.0	0.24334624524423507	([362], [362, 361])
0	0.0	0.24408564269375632	([329], [329, 328])
0	0.0	0.2444861984494055	([355], [355, 354])
0	0.0	0.2455277178765491	([779], [779, 778])
0	0.0	0.24564349730082347	([580], [580, 579])
0	0.0	0.24687992189159605	([472], [472, 471])
0	0.0	0.247196600255396	([315], [315, 314])
0	0.0	0.24746249910043833	([26], [26, 25])
0	0.0	0.24829281542746612	([784], [784, 783])
0	0.0	0.24854936516590256	([25], [25, 24])
0	0.0	0.2487449551759605	([751], [751, 750])
0	0.0	0.2490979745577579	([23], [23, 22])
0	0.0	0.24920957534185378	([726], [726, 725])
0	0.0	0.250131315409769	([13], [13, 12])
0	0.0	0.25015691584205024	([350], [350, 349])
0	0.0	0.25068501221058936	([593], [593, 592])
0	0.0	0.2520010333951883	([786], [786, 785])
0	0.0	0.25201987806043696	([317], [317, 316])
0	0.0	0.25293979269309835	([124], [124, 123])
0	0.0	0.253304777632727	([621], [621, 620])
0	0.0	0.25344106967714886	([787], [787, 786])
0	0.0	0.2540466090516006	([578], [578, 577])
0	0.0	0.2541456333081305	([213], [213, 212])
0	0.0	0.25447228884782197	([721], [721, 719])
0	0.0	0.2563259837501444	([778], [778, 777])
0	0.0	0.2563901230717243	([100], [100, 99])
0	0.0	0.25654119498754413	([328], [328, 327])
0	0.0	0.25674120970957437	([321], [321, 320])
0	0.0	0.2569157500792521	([334], [334, 333])
0	0.0	0.25729346729333263	([788], [788, 787])
0	0.0	0.257473891859238	([588], [588, 587])
0	0.0	0.2575929849547636	([727], [727, 726])
0	0.0	0.25807783568147585	([753], [753, 752])
0	0.0	0.2582067516768292	([577], [577, 576])
0	0.0	0.2582966242439588	([71], [71, 70])
0	0.0	0.25840353884929007	([652], [652, 651])
0	0.0	0.25876119066398773	([773], [773, 772])
0	0.0	0.2587943097384115	([783], [783, 782])
0	0.0	0.258880136100083	([33], [33, 32])
0	0.0	0.25909629462201206	([303], [303, 302])
0	0.0	0.2593557128617459	([318], [318, 317])
0	0.0	0.259771580365707	([29], [29, 28])
0	0.0	0.26006513909945067	([782], [782, 781])
0	0.0	0.2607561507106914	([709], [709, 708])
0	0.0	0.26089297158906966	([34], [34, 33])
0	0.0	0.26115414073748894	([122], [122, 121])
0	0.0	0.2614160226647764	([653], [653, 652])
0	0.0	0.26185974070841456	([27], [27, 26])
0	0.0	0.2620768476925399	([364], [364, 363])
0	0.0	0.26219235914203337	([210], [210, 209])
0	0.0	0.2624228062804284	([650], [650, 649])
0	0.0	0.26267270592633785	([654], [654, 653])
0	0.0	0.2629994486544598	([644], [644, 643])
0	0.0	0.2633814425570347	([313], [313, 312])
0	0.0	0.26347710338481345	([338], [338, 337])
0	0.0	0.2636782542379801	([649], [649, 648])
0	0.0	0.2637172641591948	([76], [76, 75])
0	0.0	0.2641007282739412	([586], [586, 585])
0	0.0	0.26416267870841087	([651], [653, 650])
0	0.0	0.2642204917986201	([800], [800, 799])
0	0.0	0.26500074379031535	([785], [785, 784])
0	0.0	0.265151268838435	([123], [124, 122])
0	0.0	0.2654448742821282	([77], [77, 76])
0	0.0	0.2665227667593196	([32], [32, 31])
0	0.0	0.26654354856656126	([789], [789, 788])
0	0.0	0.266828510101834	([31], [31, 30])
0	0.0	0.2668696309886368	([316], [316, 315])
0	0.0	0.2671066395233079	([301], [301, 300])
0	0.0	0.26730704542279693	([366], [366, 365])
0	0.0	0.2674151976126559	([724], [726, 723])
0	0.0	0.2674465801703847	([302], [302, 301])
0	0.0	0.26747540090561944	([579], [579, 578])
0	0.0	0.2676063790917262	([536], [536, 535])
0	0.0	0.2676484533199262	([293], [293, 292])
0	0.0	0.2682043227873861	([370], [370, 369])
0	0.0	0.26824270073753603	([797], [797, 796])
0	0.0	0.2690439709587383	([181], [181, 180])
0	0.0	0.26924378420975337	([720], [720, 719])
0	0.0	0.2692846269736307	([21], [21, 20])
0	0.0	0.26960628244095963	([584], [584, 583])
0	0.0	0.2696068534057191	([320], [320, 319])
0	0.0	0.26970595671643505	([19], [19, 18])
0	0.0	0.2698776833059528	([324], [324, 323])
0	0.0	0.2699147631885839	([18], [18, 17])
0	0.0	0.26992912587805823	([677], [677, 676])
0	0.0	0.2699882370500638	([742], [742, 741])
0	0.0	0.2701050055470312	([367], [367, 366])
0	0.0	0.2701475020719636	([319], [319, 318])
0	0.0	0.2708656370095461	([314], [314, 312])
0	0.0	0.27090324877581506	([30], [30, 29])
0	0.0	0.2710747196199475	([323], [323, 322])
0	0.0	0.2711323495143381	([91], [91, 90])
0	0.0	0.2715231705096613	([781], [781, 780])
0	0.0	0.2717531563798795	([325], [325, 324])
0	0.0	0.2718272977385035	([297], [297, 296])
0	0.0	0.2721612288902181	([583], [583, 582])
0	0.0	0.2721652668153986	([582], [582, 581])
0	0.0	0.2723455061186378	([626], [626, 624])
0	0.0	0.27335956200682404	([92], [92, 91])
0	0.0	0.27341299759749343	([121], [121, 120])
0	0.0	0.2736541307360375	([295], [295, 294])
0	0.0	0.273861469919916	([541], [541, 540])
0	0.0	0.27389126739890624	([22], [22, 21])
0	0.0	0.2740336744318505	([28], [28, 27])
0	0.0	0.2741502060945381	([664], [664, 663])
0	0.0	0.2742936797936175	([371], [371, 370])
0	0.0	0.27432384798356474	([101], [101, 100])
0	0.0	0.2744588225915828	([212], [212, 211])
0	0.0	0.2745582350837062	([326], [326, 325])
0	0.0	0.27461483490960364	([659], [659, 658])
0	0.0	0.27506031627855093	([864], [864, 863])
0	0.0	0.2751111362001942	([220], [220, 219])
0	0.0	0.27514047046269724	([599], [599, 598])
0	0.0	0.27517354937319466	([339], [339, 338])
0	0.0	0.27548973500949675	([661], [661, 660])
0	0.0	0.27582976328166414	([351], [351, 350])
0	0.0	0.27620441768312454	([537], [537, 536])
0	0.0	0.2765589713370994	([437], [437, 436])
0	0.0	0.27668642616254036	([601], [601, 600])
0	0.0	0.27679614048915435	([765], [765, 764])
0	0.0	0.27688203298111236	([9], [9, 8])
0	0.0	0.2768886772916742	([332], [332, 331])
0	0.0	0.2769067763807784	([630], [630, 629])
0	0.0	0.27698198509785005	([600], [600, 599])
0	0.0	0.27732445860170823	([777], [779, 776])
0	0.0	0.277480534803508	([331], [331, 330])
0	0.0	0.278031322064206	([119], [119, 118])
0	0.0	0.27823460804465844	([356], [356, 354])
0	0.0	0.2782457952120142	([512], [512, 511])
0	0.0	0.2792107892811913	([322], [322, 321])
0	0.0	0.2792946087863703	([774], [774, 773])
0	0.0	0.2793212308633483	([585], [585, 584])
0	0.0	0.2797797796327724	([665], [665, 664])
0	0.0	0.2798709253456012	([708], [708, 707])
0	0.0	0.28001533106104554	([752], [752, 751])
0	0.0	0.280094789650526	([126], [126, 125])
0	0.0	0.28021398512690443	([214], [214, 213])
0	0.0	0.28050871082121287	([361], [362, 360])
0	0.0	0.2805945808087778	([666], [666, 665])
0	0.0	0.2807176027778857	([656], [656, 655])
0	0.0	0.28089632689264404	([369], [369, 368])
0	0.0	0.28154498571687925	([153], [153, 152])
0	0.0	0.2817655281405906	([815], [815, 814])
0	0.0	0.28194087143804447	([631], [631, 630])
0	0.0	0.28201318483277815	([587], [587, 586])
0	0.0	0.282111857510549	([125], [125, 124])
1	0.270596629974119	0.2821604233802327	([303, 300], [303, 302, 300])
0	0.0	0.2821742623771292	([336], [336, 335])
0	0.0	0.282707540237858	([470], [470, 469])
0	0.0	0.28277068895156315	([798], [798, 797])
0	0.0	0.2828161982907957	([743], [743, 742])
0	0.0	0.28282025521281684	([333], [333, 332])
0	0.0	0.2828217015330208	([15], [15, 14])
0	0.0	0.2828292839882814	([93], [93, 92])
0	0.0	0.2830385753680604	([714], [714, 713])
0	0.0	0.28332957387785174	([224], [224, 223])
0	0.0	0.2835608139427572	([723], [723, 722])
0	0.0	0.2840610745488366	([368], [368, 367])
0	0.0	0.28408820113106814	([471], [471, 470])
0	0.0	0.2842742382758572	([510], [510, 509])
0	0.0	0.28439940606724473	([3], [3, 2])
0	0.0	0.28475038108270034	([137], [137, 136])
0	0.0	0.2849188211817981	([624], [626, 625])
0	0.0	0.28505059435980296	([35], [35, 34])
0	0.0	0.2850578427511881	([762], [762, 761])
0	0.0	0.28511175967384605	([636], [636, 635])
0	0.0	0.2851977198827292	([52], [52, 51])
0	0.0	0.2853977468821116	([526], [526, 525])
0	0.0	0.28549781040147093	([663], [663, 662])
0	0.0	0.2855464583963463	([678], [678, 676])
0	0.0	0.28573639031429027	([290], [290, 289])
0	0.0	0.28579622850114306	([799], [799, 798])
0	0.0	0.28584606840784627	([528], [528, 527])
0	0.0	0.2858662941103029	([780], [780, 779])
0	0.0	0.28586669279079197	([70], [70, 69])
0	0.0	0.2860868019152236	([217], [217, 216])
0	0.0	0.28626407963541023	([527], [527, 526])
0	0.0	0.2864973281905592	([11], [11, 10])
0	0.0	0.2866980872563849	([758], [758, 757])
1	0.2769007393745642	0.28672581825039956	([26, 21], [26, 23, 21])
0	0.0	0.28678249133606404	([358], [358, 357])
0	0.0	0.2871128923242556	([819], [819, 818])
0	0.0	0.2871430697569123	([14], [14, 13])
0	0.0	0.28726589607478886	([529], [529, 528])
0	0.0	0.2874125749866455	([359], [359, 358])
0	0.0	0.2875100088946067	([20], [20, 19])
0	0.0	0.28751031615942113	([516], [516, 515])
0	0.0	0.2879263038704075	([372], [372, 371])
0	0.0	0.28806436746909503	([203], [203, 202])
0	0.0	0.2880956966496452	([816], [816, 815])
0	0.0	0.2881248489506832	([647], [647, 646])
0	0.0	0.28821865729786983	([156], [156, 155])
0	0.0	0.28848353996485454	([558], [558, 557])
0	0.0	0.28853785052855296	([46], [46, 45])
0	0.0	0.28859450189881064	([211], [211, 210])
0	0.0	0.2886171080688957	([750], [750, 749])
0	0.0	0.28872579550779287	([863], [863, 862])
0	0.0	0.2887827262571288	([105], [105, 104])
0	0.0	0.2888498986174327	([289], [289, 288])
0	0.0	0.28893911461933647	([54], [54, 53])
0	0.0	0.28899994048571936	([660], [660, 659])
0	0.0	0.28916111747307305	([710], [710, 709])
0	0.0	0.28916478069652096	([231], [231, 230])
0	0.0	0.28930974348066457	([557], [557, 556])
0	0.0	0.2893640058266386	([667], [667, 666])
0	0.0	0.2894710741808381	([620], [621, 619])
0	0.0	0.28949207876302796	([118], [118, 117])
0	0.0	0.289521861806871	([821], [821, 820])
0	0.0	0.289866683769816	([454], [454, 453])
0	0.0	0.28986743419161654	([158], [158, 157])
0	0.0	0.2899147414627684	([56], [56, 55])
0	0.0	0.29002848712664353	([8], [8, 7])
0	0.0	0.2902974774001916	([17], [17, 16])
0	0.0	0.2903164903803883	([365], [365, 364])
0	0.0	0.29037698928330896	([722], [722, 721])
0	0.0	0.29058115153868974	([623], [623, 622])
0	0.0	0.29071394621437296	([200], [200, 199])
0	0.0	0.2908102908174388	([627], [627, 626])
0	0.0	0.29087120828792934	([813], [813, 812])
0	0.0	0.2909125479779226	([94], [94, 93])
0	0.0	0.2909285710091314	([88], [88, 87])
0	0.0	0.29097272164289717	([658], [658, 657])
0	0.0	0.2909928280358226	([513], [513, 512])
0	0.0	0.2912024890079197	([277], [277, 276])
0	0.0	0.29121311952999734	([391], [391, 390])
0	0.0	0.2912390551461415	([521], [521, 520])
0	0.0	0.2912421489168257	([136], [136, 135])
0	0.0	0.291259520125625	([707], [707, 706])
0	0.0	0.2913584430713941	([820], [821, 819])
0	0.0	0.29148230855366136	([205], [205, 204])
0	0.0	0.291642306881601	([715], [715, 714])
0	0.0	0.2917009478908452	([539], [539, 538])
0	0.0	0.2917162786112035	([734], [734, 733])
0	0.0	0.29172165540862266	([728], [728, 727])
0	0.0	0.2917775248577771	([790], [790, 789])
0	0.0	0.2922112534059245	([311], [311, 310])
0	0.0	0.29229063611386347	([67], [67, 66])
0	0.0	0.2923004135987145	([388], [388, 387])
0	0.0	0.2923702567447639	([265], [265, 264])
0	0.0	0.29238764111632887	([335], [335, 334])
0	0.0	0.29247925587912	([296], [296, 295])
0	0.0	0.29249989418282946	([218], [218, 217])
0	0.0	0.2926084570589544	([618], [618, 617])
0	0.0	0.2926711125364452	([801], [801, 799])
0	0.0	0.292718966955504	([522], [522, 521])
0	0.0	0.2928069164761741	([763], [763, 762])
0	0.0	0.29293385914799813	([288], [288, 287])
0	0.0	0.29296119539089066	([90], [90, 89])
0	0.0	0.2932930032609148	([7], [7, 6])
0	0.0	0.29329795508792195	([349], [349, 348])
0	0.0	0.2933002543601733	([78], [78, 77])
0	0.0	0.2933683517621014	([447], [447, 446])
0	0.0	0.29346541880480476	([353], [353, 352])
0	0.0	0.29347290775190227	([648], [648, 647])
0	0.0	0.29349561266017854	([662], [662, 661])
1	0.29345390243906166	0.29408500873931165	([601, 598], [601, 600, 598])
0	0.0	0.2941048547699353	([58], [58, 57])
0	0.0	0.294142119819729	([589], [589, 588])
0	0.0	0.29417280861403267	([440], [440, 439])
0	0.0	0.2943320859743258	([551], [551, 550])
0	0.0	0.2943722296828978	([625], [624, 623])
0	0.0	0.2946824817610108	([380], [380, 379])
0	0.0	0.2948797039362097	([461], [461, 460])
0	0.0	0.29492114131393493	([49], [49, 48])
0	0.0	0.29513316969287295	([509], [509, 508])
0	0.0	0.2953312363842213	([193], [193, 192])
0	0.0	0.29548803624411224	([251], [251, 250])
1	0.28541660010476966	0.2955958168020622	([370, 366], [370, 368, 367])
1	0.2922880407218793	0.2955958168020622	([371, 367], [371, 370, 367])
0	0.0	0.2956415843235829	([438], [438, 437])
0	0.0	0.2956694622895789	([412], [412, 411])
0	0.0	0.2958885654969248	([110], [110, 109])
0	0.0	0.2959426577276755	([168], [168, 167])
0	0.0	0.29601481115848205	([357], [357, 356])
0	0.0	0.2960880151395761	([514], [514, 513])
0	0.0	0.2963632605121292	([89], [89, 88])
0	0.0	0.2964830985629872	([176], [176, 175])
0	0.0	0.29655715487663975	([327], [327, 326])
0	0.0	0.2965731267305133	([590], [590, 589])
0	0.0	0.2965987346380956	([41], [41, 40])
0	0.0	0.29674769439059395	([540], [540, 539])
0	0.0	0.29691294705471977	([809], [809, 808])
0	0.0	0.2970126646601234	([435], [435, 434])
0	0.0	0.2970233434810599	([111], [111, 110])
0	0.0	0.2971093389120728	([96], [96, 95])
0	0.0	0.29716466097468724	([173], [173, 172])
0	0.0	0.2971916613166741	([262], [262, 261])
0	0.0	0.2971926234570646	([120], [120, 119])
0	0.0	0.2972719397457739	([811], [811, 810])
0	0.0	0.29728378046636256	([190], [190, 189])
0	0.0	0.2972917263755781	([337], [337, 336])
0	0.0	0.2973206551323441	([754], [754, 753])
0	0.0	0.2973439363136741	([867], [867, 866])
0	0.0	0.2973652955353902	([360], [360, 359])
0	0.0	0.2974913465193294	([106], [106, 105])
0	0.0	0.29750237106690924	([305], [305, 304])
0	0.0	0.29761595923027223	([249], [249, 248])
0	0.0	0.2976923106940005	([746], [746, 745])
0	0.0	0.2978586511533961	([192], [192, 191])
0	0.0	0.2980122975895987	([233], [233, 232])
0	0.0	0.29801878171379886	([655], [655, 654])
0	0.0	0.298052457098784	([814], [814, 813])
0	0.0	0.29841755170845624	([223], [223, 222])
0	0.0	0.2984494265290167	([657], [657, 656])
0	0.0	0.2984499249902792	([673], [673, 672])
0	0.0	0.2984812027217646	([99], [100, 98])
0	0.0	0.2985099078857337	([222], [222, 221])
0	0.0	0.29855183499265464	([163], [163, 162])
0	0.0	0.29858904485321097	([194], [194, 193])
0	0.0	0.2987083016087206	([530], [530, 529])
0	0.0	0.29870963857909133	([383], [383, 382])
0	0.0	0.29877470963565383	([764], [764, 763])
0	0.0	0.2988599644444148	([294], [294, 293])
0	0.0	0.2988791376963	([645], [645, 644])
0	0.0	0.2989166003595175	([12], [12, 11])
0	0.0	0.2989293115397634	([807], [807, 806])
0	0.0	0.29906986803660285	([531], [531, 530])
0	0.0	0.29907612365307373	([862], [862, 861])
0	0.0	0.29926653666250375	([861], [861, 860])
0	0.0	0.2993145444307449	([10], [10, 9])
0	0.0	0.2994060892318516	([776], [776, 774])
0	0.0	0.2994146313772844	([114], [114, 113])
0	0.0	0.29942319958918906	([248], [248, 247])
0	0.0	0.2994679306068613	([755], [755, 754])
0	0.0	0.2995008660767164	([760], [760, 759])
0	0.0	0.2996134132690794	([229], [229, 228])
0	0.0	0.2997340055156462	([130], [130, 129])
0	0.0	0.2997764856599236	([610], [610, 609])
0	0.0	0.2998040342150272	([4], [4, 3])
0	0.0	0.2998210942109353	([74], [74, 73])
0	0.0	0.2998483503018419	([197], [197, 196])
0	0.0	0.29985674163399767	([592], [592, 591])
0	0.0	0.299919099602714	([230], [230, 229])
0	0.0	0.29992568294649524	([525], [525, 524])
0	0.0	0.3000660173422941	([877], [877, 876])
0	0.0	0.3001272250890178	([95], [95, 94])
0	0.0	0.3002980659651233	([693], [693, 692])
0	0.0	0.30030311623479455	([434], [434, 433])
0	0.0	0.3003390164805446	([545], [545, 544])
0	0.0	0.30038479717273536	([646], [646, 645])
0	0.0	0.3003931388178266	([306], [306, 305])
0	0.0	0.30043647482491437	([174], [174, 173])
0	0.0	0.30044107455630836	([495], [495, 494])
0	0.0	0.3004717090450117	([117], [117, 116])
0	0.0	0.30053537330571223	([127], [127, 126])
0	0.0	0.3005996716431613	([533], [533, 532])
0	0.0	0.3006567594908381	([143], [143, 142])
0	0.0	0.30066836967433713	([363], [363, 362])
0	0.0	0.30083289263143403	([562], [562, 561])
0	0.0	0.3008344279172915	([524], [524, 523])
0	0.0	0.300891037612588	([82], [82, 81])
0	0.0	0.30097365012186283	([307], [307, 306])
0	0.0	0.3009933769992601	([128], [128, 127])
0	0.0	0.3011969070455354	([569], [569, 568])
0	0.0	0.30130609715432477	([149], [149, 148])
0	0.0	0.30132359441110995	([829], [829, 828])
0	0.0	0.30132582999215346	([515], [515, 514])
0	0.0	0.30135801545954066	([523], [523, 522])
0	0.0	0.30142887626317555	([860], [860, 859])
0	0.0	0.30145621197689615	([226], [226, 225])
0	0.0	0.3015136393392075	([103], [103, 102])
0	0.0	0.30154791124775243	([298], [298, 297])
1	0.28020402948651163	0.3016822655889757	([29, 21], [29, 28, 27])
0	0.0	0.3017086460914003	([855], [855, 854])
0	0.0	0.30170912323191834	([828], [828, 827])
0	0.0	0.3017835167712544	([518], [518, 517])
0	0.0	0.30184792971866165	([140], [140, 139])
0	0.0	0.30190566722388856	([342], [342, 341])
0	0.0	0.30192221052857887	([756], [756, 755])
0	0.0	0.302038078842479	([209], [209, 208])
0	0.0	0.3020807222886413	([865], [865, 864])
0	0.0	0.30215840178918846	([634], [634, 633])
0	0.0	0.3021651238766191	([253], [253, 252])
0	0.0	0.3022727802067437	([420], [420, 419])
0	0.0	0.3023580168273502	([47], [47, 46])
0	0.0	0.3024066988587888	([462], [462, 461])
0	0.0	0.30245144998224494	([108], [108, 107])
0	0.0	0.3025017167399837	([44], [44, 43])
0	0.0	0.3027095732967371	([237], [237, 236])
1	0.2984699349727913	0.30280431366161886	([368, 365], [370, 368, 365])
0	0.0	0.3029991984097103	([104], [104, 103])
0	0.0	0.303006658745586	([441], [441, 440])
0	0.0	0.30302436946555383	([572], [572, 571])
0	0.0	0.303068489069129	([407], [407, 406])
0	0.0	0.30308792820894176	([405], [405, 404])
0	0.0	0.303154347424817	([433], [433, 432])
0	0.0	0.3031687182638938	([406], [406, 405])
0	0.0	0.3031921430976013	([563], [563, 562])
1	0.29324947613815666	0.30328800704726705	([727, 722], [727, 726, 723])
0	0.0	0.30333957347585766	([80], [80, 79])
0	0.0	0.3033696801172472	([304], [304, 303])
0	0.0	0.30337335368323837	([134], [134, 133])
0	0.0	0.30337470645635317	([439], [439, 438])
0	0.0	0.3033870393395712	([831], [831, 830])
0	0.0	0.3034342988632868	([486], [486, 485])
0	0.0	0.3036872572341537	([42], [42, 41])
0	0.0	0.3036952970593671	([188], [188, 187])
0	0.0	0.30376415350975816	([836], [836, 835])
0	0.0	0.3038143117301618	([856], [856, 855])
0	0.0	0.3039451936510708	([700], [700, 699])
0	0.0	0.30406166126474043	([511], [511, 510])
0	0.0	0.3043290727550872	([487], [487, 486])
0	0.0	0.3043698784779632	([544], [544, 543])
0	0.0	0.3044687826332681	([767], [767, 766])
0	0.0	0.3044909985562716	([456], [456, 455])
0	0.0	0.3046201868998982	([517], [517, 516])
0	0.0	0.30479747670431634	([48], [48, 47])
0	0.0	0.3047977216135968	([278], [278, 277])
0	0.0	0.3048333445327181	([519], [519, 518])
0	0.0	0.30495144965319615	([685], [685, 684])
0	0.0	0.30506841576417504	([73], [73, 72])
0	0.0	0.3051093838773438	([132], [132, 131])
0	0.0	0.30516249820755004	([268], [268, 267])
0	0.0	0.30518505898528553	([817], [817, 816])
0	0.0	0.305307849333232	([270], [270, 269])
0	0.0	0.30538439417599844	([64], [64, 63])
0	0.0	0.30543677817575743	([239], [239, 238])
0	0.0	0.3056500040575928	([299], [299, 298])
0	0.0	0.305787352974957	([45], [45, 44])
0	0.0	0.3058238237286736	([191], [191, 190])
0	0.0	0.30582711541807006	([464], [464, 463])
0	0.0	0.30586157278151394	([236], [236, 235])
0	0.0	0.30598103485907263	([451], [451, 450])
0	0.0	0.3060065526303909	([16], [16, 15])
0	0.0	0.3061387348657623	([6], [6, 5])
0	0.0	0.30635658515126324	([554], [554, 553])
0	0.0	0.30635850191160485	([379], [379, 378])
0	0.0	0.3063895505364159	([97], [97, 96])
0	0.0	0.30639022162809104	([152], [152, 151])
0	0.0	0.30642534954873324	([759], [759, 758])
0	0.0	0.3064320819088874	([60], [60, 59])
0	0.0	0.30645721255848896	([826], [826, 825])
0	0.0	0.3064626743107271	([823], [823, 822])
0	0.0	0.30646715444715394	([384], [384, 383])
0	0.0	0.30658390110654793	([717], [717, 716])
0	0.0	0.30664451762711986	([691], [691, 690])
0	0.0	0.30668933485354527	([757], [757, 756])
0	0.0	0.30669891899125346	([403], [403, 402])
0	0.0	0.30674446434494357	([146], [146, 145])
0	0.0	0.30675689726329997	([401], [401, 400])
0	0.0	0.3067792478426238	([166], [166, 165])
0	0.0	0.30685097227161623	([520], [520, 519])
0	0.0	0.3069468911586288	([598], [598, 597])
0	0.0	0.3070214843223171	([812], [812, 811])
0	0.0	0.3070428918226964	([344], [344, 343])
0	0.0	0.3071039951757591	([639], [639, 638])
0	0.0	0.3071090886004938	([180], [180, 179])
0	0.0	0.307270338685687	([87], [87, 86])
0	0.0	0.3073674819626715	([561], [561, 560])
0	0.0	0.3073718567897917	([595], [595, 594])
0	0.0	0.3074186241958386	([824], [824, 823])
0	0.0	0.30747243518417944	([243], [243, 242])
0	0.0	0.30747331766733577	([381], [381, 380])
0	0.0	0.3076008853613606	([567], [567, 566])
0	0.0	0.30774041952045267	([284], [284, 283])
0	0.0	0.307749695495451	([5], [5, 4])
0	0.0	0.30782716187260833	([36], [36, 35])
0	0.0	0.3078791803099517	([234], [234, 233])
0	0.0	0.3078803116536261	([681], [681, 680])
0	0.0	0.3078995450182058	([232], [232, 231])
0	0.0	0.3079311547449233	([310], [310, 309])
0	0.0	0.3079518349064511	([687], [687, 686])
0	0.0	0.30798775121189637	([225], [225, 224])
0	0.0	0.3079914948526566	([98], [98, 97])
0	0.0	0.3080226552559781	([81], [81, 80])
0	0.0	0.3080306159515508	([394], [394, 393])
0	0.0	0.3080533783576346	([465], [465, 464])
0	0.0	0.3080548838595559	([57], [57, 56])
0	0.0	0.30815981157459005	([161], [161, 160])
0	0.0	0.3081942717417559	([622], [622, 621])
0	0.0	0.30820831189202047	([373], [373, 372])
0	0.0	0.30824882638003864	([804], [804, 803])
0	0.0	0.30837475803104597	([852], [852, 851])
0	0.0	0.3083819593648878	([51], [51, 50])
0	0.0	0.3084020539850077	([267], [267, 266])
0	0.0	0.3085029957878833	([543], [543, 542])
0	0.0	0.3085035004513268	([172], [172, 171])
0	0.0	0.30852448265786947	([115], [115, 114])
0	0.0	0.3085298640367502	([352], [353, 351])
0	0.0	0.30856355026146115	([494], [494, 493])
0	0.0	0.3086118014692611	([838], [838, 837])
0	0.0	0.3086920212979452	([617], [617, 616])
0	0.0	0.3086961023232839	([37], [37, 36])
0	0.0	0.3088071993689872	([269], [269, 268])
0	0.0	0.30883070196569457	([343], [343, 342])
0	0.0	0.30885907797421697	([221], [221, 220])
0	0.0	0.3089243833850829	([250], [250, 249])
0	0.0	0.3089251361212117	([150], [150, 149])
0	0.0	0.30895033192807414	([195], [195, 194])
0	0.0	0.3091045043058988	([730], [730, 729])
0	0.0	0.30910594596616486	([292], [292, 290])
0	0.0	0.3092056097057089	([695], [695, 694])
0	0.0	0.3092366724485943	([187], [187, 186])
0	0.0	0.3092507402825497	([285], [285, 284])
0	0.0	0.3095488231716545	([266], [266, 265])
0	0.0	0.30957648118901515	([286], [286, 285])
0	0.0	0.30961978407299406	([135], [135, 134])
0	0.0	0.30979549620362534	([308], [308, 307])
0	0.0	0.3098746636122846	([148], [148, 147])
0	0.0	0.3099006145545656	([429], [429, 428])
0	0.0	0.30999681255455586	([604], [604, 603])
0	0.0	0.3100558969823362	([164], [164, 163])
0	0.0	0.31005842731759803	([775], [775, 774])
0	0.0	0.31008933609327544	([112], [112, 111])
0	0.0	0.3101606734401093	([770], [770, 769])
0	0.0	0.3101817840479043	([169], [169, 168])
0	0.0	0.31020792813658554	([870], [870, 869])
0	0.0	0.31022040923051425	([116], [116, 115])
0	0.0	0.3102255225910193	([806], [806, 805])
0	0.0	0.31023816216724764	([66], [66, 65])
0	0.0	0.31026587508600906	([397], [397, 396])
0	0.0	0.3102723391805008	([503], [503, 502])
0	0.0	0.31033246786615126	([252], [252, 251])
0	0.0	0.3104879113416716	([476], [476, 475])
0	0.0	0.31053638669011674	([141], [141, 140])
0	0.0	0.31054591663159087	([145], [145, 144])
0	0.0	0.3105673646402424	([68], [68, 67])
0	0.0	0.310617875685282	([739], [739, 738])
0	0.0	0.31082707399342446	([453], [453, 452])
0	0.0	0.31093058605708596	([766], [766, 765])
0	0.0	0.31106952235030244	([238], [238, 237])
0	0.0	0.31108405591937327	([596], [596, 595])
0	0.0	0.3110943155247516	([460], [460, 459])
0	0.0	0.3111426332171637	([280], [280, 279])
0	0.0	0.31119415728535693	([491], [491, 490])
0	0.0	0.31130544607020494	([129], [129, 128])
0	0.0	0.3113844948445246	([196], [196, 195])
0	0.0	0.3113962539758601	([216], [216, 215])
0	0.0	0.3114056500205044	([672], [672, 671])
0	0.0	0.31146102741038556	([247], [247, 246])
0	0.0	0.3114634406037739	([875], [875, 874])
0	0.0	0.31149754980336436	([747], [747, 746])
0	0.0	0.3115112127426627	([490], [490, 489])
0	0.0	0.311568558444925	([808], [808, 807])
0	0.0	0.31162533012884136	([255], [255, 254])
0	0.0	0.3116471058617277	([791], [791, 790])
0	0.0	0.31169135756158345	([502], [502, 501])
0	0.0	0.31172440043616767	([749], [749, 748])
0	0.0	0.311805880423039	([392], [392, 391])
0	0.0	0.311832118134802	([479], [479, 478])
0	0.0	0.3118493978038502	([716], [716, 715])
0	0.0	0.3118733285735957	([668], [668, 667])
0	0.0	0.31188308628804484	([455], [455, 454])
0	0.0	0.31189288090033557	([873], [873, 872])
0	0.0	0.31193182437109196	([628], [628, 627])
0	0.0	0.31223537060962203	([436], [436, 435])
0	0.0	0.3123151142200322	([59], [59, 58])
0	0.0	0.31232550851065033	([72], [72, 71])
0	0.0	0.31239334732369695	([423], [423, 422])
0	0.0	0.3124039034572087	([386], [386, 385])
0	0.0	0.3124171370165216	([603], [603, 602])
0	0.0	0.31271817476781566	([185], [185, 184])
1	0.30311656833083656	0.3127364818128538	([126, 121], [126, 125, 121])
0	0.0	0.31276434188464025	([680], [680, 679])
0	0.0	0.31277921344778487	([409], [409, 408])
0	0.0	0.31287400112750113	([347], [347, 346])
0	0.0	0.31296904603130354	([504], [504, 503])
0	0.0	0.3130376067167333	([256], [256, 255])
0	0.0	0.313181628764872	([413], [413, 412])
0	0.0	0.31324872913034046	([83], [83, 82])
0	0.0	0.31333440336697216	([312], [312, 311])
0	0.0	0.31352483531019953	([699], [699, 698])
0	0.0	0.313558359619972	([142], [142, 141])
0	0.0	0.3135932597669896	([506], [506, 505])
0	0.0	0.31363872756150896	([85], [85, 84])
0	0.0	0.3136524422028323	([410], [410, 409])
0	0.0	0.313881533261322	([690], [690, 689])
0	0.0	0.3138962925098024	([281], [281, 280])
0	0.0	0.31391038098437685	([258], [258, 257])
0	0.0	0.31398956248050164	([138], [138, 137])
0	0.0	0.31406765691707067	([84], [84, 83])
0	0.0	0.3140736590399	([731], [731, 730])
0	0.0	0.31413671718471203	([240], [240, 239])
0	0.0	0.31414192925780515	([246], [246, 245])
0	0.0	0.3142031790599315	([869], [869, 868])
0	0.0	0.314312662543482	([835], [835, 834])
0	0.0	0.3143554261279265	([674], [674, 673])
0	0.0	0.3144157785233014	([532], [532, 531])
0	0.0	0.3145263143631527	([480], [480, 479])
0	0.0	0.31455974186234303	([498], [498, 497])
0	0.0	0.31458630470501064	([189], [189, 188])
0	0.0	0.31460599763422187	([242], [242, 241])
0	0.0	0.31470048932795314	([345], [345, 344])
0	0.0	0.31471914200460555	([552], [552, 551])
0	0.0	0.314778561626182	([53], [53, 52])
0	0.0	0.3148734902543873	([484], [484, 483])
0	0.0	0.3148851720903742	([795], [795, 794])
0	0.0	0.3149146330184678	([404], [404, 403])
0	0.0	0.3149404379654293	([547], [547, 546])
0	0.0	0.31509439580918386	([283], [283, 282])
0	0.0	0.31518157037708244	([109], [109, 108])
0	0.0	0.31520586031072234	([259], [259, 258])
0	0.0	0.3152175502321308	([287], [292, 291])
0	0.0	0.3152638398415068	([853], [853, 852])
0	0.0	0.315265467822174	([482], [482, 481])
0	0.0	0.31539829845305956	([475], [475, 474])
0	0.0	0.31540451832503147	([354], [354, 353])
0	0.0	0.3154113964843345	([43], [43, 42])
0	0.0	0.3154927724171369	([830], [830, 829])
0	0.0	0.3155323739310888	([613], [613, 612])
0	0.0	0.3155377091469227	([669], [669, 668])
0	0.0	0.3155471850567631	([282], [282, 281])
0	0.0	0.3156381574065779	([549], [549, 548])
0	0.0	0.31576428966546444	([553], [553, 552])
0	0.0	0.3157754767791379	([376], [376, 375])
0	0.0	0.31581676298250333	([872], [872, 871])
0	0.0	0.3159691387588406	([488], [488, 487])
0	0.0	0.3159797261426424	([245], [245, 244])
0	0.0	0.3159928556306262	([207], [207, 206])
0	0.0	0.31603851877544165	([215], [216, 214])
0	0.0	0.31615408398479206	([619], [619, 618])
0	0.0	0.31615567220510293	([499], [499, 498])
0	0.0	0.31624127379923755	([846], [846, 845])
0	0.0	0.3162641682850097	([566], [566, 565])
0	0.0	0.3163589049543418	([718], [718, 717])
0	0.0	0.3164055423399097	([761], [761, 760])
0	0.0	0.31660546227103875	([260], [260, 259])
0	0.0	0.3166558402644389	([387], [387, 386])
0	0.0	0.3166928725255804	([445], [445, 444])
0	0.0	0.3167909080106364	([183], [183, 182])
0	0.0	0.3168066378388823	([847], [847, 846])
0	0.0	0.3168621634061992	([279], [279, 278])
0	0.0	0.3170716430118358	([609], [609, 608])
0	0.0	0.317071744982237	([449], [449, 448])
0	0.0	0.31714513325446264	([682], [682, 681])
0	0.0	0.31717365511300744	([399], [399, 398])
0	0.0	0.3172315585077512	([444], [444, 443])
0	0.0	0.31725047013131946	([208], [208, 207])
0	0.0	0.3172679889957436	([643], [643, 642])
0	0.0	0.31736580050584007	([38], [38, 37])
0	0.0	0.3173846702042498	([629], [629, 628])
0	0.0	0.31756281664120184	([139], [139, 138])
0	0.0	0.31761705029518134	([167], [167, 166])
0	0.0	0.31765089177719746	([614], [614, 613])
0	0.0	0.3176602979908797	([184], [184, 183])
0	0.0	0.31767234287825746	([155], [155, 154])
0	0.0	0.3177196297957296	([571], [571, 570])
0	0.0	0.31781178716910025	([346], [346, 345])
0	0.0	0.31781748099275914	([844], [844, 843])
0	0.0	0.3178745719440197	([704], [704, 703])
0	0.0	0.318005283737754	([735], [735, 734])
0	0.0	0.3180896015886501	([689], [689, 688])
0	0.0	0.3181835125985768	([428], [428, 427])
0	0.0	0.3182740973806188	([686], [686, 685])
0	0.0	0.3184322458722215	([748], [748, 747])
0	0.0	0.31846937366980244	([271], [271, 270])
0	0.0	0.318544982949235	([839], [839, 838])
0	0.0	0.31867564304331064	([61], [61, 60])
0	0.0	0.31868353289887913	([555], [555, 554])
0	0.0	0.31868578376530665	([794], [794, 793])
0	0.0	0.318839189376796	([113], [113, 112])
0	0.0	0.3188632686425066	([706], [706, 705])
0	0.0	0.31893812077671685	([206], [206, 205])
0	0.0	0.3189686071714872	([703], [703, 702])
0	0.0	0.31897066125754975	([565], [565, 564])
0	0.0	0.3190350486477675	([107], [107, 106])
0	0.0	0.3191337182933017	([40], [40, 39])
0	0.0	0.31913927705666845	([769], [769, 768])
0	0.0	0.3192161985618491	([55], [55, 54])
0	0.0	0.3192357025410733	([733], [733, 732])
0	0.0	0.3194681737055902	([575], [575, 574])
0	0.0	0.3194700111732512	([833], [833, 832])
0	0.0	0.3196445936720231	([594], [594, 591])
0	0.0	0.3196710894896188	([257], [257, 256])
0	0.0	0.31967539465510403	([102], [102, 101])
0	0.0	0.3197282678082633	([701], [701, 700])
0	0.0	0.31972927151403996	([635], [635, 634])
0	0.0	0.3197317703321791	([591], [591, 590])
0	0.0	0.31974012181679	([272], [272, 271])
0	0.0	0.3197931860971865	([548], [548, 547])
0	0.0	0.31980277315501665	([845], [845, 844])
0	0.0	0.31987494552225965	([457], [457, 456])
0	0.0	0.3199006173758476	([810], [810, 809])
0	0.0	0.3199918938914605	([868], [868, 867])
0	0.0	0.31999964209490445	([574], [574, 573])
0	0.0	0.32014588275544414	([683], [683, 682])
0	0.0	0.32017717692056447	([273], [273, 272])
0	0.0	0.3202483805137608	([711], [711, 710])
0	0.0	0.3203493089053133	([570], [570, 569])
1	0.31365696225442175	0.3205199001141656	([790, 780], [790, 789, 780])
0	0.0	0.32062538891191394	([874], [874, 873])
0	0.0	0.3206905940225214	([679], [679, 678])
0	0.0	0.3207170267416027	([186], [186, 185])
0	0.0	0.3207504225285398	([848], [848, 847])
0	0.0	0.32075084550155913	([697], [697, 696])
0	0.0	0.320843077714872	([341], [341, 340])
0	0.0	0.32097473882125166	([393], [393, 392])
0	0.0	0.3210466207022898	([568], [568, 567])
0	0.0	0.32107301292247153	([564], [564, 563])
0	0.0	0.32110076888965927	([75], [75, 74])
0	0.0	0.32127275902475805	([131], [131, 130])
0	0.0	0.3212789048906165	([157], [157, 156])
0	0.0	0.3213262089602604	([866], [866, 865])
0	0.0	0.32149680747962095	([171], [171, 170])
0	0.0	0.3215365594578879	([170], [170, 169])
0	0.0	0.3217559474643967	([729], [729, 728])
0	0.0	0.32183400508705	([871], [871, 870])
0	0.0	0.3218592739289044	([133], [133, 132])
0	0.0	0.32185974070034096	([793], [793, 792])
0	0.0	0.32197451045924	([837], [837, 836])
0	0.0	0.3220114777838495	([597], [597, 596])
0	0.0	0.32217294773842214	([803], [803, 802])
0	0.0	0.3222011459472571	([841], [841, 840])
0	0.0	0.3222229195696479	([485], [485, 484])
1	0.3129256974130971	0.3222870412391624	([437, 434], [437, 436, 435])
0	0.0	0.32238322465125935	([144], [144, 143])
0	0.0	0.32239130997111853	([261], [261, 260])
0	0.0	0.3223932935732925	([615], [615, 614])
0	0.0	0.32243200057824445	([62], [62, 61])
0	0.0	0.3224942223038705	([254], [254, 253])
0	0.0	0.32262748998500496	([418], [418, 417])
0	0.0	0.32263706333175285	([300], [300, 299])
0	0.0	0.32275508448885326	([736], [736, 735])
0	0.0	0.32289533247631175	([219], [219, 218])
0	0.0	0.3229276969488018	([670], [670, 669])
0	0.0	0.32294932430279394	([227], [227, 226])
0	0.0	0.3229562130276978	([425], [425, 424])
0	0.0	0.322985190207761	([400], [400, 399])
0	0.0	0.3232988057194443	([805], [805, 804])
0	0.0	0.32332681951615977	([694], [694, 693])
0	0.0	0.323351587062121	([675], [675, 674])
0	0.0	0.3234287417573125	([63], [63, 62])
0	0.0	0.3234667481554358	([431], [431, 430])
0	0.0	0.32360670138261055	([560], [560, 559])
0	0.0	0.3237370248236325	([605], [605, 604])
0	0.0	0.3238217291472951	([802], [802, 801])
0	0.0	0.3240320700602568	([483], [483, 482])
0	0.0	0.3240792249044485	([607], [607, 606])
0	0.0	0.3241513711145105	([712], [712, 711])
0	0.0	0.32417836057040644	([550], [550, 549])
0	0.0	0.3242779083304674	([632], [632, 631])
0	0.0	0.3242884828034543	([507], [507, 506])
0	0.0	0.324303806357665	([745], [745, 744])
0	0.0	0.3243912874229544	([684], [684, 683])
0	0.0	0.32439688743480843	([165], [165, 164])
0	0.0	0.32446433481785847	([740], [740, 739])
0	0.0	0.32454827756653193	([430], [430, 429])
0	0.0	0.3247439583465081	([147], [147, 146])
0	0.0	0.3247484013683792	([542], [542, 541])
0	0.0	0.3248627760082259	([851], [851, 850])
0	0.0	0.32488372258971127	([827], [827, 826])
0	0.0	0.32491853131956694	([633], [633, 632])
0	0.0	0.3249396600557952	([705], [705, 704])
0	0.0	0.3250276412507632	([857], [857, 856])
0	0.0	0.3251200436276264	([477], [477, 476])
1	0.31890250595570785	0.32517877815102114	([216, 211], [216, 214, 211])
0	0.0	0.3252884911276932	([39], [39, 38])
0	0.0	0.3254740602268514	([201], [201, 200])
0	0.0	0.3255064986847128	([671], [671, 670])
0	0.0	0.3255066697659309	([276], [276, 275])
0	0.0	0.32590869330521943	([178], [178, 177])
0	0.0	0.32601633179676626	([432], [432, 431])
0	0.0	0.32607555474404315	([493], [493, 492])
0	0.0	0.3261083741302598	([179], [179, 178])
0	0.0	0.326179974570631	([473], [473, 472])
0	0.0	0.3264005890911293	([446], [446, 445])
0	0.0	0.32640285649908	([696], [696, 695])
0	0.0	0.32664876406100285	([79], [79, 78])
0	0.0	0.32665020069656736	([500], [500, 499])
0	0.0	0.3267524207307745	([843], [843, 842])
0	0.0	0.3268314284386581	([732], [732, 731])
0	0.0	0.32685568370423534	([389], [389, 388])
0	0.0	0.32696051734405196	([235], [235, 234])
0	0.0	0.32704456549990935	([348], [348, 347])
0	0.0	0.327075624094393	([771], [771, 770])
0	0.0	0.3271179701322787	([768], [768, 767])
0	0.0	0.3274240488257782	([458], [458, 457])
0	0.0	0.3274781267547258	([159], [159, 158])
0	0.0	0.3276793849221369	([177], [177, 176])
0	0.0	0.32769931301760397	([744], [744, 743])
0	0.0	0.3277887994446333	([463], [463, 462])
0	0.0	0.32779356791826497	([478], [478, 477])
0	0.0	0.3281878940982286	([377], [377, 376])
0	0.0	0.3282072928467981	([818], [818, 817])
0	0.0	0.3282922780222045	([417], [417, 416])
0	0.0	0.32830307657191754	([858], [858, 857])
0	0.0	0.32831436875703235	([175], [175, 174])
0	0.0	0.3284243001607182	([772], [772, 771])
0	0.0	0.3286034798020096	([792], [792, 791])
0	0.0	0.32878516828298077	([467], [467, 466])
0	0.0	0.32881563131187513	([832], [832, 831])
0	0.0	0.3290710256011669	([489], [489, 488])
0	0.0	0.32940648716601206	([2], [2, 1])
0	0.0	0.32985867975108446	([202], [202, 201])
0	0.0	0.32986023785733065	([452], [452, 451])
0	0.0	0.3299939337229359	([492], [492, 491])
0	0.0	0.33002514510239767	([688], [688, 687])
0	0.0	0.3300615208399874	([378], [378, 377])
0	0.0	0.33009240972096937	([825], [825, 824])
0	0.0	0.3301623652148278	([411], [411, 410])
0	0.0	0.33075702093082443	([698], [698, 697])
0	0.0	0.33098200374585657	([275], [275, 274])
0	0.0	0.3311730392990005	([375], [375, 374])
0	0.0	0.3311961277346236	([459], [459, 458])
0	0.0	0.3312969274525621	([469], [469, 468])
0	0.0	0.33135468824671044	([385], [385, 384])
0	0.0	0.3314145294684026	([702], [702, 701])
0	0.0	0.3314769952021287	([408], [408, 407])
0	0.0	0.33156029892453603	([641], [641, 640])
0	0.0	0.3317640430309756	([198], [198, 197])
0	0.0	0.3318079396914986	([204], [204, 203])
0	0.0	0.33183565101660695	([448], [448, 447])
0	0.0	0.3318574613322344	([496], [496, 495])
0	0.0	0.33192103028629205	([692], [692, 691])
0	0.0	0.33207190478488063	([263], [263, 262])
0	0.0	0.3323271411183654	([842], [842, 841])
0	0.0	0.3323716753248619	([534], [534, 533])
0	0.0	0.3324998873501837	([162], [162, 161])
0	0.0	0.33250195654000575	([241], [241, 240])
0	0.0	0.3328105281967081	([638], [638, 637])
0	0.0	0.3333115161835409	([291], [287, 286])
0	0.0	0.33337649263704583	([151], [151, 150])
0	0.0	0.33338040682306525	([849], [849, 848])
0	0.0	0.33342628529421975	([640], [640, 639])
0	0.0	0.3334755329354397	([854], [854, 853])
1	0.31178945707337286	0.333494137095522	([127, 120], [127, 126, 121])
0	0.0	0.3339027397019543	([422], [422, 421])
0	0.0	0.3340022308602709	([466], [466, 465])
0	0.0	0.33435133523109534	([642], [642, 641])
0	0.0	0.33438638475511273	([546], [546, 545])
0	0.0	0.33474573465105206	([450], [450, 449])
0	0.0	0.334768615045628	([228], [228, 227])
0	0.0	0.33485977808379447	([738], [738, 737])
0	0.0	0.3352217699733629	([199], [199, 198])
0	0.0	0.3352953488789949	([160], [160, 159])
0	0.0	0.33535698173311185	([86], [86, 85])
0	0.0	0.3354321273271863	([442], [442, 441])
0	0.0	0.33548810451892613	([309], [309, 308])
0	0.0	0.3354988472128207	([424], [424, 423])
0	0.0	0.33603275137814864	([426], [426, 425])
0	0.0	0.33625901179746553	([834], [834, 833])
0	0.0	0.3368374435885184	([402], [402, 401])
0	0.0	0.3369948512290759	([501], [501, 500])
0	0.0	0.3373342673229836	([154], [154, 153])
0	0.0	0.337426111763588	([390], [390, 389])
0	0.0	0.3379958139247516	([576], [576, 575])
0	0.0	0.3390340737100099	([264], [264, 263])
0	0.0	0.33913635764434286	([840], [840, 839])
0	0.0	0.3392138207475096	([416], [416, 415])
0	0.0	0.33962795840598725	([50], [50, 49])
0	0.0	0.33972196475190236	([244], [244, 243])
0	0.0	0.3398177049588856	([859], [859, 858])
0	0.0	0.339865201470664	([396], [396, 395])
0	0.0	0.33999567686187077	([559], [559, 558])
0	0.0	0.34020058697935474	([395], [395, 394])
0	0.0	0.34021504606098385	([65], [65, 64])
0	0.0	0.34100279319794213	([427], [427, 426])
0	0.0	0.34107626415420483	([419], [419, 418])
1	0.3370360798376566	0.34130196451770767	([666, 659], [666, 663, 659])
0	0.0	0.3415680414264581	([481], [481, 480])
0	0.0	0.3418037481059827	([182], [182, 181])
0	0.0	0.34204443503893944	([606], [606, 605])
0	0.0	0.34225095921958204	([741], [741, 740])
0	0.0	0.3426730334907038	([876], [876, 875])
0	0.0	0.34290591047993696	([573], [573, 572])
0	0.0	0.34311440531036813	([508], [508, 507])
0	0.0	0.34327619592856273	([497], [497, 496])
0	0.0	0.3434059363657937	([468], [468, 467])
1	0.31422049886882786	0.343442165615767	([11, 5], [11, 9, 5])
0	0.0	0.34391735636903586	([556], [556, 555])
0	0.0	0.3452484598493468	([1], [1, 0])
0	0.0	0.34539279603408823	([382], [382, 381])
0	0.0	0.34603761622113544	([676], [676, 675])
0	0.0	0.3465413922655689	([505], [505, 504])
0	0.0	0.3472876565788072	([443], [443, 442])
0	0.0	0.34728892771231445	([611], [611, 610])
1	0.3320211077940402	0.3480464328763159	([327, 320], [327, 326, 321])
1	0.34595882779072	0.3482279694849266	([664, 661], [664, 663, 662])
0	0.0	0.3488985252391046	([822], [822, 821])
0	0.0	0.3490555688099345	([415], [415, 414])
0	0.0	0.3496432361793666	([719], [719, 718])
0	0.0	0.34968725293432584	([612], [612, 611])
0	0.0	0.35064091696569905	([421], [421, 420])
0	0.0	0.3515497884433164	([737], [738, 736])
0	0.0	0.35262650370171383	([796], [796, 795])
0	0.0	0.3533263621504942	([713], [713, 712])
0	0.0	0.3535214664505169	([274], [274, 273])
0	0.0	0.356653535105426	([414], [414, 413])
0	0.0	0.35679591774912117	([850], [850, 849])
0	0.0	0.3581746548598032	([535], [535, 534])
1	0.35743756925444486	0.3587422462516792	([866, 859], [866, 865, 859])
0	0.0	0.3599577747506425	([474], [474, 473])
1	0.35708204491185636	0.360345865894214	([668, 658], [668, 667, 666])
0	0.0	0.36103428141602506	([637], [637, 636])
0	0.0	0.36491561143061674	([398], [398, 397])
0	0.0	0.36603275917857175	([602], [602, 601])
0	0.0	0.36712929302609576	([616], [616, 615])
0	0.0	0.36736411681683245	([608], [608, 607])
1	0.3584575040549658	0.3679218029412495	([308, 305], [308, 307, 306])
0	0.0	0.36814710460429395	([69], [69, 68])
1	0.36295398898945275	0.36860123994730815	([505, 501], [505, 504, 501])
1	0.36295640626749137	0.36967912886756327	([767, 762], [767, 764, 762])
0	0.0	0.3725469220598662	([374], [374, 373])
1	0.3587470721876125	0.385147896188353	([742, 735], [741, 740, 735])
1	0.38676110147398673	0.3903073227956564	([75, 70], [75, 73, 72])
0	0.0	0.3909565271315303	([340], [340, 339])
1	0.3835023755182065	0.3912255682666531	([66, 61], [66, 65, 62])
1	0.4027102048794145	0.4046502083108766	([551, 547], [551, 550, 549])
1	0.36903704443236857	0.4047942146663521	([309, 296], [309, 308, 304])
1	0.4014465284209113	0.4049163740089425	([304, 298], [304, 300, 299])
1	0.4001270221099593	0.40501815295229737	([183, 178], [183, 182, 178])
1	0.40927828313690073	0.4102686824612601	([683, 678], [683, 681, 678])
1	0.40830752606263665	0.41108756429014104	([675, 670], [675, 672, 670])
1	0.3505799949976302	0.41225721058352616	([45, 37], [44, 43, 38])
1	0.40705709191093	0.41828351200467595	([102, 97], [102, 100, 97])
1	0.41247863975029947	0.41841262849880045	([133, 119], [133, 128, 119])
1	0.405088202456478	0.4210812500212587	([620, 616], [620, 619, 618])
1	0.4156903705595148	0.42929467718010983	([768, 758], [768, 767, 758])
1	0.40354413820201684	0.43130134904222117	([556, 551], [556, 555, 554])
1	0.42484869154825705	0.4385445716065297	([611, 607], [611, 610, 609])
1	0.4347132891398153	0.4399701951746078	([543, 534], [543, 540, 539])
1	0.43032935003010736	0.4408101901629087	([165, 159], [165, 163, 159])
1	0.43758006166795416	0.442604892337667	([151, 145], [151, 149, 145])
1	0.4349301162672061	0.4426226259566072	([840, 832], [840, 837, 832])
1	0.43987048642847537	0.44580301844804177	([874, 857], [875, 868, 858])
1	0.4491529738479239	0.4502762681554822	([877, 859], [877, 876, 860])
1	0.4432632127048358	0.45050445074962364	([745, 740], [745, 744, 740])
1	0.43001028872574043	0.45214876445985397	([419, 415], [419, 417, 416])
1	0.4460786410099802	0.45292277097405986	([698, 687], [698, 693, 690])
1	0.4517076754866733	0.4543748894105786	([269, 262], [269, 266, 265])
1	0.4542388074401756	0.4546998467157236	([598, 593], [598, 597, 593])
1	0.4338012124275724	0.45511260523083724	([71, 64], [69, 68, 64])
1	0.4417862769880973	0.45713354096642744	([670, 657], [670, 669, 668])
1	0.42732000843256723	0.4577121163084339	([876, 860], [876, 873, 870])
1	0.4475922282001514	0.4600317229487297	([719, 713], [719, 718, 713])
1	0.4447263486660698	0.4644284881257863	([285, 276], [285, 281, 278])
1	0.4651943606480459	0.46601154368723624	([337, 317], [337, 331, 327])
1	0.4483890234306878	0.466377430458676	([615, 610], [615, 614, 610])
1	0.4499525011720967	0.46667013686473974	([60, 52], [60, 57, 56])
1	0.4386373418764373	0.47206551742361524	([286, 275], [286, 285, 275])
1	0.47269687114407827	0.4734949827569851	([683, 671], [683, 678, 673])
1	0.4655887255333248	0.47393687061461903	([387, 377], [387, 381, 377])
1	0.4746169730102065	0.47505396515502807	([456, 447], [456, 452, 449])
1	0.45343105823558244	0.4769295328641849	([854, 843], [854, 848, 846])
1	0.44119302841261165	0.47946844194237276	([836, 818], [836, 826, 822])
1	0.47002864253619725	0.47990778428978026	([167, 157], [167, 162, 157])
1	0.4778546669871737	0.4804525914443538	([495, 473], [496, 495, 473])
1	0.4645121391873639	0.482062648021213	([707, 676], [709, 708, 677])
1	0.45904152218035643	0.48366518452564355	([510, 503], [509, 506, 503])
1	0.4481484464664164	0.48592967093814704	([616, 609], [616, 615, 609])
1	0.48454275606873426	0.4886901558671608	([749, 743], [749, 748, 743])
1	0.47660089872136313	0.48872311192623796	([129, 115], [129, 119, 115])
1	0.4843201103271635	0.4896800487227863	([458, 448], [458, 456, 448])
1	0.4861673935574533	0.4909779030971802	([731, 717], [731, 729, 717])
1	0.48754665400762603	0.4921398591981507	([277, 271], [277, 275, 273])
1	0.4880359508471797	0.49292458984665466	([187, 175], [187, 185, 175])
1	0.4814170871564432	0.492953600513784	([279, 270], [279, 276, 272])
1	0.4439265806098054	0.49310997620542113	([289, 274], [287, 285, 275])
1	0.48975494176246526	0.4959091185350045	([268, 257], [268, 261, 257])
1	0.46956928118685304	0.49945295685268454	([432, 420], [431, 426, 421])
1	0.4813286876278731	0.5010798379954571	([796, 776], [796, 792, 791])
1	0.5003646599938194	0.5013148168391337	([269, 256], [269, 264, 256])
1	0.5014057714500619	0.5024655910990918	([389, 376], [389, 384, 376])
1	0.4924536017053722	0.5029408160818241	([413, 403], [413, 408, 407])
1	0.5026506830999469	0.5032280089902489	([738, 731], [738, 735, 731])
1	0.46164193974135487	0.5036987106507853	([223, 217], [223, 220, 218])
1	0.5012407506222534	0.5044492380415077	([573, 562], [573, 572, 562])
1	0.4974871782931473	0.5044695647313633	([150, 136], [150, 145, 140])
1	0.4958168328273606	0.5056665112153329	([266, 248], [266, 260, 255])
1	0.4860935575423245	0.5082866635431424	([36, 15], [36, 31, 29])
1	0.5086604876367964	0.5104304312191514	([857, 838], [857, 850, 848])
1	0.49651159848459586	0.5121089953653545	([747, 731], [747, 746, 731])
1	0.49902767152293315	0.5133241122779149	([250, 235], [250, 249, 235])
1	0.509668871037153	0.5140769315057807	([256, 236], [256, 251, 236])
1	0.5114689878142455	0.5149552387480988	([422, 410], [422, 417, 413])
1	0.49716703830146525	0.5166737469076237	([481, 463], [481, 476, 467])
1	0.49696867291453717	0.5167672567155532	([398, 389], [398, 393, 392])
1	0.5119541115070014	0.519108398634072	([53, 40], [53, 50, 41])
1	0.5031799762808956	0.5196723680446813	([37, 3], [37, 35, 2])
1	0.4907945291216938	0.5196776558186504	([793, 771], [794, 793, 771])
1	0.5206638723938719	0.520675574206059	([117, 101], [117, 112, 111])
1	0.5187932909106928	0.5207509838880263	([491, 475], [491, 485, 475])
1	0.5188563729773651	0.520926058824556	([106, 85], [106, 97, 85])
1	0.5106266615355416	0.5228556553818744	([764, 750], [764, 757, 754])
1	0.5182073838437681	0.5228556553818744	([772, 754], [772, 764, 754])
1	0.5051194480964527	0.5231252413270606	([772, 764], [772, 771, 767])
1	0.5080444599170232	0.5235854586170215	([478, 465], [477, 474, 465])
1	0.5162433293500236	0.5244027565065108	([399, 388], [399, 396, 392])
1	0.48748470278263095	0.5251405470994456	([536, 510], [536, 520, 510])
1	0.502488500641266	0.5266478007750074	([632, 615], [632, 624, 618])
1	0.5094453283485831	0.5269092018675828	([190, 174], [190, 186, 176])
1	0.4834176099503162	0.5274005636435622	([350, 339], [348, 345, 340])
1	0.5216856396700013	0.5282126476400112	([498, 477], [498, 492, 477])
1	0.49130848194068766	0.5290298578148755	([483, 459], [483, 477, 464])
1	0.5242772939353855	0.5290298578148755	([488, 464], [488, 483, 464])
1	0.5221161418641729	0.5291600361244431	([402, 384], [402, 398, 389])
1	0.49460275434930784	0.5295204817449382	([704, 674], [705, 704, 680])
1	0.5020572792627642	0.5299468450351079	([337, 292], [337, 316, 292])
1	0.4964246640380985	0.5300387772219661	([608, 598], [608, 607, 597])
1	0.4601803303158596	0.5301600392030734	([496, 472], [497, 488, 483])
1	0.5254039763619707	0.530662306733998	([792, 769], [794, 792, 769])
1	0.5090566724527634	0.5306739781124187	([392, 375], [392, 386, 381])
1	0.47793765017449585	0.5309413991183941	([794, 770], [792, 775, 771])
1	0.5279224891974287	0.5309951409734401	([267, 242], [267, 258, 242])
1	0.4981659477272537	0.5310111479567955	([88, 76], [88, 87, 77])
1	0.5295877871030734	0.5325524176510891	([815, 799], [815, 812, 799])
1	0.5288708603918667	0.5326517744881525	([200, 185], [200, 195, 185])
1	0.4607095712901138	0.5338890502553344	([708, 677], [706, 703, 678])
1	0.4949657097454552	0.5350696652727268	([391, 374], [392, 391, 375])
1	0.5045486106204958	0.5355500323324117	([62, 49], [68, 62, 49])
1	0.53202717015126	0.5356669680412107	([428, 411], [428, 422, 411])
1	0.5194344604897824	0.5356959945861282	([486, 462], [486, 477, 476])
1	0.5278736421495058	0.5363447001980045	([93, 70], [93, 88, 75])
1	0.5186347230438876	0.5368017656428815	([812, 797], [815, 805, 802])
1	0.49709133950128975	0.5371803813740087	([503, 496], [503, 500, 499])
1	0.5187478491940969	0.5390777140078538	([443, 421], [444, 443, 424])
1	0.530492374352546	0.5390777140078538	([451, 424], [451, 444, 424])
1	0.5339703980723134	0.5395867822854641	([537, 508], [537, 520, 510])
1	0.5299015106847775	0.539824257879884	([857, 822], [857, 838, 837])
1	0.5099647375866457	0.5409280787899996	([40, 1], [40, 36, 1])
1	0.5246645253884199	0.5415228050609818	([191, 170], [191, 189, 170])
1	0.5303445084290389	0.5417004869745681	([49, 5], [49, 37, 2])
1	0.5269984990167017	0.5426689828999853	([595, 574], [606, 602, 574])
1	0.532755178701811	0.5431913789862293	([229, 200], [229, 219, 205])
1	0.5430057493669145	0.5433202008176337	([408, 377], [408, 401, 399])
1	0.5344068752365018	0.5445785496914209	([802, 767], [802, 792, 771])
1	0.5414237649519769	0.544874521905216	([317, 301], [317, 311, 301])
1	0.5196737573385599	0.5461446656897507	([338, 289], [317, 313, 292])
1	0.5363364620047937	0.5473460524842244	([230, 201], [230, 229, 201])
1	0.536177310030475	0.5474735328053235	([201, 173], [201, 196, 173])
1	0.5150859207859465	0.5475947588833936	([231, 204], [231, 229, 201])
1	0.5441270349909332	0.547897899502952	([715, 689], [715, 705, 689])
1	0.5475055803707174	0.5481882132575792	([384, 343], [384, 379, 344])
1	0.5143236434893605	0.5482700135119424	([446, 426], [446, 443, 423])
1	0.5437241633709945	0.5482700135119424	([460, 423], [460, 446, 423])
1	0.5140169284494119	0.548301162442234	([760, 737], [760, 754, 745])
1	0.5191352286930495	0.5483245039802845	([671, 641], [671, 669, 641])
1	0.5340376169583017	0.5483833596210261	([83, 66], [83, 78, 68])
1	0.5460900043954555	0.548574614195345	([257, 148], [257, 162, 148])
1	0.5314261335249294	0.5486884730931628	([479, 449], [479, 465, 464])
1	0.545398005137821	0.5487852214684085	([830, 804], [830, 819, 804])
1	0.5482137546708185	0.549829314643064	([175, 147], [175, 173, 147])
1	0.5495027090005659	0.5498873300337282	([758, 717], [758, 747, 717])
1	0.5301762560409073	0.5500815218745367	([773, 749], [774, 773, 750])
1	0.539573661024613	0.5507794101806072	([198, 164], [198, 190, 164])
1	0.5490258496518177	0.5510231038972762	([350, 274], [394, 350, 349])
1	0.5436193857393458	0.5510637774423013	([270, 243], [271, 255, 237])
1	0.5386589185722153	0.5516740144819715	([124, 99], [124, 117, 99])
1	0.5495122052979083	0.5517866412478745	([246, 163], [257, 246, 162])
1	0.5403455260391876	0.552131987374696	([635, 611], [635, 618, 611])
1	0.5464219682769635	0.5526418548332162	([447, 422], [447, 442, 422])
1	0.5431464783523384	0.552949607453	([633, 613], [633, 626, 618])
1	0.5409569930732709	0.553543610595888	([394, 349], [350, 339, 274])
1	0.5532156322340919	0.5535829977943951	([50, 0], [50, 41, 0])
1	0.5101561325808349	0.5537543514492854	([84, 61], [84, 73, 67])
1	0.5498802667537849	0.5542738189101852	([181, 70], [181, 70, 48])
1	0.5448405853193689	0.5545891520996922	([199, 165], [199, 192, 171])
1	0.550968405648277	0.5553271423351921	([196, 151], [196, 170, 154])
1	0.5472635608036355	0.5554923537290037	([839, 688], [856, 839, 688])
1	0.5513429620860447	0.5555605687728424	([638, 612], [637, 627, 615])
1	0.5351868990622958	0.5556067946999047	([194, 169], [194, 186, 172])
1	0.5358700584306959	0.5557549052060888	([257, 162], [257, 193, 189])
1	0.5174150566689605	0.5560355786484164	([606, 574], [595, 590, 574])
1	0.5467045132469253	0.5563183071662307	([232, 203], [232, 230, 203])
1	0.5480091941639729	0.5565001822664213	([231, 187], [231, 204, 187])
1	0.550954169239232	0.5567366171916002	([378, 342], [378, 377, 342])
1	0.536700186836254	0.5568311477851204	([64, 45], [69, 64, 46])
1	0.5415502361867247	0.5571208012713804	([72, 47], [72, 64, 46])
1	0.544047884190977	0.5572970069950275	([396, 373], [396, 391, 374])
1	0.5222898219615575	0.5575999698565302	([394, 274], [394, 373, 348])
1	0.52850059649528	0.5578295355168867	([640, 614], [640, 635, 614])
1	0.5396830430061573	0.5583826243769641	([233, 202], [243, 233, 192])
1	0.538095090612597	0.5584033751543966	([307, 286], [307, 298, 286])
1	0.5393833170135242	0.5584414892293392	([750, 721], [750, 734, 721])
1	0.5466027784314146	0.5586341633860812	([552, 533], [552, 546, 533])
1	0.54831568367834	0.559089251404198	([404, 380], [404, 398, 386])
1	0.5387020953212214	0.5591775825721134	([454, 425], [454, 445, 425])
1	0.5586600516839352	0.5598413123443677	([230, 172], [230, 188, 172])
1	0.5547406015956882	0.5599583817862346	([843, 697], [843, 842, 686])
1	0.5533380977397696	0.5606189493175135	([638, 604], [638, 613, 612])
1	0.5539942613683088	0.5608078977727426	([284, 264], [284, 272, 271])
1	0.558445666899925	0.5610820920009374	([139, 106], [139, 129, 114])
1	0.5560735683408286	0.5612087422757136	([259, 166], [259, 247, 166])
1	0.5568623752598671	0.5612454535807805	([676, 644], [677, 676, 644])
1	0.5496068975977205	0.5613926917812267	([251, 195], [238, 233, 190])
1	0.5534276992914824	0.5617466349991663	([508, 470], [508, 500, 496])
1	0.5402778215525486	0.5617798855670353	([122, 93], [122, 117, 99])
1	0.5201129895857112	0.5618437553372422	([246, 197], [243, 231, 197])
1	0.558984354202877	0.5620524510798143	([136, 59], [147, 136, 54])
1	0.5596067289248122	0.5620524510798143	([161, 54], [161, 136, 54])
1	0.5500576484133812	0.5621452169138763	([230, 188], [230, 201, 195])
1	0.546933243755085	0.5623106997070053	([484, 460], [484, 480, 460])
1	0.5413629249812438	0.5623390661784623	([677, 643], [676, 669, 667])
1	0.5616925229200047	0.5624554422906327	([446, 413], [446, 423, 407])
1	0.533326129068455	0.5625844082023964	([604, 566], [606, 604, 572])
1	0.5563874909840454	0.5626339898816637	([252, 173], [252, 173, 163])
1	0.5616230195069899	0.563057256319008	([645, 631], [645, 641, 636])
1	0.5517569114709946	0.5631928062372945	([795, 744], [795, 771, 744])
1	0.5424896604601427	0.563335775602296	([244, 166], [244, 243, 197])
1	0.5525840588404972	0.5633466637828679	([232, 193], [232, 203, 200])
1	0.5530689971111582	0.563686401309097	([685, 640], [685, 673, 640])
1	0.5428000310865437	0.5638789983849998	([263, 195], [263, 243, 235])
1	0.5595552991852091	0.5639203910413707	([158, 0], [146, 143, 50])
1	0.5555477257135402	0.5641664529937717	([141, 104], [141, 128, 115])
1	0.561472095686978	0.5643790615587079	([445, 405], [445, 443, 405])
1	0.5446521247450166	0.5645966496537886	([678, 655], [678, 671, 669])
1	0.5619727215997818	0.5647737774677193	([280, 251], [280, 268, 257])
1	0.564461737643304	0.5649181499905076	([808, 755], [808, 807, 755])
1	0.5640716947813095	0.5652150721440967	([467, 443], [467, 466, 443])
1	0.5622402833459451	0.5654018877731422	([67, 0], [67, 58, 0])
1	0.5637727793346274	0.5658691972119142	([245, 164], [246, 245, 162])
1	0.5654391973453475	0.5663346056898372	([249, 205], [249, 232, 193])
1	0.5315965290701516	0.5663346056898372	([247, 189], [257, 249, 193])
1	0.545307110741587	0.566489938191107	([793, 746], [793, 792, 746])
1	0.5509911051858367	0.5665197788888058	([643, 629], [643, 640, 636])
1	0.5587519608095359	0.5666393035931715	([451, 411], [451, 443, 411])
1	0.5226425506428385	0.5666781366921705	([392, 346], [392, 377, 346])
1	0.5627399316453552	0.5668194454010309	([384, 270], [384, 381, 263])
1	0.553938022626115	0.5673890759996493	([818, 796], [818, 812, 800])
1	0.5163721271424849	0.5674612981368159	([379, 344], [376, 358, 347])
1	0.5629080127023955	0.5678193208842826	([741, 707], [741, 721, 709])
1	0.563500972481319	0.567859031245512	([844, 693], [844, 831, 693])
1	0.5537712018651744	0.569134199019713	([344, 282], [344, 343, 282])
1	0.5530202403342954	0.5691551963228584	([239, 158], [246, 239, 163])
1	0.5539119163155933	0.5691913873916254	([536, 471], [536, 510, 471])
1	0.5471622869789838	0.5692558536394646	([458, 409], [453, 445, 409])
1	0.5485767367224779	0.5695602015849583	([123, 90], [123, 117, 99])
1	0.5472628292398786	0.5699182526739351	([856, 685], [844, 839, 688])
1	0.5301659179371914	0.5702662466059831	([235, 196], [245, 243, 197])
1	0.5461233406545966	0.5703176495017741	([264, 161], [264, 233, 161])
1	0.5690622463822802	0.5703271160424479	([402, 345], [402, 382, 377])
1	0.5663705147347999	0.5704945603552563	([231, 171], [231, 199, 187])
1	0.5660639987290685	0.5705513473690516	([180, 71], [180, 71, 69])
1	0.5675524045776124	0.5705961821844581	([460, 192], [460, 236, 192])
1	0.5664164258143937	0.5707391082086667	([145, 60], [147, 145, 60])
1	0.5698134624739575	0.5708232414891964	([612, 565], [612, 605, 568])
1	0.5657515469905359	0.5712771583859261	([400, 343], [400, 383, 343])
1	0.5421506856740234	0.5713087510776379	([242, 147], [247, 242, 147])
1	0.5296961344865009	0.5713303361046261	([239, 174], [239, 189, 174])
1	0.5584282182950924	0.5716040093559954	([118, 76], [118, 100, 93])
1	0.564097146128981	0.5717410196153005	([195, 143], [195, 192, 143])
1	0.5538003729625464	0.572104528645913	([236, 156], [245, 236, 162])
1	0.5369992106728803	0.5722242581963731	([255, 172], [255, 245, 164])
1	0.5374288005312793	0.572251567012175	([71, 48], [70, 68, 48])
1	0.5695755384796601	0.5722900775884903	([634, 605], [634, 617, 611])
1	0.5661290848745083	0.5728261231255168	([455, 427], [455, 445, 424])
1	0.5714078143041373	0.5729053613267868	([452, 259], [460, 452, 267])
1	0.561033840838806	0.5731653368714354	([175, 134], [175, 149, 134])
1	0.5362147030499229	0.5734671427328558	([241, 168], [241, 236, 162])
1	0.5670235627134625	0.5737940657876477	([452, 410], [452, 425, 423])
1	0.5707564617522157	0.573801384643169	([342, 270], [379, 342, 265])
1	0.5583427331851448	0.5738190981590467	([802, 736], [802, 766, 748])
1	0.554628869825388	0.574135445102732	([66, 1], [66, 53, 1])
1	0.5727484297879509	0.5742560736977707	([864, 817], [864, 860, 820])
1	0.5578087278796112	0.5744018834149701	([672, 639], [672, 669, 639])
1	0.5728779237483702	0.574617422560498	([191, 137], [191, 189, 137])
1	0.5651200915006581	0.574642628594609	([250, 157], [253, 250, 157])
1	0.572265357644308	0.5748926189970138	([644, 620], [644, 643, 621])
1	0.5675515460329563	0.5751313099329967	([459, 235], [459, 451, 242])
1	0.557100299660348	0.5751803973590268	([144, 57], [143, 57, 50])
1	0.557736753302624	0.5756414158743474	([799, 751], [799, 774, 772])
1	0.5705199230959658	0.5766334492548163	([845, 699], [856, 845, 699])
1	0.5560940338370474	0.5766334492548163	([872, 699], [872, 856, 699])
1	0.575078873753291	0.5766884858192493	([106, 58], [106, 80, 62])
1	0.5727077857842291	0.5767132782248835	([283, 239], [283, 269, 239])
1	0.5668369965682947	0.5769139497775085	([577, 558], [574, 563, 560])
1	0.5764973126312675	0.576921458275806	([848, 687], [850, 848, 689])
1	0.5684557654889336	0.5770414009230268	([506, 480], [506, 495, 475])
1	0.5444137331407173	0.5772639472189424	([181, 118], [181, 118, 70])
1	0.5699722286333823	0.577500721211784	([245, 144], [245, 162, 153])
1	0.5708283027661271	0.5777884451890387	([259, 194], [259, 242, 194])
1	0.5677821403037226	0.5779425255466442	([460, 267], [452, 449, 259])
1	0.5643304061054295	0.5779500348922545	([274, 180], [339, 274, 70])
1	0.5695682031449352	0.5780285329662194	([400, 243], [400, 269, 256])
1	0.5744769605829855	0.5780285329662194	([401, 256], [401, 400, 256])
1	0.5715379728737136	0.5780285329662194	([462, 400], [462, 400, 256])
1	0.5407560607213231	0.5781159368557051	([574, 546], [574, 560, 546])
1	0.5714636057707484	0.5781939493454771	([807, 729], [807, 770, 729])
1	0.5781349893235466	0.5784419944147117	([73, 42], [73, 62, 59])
1	0.5432269546537549	0.5784775923151462	([147, 54], [146, 136, 54])
1	0.5486770361239492	0.5785113384437557	([842, 686], [856, 843, 685])
1	0.563988013504996	0.5786384712110424	([850, 689], [854, 848, 690])
1	0.5723493130802365	0.5787157574498489	([455, 248], [456, 454, 261])
1	0.5746761614968249	0.5788028927915282	([457, 402], [457, 453, 402])
1	0.5660860520714206	0.5791803655995682	([451, 242], [459, 454, 235])
1	0.5503942775543219	0.5791937213966405	([243, 159], [254, 232, 161])
1	0.5702021619006148	0.5792950608279099	([547, 499], [547, 534, 501])
1	0.5646771802743955	0.5795461308859232	([460, 236], [460, 267, 192])
1	0.5474152333242415	0.5798848130831425	([877, 820], [877, 876, 821])
1	0.5655615016247139	0.5801522229240095	([379, 265], [343, 342, 280])
1	0.5632569559156616	0.5804849123513418	([454, 261], [454, 449, 261])
1	0.5738207767154047	0.580677254093383	([270, 169], [270, 266, 169])
1	0.5743216768006332	0.5807125330178466	([832, 694], [857, 833, 694])
1	0.5793060124869532	0.5810664409902903	([264, 188], [264, 188, 161])
1	0.5528815552500451	0.5811370845386035	([605, 568], [606, 605, 571])
1	0.5746307131170538	0.5812464038480475	([269, 153], [269, 242, 168])
1	0.5602370614670621	0.5813421182378328	([381, 263], [381, 263, 246])
1	0.5771937771757992	0.5815885948079577	([602, 553], [602, 574, 553])
1	0.577836384087955	0.5817893409434399	([345, 272], [345, 272, 268])
1	0.5728554516718711	0.5818740630647316	([265, 204], [265, 245, 204])
1	0.5647030713725553	0.5818778358831552	([775, 728], [792, 746, 731])
1	0.580064852940092	0.581992962979422	([272, 229], [272, 244, 233])
1	0.5679535842240803	0.5821051322007927	([341, 281], [342, 341, 280])
1	0.566597097386338	0.5822786423450302	([777, 724], [777, 750, 724])
1	0.5595773103484047	0.5824228263006539	([846, 696], [852, 846, 696])
1	0.5549433589989965	0.5825219315965771	([857, 694], [850, 832, 694])
1	0.5597964531147119	0.5827003666627875	([165, 52], [157, 156, 52])
1	0.5817946295906857	0.5827569128346473	([811, 753], [811, 798, 772])
1	0.5512498377862466	0.5829949296849495	([430, 399], [430, 417, 399])
1	0.580205834356915	0.5834282238893266	([142, 56], [141, 138, 58])
1	0.5778897380741215	0.5834471024422176	([132, 55], [139, 132, 55])
1	0.565435735067749	0.5834905725365197	([459, 190], [452, 260, 246])
1	0.5610472845321387	0.5834905725365197	([449, 263], [452, 447, 246])
1	0.564867113136157	0.5836351866493156	([835, 692], [851, 831, 693])
1	0.5761969930494191	0.5838967056400522	([603, 555], [605, 603, 568])
1	0.5828087835260657	0.5839875114247483	([403, 234], [453, 403, 402])
1	0.5704633446374733	0.5842971469040941	([176, 57], [176, 168, 57])
1	0.5746273654015189	0.5845637569836163	([387, 278], [387, 343, 278])
1	0.570864043153646	0.5846606030021145	([776, 721], [776, 750, 749])
1	0.5779850033284972	0.5848229350527745	([385, 261], [404, 385, 380])
1	0.5576588154475146	0.5849171936604393	([180, 49], [181, 180, 69])
1	0.5815542811194008	0.5849587578657462	([605, 554], [605, 568, 564])
1	0.5734490858403979	0.5850395669069468	([243, 167], [267, 243, 192])
1	0.5689300084591388	0.5852168084329222	([462, 254], [462, 452, 260])
1	0.5793432087777461	0.585412340557985	([752, 726], [752, 741, 734])
1	0.5799305789733732	0.5854220210809875	([187, 133], [187, 174, 136])
1	0.5787471264893449	0.5856007160069906	([469, 439], [471, 469, 437])
1	0.5670526743812221	0.5856031130694613	([281, 160], [281, 279, 170])
1	0.5591646357300004	0.5856428213747048	([614, 563], [614, 595, 571])
1	0.5477703726013766	0.5857734918518634	([415, 396], [417, 415, 393])
1	0.5769215429952894	0.5860036544195385	([166, 55], [166, 143, 55])
1	0.5758383411087105	0.5860444147529567	([404, 267], [452, 410, 404])
1	0.5850482340337354	0.5861835449299051	([219, 183], [219, 206, 183])
1	0.5684434659015382	0.5864932423421115	([400, 269], [462, 448, 400])
1	0.577973754154593	0.5865497200082532	([357, 292], [357, 348, 339])
1	0.5728761757428145	0.5869165068647905	([267, 167], [260, 243, 167])
1	0.5843021577326615	0.5869165068647905	([462, 167], [462, 260, 167])
1	0.5765858396663891	0.5871445909044698	([378, 51], [403, 381, 378])
1	0.572548916653388	0.5873597422083074	([345, 255], [380, 345, 264])
1	0.5410730264225564	0.587514084238207	([146, 50], [141, 104, 85])
1	0.5799475617702602	0.587540072919952	([408, 186], [408, 401, 173])
1	0.5833250971666384	0.5876114166080856	([346, 267], [346, 343, 279])
1	0.5832365571672076	0.587728354692996	([383, 257], [400, 383, 257])
1	0.5877798900635325	0.5880588196273285	([456, 152], [462, 456, 152])
1	0.5831585556158508	0.5880990299207433	([833, 567], [848, 833, 567])
1	0.5858022979640731	0.5880990299207433	([874, 567], [874, 848, 567])
1	0.5650235616105459	0.5881808927156401	([402, 262], [402, 384, 270])
1	0.5552164859300278	0.5881808927156401	([382, 246], [402, 400, 270])
1	0.566694603732771	0.5882172760286272	([451, 169], [451, 242, 202])
1	0.5742217355780699	0.5882172760286272	([448, 202], [451, 448, 202])
1	0.5745181786337185	0.5882983275794383	([468, 441], [469, 468, 441])
1	0.5627710429394781	0.5883124082946523	([450, 252], [459, 457, 257])
1	0.5756641334737984	0.5884242238149818	([160, 53], [160, 137, 136])
1	0.5787484271714711	0.5884442430754541	([451, 51], [451, 411, 403])
1	0.579823203539784	0.5884611371665953	([453, 158], [453, 451, 158])
1	0.5870261574655974	0.5885177224055017	([135, 67], [135, 106, 58])
1	0.5864966832726659	0.5885409625282454	([403, 204], [424, 406, 403])
1	0.5723529272880955	0.5886457606871803	([793, 670], [793, 730, 718])
1	0.5858690606695359	0.5887087882843463	([624, 588], [624, 620, 588])
1	0.5837069764160884	0.5887576903638428	([436, 180], [436, 434, 394])
1	0.580235820836284	0.588935863835707	([411, 258], [411, 402, 260])
1	0.5806638231337282	0.5891951397526295	([181, 99], [181, 118, 99])
1	0.5564221187351359	0.5891986203696644	([385, 280], [385, 280, 277])
1	0.5883388858710648	0.5892369323340496	([458, 244], [458, 451, 242])
1	0.5799257080225169	0.5895568759361323	([377, 254], [381, 377, 254])
1	0.5467516875007606	0.5896548491063934	([453, 234], [460, 453, 234])
1	0.5757941210840735	0.5897175108493004	([853, 698], [853, 834, 698])
1	0.5575962044301634	0.5897751245609993	([454, 163], [454, 237, 163])
1	0.5886455825780449	0.5898990783860556	([410, 255], [450, 421, 410])
1	0.5758385125753033	0.5900307573239665	([404, 233], [447, 404, 233])
1	0.5842517708352455	0.5900307573239665	([449, 233], [449, 447, 233])
1	0.5828892525506656	0.5900933974167932	([798, 720], [798, 751, 750])
1	0.5869980581662514	0.5902283569892387	([190, 56], [190, 167, 56])
1	0.5685153211162784	0.5903270358812285	([457, 161], [457, 248, 159])
1	0.573269156590454	0.590327694473572	([249, 55], [249, 198, 55])
1	0.5838890517704571	0.5905990206640995	([570, 466], [570, 458, 449])
1	0.5791143395438026	0.5905990206640995	([567, 242], [570, 566, 458])
1	0.5762159279821845	0.5906601853563567	([626, 599], [626, 617, 599])
1	0.5697454864309942	0.5907507186894395	([461, 253], [461, 451, 253])
1	0.576523918177191	0.5908552317710275	([260, 51], [451, 254, 51])
1	0.5551836040765078	0.5910312404772246	([393, 340], [393, 390, 340])
1	0.5506785583605428	0.5911242964494365	([343, 280], [384, 346, 343])
1	0.5881470225463733	0.5911292077858746	([382, 166], [382, 166, 157])
1	0.5888620604871821	0.5915208369044106	([287, 181], [394, 287, 181])
1	0.5726349401632908	0.5915898060168764	([388, 230], [388, 378, 230])
1	0.5738436710573975	0.5916420982206205	([271, 175], [271, 240, 231])
1	0.5902490514051246	0.5917391064933539	([184, 51], [184, 175, 51])
1	0.575547661717878	0.5917391064933539	([403, 51], [240, 175, 51])
1	0.5848407969629363	0.5918107020173453	([548, 500], [548, 542, 500])
1	0.5683710394709283	0.5919876465537468	([838, 703], [839, 823, 702])
1	0.5658770198269902	0.5920106683594657	([380, 243], [384, 380, 269])
1	0.5870894555146352	0.59215114324364	([450, 193], [450, 269, 252])
1	0.577894551332033	0.5921524428283456	([820, 741], [820, 817, 741])
1	0.5725425128425774	0.5921976388081519	([452, 146], [452, 190, 169])
1	0.5907501664425515	0.5922071570657532	([873, 462], [873, 484, 453])
1	0.5717678248265596	0.5926310736794087	([576, 557], [576, 574, 557])
1	0.587567464602566	0.5926495769539283	([877, 798], [877, 819, 817])
1	0.5781438442043061	0.5926775473263702	([814, 719], [814, 751, 721])
1	0.5784623119909204	0.5927156683113284	([379, 249], [401, 270, 256])
1	0.5818730367629844	0.5927448089690713	([449, 172], [449, 240, 233])
1	0.5915621531839411	0.5928111930841169	([379, 228], [379, 241, 230])
1	0.5796154903957924	0.5929392869685444	([783, 725], [788, 783, 725])
1	0.5841739435800118	0.592953188267513	([455, 379], [449, 379, 259])
1	0.5847247667615539	0.5929961474122961	([830, 681], [854, 830, 681])
1	0.5599913742488591	0.5930993837144402	([820, 677], [820, 741, 677])
1	0.5844690002585679	0.5932217916406813	([107, 55], [107, 81, 54])
1	0.5885302575716435	0.593473015794767	([189, 54], [189, 158, 0])
1	0.5569842031818795	0.5934821626077947	([340, 275], [345, 340, 275])
1	0.5886613684820392	0.5934867891357996	([566, 197], [566, 255, 197])
1	0.5897898896615149	0.593487467135161	([423, 232], [423, 271, 263])
1	0.5773864179882713	0.593487467135161	([423, 271], [449, 423, 263])
1	0.5857731157549724	0.5935188393258864	([424, 192], [403, 255, 250])
1	0.5634453267735835	0.5935188393258864	([386, 240], [403, 386, 255])
1	0.567542403728199	0.5935302754205264	([273, 202], [273, 272, 202])
1	0.5584489150828614	0.5937254335043093	([386, 279], [386, 379, 279])
1	0.5789018151993054	0.5937633538700179	([382, 142], [382, 235, 166])
1	0.5734686308450183	0.5941064317178104	([408, 281], [408, 281, 186])
1	0.5860089725702001	0.5941503626894921	([843, 462], [873, 843, 832])
1	0.5681038315107223	0.5941825694698855	([401, 173], [401, 249, 241])
1	0.5906777415740784	0.5942196135814725	([458, 164], [458, 453, 164])
1	0.591387529300727	0.5945013493752832	([408, 247], [408, 253, 247])
1	0.5747692767083091	0.5949039271841778	([383, 199], [383, 199, 170])
1	0.584445925404134	0.5949450253155888	([688, 569], [856, 843, 569])
1	0.5889015592430203	0.5949453981770421	([394, 223], [415, 394, 393])
1	0.564397705468967	0.5949453981770421	([434, 394], [434, 415, 394])
1	0.5937627906189215	0.5949684940229405	([787, 723], [787, 777, 724])
1	0.5564421772073944	0.5949932785288855	([192, 58], [192, 174, 58])
1	0.5923135812222111	0.5950631470403587	([265, 52], [204, 170, 52])
1	0.5892961145827186	0.5953136262451165	([686, 565], [686, 565, 488])
1	0.5932576309813811	0.595428545965845	([568, 146], [568, 146, 54])
1	0.5806744838638876	0.5954935443392589	([484, 160], [484, 458, 249])
1	0.5896996614888315	0.5957400533815095	([776, 317], [780, 776, 301])
1	0.5953616894192051	0.5959317117454722	([413, 242], [413, 401, 147])
1	0.5827027649858991	0.5959702535260707	([445, 375], [445, 401, 375])
1	0.561713039723296	0.5959702535260707	([445, 187], [445, 405, 401])
1	0.5904911161670674	0.5960312051143773	([347, 269], [347, 340, 269])
1	0.5664243070678776	0.5960324709055973	([870, 703], [870, 847, 695])
1	0.587099669418429	0.5963679593003905	([845, 422], [845, 461, 456])
1	0.5812804021758742	0.5963679593003905	([851, 461], [847, 845, 461])
1	0.5713736595825462	0.5964306377698385	([567, 198], [567, 250, 242])
1	0.579247561687568	0.5965807348458757	([739, 673], [739, 703, 684])
1	0.5952096669328901	0.5967425701844307	([865, 816], [865, 860, 819])
1	0.5967666928812702	0.5967800764870302	([456, 386], [457, 456, 386])
1	0.5829513845418222	0.5968134272494559	([851, 564], [853, 843, 569])
1	0.5468062504964114	0.5968219983939246	([736, 703], [739, 729, 711])
1	0.5791632417363455	0.5968270901298495	([854, 454], [690, 687, 456])
1	0.5942533278025269	0.5975556989919711	([553, 475], [553, 547, 475])
1	0.5927079980443005	0.5976278906982634	([709, 629], [709, 677, 620])
1	0.5884480621417996	0.5977850392884207	([568, 459], [568, 459, 458])
1	0.5781318849294466	0.5977850392884207	([568, 244], [568, 566, 458])
1	0.5880537051024904	0.5978648978323013	([693, 486], [693, 683, 490])
1	0.5666675748894145	0.5979969240006306	([415, 223], [394, 218, 211])
1	0.579820388648564	0.5981198279832657	([639, 606], [639, 633, 614])
1	0.5886282544269992	0.5981205767904314	([177, 113], [178, 177, 113])
1	0.5858342860445117	0.5981555051094106	([731, 642], [711, 679, 642])
1	0.5947149291971146	0.598200211907045	([271, 154], [271, 175, 154])
1	0.5727195736199766	0.5982200731846897	([184, 84], [184, 84, 59])
1	0.5839669451761423	0.5983847250467216	([873, 484], [843, 487, 462])
1	0.5754688871742314	0.5984967733383614	([488, 422], [488, 460, 456])
1	0.5914101234943153	0.5985763253383959	([553, 530], [553, 547, 530])
1	0.5890686586519547	0.5986378744099845	([406, 170], [406, 402, 170])
1	0.588607306768214	0.5987356778356926	([572, 500], [572, 546, 500])
1	0.5739976421330095	0.5989093258449507	([448, 262], [454, 448, 262])
1	0.5965867459324932	0.5990514168340705	([480, 156], [480, 460, 156])
1	0.5950146644196352	0.5993186840320308	([688, 460], [688, 569, 456])
1	0.5867280790184602	0.5993186840320308	([569, 456], [688, 687, 456])
1	0.5823566166692439	0.5993495151801518	([281, 134], [281, 160, 140])
1	0.591846420575257	0.599661384609617	([705, 637], [705, 673, 637])
1	0.597169486003792	0.5997967624256356	([375, 305], [375, 358, 306])
1	0.5764462349573017	0.5998908842046389	([478, 255], [478, 452, 451])
1	0.5993647594602018	0.5999772925301239	([385, 174], [385, 342, 280])
1	0.5982317824720464	0.6000142026831805	([119, 64], [119, 100, 64])
1	0.5823059022615799	0.6002921229357651	([415, 291], [415, 394, 274])
1	0.5894400161262487	0.6002921229357651	([608, 274], [608, 415, 274])
1	0.588007541459827	0.6003697993519999	([692, 463], [692, 687, 462])
1	0.5994497210455815	0.6004398464277025	([749, 647], [749, 741, 644])
1	0.596427251306941	0.6004834075192019	([265, 142], [382, 265, 235])
1	0.6003226781236239	0.6004850554922884	([690, 382], [690, 456, 382])
1	0.5983683610988665	0.6005711715147046	([688, 479], [842, 688, 686])
1	0.5904612476168094	0.6006718155280104	([463, 231], [484, 463, 160])
1	0.5983412360676832	0.6006984481518692	([850, 459], [852, 850, 459])
1	0.5859596619694926	0.6007816649894892	([262, 56], [262, 159, 156])
1	0.5935094142791866	0.600842005847731	([409, 185], [409, 408, 185])
1	0.5955633411900532	0.6008533865837775	([564, 465], [564, 562, 465])
1	0.5962739793906904	0.6008635944051961	([490, 169], [490, 484, 169])
1	0.592349451680784	0.6009676181481474	([852, 450], [850, 487, 451])
1	0.5942623415532822	0.6010438785068379	([841, 455], [851, 841, 455])
1	0.5841056388543056	0.6010616343497945	([673, 611], [673, 637, 613])
1	0.5568456744382335	0.6010747919521482	([639, 569], [639, 606, 605])
1	0.5978337377086089	0.6010747919521482	([873, 605], [845, 639, 605])
1	0.5985511602720347	0.601110060753384	([343, 56], [343, 283, 56])
1	0.5775291062436888	0.6011357573443084	([446, 278], [446, 278, 264])
1	0.5839671773844255	0.6011557532693825	([566, 255], [566, 457, 255])
1	0.5786868271710017	0.6011557532693825	([566, 169], [566, 457, 446])
1	0.5859641168672893	0.6011707359095982	([854, 159], [854, 456, 159])
1	0.5903748818821939	0.6012211107882527	([638, 485], [638, 572, 485])
1	0.6007751763306127	0.6012567937785706	([399, 276], [399, 340, 276])
1	0.5900534062700898	0.6013042679829711	([569, 192], [569, 460, 454])
1	0.575599379511882	0.6013042679829711	([565, 485], [569, 565, 460])
1	0.5995141988271294	0.6013925156961164	([485, 174], [485, 463, 174])
1	0.599703956165095	0.6015212013975877	([747, 679], [747, 717, 679])
1	0.5904152944392078	0.6016107494195301	([478, 400], [478, 477, 400])
1	0.5881285470635522	0.6016709838072855	([738, 701], [738, 715, 712])
1	0.5884129298645737	0.6017124126201863	([194, 61], [194, 136, 53])
1	0.5855096020999361	0.6017390451628253	([683, 490], [693, 692, 463])
1	0.5908515712467041	0.6017390451628253	([844, 463], [844, 693, 463])
1	0.5760619954898895	0.601764962165438	([708, 496], [708, 677, 608])
1	0.5954854671937575	0.601764962165438	([743, 608], [743, 708, 608])
1	0.591817437182845	0.6018447864689295	([554, 486], [565, 554, 488])
1	0.5972817699577941	0.601951180113886	([851, 612], [851, 612, 563])
1	0.5942524301854145	0.6019522695585284	([568, 421], [568, 451, 421])
1	0.5726024570561399	0.6019642150448747	([481, 384], [481, 453, 384])
1	0.599617586865751	0.6019877082243065	([285, 175], [285, 272, 175])
1	0.6010269605572464	0.6020798705306346	([230, 66], [230, 66, 56])
1	0.5898183621184725	0.6021938227851745	([845, 384], [845, 422, 384])
1	0.5983848238548466	0.602239972837797	([593, 556], [593, 591, 556])
1	0.6019255980219983	0.6022415934526206	([313, 181], [313, 289, 287])
1	0.5955885955456796	0.6022467412893158	([346, 185], [346, 267, 192])
1	0.6004039530776174	0.6023256884164043	([569, 239], [569, 239, 193])
1	0.5939422186038072	0.6023372017047663	([642, 601], [642, 631, 619])
1	0.5976656151609339	0.6024457538812436	([362, 311], [373, 362, 311])
1	0.581063798713621	0.6025566253069956	([235, 53], [235, 151, 53])
1	0.5886609941209965	0.6025602519082697	([130, 68], [130, 84, 68])
1	0.5907938836054322	0.6025680432951613	([804, 673], [804, 793, 670])
1	0.6022762379402152	0.6025803339242476	([278, 60], [400, 278, 50])
1	0.5967508383540024	0.6026058179530721	([131, 61], [194, 136, 131])
1	0.5977770098206486	0.6026069150415937	([221, 179], [221, 209, 179])
1	0.5736714967482569	0.6026502786519968	([342, 188], [381, 343, 342])
1	0.6024461026800317	0.6026743567801968	([682, 614], [682, 672, 614])
1	0.5892277429170188	0.6027076527112053	([859, 807], [859, 857, 822])
1	0.596432010469792	0.6027886588527777	([686, 459], [856, 850, 459])
1	0.5928377635928718	0.6028052420096368	([348, 64], [348, 274, 64])
1	0.5585805249398081	0.6028821211826331	([877, 709], [821, 820, 709])
1	0.5966515324879591	0.6028992341802999	([647, 626], [647, 641, 622])
1	0.5780392528094592	0.6029253030841217	([562, 484], [851, 564, 461])
1	0.6006675367607146	0.6029826904166172	([377, 201], [377, 346, 201])
1	0.5902486090264533	0.6030288546853654	([387, 165], [403, 387, 168])
1	0.5865543249459733	0.6030400440457372	([227, 182], [227, 178, 97])
1	0.5864609716524495	0.603073436651236	([339, 3], [339, 274, 3])
1	0.5821136470270927	0.6031023092731564	([134, 41], [134, 84, 58])
1	0.5924949958490124	0.6032194606334059	([563, 186], [567, 563, 186])
1	0.5945839347569455	0.6032379460153252	([569, 388], [569, 387, 382])
1	0.5872948795257197	0.6033790245164912	([566, 381], [566, 377, 201])
1	0.5724755502209625	0.603389472135166	([571, 491], [571, 565, 491])
1	0.5988943448492116	0.6033970657321207	([486, 171], [486, 446, 198])
1	0.5939151340745688	0.6035187827387504	([608, 550], [608, 550, 538])
1	0.5640202592460202	0.6035187827387504	([608, 496], [608, 577, 538])
1	0.5988065630193435	0.603552492445646	([488, 168], [488, 422, 190])
1	0.6012847551307962	0.6036395562866584	([407, 53], [407, 235, 195])
1	0.591747914281293	0.6036395562866584	([407, 195], [445, 407, 235])
1	0.599716589955217	0.6036971205241891	([564, 147], [564, 201, 197])
1	0.60098980388072	0.603718190465023	([707, 616], [743, 707, 616])
1	0.6017934459280145	0.6037560970615274	([282, 57], [282, 254, 57])
1	0.5716997233247947	0.6037604791085714	([687, 458], [843, 692, 685])
1	0.5719725509127196	0.6038818933582889	([848, 569], [571, 546, 500])
1	0.5823188123306747	0.604005594761868	([89, 33], [89, 69, 33])
1	0.6008826974452226	0.6040440171124978	([481, 53], [481, 457, 53])
1	0.5999837895242449	0.604159762320139	([379, 143], [379, 191, 166])
1	0.5703872810070738	0.6041606392935861	([569, 492], [569, 492, 480])
1	0.5899047230148912	0.604245508387329	([491, 402], [491, 463, 451])
1	0.5829692022026317	0.6043120680978373	([471, 181], [496, 437, 436])
1	0.5943631104404327	0.6043245900049455	([390, 203], [401, 390, 203])
1	0.6007062368899397	0.6043522978818983	([185, 40], [346, 185, 1])
1	0.6035202071216736	0.6044467544311407	([447, 139], [447, 170, 164])
1	0.5913086755498892	0.6044578860698503	([568, 58], [568, 425, 421])
1	0.533117489843708	0.6048021336127613	([447, 246], [347, 278, 274])
1	0.5905661711470473	0.6048302087355425	([564, 266], [851, 423, 148])
1	0.5943094927461452	0.6048821551413328	([565, 163], [565, 488, 168])
1	0.6030992226398412	0.6048873448536533	([692, 572], [692, 672, 613])
1	0.5969580968693822	0.6048873448536533	([852, 613], [852, 692, 613])
1	0.5461574736610413	0.6049986690422205	([363, 302], [363, 362, 302])
1	0.6031684487759721	0.6051361706263007	([612, 230], [612, 449, 400])
1	0.6013357540016814	0.6051361706263007	([612, 400], [612, 459, 449])
1	0.5967773681078211	0.6051361706263007	([605, 449], [612, 605, 449])
1	0.5869747923672342	0.6051654175349664	([346, 1], [185, 84, 1])
1	0.5795610546312886	0.6052462048957729	([178, 115], [227, 219, 178])
1	0.552378219685856	0.6053557925140277	([566, 458], [564, 266, 201])
1	0.578708942764834	0.6053562825731943	([384, 141], [384, 162, 159])
1	0.601175376541071	0.6053707036613177	([400, 50], [407, 400, 53])
1	0.6042763477277016	0.605374867372487	([500, 419], [500, 468, 419])
1	0.5825896777843482	0.6054818222622361	([413, 273], [413, 399, 276])
1	0.5864342152737645	0.6055476945633584	([559, 476], [561, 559, 477])
1	0.5871178849757441	0.6055936378976794	([110, 47], [110, 79, 47])
1	0.5757129040083414	0.6056283551796362	([846, 566], [852, 846, 566])
1	0.5969156477355166	0.6056326678109178	([149, 66], [149, 141, 52])
1	0.5708121259682009	0.605765619197518	([843, 487], [846, 843, 566])
1	0.6041958449939565	0.6057718483410457	([361, 327], [361, 348, 339])
1	0.5957481490996198	0.6057987742906196	([341, 61], [341, 271, 61])
1	0.593749429511225	0.6058196238636827	([655, 592], [655, 629, 622])
1	0.5654212243044281	0.6059124365214911	([424, 345], [424, 400, 345])
1	0.5753468074818229	0.6059381060664338	([439, 70], [439, 394, 70])
1	0.6036121865596074	0.6059381060664338	([470, 70], [470, 394, 70])
1	0.6021800730773447	0.6060692163635927	([603, 261], [605, 603, 261])
1	0.5931895171257946	0.6060849824705403	([829, 482], [845, 829, 461])
1	0.6043072428607243	0.6061292543724357	([645, 583], [645, 623, 616])
1	0.593765301453577	0.6061363816880571	([406, 134], [406, 170, 134])
1	0.5865097390900619	0.6061678431824115	([777, 302], [787, 776, 301])
1	0.5793329972241547	0.6062536647553582	([604, 418], [612, 568, 421])
1	0.6011889051564087	0.6063433543025003	([566, 499], [566, 499, 489])
1	0.5893707627729565	0.6063766176021077	([853, 246], [853, 850, 246])
1	0.5983033940454129	0.6063947069613005	([589, 551], [589, 574, 557])
1	0.5988740417844293	0.606633859183992	([606, 404], [606, 404, 381])
1	0.5990171997271424	0.6067372576456161	([561, 343], [561, 389, 383])
1	0.5882974964945713	0.6067372576456161	([560, 383], [561, 560, 383])
1	0.5961612903616512	0.6067734749891839	([733, 643], [733, 719, 643])
1	0.5986868302380586	0.6069041737296792	([700, 457], [697, 493, 485])
1	0.5968446271678098	0.6069041737296792	([697, 493], [697, 565, 485])
1	0.5903067333027329	0.6069338671527665	([648, 584], [648, 645, 583])
1	0.6068088244872485	0.6069338671527665	([676, 583], [676, 648, 583])
1	0.6023984650075791	0.6070692712841547	([817, 678], [820, 817, 678])
1	0.60317816112514	0.6071385940149435	([360, 299], [360, 354, 299])
1	0.5960675800151947	0.6071543078835916	([738, 466], [712, 695, 570])
1	0.5988262575406272	0.6071792113727222	([287, 77], [287, 180, 77])
1	0.5772341564006522	0.6072605049418954	([841, 486], [841, 486, 480])
1	0.5842094173215712	0.6074656414864019	([850, 412], [850, 455, 451])
1	0.5590173008533975	0.607479859953812	([471, 437], [468, 467, 441])
1	0.5412529007923176	0.6075673910942135	([217, 180], [221, 204, 183])
1	0.5765766393380386	0.6076042625090508	([686, 488], [851, 697, 686])
1	0.6068530229838377	0.6076141185344348	([388, 149], [388, 254, 230])
1	0.575894607063979	0.6080791888932674	([691, 449], [691, 481, 457])
1	0.5445122403164049	0.6080791888932674	([685, 481], [697, 691, 457])
1	0.5998767380205349	0.6081049729226512	([412, 177], [448, 412, 202])
1	0.6073898934338143	0.6081726984330589	([796, 471], [820, 796, 707])
1	0.5968122086826457	0.608251814638187	([358, 306], [358, 339, 311])
1	0.5857719126331222	0.6082985901887665	([480, 186], [480, 186, 156])
1	0.5912006196982185	0.6083099605441549	([746, 641], [744, 731, 641])
1	0.5895588952115703	0.6083294948621923	([479, 199], [479, 455, 199])
1	0.5951323557500606	0.6083366783222324	([573, 399], [573, 564, 399])
1	0.6068844233675478	0.6083778138758418	([876, 482], [876, 853, 824])
1	0.5780495152890361	0.6084197146148069	([183, 83], [186, 170, 83])
1	0.6005669081075742	0.6084395428388998	([108, 40], [108, 84, 39])
1	0.5829405012903421	0.6084639140411794	([386, 139], [400, 386, 53])
1	0.6055526175530982	0.6085068213024571	([698, 406], [698, 691, 449])
1	0.5854597827789044	0.608733137395112	([561, 389], [565, 560, 383])
1	0.5966884284103119	0.608733137395112	([697, 383], [697, 565, 383])
1	0.5772841258557619	0.608736322952117	([227, 107], [221, 218, 109])
1	0.5999863133267395	0.6087490802871265	([804, 634], [804, 670, 634])
1	0.5637564888504414	0.6088225097262031	([839, 483], [873, 839, 823])
1	0.5792725961545443	0.6089521495042889	([849, 570], [831, 570, 458])
1	0.5940379267978576	0.6091098744812156	([840, 489], [840, 839, 483])
1	0.5928995837470424	0.6091190177720588	([649, 580], [725, 665, 649])
1	0.586225550419907	0.6091977890320042	([855, 479], [688, 479, 459])
1	0.5928920730091884	0.6092911073821271	([341, 308], [375, 340, 306])
1	0.6036351286449568	0.6093092600177787	([412, 54], [412, 402, 142])
1	0.5961842526921219	0.6093161409101043	([573, 277], [573, 399, 277])
1	0.5913806511243741	0.6093890271205978	([339, 209], [339, 294, 217])
1	0.6017682252381921	0.6095354255106813	([677, 472], [677, 608, 472])
1	0.6086651187959189	0.6096102951652229	([841, 267], [852, 841, 267])
1	0.5865606193428756	0.6096197496155561	([474, 429], [480, 474, 405])
1	0.6037762451524227	0.6096215079642978	([402, 0], [402, 142, 0])
1	0.5750138954103672	0.6096444697084152	([221, 109], [229, 220, 107])
1	0.5945875803924957	0.6097843472592184	([479, 175], [479, 452, 175])
1	0.6040207050251428	0.6098371121561483	([638, 458], [638, 568, 561])
1	0.6083651184354237	0.6099244580730688	([688, 345], [688, 459, 266])
1	0.6040583903040867	0.6099373902267902	([562, 247], [567, 562, 247])
1	0.6051340007274008	0.6099492404711471	([470, 179], [470, 394, 180])
1	0.57031756996344	0.6099492404711471	([470, 394], [471, 470, 180])
1	0.5944099803288537	0.6100122163267728	([868, 680], [868, 852, 695])
1	0.6057529610483114	0.6100968190569089	([464, 271], [464, 460, 271])
1	0.5745073844205459	0.6103036500361495	([489, 418], [489, 474, 461])
1	0.583665285195914	0.6103139307256059	([409, 245], [409, 344, 271])
1	0.6041116659854519	0.6103891328872039	([743, 470], [743, 734, 503])
1	0.5655832796184129	0.6104678177047347	([560, 481], [572, 560, 481])
1	0.6007642652159976	0.6104935762378724	([177, 65], [177, 81, 65])
1	0.6053449274548277	0.6105421659671992	([825, 746], [825, 807, 746])
1	0.5729286722521891	0.6105962240501873	([570, 171], [570, 462, 449])
1	0.5982892430969853	0.6105981271990006	([487, 258], [487, 451, 258])
1	0.5913902428274096	0.6105990087526321	([827, 682], [847, 827, 819])
1	0.5857904337429346	0.6106138611771679	([271, 67], [271, 175, 55])
1	0.6098403420169992	0.6106670786117852	([846, 271], [851, 846, 266])
1	0.6066986913175081	0.6106698726070018	([824, 561], [836, 688, 605])
1	0.5816313847700142	0.6106698726070018	([845, 639], [836, 825, 605])
1	0.6066242566250555	0.6107785031521209	([381, 59], [381, 245, 167])
1	0.5915608577030709	0.6110151743253013	([682, 413], [687, 456, 413])
1	0.598355224271652	0.6111225006535965	([505, 418], [505, 474, 468])
1	0.6080392114270531	0.6111246342154263	([437, 293], [437, 415, 274])
1	0.6072948311936885	0.6113490758126633	([102, 6], [102, 74, 72])
1	0.6091137211554031	0.6113646632453894	([737, 639], [737, 634, 602])
1	0.6020904424341746	0.6113959849876065	([717, 618], [717, 711, 618])
1	0.6022763282486181	0.6114394483375586	([616, 180], [616, 348, 274])
1	0.601498162945125	0.6114394483375586	([616, 348], [616, 608, 274])
1	0.5809483548592812	0.6115064862484764	([820, 471], [796, 743, 608])
1	0.5868475167429382	0.6115332335697861	([721, 583], [796, 721, 583])
1	0.6045309702878099	0.6116012917729616	([641, 554], [641, 633, 554])
1	0.6064183111784264	0.6117057389710956	([359, 307], [359, 354, 299])
1	0.5829839931963127	0.6117741182437518	([828, 700], [856, 828, 683])
1	0.6041724357295172	0.6119322362482811	([853, 402], [853, 447, 409])
1	0.5635473073734903	0.6119986310578562	([561, 477], [563, 559, 476])
1	0.6086166004948227	0.6121809766480758	([723, 625], [723, 647, 643])
1	0.6002150033472857	0.6122109831074043	([571, 452], [571, 566, 458])
1	0.5865292130341854	0.6122746888987971	([485, 431], [494, 485, 431])
1	0.6096043310296643	0.6124790852054269	([482, 279], [482, 456, 279])
1	0.5907170016623033	0.6124790852054269	([569, 279], [569, 456, 279])
1	0.6059801728013415	0.612576070808676	([835, 738], [835, 822, 738])
1	0.5872005404442024	0.6127890073774197	([458, 52], [458, 191, 52])
1	0.5957450146888567	0.6129126667905386	([639, 464], [639, 569, 464])
1	0.6095420638038651	0.6129343950054835	([427, 184], [427, 421, 184])
1	0.5913249274693161	0.6129343950054835	([398, 184], [450, 421, 184])
1	0.5986146382733833	0.6134522316157776	([736, 611], [738, 733, 610])
1	0.6027999252111067	0.6134892871187767	([443, 228], [443, 228, 203])
1	0.6074416190590902	0.6135356067663255	([732, 590], [732, 642, 590])
1	0.609478200174786	0.6135938421272751	([337, 92], [337, 92, 70])
1	0.609770383358487	0.6136107646771795	([643, 585], [643, 616, 598])
1	0.6046436091994322	0.6136146257315452	([620, 469], [620, 608, 469])
1	0.5785317345341612	0.6136713694520237	([180, 123], [180, 123, 118])
1	0.6127156451235367	0.6137178274724121	([769, 575], [769, 745, 575])
1	0.6127310703781574	0.6137212476492	([843, 245], [843, 569, 245])
1	0.6058520293045786	0.613786984469332	([411, 60], [411, 346, 60])
1	0.612229131951244	0.6138916771384252	([223, 3], [274, 223, 180])
1	0.5985914170474902	0.6138916771384252	([274, 226], [274, 226, 223])
1	0.5981080662147329	0.6139433046860658	([567, 385], [567, 462, 424])
1	0.6005438500845236	0.6139554818549344	([222, 115], [222, 220, 115])
1	0.5682685036641262	0.6140373917276993	([725, 580], [724, 719, 620])
1	0.5995594984930205	0.6140580083650609	([562, 57], [566, 201, 57])
1	0.6009683128584064	0.6140768915025772	([798, 582], [798, 796, 577])
1	0.6071886557351674	0.614097525140719	([413, 229], [413, 273, 229])
1	0.580916680512684	0.6141859109411001	([99, 13], [99, 71, 34])
1	0.5900348594375276	0.6141870168150927	([293, 99], [338, 293, 93])
1	0.6015169729640432	0.614342220370825	([599, 541], [585, 574, 558])
1	0.5893017876666596	0.614377144398403	([374, 0], [379, 374, 0])
1	0.6130077379587128	0.6144800212203231	([480, 205], [480, 205, 200])
1	0.6120388949703177	0.6145112140603697	([690, 239], [690, 387, 239])
1	0.612205311605068	0.6146224854944203	([487, 196], [487, 258, 173])
1	0.595338346706681	0.6146315116077758	([852, 151], [852, 459, 151])
1	0.613630937888849	0.6147329434196578	([617, 549], [617, 575, 549])
1	0.6143964503647036	0.6149276928160482	([876, 713], [876, 820, 708])
1	0.6042828469422542	0.614970656100986	([128, 43], [142, 128, 112])
1	0.6090533135962471	0.6149830549612865	([856, 255], [856, 853, 255])
1	0.6008742810343952	0.6150058459930547	([375, 220], [375, 230, 220])
1	0.6109224234645871	0.6151431214335902	([776, 587], [776, 749, 587])
1	0.5655424805859531	0.6151654627721782	([824, 671], [836, 824, 671])
1	0.604284057445927	0.6152045782775235	([781, 651], [780, 725, 651])
1	0.601312410579517	0.6152849401342545	([613, 445], [613, 604, 443])
1	0.6130560659646627	0.6153560230080193	([182, 63], [182, 181, 45])
1	0.5826365294750008	0.6156105511876873	([855, 421], [855, 850, 412])
1	0.6096942387269804	0.6156696755479971	([482, 141], [482, 461, 250])
1	0.6127213751147434	0.6157655393992314	([378, 81], [391, 378, 81])
1	0.6121781534701763	0.615823416562219	([343, 304], [343, 341, 308])
1	0.6064525329643539	0.6159744256438764	([632, 543], [615, 573, 548])
1	0.5998489707182596	0.6160848418550783	([570, 284], [570, 284, 242])
1	0.5833005715753001	0.6160898625045195	([691, 571], [691, 687, 568])
1	0.6041933323455785	0.616091215593986	([389, 202], [389, 284, 202])
1	0.6126527478435518	0.6161814809364513	([866, 813], [866, 822, 806])
1	0.6089031125352105	0.6162546650700215	([340, 80], [376, 341, 340])
1	0.6149059104409788	0.6163027689123333	([802, 656], [802, 656, 641])
1	0.6131439935889654	0.6163465274014792	([608, 351], [608, 351, 339])
1	0.6020918442312214	0.6163465274014792	([469, 339], [608, 469, 339])
1	0.5885984942010051	0.6164491474544722	([209, 76], [209, 181, 76])
1	0.6082476822798978	0.6164510659676162	([747, 637], [747, 736, 637])
1	0.5769060786140442	0.6165340528914209	([563, 246], [563, 259, 246])
1	0.6076000129638531	0.6165340528914209	([563, 271], [563, 271, 259])
1	0.5989438901879028	0.6165540452698864	([611, 483], [611, 560, 500])
1	0.5798829417590393	0.6165683897171387	([757, 657], [794, 729, 673])
1	0.6034380300848755	0.6166121657291906	([93, 31], [93, 69, 48])
1	0.5974417091124546	0.6166346810498767	([753, 582], [798, 773, 582])
1	0.6117784409836405	0.6167026044642637	([585, 503], [585, 541, 539])
1	0.603057143747438	0.6167243489330091	([877, 468], [877, 820, 471])
1	0.6115583694862236	0.6167768112277091	([646, 588], [646, 643, 588])
1	0.6065944622128507	0.6167785942788336	([580, 536], [580, 577, 538])
1	0.6073954817663426	0.6167982833608312	([716, 594], [805, 731, 594])
1	0.6032695626081226	0.6168310247151524	([610, 504], [574, 546, 504])
1	0.6070894337122812	0.6168940030482809	([472, 217], [608, 472, 217])
1	0.6117996500663113	0.6169062471829819	([217, 13], [217, 180, 13])
1	0.5846348285876944	0.6169902732952046	([116, 44], [116, 79, 63])
1	0.6021430103850183	0.6170734871287286	([687, 145], [687, 462, 140])
1	0.5905020615559397	0.6172552461724672	([797, 645], [797, 733, 645])
1	0.6019142608276105	0.6173135968743192	([563, 398], [563, 398, 388])
1	0.6044087016480331	0.6173452325758102	([605, 187], [605, 449, 445])
1	0.5971767383726174	0.6173820573758535	([366, 328], [366, 349, 339])
1	0.6144361801150298	0.617549794972217	([877, 765], [877, 817, 765])
1	0.5965699417430679	0.6176467236764205	([576, 394], [608, 576, 274])
1	0.6062928656105395	0.617658282498634	([480, 278], [480, 447, 257])
1	0.6048766193519132	0.6176852369206536	([734, 598], [734, 626, 625])
1	0.5906595983927101	0.6176852369206536	([734, 626], [734, 723, 625])
1	0.6167753209333272	0.6176852369206536	([772, 625], [772, 734, 625])
1	0.606263529481701	0.6177132499946133	([277, 66], [277, 158, 57])
1	0.6091000380783571	0.6177250330325262	([737, 602], [804, 737, 730])
1	0.6042021598014333	0.6177801399283465	([613, 229], [613, 411, 229])
1	0.6127541345353936	0.6178224566883326	([773, 472], [796, 773, 472])
1	0.6064095843372895	0.6179848452398318	([847, 385], [847, 453, 384])
1	0.5863175357915493	0.6179990239358192	([606, 428], [606, 428, 404])
1	0.5798615881938852	0.6180864917727296	([778, 653], [798, 720, 649])
1	0.5623909826458254	0.6181386482984808	([339, 70], [274, 272, 226])
1	0.6002195300797059	0.6182537520170511	([561, 142], [561, 383, 199])
1	0.5954154045217317	0.618327514601009	([695, 612], [695, 612, 567])
1	0.6081315037883236	0.6183844144605174	([612, 501], [612, 554, 548])
1	0.6134253562009783	0.6184674105047844	([871, 491], [871, 856, 491])
1	0.5965156133982275	0.6184898856480626	([489, 240], [566, 489, 240])
1	0.6027448724310632	0.6184965317004238	([833, 449], [833, 449, 250])
1	0.6183182729934383	0.6185378773805361	([549, 482], [549, 505, 474])
1	0.6141870888027832	0.6185378773805361	([555, 474], [555, 549, 474])
1	0.6124082435646396	0.6187354635158767	([669, 575], [669, 638, 637])
1	0.6168844149721213	0.6187736734912687	([680, 619], [680, 642, 641])
1	0.6158001776356065	0.6189006615834829	([830, 400], [847, 830, 385])
1	0.6183655105854142	0.6189443041190174	([275, 1], [279, 275, 1])
1	0.5965845592063307	0.6189545074238081	([100, 20], [100, 99, 20])
1	0.6090763667220123	0.6189671614236579	([418, 285], [418, 285, 246])
1	0.6100014093519299	0.6189786685407062	([573, 493], [573, 506, 499])
1	0.6187289212478662	0.6190653327954856	([360, 333], [360, 351, 333])
1	0.6157225395700932	0.6190681908318919	([733, 557], [733, 708, 496])
1	0.5993789515460779	0.6191458779510217	([275, 227], [275, 206, 1])
1	0.6144743984583944	0.6191496569223633	([769, 632], [769, 760, 640])
1	0.6140997086046516	0.6191496569223633	([760, 640], [806, 769, 640])
1	0.6126486514532296	0.6191654498410909	([741, 558], [741, 616, 577])
1	0.602215968557656	0.6193493737228362	([119, 4], [119, 117, 4])
1	0.5919292608952027	0.6195597656402086	([739, 572], [739, 738, 572])
1	0.6041366492803386	0.6196273885331867	([875, 430], [875, 688, 430])
1	0.5878599774302697	0.6196654185679933	([691, 385], [691, 463, 449])
1	0.6109370723690739	0.6197390212120132	([681, 566], [697, 681, 566])
1	0.6162507086687103	0.6198028413894058	([604, 375], [604, 375, 279])
1	0.614986629697587	0.6198232356012587	([839, 793], [839, 821, 818])
1	0.6185688569940483	0.6198726985992395	([848, 164], [848, 479, 410])
1	0.5928725412476672	0.6198726985992395	([689, 410], [848, 479, 461])
1	0.5997465055242821	0.6199246461722923	([635, 559], [638, 635, 559])
1	0.6003104177014235	0.619925518262153	([606, 505], [615, 606, 505])
1	0.6113294318081367	0.6200589771211258	([285, 107], [285, 107, 84])
1	0.6071398491480023	0.6201452236260598	([730, 674], [730, 713, 711])
1	0.6067245891857983	0.6201792915879668	([742, 437], [742, 468, 437])
1	0.6179729050871859	0.6202088579388042	([644, 394], [817, 644, 629])
1	0.6175329758638637	0.6202088579388042	([817, 629], [817, 741, 644])
1	0.5992130644803743	0.6202641191015178	([117, 35], [119, 49, 4])
1	0.6122281024704945	0.6203933157128089	([684, 603], [684, 638, 612])
1	0.6025603295027517	0.6204281986388068	([843, 638], [839, 673, 638])
1	0.6179429637284963	0.6204574432290929	([110, 5], [110, 109, 5])
1	0.5768791209840394	0.6205665613200007	([608, 415], [608, 470, 469])
1	0.5985281295193557	0.6205665613200007	([609, 470], [609, 608, 470])
1	0.5944994019631333	0.6205665613200007	([734, 503], [743, 608, 470])
1	0.5973168675042835	0.6206266725523437	([805, 594], [717, 627, 595])
1	0.6076406521724803	0.6207538028912998	([568, 378], [638, 568, 378])
1	0.5908485031842955	0.6208298318799659	([597, 396], [597, 576, 394])
1	0.6159873048468222	0.6208455851658876	([649, 319], [649, 648, 319])
1	0.6102786953307779	0.6209506949015301	([231, 113], [271, 113, 67])
1	0.6204362559799762	0.6209675895154738	([640, 403], [640, 605, 403])
1	0.6160260419164572	0.621055553721545	([756, 668], [756, 747, 668])
1	0.6028701125745628	0.6211333438779745	([638, 342], [568, 457, 378])
1	0.5943531767676377	0.6212002592680039	([639, 253], [639, 606, 198])
1	0.6192147662377925	0.6213822685621646	([874, 498], [874, 562, 463])
1	0.6179794670908672	0.6214147211642813	([720, 584], [720, 629, 584])
1	0.5429506381341997	0.6214410467570461	([181, 48], [179, 108, 87])
1	0.620432218319136	0.6214915154932601	([614, 273], [614, 340, 273])
1	0.6213872765018368	0.6215164581479988	([497, 416], [497, 468, 419])
1	0.6114988331446931	0.6215175683176255	([637, 500], [637, 604, 500])
1	0.5987873078232248	0.6216469805360727	([738, 345], [738, 695, 688])
1	0.5942868194613597	0.6216638944612852	([817, 503], [817, 629, 471])
1	0.6118731110214614	0.6216731419318636	([663, 600], [663, 643, 600])
1	0.607835706810426	0.6217720628640867	([483, 176], [483, 252, 247])
1	0.6093432208864219	0.6219312415931123	([510, 434], [503, 470, 274])
1	0.6075868710233324	0.6219650820469251	([727, 621], [801, 753, 621])
1	0.5995289223935235	0.6220472116275875	([806, 640], [760, 712, 633])
1	0.6103838768491521	0.6221018102514247	([277, 130], [277, 139, 130])
1	0.6215203621310555	0.6221708369684197	([496, 2], [496, 181, 180])
1	0.6096430460556813	0.6221708369684197	([509, 181], [503, 496, 181])
1	0.5967485304148383	0.6222161301222696	([616, 539], [733, 616, 539])
1	0.6054281923843862	0.6222193426528361	([801, 710], [801, 767, 710])
1	0.6108988932106728	0.6222516826316673	([554, 426], [554, 484, 452])
1	0.6133042477086628	0.6222851647899595	([707, 439], [707, 471, 439])
1	0.6161392359370494	0.6225147056049741	([415, 2], [415, 69, 46])
1	0.6177114312448841	0.6225591630895042	([751, 578], [796, 751, 578])
1	0.617754131946117	0.6226658951635963	([605, 281], [605, 281, 239])
1	0.6030317026834244	0.6226663891582856	([368, 301], [368, 362, 302])
1	0.6029369587171323	0.6227100450104097	([361, 300], [361, 355, 300])
1	0.6102823773030109	0.6228435170437207	([849, 57], [849, 454, 447])
1	0.6051815296434011	0.6229054148767317	([224, 99], [224, 211, 99])
1	0.6089568026101897	0.6229244883533805	([286, 177], [286, 203, 183])
1	0.6198530225857969	0.623059562684549	([275, 47], [275, 254, 51])
1	0.5441969056564228	0.6231514993637154	([852, 695], [839, 804, 793])
1	0.5993773392526759	0.6231652448058181	([688, 229], [688, 247, 229])
1	0.6183803407713758	0.6231687026063822	([662, 594], [657, 622, 617])
1	0.621134419998758	0.6232572775240446	([417, 207], [418, 417, 207])
1	0.6110039346543976	0.6232687437935868	([469, 213], [469, 339, 223])
1	0.6115586472641508	0.6233607578753749	([488, 1], [488, 201, 1])
1	0.6202454740081088	0.6233951670435609	([803, 603], [824, 803, 793])
1	0.6135772541765079	0.623438035773686	([501, 398], [501, 489, 398])
1	0.6220963455212822	0.6234722565646319	([684, 198], [684, 386, 239])
1	0.6011225474717738	0.6234722565646319	([684, 386], [690, 684, 239])
1	0.6025087793474031	0.6234798959466026	([730, 613], [730, 712, 633])
1	0.6174714739990212	0.6235114508155342	([486, 376], [486, 456, 376])
1	0.6054339587119002	0.6235181027074563	([418, 374], [418, 416, 374])
1	0.6117084505770116	0.6236226265556769	([391, 84], [378, 81, 51])
1	0.6162361213527437	0.6237080207661346	([770, 392], [770, 672, 670])
1	0.6080124549816878	0.6237213298796719	([748, 583], [774, 748, 583])
1	0.6051659686123823	0.6237542349566328	([223, 93], [394, 223, 93])
1	0.5957048824768888	0.6237570365533756	([722, 577], [727, 722, 621])
1	0.5966613204184616	0.6237586830285617	([794, 574], [746, 729, 574])
1	0.6101003854059941	0.6238940304025278	([648, 323], [649, 587, 316])
1	0.6079276893772214	0.6239326692141294	([818, 394], [677, 472, 394])
1	0.6192243403723277	0.6239332788505406	([354, 46], [349, 289, 46])
1	0.607557968300935	0.6240573578585256	([376, 80], [340, 285, 269])
1	0.6131198755282301	0.6242966681532978	([781, 330], [781, 330, 301])
1	0.6089542301077598	0.6243718181395284	([835, 264], [835, 612, 569])
1	0.6186669899956001	0.6243969298523009	([558, 179], [558, 289, 179])
1	0.6186262844584227	0.6244688430835081	([483, 134], [483, 176, 175])
1	0.6163260561496258	0.6245531891294395	([818, 609], [818, 741, 616])
1	0.6240446119400532	0.6245536519442886	([814, 593], [814, 644, 593])
1	0.610977968042408	0.6246702303216998	([614, 340], [614, 392, 376])
1	0.5969269019751151	0.6246702303216998	([614, 392], [614, 568, 376])
1	0.6219171860547812	0.6246932034206347	([856, 56], [856, 612, 56])
1	0.6170590605770613	0.624695806071069	([674, 450], [696, 674, 450])
1	0.6222970687655924	0.6248052729189204	([98, 14], [98, 70, 36])
1	0.6203696148131143	0.6250429263172445	([729, 622], [729, 622, 586])
1	0.6205691784269917	0.6251015468603226	([751, 329], [751, 749, 329])
1	0.6161255038174621	0.6253153953659729	([558, 289], [576, 558, 289])
1	0.6075160177222816	0.6253153953659729	([620, 289], [620, 576, 289])
1	0.6217886799329339	0.6253850866845732	([374, 286], [375, 374, 305])
1	0.6242349395803543	0.6254079305336104	([751, 667], [751, 721, 667])
1	0.6176211705379127	0.6255246548617044	([697, 54], [697, 568, 457])
1	0.5769189655802823	0.6255520903095028	([746, 573], [757, 729, 622])
1	0.6218200778625266	0.6256362763702162	([803, 628], [803, 634, 628])
1	0.6224974439028048	0.6256796809236712	([550, 181], [550, 509, 500])
1	0.6037539771570706	0.6256816135306446	([279, 131], [279, 238, 131])
1	0.6186682351463655	0.6257690025416878	([686, 156], [686, 263, 169])
1	0.6063574005469806	0.6257711209534478	([682, 499], [682, 637, 612])
1	0.6138412095153278	0.6257984477808902	([726, 581], [726, 724, 581])
1	0.61613166032465	0.6258013982035803	([469, 303], [469, 338, 289])
1	0.6061583002054726	0.6258121433633502	([844, 244], [844, 455, 343])
1	0.6196372824136052	0.6258204317890809	([307, 252], [307, 284, 252])
1	0.6175283182553905	0.6258715893735705	([494, 377], [494, 466, 377])
1	0.624165245020908	0.6258846013031575	([578, 180], [593, 578, 471])
1	0.6089131714406183	0.6261779976742136	([735, 547], [747, 637, 547])
1	0.6242822286733655	0.6261846424668652	([416, 275], [416, 415, 291])
1	0.6238977025454573	0.6263006654979694	([363, 323], [363, 353, 323])
1	0.5897380601326503	0.6264197400565434	([327, 32], [354, 315, 32])
1	0.6170547424980237	0.6264622743616469	([675, 416], [675, 641, 416])
1	0.6179118842914091	0.6264877742954437	([860, 558], [860, 800, 709])
1	0.5913388424194284	0.6265545479280351	([793, 617], [758, 617, 573])
1	0.617735010076206	0.6266115679098468	([645, 541], [645, 582, 541])
1	0.6184820420883583	0.6270078935488498	([583, 288], [583, 325, 317])
1	0.6095592709585683	0.6270330020711202	([836, 446], [836, 569, 459])
1	0.595354066788361	0.6270678744619583	([728, 655], [733, 728, 655])
1	0.6045422428723088	0.6271062085835114	([736, 468], [742, 708, 468])
1	0.6108044054659393	0.627205800356971	([832, 740], [832, 825, 740])
1	0.6104423128932079	0.6272697396815298	([785, 654], [785, 750, 654])
1	0.6187038225810808	0.6273991598777329	([217, 125], [217, 180, 125])
1	0.6265697967940922	0.6274550931172658	([812, 631], [812, 719, 676])
1	0.6017600672281309	0.6275118715770666	([207, 128], [207, 128, 103])
1	0.6040067910180696	0.6275314252163412	([587, 316], [649, 580, 301])
1	0.5987243786951633	0.6276521415715908	([392, 47], [392, 281, 275])
1	0.6179971463038751	0.6277143198150538	([637, 409], [684, 637, 603])
1	0.6217900162228785	0.6277523497845726	([855, 53], [689, 147, 53])
1	0.6056724645618885	0.6278276721098914	([862, 496], [877, 862, 496])
1	0.6215144635294161	0.6279281453890787	([634, 412], [634, 412, 405])
1	0.5944353896962427	0.6279435885131697	([612, 341], [612, 449, 341])
1	0.6155115937959512	0.6279625452688649	([389, 182], [389, 202, 187])
1	0.6194706251733926	0.6279866603419011	([601, 349], [601, 585, 290])
1	0.6165400450589148	0.6279991768528754	([713, 550], [713, 550, 496])
1	0.582125607351979	0.6280401682898398	([632, 442], [641, 632, 416])
1	0.6277134208284594	0.628055008670139	([783, 369], [783, 369, 302])
1	0.6160337514644716	0.6280936164793361	([583, 325], [583, 577, 339])
1	0.6049503884089764	0.6281243786346016	([718, 599], [718, 631, 599])
1	0.6231141471283104	0.628217571464455	([694, 404], [694, 463, 404])
1	0.6275246133695558	0.6282207726718468	([603, 494], [603, 560, 506])
1	0.6128239540110266	0.6282563911657426	([613, 51], [613, 229, 51])
1	0.623058388867423	0.6283440124619009	([685, 425], [697, 685, 446])
1	0.6250904564663786	0.6283465025704459	([821, 473], [818, 812, 473])
1	0.6217429050071821	0.6283549553362981	([815, 584], [815, 734, 626])
1	0.6250104103054361	0.6284228439512731	([713, 415], [742, 713, 415])
1	0.5981987130900362	0.628490647747367	([822, 555], [874, 822, 555])
1	0.6250022479926727	0.6284915948579487	([837, 278], [841, 837, 267])
1	0.605055704784141	0.6285964731217427	([286, 36], [286, 178, 36])
1	0.6278810737767431	0.628786850833954	([808, 684], [846, 808, 684])
1	0.5906967439654602	0.6287975983017533	([752, 576], [752, 722, 577])
1	0.618404462096702	0.6288199121179552	([792, 595], [807, 792, 595])
1	0.6084539734713237	0.6288770271391158	([803, 550], [770, 747, 547])
1	0.6275464207067862	0.6289504450667897	([740, 607], [758, 740, 607])
1	0.6277755332893024	0.6290060718530511	([614, 205], [614, 443, 205])
1	0.615820232919364	0.6290081881544765	([541, 223], [616, 541, 539])
1	0.6222570644312599	0.6291045723371618	([647, 303], [709, 665, 469])
1	0.6218325113156202	0.6291164200860192	([91, 16], [91, 76, 16])
1	0.6163800283561833	0.629153313774784	([585, 290], [585, 577, 290])
1	0.6173859127120225	0.6291769812826945	([699, 427], [699, 482, 451])
1	0.6240428492507609	0.6292077053736119	([576, 88], [576, 274, 70])
1	0.6215101212678916	0.6293285685629578	([500, 391], [500, 495, 391])
1	0.6097910453532058	0.6293427378370618	([372, 316], [372, 316, 309])
1	0.6160763941843456	0.6293622271975654	([792, 358], [792, 358, 308])
1	0.6003156216690938	0.6293622271975654	([730, 310], [793, 792, 308])
1	0.6164002158101763	0.629376541695057	([554, 273], [554, 401, 346])
1	0.6175797703225084	0.6293842894442995	([788, 652], [812, 676, 662])
1	0.6144022245763627	0.6293888014011567	([563, 53], [563, 388, 58])
1	0.6232094813096829	0.62941818676264	([631, 473], [631, 589, 576])
1	0.622903404651611	0.6294864244464744	([790, 295], [792, 790, 310])
1	0.6290004836177466	0.6296421752746978	([790, 364], [790, 726, 723])
1	0.5977065918154756	0.6298174312940976	([395, 295], [395, 351, 295])
1	0.6148339725534707	0.6298193905963622	([210, 92], [210, 181, 92])
1	0.6190383498542446	0.6299229180953032	([797, 538], [797, 743, 538])
1	0.5902212625656783	0.6299519251047613	([804, 305], [804, 730, 305])
1	0.6096190195378772	0.6300734979438632	([573, 81], [573, 572, 81])
1	0.6182645950234225	0.6301581699561438	([754, 311], [774, 754, 311])
1	0.6220596304510925	0.6302665812211531	([758, 542], [758, 573, 546])
1	0.5875440799215038	0.6303144801234816	([580, 330], [648, 577, 319])
1	0.6265022375261946	0.6303356452453649	([638, 206], [638, 342, 206])
1	0.6028138376468313	0.6303723187984536	([791, 299], [791, 790, 310])
1	0.6145794839914309	0.6303849086973515	([396, 222], [396, 222, 208])
1	0.6266857960544868	0.6303849086973515	([348, 208], [396, 348, 208])
1	0.6250560132329755	0.6304373664446777	([766, 627], [766, 748, 627])
1	0.6105942855118515	0.6304881938180812	([732, 467], [732, 671, 467])
1	0.6119299817520049	0.6305205956837243	([774, 312], [791, 775, 299])
1	0.6283372916606815	0.6306666870015041	([438, 209], [438, 274, 209])
1	0.5990214492034857	0.630702593408661	([636, 544], [636, 595, 544])
1	0.6260497255294728	0.6307610760400105	([876, 597], [876, 713, 597])
1	0.6163948321523256	0.630766432952424	([413, 1], [413, 388, 1])
1	0.6070052149369487	0.6307915002578511	([832, 167], [845, 832, 167])
1	0.5951434539479085	0.6308438443400345	([872, 425], [872, 853, 425])
1	0.5969457135299162	0.6308878813222757	([841, 769], [841, 823, 769])
1	0.6218513630150536	0.6310318652862953	([613, 178], [613, 178, 175])
1	0.6191208782305482	0.6310703805255657	([607, 342], [607, 201, 184])
1	0.6285722642817362	0.6310781720289524	([639, 52], [639, 237, 52])
1	0.6265656020874789	0.6311010360353353	([834, 342], [834, 690, 638])
1	0.629131380039207	0.6311091461057786	([298, 226], [298, 294, 222])
1	0.6301245589787113	0.6312267240701984	([208, 111], [208, 206, 111])
1	0.6205232477983438	0.6312817728691241	([703, 452], [703, 691, 452])
1	0.5950031133322206	0.6312824825175569	([764, 661], [764, 749, 646])
1	0.6254294073125295	0.6313551589805677	([225, 79], [225, 219, 79])
1	0.619272980090645	0.6313921260131349	([644, 537], [644, 537, 503])
1	0.6127431398428227	0.6313921260131349	([633, 468], [644, 585, 503])
1	0.6116568031488572	0.6314489261431863	([717, 401], [794, 717, 392])
1	0.6277170352466996	0.6314503253645328	([633, 417], [633, 417, 398])
1	0.6251319254430362	0.6314503253645328	([615, 398], [633, 615, 398])
1	0.626841752393902	0.6315279071694013	([583, 210], [583, 469, 210])
1	0.6284016875417585	0.631579180269378	([737, 395], [793, 746, 395])
1	0.6267770361663745	0.6317358599277954	([817, 592], [817, 629, 592])
1	0.614017087988224	0.6318676809938004	([613, 84], [613, 204, 175])
1	0.6292283619949164	0.631894808599461	([549, 375], [563, 549, 388])
1	0.6286496478894164	0.6319458644116216	([643, 540], [643, 625, 471])
1	0.6215094337717105	0.6319823894383122	([424, 66], [424, 173, 66])
1	0.6177203481236173	0.632084151650732	([286, 104], [286, 178, 104])
1	0.6103830706388372	0.6321990921607341	([793, 545], [670, 596, 575])
1	0.6095821223198952	0.6322359382504776	([306, 115], [306, 286, 276])
1	0.6091786926756046	0.6323115420593552	([814, 470], [818, 814, 470])
1	0.6322254349774369	0.6323385580470167	([224, 49], [224, 87, 49])
1	0.606636164157775	0.6323951120975284	([742, 509], [742, 709, 509])
1	0.615659837278697	0.6324033854803078	([793, 395], [737, 416, 414])
1	0.6034609019549176	0.6324033854803078	([737, 414], [737, 712, 416])
1	0.6264052136045969	0.6324407560261197	([503, 357], [503, 394, 354])
1	0.600202281999445	0.6324492466729706	([731, 546], [731, 634, 628])
1	0.6162156690113507	0.6325583378880393	([718, 299], [791, 726, 718])
1	0.6301410423601211	0.6325974239983372	([592, 209], [592, 587, 209])
1	0.6050458266759429	0.6326046781098668	([432, 49], [436, 432, 180])
1	0.6124788302480939	0.6326061729210973	([680, 498], [674, 605, 554])
1	0.6319748757098136	0.6326287480478957	([792, 576], [792, 576, 543])
1	0.6248789172937641	0.6326287480478957	([543, 308], [792, 595, 543])
1	0.6294331605691279	0.6326646385728384	([547, 443], [547, 475, 474])
1	0.6090597084242655	0.6326942973580058	([719, 510], [734, 719, 510])
1	0.6214009677233848	0.6330177050179613	([804, 499], [804, 738, 499])
1	0.6145038051844729	0.6330282259129042	([225, 4], [225, 79, 4])
1	0.6098133125506982	0.6332787267211998	([207, 44], [207, 66, 44])
1	0.6256682111630149	0.633280298259091	([588, 354], [616, 588, 354])
1	0.6323194669961356	0.6333083198759	([123, 12], [123, 99, 13])
1	0.6268026011205401	0.6333285473722884	([419, 292], [419, 397, 292])
1	0.6263465094909538	0.6333408694315575	([692, 269], [692, 387, 269])
1	0.6005412940155909	0.6336387160975944	([669, 306], [804, 669, 306])
1	0.6223208052616798	0.6337177957093704	([536, 355], [536, 355, 181])
1	0.6047472685741615	0.6338365641394769	([843, 52], [843, 455, 52])
1	0.6191674433874929	0.6338584930119965	([291, 208], [291, 211, 208])
1	0.6214462916811965	0.6339338161482413	([615, 114], [615, 614, 114])
1	0.6116766964634096	0.6339351422400968	([738, 228], [738, 466, 228])
1	0.6151200802820005	0.6340091654035815	([723, 362], [790, 364, 324])
1	0.6248129739027236	0.6340333061029827	([720, 536], [720, 580, 579])
1	0.6326104928518947	0.6341575391231747	([783, 24], [316, 302, 30])
1	0.6313131425408939	0.6342377029730322	([811, 513], [811, 550, 540])
1	0.6277539125694526	0.634249224876266	([307, 110], [307, 286, 104])
1	0.6204545936890132	0.6342634491104999	([731, 406], [731, 564, 546])
1	0.6294968493670705	0.6343004976077928	([822, 608], [822, 817, 608])
1	0.5949454707583117	0.6345776405159624	([572, 83], [572, 241, 190])
1	0.629339483672259	0.6346475060645997	([729, 554], [729, 595, 574])
1	0.617632149572953	0.6346625103556771	([725, 361], [798, 725, 361])
1	0.6250804290506813	0.6347225844534035	([506, 85], [640, 506, 85])
1	0.6037455896582197	0.6347282440753522	([745, 507], [717, 627, 501])
1	0.6282238853513374	0.6347466735959716	([333, 210], [339, 333, 209])
1	0.6129846668488839	0.6347773082697459	([838, 413], [849, 838, 409])
1	0.6285349379464915	0.6349385222445113	([336, 17], [336, 315, 32])
1	0.6300606528452845	0.6349411528324701	([375, 36], [375, 347, 36])
1	0.6306592155993245	0.6350730215014813	([839, 201], [839, 566, 457])
1	0.6252065580077518	0.6350898476071228	([317, 34], [317, 315, 32])
1	0.6062626336314384	0.6351032324146328	([811, 575], [811, 770, 736])
1	0.6171200611833801	0.635222945737251	([587, 436], [558, 436, 289])
1	0.6170237524363987	0.6353028940016703	([509, 348], [509, 348, 181])
1	0.6204157759870094	0.6353049781569526	([354, 123], [354, 123, 3])
1	0.5987662284978517	0.6353560322026118	([834, 199], [834, 458, 457])
1	0.624066668581679	0.6354187485914733	([640, 113], [640, 429, 135])
1	0.6242749289465136	0.6354226536913087	([693, 158], [693, 686, 267])
1	0.618692605022527	0.6354274133979558	([559, 281], [572, 559, 281])
1	0.6186027109978081	0.6354605442957141	([467, 183], [488, 467, 183])
1	0.6215191038644996	0.6354769157581943	([744, 500], [760, 712, 500])
1	0.6255915055895371	0.635581798966716	([644, 294], [644, 587, 578])
1	0.6256653951766805	0.6355877050227372	([497, 226], [496, 226, 181])
1	0.6331388623278039	0.6356279505510704	([736, 549], [793, 736, 549])
1	0.619172613220021	0.6356427062033686	([597, 216], [616, 597, 216])
1	0.6308148170335731	0.6356863769395468	([855, 237], [855, 569, 237])
1	0.6284933644804972	0.6357665345050538	([802, 359], [802, 718, 299])
1	0.6216128092986555	0.6357674102922356	([419, 183], [419, 397, 182])
1	0.6270859331262446	0.6357692687428095	([436, 72], [436, 181, 72])
1	0.6137048189837474	0.6357692687428095	([557, 72], [557, 181, 72])
1	0.6270133589413246	0.6358206630269079	([840, 277], [840, 277, 264])
1	0.6162018478590144	0.6358206630269079	([840, 170], [840, 343, 264])
1	0.6310807487047088	0.6359953303845527	([816, 591], [816, 663, 648])
1	0.6107855347086113	0.6360619686765201	([640, 429], [640, 204, 85])
1	0.6254209442350355	0.6361615277626483	([417, 112], [417, 207, 177])
1	0.6123955113796525	0.6362339963649769	([830, 146], [830, 385, 146])
1	0.634755501797336	0.6362823595506871	([546, 219], [547, 546, 205])
1	0.6315081246378011	0.6362974053700441	([551, 227], [551, 545, 227])
1	0.6311440274014578	0.6362974053700441	([575, 227], [575, 545, 227])
1	0.635241746998826	0.636434098525949	([872, 197], [872, 698, 197])
1	0.6287014944469822	0.6365000376100386	([869, 465], [869, 868, 465])
1	0.5769214761147482	0.6365235783740841	([786, 301], [726, 720, 301])
1	0.6200899232773787	0.6365352591708947	([711, 506], [711, 671, 506])
1	0.635667147822306	0.6365617317589252	([506, 1], [506, 227, 85])
1	0.6123315628519928	0.6365617317589252	([534, 178], [506, 227, 178])
1	0.6294651517003121	0.6365617317589252	([500, 227], [506, 500, 227])
1	0.613105547847669	0.6366496950102888	([767, 505], [805, 731, 502])
1	0.6156681673792002	0.6367015660173249	([765, 663], [792, 765, 663])
1	0.6291012362537193	0.637005079052253	([786, 23], [790, 786, 27])
1	0.6316907920227709	0.6371247029556518	([310, 214], [310, 294, 214])
1	0.6132885049185645	0.6372913643403586	([275, 133], [275, 271, 113])
1	0.6362959532132377	0.6373326105784397	([810, 307], [810, 793, 307])
1	0.6165840669920696	0.6374297488788253	([316, 30], [302, 123, 13])
1	0.633064122674569	0.6374308262490547	([768, 565], [768, 705, 698])
1	0.6358875618084159	0.6375859591638546	([440, 336], [440, 396, 336])
1	0.6255481222218161	0.6376215733164796	([832, 475], [832, 822, 474])
1	0.6339914392226669	0.6376726654808058	([708, 355], [708, 608, 274])
1	0.6262815209365319	0.6377206193293575	([556, 69], [556, 550, 36])
1	0.6291702685553544	0.637755071255524	([861, 679], [861, 823, 810])
1	0.6352204908574259	0.6377992695895908	([498, 342], [498, 442, 413])
1	0.6324177438859289	0.6378324007325666	([358, 111], [386, 358, 104])
1	0.6345758885638455	0.6378482400311855	([680, 417], [688, 680, 417])
1	0.6378020209334442	0.6378729442830527	([756, 548], [756, 732, 532])
1	0.6355285202316057	0.6378951032839746	([713, 339], [713, 469, 415])
1	0.6251340676847064	0.6379025011558053	([790, 27], [786, 329, 301])
1	0.6237860060111265	0.6380149924810973	([518, 224], [552, 518, 220])
1	0.6261084527228864	0.6380268030667599	([628, 220], [628, 616, 180])
1	0.6345926349698919	0.6380320451371074	([609, 275], [582, 353, 291])
1	0.6165367488117152	0.6380380755313275	([305, 184], [340, 305, 275])
1	0.6362726344453999	0.63817545711128	([496, 292], [496, 438, 292])
1	0.6280419487120734	0.6382178471667548	([577, 92], [577, 274, 92])
1	0.6276166719919705	0.6382488941675969	([801, 666], [801, 743, 646])
1	0.6136024520814373	0.638320663054651	([579, 355], [773, 579, 366])
1	0.6370734506554401	0.638320663054651	([796, 366], [796, 773, 366])
1	0.6358799700139202	0.6383615178367286	([745, 405], [746, 745, 405])
1	0.6213967681325855	0.638363853230382	([574, 440], [574, 474, 440])
1	0.6150641970436715	0.6384290705651607	([763, 508], [815, 763, 728])
1	0.6357017883966971	0.6384790495271785	([624, 48], [629, 624, 48])
1	0.564052958469251	0.6385702806128367	([793, 308], [790, 777, 303])
1	0.6244219281173579	0.6385702867951144	([493, 220], [493, 220, 202])
1	0.638017276080783	0.6385900107417462	([420, 68], [420, 417, 68])
1	0.6179858821722026	0.6386361837722974	([594, 308], [792, 617, 308])
1	0.6319015028873435	0.6386942465886388	([769, 221], [769, 401, 272])
1	0.6252699664478222	0.6386973208591602	([273, 112], [273, 112, 81])
1	0.6083923369268929	0.6386973208591602	([273, 43], [273, 228, 81])
1	0.6164992098773083	0.638781491032309	([635, 109], [635, 632, 221])
1	0.6263876952321632	0.6387845048585232	([678, 546], [820, 678, 538])
1	0.6381328765820871	0.6389986031017164	([507, 115], [614, 507, 80])
1	0.6343538093740745	0.639008180771498	([706, 217], [741, 706, 217])
1	0.6369586159198978	0.639055998634361	([635, 502], [635, 559, 545])
1	0.6328897290132021	0.6390908942523	([631, 440], [631, 473, 440])
1	0.6160858498569942	0.6390959495775294	([821, 419], [821, 709, 708])
1	0.6306074907991178	0.6391424181216236	([683, 429], [683, 640, 566])
1	0.6298496763753239	0.6392564248546507	([552, 433], [552, 499, 433])
1	0.6223105543374605	0.6392836972591978	([304, 225], [304, 298, 221])
1	0.6329052688552603	0.6393118645451746	([750, 521], [750, 579, 510])
1	0.6386372240048035	0.6393344120129568	([606, 62], [606, 603, 62])
1	0.6302958890159032	0.6394074569296627	([712, 113], [640, 466, 400])
1	0.6237465197694281	0.6394349416374672	([296, 98], [339, 296, 98])
1	0.619126664091499	0.6394980886274766	([646, 223], [646, 645, 541])
1	0.6156226340859599	0.6396269530106163	([564, 112], [564, 139, 112])
1	0.6348387686954751	0.6396511096906212	([546, 416], [603, 546, 416])
1	0.6112874712977335	0.6397901872051104	([587, 76], [587, 394, 294])
1	0.6301165784409054	0.6398428197412812	([732, 532], [769, 575, 549])
1	0.6239280595962297	0.6399113483644583	([585, 224], [585, 558, 224])
1	0.6264496618458544	0.639917150480151	([736, 376], [736, 499, 376])
1	0.6132029640143722	0.6400303118514676	([623, 513], [623, 609, 513])
1	0.6167057095245947	0.640044729809564	([641, 104], [641, 640, 85])
1	0.6366495828188863	0.6400687840070924	([739, 229], [739, 634, 229])
1	0.6192273311781425	0.6401716363956225	([414, 39], [414, 412, 39])
1	0.6368009402890136	0.6402144752504407	([558, 98], [558, 224, 98])
1	0.633267716369053	0.6402348871429246	([706, 438], [708, 706, 419])
1	0.6197173755410875	0.6402618710112837	([591, 179], [591, 578, 179])
1	0.6305092018218498	0.6402764713893945	([863, 706], [863, 819, 710])
1	0.6315531357354686	0.6403139193119689	([307, 215], [307, 287, 276])
1	0.6367059880483623	0.6403486865823826	([300, 19], [302, 300, 19])
1	0.6333671425170179	0.6404862123730667	([541, 438], [541, 441, 438])
1	0.6397306984614836	0.6405401676140644	([788, 367], [788, 367, 302])
1	0.6198487592820613	0.6405593059941355	([765, 494], [765, 743, 472])
1	0.6270519116966042	0.6406950096602221	([603, 50], [606, 236, 151])
1	0.6162908017033508	0.6407982025014543	([760, 178], [745, 613, 405])
1	0.6181171503054815	0.6408020173906845	([756, 298], [793, 756, 298])
1	0.6008313192463806	0.6409561851647149	([655, 510], [655, 629, 510])
1	0.6340027601909839	0.641136065919711	([552, 390], [730, 552, 340])
1	0.6296166214680559	0.6412002926298378	([873, 138], [873, 402, 157])
1	0.6256653112299273	0.6412272480954478	([669, 522], [669, 575, 514])
1	0.6341981399846213	0.6414644280129332	([474, 61], [478, 474, 61])
1	0.6249480401633565	0.6414724414746721	([869, 602], [869, 692, 602])
1	0.6328937638553139	0.6415273759540198	([857, 760], [857, 841, 769])
1	0.6254189620281725	0.641552382445685	([769, 475], [769, 492, 443])
1	0.6358101893421134	0.641552382445685	([809, 443], [804, 769, 443])
1	0.6335592987161572	0.641577269783506	([375, 86], [375, 139, 114])
1	0.6399944087406273	0.6415960033898023	([864, 593], [864, 811, 773])
1	0.629920214953382	0.6416288339874245	([730, 552], [770, 730, 544])
1	0.6363878669214277	0.6416547434016961	([596, 296], [775, 623, 296])
1	0.6348583026710065	0.641688205356513	([516, 431], [516, 494, 476])
1	0.6208481530571724	0.641701230082683	([586, 338], [586, 579, 338])
1	0.6360208050619587	0.641701230082683	([800, 338], [800, 579, 338])
1	0.6350547555854698	0.6417503716790628	([365, 22], [368, 302, 20])
1	0.604606017980977	0.6418127149188484	([302, 123], [302, 295, 13])
1	0.6362599705961968	0.6418443952632852	([868, 770], [868, 850, 770])
1	0.6399862370168788	0.6419954044404363	([791, 664], [791, 664, 643])
1	0.6374988749243823	0.6420685633173449	([468, 215], [551, 468, 215])
1	0.6368456431296031	0.6421330717678797	([393, 39], [402, 393, 39])
1	0.6409958257083924	0.6422270611696621	([592, 35], [592, 209, 180])
1	0.6392293057862888	0.642245255536673	([744, 442], [744, 633, 595])
1	0.611682613257575	0.6422603553900156	([615, 182], [615, 398, 397])
1	0.6139018494005	0.6422646939084449	([597, 435], [597, 435, 274])
1	0.6374976278184685	0.6422707095533946	([623, 358], [792, 623, 617])
1	0.638931639317228	0.6423035840365063	([838, 281], [838, 403, 269])
1	0.6200031869095947	0.6423041440367301	([646, 322], [646, 588, 333])
1	0.6234322995318807	0.6423427359322732	([582, 353], [598, 582, 356])
1	0.6419241012307285	0.6423722011441984	([714, 291], [714, 394, 291])
1	0.6244244494622935	0.6426234869342201	([812, 438], [820, 774, 339])
1	0.6402062004882711	0.6426292856400472	([705, 475], [705, 637, 553])
1	0.6066637812332945	0.6426816839709557	([596, 395], [597, 596, 395])
1	0.6075069720797318	0.642696019980354	([575, 305], [804, 670, 305])
1	0.6272123640352606	0.6426969562259913	([636, 287], [636, 609, 275])
1	0.6291751828327239	0.642711061626858	([611, 207], [611, 417, 400])
1	0.6248759077368442	0.6427152648907415	([744, 183], [744, 712, 183])
1	0.6396579613896615	0.642838936596739	([808, 624], [808, 671, 624])
1	0.6122890501065049	0.642839811285575	([547, 84], [613, 547, 443])
1	0.6067850113280563	0.642894358920603	([859, 763], [859, 807, 768])
1	0.6366771399315138	0.6429655528425314	([875, 497], [875, 497, 480])
1	0.640161008040779	0.6431379067034292	([551, 348], [576, 551, 503])
1	0.629897828982067	0.6431379067034292	([647, 551], [647, 576, 551])
1	0.6241932468569489	0.6432753855309026	([553, 202], [613, 553, 202])
1	0.6124443575105091	0.6433137716595665	([793, 498], [793, 519, 498])
1	0.6412613953221791	0.6433233999379991	([442, 48], [442, 415, 48])
1	0.6184437328066906	0.6434015803609298	([802, 514], [802, 729, 504])
1	0.6341311543488715	0.6434108304269164	([494, 177], [505, 494, 177])
1	0.6415419716543178	0.6436428613353062	([373, 210], [469, 373, 303])
1	0.6433937097192144	0.643657706020864	([799, 179], [799, 749, 287])
1	0.6296308239535073	0.6437301321895125	([444, 103], [444, 143, 103])
1	0.6366970878518208	0.643835970213019	([319, 27], [366, 319, 27])
1	0.6379748228915412	0.6439081166835189	([643, 338], [643, 587, 577])
1	0.6426991425757651	0.6440132791890851	([796, 314], [796, 394, 366])
1	0.6260212071898056	0.6440222862443007	([609, 224], [609, 582, 224])
1	0.6390369312960456	0.6440491229111858	([373, 100], [373, 338, 100])
1	0.6181855855145824	0.6441182865958041	([219, 6], [219, 86, 6])
1	0.6409042231542819	0.6441375783449859	([740, 277], [740, 389, 275])
1	0.6270151981899856	0.644182492064732	([306, 205], [341, 306, 205])
1	0.6327331799326114	0.6441872969573867	([318, 20], [318, 315, 32])
1	0.6440711495628378	0.6442495052166942	([777, 323], [777, 328, 323])
1	0.6337057689730022	0.6443490390134425	([553, 182], [594, 553, 86])
1	0.6382991269289607	0.6444872167530866	([590, 91], [590, 589, 89])
1	0.6433013975158263	0.6445103105037929	([290, 109], [290, 109, 75])
1	0.6252037341378828	0.6445124610959385	([736, 85], [736, 641, 546])
1	0.6244303112792711	0.6446095205529725	([366, 23], [319, 314, 34])
1	0.6342256020187781	0.644637542069908	([544, 288], [558, 544, 288])
1	0.6142189058159047	0.6447307744386688	([330, 23], [366, 329, 303])
1	0.6415151561620674	0.6448329547366296	([545, 183], [555, 545, 183])
1	0.6368014507356656	0.64497847748361	([877, 556], [877, 556, 503])
1	0.6239381381361816	0.6451061792485132	([866, 415], [861, 713, 679])
1	0.6350476247951143	0.6451092495532615	([600, 212], [600, 576, 212])
1	0.6433686446154108	0.6451512035154542	([793, 220], [793, 298, 220])
1	0.6437595932094471	0.6451616215072814	([440, 347], [440, 396, 391])
1	0.6385513510286025	0.6452369563318117	([808, 444], [808, 500, 444])
1	0.6380391749829165	0.6453625412048165	([419, 211], [438, 419, 209])
1	0.6450422327581848	0.6454630931036732	([806, 389], [806, 740, 668])
1	0.6443308569650466	0.6454720469411447	([635, 284], [635, 605, 286])
1	0.6413144959932401	0.6455047409245243	([502, 359], [502, 398, 359])
1	0.642894957165835	0.6455646849315475	([748, 438], [812, 748, 616])
1	0.6285257227447741	0.6457999764430241	([545, 353], [593, 545, 353])
1	0.6446676083599906	0.6458211325241251	([729, 525], [729, 543, 525])
1	0.6383605155131196	0.6459988584593017	([639, 517], [639, 533, 517])
1	0.6428326105651825	0.646041988591692	([415, 123], [415, 123, 110])
1	0.6340333281705991	0.6463229830652099	([476, 208], [476, 241, 227])
1	0.6447975931153301	0.6463255886922267	([297, 87], [297, 181, 87])
1	0.6430124529339744	0.6463492545176815	([473, 209], [503, 473, 209])
1	0.6295287181061721	0.6463740735316938	([415, 110], [469, 415, 123])
1	0.630074695748566	0.6463750221780196	([627, 307], [627, 468, 307])
1	0.6256851910902492	0.6463971678112801	([656, 511], [657, 656, 511])
1	0.6390029196809777	0.646409159896475	([631, 359], [631, 618, 359])
1	0.6406573991402249	0.646489721237925	([671, 307], [671, 641, 307])
1	0.6424589318480173	0.6465708873459214	([602, 79], [602, 573, 79])
1	0.6058483101549188	0.6465879014329874	([537, 124], [537, 504, 224])
1	0.6450248603413309	0.6465939725840185	([323, 24], [326, 323, 24])
1	0.6168258578342277	0.6466670987843146	([734, 351], [734, 709, 351])
1	0.6313891024010146	0.6466953339104937	([815, 373], [815, 593, 303])
1	0.6446787844363299	0.6468199811091191	([767, 353], [767, 505, 353])
1	0.6326919434913112	0.6470046903398328	([507, 206], [555, 549, 206])
1	0.6468152765752735	0.6470063854777086	([621, 512], [621, 576, 541])
1	0.6410061269808434	0.647017177523018	([737, 148], [737, 604, 170])
1	0.6376836073269219	0.6470640574230753	([703, 347], [770, 703, 347])
1	0.6414918821287977	0.6471339356845963	([515, 229], [634, 515, 498])
1	0.6437108402440194	0.64720957208105	([676, 118], [676, 432, 181])
1	0.6232516898665406	0.6472143883474497	([737, 68], [737, 160, 148])
1	0.6261786832915249	0.6473630084990789	([761, 374], [761, 737, 631])
1	0.6223026902001654	0.6475028146450764	([550, 36], [550, 91, 70])
1	0.6182222677591723	0.6475028146450764	([589, 89], [550, 181, 70])
1	0.6464750847634146	0.6475479864107679	([435, 5], [435, 397, 5])
1	0.6417223490251697	0.6475873187415346	([431, 222], [431, 393, 374])
1	0.645985400677775	0.6477062208168335	([794, 509], [794, 634, 501])
1	0.6166241437391169	0.647779603567539	([226, 7], [226, 49, 3])
1	0.6464512278877568	0.6479695750285203	([298, 103], [298, 286, 104])
1	0.6329434490475352	0.6479715643728283	([721, 350], [752, 721, 350])
1	0.6450051578792159	0.6480828732332994	([543, 207], [549, 543, 207])
1	0.6319761501510706	0.648163146477688	([543, 102], [543, 207, 102])
1	0.6470856064912726	0.6481788501018095	([600, 121], [600, 394, 121])
1	0.6174359779408458	0.6482266261535203	([816, 335], [816, 775, 335])
1	0.6478992728761382	0.6483358236842541	([373, 45], [373, 117, 100])
1	0.6450997764874257	0.6483766899488355	([619, 95], [619, 589, 89])
1	0.6181416053846777	0.6486523637164983	([877, 594], [877, 740, 594])
1	0.6315705201478568	0.648678212031817	([661, 357], [661, 643, 583])
1	0.6485472072219531	0.6487962191359256	([352, 103], [352, 340, 82])
1	0.6400943031647667	0.6488408042444674	([313, 28], [318, 313, 28])
1	0.6378233824632632	0.6489683713795619	([682, 107], [682, 346, 107])
1	0.6252309353905846	0.6489892903398429	([864, 649], [864, 708, 649])
1	0.6480647900020966	0.6490188327481777	([431, 81], [431, 391, 374])
1	0.635588462307389	0.6490312914126377	([643, 99], [643, 616, 295])
1	0.6238435811315611	0.6492074712014171	([618, 96], [618, 591, 179])
1	0.6405086627955954	0.6492165318255161	([359, 78], [359, 295, 36])
1	0.644205443342226	0.6493701386105832	([308, 5], [544, 308, 306])
1	0.6433189186344371	0.6493701386105832	([544, 306], [544, 509, 308])
1	0.5996681958502877	0.6493721208951082	([876, 667], [876, 864, 667])
1	0.6308348480354349	0.6493757756676332	([554, 103], [559, 554, 103])
1	0.6298830969824519	0.6494634733213416	([406, 298], [406, 377, 298])
1	0.6465009588788662	0.6494845209208489	([574, 82], [574, 418, 207])
1	0.6184094805878458	0.6495782604003495	([473, 48], [473, 351, 274])
1	0.6225057770791866	0.6496225911637701	([730, 206], [739, 730, 206])
1	0.5969854236248078	0.6496470754081737	([788, 25], [788, 784, 25])
1	0.6488283716968993	0.6500364771267882	([807, 286], [807, 595, 286])
1	0.6166253932173205	0.6500366744907132	([620, 100], [620, 289, 70])
1	0.6279825587924198	0.6500781973253256	([334, 224], [334, 224, 216])
1	0.6422604420453739	0.6503168282185022	([722, 371], [722, 371, 20])
1	0.6489154667498601	0.650361738854341	([578, 362], [578, 471, 362])
1	0.6390608796134905	0.6503704529421984	([363, 94], [394, 363, 94])
1	0.6248329355183596	0.6504487241321923	([658, 311], [762, 756, 298])
1	0.6400331104559274	0.6504558846578483	([504, 36], [556, 504, 466])
1	0.6485937802170347	0.6505052459815567	([863, 662], [866, 768, 662])
1	0.6485560723998149	0.6505400057040192	([549, 130], [549, 184, 84])
1	0.6304519417014085	0.6506429324128404	([551, 310], [657, 595, 551])
1	0.6435723458752726	0.6506838684182761	([610, 432], [610, 432, 420])
1	0.646694064525947	0.6506897755561409	([661, 226], [661, 643, 226])
1	0.6358343518635143	0.6507502721885164	([754, 534], [754, 708, 510])
1	0.619300381586498	0.650777136240033	([496, 361], [496, 361, 274])
1	0.6436631233667807	0.6508467012756411	([591, 347], [615, 591, 347])
1	0.6433361406667475	0.6509568333804114	([546, 115], [546, 220, 205])
1	0.6504776656115586	0.6510740590241224	([652, 361], [752, 652, 577])
1	0.630199872150417	0.6512968773780385	([764, 512], [764, 664, 545])
1	0.6380737445098874	0.6513022619256661	([601, 218], [609, 601, 218])
1	0.6181286433533438	0.6513467369461864	([823, 505], [823, 695, 505])
1	0.6464240430707738	0.6514511254248813	([579, 124], [581, 472, 124])
1	0.632340296667677	0.651457483236074	([655, 544], [655, 624, 544])
1	0.6474403996062322	0.6514576134454836	([732, 225], [732, 590, 225])
1	0.6454444055941496	0.651502051364592	([868, 414], [868, 465, 456])
1	0.6297655509801926	0.6515303672357141	([548, 105], [554, 548, 105])
1	0.6324422999393207	0.6515303672357141	([594, 86], [594, 554, 105])
1	0.6477287935437269	0.6515858907552416	([717, 430], [731, 717, 430])
1	0.6476276665999257	0.6516653930542614	([305, 128], [375, 305, 86])
1	0.6089652754407902	0.6517244991082572	([358, 44], [358, 98, 79])
1	0.6319669274681388	0.6517623599789988	([637, 103], [637, 566, 145])
1	0.6493190311397025	0.651783122308319	([298, 47], [298, 110, 97])
1	0.6483833099119585	0.6518746193128003	([440, 118], [440, 181, 177])
1	0.6455915120320626	0.6518784770404781	([734, 304], [792, 734, 625])
1	0.6441192580706913	0.6519377600519691	([547, 295], [547, 517, 295])
1	0.6515701347999173	0.6519917476560243	([598, 48], [598, 503, 48])
1	0.626997543626908	0.6521146093263037	([716, 497], [716, 673, 497])
1	0.6395446984329586	0.6522675676065846	([869, 346], [869, 452, 404])
1	0.6300386584161792	0.6523972593522499	([530, 311], [658, 511, 510])
1	0.6501531238032101	0.6525493103359519	([875, 547], [875, 564, 547])
1	0.6381607855383349	0.6528101896902484	([557, 304], [557, 436, 357])
1	0.6525062001945636	0.6528695271231258	([322, 90], [322, 292, 90])
1	0.622018906765772	0.6530634415263913	([761, 516], [761, 760, 516])
1	0.6470999040362333	0.6530708537304796	([797, 355], [797, 577, 355])
1	0.6497764565232454	0.6530935366690931	([737, 111], [737, 111, 68])
1	0.6457470355173217	0.6531809918302304	([645, 69], [645, 541, 180])
1	0.6443254322046076	0.6532268072152712	([297, 16], [297, 87, 16])
1	0.644659250276507	0.6534177110191629	([590, 43], [590, 91, 43])
1	0.6422430677761664	0.6534787740948552	([592, 320], [592, 583, 320])
1	0.6444757265229396	0.653550991090707	([863, 610], [863, 776, 619])
1	0.6362061400557931	0.6537720545356741	([468, 96], [468, 214, 181])
1	0.6538025770000712	0.6538257750456811	([647, 395], [647, 395, 352])
1	0.6372491465146175	0.6538257750456811	([628, 352], [647, 628, 352])
1	0.6388786387458466	0.6538526947882991	([525, 225], [553, 552, 225])
1	0.6468939588668734	0.6540889140368733	([309, 127], [335, 309, 127])
1	0.6482727671679213	0.6540970654287207	([655, 415], [655, 629, 415])
1	0.6527857927063938	0.6541350396487804	([334, 26], [334, 321, 18])
1	0.6467265161558352	0.6541502394437798	([780, 365], [786, 780, 365])
1	0.6476991609380315	0.654233779212213	([624, 310], [657, 624, 575])
1	0.6348209889188773	0.6542680500848155	([863, 776], [863, 820, 776])
1	0.649133744416485	0.6544348817988461	([801, 291], [801, 733, 290])
1	0.6542041878523289	0.6544837118298511	([759, 428], [759, 641, 428])
1	0.6509149260984461	0.6545731425581278	([323, 91], [323, 91, 19])
1	0.6446149601318516	0.6546467544249646	([765, 98], [765, 642, 623])
1	0.6389665255924241	0.6546824245322181	([370, 89], [370, 301, 99])
1	0.6388513781219568	0.6549343945445891	([790, 659], [801, 790, 659])
1	0.6491474944680383	0.6550331283407659	([308, 89], [375, 308, 114])
1	0.6149011648192138	0.6551160494954641	([669, 219], [669, 306, 183])
1	0.6510119998510642	0.6553403290786446	([728, 223], [728, 719, 223])
1	0.643753056965682	0.655416067654596	([369, 224], [369, 358, 224])
1	0.6482234799040398	0.6554497687602473	([662, 526], [662, 594, 542])
1	0.6418481871879677	0.6555141602710435	([596, 45], [596, 180, 69])
1	0.6550727384365641	0.6556917257121828	([631, 115], [631, 443, 115])
1	0.6351557613925918	0.6558280712022718	([324, 29], [324, 313, 29])
1	0.6527079455902168	0.6560510712417305	([719, 369], [725, 719, 357])
1	0.6385746039333777	0.6561705637916445	([759, 97], [759, 730, 97])
1	0.6556755627176508	0.6561882939683963	([731, 96], [731, 590, 102])
1	0.6514515632768634	0.6561882939683963	([718, 102], [731, 718, 102])
1	0.633722519351707	0.6561882939683963	([758, 102], [758, 731, 102])
1	0.6470274221255204	0.6563794398140516	([535, 93], [540, 535, 93])
1	0.6520923429750549	0.6567380650539388	([514, 358], [514, 467, 389])
1	0.6549044227518073	0.6567439850693316	([625, 125], [625, 471, 125])
1	0.6449814821527765	0.6567651181905213	([493, 43], [493, 202, 43])
1	0.64601494463776	0.6569038906380081	([325, 117], [325, 293, 88])
1	0.651744796217796	0.6570608677162741	([669, 438], [669, 641, 438])
1	0.6513259482868257	0.6571649929860045	([592, 120], [592, 120, 117])
1	0.6399128074183029	0.6571831295413434	([557, 336], [576, 557, 336])
1	0.6363050922596158	0.6573491074078184	([544, 5], [308, 114, 40])
1	0.6542275207795375	0.6573574386333357	([858, 515], [858, 559, 515])
1	0.6519372415480913	0.6577966137134093	([679, 517], [679, 517, 502])
1	0.6487468714673089	0.6578096553459073	([816, 432], [819, 816, 432])
1	0.6536138475267332	0.6580540411435146	([787, 29], [787, 365, 303])
1	0.645720614565398	0.6583376527266808	([791, 370], [791, 370, 332])
1	0.6340243032838189	0.6584598550482963	([527, 221], [552, 527, 495])
1	0.6532456287686951	0.6585171542879799	([806, 108], [806, 555, 183])
1	0.6494715792035253	0.6585624182379767	([799, 224], [799, 224, 179])
1	0.6445283533236569	0.6587280326878533	([595, 108], [639, 595, 108])
1	0.6543137742883256	0.6588767621291496	([516, 108], [516, 206, 96])
1	0.6393596507240374	0.6591743259656493	([495, 222], [495, 390, 179])
1	0.6435274010333646	0.6592804455699393	([517, 298], [589, 547, 295])
1	0.6514181875703609	0.6595864947169251	([874, 533], [874, 555, 533])
1	0.6471527936297146	0.6596609077573614	([771, 16], [771, 712, 81])
1	0.6317219830075667	0.6597715035074833	([545, 87], [545, 178, 87])
1	0.6475269859488826	0.6598983263852154	([665, 520], [796, 665, 520])
1	0.6511892560349404	0.6599157023960859	([539, 95], [539, 124, 71])
1	0.6518515693059386	0.6599329663133378	([536, 31], [558, 536, 31])
1	0.6367298872331244	0.6602143639388448	([714, 182], [714, 596, 182])
1	0.6569681393239994	0.6602344264241292	([599, 363], [657, 622, 363])
1	0.6449344492393073	0.6602344264241292	([657, 363], [749, 622, 363])
1	0.6414055141147323	0.6603542068273901	([817, 414], [817, 414, 394])
1	0.648949079539799	0.6603620242523541	([572, 306], [632, 615, 306])
1	0.6506693831204019	0.6603803472296376	([655, 15], [655, 324, 304])
1	0.6381452830279118	0.660400575791352	([304, 8], [304, 225, 7])
1	0.6388665109028361	0.6606167093580539	([772, 216], [772, 616, 577])
1	0.650235791779828	0.6610219312198667	([728, 360], [728, 360, 325])
1	0.6586162431939088	0.661070007084691	([722, 91], [722, 124, 91])
1	0.6389973563188004	0.6611527919435315	([757, 182], [757, 714, 585])
1	0.6401869582582954	0.6614290084055514	([363, 16], [363, 94, 35])
1	0.6579180310797377	0.6617567868795027	([767, 118], [767, 749, 118])
1	0.6584300594651322	0.6621091453211275	([811, 418], [811, 418, 393])
1	0.6479668301914178	0.6622039458712903	([621, 367], [651, 621, 367])
1	0.6406927307885808	0.6622401257356634	([599, 14], [619, 599, 95])
1	0.6608285697964246	0.6622809381042924	([656, 365], [656, 365, 310])
1	0.657928697418155	0.662343558421018	([859, 432], [859, 555, 442])
1	0.6622225433359021	0.6624097559639112	([529, 302], [529, 510, 302])
1	0.6570682150462817	0.6626398142457811	([517, 379], [517, 475, 467])
1	0.6419845344816252	0.662707531519749	([324, 95], [325, 324, 95])
1	0.6511428943062539	0.6627852652489004	([726, 28], [726, 302, 28])
1	0.6485019393348262	0.6628868618080642	([867, 628], [867, 633, 628])
1	0.6615756799466739	0.6630127977337078	([622, 213], [622, 363, 357])
1	0.6550370043789057	0.6631589226480243	([802, 82], [802, 603, 573])
1	0.6394270631113839	0.663198827901764	([533, 132], [550, 533, 110])
1	0.6454077435010189	0.663365443452976	([660, 337], [676, 660, 337])
1	0.6380330515343501	0.6634001517158814	([514, 14], [557, 514, 495])
1	0.65471634914675	0.663782626191397	([512, 304], [794, 512, 501])
1	0.6518274148698429	0.6638185889089523	([588, 28], [588, 318, 294])
1	0.6616553028781977	0.6640433194214753	([369, 125], [369, 224, 125])
1	0.6587264257517841	0.6642686337753063	([433, 62], [433, 347, 62])
1	0.6532786862892754	0.6644376817832758	([526, 373], [526, 473, 373])
1	0.6482951145944448	0.6651153108507216	([827, 66], [827, 560, 66])
1	0.6536753068352035	0.6656826597963876	([441, 89], [748, 589, 438])
1	0.6577257063098629	0.6659292603756769	([525, 360], [525, 375, 360])
1	0.6597353952635809	0.6659556815367013	([367, 7], [367, 28, 25])
1	0.6512786739346416	0.6660668332748545	([736, 37], [736, 734, 37])
1	0.6589240346291819	0.6668526397549447	([735, 86], [735, 551, 86])
1	0.6644200894018326	0.6668653595499568	([786, 213], [817, 786, 213])
1	0.6651746347375911	0.6669031109461787	([542, 409], [640, 542, 409])
1	0.6621321433852726	0.6669139310083322	([643, 19], [643, 99, 88])
1	0.6602815670908296	0.6677907195384813	([646, 31], [646, 587, 31])
1	0.640970098964497	0.6689811891757089	([370, 10], [370, 359, 10])
1	0.6682204029053166	0.6691297956820519	([525, 170], [525, 481, 470])
1	0.6520633743459352	0.6691304411583898	([513, 300], [513, 496, 300])
1	0.662545654395895	0.6692266586796672	([742, 47], [742, 350, 179])
1	0.6637840619635336	0.6693736634020939	([861, 528], [861, 812, 529])
1	0.6628349182525005	0.669664371626851	([428, 126], [428, 126, 112])
1	0.665381778540957	0.6696989705838492	([531, 143], [531, 227, 108])
1	0.6467251604382995	0.670007154641761	([559, 16], [559, 74, 16])
1	0.6683330035573989	0.6702913944609583	([877, 39], [877, 374, 348])
1	0.658441985598436	0.6704003903980466	([788, 126], [788, 723, 126])
1	0.6634613979452803	0.6707697147811976	([526, 111], [545, 526, 111])
1	0.6678699032691785	0.6711348170401361	([662, 182], [679, 662, 182])
1	0.6681984043832155	0.6713155593247322	([665, 124], [665, 593, 124])
1	0.6658252728229457	0.6713584655509092	([524, 426], [524, 490, 426])
1	0.6656763253970852	0.6718712094312297	([311, 25], [364, 311, 290])
1	0.6507491609879666	0.672353990505857	([520, 369], [520, 470, 304])
1	0.6701067286329415	0.6727910877695256	([512, 109], [541, 512, 109])
1	0.6652963838605929	0.673237669203639	([617, 87], [617, 177, 79])
1	0.6648277262587132	0.6735136631312441	([512, 33], [512, 394, 372])
1	0.6663254919534519	0.6736495133873696	([781, 17], [781, 303, 27])
1	0.6687163623003701	0.6743563037918887	([526, 323], [801, 526, 504])
1	0.6718615978445307	0.6750316488381312	([664, 119], [664, 360, 352])
1	0.6717254002174247	0.6772529779081381	([666, 29], [666, 357, 324])
1	0.677380343403715	0.677681827566313	([767, 74], [767, 630, 74])
1	0.6743082611082749	0.6782120255730402	([659, 128], [659, 310, 128])
1	0.6772737716559144	0.6794127232059073	([622, 9], [622, 218, 9])
1	0.6780439638540775	0.6814318386402775	([865, 300], [865, 709, 300])
1	0.6690989701589374	0.6853339107176166	([729, 11], [760, 729, 11])
1	0.6886785046896329	0.6909658584893935	([663, 17], [775, 663, 17])
0	0.0	inf	([0], [])
