0	0.0	0.22713832209006118	([853], [853, 852])
0	0.0	0.2312190378424869	([928], [928, 927])
0	0.0	0.2317611639267389	([1014], [1014, 1013])
0	0.0	0.2347747504276197	([925], [925, 924])
0	0.0	0.2360435954922076	([1007], [1007, 1006])
0	0.0	0.2381089066375347	([860], [860, 859])
0	0.0	0.23845757570527074	([854], [854, 853])
0	0.0	0.24028588608503434	([852], [852, 851])
0	0.0	0.24106859437577108	([934], [934, 933])
0	0.0	0.24107637804599225	([484], [484, 483])
0	0.0	0.2412487842002145	([66], [66, 65])
0	0.0	0.2427834248624152	([1181], [1181, 1180])
0	0.0	0.244973412757589	([1006], [1006, 1005])
0	0.0	0.24514340933236084	([871], [871, 870])
0	0.0	0.24514374540372633	([929], [929, 928])
0	0.0	0.24543116950021981	([859], [859, 858])
0	0.0	0.24548941390169082	([861], [861, 860])
0	0.0	0.2455835251120802	([927], [927, 926])
0	0.0	0.2457173503968853	([923], [923, 922])
0	0.0	0.2457563947760189	([849], [849, 848])
0	0.0	0.24594742738392417	([1278], [1278, 1276])
0	0.0	0.2461603049057575	([1277], [1277, 1276])
0	0.0	0.24626379760598935	([868], [868, 867])
0	0.0	0.24648829577098394	([922], [922, 921])
0	0.0	0.2467079390288357	([68], [68, 67])
0	0.0	0.24731775146550186	([816], [816, 815])
0	0.0	0.24744355479696223	([489], [489, 488])
0	0.0	0.24768493988534893	([999], [999, 998])
0	0.0	0.2485446406700864	([858], [858, 857])
0	0.0	0.2486598081696066	([1011], [1011, 1010])
0	0.0	0.2491639194460501	([189], [189, 188])
0	0.0	0.24922049862844817	([918], [918, 917])
0	0.0	0.24941369497783547	([848], [848, 847])
0	0.0	0.24982115632096444	([485], [485, 484])
0	0.0	0.25038877373117685	([65], [66, 64])
0	0.0	0.2509783194654289	([482], [482, 481])
0	0.0	0.2511451847124544	([1279], [1279, 1274])
0	0.0	0.2511841188936697	([487], [487, 486])
0	0.0	0.25133122889843973	([919], [919, 918])
0	0.0	0.25223569441086763	([920], [920, 919])
0	0.0	0.25261800532972045	([1055], [1055, 1054])
0	0.0	0.25262615774862685	([924], [925, 923])
0	0.0	0.25275721545618907	([1001], [1001, 1000])
0	0.0	0.2530566416933424	([352], [352, 351])
0	0.0	0.2533418357149706	([488], [488, 487])
0	0.0	0.25356520269089255	([486], [486, 485])
0	0.0	0.2543405434894729	([491], [491, 490])
0	0.0	0.25438497500051555	([624], [624, 623])
0	0.0	0.2544364144288326	([926], [926, 925])
0	0.0	0.2545015757225845	([912], [912, 911])
0	0.0	0.2551645720578536	([1010], [1011, 1009])
0	0.0	0.2552562594741022	([67], [67, 66])
0	0.0	0.2554780785752147	([349], [349, 348])
0	0.0	0.25567482377080164	([494], [494, 493])
0	0.0	0.2561810046849323	([984], [984, 983])
0	0.0	0.25621300707184635	([1321], [1321, 1320])
0	0.0	0.25638196081183967	([862], [862, 861])
0	0.0	0.2564081089729527	([1013], [1013, 1012])
0	0.0	0.2567063323032198	([1008], [1008, 1007])
0	0.0	0.2568408444775848	([71], [71, 70])
0	0.0	0.25696331246852344	([1057], [1057, 1056])
0	0.0	0.25705714119809864	([495], [495, 494])
0	0.0	0.25776164721341577	([1012], [1012, 1011])
0	0.0	0.2577992588499573	([1246], [1246, 1245])
0	0.0	0.25808984370637134	([348], [348, 347])
0	0.0	0.2581421769975481	([354], [354, 353])
0	0.0	0.25820266488026583	([350], [350, 349])
0	0.0	0.25820475939718074	([353], [353, 351])
0	0.0	0.2586038761108081	([985], [985, 984])
0	0.0	0.25869748096005196	([867], [867, 866])
0	0.0	0.25876015730840884	([481], [481, 480])
0	0.0	0.2590704208688968	([1049], [1049, 1048])
0	0.0	0.2595037630507858	([830], [830, 829])
0	0.0	0.2595845231007142	([847], [847, 846])
0	0.0	0.25958506767695944	([347], [347, 346])
0	0.0	0.25960031002643946	([921], [921, 920])
0	0.0	0.2596428866195571	([855], [855, 854])
0	0.0	0.259740597257677	([492], [492, 491])
0	0.0	0.25974674671929426	([1276], [1276, 1275])
0	0.0	0.2597810025254876	([874], [874, 873])
0	0.0	0.25982968632869485	([69], [69, 68])
0	0.0	0.2600750205462617	([979], [979, 978])
0	0.0	0.26015548443731185	([1346], [1346, 1345])
0	0.0	0.2608747797554074	([497], [497, 496])
0	0.0	0.2608817726904744	([1274], [1279, 1278])
0	0.0	0.26090440111217184	([980], [980, 979])
0	0.0	0.26098291751531844	([279], [279, 278])
0	0.0	0.26145126111576994	([1004], [1004, 1003])
0	0.0	0.26165498602043025	([850], [850, 849])
0	0.0	0.26227843071416684	([930], [930, 929])
0	0.0	0.26242899520417107	([1026], [1026, 1025])
0	0.0	0.2624582243624205	([978], [978, 977])
0	0.0	0.26251310037899417	([1009], [1009, 1008])
0	0.0	0.2626488129987558	([1039], [1039, 1037])
0	0.0	0.2633031376653171	([1323], [1323, 1322])
0	0.0	0.26362268645430925	([187], [187, 186])
0	0.0	0.2637708469419179	([659], [659, 658])
0	0.0	0.26381214701617045	([186], [186, 185])
0	0.0	0.2639590204390242	([815], [815, 814])
0	0.0	0.2642200526372704	([935], [935, 934])
0	0.0	0.26433826146803596	([1005], [1005, 1004])
0	0.0	0.2644918397862628	([190], [190, 189])
0	0.0	0.26464522236097965	([1037], [1039, 1038])
0	0.0	0.2646693618556223	([328], [328, 327])
0	0.0	0.2649721542443678	([1131], [1131, 1130])
0	0.0	0.2653045568712015	([837], [837, 836])
0	0.0	0.26563697372264916	([1000], [1000, 999])
0	0.0	0.26577534883935006	([976], [976, 975])
0	0.0	0.26578838730600013	([981], [981, 980])
0	0.0	0.26581043909194196	([1058], [1058, 1057])
0	0.0	0.26582010006925816	([809], [809, 808])
0	0.0	0.26583203723185556	([474], [474, 473])
0	0.0	0.26607621976905294	([560], [560, 559])
0	0.0	0.26625414580632606	([1322], [1322, 1321])
0	0.0	0.2662700872823859	([658], [658, 657])
0	0.0	0.26636140696449156	([1355], [1355, 1354])
0	0.0	0.2668959233389577	([1132], [1132, 1131])
0	0.0	0.2672033141021326	([941], [941, 940])
0	0.0	0.2672491457543141	([1505], [1505, 1504])
0	0.0	0.2676276145071157	([293], [293, 292])
0	0.0	0.2677766743197704	([243], [243, 242])
0	0.0	0.26797949406595883	([1412], [1412, 1411])
0	0.0	0.26840041958424565	([493], [493, 492])
0	0.0	0.2684742591895673	([1267], [1267, 1266])
0	0.0	0.2685075437974999	([986], [986, 985])
0	0.0	0.26888324524139545	([1050], [1050, 1049])
0	0.0	0.2689591257832834	([851], [851, 850])
0	0.0	0.26922620221203214	([933], [933, 932])
0	0.0	0.26924241118000525	([496], [496, 495])
0	0.0	0.269679346346565	([913], [913, 912])
0	0.0	0.26975481064697415	([655], [655, 654])
0	0.0	0.26993955315620466	([948], [948, 947])
0	0.0	0.27025323194393486	([982], [982, 981])
0	0.0	0.27044541641339725	([873], [873, 872])
0	0.0	0.2705188219279143	([252], [252, 251])
0	0.0	0.27064014942629017	([1413], [1413, 1412])
0	0.0	0.2706604213795678	([277], [277, 276])
0	0.0	0.2708499338179384	([490], [490, 489])
0	0.0	0.27125005450994294	([327], [327, 326])
0	0.0	0.2712633832892482	([1320], [1320, 1319])
0	0.0	0.2712766910868705	([1266], [1266, 1265])
0	0.0	0.27159497861797177	([72], [72, 71])
0	0.0	0.271754484092993	([60], [60, 59])
0	0.0	0.27199976477146326	([1016], [1016, 1015])
0	0.0	0.2720359574787648	([346], [346, 345])
0	0.0	0.27238182982639625	([1433], [1433, 1432])
0	0.0	0.27242007076741126	([339], [339, 338])
0	0.0	0.27242638630918453	([278], [278, 277])
0	0.0	0.27245240657878805	([1263], [1263, 1262])
0	0.0	0.27263984228597454	([375], [375, 374])
0	0.0	0.27283368617171355	([188], [188, 187])
0	0.0	0.2729497662068711	([163], [163, 162])
0	0.0	0.2731050432306313	([870], [870, 869])
0	0.0	0.2731433213533306	([553], [553, 552])
0	0.0	0.27314398507257237	([661], [661, 660])
0	0.0	0.27355490252589587	([514], [514, 513])
0	0.0	0.27359073439766846	([1003], [1003, 1002])
0	0.0	0.2737536739202209	([473], [473, 472])
0	0.0	0.27387064190962396	([1135], [1135, 1134])
0	0.0	0.27388379501451404	([1434], [1434, 1433])
0	0.0	0.27427865333791246	([1428], [1428, 1427])
0	0.0	0.2743975449611204	([808], [808, 807])
1	0.26655839686441296	0.2745441533957243	([1275, 1274], [1279, 1278, 1275])
0	0.0	0.2746239039037361	([483], [483, 482])
0	0.0	0.27473682690066	([116], [116, 115])
0	0.0	0.274794214586614	([357], [357, 356])
0	0.0	0.274916186729341	([1134], [1134, 1133])
0	0.0	0.27499501205405535	([1056], [1056, 1055])
0	0.0	0.2750352174716097	([276], [276, 275])
0	0.0	0.2750484729876401	([376], [376, 375])
0	0.0	0.27506328602730323	([185], [185, 184])
0	0.0	0.27506437133994044	([162], [162, 161])
0	0.0	0.2753392946476039	([1357], [1357, 1356])
0	0.0	0.27559119134498117	([1041], [1041, 1040])
0	0.0	0.27561625695835784	([1489], [1489, 1488])
0	0.0	0.2761420020425778	([573], [573, 572])
0	0.0	0.2762580845392364	([836], [836, 835])
0	0.0	0.2765003049527059	([1490], [1490, 1489])
0	0.0	0.2765320511359449	([345], [345, 344])
0	0.0	0.2768229039807904	([554], [554, 553])
0	0.0	0.2770027583050527	([869], [869, 868])
0	0.0	0.27705804160955283	([866], [866, 865])
0	0.0	0.2772949403592214	([170], [170, 169])
0	0.0	0.27737201748036105	([355], [355, 354])
0	0.0	0.2774744124860097	([810], [810, 809])
0	0.0	0.2777593544890528	([625], [625, 624])
0	0.0	0.2779102553689431	([338], [339, 337])
0	0.0	0.2779426455857427	([1431], [1431, 1430])
0	0.0	0.2780469982188541	([846], [846, 845])
0	0.0	0.27861282132685505	([476], [476, 475])
0	0.0	0.2787128325397533	([356], [356, 355])
0	0.0	0.2787825431791137	([1392], [1392, 1391])
0	0.0	0.2790271614024842	([657], [657, 656])
0	0.0	0.27908035106242574	([1061], [1061, 1060])
0	0.0	0.27922265261645934	([983], [983, 982])
0	0.0	0.2796957755016752	([1054], [1054, 1053])
0	0.0	0.2797074832122808	([70], [70, 69])
0	0.0	0.2801679165699546	([932], [932, 931])
0	0.0	0.28018146956561796	([1133], [1133, 1132])
0	0.0	0.280205550655649	([1048], [1048, 1047])
0	0.0	0.28042827249250263	([1051], [1051, 1050])
0	0.0	0.2805570616115711	([184], [184, 183])
0	0.0	0.28084181632710936	([820], [820, 819])
0	0.0	0.2808972809005504	([940], [940, 939])
0	0.0	0.2810176005230013	([865], [865, 864])
0	0.0	0.28124558676008754	([329], [329, 328])
0	0.0	0.2812608854041984	([1182], [1182, 1181])
0	0.0	0.28157725629989	([555], [555, 554])
0	0.0	0.2817682748991331	([63], [63, 62])
1	0.27395578218164696	0.28177355795136044	([1005, 1002], [1005, 1004, 1002])
0	0.0	0.28196044295918077	([180], [180, 179])
0	0.0	0.28201643961946643	([1356], [1356, 1355])
0	0.0	0.2820411877869589	([191], [191, 190])
0	0.0	0.2821103004125444	([1125], [1125, 1124])
0	0.0	0.2821184141340623	([1402], [1402, 1401])
0	0.0	0.2821749372898304	([280], [280, 279])
0	0.0	0.2822132098406768	([1410], [1410, 1409])
0	0.0	0.28226924973992407	([570], [570, 569])
0	0.0	0.28244610973369544	([61], [61, 60])
0	0.0	0.282617957143444	([1404], [1404, 1403])
0	0.0	0.28269814418057304	([931], [931, 930])
0	0.0	0.28283239174830704	([936], [936, 935])
0	0.0	0.28320102782035667	([1053], [1053, 1052])
0	0.0	0.2833509656099003	([937], [937, 936])
0	0.0	0.28338174297608715	([1427], [1427, 1426])
0	0.0	0.28340272451379395	([64], [64, 63])
0	0.0	0.28345192595176527	([973], [973, 972])
0	0.0	0.28377675783525186	([1027], [1027, 1026])
0	0.0	0.28412952166650335	([1352], [1352, 1351])
0	0.0	0.2841504383581486	([1504], [1504, 1503])
0	0.0	0.2841766750027341	([857], [858, 856])
0	0.0	0.28423045646866135	([472], [472, 471])
0	0.0	0.28437200355873904	([724], [724, 723])
0	0.0	0.284430014271572	([475], [475, 474])
0	0.0	0.28450887159030863	([1324], [1324, 1323])
0	0.0	0.28467568528294007	([1491], [1491, 1490])
0	0.0	0.2846833977312556	([1244], [1244, 1243])
0	0.0	0.2848368519308631	([378], [378, 377])
0	0.0	0.28498661517980034	([725], [725, 724])
0	0.0	0.28503600710597393	([939], [939, 938])
0	0.0	0.2851159949972012	([1062], [1062, 1060])
0	0.0	0.2852705968446307	([572], [572, 571])
0	0.0	0.285640122887941	([623], [623, 622])
0	0.0	0.2859581709447819	([856], [856, 855])
0	0.0	0.2859663006808043	([1017], [1017, 1016])
0	0.0	0.28605568317246755	([62], [62, 61])
0	0.0	0.2862053955623582	([845], [845, 844])
0	0.0	0.2862379189999569	([814], [814, 813])
0	0.0	0.28624117960713646	([1234], [1234, 1233])
0	0.0	0.28626008628263266	([763], [763, 762])
0	0.0	0.2862833619082321	([181], [181, 180])
0	0.0	0.2864154493540715	([872], [872, 871])
0	0.0	0.2865116815305871	([563], [563, 562])
0	0.0	0.286643966273943	([254], [254, 253])
1	0.2848740619406017	0.28679360229891443	([476, 472], [476, 474, 472])
0	0.0	0.28685045725559327	([835], [835, 834])
0	0.0	0.2869892389666698	([1496], [1496, 1495])
0	0.0	0.2871958651511312	([242], [243, 241])
0	0.0	0.28722515939549503	([1002], [1002, 1001])
0	0.0	0.2873994103351128	([164], [164, 163])
0	0.0	0.28753218855968476	([1455], [1455, 1454])
0	0.0	0.2876570597126317	([761], [761, 760])
0	0.0	0.28810437182340853	([916], [916, 915])
0	0.0	0.2881047589326112	([1126], [1126, 1125])
0	0.0	0.28811322469150574	([863], [863, 862])
0	0.0	0.28837637020086926	([1261], [1261, 1260])
0	0.0	0.28862563065051866	([342], [342, 341])
0	0.0	0.2886652783944777	([1432], [1434, 1431])
0	0.0	0.2887720872054317	([1354], [1355, 1353])
0	0.0	0.2887955103611159	([571], [571, 570])
0	0.0	0.28896505766565556	([384], [384, 383])
0	0.0	0.2891282693545771	([946], [946, 945])
0	0.0	0.2892377897556265	([253], [253, 252])
0	0.0	0.28926775898424584	([341], [341, 340])
0	0.0	0.28981871461959624	([382], [382, 381])
0	0.0	0.2899924059296218	([1495], [1496, 1494])
0	0.0	0.29008249686376314	([559], [559, 558])
0	0.0	0.29016902511825915	([1193], [1193, 1192])
0	0.0	0.2901756010488157	([296], [296, 295])
0	0.0	0.2903103853052825	([974], [974, 973])
0	0.0	0.29037556004615045	([471], [471, 470])
0	0.0	0.2904148759298502	([182], [182, 181])
0	0.0	0.29045652356140694	([294], [294, 292])
0	0.0	0.2904886486473491	([1394], [1394, 1393])
0	0.0	0.29057738403461175	([1015], [1015, 1014])
0	0.0	0.2906814182789383	([168], [168, 167])
0	0.0	0.29081207223532457	([660], [660, 659])
0	0.0	0.2908131483548042	([1498], [1498, 1497])
0	0.0	0.2909489064966049	([951], [951, 950])
0	0.0	0.2911083294690084	([917], [917, 916])
0	0.0	0.2911755297060384	([383], [383, 382])
0	0.0	0.29127629026632107	([1060], [1060, 1059])
0	0.0	0.2914789082649423	([1025], [1025, 1024])
0	0.0	0.2915950792274378	([171], [171, 170])
0	0.0	0.29183923380079	([833], [833, 832])
0	0.0	0.29191606314527596	([656], [656, 655])
0	0.0	0.2919707257394075	([1393], [1393, 1392])
0	0.0	0.2920754678835267	([626], [626, 625])
0	0.0	0.2921989983055605	([915], [915, 914])
0	0.0	0.2922174355862976	([819], [819, 818])
0	0.0	0.29229260261550594	([1353], [1353, 1352])
0	0.0	0.2922995324249583	([246], [246, 245])
0	0.0	0.29233377432213625	([1262], [1263, 1260])
0	0.0	0.2923891744440366	([308], [308, 307])
0	0.0	0.2925340357723487	([165], [165, 164])
0	0.0	0.292599476801255	([295], [295, 294])
0	0.0	0.29265266358538405	([1036], [1036, 1035])
0	0.0	0.29281638446514674	([27], [27, 26])
0	0.0	0.29284263824966267	([57], [57, 56])
0	0.0	0.2929197496548651	([565], [565, 564])
0	0.0	0.292944052030114	([18], [18, 17])
0	0.0	0.2930273834617588	([1052], [1052, 1051])
0	0.0	0.2932465408700198	([1124], [1124, 1123])
0	0.0	0.2932536922693731	([1407], [1407, 1406])
0	0.0	0.2933046163810877	([1184], [1184, 1182])
0	0.0	0.2933511873497581	([1325], [1325, 1324])
0	0.0	0.29339523488692754	([564], [564, 563])
0	0.0	0.29353654019646863	([255], [255, 254])
0	0.0	0.29363251186209005	([44], [44, 43])
0	0.0	0.2936803901798488	([334], [334, 333])
0	0.0	0.29368803960032275	([1180], [1180, 1179])
0	0.0	0.2936999330591874	([662], [662, 661])
0	0.0	0.2937280812807516	([1030], [1030, 1029])
0	0.0	0.2938361675517948	([176], [176, 175])
0	0.0	0.29386675585216127	([1395], [1395, 1394])
0	0.0	0.29396394001002824	([241], [241, 240])
0	0.0	0.29404098831805586	([762], [762, 761])
0	0.0	0.29409922693502816	([663], [663, 662])
0	0.0	0.2942205130880322	([1018], [1018, 1017])
0	0.0	0.2942442633534639	([1403], [1403, 1402])
0	0.0	0.29427378359731815	([938], [938, 937])
0	0.0	0.29428839587368355	([665], [665, 664])
0	0.0	0.2943347582196926	([760], [760, 759])
0	0.0	0.2943371371241606	([119], [119, 118])
0	0.0	0.29449002735531965	([183], [183, 182])
0	0.0	0.2945096673163943	([1265], [1265, 1264])
1	0.29281927567419136	0.2946140508097143	([857, 855], [858, 857, 856])
0	0.0	0.29463178942623774	([121], [121, 120])
0	0.0	0.2946756162483724	([764], [764, 763])
0	0.0	0.29477988936643373	([1179], [1184, 1183])
0	0.0	0.2949251612003148	([1350], [1350, 1349])
0	0.0	0.29494371640585604	([336], [336, 335])
0	0.0	0.2950238909533944	([377], [377, 376])
0	0.0	0.2950340289980031	([1280], [1280, 1279])
0	0.0	0.29513153292885447	([1411], [1411, 1410])
0	0.0	0.2951360437476358	([829], [829, 828])
0	0.0	0.2953065716059934	([864], [864, 863])
0	0.0	0.29530804028900526	([843], [843, 842])
0	0.0	0.2953423000665922	([251], [251, 250])
0	0.0	0.295555092634112	([1301], [1301, 1300])
0	0.0	0.2956286704400922	([949], [949, 948])
1	0.28034759058236713	0.29620387483802274	([496, 490], [496, 492, 490])
0	0.0	0.296215712455593	([1390], [1390, 1389])
0	0.0	0.2962168277366245	([1302], [1302, 1301])
0	0.0	0.2962208932332034	([1183], [1179, 1178])
0	0.0	0.2962819147446062	([952], [952, 951])
0	0.0	0.2968135390398556	([1347], [1347, 1346])
0	0.0	0.29688451656964093	([582], [582, 581])
0	0.0	0.2969750114277723	([638], [638, 637])
1	0.29488324767237584	0.2971357841427685	([488, 485], [488, 487, 485])
0	0.0	0.29736767253196217	([380], [380, 379])
0	0.0	0.2975931672643268	([1185], [1185, 1184])
0	0.0	0.2977080781677394	([574], [574, 573])
0	0.0	0.29772267019152276	([381], [381, 380])
0	0.0	0.29780734907278916	([335], [335, 334])
0	0.0	0.297825852988001	([344], [344, 343])
0	0.0	0.2979918972785903	([1426], [1426, 1425])
0	0.0	0.29801802270676864	([1035], [1035, 1034])
0	0.0	0.2980949115881434	([1399], [1399, 1398])
0	0.0	0.2982040886660124	([546], [546, 545])
0	0.0	0.2982107764938315	([566], [566, 565])
0	0.0	0.2982648273764	([1033], [1033, 1032])
0	0.0	0.2982985862780276	([1543], [1543, 1542])
0	0.0	0.29845331376398676	([1546], [1546, 1545])
0	0.0	0.29856169800029614	([1047], [1047, 1046])
0	0.0	0.29860709125587603	([193], [193, 192])
0	0.0	0.2986573307316801	([1493], [1493, 1492])
0	0.0	0.298664448512132	([1197], [1197, 1196])
0	0.0	0.2987711662786316	([832], [832, 831])
0	0.0	0.29885576538977177	([1031], [1031, 1030])
0	0.0	0.298916473361874	([1406], [1406, 1404])
0	0.0	0.2989242432986958	([23], [23, 22])
0	0.0	0.29901133449274636	([257], [257, 256])
0	0.0	0.2990303289788367	([945], [945, 944])
0	0.0	0.2991912987534223	([1281], [1281, 1280])
0	0.0	0.29926568197295	([807], [807, 806])
0	0.0	0.29927684190845233	([58], [58, 57])
0	0.0	0.29936199527804486	([1245], [1246, 1244])
0	0.0	0.2993883721016101	([1059], [1059, 1058])
0	0.0	0.2996742495685294	([831], [831, 830])
0	0.0	0.29969689356494045	([1191], [1191, 1190])
0	0.0	0.3000027098322106	([275], [275, 274])
0	0.0	0.30003959056392554	([950], [950, 949])
0	0.0	0.3000497272979893	([813], [813, 811])
0	0.0	0.30013027725587715	([322], [322, 321])
0	0.0	0.3001848784228759	([786], [786, 785])
0	0.0	0.30020379750308956	([844], [844, 843])
0	0.0	0.30028282039353693	([811], [811, 810])
0	0.0	0.3003869380585789	([812], [812, 811])
0	0.0	0.30052246652742226	([828], [828, 827])
0	0.0	0.3006880820646794	([1200], [1200, 1199])
0	0.0	0.3008270328147527	([784], [784, 783])
0	0.0	0.30085848279829125	([1405], [1405, 1404])
0	0.0	0.3009038218897572	([26], [26, 25])
0	0.0	0.30091814018211843	([1409], [1409, 1408])
0	0.0	0.30093089386436106	([22], [22, 21])
0	0.0	0.30094106140929916	([988], [988, 987])
0	0.0	0.3009693168572654	([385], [385, 384])
0	0.0	0.3011839454306748	([6], [6, 5])
0	0.0	0.3012512310857528	([779], [779, 778])
0	0.0	0.30137201534289093	([138], [138, 137])
0	0.0	0.30137202533891944	([726], [726, 725])
1	0.29375548452689265	0.30162162021142824	([1432, 1431], [1434, 1433, 1432])
0	0.0	0.3016524603999603	([834], [834, 833])
0	0.0	0.30182420770771423	([169], [169, 168])
0	0.0	0.30185113307676226	([5], [5, 4])
0	0.0	0.3019259531124364	([1233], [1233, 1232])
0	0.0	0.3019355730593713	([569], [569, 568])
0	0.0	0.3019806084870545	([790], [790, 789])
0	0.0	0.30214509147891694	([161], [161, 160])
0	0.0	0.3021525663955402	([827], [827, 826])
0	0.0	0.30216388426125285	([567], [567, 566])
0	0.0	0.30220369535702546	([48], [48, 47])
0	0.0	0.30227252059605664	([1127], [1127, 1126])
0	0.0	0.30232489711532523	([1337], [1337, 1336])
0	0.0	0.3024356286462934	([363], [363, 362])
0	0.0	0.30259974981406945	([758], [758, 757])
0	0.0	0.302852670330083	([1457], [1457, 1456])
0	0.0	0.3029721436960083	([73], [73, 72])
0	0.0	0.3030485086346042	([92], [92, 91])
0	0.0	0.30306440452730915	([51], [51, 50])
0	0.0	0.30307144633469896	([105], [105, 104])
0	0.0	0.30314573333564754	([179], [179, 178])
0	0.0	0.30322275365071627	([379], [379, 378])
0	0.0	0.3032340940459548	([477], [477, 476])
0	0.0	0.30326968609531346	([1461], [1461, 1460])
0	0.0	0.3032746245567358	([1199], [1200, 1198])
0	0.0	0.30329565004248055	([2], [2, 1])
0	0.0	0.3033121575335794	([1391], [1391, 1390])
0	0.0	0.3033936747945531	([470], [470, 469])
0	0.0	0.30346403173401304	([340], [340, 339])
0	0.0	0.30347950592479256	([943], [943, 942])
0	0.0	0.3036064915564602	([1034], [1034, 1033])
0	0.0	0.30366854424545514	([1019], [1019, 1018])
0	0.0	0.30375920009143487	([167], [167, 166])
0	0.0	0.30381163840668973	([817], [817, 816])
0	0.0	0.3039288663557569	([1408], [1408, 1407])
0	0.0	0.3039668842132157	([551], [551, 550])
0	0.0	0.30409935247918857	([1499], [1499, 1498])
0	0.0	0.30414967353474737	([173], [173, 172])
0	0.0	0.3041999446649121	([1401], [1401, 1400])
0	0.0	0.30425919378817073	([960], [960, 959])
0	0.0	0.3042749183679278	([516], [516, 515])
0	0.0	0.3044709514082528	([1196], [1196, 1195])
0	0.0	0.3044994561789274	([568], [568, 567])
0	0.0	0.3045320316676659	([1326], [1326, 1325])
0	0.0	0.30456508175541563	([1332], [1332, 1331])
0	0.0	0.3045834449710198	([74], [74, 73])
0	0.0	0.304654112214206	([788], [788, 787])
0	0.0	0.3046551331047443	([343], [343, 342])
0	0.0	0.3046856102663609	([79], [79, 78])
0	0.0	0.304739646616531	([24], [24, 23])
0	0.0	0.3047831573777996	([1429], [1429, 1428])
0	0.0	0.3049176621376437	([722], [722, 721])
0	0.0	0.3049801027549396	([777], [777, 776])
0	0.0	0.3050124129080676	([153], [153, 152])
0	0.0	0.30501426545930627	([1358], [1358, 1357])
0	0.0	0.30522742113246687	([109], [109, 108])
0	0.0	0.30525484028849403	([56], [56, 55])
0	0.0	0.3055246732338875	([1194], [1194, 1193])
0	0.0	0.3056493407334056	([1506], [1506, 1505])
0	0.0	0.3056700470440211	([498], [498, 497])
0	0.0	0.30567080466416674	([1345], [1345, 1344])
0	0.0	0.3057008740238246	([194], [194, 193])
0	0.0	0.30571002507057554	([256], [256, 255])
0	0.0	0.3057106838898916	([578], [578, 577])
0	0.0	0.3057164306074854	([778], [778, 777])
0	0.0	0.30573212294557195	([914], [914, 913])
0	0.0	0.3057582827280752	([229], [229, 228])
0	0.0	0.3058254642302973	([576], [576, 575])
0	0.0	0.30586123561169604	([1398], [1398, 1397])
0	0.0	0.30587239557276064	([1556], [1556, 1555])
0	0.0	0.3058896557070581	([515], [515, 514])
0	0.0	0.30611805046980856	([1335], [1335, 1334])
0	0.0	0.3061854169574534	([1451], [1451, 1450])
0	0.0	0.3062407306169052	([147], [147, 146])
0	0.0	0.3062408744692126	([178], [178, 177])
0	0.0	0.30629380348650637	([9], [9, 8])
0	0.0	0.3063072270096932	([1472], [1472, 1471])
0	0.0	0.30636869896764624	([1435], [1435, 1434])
0	0.0	0.3064207726435143	([122], [122, 121])
0	0.0	0.3064503719335857	([998], [998, 997])
0	0.0	0.30647077344031043	([465], [465, 464])
0	0.0	0.3064846107796737	([248], [248, 247])
0	0.0	0.30661824301458296	([759], [759, 758])
0	0.0	0.3066647794008791	([451], [451, 450])
0	0.0	0.3068138736646952	([545], [545, 544])
0	0.0	0.30688177959271973	([562], [565, 559])
0	0.0	0.3069000223439559	([201], [201, 200])
0	0.0	0.3069573673455113	([455], [455, 454])
0	0.0	0.3069601498183204	([120], [121, 119])
0	0.0	0.3070747251073043	([1046], [1046, 1045])
0	0.0	0.3071977461295401	([84], [84, 83])
1	0.3014818300442151	0.3072586294863876	([254, 250], [254, 253, 250])
0	0.0	0.3073426486422959	([1], [1, 0])
0	0.0	0.3073437467229036	([1190], [1190, 1189])
0	0.0	0.3074134132941732	([1187], [1187, 1186])
0	0.0	0.30756704735262647	([1503], [1503, 1502])
0	0.0	0.3076007396928206	([467], [467, 466])
0	0.0	0.3076530310440121	([825], [825, 824])
0	0.0	0.3076688632302045	([1198], [1198, 1197])
0	0.0	0.3077941743015541	([947], [947, 946])
0	0.0	0.30780112880867855	([1530], [1530, 1529])
0	0.0	0.30788619970644465	([118], [118, 117])
0	0.0	0.30790362124085463	([20], [20, 19])
0	0.0	0.3079145244769736	([1430], [1430, 1429])
0	0.0	0.307928145121523	([548], [548, 547])
1	0.29981202994591444	0.30794628795690865	([350, 344], [350, 349, 345])
0	0.0	0.30803305548941023	([13], [13, 12])
0	0.0	0.30805242200144456	([1502], [1502, 1501])
0	0.0	0.3080705933630042	([1456], [1456, 1455])
0	0.0	0.3081232675514199	([785], [785, 784])
0	0.0	0.3082346076788525	([1040], [1040, 1039])
0	0.0	0.3083378118707173	([1295], [1295, 1294])
0	0.0	0.3083824958248042	([8], [8, 7])
0	0.0	0.3084007743288354	([774], [774, 773])
0	0.0	0.3084559719171538	([3], [3, 2])
0	0.0	0.30846636916127507	([536], [536, 535])
0	0.0	0.30848207303882147	([522], [522, 521])
0	0.0	0.30852824559517633	([25], [25, 24])
0	0.0	0.3085600719180683	([765], [765, 764])
0	0.0	0.3087609944693171	([972], [972, 971])
0	0.0	0.308807421315795	([1396], [1396, 1395])
0	0.0	0.3088578702087349	([469], [469, 468])
0	0.0	0.3088727897106188	([271], [271, 270])
0	0.0	0.30898866485333437	([622], [622, 621])
0	0.0	0.3090883028246185	([1453], [1453, 1452])
0	0.0	0.3092284921219291	([975], [975, 974])
0	0.0	0.30931106677010156	([326], [326, 325])
0	0.0	0.30933806933093505	([17], [17, 16])
0	0.0	0.3093479482473592	([1508], [1508, 1507])
0	0.0	0.3094189584829257	([558], [562, 561])
0	0.0	0.3094928845554908	([231], [231, 230])
0	0.0	0.30961307765732277	([212], [212, 211])
0	0.0	0.30967858069563614	([143], [143, 142])
0	0.0	0.3097831303298438	([1334], [1334, 1333])
0	0.0	0.30982706436884205	([364], [364, 363])
0	0.0	0.3098308179316443	([359], [359, 358])
0	0.0	0.3098867323330744	([1300], [1300, 1299])
0	0.0	0.30992621177281754	([47], [47, 46])
0	0.0	0.3099293816401325	([842], [842, 841])
0	0.0	0.30995163827141314	([249], [249, 248])
0	0.0	0.3100141139779218	([1397], [1397, 1396])
0	0.0	0.31009721949546487	([452], [452, 451])
0	0.0	0.31022988314179806	([627], [627, 626])
0	0.0	0.31025325348352356	([1515], [1515, 1514])
0	0.0	0.3102633286160168	([561], [558, 557])
0	0.0	0.31029963876620154	([523], [523, 522])
0	0.0	0.31045183165962215	([1517], [1517, 1516])
0	0.0	0.31054234324042185	([457], [457, 456])
0	0.0	0.3105872214734401	([1440], [1440, 1439])
0	0.0	0.3107083701213944	([333], [333, 332])
0	0.0	0.31078421205386547	([111], [111, 110])
0	0.0	0.3108330161351243	([227], [227, 226])
0	0.0	0.3109396631458343	([721], [722, 720])
0	0.0	0.31106652742930396	([232], [232, 231])
0	0.0	0.3111337122971963	([230], [230, 229])
0	0.0	0.3111636279377319	([1333], [1333, 1332])
0	0.0	0.31128454788838245	([418], [418, 417])
0	0.0	0.3113007531828159	([780], [780, 779])
0	0.0	0.3113422801616296	([1294], [1294, 1293])
0	0.0	0.3114818917280599	([1527], [1527, 1526])
0	0.0	0.31149314154389107	([1450], [1450, 1449])
0	0.0	0.31158465179442496	([460], [460, 459])
0	0.0	0.3115977859078867	([321], [321, 320])
0	0.0	0.3116278636317288	([101], [101, 100])
0	0.0	0.31165729249541896	([444], [444, 443])
0	0.0	0.31171333118605016	([993], [993, 992])
0	0.0	0.3117510064870497	([1243], [1243, 1242])
0	0.0	0.31188495464079935	([272], [272, 271])
0	0.0	0.31192046916315663	([772], [772, 771])
0	0.0	0.3119408338280693	([1516], [1516, 1515])
0	0.0	0.3119948939495701	([144], [144, 143])
0	0.0	0.31210825332102937	([221], [221, 220])
0	0.0	0.31213780505145056	([219], [219, 218])
0	0.0	0.3121593203875148	([1469], [1469, 1468])
0	0.0	0.31217731607546756	([783], [783, 782])
0	0.0	0.3124046346299817	([15], [15, 14])
0	0.0	0.31244847925594316	([245], [245, 244])
0	0.0	0.31252983338213025	([89], [89, 88])
0	0.0	0.31262143812302284	([1297], [1297, 1296])
0	0.0	0.31271629830688175	([85], [85, 84])
0	0.0	0.3127525548237063	([12], [12, 11])
0	0.0	0.3128212909827513	([789], [789, 788])
0	0.0	0.31282503385120214	([717], [717, 716])
0	0.0	0.31285322289672973	([1317], [1317, 1316])
0	0.0	0.3128760560462793	([98], [98, 97])
0	0.0	0.3128930331464737	([826], [826, 825])
0	0.0	0.31289377899803456	([818], [818, 817])
0	0.0	0.31289670724421187	([1235], [1235, 1232])
0	0.0	0.31290686983174476	([1547], [1547, 1546])
0	0.0	0.31296126862126805	([782], [782, 781])
0	0.0	0.31305096596144716	([445], [445, 444])
0	0.0	0.3130548440032295	([106], [106, 105])
0	0.0	0.3130943290438775	([1523], [1523, 1522])
0	0.0	0.3131897805557773	([903], [903, 902])
0	0.0	0.31331392985378204	([454], [454, 453])
0	0.0	0.3133185349040845	([1173], [1173, 1172])
0	0.0	0.31334984744000094	([1043], [1043, 1042])
0	0.0	0.31344926378476085	([1327], [1327, 1326])
0	0.0	0.313533907560295	([718], [718, 717])
0	0.0	0.3135399761087953	([463], [463, 462])
0	0.0	0.3136042836398611	([52], [52, 51])
0	0.0	0.31363975434493135	([610], [610, 609])
0	0.0	0.3136594435990569	([10], [10, 9])
0	0.0	0.3136624316831194	([1250], [1250, 1249])
0	0.0	0.3136683086027339	([1042], [1042, 1040])
0	0.0	0.3137257598664408	([501], [501, 500])
0	0.0	0.31374345592105546	([114], [114, 113])
0	0.0	0.31382813736807286	([1188], [1188, 1187])
0	0.0	0.3138578935895922	([140], [140, 139])
0	0.0	0.31386624799650276	([312], [312, 311])
0	0.0	0.31389172788306713	([93], [93, 92])
0	0.0	0.31392329369861144	([28], [28, 27])
0	0.0	0.31396870606530003	([628], [628, 627])
0	0.0	0.31398249098333947	([1141], [1141, 1140])
0	0.0	0.31399135516451965	([840], [840, 839])
0	0.0	0.3140591067821796	([575], [575, 574])
0	0.0	0.31406018496329796	([552], [552, 551])
0	0.0	0.3140905378878243	([1475], [1475, 1474])
0	0.0	0.31413845446404975	([29], [29, 28])
0	0.0	0.31425128912529976	([991], [991, 990])
0	0.0	0.314276448388731	([1064], [1064, 1063])
0	0.0	0.3143054493947627	([942], [942, 941])
0	0.0	0.31431095564860206	([1068], [1068, 1067])
0	0.0	0.3143290368665592	([419], [419, 418])
0	0.0	0.31443980086046636	([234], [234, 233])
0	0.0	0.3144498835393188	([83], [83, 82])
0	0.0	0.3144944448416091	([330], [330, 329])
0	0.0	0.31449797737825513	([35], [35, 34])
0	0.0	0.31450046310586005	([36], [36, 35])
0	0.0	0.3145010328115339	([824], [824, 823])
0	0.0	0.31466979420721447	([1452], [1452, 1451])
0	0.0	0.3146832736693108	([1559], [1559, 1558])
0	0.0	0.3147611299844184	([309], [309, 308])
0	0.0	0.31481637691303643	([172], [172, 171])
0	0.0	0.31489313265367624	([39], [39, 38])
0	0.0	0.31494927445857085	([320], [320, 319])
0	0.0	0.31496050800375114	([556], [556, 555])
0	0.0	0.3149819921285811	([1252], [1252, 1251])
0	0.0	0.31498429957475144	([157], [157, 156])
0	0.0	0.3150050570634936	([500], [500, 499])
0	0.0	0.31505868148021055	([361], [361, 360])
0	0.0	0.3151530656898523	([519], [519, 518])
0	0.0	0.3151657148888217	([1400], [1400, 1399])
0	0.0	0.31529032734397666	([664], [664, 663])
0	0.0	0.31537914368198616	([1511], [1511, 1510])
0	0.0	0.31538242967039626	([557], [557, 556])
0	0.0	0.3154119010997935	([4], [4, 3])
0	0.0	0.31547888144974	([513], [513, 512])
0	0.0	0.31552993112464495	([332], [332, 331])
0	0.0	0.31556577215703013	([148], [148, 147])
0	0.0	0.31567236299845813	([224], [224, 223])
0	0.0	0.3157449456198616	([59], [59, 58])
0	0.0	0.31576181916136215	([211], [211, 210])
0	0.0	0.3157687429598055	([750], [750, 749])
0	0.0	0.31587025146831776	([269], [269, 268])
0	0.0	0.315879331778796	([1195], [1195, 1194])
0	0.0	0.3159000876192783	([751], [751, 750])
0	0.0	0.3159154194932842	([166], [166, 165])
0	0.0	0.31608481736580213	([882], [882, 881])
0	0.0	0.3160939156847709	([1422], [1422, 1421])
0	0.0	0.3161883705184872	([1328], [1328, 1327])
0	0.0	0.31620594260013485	([1305], [1305, 1304])
0	0.0	0.3162726646453104	([30], [30, 29])
0	0.0	0.31628099197305254	([443], [443, 442])
0	0.0	0.3162983102393511	([989], [989, 988])
0	0.0	0.31635807809412936	([290], [290, 289])
0	0.0	0.3163712701356769	([220], [220, 219])
0	0.0	0.31639918340212364	([1538], [1538, 1537])
0	0.0	0.3164135096137487	([1381], [1381, 1380])
0	0.0	0.31647463736725734	([90], [90, 89])
0	0.0	0.3164773068795322	([579], [579, 578])
0	0.0	0.31651709519769783	([996], [996, 995])
0	0.0	0.3166215714403845	([134], [134, 133])
0	0.0	0.3166293329543521	([1319], [1319, 1318])
0	0.0	0.3166831653086595	([1386], [1386, 1385])
0	0.0	0.31672320061607423	([1229], [1229, 1228])
0	0.0	0.3167526043482017	([1476], [1476, 1475])
0	0.0	0.3167977879526048	([42], [42, 41])
0	0.0	0.3168776066210129	([1484], [1484, 1483])
0	0.0	0.3168781727352112	([995], [996, 994])
0	0.0	0.316975720952555	([439], [439, 438])
0	0.0	0.31699713607010294	([464], [464, 463])
0	0.0	0.3171197499454742	([1470], [1470, 1469])
0	0.0	0.31723340900233793	([217], [217, 216])
0	0.0	0.3172798478674056	([131], [131, 130])
0	0.0	0.3173270021048821	([1454], [1454, 1453])
0	0.0	0.3173633100326807	([1378], [1378, 1377])
0	0.0	0.31745158214628216	([394], [394, 393])
0	0.0	0.31751771723045163	([538], [538, 537])
0	0.0	0.31754042989118086	([771], [771, 770])
0	0.0	0.31754605695821564	([94], [94, 93])
0	0.0	0.3176039766483555	([701], [701, 700])
0	0.0	0.31765027423678843	([1192], [1192, 1191])
0	0.0	0.3177319021859732	([900], [900, 899])
0	0.0	0.31773437405384974	([404], [404, 403])
0	0.0	0.31777717603252137	([1162], [1162, 1161])
0	0.0	0.31783096935392363	([76], [76, 75])
0	0.0	0.3178515436776777	([53], [53, 52])
0	0.0	0.31785850495028384	([1215], [1215, 1214])
0	0.0	0.3178912557857092	([197], [197, 196])
0	0.0	0.3179098922007582	([351], [351, 350])
0	0.0	0.31797317266605185	([200], [200, 199])
0	0.0	0.31799978590817707	([1473], [1473, 1472])
0	0.0	0.3180012442886553	([512], [512, 511])
0	0.0	0.31801745359409334	([195], [195, 194])
0	0.0	0.3180503048256241	([1038], [1037, 1036])
0	0.0	0.31805896042116205	([215], [215, 214])
0	0.0	0.31810087077209187	([527], [527, 526])
0	0.0	0.3181255743403856	([1336], [1336, 1335])
0	0.0	0.318174785829973	([462], [462, 461])
0	0.0	0.31828709224506374	([97], [97, 96])
0	0.0	0.3183395945093526	([99], [99, 98])
0	0.0	0.3183866982555109	([468], [468, 467])
0	0.0	0.31841572164965304	([282], [282, 281])
0	0.0	0.31853351247953265	([531], [531, 530])
0	0.0	0.3185751848170216	([104], [104, 103])
0	0.0	0.3185935082945611	([135], [135, 134])
0	0.0	0.31860861374799726	([1537], [1537, 1536])
0	0.0	0.3187661101596995	([708], [708, 707])
0	0.0	0.31877424937112586	([1464], [1464, 1463])
0	0.0	0.31877600295482655	([1418], [1418, 1417])
0	0.0	0.31884338825434805	([133], [133, 132])
0	0.0	0.3188769374253017	([1260], [1260, 1259])
0	0.0	0.3188997857073008	([1462], [1462, 1461])
0	0.0	0.31897730435952865	([273], [273, 272])
0	0.0	0.31901640568055584	([1329], [1329, 1328])
0	0.0	0.31901752931016336	([1093], [1093, 1092])
0	0.0	0.3190440282851364	([776], [776, 775])
0	0.0	0.3191691626843461	([787], [787, 786])
0	0.0	0.3192163743947352	([1522], [1522, 1521])
0	0.0	0.3192495780186267	([821], [821, 820])
0	0.0	0.319282155216347	([1020], [1020, 1019])
0	0.0	0.3192880190548254	([1330], [1330, 1329])
0	0.0	0.31930478070146684	([1045], [1045, 1044])
0	0.0	0.31936484232335816	([781], [781, 780])
0	0.0	0.31938235672424725	([154], [154, 153])
0	0.0	0.3194636823749327	([838], [838, 837])
0	0.0	0.3195249630177997	([360], [360, 359])
0	0.0	0.31953246262550267	([192], [192, 191])
0	0.0	0.319559630877863	([1213], [1213, 1212])
0	0.0	0.3195726041314219	([1463], [1463, 1462])
0	0.0	0.3196106141731367	([38], [38, 37])
1	0.30200090541319047	0.3196783758120099	([490, 484], [490, 489, 488])
0	0.0	0.31968341806842626	([1471], [1471, 1470])
0	0.0	0.3198859308120304	([654], [654, 653])
0	0.0	0.3199042602705854	([7], [7, 6])
0	0.0	0.3199308251939052	([205], [205, 204])
0	0.0	0.31997246790776346	([202], [202, 201])
0	0.0	0.31997794766639265	([311], [311, 310])
0	0.0	0.32002456363797377	([37], [37, 36])
0	0.0	0.32002722258015304	([107], [107, 106])
0	0.0	0.3200458527660161	([1539], [1539, 1538])
0	0.0	0.32004705595240307	([1189], [1189, 1188])
0	0.0	0.3200586164610925	([1372], [1372, 1371])
0	0.0	0.3200852775334333	([206], [206, 205])
0	0.0	0.3200982888647372	([425], [425, 424])
0	0.0	0.3201060355568766	([19], [19, 18])
0	0.0	0.3201291740615748	([1087], [1087, 1086])
0	0.0	0.32014853624417167	([139], [139, 138])
0	0.0	0.3201575667497641	([1369], [1369, 1368])
0	0.0	0.3201647951268159	([1021], [1021, 1020])
0	0.0	0.3202090427559692	([1075], [1075, 1074])
0	0.0	0.3203934748583181	([728], [728, 727])
0	0.0	0.3204092914537587	([1296], [1296, 1295])
0	0.0	0.3204225801644377	([1526], [1526, 1525])
0	0.0	0.3204320128132346	([49], [49, 48])
0	0.0	0.3204379632841972	([1425], [1425, 1424])
0	0.0	0.32044214139860744	([430], [430, 429])
0	0.0	0.32047291796296784	([1361], [1361, 1360])
0	0.0	0.32047388717522135	([1253], [1253, 1252])
0	0.0	0.3205940386132713	([389], [389, 388])
0	0.0	0.32062658179224085	([448], [448, 447])
0	0.0	0.32065206073969754	([583], [583, 582])
0	0.0	0.3207141907464651	([247], [247, 246])
0	0.0	0.32072766467727404	([1494], [1494, 1493])
0	0.0	0.3207748076876378	([207], [207, 206])
0	0.0	0.32080691697082	([287], [287, 286])
0	0.0	0.3208321126313516	([1269], [1269, 1268])
0	0.0	0.32083698602575406	([1488], [1488, 1487])
0	0.0	0.32091428611824907	([459], [459, 458])
0	0.0	0.32094513384455764	([1542], [1542, 1541])
0	0.0	0.3209512333035486	([1521], [1521, 1520])
0	0.0	0.32096105516659273	([16], [16, 15])
0	0.0	0.32099269449095125	([1480], [1480, 1479])
0	0.0	0.3210070043243285	([1535], [1535, 1534])
0	0.0	0.3210911195805023	([641], [641, 640])
0	0.0	0.3211006198392126	([1460], [1460, 1459])
0	0.0	0.32115777180444177	([1348], [1348, 1347])
0	0.0	0.3211610654720116	([1533], [1533, 1532])
0	0.0	0.3212308417945319	([971], [971, 970])
0	0.0	0.3212315699882652	([456], [456, 455])
0	0.0	0.32125658478603974	([453], [453, 452])
0	0.0	0.32138344445077277	([82], [82, 81])
0	0.0	0.3213983149418185	([210], [210, 209])
0	0.0	0.321431249395092	([1560], [1560, 1559])
0	0.0	0.32146449628396906	([461], [461, 460])
0	0.0	0.32148438784426137	([288], [288, 287])
0	0.0	0.3214962517819598	([525], [525, 524])
0	0.0	0.3215262858984728	([880], [880, 879])
0	0.0	0.32153062896861195	([636], [636, 635])
0	0.0	0.3216188450746177	([415], [415, 414])
0	0.0	0.3217003729379883	([1264], [1264, 1263])
0	0.0	0.3217231038978916	([214], [214, 213])
0	0.0	0.32173877245930416	([137], [137, 136])
0	0.0	0.3218105671902912	([1201], [1201, 1200])
0	0.0	0.3219366035797329	([112], [112, 111])
0	0.0	0.3219680833057044	([1236], [1236, 1235])
0	0.0	0.32197763193739265	([584], [584, 583])
0	0.0	0.3220110242410796	([619], [619, 618])
0	0.0	0.32202261955119277	([639], [639, 638])
0	0.0	0.3220738495516643	([128], [128, 127])
0	0.0	0.3221163828254003	([681], [681, 680])
0	0.0	0.32214604820043724	([580], [580, 579])
0	0.0	0.3221596288702735	([1209], [1209, 1208])
0	0.0	0.32219843520743896	([323], [323, 322])
0	0.0	0.32220382358574706	([549], [549, 548])
0	0.0	0.32226724739186474	([539], [539, 538])
0	0.0	0.3222722106211441	([1271], [1271, 1270])
0	0.0	0.32227596769265077	([43], [43, 42])
0	0.0	0.32229733720700793	([284], [284, 283])
0	0.0	0.3223011351267866	([33], [33, 32])
0	0.0	0.3223668648193421	([1363], [1363, 1362])
0	0.0	0.3223882256578397	([235], [235, 234])
0	0.0	0.32244845836302044	([46], [46, 45])
0	0.0	0.3224581097324217	([270], [270, 269])
0	0.0	0.32247295587496666	([478], [478, 477])
0	0.0	0.3225596105294027	([770], [770, 769])
0	0.0	0.3225918928971698	([317], [317, 316])
0	0.0	0.32259206522613415	([678], [678, 677])
0	0.0	0.322592919432816	([690], [690, 689])
0	0.0	0.3226273963537854	([146], [146, 145])
0	0.0	0.3226476625154208	([125], [125, 124])
0	0.0	0.3226954829251626	([992], [992, 991])
0	0.0	0.32269780166213635	([715], [715, 714])
0	0.0	0.32271619369505095	([1291], [1291, 1290])
0	0.0	0.322728244201277	([705], [705, 704])
0	0.0	0.3227816718818236	([672], [672, 671])
0	0.0	0.32278246104681724	([1287], [1287, 1286])
0	0.0	0.3228013496460244	([314], [314, 313])
0	0.0	0.3228145310689061	([449], [449, 448])
0	0.0	0.3229115684926331	([1485], [1485, 1484])
0	0.0	0.32295987170631313	([1492], [1492, 1491])
0	0.0	0.32297227595141076	([196], [196, 195])
0	0.0	0.3230732637522937	([1341], [1341, 1340])
0	0.0	0.3230992547409914	([54], [54, 53])
0	0.0	0.32311186280575865	([237], [237, 236])
0	0.0	0.3231473970807232	([199], [199, 198])
0	0.0	0.3231700256037383	([1272], [1272, 1271])
0	0.0	0.32320623673374077	([1120], [1120, 1119])
0	0.0	0.3232260796716846	([499], [499, 498])
0	0.0	0.3232344158267355	([1145], [1145, 1144])
0	0.0	0.3233129275125198	([240], [240, 239])
0	0.0	0.32336102363911384	([1477], [1477, 1476])
0	0.0	0.3233949300494702	([315], [315, 314])
0	0.0	0.3233954945911455	([466], [466, 465])
0	0.0	0.32344629937129626	([524], [524, 523])
0	0.0	0.3235084991897605	([203], [203, 202])
0	0.0	0.32352767590435794	([1028], [1028, 1027])
0	0.0	0.32352897272186143	([222], [222, 221])
0	0.0	0.3235436222390483	([265], [265, 264])
0	0.0	0.3236321840926541	([319], [319, 318])
0	0.0	0.32364673858424814	([298], [298, 297])
0	0.0	0.3236917891983849	([226], [226, 225])
0	0.0	0.3237072575819726	([643], [643, 642])
0	0.0	0.32375354667407624	([11], [11, 10])
0	0.0	0.32378397229021255	([429], [429, 428])
0	0.0	0.32380590972760026	([264], [264, 263])
0	0.0	0.32384775111263053	([1080], [1080, 1079])
0	0.0	0.32395961056158684	([262], [262, 261])
0	0.0	0.32396477192499545	([1497], [1497, 1496])
0	0.0	0.3239763387509548	([204], [204, 203])
0	0.0	0.3239853548790707	([145], [145, 144])
0	0.0	0.32404335104410614	([508], [508, 507])
0	0.0	0.32407732274234025	([371], [371, 370])
0	0.0	0.32408652194250176	([773], [773, 772])
0	0.0	0.32414269221856723	([416], [416, 415])
0	0.0	0.32416497431496555	([994], [994, 993])
0	0.0	0.3242496812168852	([1142], [1142, 1141])
0	0.0	0.3245110726097971	([225], [225, 224])
0	0.0	0.32453038267656265	([1550], [1550, 1549])
0	0.0	0.32455977768858035	([406], [406, 405])
0	0.0	0.3246799323092705	([716], [716, 715])
0	0.0	0.32470714612846796	([510], [510, 509])
0	0.0	0.3247512843544324	([1444], [1444, 1443])
0	0.0	0.3248148302394917	([841], [841, 840])
0	0.0	0.32485320376403265	([1519], [1519, 1518])
0	0.0	0.3248660093919332	([735], [735, 734])
0	0.0	0.32496336726514946	([307], [307, 306])
0	0.0	0.32501306779457095	([34], [34, 33])
0	0.0	0.3250836062740828	([45], [45, 44])
0	0.0	0.3252422739672261	([526], [526, 525])
0	0.0	0.32530810461883497	([1223], [1223, 1222])
0	0.0	0.3253249688149552	([741], [741, 740])
0	0.0	0.3253290218371924	([209], [209, 208])
0	0.0	0.32533259384712804	([1211], [1211, 1210])
0	0.0	0.3253404755211201	([577], [577, 576])
0	0.0	0.32535654187066954	([442], [442, 441])
0	0.0	0.3253596048461866	([611], [611, 610])
0	0.0	0.3253909953967734	([1076], [1076, 1075])
0	0.0	0.32543245411313954	([977], [977, 976])
0	0.0	0.3254557103239118	([91], [91, 90])
0	0.0	0.3255878338550013	([407], [407, 406])
0	0.0	0.3255888617876708	([1509], [1509, 1508])
0	0.0	0.3256239374196524	([502], [502, 501])
0	0.0	0.3256275081087212	([1338], [1338, 1337])
0	0.0	0.32588318767175295	([517], [517, 516])
1	0.3188373881749051	0.32588568397493295	([167, 164], [167, 166, 165])
0	0.0	0.32590122304204133	([1167], [1167, 1166])
0	0.0	0.3259135857982899	([362], [362, 361])
0	0.0	0.32592112497089853	([1171], [1171, 1170])
0	0.0	0.32595248987695713	([1344], [1344, 1343])
0	0.0	0.3260380747169963	([1384], [1384, 1383])
0	0.0	0.326069521935542	([1481], [1481, 1480])
0	0.0	0.32607497614890885	([436], [436, 435])
0	0.0	0.326197862943469	([518], [518, 517])
0	0.0	0.32627828660514757	([749], [749, 748])
0	0.0	0.326278366983315	([41], [41, 40])
0	0.0	0.3262940285893261	([633], [633, 632])
0	0.0	0.32634666845026505	([244], [244, 243])
0	0.0	0.32636151635789923	([446], [446, 445])
0	0.0	0.32648277259669073	([797], [797, 796])
0	0.0	0.32651679721038984	([1553], [1553, 1552])
0	0.0	0.32654885719786	([438], [438, 437])
0	0.0	0.3266345667195012	([1343], [1343, 1342])
0	0.0	0.3266765715975116	([1552], [1552, 1551])
0	0.0	0.32673447099279407	([369], [369, 368])
0	0.0	0.3267648737851084	([621], [621, 620])
0	0.0	0.3267686317338117	([895], [895, 894])
0	0.0	0.3267697027274048	([1557], [1557, 1556])
0	0.0	0.326947062127632	([447], [447, 446])
0	0.0	0.326947271948289	([1237], [1237, 1236])
0	0.0	0.32697718239825635	([1248], [1248, 1247])
0	0.0	0.3270346026415523	([694], [694, 693])
0	0.0	0.32711425044422326	([283], [283, 282])
0	0.0	0.32719291973728326	([1157], [1157, 1156])
0	0.0	0.32722949715302735	([1210], [1210, 1209])
0	0.0	0.3272410306166738	([794], [794, 793])
0	0.0	0.3272890282588856	([1232], [1232, 1231])
0	0.0	0.327298425576158	([990], [990, 989])
0	0.0	0.32733422841219373	([723], [723, 722])
0	0.0	0.327360230524798	([440], [440, 439])
0	0.0	0.32742795123163326	([325], [325, 324])
0	0.0	0.3274293513191767	([198], [198, 197])
0	0.0	0.327429994841834	([158], [158, 157])
0	0.0	0.32750390086643494	([1216], [1216, 1215])
0	0.0	0.32752123620476703	([1379], [1379, 1378])
0	0.0	0.3275244002342312	([100], [100, 99])
0	0.0	0.3275380090070924	([775], [775, 774])
0	0.0	0.32757772179725525	([1292], [1292, 1291])
0	0.0	0.32759825720491537	([423], [423, 422])
0	0.0	0.3276347982935911	([530], [530, 529])
0	0.0	0.3276354584761732	([1512], [1512, 1511])
0	0.0	0.32763969680597654	([1288], [1288, 1287])
1	0.31029539877930584	0.3276857421724865	([561, 560], [565, 563, 561])
0	0.0	0.3277025291168169	([155], [155, 154])
0	0.0	0.32771072135582796	([598], [598, 597])
0	0.0	0.3277308819989122	([601], [601, 600])
0	0.0	0.3277810341003404	([1474], [1474, 1473])
0	0.0	0.32786362515753825	([1562], [1562, 1561])
0	0.0	0.32796788725097564	([727], [727, 726])
0	0.0	0.32803502690978126	([31], [31, 30])
0	0.0	0.3280500808115105	([409], [409, 408])
0	0.0	0.3281667896471876	([366], [366, 365])
0	0.0	0.3282143328855363	([1208], [1208, 1207])
0	0.0	0.3282888448040228	([417], [417, 416])
0	0.0	0.32833660110621876	([261], [261, 260])
0	0.0	0.3284025978941962	([1308], [1308, 1307])
0	0.0	0.32855231427256076	([1342], [1342, 1341])
0	0.0	0.32855528578566146	([1518], [1518, 1517])
0	0.0	0.3285943990210099	([1536], [1536, 1535])
0	0.0	0.32863243904911277	([424], [424, 423])
0	0.0	0.32865019254118005	([263], [263, 262])
0	0.0	0.3286971977876623	([666], [666, 665])
0	0.0	0.32870538364679425	([1359], [1359, 1358])
0	0.0	0.32871658693165395	([1123], [1123, 1122])
0	0.0	0.3287765999754682	([40], [40, 39])
0	0.0	0.32881976068976837	([441], [441, 440])
0	0.0	0.3288763277585962	([742], [742, 741])
0	0.0	0.32891542592441153	([650], [650, 649])
0	0.0	0.328918727999082	([1310], [1310, 1309])
0	0.0	0.32895251960903416	([78], [78, 77])
0	0.0	0.3289535817141164	([585], [585, 584])
0	0.0	0.3289837826821605	([300], [300, 299])
0	0.0	0.32898965960143933	([605], [605, 604])
0	0.0	0.32901649680786454	([1529], [1529, 1528])
0	0.0	0.32903720224342453	([507], [507, 506])
0	0.0	0.32905472056360524	([289], [289, 288])
0	0.0	0.3290856245477418	([399], [399, 398])
0	0.0	0.32918792418442583	([1423], [1423, 1422])
0	0.0	0.32927692273832915	([299], [299, 298])
0	0.0	0.3292782358907567	([542], [542, 541])
0	0.0	0.3293040987549157	([88], [88, 87])
0	0.0	0.329311014174877	([1072], [1072, 1071])
0	0.0	0.3293210636440623	([1172], [1172, 1171])
0	0.0	0.3293582516292689	([337], [337, 336])
0	0.0	0.32938502723104357	([1565], [1565, 1564])
0	0.0	0.3294445622922593	([108], [108, 107])
0	0.0	0.3294509792423144	([1387], [1387, 1386])
0	0.0	0.3294621119788726	([1119], [1119, 1118])
0	0.0	0.32948801224068447	([86], [86, 85])
0	0.0	0.32957208024246387	([479], [479, 478])
0	0.0	0.32957470796977617	([411], [411, 410])
0	0.0	0.3295779968225605	([403], [403, 402])
0	0.0	0.32958386363027586	([318], [318, 317])
0	0.0	0.32958806240104865	([1371], [1371, 1370])
0	0.0	0.32959594478248333	([151], [151, 150])
1	0.32897920563894106	0.3296296274047605	([1408, 1402], [1408, 1405, 1402])
0	0.0	0.3296432757011796	([1239], [1239, 1238])
0	0.0	0.3296657145801296	([1534], [1534, 1533])
0	0.0	0.32969084347122	([156], [156, 155])
0	0.0	0.3296934152340142	([550], [550, 549])
0	0.0	0.32976241041980553	([591], [591, 590])
0	0.0	0.32980812464867015	([426], [426, 425])
0	0.0	0.3298407146866206	([688], [688, 687])
0	0.0	0.3298475447845683	([421], [421, 420])
0	0.0	0.32988718078054985	([683], [683, 682])
0	0.0	0.3299189130527735	([450], [450, 449])
0	0.0	0.3299805745920865	([904], [904, 903])
0	0.0	0.3300725126792864	([541], [541, 540])
1	0.32573439559846723	0.33009337298849917	([1348, 1345], [1348, 1347, 1344])
0	0.0	0.33009736339485907	([302], [302, 301])
0	0.0	0.33012702268484057	([1174], [1174, 1173])
0	0.0	0.3301444332975927	([1212], [1212, 1211])
0	0.0	0.3301522867077975	([1238], [1238, 1237])
0	0.0	0.3301963147784239	([431], [431, 430])
0	0.0	0.3302728657544591	([175], [175, 174])
0	0.0	0.33035078529697676	([1029], [1029, 1028])
0	0.0	0.3303694962731226	([1207], [1207, 1206])
0	0.0	0.3303817684091886	([987], [987, 986])
0	0.0	0.33038889086187606	([1339], [1339, 1338])
0	0.0	0.33039374024834134	([676], [676, 675])
0	0.0	0.3304348407060756	([413], [413, 412])
0	0.0	0.3304518220386176	([129], [129, 128])
0	0.0	0.3305063633696541	([331], [331, 330])
0	0.0	0.3305305642106503	([743], [743, 742])
0	0.0	0.33057035993615197	([434], [434, 433])
0	0.0	0.3306397637853476	([228], [228, 227])
0	0.0	0.33066272005108543	([1501], [1501, 1500])
0	0.0	0.3306964449309488	([1150], [1150, 1149])
0	0.0	0.33070427106182965	([646], [646, 645])
0	0.0	0.33072413705539333	([791], [791, 790])
0	0.0	0.3307472994407238	([152], [152, 151])
0	0.0	0.3307513214755249	([533], [533, 532])
0	0.0	0.3308846387964485	([310], [310, 309])
0	0.0	0.3309146177842146	([1282], [1282, 1281])
0	0.0	0.33091761017390986	([1224], [1224, 1223])
0	0.0	0.33094671466528364	([894], [894, 893])
0	0.0	0.3310386142693568	([506], [506, 505])
0	0.0	0.3310737854751224	([884], [884, 883])
0	0.0	0.3310781767234268	([806], [806, 805])
0	0.0	0.33108235973830813	([1520], [1520, 1519])
0	0.0	0.33108737011781153	([303], [303, 302])
0	0.0	0.3310938218095219	([437], [437, 436])
0	0.0	0.33111308663391	([640], [640, 639])
0	0.0	0.33112620294585093	([1113], [1113, 1112])
0	0.0	0.33115801684044305	([159], [159, 158])
1	0.30719819301057466	0.33120704462092404	([835, 831], [835, 833, 831])
0	0.0	0.33128384534764505	([412], [412, 411])
0	0.0	0.3313572724617558	([630], [630, 629])
0	0.0	0.3313627508996889	([730], [730, 729])
0	0.0	0.3313874455224829	([955], [955, 954])
0	0.0	0.33140704866894494	([1079], [1079, 1078])
0	0.0	0.33141928855379865	([372], [372, 371])
0	0.0	0.33143870313433604	([291], [291, 290])
0	0.0	0.3315060614229062	([1316], [1316, 1315])
0	0.0	0.33151363654267574	([1524], [1524, 1523])
0	0.0	0.33172453881976854	([32], [32, 31])
0	0.0	0.3317573111531008	([521], [521, 520])
0	0.0	0.33177702981375695	([117], [117, 116])
0	0.0	0.33177980450966515	([1109], [1109, 1108])
0	0.0	0.33181068667615404	([142], [142, 141])
0	0.0	0.3318196651368481	([696], [696, 695])
0	0.0	0.3319208759012157	([136], [136, 135])
0	0.0	0.3319890469676953	([458], [458, 457])
0	0.0	0.33203435254470715	([1366], [1366, 1365])
0	0.0	0.3320854547294437	([1032], [1032, 1031])
0	0.0	0.33214783730367686	([1545], [1545, 1544])
0	0.0	0.332181348709337	([651], [651, 650])
0	0.0	0.33219637488812376	([21], [21, 20])
0	0.0	0.33226096440600794	([1268], [1268, 1267])
0	0.0	0.33231499012255783	([1044], [1044, 1043])
0	0.0	0.33232249969725	([14], [14, 13])
0	0.0	0.33232961461465454	([1106], [1106, 1105])
0	0.0	0.33234876561817983	([1465], [1465, 1464])
0	0.0	0.332424543136239	([268], [268, 267])
0	0.0	0.33243373894085904	([238], [238, 237])
0	0.0	0.33248253833472563	([877], [877, 876])
0	0.0	0.3325174401659188	([1500], [1500, 1499])
0	0.0	0.33261523767389695	([304], [304, 303])
0	0.0	0.33262560894096005	([358], [358, 357])
0	0.0	0.33264565178018884	([266], [266, 265])
0	0.0	0.33266476750687407	([1154], [1154, 1153])
0	0.0	0.3327143105817699	([1514], [1514, 1513])
0	0.0	0.33274554741138446	([223], [223, 222])
0	0.0	0.3327651573560373	([1077], [1077, 1076])
0	0.0	0.3327930716547996	([408], [408, 407])
0	0.0	0.3328190555843486	([1251], [1251, 1250])
0	0.0	0.33288423815336915	([1023], [1023, 1022])
0	0.0	0.33290307798204666	([113], [113, 112])
0	0.0	0.33290453509381523	([1275], [1274, 1273])
0	0.0	0.33292489068929265	([1311], [1311, 1310])
0	0.0	0.3329604591435334	([141], [141, 140])
0	0.0	0.33304592498295377	([1421], [1421, 1420])
0	0.0	0.33304728093926006	([505], [505, 504])
0	0.0	0.333084593491281	([1096], [1096, 1095])
0	0.0	0.3330978430075845	([208], [208, 207])
0	0.0	0.3331505199932604	([1525], [1525, 1524])
0	0.0	0.3331674809538994	([368], [368, 367])
0	0.0	0.33321420743127184	([667], [667, 666])
0	0.0	0.33325788568180537	([586], [586, 585])
0	0.0	0.33327852104328715	([1256], [1256, 1255])
0	0.0	0.3332810704298063	([365], [365, 364])
0	0.0	0.3333386922948047	([428], [428, 427])
0	0.0	0.3333784270528754	([706], [706, 705])
0	0.0	0.3333856588113632	([687], [687, 686])
0	0.0	0.333418599004197	([1168], [1168, 1167])
0	0.0	0.3335548302944159	([1439], [1439, 1438])
0	0.0	0.33356495766300154	([747], [747, 746])
0	0.0	0.3335923275139889	([110], [110, 109])
0	0.0	0.33361128039506693	([671], [671, 670])
0	0.0	0.33363894298116736	([392], [392, 391])
0	0.0	0.333661627754379	([720], [720, 719])
0	0.0	0.3336833868702016	([1299], [1299, 1298])
0	0.0	0.33372542124515486	([236], [236, 235])
0	0.0	0.33373397560126833	([1513], [1513, 1512])
0	0.0	0.3338399428582082	([768], [768, 767])
0	0.0	0.3338870400953693	([77], [77, 76])
0	0.0	0.3339010422649948	([1225], [1225, 1224])
0	0.0	0.3339316895077551	([285], [285, 284])
0	0.0	0.3339629902155946	([944], [944, 943])
0	0.0	0.3339751021754732	([1416], [1416, 1415])
0	0.0	0.33410262254649187	([150], [150, 149])
0	0.0	0.3341344670854665	([712], [712, 711])
0	0.0	0.33422607057004644	([709], [709, 708])
0	0.0	0.33423707236602185	([755], [755, 754])
0	0.0	0.3342426174214846	([391], [391, 390])
0	0.0	0.33427353616521593	([1230], [1230, 1229])
0	0.0	0.33429782724639934	([700], [700, 699])
0	0.0	0.3343312498750372	([1541], [1541, 1540])
0	0.0	0.334332512503741	([699], [699, 698])
0	0.0	0.3344925256465853	([520], [520, 519])
0	0.0	0.3345206527483425	([260], [260, 259])
0	0.0	0.3345907397182177	([1163], [1163, 1162])
0	0.0	0.33462884654786357	([1130], [1130, 1129])
0	0.0	0.3346364046659942	([1385], [1385, 1384])
0	0.0	0.3346564225232738	([81], [81, 80])
0	0.0	0.3346587744465464	([1217], [1217, 1216])
0	0.0	0.33466675681621394	([1437], [1437, 1436])
0	0.0	0.33471468206304006	([1128], [1128, 1127])
0	0.0	0.3348362978733117	([1228], [1228, 1227])
0	0.0	0.33483721523226445	([1365], [1365, 1364])
0	0.0	0.3348995098739847	([634], [634, 633])
0	0.0	0.33490819705643565	([87], [87, 86])
0	0.0	0.33492045347688143	([677], [677, 676])
0	0.0	0.33492447028192945	([652], [652, 651])
0	0.0	0.3349460177106666	([233], [233, 232])
0	0.0	0.3349489963839674	([540], [540, 539])
0	0.0	0.3350063608190657	([96], [96, 95])
0	0.0	0.33508403221430905	([956], [956, 955])
0	0.0	0.3350875957716308	([1309], [1309, 1308])
0	0.0	0.33513154571084447	([1083], [1083, 1082])
0	0.0	0.33516912489685974	([1082], [1082, 1081])
0	0.0	0.3351828343252286	([259], [259, 258])
0	0.0	0.3352094271740365	([802], [802, 801])
0	0.0	0.3352541432043057	([1482], [1482, 1481])
0	0.0	0.3352844515010329	([1257], [1257, 1256])
0	0.0	0.3353449176761203	([292], [292, 291])
0	0.0	0.3354386283897066	([632], [632, 631])
0	0.0	0.3354758972643072	([316], [316, 315])
0	0.0	0.3355561990247622	([103], [103, 102])
0	0.0	0.3355856096760723	([1449], [1449, 1448])
0	0.0	0.3355976622053987	([1380], [1380, 1379])
0	0.0	0.33561544852133435	([1202], [1202, 1201])
0	0.0	0.33568828443133253	([606], [606, 605])
0	0.0	0.33573158831205024	([1219], [1219, 1218])
0	0.0	0.3357369511972273	([734], [734, 733])
0	0.0	0.33575595288008014	([313], [313, 312])
0	0.0	0.3357832517693649	([1549], [1549, 1548])
0	0.0	0.33578579765423483	([250], [250, 249])
0	0.0	0.3358250152431842	([703], [703, 702])
0	0.0	0.3359012538487191	([1099], [1099, 1098])
0	0.0	0.33593188792137335	([1259], [1259, 1258])
1	0.33386509235180817	0.33594664003918995	([333, 330], [333, 332, 331])
0	0.0	0.33605297422160335	([1510], [1510, 1509])
0	0.0	0.33610353569935636	([1424], [1424, 1423])
0	0.0	0.3361378580277915	([174], [174, 173])
0	0.0	0.3361507272137596	([766], [766, 765])
0	0.0	0.3361715968061054	([711], [711, 710])
0	0.0	0.3362456525631739	([1382], [1382, 1381])
0	0.0	0.3362715288268071	([967], [967, 966])
0	0.0	0.336321718188575	([1155], [1155, 1154])
0	0.0	0.33639084069085246	([124], [124, 123])
0	0.0	0.33653567661800304	([1290], [1290, 1289])
0	0.0	0.33657725923707904	([1306], [1306, 1305])
0	0.0	0.336620497115822	([617], [617, 616])
0	0.0	0.33668053546757515	([966], [966, 965])
0	0.0	0.33668309281593456	([1111], [1111, 1110])
0	0.0	0.3367656745296708	([757], [757, 756])
0	0.0	0.3368281280304015	([1362], [1362, 1361])
0	0.0	0.33693137888550656	([370], [370, 369])
0	0.0	0.3369846268792834	([55], [55, 54])
0	0.0	0.3370558225293625	([95], [95, 94])
0	0.0	0.33707472372780467	([596], [596, 595])
0	0.0	0.33710591656744443	([1153], [1153, 1152])
0	0.0	0.33710834801250683	([1304], [1304, 1303])
0	0.0	0.3371964850923829	([1289], [1289, 1288])
0	0.0	0.3372118679053795	([1466], [1466, 1465])
0	0.0	0.3372708147287203	([1467], [1467, 1466])
1	0.3246408239396189	0.33731279471926967	([1347, 1344], [1347, 1346, 1345])
0	0.0	0.33733274353805853	([218], [218, 217])
0	0.0	0.33738638552413286	([1143], [1143, 1142])
0	0.0	0.3374158208018238	([883], [883, 882])
0	0.0	0.33742842408998064	([1069], [1069, 1068])
0	0.0	0.33742927825309976	([306], [306, 305])
0	0.0	0.3374658602490279	([1114], [1114, 1113])
0	0.0	0.33752534804304074	([529], [529, 528])
0	0.0	0.3375768704551397	([1388], [1388, 1387])
0	0.0	0.3376422428244262	([1446], [1446, 1445])
0	0.0	0.3377166276065661	([800], [800, 799])
0	0.0	0.3377959765077737	([1222], [1222, 1221])
0	0.0	0.3378082778559931	([1138], [1138, 1137])
0	0.0	0.3378219949820818	([1555], [1555, 1554])
0	0.0	0.3378377366503433	([645], [645, 644])
0	0.0	0.3378945087882921	([1486], [1486, 1485])
0	0.0	0.3379374901441874	([803], [803, 802])
0	0.0	0.3379883596286324	([433], [433, 432])
0	0.0	0.3380963297112059	([733], [733, 732])
0	0.0	0.3381133066760026	([400], [400, 399])
0	0.0	0.3381137389676202	([648], [648, 647])
0	0.0	0.33813675687173655	([801], [801, 800])
0	0.0	0.3382277980434654	([892], [892, 891])
0	0.0	0.33823396330427824	([1161], [1161, 1160])
0	0.0	0.33824901915634575	([1097], [1097, 1096])
0	0.0	0.3382644214212588	([1531], [1531, 1530])
0	0.0	0.3382748314531792	([1544], [1544, 1543])
0	0.0	0.3382806808370812	([713], [713, 712])
0	0.0	0.3383199630375879	([1254], [1254, 1253])
0	0.0	0.3383282279134212	([1441], [1441, 1440])
0	0.0	0.3383383009200716	([1071], [1071, 1070])
0	0.0	0.33839299128190997	([420], [420, 419])
0	0.0	0.3385956113196665	([1443], [1443, 1442])
0	0.0	0.33860819722325786	([132], [132, 131])
0	0.0	0.3387296096945996	([964], [964, 963])
0	0.0	0.33872987282186967	([792], [792, 791])
0	0.0	0.33879859962519004	([1160], [1160, 1159])
0	0.0	0.3388351756425271	([732], [732, 731])
0	0.0	0.33886598008344154	([393], [393, 392])
0	0.0	0.3388676145424256	([1226], [1226, 1225])
0	0.0	0.3388719804799942	([674], [674, 673])
0	0.0	0.33904919555086804	([899], [899, 898])
0	0.0	0.33913700051393647	([1170], [1170, 1169])
0	0.0	0.3391547444928869	([1116], [1116, 1115])
0	0.0	0.3392648757176086	([422], [422, 421])
0	0.0	0.3392688348403495	([1414], [1414, 1413])
0	0.0	0.3393002786610198	([1129], [1129, 1128])
0	0.0	0.3393501230056443	([50], [50, 49])
0	0.0	0.33938705594484025	([390], [390, 389])
0	0.0	0.3393989318756	([216], [216, 215])
0	0.0	0.33955969127037117	([769], [769, 768])
0	0.0	0.33955970044291456	([962], [962, 961])
0	0.0	0.3395745321295609	([1108], [1108, 1107])
0	0.0	0.339617279379785	([1368], [1368, 1367])
0	0.0	0.33965526148877556	([680], [680, 679])
0	0.0	0.33972910940724166	([1367], [1367, 1366])
0	0.0	0.3397345548171844	([528], [528, 527])
0	0.0	0.33977155009420407	([693], [693, 692])
0	0.0	0.33977930625949115	([684], [684, 683])
0	0.0	0.33978969694283373	([1063], [1063, 1059])
0	0.0	0.33981446884120964	([1389], [1389, 1388])
0	0.0	0.33987043465803557	([1166], [1166, 1165])
0	0.0	0.34001830951119577	([1540], [1540, 1539])
0	0.0	0.3400246240579697	([644], [644, 643])
0	0.0	0.34011937710698803	([1532], [1532, 1531])
0	0.0	0.34013941060619196	([595], [595, 594])
1	0.32160929210830774	0.3401962700314179	([763, 760], [763, 762, 760])
0	0.0	0.3402650709503053	([739], [739, 738])
0	0.0	0.34027975176542224	([1156], [1156, 1155])
0	0.0	0.34031491627133326	([1528], [1528, 1527])
0	0.0	0.34038259675648	([1258], [1258, 1257])
0	0.0	0.3403982783574844	([629], [629, 628])
0	0.0	0.34042053476306167	([1270], [1270, 1269])
0	0.0	0.34056514854929193	([102], [102, 101])
0	0.0	0.34062722005846235	([635], [635, 634])
0	0.0	0.340639007830897	([432], [432, 431])
0	0.0	0.34067045833868115	([647], [647, 646])
0	0.0	0.34068832218802997	([177], [177, 176])
0	0.0	0.3406887546015506	([1186], [1186, 1185])
0	0.0	0.34069579902208613	([1169], [1169, 1168])
0	0.0	0.3407008210207343	([997], [997, 996])
0	0.0	0.3407015094144161	([123], [123, 122])
0	0.0	0.3407190806927059	([637], [637, 636])
0	0.0	0.3407461592080004	([1420], [1420, 1419])
0	0.0	0.3407486762364832	([1221], [1221, 1220])
0	0.0	0.34076158942102724	([1094], [1094, 1093])
0	0.0	0.3407972435444493	([593], [593, 592])
0	0.0	0.34079876470295195	([80], [80, 79])
0	0.0	0.34087856615833584	([1218], [1218, 1217])
0	0.0	0.34092597653784584	([1370], [1370, 1369])
0	0.0	0.34095955371387116	([387], [387, 386])
0	0.0	0.34096962946740444	([1551], [1551, 1550])
0	0.0	0.3409760720366898	([1331], [1331, 1330])
0	0.0	0.3409907122143016	([511], [511, 510])
0	0.0	0.3410211716922233	([1249], [1249, 1248])
0	0.0	0.34108925101027915	([1078], [1078, 1077])
0	0.0	0.34115219698652893	([1285], [1285, 1284])
0	0.0	0.34119218893882164	([504], [504, 503])
0	0.0	0.3412597029463133	([1507], [1507, 1506])
0	0.0	0.3412967465716832	([1151], [1151, 1150])
0	0.0	0.34136257956748495	([736], [736, 735])
0	0.0	0.3414697471819072	([602], [602, 601])
0	0.0	0.34155810267664033	([1073], [1073, 1072])
0	0.0	0.34158446217891064	([649], [649, 648])
0	0.0	0.3416836493010937	([1220], [1220, 1219])
0	0.0	0.3416951546543791	([796], [796, 795])
0	0.0	0.3417175382217905	([961], [961, 960])
0	0.0	0.341730138314542	([274], [274, 273])
0	0.0	0.341737399537602	([388], [388, 387])
0	0.0	0.3417601256370799	([75], [75, 74])
0	0.0	0.3417931267529428	([213], [213, 212])
0	0.0	0.34186125881388757	([1165], [1165, 1163])
0	0.0	0.341963331374647	([1558], [1558, 1557])
0	0.0	0.34197300959866034	([1089], [1089, 1088])
0	0.0	0.3420520750348234	([963], [963, 962])
0	0.0	0.3420826706853204	([402], [402, 401])
0	0.0	0.342098863952997	([740], [740, 739])
0	0.0	0.34213991736039606	([608], [608, 607])
0	0.0	0.34218232660893844	([373], [373, 372])
0	0.0	0.3423423804112003	([698], [698, 697])
0	0.0	0.342343818159275	([1092], [1092, 1091])
0	0.0	0.3423731894743194	([746], [746, 745])
0	0.0	0.3424671415495923	([435], [435, 434])
0	0.0	0.34255295617989945	([1095], [1095, 1094])
0	0.0	0.34260404452452337	([1144], [1144, 1143])
0	0.0	0.34260745194882436	([603], [603, 602])
0	0.0	0.34262345410348705	([1240], [1240, 1239])
0	0.0	0.34265729975857895	([752], [752, 751])
0	0.0	0.34268463282761363	([1146], [1146, 1145])
0	0.0	0.3427053436422709	([414], [414, 413])
0	0.0	0.3428120538010752	([804], [804, 803])
0	0.0	0.34281663164982146	([612], [612, 611])
0	0.0	0.34285224848195034	([1088], [1088, 1087])
0	0.0	0.34291831377180493	([1098], [1098, 1097])
0	0.0	0.3429998757546003	([281], [281, 280])
0	0.0	0.3430257079419369	([1081], [1081, 1080])
0	0.0	0.3433007635504982	([1376], [1376, 1375])
0	0.0	0.343361322057623	([1066], [1066, 1065])
0	0.0	0.34336592433706953	([1159], [1159, 1158])
0	0.0	0.34347330918653857	([537], [537, 536])
0	0.0	0.34355291232850127	([702], [702, 701])
0	0.0	0.34357105183879355	([398], [398, 397])
0	0.0	0.34357466537280756	([1447], [1447, 1446])
0	0.0	0.3436785542579462	([1284], [1284, 1283])
0	0.0	0.3436816814966452	([616], [616, 615])
0	0.0	0.3437048870299751	([1564], [1564, 1563])
0	0.0	0.34396454651976605	([707], [707, 706])
0	0.0	0.3439941024502768	([719], [719, 718])
0	0.0	0.3441305313707537	([754], [754, 753])
0	0.0	0.344132529009884	([1273], [1273, 1272])
0	0.0	0.34413792574554125	([1118], [1118, 1117])
0	0.0	0.344275267195096	([685], [685, 684])
0	0.0	0.34430737726345106	([673], [673, 672])
0	0.0	0.34434351728695056	([714], [714, 713])
0	0.0	0.3444277911768672	([1303], [1303, 1302])
0	0.0	0.3444672057700581	([301], [301, 300])
0	0.0	0.3445169467668641	([410], [410, 409])
0	0.0	0.34453842495656867	([503], [503, 502])
0	0.0	0.3446269430056004	([532], [532, 531])
0	0.0	0.3446295969372668	([1255], [1255, 1254])
0	0.0	0.3447288631187073	([297], [297, 296])
0	0.0	0.3448025835739363	([589], [589, 588])
0	0.0	0.34488529530882184	([1084], [1084, 1083])
0	0.0	0.3450075657245841	([1445], [1445, 1444])
0	0.0	0.3451300780861553	([305], [305, 304])
0	0.0	0.3451328100871523	([547], [547, 546])
0	0.0	0.34525800944143703	([1214], [1214, 1213])
0	0.0	0.34531214891261575	([1231], [1231, 1230])
0	0.0	0.3453157976399866	([1158], [1158, 1157])
0	0.0	0.3453401574803183	([731], [731, 730])
0	0.0	0.3453566874232822	([744], [744, 743])
0	0.0	0.34536708839017555	([1090], [1090, 1089])
0	0.0	0.345431821189186	([906], [906, 905])
0	0.0	0.3454318910065142	([686], [686, 685])
0	0.0	0.34549776857359166	([1148], [1148, 1147])
0	0.0	0.3457345961402104	([374], [374, 373])
0	0.0	0.3457673286853101	([1383], [1383, 1382])
0	0.0	0.34579920828438043	([1419], [1419, 1418])
0	0.0	0.3458143320312438	([822], [822, 821])
0	0.0	0.34588817990046117	([1164], [1164, 1163])
0	0.0	0.34591692631803983	([1298], [1298, 1297])
0	0.0	0.34598146654378725	([642], [642, 641])
0	0.0	0.34607597991166045	([738], [738, 737])
0	0.0	0.3461923973818847	([887], [887, 886])
0	0.0	0.3462146126991628	([1415], [1415, 1414])
0	0.0	0.34623603837981143	([597], [597, 596])
0	0.0	0.34636903199147534	([878], [878, 877])
0	0.0	0.3464358192680897	([1561], [1561, 1560])
0	0.0	0.3464510687125443	([614], [614, 613])
0	0.0	0.3464821231552914	([1436], [1436, 1435])
0	0.0	0.34671507542388885	([898], [898, 897])
0	0.0	0.3469010891871919	([1022], [1022, 1021])
0	0.0	0.3469078131889554	([886], [886, 885])
0	0.0	0.3469852624505929	([427], [427, 426])
0	0.0	0.3470852602356759	([395], [395, 394])
0	0.0	0.34709846669974986	([1483], [1483, 1482])
0	0.0	0.34716722170110825	([1110], [1110, 1109])
0	0.0	0.3472286611865022	([1307], [1307, 1306])
0	0.0	0.34726377878404985	([1149], [1149, 1148])
0	0.0	0.34754094964988913	([881], [881, 880])
0	0.0	0.3475979830354542	([902], [902, 901])
0	0.0	0.3476551394363486	([1152], [1152, 1151])
0	0.0	0.347759389687142	([604], [604, 603])
0	0.0	0.34794958690568334	([405], [405, 404])
0	0.0	0.3479786800610128	([748], [748, 747])
0	0.0	0.34807932370231387	([397], [397, 396])
0	0.0	0.348320670865149	([695], [695, 694])
0	0.0	0.3485129142286706	([544], [544, 543])
0	0.0	0.3486076219527361	([1122], [1122, 1121])
0	0.0	0.34864400243693094	([401], [401, 400])
0	0.0	0.34865723485970673	([767], [767, 766])
0	0.0	0.3487791898369413	([1442], [1442, 1441])
0	0.0	0.34885511393454083	([1227], [1227, 1226])
0	0.0	0.3488819269963955	([1247], [1247, 1246])
0	0.0	0.3489624282181513	([1318], [1318, 1317])
0	0.0	0.3492471545006736	([958], [958, 957])
0	0.0	0.34928455656743773	([1351], [1351, 1350])
0	0.0	0.3493025716155358	([1349], [1349, 1348])
0	0.0	0.3495990121566805	([1091], [1091, 1090])
1	0.34059317343769446	0.34961814606203334	([1409, 1401], [1409, 1408, 1407])
0	0.0	0.3496846488935795	([267], [267, 266])
0	0.0	0.34971063357206933	([793], [793, 792])
0	0.0	0.34984721547180286	([149], [149, 148])
0	0.0	0.34993152349694134	([581], [581, 580])
0	0.0	0.35011435226760745	([587], [587, 586])
0	0.0	0.3501366550569804	([588], [588, 587])
0	0.0	0.3502198288756298	([1313], [1313, 1312])
0	0.0	0.3502732078960426	([396], [396, 395])
0	0.0	0.3503334834568072	([1115], [1115, 1114])
0	0.0	0.3503985151979863	([1086], [1086, 1085])
0	0.0	0.3504570343484867	([324], [324, 323])
0	0.0	0.3505143747886389	([704], [704, 703])
0	0.0	0.3506589751542722	([839], [839, 838])
0	0.0	0.35071656898211545	([1121], [1121, 1120])
0	0.0	0.3508497963349323	([286], [286, 285])
0	0.0	0.35085912340131026	([1373], [1373, 1372])
0	0.0	0.3511361159952941	([1177], [1177, 1176])
0	0.0	0.35142634115057747	([1206], [1206, 1205])
0	0.0	0.35149285206357406	([897], [897, 896])
0	0.0	0.3515263589898943	([1139], [1139, 1138])
0	0.0	0.3515413499257095	([879], [879, 878])
0	0.0	0.35156511177775	([1137], [1137, 1136])
0	0.0	0.3516100682273155	([1283], [1283, 1282])
0	0.0	0.3517148976098252	([909], [909, 908])
0	0.0	0.3517235217731757	([1117], [1117, 1116])
0	0.0	0.3517893234288629	([799], [799, 798])
0	0.0	0.35178935415456636	([737], [737, 736])
0	0.0	0.35187077042792236	([1314], [1314, 1313])
0	0.0	0.35194086274120834	([258], [258, 257])
0	0.0	0.35218154425126913	([543], [543, 542])
0	0.0	0.352198996317956	([127], [127, 126])
0	0.0	0.35231349231798514	([600], [600, 599])
0	0.0	0.35233840918571346	([1487], [1487, 1486])
0	0.0	0.3523474443401657	([1103], [1103, 1102])
0	0.0	0.35238139141087094	([968], [968, 967])
0	0.0	0.35248071067920755	([675], [675, 674])
0	0.0	0.35257838941482417	([130], [130, 129])
0	0.0	0.3526344085491901	([795], [795, 794])
0	0.0	0.35264687282059876	([1340], [1340, 1339])
0	0.0	0.3527370821577234	([1563], [1563, 1562])
0	0.0	0.35287793121631755	([1554], [1554, 1553])
0	0.0	0.35294246596529943	([618], [618, 617])
0	0.0	0.35302167933530954	([1024], [1024, 1023])
0	0.0	0.3530589027558076	([1448], [1448, 1447])
0	0.0	0.35329624156858547	([1438], [1438, 1437])
0	0.0	0.35354880934173527	([729], [729, 728])
0	0.0	0.3535562900951064	([126], [126, 125])
0	0.0	0.35366532270913137	([669], [669, 668])
0	0.0	0.353732876030472	([1315], [1315, 1314])
1	0.3439333187825082	0.3538527270458122	([998, 995], [998, 997, 995])
0	0.0	0.35401100850760986	([1468], [1468, 1467])
0	0.0	0.3543128878018351	([534], [534, 533])
0	0.0	0.3543556655074699	([756], [756, 755])
0	0.0	0.3543715655200421	([1312], [1312, 1311])
0	0.0	0.3543754110904347	([599], [599, 598])
0	0.0	0.35451317888428413	([1136], [1136, 1135])
0	0.0	0.3546384760147309	([1417], [1417, 1416])
0	0.0	0.3548032629099448	([911], [911, 910])
0	0.0	0.3549419588132611	([590], [590, 589])
0	0.0	0.35501857557073163	([115], [115, 114])
0	0.0	0.3551316009572777	([239], [239, 238])
1	0.35348269592199816	0.3551676270186001	([1494, 1491], [1494, 1493, 1491])
0	0.0	0.3552732040224836	([1286], [1286, 1285])
0	0.0	0.35538023145583114	([893], [893, 892])
0	0.0	0.3555831126840487	([682], [682, 681])
0	0.0	0.35587070362776047	([689], [689, 688])
0	0.0	0.35600929605104437	([509], [509, 508])
0	0.0	0.35618344652640893	([805], [805, 804])
0	0.0	0.3562826764764565	([1377], [1377, 1376])
0	0.0	0.3563793399881692	([965], [965, 964])
0	0.0	0.3564221848173396	([367], [367, 366])
0	0.0	0.356711273534854	([535], [535, 534])
0	0.0	0.3572578055129421	([896], [896, 895])
0	0.0	0.35728880938503244	([1105], [1105, 1104])
0	0.0	0.35747099520351083	([1107], [1107, 1106])
0	0.0	0.3576702514049259	([885], [885, 884])
0	0.0	0.35778171558471933	([888], [888, 887])
0	0.0	0.35791518502058617	([679], [679, 678])
0	0.0	0.3580503908903681	([889], [889, 888])
0	0.0	0.358106918856297	([1147], [1147, 1146])
0	0.0	0.35823406474081837	([957], [957, 956])
0	0.0	0.35853508194804773	([607], [607, 606])
0	0.0	0.35856555365274123	([1374], [1374, 1373])
0	0.0	0.35874986807488246	([609], [609, 608])
0	0.0	0.35912571635419344	([160], [160, 159])
0	0.0	0.3591261405870152	([668], [668, 667])
0	0.0	0.35915349868634944	([905], [905, 904])
0	0.0	0.3596278525027934	([1375], [1375, 1374])
0	0.0	0.3599761025946266	([901], [901, 900])
0	0.0	0.36002858988170355	([670], [670, 669])
0	0.0	0.360109121621451	([1364], [1364, 1363])
0	0.0	0.36036875620135866	([592], [592, 591])
0	0.0	0.360489960105738	([1293], [1293, 1292])
0	0.0	0.36066445177178624	([1205], [1205, 1204])
0	0.0	0.36113013349505546	([1140], [1140, 1139])
0	0.0	0.3612690449819778	([1112], [1112, 1111])
0	0.0	0.3618317091591803	([910], [910, 909])
0	0.0	0.3618663518837773	([653], [653, 652])
0	0.0	0.361986280497108	([745], [745, 744])
0	0.0	0.3622501973267996	([710], [710, 709])
0	0.0	0.3629371172561862	([954], [954, 953])
0	0.0	0.3629598516331718	([631], [631, 630])
0	0.0	0.36300202716232777	([1085], [1085, 1084])
0	0.0	0.3632713981263307	([798], [798, 797])
0	0.0	0.36341761215913726	([823], [823, 822])
0	0.0	0.36373580713538806	([615], [615, 614])
0	0.0	0.36432255998554797	([1459], [1459, 1457])
0	0.0	0.36448122117321763	([1070], [1070, 1069])
0	0.0	0.36545853623255126	([1074], [1074, 1073])
0	0.0	0.36572008312399895	([594], [594, 593])
0	0.0	0.366404855477046	([1548], [1548, 1547])
0	0.0	0.36649874054186576	([697], [697, 696])
0	0.0	0.3665742853448101	([620], [620, 619])
1	0.3566937473373128	0.36779945492866783	([549, 546], [549, 548, 547])
0	0.0	0.3682201193481878	([1204], [1204, 1203])
0	0.0	0.368224882309418	([890], [890, 889])
0	0.0	0.36842754164719516	([891], [891, 890])
0	0.0	0.3689413165133373	([753], [753, 752])
0	0.0	0.3697568014286695	([969], [969, 968])
0	0.0	0.369783644133102	([1458], [1458, 1457])
0	0.0	0.3700988125749407	([875], [875, 874])
0	0.0	0.3714095009382514	([1100], [1100, 1099])
1	0.3708940213151244	0.3717255091459029	([568, 558], [568, 566, 559])
0	0.0	0.3720260347764684	([959], [959, 958])
0	0.0	0.3738889567830579	([1360], [1360, 1359])
0	0.0	0.3741319533337386	([970], [970, 969])
0	0.0	0.374150213971624	([613], [613, 612])
0	0.0	0.37534656337371836	([1178], [1178, 1177])
0	0.0	0.3764097981510645	([386], [386, 385])
1	0.37283181212015304	0.37652621472675524	([1519, 1515], [1519, 1518, 1516])
0	0.0	0.37836138333011443	([1104], [1104, 1103])
0	0.0	0.38140176895282596	([1203], [1203, 1202])
1	0.3780148892143365	0.3818848525995505	([1445, 1442], [1445, 1444, 1442])
1	0.3837439268903463	0.3849669906770721	([791, 788], [791, 790, 789])
0	0.0	0.38618675663755786	([480], [480, 479])
1	0.36691146768982186	0.38658927336764976	([1417, 1414], [1417, 1416, 1415])
1	0.37049143384854466	0.38671467442304874	([1517, 1513], [1517, 1516, 1514])
1	0.35147454429793773	0.39146544003294753	([1032, 1027], [1032, 1031, 1028])
1	0.37303694854167624	0.3963842018468359	([1166, 1162], [1166, 1165, 1163])
1	0.3834454349562674	0.39870111498486127	([573, 560], [573, 568, 558])
1	0.3486351662066105	0.4000331715354777	([502, 498], [502, 501, 500])
0	0.0	0.40092272615430974	([907], [907, 906])
0	0.0	0.40426081170516964	([1176], [1176, 1174])
1	0.3994560190926053	0.4045481083758222	([1351, 1345], [1351, 1350, 1348])
1	0.38205563881430843	0.4047794131835788	([445, 442], [445, 444, 442])
0	0.0	0.40909558939102836	([692], [692, 690])
1	0.4037149089471194	0.41023696638547463	([1431, 1426], [1431, 1429, 1426])
0	0.0	0.4105377288796651	([1242], [1242, 1241])
1	0.40765286319054705	0.4107729050360333	([105, 102], [105, 104, 102])
0	0.0	0.4130417991414913	([876], [876, 875])
1	0.3764587234823495	0.4132005774870162	([323, 315], [323, 319, 318])
0	0.0	0.4140176305507525	([908], [908, 905])
0	0.0	0.41474522901471056	([1479], [1479, 1477])
1	0.37486104043734536	0.41536873943056796	([786, 778], [786, 784, 778])
1	0.40118563272600855	0.4160272998537806	([1563, 1558], [1563, 1561, 1560])
1	0.41058453269183653	0.4167539318452982	([448, 444], [448, 446, 444])
0	0.0	0.41708650163711597	([1241], [1241, 1240])
1	0.4149294500030244	0.4176563324407482	([400, 397], [400, 399, 398])
1	0.4135784221818658	0.41883380297091544	([187, 175], [187, 181, 175])
0	0.0	0.41901283374111	([1102], [1479, 1478])
1	0.4177143442697362	0.4198615967667777	([1460, 1451], [1460, 1459, 1457])
0	0.0	0.42067861037685556	([1065], [1065, 1064])
1	0.41621121905039393	0.4226654252585559	([337, 334], [337, 336, 334])
0	0.0	0.42351331289485833	([0], [692, 691])
1	0.4201531383163938	0.4261804631022752	([399, 396], [399, 398, 396])
1	0.4232702739279059	0.42879839013760246	([315, 308], [315, 312, 311])
1	0.418695374947203	0.4297862771605962	([1167, 1160], [1167, 1162, 1160])
1	0.4294871103436492	0.4308963003370589	([1500, 1492], [1500, 1494, 1492])
1	0.41238416828109625	0.431056650964677	([552, 546], [552, 551, 546])
1	0.429313885830877	0.4320613846762501	([229, 225], [229, 228, 227])
0	0.0	0.43423377433196714	([1067], [1067, 1065])
1	0.4157404939724182	0.43449537872788346	([868, 858], [868, 867, 858])
1	0.42989015398661773	0.4360739223542466	([902, 899], [902, 901, 899])
1	0.4352740118763502	0.4362204021613127	([1250, 1247], [1250, 1249, 1248])
1	0.4402307735475439	0.4441195811669448	([366, 359], [366, 363, 362])
1	0.44170971375963086	0.44748154218096425	([1169, 1161], [1169, 1168, 1161])
0	0.0	0.44765732385256274	([1101], [1101, 1066])
1	0.4331070503387966	0.44803397457135263	([1238, 1231], [1238, 1237, 1236])
1	0.44106060551758225	0.44818980447112206	([1335, 1325], [1335, 1329, 1325])
1	0.4363289018079242	0.4487600934423185	([47, 43], [47, 45, 43])
1	0.42361033386454217	0.4489103773950801	([663, 653], [663, 659, 654])
1	0.4481741477312279	0.44930398793316123	([33, 21], [33, 31, 30])
0	0.0	0.4502086517004394	([1175], [1175, 1101])
1	0.42424262969569765	0.4520528592390775	([1505, 1495], [1504, 1501, 1496])
1	0.4494255123303728	0.4521360366757781	([1193, 1187], [1193, 1190, 1187])
1	0.42968590621301384	0.4536262583595968	([1273, 1268], [1273, 1272, 1268])
0	0.0	0.4537989439043465	([1478], [1176, 1175])
1	0.45156898663044986	0.45506619554734706	([829, 823], [829, 827, 825])
1	0.44148376888094537	0.4568759979700653	([74, 58], [74, 71, 59])
1	0.44704165036369214	0.458775788680719	([547, 543], [547, 545, 544])
1	0.4373287101925815	0.4589243501321612	([908, 907], [908, 907, 906])
1	0.44997616729475887	0.4589243501321612	([909, 906], [909, 908, 906])
1	0.45898886416551526	0.45982103055497114	([444, 438], [444, 441, 438])
1	0.42954962230175253	0.459976164759265	([1412, 1395], [1412, 1409, 1395])
1	0.4596580148398589	0.46033785056351295	([1358, 1349], [1358, 1352, 1349])
1	0.44001084972984467	0.4607831802103613	([1408, 1394], [1412, 1408, 1394])
1	0.44770144887324087	0.4612115780185478	([414, 408], [414, 412, 408])
1	0.45359568053335986	0.46243418637803396	([462, 454], [462, 459, 458])
1	0.4529181547272777	0.46466212760387193	([32, 18], [32, 27, 18])
1	0.44165512930496825	0.4649157774680047	([466, 457], [466, 462, 461])
1	0.46483021885068004	0.46491627940073077	([200, 178], [200, 195, 175])
1	0.4588673934024872	0.4660281227105897	([233, 226], [233, 230, 227])
1	0.46470351711533914	0.46614432870184097	([1531, 1515], [1531, 1527, 1524])
1	0.45259070734608575	0.46640895927770115	([256, 243], [250, 247, 244])
1	0.45844404605473243	0.46679547029921586	([1313, 1304], [1313, 1312, 1304])
1	0.46237014359982564	0.46765155132078634	([129, 123], [129, 127, 123])
1	0.4651473648653437	0.46789524594403076	([694, 687], [694, 692, 689])
1	0.46200183700159686	0.4681778289472802	([709, 704], [709, 707, 706])
1	0.46102763530693913	0.4701523281042408	([105, 97], [104, 101, 99])
1	0.4618849566735454	0.4702504106678679	([1536, 1524], [1536, 1532, 1524])
1	0.469425852685818	0.4705258615521451	([197, 174], [197, 193, 192])
1	0.46898559992184274	0.47077534651832453	([34, 16], [34, 32, 18])
1	0.46267689375699006	0.47123331930338247	([1533, 1522], [1533, 1531, 1525])
1	0.4282804481719797	0.47275511907800305	([372, 358], [372, 368, 359])
1	0.44098755373373005	0.47281787902891803	([905, 900], [905, 904, 902])
1	0.46751390401760273	0.4730574126657302	([1527, 1513], [1527, 1526, 1513])
1	0.472337264915431	0.473073698894691	([251, 240], [251, 250, 243])
1	0.47185516589118576	0.4731265969925882	([338, 327], [338, 334, 327])
1	0.4648989443209927	0.4734997217147986	([94, 87], [94, 90, 87])
1	0.45700162447879744	0.4742925738143265	([640, 632], [640, 636, 632])
1	0.45378560412346847	0.47564123211492426	([371, 360], [371, 368, 359])
1	0.4691856144749983	0.47724813833953034	([617, 612], [617, 615, 612])
1	0.4766995916539667	0.47802319492358497	([21, 14], [21, 18, 14])
1	0.4758858151674576	0.47879684218303953	([576, 556], [576, 565, 563])
1	0.47392792949760193	0.4795229298537961	([299, 290], [299, 297, 290])
1	0.47895290489624015	0.48022313692433366	([1269, 1261], [1269, 1267, 1261])
1	0.4619310212030499	0.48230489671930776	([907, 898], [907, 905, 900])
1	0.480164395364661	0.48366121871263745	([1333, 1319], [1335, 1333, 1319])
0	0.0	0.4837081571506573	([953], [1101, 691])
1	0.4753430095393084	0.4839239224507583	([1317, 1305], [1317, 1315, 1308])
1	0.482248639226324	0.4839631256437408	([400, 394], [400, 399, 394])
1	0.48318601479865647	0.4840734335195839	([49, 41], [49, 46, 41])
1	0.4732434449863795	0.4844417848094459	([35, 15], [35, 31, 15])
1	0.46280443930084664	0.48526058312218345	([1283, 1271], [1283, 1281, 1272])
1	0.4803027275903474	0.48564246500982416	([254, 242], [254, 250, 242])
1	0.4755392861740159	0.4857343004967635	([1105, 1098], [1106, 1105, 1100])
1	0.4764774920586441	0.4861633099272395	([461, 448], [461, 455, 448])
1	0.4776345848144544	0.48635721424527695	([870, 846], [871, 865, 847])
1	0.48442161057971667	0.48760470390264665	([529, 523], [529, 527, 523])
1	0.482634846400503	0.4887211087057873	([1087, 1077], [1087, 1082, 1081])
1	0.4877097683036292	0.48951156929820994	([420, 407], [420, 416, 407])
1	0.4719494054740288	0.48962069139128855	([1465, 1448], [1465, 1464, 1448])
1	0.48686522847577424	0.4896221362768827	([1422, 1417], [1422, 1420, 1417])
1	0.48137778104530204	0.4896300734310138	([1318, 1313], [1318, 1317, 1316])
1	0.48960237468989637	0.49019998463147657	([1258, 1250], [1258, 1256, 1250])
1	0.489402243384419	0.49030827771726904	([612, 605], [612, 610, 605])
1	0.48788567264885924	0.4903753282507405	([1274, 1266], [1274, 1273, 1267])
1	0.47337989977387834	0.4910628230973198	([1467, 1447], [1467, 1464, 1447])
1	0.4819845112625177	0.492284536599807	([629, 619], [629, 626, 620])
1	0.49161306419414724	0.49293095675195364	([1156, 1147], [1156, 1153, 1147])
1	0.4810086405468785	0.4930518661483406	([1540, 1527], [1540, 1534, 1527])
1	0.49264060751962097	0.4934169483964225	([516, 506], [516, 511, 510])
1	0.48124000874608547	0.4940416546513381	([194, 172], [194, 175, 174])
1	0.49442801350246846	0.49472329342861093	([1093, 1082], [1093, 1089, 1085])
1	0.4915252493632803	0.4949695431145768	([839, 825], [839, 838, 828])
1	0.49170482529756304	0.49522099652030727	([293, 277], [293, 292, 279])
1	0.4696920029903996	0.4956366108946711	([686, 678], [686, 684, 678])
1	0.4812814061319515	0.4971458824295297	([967, 957], [967, 965, 957])
1	0.48948231688622423	0.49723705102381904	([450, 434], [450, 444, 434])
1	0.476607883403152	0.4973035696834749	([1466, 1445], [1463, 1458, 1448])
1	0.4961555066694335	0.4975114395502874	([1176, 1169], [1176, 1174, 1169])
1	0.4949573689456862	0.4995827557894192	([153, 145], [153, 150, 145])
1	0.4981542098431709	0.500448620411662	([1259, 1247], [1259, 1258, 1247])
1	0.4793947813965703	0.5010600349764758	([1100, 1093], [1100, 1098, 1095])
1	0.49269947735318603	0.5011860759488086	([747, 733], [747, 746, 733])
1	0.4927223289694018	0.5012350219190049	([424, 415], [424, 420, 419])
1	0.4906185820128474	0.5014095426248261	([230, 219], [230, 225, 223])
1	0.4942871051564947	0.5014209736318431	([595, 590], [595, 594, 589])
1	0.48734807824914406	0.5016481254922376	([36, 12], [36, 31, 15])
1	0.4989226201761856	0.5017110694595157	([318, 304], [312, 308, 304])
1	0.49038217490558844	0.5025166322916912	([1565, 1547], [1564, 1560, 1548])
1	0.4902813883850162	0.5026317958795703	([1223, 1213], [1223, 1222, 1215])
1	0.49685649442404467	0.5028581761015766	([14, 0], [14, 9, 6])
1	0.4991825324370654	0.5030877680838122	([891, 884], [891, 889, 886])
1	0.5020629809181754	0.5042476834533971	([411, 398], [411, 404, 403])
1	0.5022697465090696	0.5043441873117805	([540, 531], [540, 538, 531])
1	0.5013874561969867	0.5046124456671204	([1541, 1531], [1541, 1531, 1513])
1	0.4990898089554155	0.5050024583118787	([232, 221], [232, 227, 221])
1	0.4870254476862988	0.5051210524536165	([412, 401], [412, 405, 401])
1	0.5051740059482261	0.5055218038349734	([338, 309], [338, 327, 309])
1	0.5021079665434323	0.505553575787749	([309, 293], [309, 307, 296])
1	0.49640135659291923	0.5058086092719405	([1549, 1537], [1549, 1548, 1540])
1	0.5041671164103301	0.5061476118435883	([1374, 1362], [1374, 1370, 1362])
1	0.49714013405343227	0.5067791375990915	([988, 971], [988, 981, 976])
1	0.4790945203192907	0.5068972434380415	([890, 882], [891, 890, 884])
1	0.4896265966012672	0.5071820302346021	([264, 258], [267, 264, 258])
1	0.49566025089327576	0.5080761726902843	([479, 455], [479, 466, 461])
1	0.5081169217134511	0.5081922232534632	([617, 604], [617, 612, 611])
1	0.5020699334983725	0.5081995345081857	([915, 907], [915, 910, 907])
1	0.4864318390791961	0.5088785758734663	([1174, 1154], [1174, 1172, 1154])
1	0.4960087706018099	0.5090136698082692	([788, 768], [788, 786, 768])
1	0.4799271287345483	0.5097064337434773	([1096, 1084], [1096, 1093, 1088])
1	0.5075444371836886	0.5103093988022204	([47, 35], [47, 42, 39])
1	0.4973164361130405	0.5104719900161752	([40, 9], [40, 32, 16])
1	0.5045878660595103	0.5106590052883028	([1099, 1089], [1100, 1099, 1089])
1	0.47783637935507606	0.5107135878839044	([42, 11], [42, 40, 16])
1	0.49925633203999914	0.5107795680609183	([693, 682], [693, 686, 682])
1	0.5076132731650606	0.5110112417888826	([640, 628], [640, 632, 631])
1	0.5101852495721076	0.5110764434427791	([1264, 1246], [1264, 1259, 1247])
1	0.49797919073169045	0.5113961128878709	([125, 110], [125, 124, 110])
1	0.5013036932168176	0.5114165569238072	([1149, 1140], [1149, 1145, 1144])
1	0.5098814061017196	0.5114835342522938	([453, 427], [453, 445, 427])
1	0.5013000425111673	0.5118941884381822	([1479, 1467], [1479, 1475, 1471])
1	0.49395245004285265	0.5123872551310861	([222, 204], [222, 216, 215])
1	0.5009302135670537	0.5128869580864465	([1043, 1023], [1043, 1036, 1023])
1	0.5125594344530016	0.513409451712765	([840, 827], [840, 839, 827])
1	0.5057980249660247	0.5138109778670085	([755, 733], [755, 752, 733])
1	0.5132391800083979	0.5139799493317241	([689, 676], [689, 683, 682])
1	0.48495062802445815	0.5143284439291944	([1345, 1333], [1345, 1343, 1335])
1	0.44135043795377954	0.516195356640727	([1541, 1512], [1541, 1540, 1513])
1	0.4853594974258395	0.5162410794809924	([1344, 1325], [1348, 1333, 1328])
1	0.4654114716372494	0.5167289126703206	([592, 580], [592, 591, 580])
1	0.44881777583999394	0.5167404069542857	([787, 766], [787, 773, 768])
1	0.5008859264205634	0.5169175634246288	([425, 411], [425, 419, 416])
1	0.4966126428070988	0.5172268165349135	([1345, 1321], [1345, 1333, 1321])
1	0.4943415559676622	0.5177201284247129	([1471, 1444], [1471, 1467, 1444])
1	0.5102779307954448	0.518715573362056	([844, 832], [844, 840, 838])
1	0.46303180834776225	0.5189726206558578	([328, 309], [326, 325, 309])
1	0.5146825140344512	0.5194138856213232	([1400, 1388], [1400, 1398, 1388])
1	0.43605266231395606	0.5198376511143835	([757, 728], [755, 733, 730])
1	0.5191222922566484	0.5206162763560085	([1270, 1258], [1270, 1264, 1258])
1	0.4996972906357501	0.5206725386867697	([126, 107], [126, 124, 110])
1	0.5125103821871975	0.5208956581346905	([1162, 1152], [1162, 1159, 1152])
1	0.5190608649579312	0.5211597241952696	([921, 857], [925, 921, 856])
1	0.5175304445941193	0.521237259834406	([446, 423], [446, 437, 423])
1	0.5136766738653794	0.5215090958291775	([376, 343], [376, 375, 343])
1	0.5187963707819351	0.5216019030041875	([1157, 1140], [1157, 1150, 1149])
1	0.5205604307047443	0.5219855087297988	([127, 109], [127, 125, 109])
1	0.5123079849464645	0.52214082174322	([537, 529], [537, 535, 529])
1	0.4928744466472441	0.5222898040602342	([550, 542], [548, 544, 542])
1	0.5101400333148665	0.5223659184693672	([697, 684], [697, 695, 684])
1	0.4944097014785122	0.5225774819172735	([1225, 1214], [1225, 1221, 1220])
1	0.5076092399184283	0.5241208135497365	([1262, 1245], [1264, 1262, 1246])
1	0.5003645259787475	0.5244566167852364	([1469, 1441], [1470, 1464, 1446])
1	0.4806680630759536	0.5248327290853572	([798, 791], [798, 796, 792])
1	0.5039775560760977	0.5252108301243187	([702, 690], [702, 700, 690])
1	0.47065207927573455	0.5252333921369207	([1318, 1299], [1318, 1312, 1299])
1	0.5239252562008696	0.5255135617645993	([1540, 1509], [1540, 1513, 1509])
1	0.5220479937637817	0.5258888733734567	([676, 669], [676, 673, 669])
1	0.52224422218423	0.5270730921161928	([1475, 1443], [1475, 1470, 1443])
1	0.5232804479539077	0.5272855261884312	([1249, 1238], [1249, 1247, 1238])
1	0.5117354262270017	0.5274210298179549	([246, 236], [246, 239, 238])
1	0.49538855893175476	0.5274963204315309	([130, 115], [131, 129, 122])
1	0.5246770469696885	0.5275918311106443	([225, 206], [225, 221, 207])
1	0.5085916896063513	0.5277584115132371	([285, 267], [285, 281, 272])
1	0.5105744524293186	0.5280748537047054	([708, 692], [708, 703, 692])
1	0.487625235225261	0.5280878755178107	([780, 767], [780, 772, 767])
1	0.504557177698916	0.5287768772076573	([515, 502], [515, 511, 506])
1	0.49265423671715125	0.529475042532299	([76, 54], [75, 74, 55])
1	0.5223241470912031	0.5296854098233486	([147, 132], [147, 141, 140])
1	0.5112920634842268	0.5305203723027415	([920, 859], [920, 919, 856])
1	0.5215744688929022	0.5307211983040392	([1508, 1483], [1508, 1502, 1486])
1	0.5264534646335493	0.5313514139346283	([1177, 1165], [1177, 1171, 1166])
1	0.5264465967358407	0.5313660898130207	([228, 209], [228, 224, 209])
1	0.5213412825112	0.5316729668799147	([82, 52], [82, 77, 52])
1	0.5095815719770601	0.5322252131742288	([434, 412], [436, 423, 418])
1	0.5323047480930346	0.5327955757094843	([697, 670], [697, 693, 674])
1	0.5102772308071718	0.5335130161545679	([908, 895], [908, 901, 899])
1	0.519170405119438	0.533748108297268	([407, 394], [407, 398, 397])
1	0.5295675821810814	0.5343927572800852	([703, 687], [703, 695, 692])
1	0.5221133779186808	0.5353455021827758	([1383, 1366], [1383, 1379, 1378])
1	0.48265442331101105	0.53555882305356	([77, 53], [77, 75, 54])
1	0.5276197084059387	0.5370140466959524	([41, 0], [41, 39, 0])
1	0.5360120079725924	0.5376420441331506	([1170, 1146], [1170, 1159, 1146])
1	0.533644292388117	0.5382588642734587	([1265, 1244], [1265, 1262, 1244])
1	0.5354399816422569	0.5385587524075731	([376, 333], [376, 343, 338])
1	0.5154130453788455	0.5387770498851794	([918, 868], [920, 918, 868])
1	0.5382381177296146	0.5388349918371581	([607, 592], [607, 606, 593])
1	0.47883880531430134	0.5390522868444181	([1546, 1488], [1546, 1541, 1512])
1	0.525778587259803	0.5391675243945253	([636, 618], [636, 630, 618])
1	0.511637951796697	0.5397337497167704	([1550, 1535], [1550, 1549, 1536])
1	0.5096310443626707	0.5398680253908856	([1307, 1291], [1305, 1296, 1292])
1	0.5220308023357121	0.53991409943624	([969, 959], [969, 966, 963])
1	0.5399031645203857	0.5400144346968813	([1167, 1145], [1167, 1155, 1152])
1	0.5382454322544359	0.5400784463818621	([1109, 1087], [1109, 1093, 1087])
1	0.47157176434337983	0.5405016318194359	([292, 280], [292, 291, 280])
1	0.5136792178536591	0.5406467206086868	([188, 169], [188, 174, 169])
1	0.5104288129804712	0.5420747552096903	([1020, 994], [1020, 1019, 994])
1	0.532725788887515	0.5426718946166456	([47, 21], [47, 40, 21])
1	0.5094722762215022	0.5428136652519117	([647, 634], [647, 645, 634])
1	0.5281121259285849	0.5432423617931998	([917, 853], [918, 917, 849])
1	0.5299181009485912	0.5434533742499812	([1176, 1151], [1176, 1167, 1160])
1	0.5327890738214877	0.543784078700816	([1558, 1538], [1558, 1556, 1538])
1	0.5155969758178917	0.5438924236863146	([1267, 1242], [1267, 1259, 1242])
1	0.5397333800388008	0.5439350664087086	([754, 732], [754, 752, 729])
1	0.5398507243774526	0.5440726139037061	([643, 627], [643, 638, 637])
1	0.5286645392131545	0.5444785784670485	([1351, 1297], [1351, 1321, 1318])
1	0.5384503721865123	0.5444802200308901	([1559, 1523], [1559, 1554, 1537])
1	0.4984948599850979	0.5445679103180691	([126, 84], [126, 107, 84])
1	0.5422246227889461	0.5447466039903258	([81, 50], [81, 75, 54])
1	0.5317404809076803	0.5447947268651273	([134, 111], [134, 124, 111])
1	0.5296562299221504	0.5453672312880604	([1138, 1119], [1138, 1137, 1119])
1	0.528295148787736	0.5456782681431847	([1548, 1530], [1548, 1538, 1524])
1	0.5404799224282452	0.545678528855683	([96, 47], [87, 79, 77])
1	0.5338011604717755	0.5461819013957759	([1295, 1283], [1295, 1291, 1290])
1	0.5198818867599162	0.5462779320800478	([1025, 1016], [1027, 1022, 1018])
1	0.48346410438214715	0.5463389570017707	([375, 338], [376, 374, 342])
1	0.517119665327183	0.5468652277243506	([581, 553], [581, 577, 569])
1	0.5395478483838688	0.5470298452539393	([841, 824], [841, 838, 833])
1	0.5353875451736952	0.5472360805803388	([1200, 1164], [1200, 1179, 1164])
1	0.5319349325398538	0.5475312290631171	([939, 913], [939, 935, 913])
1	0.530360651289913	0.5479222093143673	([931, 847], [931, 918, 847])
1	0.5387611402679443	0.5481240163907461	([1541, 1489], [1546, 1541, 1489])
1	0.5039825892472873	0.548172294275939	([1551, 1519], [1551, 1549, 1535])
1	0.5459104833640821	0.5486630135624662	([441, 416], [441, 432, 416])
1	0.5301505965568233	0.5487857580977366	([302, 286], [302, 297, 286])
1	0.5342215324505654	0.5492795206927621	([1097, 1078], [1097, 1087, 1085])
1	0.46858684780795073	0.550472935145057	([627, 607], [628, 627, 608])
1	0.5452962629028326	0.5506777699726165	([85, 16], [85, 81, 50])
1	0.5501882912501658	0.550909463385105	([895, 877], [895, 887, 877])
1	0.5315808995265542	0.5509308500308715	([1545, 1507], [1545, 1541, 1508])
1	0.47820028896881867	0.5514507950642739	([307, 296], [308, 306, 295])
1	0.5482829270105201	0.5523252811746487	([233, 200], [233, 218, 199])
1	0.5475351069260055	0.5524942971623794	([1382, 1362], [1382, 1368, 1360])
1	0.5470612100110824	0.5531128805848059	([1415, 1386], [1399, 1393, 1388])
1	0.5479884063540401	0.553192403158118	([90, 34], [90, 84, 49])
1	0.5410763994542688	0.55368159539136	([696, 673], [696, 685, 683])
1	0.5106215903963656	0.5539983490584239	([1242, 1234], [1243, 1240, 1232])
1	0.5531856941227069	0.554044726125163	([1123, 1103], [1123, 1120, 1103])
1	0.5508839697864819	0.5548854953638018	([944, 916], [944, 936, 935])
1	0.5195563648101587	0.5550382860807042	([1254, 1223], [1254, 1249, 1238])
1	0.5228684999678171	0.5550383904032277	([87, 47], [87, 77, 52])
1	0.5484593969982507	0.5550383904032277	([105, 52], [105, 87, 52])
1	0.5527021115155383	0.5558319954525321	([136, 101], [136, 125, 101])
1	0.5372259031160275	0.5561256937223231	([1481, 1460], [1481, 1460, 1444])
1	0.5498548597370579	0.5562663017540057	([386, 372], [386, 379, 372])
1	0.5350044200685914	0.5562805682154868	([605, 594], [605, 602, 594])
1	0.5426913401622827	0.5563428403197568	([916, 872], [917, 916, 868])
1	0.5487988144250705	0.556834403758975	([1064, 1046], [1064, 1059, 1046])
1	0.5563214550334736	0.5573979883610622	([152, 134], [152, 144, 143])
1	0.5388740011543512	0.5574773940191879	([88, 51], [88, 78, 51])
1	0.5450820676893674	0.5578570088750688	([837, 816], [837, 829, 816])
1	0.5329423137265958	0.5579456802275832	([637, 627], [643, 640, 628])
1	0.5532023989500418	0.5581807535647553	([716, 698], [716, 710, 698])
1	0.5417074196716077	0.5584603295947597	([1229, 1206], [1229, 1218, 1206])
1	0.5497980417214625	0.5588233480015414	([108, 39], [108, 99, 39])
1	0.5527176882598105	0.5588939583726497	([706, 673], [706, 687, 677])
1	0.5541713974732086	0.5594506993902371	([100, 14], [100, 95, 37])
1	0.5381742811613504	0.559575781463078	([1333, 1293], [1333, 1318, 1293])
1	0.5597974929713484	0.5598257082138339	([1480, 1456], [1480, 1471, 1465])
1	0.5250394914385319	0.5602122985510579	([430, 402], [430, 419, 412])
1	0.5517247461206234	0.5602503760107552	([716, 681], [716, 698, 681])
1	0.5572656037248561	0.5611259859707401	([536, 520], [536, 530, 520])
1	0.555625310002685	0.5611924631944127	([844, 812], [844, 829, 819])
1	0.551940096341326	0.5614623180801069	([1255, 1224], [1255, 1224, 1215])
1	0.5458192196870215	0.5618868397069963	([92, 40], [92, 79, 76])
1	0.5523485263909851	0.5621456245795785	([1000, 981], [1000, 995, 981])
1	0.5620758981937215	0.5623443262155435	([698, 669], [698, 674, 670])
1	0.5462468093406656	0.5624286329213541	([995, 985], [1000, 996, 986])
1	0.559200787172173	0.5628361176463357	([1479, 1438], [1479, 1466, 1441])
1	0.5510523033413263	0.5631838065712955	([1021, 993], [1021, 1020, 993])
1	0.5608038561285119	0.5634057087813583	([942, 908], [942, 915, 910])
1	0.5591633495832511	0.5635042728374167	([1553, 1527], [1558, 1553, 1523])
1	0.5466077118790159	0.5640375411575894	([1338, 1314], [1338, 1329, 1314])
1	0.5639447910663269	0.5644118779381383	([1484, 1437], [1484, 1477, 1437])
1	0.5594034523754751	0.5644757289780804	([148, 100], [143, 128, 106])
1	0.5165280398812142	0.5646060003592795	([732, 715], [732, 730, 717])
1	0.5643422065353885	0.5647813671110757	([145, 103], [133, 126, 103])
1	0.5573771814035104	0.5649091293880305	([915, 869], [916, 915, 869])
1	0.5607313831492821	0.5652961014654359	([959, 951], [959, 956, 954])
1	0.5632911609560942	0.5654639541358373	([133, 78], [133, 103, 78])
1	0.5473561237316527	0.5654921428482143	([1558, 1470], [1559, 1558, 1467])
1	0.5640025174668227	0.5655265973293729	([915, 844], [915, 869, 844])
1	0.5641384517102906	0.5656610696994331	([1046, 1018], [1046, 1044, 1018])
1	0.5633704962083274	0.5658613223734255	([1340, 1316], [1340, 1328, 1316])
1	0.5546865151824899	0.5660120789097434	([638, 622], [638, 629, 621])
1	0.5374500008072287	0.5663159065533598	([1251, 1225], [1251, 1240, 1230])
1	0.5525420247123767	0.5663735184468396	([445, 411], [445, 429, 427])
1	0.5631737417862334	0.5664942386902854	([51, 0], [51, 37, 16])
1	0.5473604401529205	0.5665836231750314	([1419, 1384], [1419, 1398, 1385])
1	0.565976620599606	0.5665836231750314	([1421, 1385], [1421, 1419, 1385])
1	0.5564884116945727	0.56676729848727	([111, 49], [111, 100, 49])
1	0.5623384376319649	0.5668532349867508	([92, 5], [95, 92, 5])
1	0.5631127228882069	0.5669606213297069	([1215, 1151], [1215, 1206, 1146])
1	0.5656384599743854	0.5670978873027337	([1111, 1079], [1111, 1097, 1079])
1	0.5657972491517168	0.5674543803576072	([1349, 1303], [1349, 1338, 1303])
1	0.5666883065808777	0.567695929658633	([1022, 971], [1022, 992, 971])
1	0.5591072184260365	0.5677039067271483	([736, 707], [735, 728, 718])
1	0.5298880600308994	0.5680314707535429	([284, 263], [284, 271, 269])
1	0.5653487370799468	0.5686152133971614	([1523, 1476], [1549, 1521, 1476])
1	0.5685888503517847	0.5688741539412973	([104, 16], [104, 91, 42])
1	0.5588043565355749	0.5688741539412973	([91, 42], [104, 99, 42])
1	0.5627777141728444	0.568983733277638	([583, 549], [583, 578, 549])
1	0.5589091855062398	0.5690599259910364	([156, 126], [155, 147, 132])
1	0.5261970597782921	0.5690948759365151	([97, 39], [97, 92, 39])
1	0.5531362514950515	0.5691061333528791	([80, 0], [91, 80, 0])
1	0.5527240537893281	0.5693011031852456	([359, 331], [359, 340, 336])
1	0.563510366406947	0.5693787588863376	([262, 228], [262, 237, 232])
1	0.56607572389234	0.5693787588863376	([263, 232], [263, 262, 232])
1	0.5509421634965742	0.5694252513446325	([95, 37], [100, 49, 37])
1	0.5449638322235831	0.5694546332604609	([87, 6], [87, 40, 13])
1	0.5624744143312735	0.5695325698281175	([1022, 992], [1022, 1018, 994])
1	0.547252313812172	0.5695556786156584	([653, 642], [653, 650, 644])
1	0.5507660214316082	0.5698734986694702	([740, 714], [740, 733, 714])
1	0.563648427216737	0.5701960356603543	([101, 36], [101, 36, 9])
1	0.5649234275223957	0.5703586052529953	([543, 523], [543, 542, 523])
1	0.5699165897040663	0.5708182910967399	([736, 694], [743, 736, 693])
1	0.56209255708923	0.5712996494369234	([259, 234], [259, 239, 234])
1	0.5590558654124749	0.571346793505799	([216, 156], [216, 174, 157])
1	0.5608373073546241	0.5714225020504581	([387, 367], [387, 380, 371])
1	0.5563772826832416	0.5715603335102584	([1249, 1219], [1249, 1230, 1219])
1	0.5685920153674632	0.571777126069536	([1269, 1241], [1269, 1259, 1241])
1	0.5525263733803382	0.5720251962486603	([1458, 1436], [1458, 1448, 1436])
1	0.5591467338808573	0.5720284574173263	([1206, 1146], [1215, 1211, 1148])
1	0.5638889237114608	0.5723001532605482	([209, 141], [209, 153, 149])
1	0.5352561060098893	0.5723329359368226	([286, 262], [286, 272, 268])
1	0.5617282363828875	0.5728356568218834	([94, 11], [97, 94, 15])
1	0.5467272824364313	0.5729475119317909	([740, 688], [740, 711, 700])
1	0.563898175783506	0.5730090823082885	([599, 584], [599, 595, 594])
1	0.5706911967639532	0.5730419663797306	([745, 718], [752, 745, 718])
1	0.5365095223811707	0.5730449619597394	([102, 38], [102, 95, 38])
1	0.5433675163235469	0.5731849777682221	([1253, 1213], [1255, 1238, 1224])
1	0.556859020367869	0.5732238761014535	([1437, 1384], [1437, 1421, 1419])
1	0.5610339158509392	0.5735339016408942	([1415, 1378], [1415, 1386, 1382])
1	0.5500778073416669	0.573602560965538	([95, 10], [95, 39, 37])
1	0.5615106615898771	0.5736722027237228	([290, 258], [290, 271, 268])
1	0.5567473333822585	0.5738059770846666	([1438, 1374], [1442, 1438, 1379])
1	0.5725831821781923	0.5738681314064367	([1539, 1448], [1539, 1484, 1448])
1	0.514370664768731	0.5741391684422951	([912, 903], [911, 910, 903])
1	0.5739278713612584	0.5744336600538198	([1548, 1486], [1548, 1510, 1484])
1	0.5669554131330214	0.5744336600538198	([1539, 1484], [1548, 1539, 1484])
1	0.5744757271910051	0.5745021214588266	([103, 50], [103, 89, 76])
1	0.5458416574924391	0.5746487827203374	([875, 824], [875, 844, 843])
1	0.5639938137408147	0.5747185068839904	([610, 591], [610, 601, 591])
1	0.5549764096026519	0.5747942839776837	([1205, 1161], [1206, 1205, 1161])
1	0.5663665355686796	0.5750824800020512	([1144, 1114], [1144, 1142, 1115])
1	0.5641276573813329	0.5750912343376203	([1522, 1475], [1522, 1521, 1476])
1	0.5679436355010123	0.5755361131926066	([275, 240], [338, 293, 240])
1	0.5711125800879526	0.5755536408051565	([991, 908], [992, 991, 908])
1	0.5181313598333042	0.5756337054160965	([606, 593], [606, 603, 593])
1	0.5628617787660548	0.5757418991576048	([746, 709], [746, 735, 707])
1	0.5602875606127756	0.5759394719579949	([127, 82], [127, 108, 106])
1	0.5549300960432519	0.5759528931692616	([89, 31], [89, 81, 31])
1	0.542763641706259	0.5760447253744556	([1142, 1115], [1142, 1138, 1115])
1	0.5491828447066166	0.5762497808787471	([91, 17], [80, 52, 0])
1	0.5712135161149685	0.5764107480875894	([388, 370], [388, 386, 370])
1	0.55534811841474	0.5764388628241442	([1207, 1158], [1207, 1206, 1174])
1	0.5761080277946906	0.5764388628241442	([1220, 1174], [1220, 1207, 1174])
1	0.5517117722724378	0.57656923397853	([1549, 1476], [1558, 1549, 1474])
1	0.5667240059697837	0.5766881919296436	([1256, 1229], [1256, 1254, 1229])
1	0.5701273533540236	0.5767339105179199	([669, 648], [669, 667, 648])
1	0.5404579386126801	0.5768674426025823	([734, 709], [734, 730, 718])
1	0.5754499350700644	0.5769532458626591	([582, 546], [582, 557, 555])
1	0.5570425565870952	0.5771916942211708	([1147, 1110], [1147, 1140, 1138])
1	0.563769245560472	0.577536814015494	([1546, 1413], [1505, 1426, 1413])
1	0.5757112414031199	0.5775702114059528	([1527, 1467], [1527, 1524, 1472])
1	0.5736178401005168	0.5780149035452642	([1116, 1082], [1116, 1099, 1097])
1	0.5702318746775836	0.5780261204341433	([1375, 1315], [1378, 1375, 1310])
1	0.5760831552712945	0.5780311622043152	([947, 843], [947, 913, 843])
1	0.5595208178028369	0.5781294687922115	([141, 84], [143, 141, 93])
1	0.5745269556250898	0.5782194626492927	([1208, 1159], [1215, 1208, 1170])
1	0.5726044202970545	0.5783162251238462	([88, 18], [88, 39, 9])
1	0.5653874207006806	0.5785083309717949	([1290, 1251], [1290, 1287, 1251])
1	0.5572939778447868	0.5788170921770776	([1288, 1255], [1289, 1285, 1254])
1	0.5607235743683868	0.5788240997771593	([642, 607], [642, 630, 627])
1	0.5753514563321216	0.5788399001901519	([1525, 1473], [1525, 1521, 1476])
1	0.5554258313895953	0.5790837343777202	([126, 40], [126, 40, 17])
1	0.5506243312442366	0.5792401210263441	([209, 153], [215, 199, 157])
1	0.5744261659161838	0.5792639350119289	([908, 876], [908, 890, 876])
1	0.5605532049908002	0.579304710385856	([668, 647], [669, 668, 647])
1	0.570540658683113	0.5793256799470953	([165, 115], [162, 160, 131])
1	0.5726995089136985	0.5793798127213973	([1530, 1482], [1530, 1508, 1486])
1	0.5755253429795546	0.5794856240571836	([1440, 1364], [1440, 1438, 1379])
1	0.5754522813644545	0.5795155136748796	([1556, 1287], [1556, 1536, 1288])
1	0.5759354366303312	0.5796714418660749	([1551, 1442], [1534, 1522, 1475])
1	0.5633022492196884	0.5797552410767685	([1531, 1480], [1531, 1509, 1485])
1	0.5398264417678927	0.580000712147427	([1287, 1257], [1285, 1281, 1269])
1	0.5618727530528586	0.5800795482233755	([1447, 1365], [1447, 1440, 1364])
1	0.5659516217708789	0.5801180534089156	([1357, 1302], [1357, 1320, 1302])
1	0.5724916793670309	0.5801338780050197	([163, 130], [165, 163, 130])
1	0.5688155357425793	0.5803197813132687	([1142, 907], [1206, 1205, 907])
1	0.5676508174446223	0.5804446777349591	([264, 233], [264, 260, 235])
1	0.5420791222221999	0.5805282090828432	([1559, 1467], [1551, 1539, 1484])
1	0.574197017965885	0.5805841230247042	([141, 7], [141, 139, 2])
1	0.5800334835571439	0.5810715512787216	([1095, 890], [1095, 1078, 1076])
1	0.5800537255751483	0.581206786689414	([273, 247], [273, 266, 259])
1	0.5814108541796983	0.5814195191905948	([527, 504], [527, 520, 519])
1	0.5525779272043478	0.5814643302026228	([634, 614], [634, 633, 614])
1	0.5723029535755636	0.5815783702456357	([106, 12], [106, 39, 12])
1	0.5811505405001471	0.5816163573542887	([1227, 1156], [1227, 1205, 1173])
1	0.5702023976811742	0.5817557308785803	([303, 263], [303, 285, 284])
1	0.5792518326787338	0.5819538726909534	([1342, 1307], [1342, 1326, 1307])
1	0.5705701070313989	0.5820610146393926	([1550, 1468], [1550, 1536, 1470])
1	0.5473648371678013	0.5820610146393926	([1536, 1470], [1558, 1550, 1470])
1	0.5660597772666568	0.5820698416463919	([1537, 1447], [1537, 1536, 1468])
1	0.5543174181755361	0.5821638103440142	([1490, 1433], [1546, 1490, 1430])
1	0.5514831432239545	0.5823076074211997	([1476, 1372], [1438, 1419, 1383])
1	0.5459659079213889	0.582365158863223	([1439, 1376], [1439, 1438, 1380])
1	0.5568132161651103	0.5823761872601548	([1482, 1419], [1482, 1462, 1438])
1	0.5745581945988881	0.5824860184025243	([733, 686], [733, 711, 700])
1	0.5687209813215385	0.5827068855882883	([938, 864], [938, 914, 845])
1	0.5679867759486128	0.5828098222199004	([1214, 1156], [1214, 1213, 1149])
1	0.5712527167312177	0.5830562758232263	([146, 82], [146, 144, 89])
1	0.5777680632159109	0.583234364127696	([607, 553], [607, 592, 581])
1	0.5677286494072394	0.5834021766734042	([1156, 1117], [1156, 1144, 1114])
1	0.57352871983444	0.583507670353812	([711, 676], [711, 693, 690])
1	0.5774478665479417	0.5835268157596876	([137, 95], [148, 137, 92])
1	0.5526377708793341	0.5836678401224921	([105, 4], [83, 42, 4])
1	0.5758039516208406	0.5837775078214894	([1364, 1156], [1364, 1227, 1216])
1	0.5757587165989175	0.5837775078214894	([1379, 1227], [1379, 1364, 1227])
1	0.5814626422878025	0.5838151916823348	([1143, 1113], [1143, 1138, 1115])
1	0.5701407110782393	0.5838727123438525	([1128, 1102], [1128, 1122, 1102])
1	0.5407893080307514	0.5839498593312291	([501, 478], [501, 498, 478])
1	0.5695952532139932	0.5839742592784115	([804, 771], [804, 794, 792])
1	0.5789696232889725	0.5840862031143735	([592, 515], [592, 555, 553])
1	0.5701406655958697	0.5841011879693838	([279, 243], [279, 275, 256])
1	0.5732175234817565	0.5841464609893363	([221, 137], [223, 221, 137])
1	0.5810328638317845	0.58436758790651	([1255, 1174], [1255, 1210, 1207])
1	0.5755342783195407	0.5844663599821431	([1510, 1436], [1510, 1481, 1436])
1	0.5842844964530026	0.5845341340585715	([1498, 1461], [1498, 1493, 1457])
1	0.5701387046172103	0.5846094956834813	([135, 13], [135, 104, 13])
1	0.5582943499508447	0.5847915201827962	([1211, 1148], [1208, 1206, 1174])
1	0.571038258237565	0.5848286224804463	([1488, 1394], [1505, 1488, 1426])
1	0.5783780312163573	0.5848903729805589	([261, 201], [262, 261, 227])
1	0.5811124447291048	0.5849359196962475	([1361, 1312], [1378, 1361, 1311])
1	0.5841837355694065	0.5849710335408499	([1003, 979], [1015, 1003, 979])
1	0.5754202367855177	0.5850676494100108	([1558, 1374], [1558, 1476, 1470])
1	0.5776674234271248	0.5850713787609051	([228, 142], [227, 218, 142])
1	0.5765976279169649	0.585096219714363	([1156, 1091], [1156, 1114, 1112])
1	0.5624845872663266	0.5851043704314028	([1481, 1386], [1486, 1479, 1424])
1	0.5694113513063096	0.5854870821636747	([762, 724], [762, 759, 724])
1	0.5709677361232155	0.5857117287953877	([1519, 1444], [1523, 1519, 1444])
1	0.573767877465142	0.5858603160659821	([218, 148], [220, 218, 142])
1	0.5841991023693867	0.5860871185449824	([1493, 1457], [1498, 1485, 1481])
1	0.5825033251664143	0.5861110729165471	([906, 881], [906, 898, 878])
1	0.5692793593447292	0.5861506776838414	([1148, 1093], [1153, 1148, 1093])
1	0.5804244237527008	0.5861644046652729	([80, 29], [80, 46, 28])
1	0.5627434418080504	0.5862670532677831	([1555, 1469], [1555, 1536, 1468])
1	0.5824619299373749	0.5862745161268843	([329, 74], [329, 294, 292])
1	0.578215555444338	0.5862871400541705	([1542, 1394], [1542, 1490, 1488])
1	0.5851559923552557	0.5863602644086937	([1546, 1297], [1565, 1546, 1293])
1	0.5636864139150661	0.5863745216042834	([1460, 1435], [1459, 1440, 1439])
1	0.578005970479419	0.5866701912524147	([940, 844], [940, 936, 844])
1	0.5613398692774764	0.58704910854761	([1472, 1375], [1474, 1438, 1382])
1	0.5678454762488017	0.5870535678058286	([1213, 1149], [1227, 1214, 1205])
1	0.5752614257565637	0.5871467549459868	([664, 643], [664, 652, 641])
1	0.5866167230817673	0.5871662353032383	([1345, 1267], [1351, 1345, 1267])
1	0.5748745093589488	0.5873311298307178	([1487, 1425], [1505, 1487, 1425])
1	0.5573693142059797	0.5874488358983622	([1373, 1290], [1367, 1339, 1317])
1	0.5369035559903216	0.5874488358983622	([1370, 1317], [1370, 1367, 1317])
1	0.5840912304425798	0.5874687938869836	([1492, 1429], [1492, 1479, 1424])
1	0.5821811649617764	0.5874757586819958	([1533, 1440], [1535, 1533, 1440])
1	0.5649171823686703	0.5875051578095032	([1373, 1307], [1373, 1307, 1290])
1	0.5735826146736539	0.5875068213119418	([1208, 1108], [1208, 1206, 1112])
1	0.5767532343405313	0.5876771509816624	([236, 151], [236, 220, 153])
1	0.5754567582648648	0.5877340102025161	([1016, 872], [1016, 998, 868])
1	0.5640355411435966	0.5877783649017019	([743, 693], [736, 709, 707])
1	0.5871286614563721	0.5878131402854992	([1475, 1154], [1475, 1154, 1142])
1	0.5697283306999735	0.5878239722214639	([969, 947], [969, 959, 946])
1	0.5633637911524283	0.5880186027838952	([1291, 1253], [1291, 1283, 1269])
1	0.5769973541151069	0.5881330721099062	([1139, 1099], [1141, 1120, 1110])
1	0.5618695316568924	0.5884244149042277	([747, 694], [747, 714, 702])
1	0.5691058484645243	0.5886000636161512	([136, 10], [136, 104, 98])
1	0.5807161861345647	0.5886004586038154	([1203, 1177], [1203, 1200, 1195])
1	0.5469233098967338	0.5886611473728537	([274, 257], [274, 270, 257])
1	0.5880753980465799	0.5889112770703797	([1508, 1452], [1508, 1477, 1452])
1	0.5889182879035588	0.5889541091877566	([1393, 1357], [1393, 1390, 1357])
1	0.5646659916738641	0.5890073263124649	([1149, 1092], [1145, 1140, 1108])
1	0.5590191988824653	0.5890073263124649	([1155, 1108], [1155, 1145, 1108])
1	0.5564841962080004	0.5890181392789641	([1216, 1153], [1216, 1205, 1173])
1	0.5519426086938474	0.5890338381623774	([646, 612], [646, 630, 612])
1	0.5801266791471282	0.5890652134059271	([1340, 1292], [1340, 1318, 1292])
1	0.5809018776606816	0.5890971697017687	([715, 675], [717, 697, 695])
1	0.5742794498084018	0.5891079137267464	([1553, 1483], [1553, 1483, 1473])
1	0.5621661623598646	0.5891079137267464	([1553, 1441], [1553, 1535, 1473])
1	0.5800454876307596	0.589124387264652	([1554, 1364], [1552, 1474, 1364])
1	0.5448242964987575	0.589411547349983	([1168, 1107], [1168, 1145, 1107])
1	0.580301414496593	0.5894215256600583	([219, 154], [219, 218, 146])
1	0.5637115151698597	0.5895493794692673	([585, 542], [585, 579, 547])
1	0.5699913599112456	0.5897930406406268	([1559, 1378], [1559, 1554, 1378])
1	0.5621564009170746	0.5898380179112975	([1466, 1377], [1466, 1444, 1367])
1	0.5691766037018808	0.5898717383077512	([1223, 1153], [1223, 1216, 1208])
1	0.540950663362584	0.5900823265603624	([1177, 1138], [1177, 1158, 1138])
1	0.5623989577770087	0.590096387599499	([220, 139], [218, 209, 153])
1	0.5889159649615887	0.5901044708657731	([1471, 1378], [1471, 1445, 1375])
1	0.5882537067716056	0.590255263019474	([1159, 1098], [1159, 1148, 1093])
1	0.5702058867402041	0.590255263019474	([1206, 1112], [1208, 1159, 1093])
1	0.5881784556014141	0.5902944269223462	([368, 323], [368, 323, 313])
1	0.5781368050543306	0.5905012166666609	([137, 21], [137, 92, 89])
1	0.5841882643935682	0.5905312359431382	([1046, 987], [1046, 1018, 993])
1	0.5780607866638064	0.5905364135694388	([400, 369], [400, 390, 369])
1	0.5630916242339806	0.5906007239590098	([1284, 1227], [1284, 1254, 1239])
1	0.5782516202423997	0.5906810186733107	([1222, 1145], [1222, 1216, 1153])
1	0.5906189603864305	0.5907407405872895	([1206, 1085], [1206, 1108, 1085])
1	0.5839275569922449	0.5908207193323827	([1489, 1395], [1490, 1489, 1431])
1	0.526165671554545	0.5908501455899458	([1178, 1164], [1179, 1177, 1165])
1	0.5498132561190324	0.5909181954857899	([1441, 1370], [1471, 1441, 1378])
1	0.5703190332726793	0.5909399748361753	([239, 174], [239, 238, 174])
1	0.5467697341459429	0.5909812527009313	([1551, 1363], [1554, 1551, 1375])
1	0.5838450090798137	0.5910034049070544	([542, 505], [542, 521, 505])
1	0.5790179607060839	0.5912838068858652	([166, 116], [166, 161, 130])
1	0.590139882104164	0.5913769378667564	([1452, 1416], [1452, 1437, 1436])
1	0.5657276155424638	0.5914260703658635	([1378, 1310], [1373, 1366, 1315])
1	0.568395369537355	0.5914568122835266	([1321, 1277], [1321, 1297, 1282])
1	0.5717753323968496	0.5915603225374477	([1475, 1366], [1475, 1440, 1366])
1	0.5636209815994798	0.5915949240904246	([283, 236], [283, 268, 236])
1	0.5897406353430708	0.5916225074808267	([1294, 1247], [1294, 1272, 1268])
1	0.5686010989579315	0.5916680402792025	([1066, 1022], [1066, 1064, 1022])
1	0.5846878309539572	0.5917060078780408	([499, 442], [499, 478, 462])
1	0.5798375598594728	0.5917060078780408	([499, 462], [499, 481, 478])
1	0.5833320977060508	0.59176393242463	([217, 138], [221, 217, 138])
1	0.5911810949095638	0.5917910043470551	([1258, 1203], [1258, 1237, 1203])
1	0.5665408989131553	0.5918406394687122	([1154, 1097], [1168, 1154, 1085])
1	0.5715713872144582	0.591922711232111	([223, 145], [223, 193, 155])
1	0.5586131685940575	0.5919770944206343	([1211, 1171], [1211, 1207, 1172])
1	0.568337237023101	0.5922536209110785	([1212, 1150], [1212, 1206, 1150])
1	0.5801009931754875	0.5922927209935924	([1314, 1257], [1314, 1288, 1286])
1	0.5823914451475484	0.5923162243666633	([1290, 1229], [1290, 1253, 1251])
1	0.5878747158853282	0.5923251124424834	([1056, 1025], [1056, 1048, 1025])
1	0.5887646776490054	0.5923294120175522	([479, 388], [479, 388, 386])
1	0.583646017372517	0.5923621524996796	([426, 387], [426, 408, 401])
1	0.5862566697018173	0.5924106838483356	([1008, 855], [1008, 1000, 920])
1	0.5778363007213809	0.5924358413412101	([1065, 1021], [1065, 1046, 1043])
1	0.5831181947017288	0.592460437335115	([207, 152], [223, 207, 152])
1	0.5838530539702911	0.5924690850994726	([148, 4], [149, 148, 6])
1	0.5820802569812931	0.5924947431099703	([313, 269], [313, 288, 285])
1	0.5663051186221149	0.5927065926231234	([963, 907], [962, 956, 900])
1	0.556628501927874	0.5927383102755965	([952, 903], [948, 915, 914])
1	0.5863424424742814	0.5927535476462151	([1553, 1257], [1553, 1290, 1257])
1	0.5845956250220384	0.5928455184170592	([1323, 1279], [1323, 1321, 1279])
1	0.5582794272900286	0.5928662980623995	([1310, 1252], [1310, 1307, 1288])
1	0.5513846907701979	0.5928904569980294	([1376, 1289], [1376, 1373, 1289])
1	0.575649657196843	0.5929231445542207	([133, 1], [133, 100, 78])
1	0.5629921635842202	0.5929457641567912	([225, 2], [225, 211, 2])
1	0.588078316860785	0.5929722086131901	([772, 752], [772, 769, 752])
1	0.5747194826597681	0.593164670193422	([1096, 877], [1096, 1091, 880])
1	0.5895962626585787	0.5932147243796496	([286, 233], [286, 265, 261])
1	0.5775508001784511	0.5934356732324572	([149, 49], [149, 144, 49])
1	0.5840490007073449	0.5934532941318892	([1365, 1210], [1379, 1372, 1211])
1	0.591696530778992	0.5935329310992805	([378, 294], [378, 374, 294])
1	0.5629017694184455	0.5935580244878239	([649, 613], [649, 631, 613])
1	0.5629554195571673	0.5937345633571084	([211, 1], [228, 211, 2])
1	0.5815211131232629	0.5937490293336206	([1563, 1444], [1563, 1558, 1444])
1	0.5898474880281858	0.5937957532780249	([1560, 1480], [1560, 1480, 1468])
1	0.5780388043908629	0.593857003212416	([593, 545], [593, 581, 555])
1	0.5931797748493859	0.5939342054044472	([1516, 1474], [1516, 1508, 1482])
1	0.5290493147213977	0.594033259050173	([338, 240], [296, 275, 256])
1	0.5732642644512458	0.5941249824572343	([1148, 1111], [1154, 1152, 1100])
1	0.5936703619582477	0.5943815404801197	([739, 673], [739, 714, 673])
1	0.5880066554581846	0.5945347542918795	([1389, 1353], [1394, 1389, 1358])
1	0.5834078235888849	0.5946739745053795	([1174, 1088], [1151, 1143, 1112])
1	0.5908139174255868	0.5947738364776647	([648, 604], [648, 632, 618])
1	0.5900951192615862	0.5947922305971447	([1254, 1169], [1254, 1214, 1169])
1	0.5903043683412499	0.5948052607176069	([210, 8], [218, 210, 37])
1	0.5911174617007561	0.5948721278741393	([385, 115], [385, 375, 309])
1	0.5674946144491462	0.5949066570828505	([742, 687], [742, 711, 699])
1	0.5773552106323813	0.5949416232038255	([219, 96], [219, 146, 135])
1	0.5688493059179409	0.5949416232038255	([211, 144], [219, 198, 135])
1	0.58109321562586	0.5951248864765012	([1366, 1342], [1366, 1362, 1342])
1	0.5922222572402566	0.5951725446724057	([1490, 1357], [1490, 1488, 1345])
1	0.5911847713131524	0.5951760597181825	([1112, 884], [1112, 1089, 1082])
1	0.5363629898783254	0.5952611223559464	([227, 126], [227, 142, 126])
1	0.5929380506863069	0.5952815697514783	([994, 910], [994, 992, 910])
1	0.5939984561357975	0.5952943248777075	([1054, 848], [1054, 1052, 917])
1	0.5781364671423899	0.5954593075355064	([1288, 1203], [1288, 1221, 1215])
1	0.5818018058603188	0.5954668138205504	([1206, 713], [1206, 1090, 1085])
1	0.5927902298888452	0.5955078068603951	([222, 79], [222, 98, 96])
1	0.5909977288570936	0.5955078068603951	([222, 98], [222, 110, 96])
1	0.5847392558286034	0.5955078068603951	([222, 110], [222, 219, 96])
1	0.5846327569055138	0.5956505051441903	([237, 148], [237, 218, 174])
1	0.5946542126637646	0.5960295982246615	([1475, 1289], [1475, 1378, 1289])
1	0.5254316010208799	0.5960550151246244	([1206, 1174], [1204, 1203, 1176])
1	0.5809632741043727	0.5961055761220784	([874, 807], [874, 834, 833])
1	0.5940716490316397	0.5961645719012866	([1322, 1276], [1346, 1322, 1274])
1	0.5859440160640246	0.5962414363713372	([1271, 1231], [1271, 1270, 1231])
1	0.594052210034038	0.5963618933742835	([1488, 1242], [1546, 1488, 1242])
1	0.5952837052808613	0.5963712833002135	([480, 383], [480, 479, 383])
1	0.5930938842677327	0.5964222112960147	([1176, 1137], [1171, 1144, 1143])
1	0.589735272342664	0.5965235164149632	([75, 26], [75, 48, 47])
1	0.5677963959128856	0.5968630485036578	([1548, 1368], [1555, 1548, 1368])
1	0.5964800915698347	0.5968837201896409	([547, 522], [547, 533, 528])
1	0.5907028887741528	0.5969107092283741	([1144, 1083], [1144, 1139, 1083])
1	0.5795350595326257	0.596949785210221	([1553, 1290], [1553, 1370, 1362])
1	0.581031792932079	0.5970500059337257	([740, 672], [740, 700, 672])
1	0.584238827272576	0.5971396798488428	([1270, 1236], [1271, 1247, 1239])
1	0.5913379593806722	0.5972638408933679	([1050, 1000], [1050, 1038, 998])
1	0.5951380817895046	0.597284642953372	([147, 14], [147, 136, 3])
1	0.5648032957819888	0.5974475792808177	([143, 40], [143, 89, 11])
1	0.592378751045355	0.5975597022841953	([1368, 1284], [1377, 1368, 1284])
1	0.5751072410781131	0.5976461158713529	([1364, 1216], [1440, 1366, 1212])
1	0.5973640969505926	0.5977643858632253	([262, 139], [262, 227, 126])
1	0.5883642337133649	0.5977656432132533	([261, 147], [261, 237, 147])
1	0.5768620293206316	0.5977959210443533	([231, 141], [231, 216, 141])
1	0.5849748854244372	0.5981206965620706	([128, 44], [128, 99, 78])
1	0.5909396833065043	0.5983220292041438	([1049, 870], [1049, 913, 845])
1	0.58119501837527	0.5983666771669833	([875, 797], [875, 821, 797])
1	0.594626281728523	0.5987324947682854	([1072, 966], [1072, 1068, 967])
1	0.5907506331367688	0.5987659336305927	([900, 797], [909, 900, 797])
1	0.5909007976357471	0.5988767131888602	([1155, 1086], [1155, 1144, 1086])
1	0.593489764968816	0.5989473389035566	([1375, 1111], [1441, 1375, 1111])
1	0.5950811359397067	0.5992789314875412	([226, 85], [226, 108, 100])
1	0.5810776739220197	0.5992963143323045	([1046, 910], [1046, 994, 987])
1	0.5894211889343035	0.5993545318568679	([1549, 1361], [1549, 1525, 1369])
1	0.5984766951913132	0.599364677454512	([967, 896], [967, 962, 896])
1	0.5916032185886445	0.5995144256395792	([1369, 1145], [1377, 1369, 1146])
1	0.5743289162080857	0.599560411833036	([209, 89], [213, 212, 143])
1	0.5893538751681541	0.5995652501343962	([281, 249], [281, 267, 259])
1	0.5902115290127999	0.5995916577851784	([675, 645], [675, 671, 645])
1	0.5779343957607799	0.5995945163164794	([224, 127], [224, 151, 149])
1	0.5674496105790391	0.5997454227853872	([1380, 1308], [1380, 1367, 1308])
1	0.5754733259408055	0.5998309196842168	([1049, 913], [1049, 998, 870])
1	0.5858309129461852	0.5999125996447875	([216, 107], [216, 141, 107])
1	0.5805645445437289	0.599954167187721	([277, 242], [277, 275, 255])
1	0.5942534252380365	0.6001013679683237	([1445, 1208], [1558, 1556, 1208])
1	0.5877189871000248	0.6001542713557787	([1150, 1095], [1169, 1154, 1100])
1	0.5926147217241988	0.6002377279718807	([288, 239], [288, 271, 239])
1	0.5759196984269913	0.6002496388655889	([910, 841], [910, 907, 840])
1	0.568423544699809	0.6002496388655889	([942, 840], [942, 910, 840])
1	0.5952342026965847	0.6002660032902116	([645, 603], [645, 631, 614])
1	0.5820424543935881	0.6002762174978181	([264, 206], [264, 233, 206])
1	0.5604432555352751	0.6003164475311389	([368, 285], [368, 364, 285])
1	0.5982045172509433	0.6003501527143371	([153, 98], [153, 140, 98])
1	0.5936864038012019	0.600402712304574	([1212, 1141], [1214, 1169, 1141])
1	0.5803034178333272	0.6004785844400957	([1218, 1111], [1224, 1221, 1113])
1	0.5829037560249775	0.6005143907646531	([219, 17], [225, 219, 16])
1	0.5993003121174378	0.6005201159217812	([1522, 1255], [1553, 1522, 1255])
1	0.5937520399895754	0.6005422907530525	([806, 789], [806, 798, 789])
1	0.5981496356249556	0.6007001964716622	([954, 901], [956, 954, 905])
1	0.5907973152628583	0.6007903678038075	([1235, 1198], [1235, 1231, 1202])
1	0.5886207545037024	0.6008588016391779	([1371, 1313], [1371, 1370, 1306])
1	0.5925101479631405	0.601106961447214	([1152, 713], [1206, 1152, 1142])
1	0.5788596780235871	0.6011631179084432	([294, 241], [294, 274, 257])
1	0.5790793423544262	0.6011701333224927	([156, 54], [156, 141, 78])
1	0.5852203743463195	0.6013756863958705	([1550, 1309], [1550, 1364, 1309])
1	0.5802209852517485	0.601582457024552	([1374, 1223], [1374, 1291, 1253])
1	0.5773394201740754	0.601582457024552	([1380, 1256], [1374, 1366, 1253])
1	0.5997849530369961	0.6015917166601904	([1070, 1037], [1070, 1054, 1046])
1	0.5620359836665856	0.6016441833939522	([1377, 1154], [1377, 1208, 1206])
1	0.6003495237791111	0.6016441833939522	([1376, 1206], [1377, 1376, 1206])
1	0.5875029194932558	0.601733607176023	([970, 907], [970, 956, 953])
1	0.5613493917389244	0.6017432465294427	([1440, 1215], [1553, 1375, 1255])
1	0.5974098017360409	0.6017542963929001	([206, 113], [227, 206, 113])
1	0.5881846392114816	0.601780591867368	([794, 734], [794, 767, 754])
1	0.5935639043083869	0.6017857727672661	([233, 143], [233, 143, 127])
1	0.5898403120054658	0.6017857727672661	([236, 109], [233, 224, 127])
1	0.5891562693728729	0.6018028332355393	([302, 232], [302, 289, 232])
1	0.6014351192030588	0.6018445106671594	([822, 774], [822, 803, 774])
1	0.5938828190316561	0.6018691271988358	([1338, 1285], [1338, 1298, 1291])
1	0.5938501701601333	0.6019330911122226	([616, 542], [616, 597, 585])
1	0.5948528888296782	0.6019845533537685	([1291, 1209], [1291, 1213, 1209])
1	0.5764854864428628	0.601993886966696	([294, 73], [309, 294, 73])
1	0.5942272668614251	0.6020136627903281	([215, 83], [215, 112, 80])
1	0.568481144223051	0.6020422133563441	([1431, 1351], [1431, 1393, 1345])
1	0.5827341613520987	0.6020422133563441	([1488, 1320], [1490, 1431, 1345])
1	0.5987682555603463	0.6020681888467115	([278, 162], [278, 274, 115])
1	0.5862460410995779	0.6020681888467115	([274, 115], [309, 278, 115])
1	0.5878129393144592	0.6021666314719345	([116, 73], [116, 115, 73])
1	0.5815580704166824	0.6021666314719345	([309, 115], [309, 115, 73])
1	0.5766242763775629	0.6021821925848081	([1233, 1194], [1233, 1231, 1202])
1	0.571351402082137	0.6021998557828141	([291, 238], [287, 260, 236])
1	0.5948657563321562	0.6022959471976918	([1470, 1306], [1439, 1370, 1369])
1	0.5865715869636656	0.6023803143594254	([1370, 1108], [1553, 1211, 1108])
1	0.573244425328437	0.6024184878630019	([1221, 1113], [1221, 1149, 1143])
1	0.5626567220647861	0.6025005795173017	([1093, 880], [1091, 1080, 885])
1	0.5711888372196254	0.602579754857475	([1170, 1113], [1170, 1146, 1113])
1	0.5996850274113101	0.6029135183740255	([1469, 1399], [1469, 1439, 1420])
1	0.5963539342109445	0.6030532731772006	([646, 598], [646, 612, 604])
1	0.5984534254570091	0.6031245897697418	([284, 237], [284, 263, 260])
1	0.6026953031821546	0.6031292911970951	([1288, 1115], [1288, 1210, 1203])
1	0.6032095148256206	0.6032826138918854	([267, 1], [267, 232, 1])
1	0.5879417806103797	0.6032912303075284	([1510, 1366], [1548, 1527, 1368])
1	0.5800456090040281	0.6033342990162665	([1539, 1421], [1539, 1484, 1385])
1	0.5955298727760561	0.6033744960189956	([1539, 1376], [1539, 1385, 1376])
1	0.5746839932187578	0.603413688500453	([1468, 1252], [1555, 1468, 1287])
1	0.5920038643700831	0.6034432586531687	([1419, 1336], [1419, 1376, 1363])
1	0.5917343334141514	0.6036157576144286	([1556, 1208], [1556, 1553, 1223])
1	0.5984583139270996	0.6036725241632268	([1053, 1002], [1053, 1027, 1016])
1	0.5492453431255533	0.6037052876621286	([1536, 1288], [1441, 1290, 1252])
1	0.6008034043251762	0.603720539483835	([1459, 1397], [1501, 1486, 1397])
1	0.5750520932335108	0.6037454711742181	([676, 614], [676, 669, 647])
1	0.5831563719239375	0.6038095260975299	([1081, 884], [1106, 1089, 884])
1	0.594885724446377	0.6039993125040258	([678, 400], [684, 672, 400])
1	0.5767163718626918	0.6041733883953184	([1092, 887], [1092, 1091, 880])
1	0.5939756812830422	0.6042203787415833	([1100, 883], [1082, 1079, 886])
1	0.5902659265011219	0.6042754964828523	([774, 751], [774, 768, 751])
1	0.6043494198724355	0.604395209320556	([263, 144], [263, 218, 209])
1	0.5893915099491621	0.604455923930488	([130, 56], [130, 116, 56])
1	0.5672334547522017	0.6044835264920199	([1394, 1358], [1393, 1389, 1345])
1	0.6024662230115947	0.6046160316396408	([232, 42], [232, 48, 42])
1	0.5998045454388853	0.6046160316396408	([232, 80], [232, 80, 48])
1	0.5637984354650791	0.6046420887055233	([1363, 1291], [1440, 1379, 1256])
1	0.5699294315138518	0.6046906205037732	([1285, 1224], [1285, 1255, 1254])
1	0.5820747181877989	0.6046926971548644	([1346, 1274], [1322, 1321, 1277])
1	0.6020927463210385	0.6047349297729817	([597, 391], [597, 588, 585])
1	0.5787554623655582	0.6047840395302009	([1557, 1286], [1558, 1557, 1289])
1	0.5818880361523534	0.6047867937944882	([379, 308], [379, 376, 308])
1	0.5846126570401086	0.6047903982079663	([1379, 1314], [1380, 1379, 1314])
1	0.5992823617490803	0.6048017407168602	([1017, 937], [1051, 1026, 1017])
1	0.5985222838106953	0.6048936938375595	([1380, 1153], [1380, 1371, 1150])
1	0.5857502224865104	0.6049707153831372	([264, 95], [264, 231, 97])
1	0.5777239849460231	0.6050123230115755	([479, 382], [479, 443, 388])
1	0.5910460308402473	0.6050833799169131	([1536, 1156], [1550, 1536, 1362])
1	0.6039747811478099	0.6050965710733184	([268, 76], [261, 125, 85])
1	0.5850297995286927	0.6052015491106701	([589, 539], [598, 589, 539])
1	0.5935900797920718	0.6052015491106701	([594, 541], [604, 598, 539])
1	0.6028932021671053	0.6052397070802893	([1377, 1091], [1377, 1284, 1254])
1	0.5861746841803371	0.6052506162623185	([1321, 1246], [1321, 1277, 1265])
1	0.5973620721779814	0.6052713726483508	([1071, 909], [1071, 1068, 909])
1	0.5989218875912441	0.6054232278983236	([235, 52], [235, 209, 52])
1	0.5738386066243677	0.6054731053629513	([773, 731], [773, 765, 756])
1	0.6016900428694633	0.6054731053629513	([802, 756], [800, 773, 756])
1	0.6032389433949692	0.6054969764085596	([1305, 1249], [1310, 1305, 1256])
1	0.5945041118564052	0.6055456939251251	([362, 315], [372, 362, 315])
1	0.5937940881293622	0.6055671929771465	([207, 40], [215, 207, 83])
1	0.5644154781507655	0.6056709477947455	([1386, 1339], [1386, 1381, 1339])
1	0.5861713012687497	0.6056986026861865	([261, 34], [261, 85, 7])
1	0.5717944793713429	0.6057822840907312	([371, 324], [371, 362, 324])
1	0.5969777986608724	0.6057918668676012	([872, 809], [872, 843, 809])
1	0.6050934899348887	0.6058520159024438	([1472, 1113], [1472, 1441, 1113])
1	0.5361604417894065	0.6058573945267022	([1546, 1426], [1487, 1481, 1423])
1	0.5854530920614333	0.6060263957072275	([218, 37], [218, 81, 40])
1	0.5852237002178187	0.6060263957072275	([218, 81], [218, 207, 40])
1	0.5855447157802105	0.6060492519443181	([1234, 1196], [1242, 1233, 1181])
1	0.6023832675434873	0.6060566072412511	([406, 138], [420, 406, 390])
1	0.6012795349841551	0.6061510816703737	([668, 609], [668, 634, 609])
1	0.5481114016436184	0.6061910915218095	([958, 908], [989, 968, 908])
1	0.5941136052517545	0.6062238152884887	([1113, 895], [1146, 1113, 895])
1	0.5999824202777213	0.6062863562932288	([232, 102], [232, 102, 98])
1	0.6017674745652632	0.6063357137320368	([420, 138], [406, 405, 93])
1	0.6038543255917312	0.6063954841538625	([1073, 953], [1086, 1073, 963])
1	0.6012965182639656	0.6064015310872498	([615, 584], [615, 599, 598])
1	0.6064083320557704	0.6064335450999843	([253, 162], [256, 253, 162])
1	0.5741124554240967	0.6064335450999843	([240, 169], [278, 256, 162])
1	0.6017923635655135	0.6064468080474651	([1087, 715], [1089, 1087, 686])
1	0.584080601050647	0.6065716245542221	([1372, 1086], [1372, 1210, 1206])
1	0.5503899949820302	0.6065716245542221	([1377, 1213], [1376, 1372, 1206])
1	0.6007797943613686	0.6066104457902386	([1540, 1382], [1540, 1482, 1382])
1	0.6051190125853262	0.6066700365136458	([1308, 1211], [1308, 1211, 1152])
1	0.5968675597788513	0.6067297651558212	([1051, 914], [1017, 997, 937])
1	0.5920800622661094	0.6067500578171187	([1443, 1254], [1443, 1377, 1373])
1	0.5880917546273657	0.6067500578171187	([1443, 1373], [1466, 1443, 1377])
1	0.5973304824842567	0.6068090973106604	([999, 940], [1008, 999, 869])
1	0.5929886849699638	0.6068848787874271	([1210, 1115], [1210, 1172, 1156])
1	0.5923870368820073	0.6068995471803647	([1367, 1114], [1372, 1367, 1114])
1	0.5948106998558538	0.6071729433658082	([997, 941], [1051, 937, 846])
1	0.5956858755476067	0.6071871789345371	([1254, 1091], [1255, 1253, 1084])
1	0.6065285630611382	0.6072191700585541	([877, 828], [877, 875, 828])
1	0.6015873602741836	0.6072586578527887	([318, 261], [318, 297, 288])
1	0.6024771347318908	0.6073000869569354	([1015, 936], [1015, 1006, 934])
1	0.6034605573450491	0.6073627313045515	([1513, 1461], [1517, 1513, 1461])
1	0.5912499260850872	0.6073629912925066	([234, 133], [234, 219, 135])
1	0.6001102319463695	0.6073777277778776	([277, 160], [278, 277, 162])
1	0.595748404578628	0.6074182539391547	([1090, 684], [1106, 1090, 1079])
1	0.6052724922636519	0.6074190928035136	([1050, 872], [1050, 1001, 872])
1	0.5919093147750621	0.6074290571296124	([265, 16], [265, 261, 76])
1	0.568816368399702	0.6074482483039082	([214, 97], [234, 214, 99])
1	0.576446580212914	0.6074685362950865	([361, 299], [370, 321, 304])
1	0.5920072520594538	0.6074788505686486	([1439, 1155], [1474, 1439, 1217])
1	0.5902527822710322	0.6075013584239195	([1474, 1217], [1474, 1445, 1208])
1	0.5973696031620285	0.6075494905634269	([1252, 1144], [1371, 1289, 1150])
1	0.5962098569561249	0.6075582129591247	([1489, 1319], [1490, 1489, 1319])
1	0.5809057694820996	0.6075651860944208	([962, 884], [962, 896, 893])
1	0.5882524808793264	0.6077216270611946	([1006, 934], [1002, 999, 932])
1	0.5789998239142794	0.6078015185893303	([1099, 886], [1094, 1080, 885])
1	0.5993823145701943	0.6078757993684056	([1552, 1228], [1552, 1439, 1256])
1	0.6042318405946535	0.6078757993684056	([1525, 1256], [1552, 1525, 1256])
1	0.6066130807254766	0.6078912883058946	([329, 116], [329, 116, 74])
1	0.5890172643117696	0.6079335625607152	([1378, 1089], [1378, 1114, 1110])
1	0.5830738126825037	0.6079335625607152	([1378, 1110], [1378, 1372, 1114])
1	0.5881950907319373	0.6080376933504891	([1072, 895], [1083, 1072, 880])
1	0.5694814837381805	0.6080386099822179	([160, 131], [242, 240, 160])
1	0.5873457248669096	0.6080553285041447	([1450, 1433], [1455, 1450, 1427])
1	0.5931147882823984	0.6080970626409431	([1007, 931], [1007, 929, 918])
1	0.6047874172003477	0.6084394487677376	([1549, 1387], [1549, 1387, 1365])
1	0.5657441148458998	0.6084823905435984	([1441, 1107], [1468, 1168, 1160])
1	0.5998362863580461	0.6084823905435984	([1472, 1160], [1472, 1468, 1160])
1	0.5676891338316346	0.6084876860186931	([1053, 917], [1053, 1049, 934])
1	0.5962578954220097	0.6085813767697743	([151, 50], [151, 50, 39])
1	0.5721518768203488	0.6087094209914075	([1146, 885], [1154, 1146, 885])
1	0.5854277238699547	0.6087368535044249	([1000, 920], [1053, 1015, 1002])
1	0.5898831708598584	0.6087726279592701	([242, 188], [242, 188, 165])
1	0.5840149001204223	0.6087794062958004	([1476, 1214], [1476, 1441, 1205])
1	0.5895674275768907	0.6087911190991977	([217, 36], [236, 217, 36])
1	0.5905895662476774	0.6088160077498667	([691, 614], [691, 673, 670])
1	0.6002325392192666	0.6088799467515656	([590, 533], [590, 589, 538])
1	0.5467878361027335	0.6089159268721401	([1475, 1142], [1475, 1378, 1154])
1	0.5926026277998688	0.6089159268721401	([1559, 1154], [1559, 1378, 1154])
1	0.589796705355804	0.6089682970473261	([667, 628], [667, 647, 632])
1	0.5914488822200066	0.6090089083544203	([1051, 846], [998, 997, 937])
1	0.5923667945080348	0.6091655389939669	([1460, 1399], [1469, 1460, 1437])
1	0.5856053226732638	0.6091891107251463	([1449, 1361], [1449, 1438, 1378])
1	0.6037451616487439	0.6092112873568933	([317, 230], [317, 304, 230])
1	0.584248508990031	0.609239321013221	([598, 534], [597, 585, 534])
1	0.6033928234515903	0.609243976073524	([1020, 899], [1020, 992, 910])
1	0.6029843835128796	0.609249022240436	([510, 463], [510, 499, 462])
1	0.6074865643760109	0.6092518348611391	([1555, 1214], [1555, 1469, 1224])
1	0.6046806486565202	0.6092518348611391	([1554, 1224], [1555, 1554, 1224])
1	0.6080294512477988	0.6092656018183713	([286, 83], [286, 264, 233])
1	0.6072636274190577	0.6093226477002016	([660, 624], [660, 655, 624])
1	0.5626803139675265	0.6093475744381482	([1376, 1148], [1376, 1206, 1205])
1	0.6012745122422538	0.6093787660697959	([282, 223], [282, 264, 223])
1	0.6043581044227574	0.6094052110880899	([1440, 1238], [1440, 1238, 1222])
1	0.5999962454203379	0.609469353815483	([1534, 1089], [1534, 1475, 1378])
1	0.5937841517624218	0.6094818206248453	([243, 190], [243, 240, 190])
1	0.5961592383937836	0.6095632588505248	([1013, 923], [1016, 1013, 935])
1	0.6067268295878768	0.6095718448656318	([398, 231], [398, 392, 231])
1	0.5859551630018258	0.6096060291076604	([227, 14], [264, 223, 38])
1	0.581377707111652	0.6096466548773157	([1469, 1224], [1555, 1474, 1208])
1	0.6042562924059813	0.6096593502122406	([657, 339], [658, 657, 339])
1	0.5973032274233492	0.6097641063373948	([1080, 710], [1084, 1080, 706])
1	0.6094848929797934	0.609776005940776	([1495, 1245], [1504, 1495, 1262])
1	0.6066313345412567	0.609779147111225	([1394, 1323], [1394, 1358, 1352])
1	0.599057196961384	0.609779147111225	([1392, 1352], [1394, 1392, 1352])
1	0.6061033451746434	0.6097837876544103	([1382, 1152], [1475, 1382, 1142])
1	0.5792932603530312	0.6098046452450228	([257, 131], [274, 257, 131])
1	0.6073866835574816	0.6098241472223909	([1173, 1106], [1173, 1144, 1141])
1	0.6008312060197097	0.6098297088364061	([1059, 996], [1059, 1053, 1016])
1	0.5959187327566954	0.6098769254953719	([1442, 1143], [1442, 1222, 1151])
1	0.5849659621802855	0.6099070194898422	([1373, 1151], [1378, 1373, 1155])
1	0.5834236564546529	0.6099124244812346	([1324, 1243], [1324, 1294, 1273])
1	0.6083578416337739	0.6099174870864027	([1289, 1218], [1289, 1254, 1218])
1	0.6020230586953353	0.6099395326792424	([260, 127], [260, 232, 224])
1	0.58650496819615	0.609953677689003	([1150, 1082], [1150, 1095, 1078])
1	0.6070423967755036	0.6100024442244822	([1015, 862], [1015, 934, 848])
1	0.5865548310839342	0.6101464823842232	([1209, 1094], [1209, 1144, 1142])
1	0.6086477878708091	0.6102376374146727	([466, 387], [466, 437, 387])
1	0.6086710078258434	0.6102419799721707	([1350, 1271], [1350, 1299, 1282])
1	0.5671733483381228	0.6102589100333	([1253, 1084], [1472, 1255, 1084])
1	0.5970990338725005	0.6102634904124675	([953, 889], [958, 953, 890])
1	0.5936539436370651	0.6103082512122523	([397, 5], [398, 397, 10])
1	0.5893876158306967	0.6103164290089107	([357, 279], [357, 334, 279])
1	0.6097207942054561	0.6103741436362141	([974, 948], [974, 969, 944])
1	0.6031389891467213	0.61040358765688	([995, 911], [1008, 995, 916])
1	0.5969158191732341	0.6104437317555309	([1323, 1233], [1320, 1297, 1273])
1	0.6073820397415901	0.6105013142019868	([692, 611], [692, 684, 600])
1	0.5992640304646021	0.610539417248324	([1244, 1182], [1244, 1233, 1200])
1	0.6086345371398537	0.6105839261511925	([629, 543], [629, 594, 585])
1	0.6051627337712906	0.6106128474011403	([1152, 880], [1152, 880, 713])
1	0.593168951557533	0.6106245292115617	([266, 152], [266, 233, 226])
1	0.6080868437780309	0.6106448244907109	([1071, 1023], [1071, 1064, 1022])
1	0.5585333138721467	0.610647872144852	([907, 840], [942, 913, 842])
1	0.6079952776666867	0.610718901589633	([1363, 1221], [1363, 1291, 1290])
1	0.5866374422042667	0.6108319967231846	([1068, 967], [1068, 1021, 1020])
1	0.5936285010788059	0.610961580001077	([254, 192], [254, 241, 171])
1	0.5899374407518037	0.6110325453391467	([1412, 1321], [1412, 1393, 1351])
1	0.5987774759416276	0.6110344643993072	([405, 101], [405, 389, 101])
1	0.6041244221894995	0.6110422966445306	([1079, 701], [1088, 1079, 701])
1	0.6057027149047413	0.6110422966445306	([1149, 701], [1149, 1088, 701])
1	0.6098381553267276	0.6110430013562802	([1472, 1223], [1553, 1472, 1255])
1	0.6085406341050948	0.6110611175864635	([385, 56], [385, 115, 56])
1	0.5892134490756887	0.6111048915006875	([1307, 1216], [1550, 1307, 1216])
1	0.599772326832448	0.6111048915006875	([1523, 1226], [1550, 1523, 1216])
1	0.6095723902196304	0.6111827917488386	([1253, 1152], [1253, 1216, 1152])
1	0.5810239562032573	0.6112218238878612	([684, 600], [692, 679, 612])
1	0.6108297122813658	0.6112220523391203	([1311, 1223], [1316, 1311, 1223])
1	0.6023219418698984	0.6112247852469762	([1058, 916], [1058, 1049, 913])
1	0.590639590518974	0.6112501132322697	([1106, 684], [1090, 713, 688])
1	0.5693540915203933	0.6112502807511486	([1390, 1297], [1390, 1357, 1297])
1	0.5795334495034318	0.611290385909497	([1098, 713], [1090, 884, 880])
1	0.5631803016884882	0.6113126357264677	([998, 868], [1017, 970, 910])
1	0.6036287602848793	0.6113759194931782	([1010, 933], [1010, 1009, 923])
1	0.6113936031779782	0.611424588536571	([396, 362], [396, 388, 368])
1	0.6015021497952556	0.6114519607686081	([1018, 874], [1044, 1018, 915])
1	0.5995220498535059	0.6115027597556709	([1381, 1217], [1381, 1379, 1217])
1	0.6048953598130968	0.6115219138780562	([1107, 697], [1107, 1088, 701])
1	0.6078520088408715	0.611527828940029	([203, 125], [203, 196, 125])
1	0.5971901123870735	0.611606478602056	([1045, 973], [1045, 1020, 1017])
1	0.6073926720859554	0.6116271985170644	([1509, 1386], [1509, 1481, 1436])
1	0.5953371417648027	0.6116313943278493	([1360, 1218], [1476, 1372, 1360])
1	0.6078475012256234	0.6116416625165932	([1384, 1286], [1386, 1384, 1286])
1	0.5781353145867038	0.6117818226704381	([1084, 680], [1090, 1084, 684])
1	0.5969053922968911	0.611788489934273	([1165, 1128], [1165, 1145, 1138])
1	0.5962763072391271	0.6117990182970761	([1313, 1205], [1313, 1286, 1253])
1	0.607033410256779	0.611863319543828	([1395, 1180], [1395, 1351, 1180])
1	0.5993383836572981	0.611876295216971	([370, 270], [370, 365, 268])
1	0.5942538650808703	0.6118805791796397	([1546, 1348], [1546, 1357, 1348])
1	0.5686168587304242	0.6118805791796397	([1565, 1293], [1546, 1490, 1357])
1	0.588236260417318	0.6119072436366838	([1454, 1395], [1504, 1498, 1454])
1	0.6082916134143074	0.6119439147869682	([1448, 1387], [1448, 1415, 1387])
1	0.5893429440331305	0.6120227924509357	([1421, 1341], [1421, 1385, 1341])
1	0.5896469376755817	0.6120270864710909	([365, 303], [365, 364, 303])
1	0.6029986380619381	0.6120344932871973	([801, 697], [886, 801, 697])
1	0.5983034615949688	0.6120344932871973	([887, 699], [887, 886, 697])
1	0.6065517112833267	0.6120494863875057	([1094, 687], [1094, 1088, 687])
1	0.5927749385611497	0.612137354051385	([1371, 1150], [1371, 1150, 1140])
1	0.6059503934375572	0.6121599341737552	([1066, 906], [1067, 1066, 906])
1	0.574618053402873	0.6121860924074267	([657, 627], [661, 653, 642])
1	0.6047794363268089	0.6122583772133973	([1463, 1362], [1482, 1463, 1362])
1	0.6086188019908975	0.6123145919559732	([1540, 1252], [1549, 1540, 1252])
1	0.5970574691634972	0.6123579531503058	([394, 136], [408, 394, 106])
1	0.5994831901686054	0.6124294400110044	([1380, 1215], [1380, 1378, 1215])
1	0.6119040025230298	0.6125169302191905	([1538, 1311], [1554, 1523, 1311])
1	0.6086940958724769	0.612563722664778	([386, 300], [391, 386, 300])
1	0.5692484714824022	0.6126182358625529	([1535, 1367], [1535, 1472, 1443])
1	0.6059411985940885	0.6126195887284086	([1548, 1450], [1548, 1481, 1450])
1	0.5939856266021549	0.6126571501942094	([1374, 1171], [1374, 1363, 1149])
1	0.5597259378074202	0.612658030784884	([1164, 1103], [1165, 1164, 1128])
1	0.609116118889861	0.6126688500103504	([583, 528], [590, 583, 528])
1	0.6018887563838292	0.6127494227607879	([1282, 1199], [1282, 1233, 1199])
1	0.6041300366707689	0.6127801486632506	([1384, 1332], [1384, 1359, 1350])
1	0.5992108415508354	0.6127881827398002	([1370, 1174], [1370, 1213, 1210])
1	0.610784898933419	0.6128012274887986	([1470, 890], [1470, 1468, 890])
1	0.612560651954053	0.6128478256786857	([387, 313], [387, 367, 313])
1	0.6077430773763436	0.6128997575144424	([1422, 1356], [1425, 1422, 1348])
1	0.571620632815278	0.6129316892587845	([679, 612], [679, 673, 614])
1	0.607011773396074	0.6129316892587845	([712, 614], [712, 679, 614])
1	0.5738211757891196	0.6130718067492444	([481, 384], [481, 480, 384])
1	0.5917303592666756	0.6130935709454662	([1522, 1371], [1522, 1520, 1371])
1	0.6068414910275625	0.6131309925086159	([959, 904], [959, 948, 903])
1	0.5877793121756274	0.6131413371881217	([1371, 1112], [1380, 1216, 1215])
1	0.6073604199726206	0.6131464996727415	([624, 376], [627, 624, 376])
1	0.6014171376171094	0.6131562156229702	([1100, 700], [1100, 1080, 700])
1	0.6061586883288438	0.6131999320312986	([1005, 924], [1005, 995, 916])
1	0.6002857521580353	0.61322759106176	([155, 23], [155, 127, 100])
1	0.5776401847539986	0.6132525974638082	([505, 457], [510, 507, 462])
1	0.5916882059988962	0.6132862281659239	([696, 599], [696, 692, 611])
1	0.5980331699449482	0.613326219292575	([996, 951], [996, 973, 951])
1	0.6009663796465506	0.6133580448502252	([1368, 1106], [1372, 1368, 1106])
1	0.6062791952677653	0.6133992432589496	([1292, 1176], [1292, 1283, 1176])
1	0.6035066856828238	0.6134545796079575	([1333, 1244], [1333, 1301, 1264])
1	0.5857603528284829	0.6134647514449991	([1308, 1152], [1309, 1308, 1211])
1	0.6069967143911894	0.613495048083474	([1445, 1227], [1474, 1445, 1229])
1	0.5518196908171794	0.6135275363697883	([242, 165], [240, 239, 184])
1	0.6120058558485972	0.6135282263877061	([1137, 957], [1137, 1110, 1106])
1	0.6026525629794699	0.6135369095700078	([179, 117], [179, 159, 117])
1	0.6111111246313313	0.6135436860949528	([1157, 688], [1168, 1157, 688])
1	0.6075025579972818	0.6136237483546418	([880, 679], [880, 713, 679])
1	0.612814487433299	0.6136400394817496	([1105, 900], [1105, 1085, 900])
1	0.6068678503913434	0.6136551040656449	([1148, 890], [1221, 1148, 1143])
1	0.5902870390918113	0.6136845585503801	([596, 532], [596, 590, 540])
1	0.6070907286401612	0.6136878012075645	([1009, 846], [1009, 1000, 846])
1	0.6112141127633929	0.6136920191231491	([877, 802], [901, 896, 802])
1	0.6134313475551018	0.6137200476559935	([1510, 1313], [1535, 1510, 1313])
1	0.6059875616510201	0.6137897369013183	([369, 310], [373, 369, 310])
1	0.6024822074533004	0.613789990830117	([387, 236], [387, 365, 268])
1	0.6110478710746711	0.613789990830117	([394, 268], [394, 387, 268])
1	0.6029176611747117	0.6138089888395862	([1326, 1271], [1350, 1330, 1271])
1	0.59695477941441	0.6138263102158423	([1215, 1082], [1215, 1148, 1087])
1	0.5996418541173352	0.6138392361607883	([1087, 746], [1106, 1087, 1079])
1	0.5932375740650402	0.6138450269755092	([1287, 1149], [1370, 1287, 1149])
1	0.5819826880591623	0.6138548005794313	([1437, 1315], [1439, 1437, 1315])
1	0.5904988224673684	0.6138548005794313	([1485, 1315], [1485, 1439, 1315])
1	0.5925579927637175	0.6138565606140999	([247, 154], [247, 238, 154])
1	0.5893886744377451	0.613857295498355	([402, 87], [406, 392, 95])
1	0.5823291149639622	0.6139225847191107	([392, 95], [402, 397, 81])
1	0.5893042252663324	0.6139244332460612	([1477, 1092], [1471, 1469, 1092])
1	0.5792609822829813	0.614094072287006	([672, 602], [679, 672, 612])
1	0.5748364669189359	0.6140955764058657	([244, 164], [243, 241, 164])
1	0.5763836876095502	0.6141061248566565	([1210, 886], [1210, 1085, 1083])
1	0.5839442697286737	0.6141825207525263	([224, 88], [224, 214, 97])
1	0.6007761220439864	0.614190230210202	([384, 277], [384, 337, 327])
1	0.6064832029194576	0.6142089975450975	([235, 4], [235, 144, 137])
1	0.5998432931900413	0.6142145257540291	([536, 439], [536, 533, 425])
1	0.6068865053135067	0.6142304722117541	([1366, 1076], [1375, 1366, 1076])
1	0.6051173576102369	0.6142480128738996	([262, 44], [262, 92, 39])
1	0.6061321291432211	0.6142748499695562	([399, 97], [399, 99, 97])
1	0.6069522293811405	0.6142965067283196	([1425, 1243], [1546, 1425, 1243])
1	0.6104177568461796	0.6143044149924112	([287, 143], [287, 260, 145])
1	0.48955300846544336	0.6143138260802272	([925, 856], [908, 876, 822])
1	0.6053272981489266	0.6143201281876175	([333, 160], [333, 294, 74])
1	0.6117556551311311	0.6143354200108633	([286, 103], [286, 104, 103])
1	0.5998448620137652	0.6143467927391482	([670, 594], [671, 670, 602])
1	0.6110601142766977	0.6143770602203819	([1089, 894], [1099, 1089, 894])
1	0.5926092652350331	0.6144491752769538	([131, 25], [130, 116, 26])
1	0.6017305157636873	0.6144796556450873	([1158, 882], [1149, 1106, 1088])
1	0.5624628125415723	0.6144842335540387	([160, 74], [160, 157, 130])
1	0.6009745692057203	0.6144964110326321	([1067, 1034], [1067, 1064, 1034])
1	0.6014375805570072	0.6145060599741067	([591, 535], [591, 556, 543])
1	0.5443396897116825	0.6145080633934547	([1390, 1333], [1422, 1421, 1348])
1	0.6134544300608724	0.6145097380338735	([300, 42], [300, 108, 42])
1	0.6073664193704303	0.614551902025855	([132, 28], [132, 86, 9])
1	0.6028108725226192	0.6145699528016326	([1092, 683], [1092, 708, 681])
1	0.5972383116657441	0.6145699528016326	([1092, 708], [1092, 1085, 681])
1	0.6145460633776426	0.6146467477154813	([880, 747], [881, 880, 747])
1	0.5814175998128447	0.6146469469569651	([599, 536], [612, 600, 534])
1	0.583918317514947	0.6147555488967305	([907, 771], [907, 822, 795])
1	0.5792689853982068	0.6147772356931757	([398, 10], [410, 399, 97])
1	0.6043854809209138	0.6147805773024462	([605, 549], [605, 587, 579])
1	0.5974213927311942	0.6148136272377052	([963, 877], [967, 965, 892])
1	0.6041463004355662	0.61485397710237	([603, 537], [603, 590, 537])
1	0.6064479909071557	0.6148541654682518	([1343, 1281], [1350, 1343, 1282])
1	0.5882947057006089	0.6148615766522545	([534, 419], [597, 419, 394])
1	0.6026776034659047	0.6148707246521015	([382, 243], [384, 382, 243])
1	0.6059105321135256	0.6148945772042672	([1208, 882], [1208, 1207, 882])
1	0.6106040048947542	0.6149681330916059	([1319, 1266], [1319, 1299, 1266])
1	0.6086183389463177	0.6150014064662701	([1138, 896], [1139, 1090, 1083])
1	0.6091002866170281	0.6150028699624112	([308, 245], [308, 306, 245])
1	0.5925238478125631	0.6150096207770975	([884, 678], [1094, 884, 678])
1	0.6061733128439591	0.6150096207770975	([1093, 678], [1094, 1093, 678])
1	0.5783640368577843	0.6150191371678113	([415, 140], [399, 394, 97])
1	0.6124576506058041	0.6150454280559194	([1417, 1282], [1426, 1417, 1282])
1	0.5869258350499118	0.6151220865461726	([388, 301], [388, 370, 312])
1	0.6146791565659568	0.6151559143061305	([432, 219], [432, 404, 396])
1	0.610418380044117	0.6151623210677668	([1519, 1415], [1549, 1519, 1387])
1	0.591689597334071	0.615205879647428	([591, 520], [591, 531, 517])
1	0.6096643564357322	0.6152156395742249	([1443, 1314], [1474, 1366, 1314])
1	0.6117394662445688	0.615263062588282	([1022, 875], [1022, 990, 875])
1	0.6079438999883502	0.6152796482857215	([884, 696], [884, 880, 696])
1	0.6071838865980204	0.6153397802474181	([997, 842], [997, 943, 841])
1	0.6115394759110407	0.6153570668148279	([1160, 1089], [1160, 1154, 1089])
1	0.6068119060705188	0.6154157272265224	([690, 597], [704, 690, 596])
1	0.6018896426650059	0.6154577885822431	([882, 712], [890, 882, 748])
1	0.6140491668473842	0.6154850903273903	([1097, 682], [1097, 1080, 700])
1	0.5899889666372192	0.6154922494932445	([238, 45], [231, 33, 1])
1	0.6127181634140211	0.6154955587734902	([980, 912], [1001, 980, 912])
1	0.5737336860686014	0.615540651839801	([1204, 1105], [1204, 1162, 1105])
1	0.6131888614855635	0.6156411741428602	([615, 531], [615, 598, 531])
1	0.5644650443848697	0.615654608221841	([909, 804], [900, 889, 876])
1	0.6134115449870834	0.615655861912186	([770, 727], [770, 756, 748])
1	0.6047132355550618	0.615655861912186	([770, 748], [770, 765, 756])
1	0.5737268711193211	0.6157353379622045	([1221, 890], [1211, 1108, 890])
1	0.5787119422247445	0.6159634897363558	([365, 52], [370, 368, 270])
1	0.5706797346484166	0.6159743153166882	([1067, 907], [1078, 1074, 890])
1	0.6140880686559222	0.6159834012962627	([412, 222], [417, 412, 110])
1	0.6058763785935887	0.6159862701281306	([534, 444], [534, 444, 419])
1	0.5930834394797398	0.6160146102852001	([195, 124], [210, 195, 124])
1	0.6082441899511207	0.6160361696017534	([1313, 1146], [1369, 1313, 1309])
1	0.6126306110935815	0.6160939277054437	([1140, 884], [1140, 1106, 1100])
1	0.5992276713922243	0.6161544787834974	([1276, 1180], [1276, 1262, 1245])
1	0.6045464986324938	0.616156317211231	([1109, 739], [1096, 1087, 746])
1	0.5846906046275778	0.616174467828258	([1091, 733], [1142, 1110, 733])
1	0.5838963482801821	0.6161879925947964	([504, 460], [504, 498, 479])
1	0.6029874804215736	0.6161964161765133	([955, 801], [955, 953, 803])
1	0.600378314630008	0.6162212035154594	([1089, 686], [1090, 1089, 688])
1	0.5599987969671305	0.6162831668781836	([119, 74], [131, 75, 74])
1	0.582171133084657	0.6162837787789163	([1354, 1246], [1354, 1348, 1246])
1	0.6021845830136219	0.6162915085614984	([893, 745], [893, 887, 745])
1	0.6002969178419048	0.6162962657265709	([383, 256], [383, 295, 278])
1	0.5845006976802626	0.616314044058938	([1553, 1147], [1553, 1147, 1118])
1	0.5926593737539048	0.6163879447518897	([1154, 1072], [1154, 1085, 1072])
1	0.5940652460322974	0.6163924001019676	([872, 657], [872, 868, 658])
1	0.6138722778876312	0.6164670774360812	([1367, 1214], [1367, 1360, 1214])
1	0.6163228720974857	0.6165037197720269	([907, 745], [907, 745, 696])
1	0.596007545531004	0.6165433089000255	([1117, 1071], [1117, 1098, 1071])
1	0.58999359351718	0.6165520642946771	([552, 514], [553, 552, 480])
1	0.6047243590597254	0.6165655764259022	([393, 105], [394, 393, 97])
1	0.6121413948637927	0.6165696152648542	([827, 777], [827, 823, 791])
1	0.5932908943573876	0.6166123255722997	([1381, 1285], [1361, 1317, 1285])
1	0.6074965592314682	0.616640348213672	([1084, 889], [1098, 1084, 889])
1	0.610614673960818	0.6166545752799406	([1314, 1081], [1314, 1225, 1208])
1	0.5915405474822358	0.6167086103331739	([907, 696], [907, 771, 753])
1	0.605712491010166	0.6167671664056475	([1369, 1257], [1369, 1257, 1226])
1	0.607064092784952	0.6168100153453804	([1413, 1179], [1505, 1267, 1266])
1	0.6110420976047712	0.6168592679800862	([1484, 1236], [1484, 1465, 1225])
1	0.6037347711578488	0.6168752022608976	([1511, 1416], [1511, 1484, 1416])
1	0.5972205570922523	0.616962468309296	([683, 615], [675, 668, 615])
1	0.6058916975790041	0.6170078499213182	([1111, 711], [1158, 1111, 708])
1	0.6073450314494615	0.6170663885267185	([1431, 1245], [1495, 1431, 1395])
1	0.6152224216671357	0.6170759464647961	([688, 407], [713, 688, 407])
1	0.5985060020213042	0.6171895479729232	([1074, 676], [1091, 885, 671])
1	0.6162074014440538	0.6172423274695289	([1554, 907], [1554, 1373, 1287])
1	0.6065948209394285	0.6173067796973536	([413, 107], [413, 398, 96])
1	0.5959907897353973	0.6173551969937102	([877, 753], [879, 877, 676])
1	0.5918073417660209	0.6173987864446369	([274, 164], [274, 244, 242])
1	0.6017270886775061	0.6174296056317105	([655, 623], [659, 657, 627])
1	0.5809389841321202	0.6174484387743386	([369, 286], [369, 323, 310])
1	0.6148493287565694	0.6174803765962021	([363, 234], [363, 261, 234])
1	0.6140339307668792	0.6174838592029619	([1061, 912], [1061, 999, 994])
1	0.6126082420524208	0.6175528996892545	([417, 230], [417, 263, 262])
1	0.5873635581749191	0.617560464190424	([1085, 896], [1090, 896, 880])
1	0.602723180934882	0.6175651749312334	([1021, 905], [1021, 989, 954])
1	0.6078460358466786	0.6176204098482839	([1145, 889], [1174, 1148, 891])
1	0.6054000436837845	0.6177182189014548	([511, 468], [511, 508, 468])
1	0.612395734489984	0.6177581067998461	([396, 288], [396, 371, 288])
1	0.6117248476269197	0.6178228009424459	([895, 702], [895, 880, 747])
1	0.6053812639782629	0.6178637410393758	([292, 168], [292, 240, 160])
1	0.6109475748290678	0.617900305979512	([1442, 1317], [1442, 1364, 1317])
1	0.6057474977427652	0.6179405749873433	([535, 413], [538, 535, 446])
1	0.6110723038660666	0.6179515681881416	([298, 77], [298, 263, 77])
1	0.5955140611223962	0.6179794766776727	([1506, 1179], [1506, 1390, 1179])
1	0.6080240023999617	0.6180022350361901	([1061, 994], [1061, 1025, 1016])
1	0.6177232665460004	0.618011044539259	([390, 224], [407, 390, 224])
1	0.6079354517921317	0.6180780010608766	([816, 760], [816, 809, 760])
1	0.6115409442286535	0.6180949102557493	([656, 637], [656, 651, 643])
1	0.5938989409037106	0.6181041111371497	([1369, 1087], [1369, 1145, 1097])
1	0.5805888755907985	0.6181601361959512	([399, 141], [403, 399, 141])
1	0.6115262449077967	0.6181613865227056	([1437, 1249], [1468, 1437, 1249])
1	0.591262195298187	0.6182114862085708	([1106, 744], [1142, 1087, 746])
1	0.6101566102372291	0.6182597954254903	([366, 258], [366, 359, 298])
1	0.5938855426630273	0.6182743905053409	([1316, 1239], [1377, 1316, 1223])
1	0.6011975381684815	0.6183558866049325	([1556, 1085], [1556, 1208, 1154])
1	0.5674903855411103	0.618358408266709	([1214, 1109], [1214, 1109, 1093])
1	0.5974186505914008	0.6183724375977602	([538, 446], [535, 533, 438])
1	0.6017681508745498	0.6183751536300508	([1473, 1158], [1473, 1440, 1158])
1	0.6094207295188973	0.6184200468268722	([404, 219], [404, 219, 104])
1	0.6056974412086996	0.6184200906316666	([943, 841], [997, 941, 842])
1	0.6016233887356066	0.6184388809689506	([1288, 1096], [1376, 1290, 1094])
1	0.6128350530924017	0.6185039519895331	([302, 43], [302, 46, 43])
1	0.59530520455733	0.6185039519895331	([302, 2], [302, 282, 46])
1	0.6119342814847869	0.6185956526637403	([1270, 1187], [1271, 1270, 1187])
1	0.5957569464656759	0.6186175085479992	([1531, 1453], [1531, 1453, 1445])
1	0.6018237195188387	0.6187042301424633	([1354, 1180], [1505, 1395, 1180])
1	0.6046832420405598	0.6187047588969153	([1153, 707], [1153, 1148, 712])
1	0.6023688646829255	0.6187047588969153	([1156, 712], [1224, 1153, 712])
1	0.5984681080752519	0.6187373812901015	([964, 883], [964, 900, 896])
1	0.5856110637809943	0.6187373812901015	([1080, 964], [1090, 964, 896])
1	0.6062116999828987	0.6188467842596729	([1361, 1220], [1373, 1361, 1213])
1	0.611462114232716	0.618891599011354	([1044, 969], [1044, 1022, 1017])
1	0.6107585514722463	0.6189018153262468	([796, 729], [796, 781, 729])
1	0.6167993298569331	0.6189143003020029	([1121, 1068], [1121, 1113, 1068])
1	0.6087241430253562	0.6189443630535846	([904, 821], [904, 876, 875])
1	0.617287939081203	0.6189533826492515	([256, 56], [256, 165, 56])
1	0.5752717020922835	0.6189686422837668	([880, 701], [1081, 733, 680])
1	0.6131434792919087	0.6189967668443198	([282, 135], [282, 260, 135])
1	0.5980027423516449	0.6190215256831879	([1435, 1294], [1512, 1434, 1297])
1	0.6137892408888791	0.6190881216573415	([702, 415], [702, 415, 394])
1	0.6103904503447077	0.619099385181248	([417, 110], [417, 231, 230])
1	0.6025174069601429	0.619099385181248	([392, 1], [417, 392, 231])
1	0.6086287152485517	0.61910605121715	([1438, 1172], [1438, 1374, 1149])
1	0.6116918062606508	0.6191078011465546	([818, 765], [823, 818, 765])
1	0.6072255979251369	0.6191315509252081	([657, 480], [627, 581, 553])
1	0.6146329649732034	0.6191366793177873	([1311, 1088], [1311, 1223, 1088])
1	0.6176941865337328	0.6191506954259107	([1121, 956], [1138, 1121, 956])
1	0.6114646386979167	0.6191796848391823	([327, 239], [327, 278, 243])
1	0.6148927183298505	0.6193063967912508	([690, 431], [690, 673, 390])
1	0.6161571454232265	0.6193080466859819	([1508, 1325], [1508, 1325, 1294])
1	0.6065111274477943	0.6193320559970008	([1110, 695], [1158, 1110, 695])
1	0.6174909893613678	0.6193863555731018	([480, 279], [480, 385, 279])
1	0.5892235305720684	0.6194501111914988	([905, 802], [877, 803, 802])
1	0.6187810011077747	0.6194599585906835	([1053, 951], [1053, 951, 944])
1	0.6176144569055679	0.6194693361557936	([405, 365], [405, 392, 365])
1	0.6076037187707205	0.6194824651512192	([1168, 715], [1168, 715, 695])
1	0.6066158617563127	0.6194824651512192	([1151, 689], [1168, 1158, 695])
1	0.6104324951957562	0.6194894375823607	([1491, 1234], [1505, 1491, 1234])
1	0.6171433605667481	0.6195156696842634	([266, 102], [266, 103, 102])
1	0.5931293220157268	0.6195156696842634	([266, 46], [286, 266, 103])
1	0.615332138808042	0.6195277965743564	([884, 710], [884, 710, 702])
1	0.5962676081308422	0.6195277965743564	([881, 745], [895, 884, 702])
1	0.6032137096930814	0.619539673367481	([1328, 1231], [1315, 1253, 1231])
1	0.6155690874599707	0.6195566291654063	([1384, 1229], [1384, 1361, 1286])
1	0.6182546114077465	0.6196724507861714	([1301, 1235], [1301, 1264, 1235])
1	0.6138713950093084	0.619696735906427	([506, 292], [506, 292, 74])
1	0.5952797465723968	0.6196976194385683	([509, 439], [510, 509, 439])
1	0.5879019710726086	0.6196976194385683	([533, 424], [529, 510, 439])
1	0.6138592301297668	0.6197007159832343	([837, 759], [837, 830, 759])
1	0.6131225289693212	0.6197197180249958	([1043, 839], [1043, 994, 988])
1	0.5904821759939373	0.6197301356375997	([1142, 877], [1142, 1098, 877])
1	0.60548687083674	0.6198135050706535	([1524, 1207], [1524, 1476, 1444])
1	0.6062825896418853	0.6198381060228434	([266, 37], [266, 46, 37])
1	0.6145214059430392	0.6198480098212628	([371, 237], [371, 297, 237])
1	0.6115519131304117	0.619848620442441	([1171, 879], [1171, 879, 736])
1	0.610456121781325	0.619855142583909	([1312, 1207], [1312, 1311, 1207])
1	0.6180020772387698	0.6198612569185645	([875, 779], [875, 797, 790])
1	0.609830644435128	0.6198809534738164	([1483, 1368], [1483, 1475, 1368])
1	0.6074685189494826	0.6199022440753705	([1443, 1157], [1443, 1254, 1225])
1	0.5993058149691629	0.6199022440753705	([1465, 1225], [1465, 1443, 1225])
1	0.599360798867767	0.6199116682934624	([1303, 1240], [1341, 1303, 1298])
1	0.6101748241237187	0.6199771457933256	([361, 75], [361, 75, 46])
1	0.6197349513725328	0.6199771593890602	([808, 655], [808, 807, 656])
1	0.6132868132601161	0.6200122545530016	([1011, 950], [1011, 999, 935])
1	0.5794631364879046	0.6200218676865332	([1193, 1133], [1200, 1164, 1123])
1	0.6143745831859226	0.6200310361146973	([677, 618], [677, 673, 618])
1	0.5996986579584854	0.6200322749051552	([1549, 1150], [1549, 1380, 1256])
1	0.6043064066298506	0.6200486497652343	([907, 532], [907, 532, 508])
1	0.6197309757601026	0.6200608628284664	([407, 7], [407, 261, 234])
1	0.615592791017265	0.6200775652013159	([1481, 1328], [1508, 1481, 1328])
1	0.6185176819209987	0.6200928467913887	([1147, 705], [1147, 1110, 705])
1	0.5932205674587838	0.6201070140766908	([1085, 681], [1092, 880, 703])
1	0.6024130590475858	0.6201450420095708	([206, 18], [216, 206, 18])
1	0.6066635955604424	0.6202727378003469	([1224, 879], [1224, 1113, 879])
1	0.6167782538276534	0.6202774424631676	([1017, 867], [1017, 1003, 867])
1	0.6117040454159034	0.620279805036333	([1158, 965], [1158, 965, 881])
1	0.6005755887544227	0.6203751687711629	([1158, 708], [1110, 733, 710])
1	0.618666742664441	0.6204130024670588	([607, 374], [607, 515, 374])
1	0.5915756177678905	0.6204553640509508	([1500, 1294], [1481, 1363, 1338])
1	0.6099520112785897	0.6204633312167227	([1317, 1230], [1317, 1285, 1230])
1	0.6072296492931883	0.6204775916764859	([891, 685], [891, 705, 693])
1	0.6173819850324818	0.6204775916764859	([893, 693], [893, 891, 693])
1	0.6116799996280147	0.6204852338674302	([1086, 690], [1097, 1086, 685])
1	0.6165176135501836	0.6205036136314686	([621, 292], [607, 515, 506])
1	0.6088825222800215	0.6205447077212585	([1431, 1131], [1505, 1431, 1131])
1	0.5398307938003949	0.6205717856305711	([1080, 890], [1067, 992, 990])
1	0.5746803800281476	0.6205964434564922	([1174, 733], [890, 886, 690])
1	0.6031412610349589	0.6206182282371094	([549, 519], [549, 538, 522])
1	0.5867610245542746	0.6206370928149217	([1489, 1273], [1505, 1488, 1278])
1	0.5986524168285511	0.6206585982150968	([1306, 1227], [1306, 1254, 1248])
1	0.6155472429355577	0.6206644570984	([1367, 1083], [1367, 1365, 1083])
1	0.612440913637789	0.6206825777601241	([1289, 1105], [1289, 1228, 1105])
1	0.5704830517532173	0.6207433233095241	([408, 106], [288, 266, 100])
1	0.6202734373743903	0.6207450898063321	([421, 135], [421, 392, 95])
1	0.5891425964171159	0.620749048467478	([407, 234], [407, 391, 261])
1	0.6116865281967081	0.620749048467478	([597, 261], [597, 391, 261])
1	0.6057607960619277	0.6207505418614665	([1048, 946], [1048, 1018, 914])
1	0.6068087618246227	0.6207915610264791	([1021, 825], [1021, 992, 840])
1	0.6079767034859614	0.620800998806793	([545, 500], [545, 515, 502])
1	0.6005074809473163	0.620864999851086	([1224, 712], [1156, 1090, 713])
1	0.6036664206874993	0.6209344294334305	([548, 501], [548, 529, 508])
1	0.6181656582118116	0.621051076152157	([1429, 1296], [1429, 1296, 1269])
1	0.5995337883468211	0.6210663012444833	([883, 683], [891, 883, 683])
1	0.6205548539396764	0.6210857550773993	([129, 23], [129, 44, 23])
1	0.6126811120562189	0.6211151773368692	([1438, 1257], [1438, 1378, 1257])
1	0.5868831935016464	0.6211390288881862	([407, 145], [407, 145, 138])
1	0.6167295945501187	0.6212246548739736	([993, 812], [996, 993, 812])
1	0.6050073238429888	0.6212246548739736	([1017, 812], [1017, 996, 812])
1	0.6198946072682444	0.6212678833587802	([408, 137], [413, 408, 137])
1	0.5946068841320973	0.6212735011649974	([986, 952], [976, 969, 947])
1	0.6205970141467081	0.6212749837061934	([979, 941], [997, 979, 973])
1	0.6061297263439148	0.621290374190936	([1422, 1302], [1422, 1394, 1302])
1	0.6210483517861167	0.6213124190694992	([1145, 905], [1145, 905, 889])
1	0.5925623955474927	0.6213185657895564	([1519, 1251], [1519, 1469, 1251])
1	0.6060539205654352	0.6213462953923897	([1504, 1262], [1431, 1345, 1245])
1	0.6173913411463572	0.6213609841412978	([878, 800], [884, 878, 801])
1	0.5989448925106111	0.6213739425404928	([417, 263], [392, 106, 85])
1	0.5992098519391188	0.621395531757907	([674, 537], [674, 598, 537])
1	0.6207701775207191	0.6214208532224857	([1058, 976], [1058, 1047, 976])
1	0.6159841184724686	0.6214419313231195	([382, 131], [376, 293, 131])
1	0.598244715863427	0.6214655016303671	([891, 708], [891, 886, 685])
1	0.595110126536269	0.6214903073422801	([300, 108], [300, 263, 48])
1	0.6177845420917464	0.6214903073422801	([287, 48], [300, 287, 48])
1	0.5978372814146549	0.621531004364495	([243, 59], [256, 243, 59])
1	0.6211435762380729	0.6215683734474609	([614, 437], [614, 600, 418])
1	0.6146941110413618	0.6215895199075524	([898, 743], [896, 895, 743])
1	0.5929689393128716	0.6215931485820299	([1003, 850], [1017, 915, 865])
1	0.6032550293082201	0.6215953841737181	([1251, 1156], [1251, 1214, 1205])
1	0.5609025202361925	0.6216406424921206	([553, 480], [544, 541, 525])
1	0.6160599252016087	0.6216901380577309	([413, 229], [413, 229, 137])
1	0.5997875963935614	0.6217361298320365	([283, 32], [283, 264, 32])
1	0.6132166888099382	0.6217482292947833	([395, 3], [395, 112, 34])
1	0.60730946803033	0.6217482292947833	([395, 112], [400, 395, 34])
1	0.600997790893333	0.6217582066010546	([1099, 707], [1082, 707, 689])
1	0.6187781641545322	0.6217582066010546	([1076, 697], [1082, 1076, 689])
1	0.6089187568745781	0.6217685711764265	([286, 36], [286, 83, 36])
1	0.6072962859911654	0.6217878101395056	([378, 116], [378, 309, 116])
1	0.6139098581185591	0.6218041919480557	([1043, 902], [1043, 1022, 902])
1	0.584320524336456	0.6218281179827742	([879, 706], [886, 877, 736])
1	0.5859644458464407	0.6218354410758357	([1086, 735], [1086, 735, 702])
1	0.5834752328662687	0.6218585369068051	([588, 391], [534, 533, 425])
1	0.5879910960509102	0.6218721821843216	([1448, 1230], [1448, 1387, 1230])
1	0.6113322318802167	0.6219399001201346	([900, 649], [908, 900, 635])
1	0.6168034964785104	0.6219409668941995	([1362, 1102], [1472, 1317, 1102])
1	0.6100306654552893	0.6219522160830967	([343, 252], [343, 328, 240])
1	0.6128009286390398	0.6220510982946177	([1444, 1209], [1444, 1367, 1209])
1	0.6083720303108675	0.6220714423481218	([1518, 1315], [1548, 1518, 1315])
1	0.6175879942446696	0.6221115094279285	([1297, 1190], [1297, 1282, 1190])
1	0.5689246882842314	0.6222505692349243	([886, 672], [898, 885, 802])
1	0.6137263349856208	0.6222548947818668	([1463, 1398], [1501, 1463, 1398])
1	0.6047156841648322	0.6222548947818668	([1511, 1398], [1511, 1501, 1398])
1	0.6212915029153074	0.6222569297868277	([1213, 703], [1213, 1149, 1092])
1	0.6200080059599528	0.6222686772581565	([1562, 1292], [1562, 1532, 1337])
1	0.6211074941518766	0.6222699808303369	([317, 141], [317, 300, 0])
1	0.6141417301732686	0.622288143073113	([390, 33], [390, 33, 10])
1	0.6117948756502951	0.6223021397904712	([1424, 1259], [1425, 1424, 1259])
1	0.6095960214122449	0.6223226843522414	([1470, 1203], [1470, 1204, 1203])
1	0.6007152292261454	0.622382982614837	([247, 176], [247, 194, 159])
1	0.6110507661377114	0.6223935250621432	([1271, 907], [1271, 1177, 907])
1	0.6092061287093262	0.6224161928485746	([892, 677], [892, 740, 677])
1	0.541913321146799	0.6224208916332784	([1205, 907], [1142, 1086, 1078])
1	0.6098127045861074	0.6224564499632842	([612, 408], [612, 599, 405])
1	0.5892205776330123	0.6224616997109768	([1526, 1381], [1550, 1526, 1381])
1	0.6135497130446524	0.6224686943072585	([1545, 1414], [1545, 1529, 1437])
1	0.6180056821768548	0.6225113697780237	([1367, 696], [1367, 1083, 696])
1	0.6034653022746924	0.6225672097234647	([1084, 741], [1084, 741, 701])
1	0.6033053920125471	0.6225755022717577	([1087, 881], [1087, 1077, 895])
1	0.6153971402579919	0.622577433199126	([1548, 1250], [1548, 1286, 1252])
1	0.5948907172593021	0.6225839198466199	([1532, 1337], [1562, 1559, 1292])
1	0.6210464331134574	0.622616908045071	([433, 155], [433, 419, 155])
1	0.5962612182213433	0.6226532606095989	([1323, 1179], [1390, 1346, 1179])
1	0.602579095356807	0.622711756333054	([1565, 1323], [1565, 1546, 1321])
1	0.612543620521795	0.6227128980275474	([729, 669], [729, 719, 669])
1	0.6076564554489552	0.6227523419404888	([395, 144], [401, 395, 144])
1	0.6181103058124683	0.6227529952231574	([1544, 1384], [1544, 1461, 1436])
1	0.6205898112767001	0.6227579854284978	([1171, 703], [1213, 1176, 703])
1	0.6136123592204091	0.6227983487275964	([331, 246], [360, 298, 246])
1	0.6155221545743279	0.62286231045819	([242, 67], [242, 160, 59])
1	0.5870668198685874	0.6229219110209818	([658, 338], [627, 376, 279])
1	0.6167191623360653	0.6229270582950414	([1075, 670], [1096, 1075, 670])
1	0.5859576032916866	0.6229282130957157	([886, 801], [896, 878, 801])
1	0.6199003557413503	0.6229457121517854	([1464, 1286], [1564, 1537, 1286])
1	0.6180749187893232	0.6229723782668893	([963, 679], [963, 886, 877])
1	0.5955750282596004	0.6229920589683909	([634, 531], [634, 588, 531])
1	0.6061176582534581	0.6229932859431292	([892, 740], [892, 891, 740])
1	0.6138613338326773	0.6230411379873084	([1313, 1107], [1313, 1146, 1107])
1	0.6057042315202221	0.6230513918291216	([893, 717], [893, 745, 717])
1	0.6150889019430097	0.6230618210113221	([1084, 962], [1084, 1080, 964])
1	0.6139419991236741	0.6230650507724736	([801, 730], [801, 769, 730])
1	0.6091143427952546	0.6230965381592821	([426, 45], [426, 390, 45])
1	0.6165626729267505	0.6231441440946709	([1100, 958], [1100, 965, 955])
1	0.615002407856363	0.6231441440946709	([965, 700], [1158, 1100, 965])
1	0.5769946197553562	0.6231691144824468	([515, 307], [515, 480, 328])
1	0.6167697385445291	0.6232394500620547	([1523, 1340], [1523, 1514, 1340])
1	0.6220204371245717	0.6233094891490992	([1016, 814], [1016, 873, 868])
1	0.6132799203660434	0.6233330725289289	([1148, 744], [1148, 1106, 1086])
1	0.5787086342646177	0.6234392413607777	([1045, 823], [1045, 875, 823])
1	0.6066975389937681	0.6234803411182116	([404, 104], [417, 404, 13])
1	0.6113444757449871	0.623503154219072	([288, 125], [288, 125, 45])
1	0.6177173023352692	0.6235192425969724	([1038, 948], [1038, 998, 948])
1	0.5343921762629469	0.6235356064292558	([890, 753], [890, 748, 736])
1	0.6188106606030727	0.6235387004377391	([915, 810], [915, 844, 810])
1	0.5898763133573441	0.6235496522793297	([696, 399], [696, 684, 394])
1	0.6043024382697656	0.6235496522793297	([702, 394], [702, 696, 394])
1	0.6118209175477979	0.6235897699060255	([505, 422], [505, 467, 422])
1	0.587565284127622	0.6236059646333005	([1114, 679], [1114, 886, 885])
1	0.5952018723066564	0.6236499400625102	([1360, 890], [1369, 1360, 890])
1	0.6056130171710674	0.6237162981065021	([284, 211], [284, 235, 233])
1	0.6028508033789988	0.6237342543392896	([994, 839], [994, 910, 839])
1	0.5849184863339988	0.6237399610889979	([245, 177], [245, 239, 172])
1	0.6195890716943616	0.6237730748713467	([1264, 1193], [1264, 1245, 1193])
1	0.5819741351923065	0.6237888809540127	([304, 53], [304, 298, 53])
1	0.5938601473136808	0.6238150022722992	([1290, 1170], [1306, 1290, 1285])
1	0.6102332074100353	0.6238585582964211	([530, 402], [533, 530, 424])
1	0.6118024428724408	0.6238795587087722	([595, 423], [596, 595, 423])
1	0.6147454517101473	0.6239220523810728	([371, 77], [371, 298, 285])
1	0.6064396222887265	0.6240315845159903	([1067, 965], [1067, 992, 964])
1	0.6222080291216481	0.6240431202719526	([176, 126], [220, 176, 126])
1	0.5902524056780429	0.6241060531736642	([415, 6], [415, 86, 6])
1	0.5898261857600193	0.624125747401554	([1087, 966], [1087, 966, 897])
1	0.6204403963552932	0.6241464242615369	([1063, 953], [1073, 1066, 1063])
1	0.6190342355608071	0.6241686838876537	([537, 429], [537, 429, 424])
1	0.6075787794383246	0.6241686838876537	([537, 405], [537, 530, 424])
1	0.6007003721670423	0.6241762524009069	([1205, 892], [1147, 1106, 892])
1	0.6212039990244818	0.624182241020177	([1280, 1201], [1280, 1244, 1235])
1	0.6036730853877431	0.6242070743353232	([312, 147], [312, 263, 231])
1	0.6118358229425193	0.6242276878770817	([1515, 1291], [1515, 1291, 1257])
1	0.6182380646148147	0.6242313824589888	([199, 22], [221, 206, 18])
1	0.6193711110535204	0.6243113970025884	([1187, 953], [1187, 953, 839])
1	0.6235881721033113	0.624372272018602	([1315, 1091], [1315, 1254, 1231])
1	0.5985270167210218	0.6243736778714304	([1506, 1344], [1506, 1345, 1344])
1	0.5908804821912518	0.6245380239337431	([885, 671], [886, 885, 697])
1	0.6215241247153804	0.6245520257792327	([1435, 1347], [1435, 1347, 1326])
1	0.620699198250198	0.6245520257792327	([1418, 1326], [1435, 1418, 1326])
1	0.6022988824909207	0.6245707815213342	([437, 139], [437, 412, 222])
1	0.599145202730826	0.6245911995992497	([596, 413], [613, 595, 402])
1	0.6180504393596151	0.6246170007806126	([1078, 744], [1078, 890, 744])
1	0.620208066210162	0.6246659716572137	([885, 734], [885, 734, 710])
1	0.6042268920756392	0.6246718745499323	([1506, 1281], [1491, 1281, 1234])
1	0.6197572120268308	0.6247143622785988	([1489, 1133], [1489, 1488, 1133])
1	0.6066752851975854	0.624742010980165	([516, 295], [607, 516, 506])
1	0.6142950472318947	0.624742010980165	([593, 516], [607, 593, 516])
1	0.6159490709551144	0.6248672565405576	([1389, 1300], [1389, 1357, 1300])
1	0.5986662112584095	0.6248770603996454	([390, 303], [390, 386, 314])
1	0.6225157391398981	0.6249091226248611	([532, 403], [536, 532, 430])
1	0.6087628274957051	0.624912006753146	([388, 128], [388, 266, 128])
1	0.620116087956927	0.6249690037226371	([481, 161], [552, 481, 480])
1	0.6153722722908337	0.6250736697195177	([377, 161], [377, 294, 161])
1	0.6220217529325461	0.625075217494575	([1467, 907], [1467, 1373, 1362])
1	0.6218737148673278	0.6250823056029301	([1471, 1250], [1471, 1361, 1250])
1	0.6006833617744916	0.62515858949125	([120, 61], [120, 116, 58])
1	0.6093277612175405	0.6251685063196539	([1155, 887], [1155, 1089, 887])
1	0.6196737639703677	0.625182047739937	([1485, 1174], [1485, 1439, 1174])
1	0.6164258064644977	0.6252187040510548	([1145, 674], [1145, 1097, 682])
1	0.6035833556551267	0.6252203378013381	([1377, 701], [1377, 1100, 700])
1	0.623418285566675	0.6252216665446547	([1100, 736], [1100, 736, 734])
1	0.6251274175301643	0.6252304449784655	([198, 34], [215, 198, 34])
1	0.5996117247388318	0.6252334281005623	([1546, 1103], [1546, 1417, 1103])
1	0.5915374568171865	0.6253175910253319	([336, 165], [341, 336, 165])
1	0.6135723668583676	0.6253245665587039	([1216, 746], [1216, 746, 712])
1	0.6109272681481337	0.6253245665587039	([1216, 673], [1216, 1153, 712])
1	0.6190523816968859	0.625326659983163	([528, 464], [528, 518, 464])
1	0.6083851595352849	0.6253362741810303	([1363, 1068], [1363, 1083, 1068])
1	0.6095103667294656	0.6253604923842342	([1074, 734], [1074, 745, 734])
1	0.6238551598147211	0.6253790373180131	([1105, 750], [1105, 884, 750])
1	0.600815361221924	0.6253891530892474	([1545, 1273], [1545, 1543, 1273])
1	0.5961424068243913	0.6254221699912111	([1503, 1280], [1508, 1503, 1280])
1	0.6121422877921545	0.6254747797429201	([894, 674], [886, 882, 672])
1	0.6250432459968323	0.6255182833088081	([1051, 952], [1051, 952, 911])
1	0.6055471303398736	0.6255774236814501	([347, 68], [347, 346, 68])
1	0.5978981369681405	0.6256140614710076	([909, 772], [909, 797, 772])
1	0.62113494033069	0.6256921089660181	([1218, 697], [1254, 1218, 697])
1	0.6200685119317088	0.6256971141538938	([1520, 1217], [1520, 1371, 1217])
1	0.60543845458723	0.6257094341217193	([1069, 954], [1071, 956, 909])
1	0.622365112165184	0.6257193092954643	([1502, 1265], [1546, 1502, 1459])
1	0.6005849426043848	0.6257214871091139	([953, 803], [955, 898, 801])
1	0.6118744923252665	0.6257699683011785	([1528, 1270], [1528, 1437, 1270])
1	0.6241675085776149	0.6257947343488326	([1392, 1294], [1435, 1392, 1391])
1	0.6218022230677024	0.6258206125704197	([1020, 957], [1020, 992, 957])
1	0.6240389533525578	0.6258556747296571	([1515, 1375], [1551, 1515, 1509])
1	0.6231845845786064	0.625879961611029	([1157, 896], [1157, 1142, 907])
1	0.616978277441144	0.625879961611029	([1306, 907], [1306, 1157, 907])
1	0.6109209775297424	0.625879961611029	([1373, 907], [1554, 1157, 907])
1	0.5904648481501128	0.6259254551157787	([674, 598], [683, 674, 598])
1	0.6188660919242736	0.6259389789092156	([894, 737], [894, 882, 748])
1	0.6207880512871157	0.6260016277500868	([1046, 938], [1046, 987, 938])
1	0.6157982682655523	0.6260061699499638	([897, 804], [901, 897, 804])
1	0.6227065560128666	0.626023146433746	([1555, 1102], [1555, 1109, 1102])
1	0.6113335593283489	0.6260299929793868	([400, 218], [400, 389, 142])
1	0.6108038336699523	0.6260518627840628	([1515, 1257], [1533, 1515, 1291])
1	0.6216258690563519	0.6261684031767106	([741, 390], [741, 689, 673])
1	0.603503485754523	0.6261684031767106	([881, 675], [881, 741, 673])
1	0.6210500587348111	0.6262357392002298	([452, 111], [452, 430, 111])
1	0.6187606453480453	0.6263214117086765	([480, 169], [480, 339, 292])
1	0.619775509104634	0.6263809805853596	([749, 107], [749, 713, 700])
1	0.6130627198164253	0.6264283244202429	([1433, 1244], [1435, 1433, 1244])
1	0.6026306905116874	0.6264832754958887	([1180, 1131], [1189, 1180, 1125])
1	0.6202524269977239	0.6265208592759227	([1143, 673], [1143, 1086, 673])
1	0.5993390112506127	0.6265332194353253	([205, 78], [207, 205, 78])
1	0.6186567067290086	0.6265466073406766	([997, 808], [997, 911, 808])
1	0.623430361062029	0.626569177212346	([391, 135], [399, 391, 135])
1	0.6252166456758967	0.6265777680822158	([361, 229], [361, 299, 285])
1	0.5956414931295696	0.6265849780177871	([401, 134], [395, 144, 89])
1	0.6221770753315411	0.6265849780177871	([414, 89], [414, 395, 89])
1	0.6212172366124291	0.6265981930444561	([907, 594], [907, 596, 594])
1	0.5765643148215276	0.6266081504077728	([1430, 1233], [1430, 1428, 1246])
1	0.6137238063222823	0.6266094236707204	([908, 755], [907, 889, 755])
1	0.6219159237856982	0.6266232576422791	([1332, 1260], [1343, 1332, 1281])
1	0.6140702401759585	0.6266506324226359	([397, 125], [397, 141, 125])
1	0.5855137711776418	0.6267089071955306	([1510, 1258], [1510, 1313, 1292])
1	0.6213955424433224	0.6267089071955306	([1483, 1292], [1510, 1483, 1292])
1	0.6246034647075002	0.6267453919706676	([533, 126], [683, 676, 533])
1	0.6070525482630567	0.626750081088501	([754, 646], [754, 717, 696])
1	0.622858915257267	0.6268126486138853	([285, 156], [285, 156, 117])
1	0.60861504417225	0.6268470990217387	([371, 214], [389, 142, 95])
1	0.620319767769046	0.6268767605549381	([269, 132], [269, 132, 124])
1	0.5927155840184322	0.6268953964385662	([1507, 1387], [1507, 1472, 1387])
1	0.5944286104984161	0.6269182098854423	([428, 300], [428, 391, 390])
1	0.6260349858010807	0.6269235759692593	([887, 793], [887, 886, 793])
1	0.6131959254702634	0.6269289679114192	([695, 412], [702, 695, 412])
1	0.5935648139848266	0.6269922845086786	([1151, 964], [1151, 1087, 1078])
1	0.6208927656878215	0.6270228779093087	([1111, 894], [1111, 1106, 894])
1	0.5887284651303083	0.6270460430928342	([957, 771], [965, 957, 753])
1	0.619237740622595	0.627109281004916	([1437, 1085], [1437, 1218, 1176])
1	0.616491650321505	0.627109281004916	([1437, 1176], [1437, 1226, 1218])
1	0.6051175257551324	0.627109281004916	([1437, 1226], [1437, 1249, 1218])
1	0.6196203067116153	0.627109281004916	([1533, 1218], [1533, 1437, 1218])
1	0.6076341989866486	0.6271612920861187	([198, 93], [198, 135, 93])
1	0.5887853833379153	0.6271706388751189	([1516, 1377], [1521, 1516, 1377])
1	0.6226228851707188	0.6271871134369167	([241, 66], [254, 241, 72])
1	0.5955216249376041	0.627194207200028	([1420, 1328], [1481, 1420, 1386])
1	0.6221448593575617	0.627244431941037	([700, 413], [711, 700, 404])
1	0.6108598152413033	0.6272578426389699	([545, 385], [545, 515, 385])
1	0.6096614751029474	0.6273008400944368	([387, 126], [387, 313, 300])
1	0.5831091265280886	0.6273397423587925	([400, 34], [397, 233, 225])
1	0.6199014576843347	0.6273991631470468	([1465, 1313], [1465, 1444, 1313])
1	0.6261007987764644	0.6274862380175678	([289, 114], [300, 289, 114])
1	0.5698972021996085	0.6275364377703968	([1091, 709], [1091, 709, 693])
1	0.6055401480418748	0.6275453596444338	([1408, 1320], [1408, 1390, 1320])
1	0.6179298148055047	0.6275565537366501	([1504, 1347], [1504, 1497, 1347])
1	0.6258256895290113	0.6275644352176599	([259, 196], [259, 216, 196])
1	0.5899759709079697	0.6275725059311749	([1542, 1282], [1542, 1500, 1295])
1	0.6159223258696717	0.627578722105576	([364, 232], [364, 302, 285])
1	0.6262949642750137	0.627593539038526	([1116, 887], [1116, 1106, 887])
1	0.5893327306165896	0.6276028999507013	([1523, 1100], [1523, 1226, 1107])
1	0.6137164194981406	0.6276028999507013	([1538, 1107], [1538, 1523, 1107])
1	0.6267821758372736	0.6276258981163299	([687, 534], [687, 673, 534])
1	0.5931233678999357	0.6276681476388118	([1147, 736], [1171, 1094, 1080])
1	0.6194156259371616	0.627674243547186	([676, 533], [683, 533, 397])
1	0.6107748700090785	0.6276756109499259	([713, 107], [688, 677, 407])
1	0.5973328692414451	0.627712305946225	([1417, 1201], [1431, 1417, 1164])
1	0.6240682586502393	0.627712305946225	([1491, 1164], [1491, 1431, 1164])
1	0.6211965336227391	0.6277507240858515	([553, 377], [553, 480, 377])
1	0.597213721759719	0.6277557177777144	([539, 390], [539, 538, 399])
1	0.6126065209349488	0.627803570491287	([446, 224], [446, 390, 388])
1	0.6222323812243417	0.6278327737326135	([1419, 1239], [1419, 1384, 1249])
1	0.6146728203374391	0.6278390017859784	([1356, 1263], [1356, 1324, 1263])
1	0.5956629050935058	0.6278827686702491	([620, 548], [620, 592, 579])
1	0.6185122557631965	0.627896378244702	([280, 130], [280, 274, 130])
1	0.6253917493628136	0.6279198952117677	([1308, 1087], [1308, 1152, 1106])
1	0.6258071706116236	0.627980028107007	([1547, 1350], [1547, 1424, 1350])
1	0.5784646057300304	0.6279855345939561	([299, 150], [299, 266, 236])
1	0.619831221021876	0.6280192682261028	([693, 539], [694, 693, 539])
1	0.6122323218577206	0.6280236249413486	([291, 250], [291, 270, 250])
1	0.6221100608473494	0.6280248364512941	([1486, 1307], [1514, 1486, 1307])
1	0.6238194960638526	0.628026284932606	([378, 72], [378, 116, 59])
1	0.6191310215870677	0.6280582898834032	([1396, 1343], [1396, 1385, 1343])
1	0.6211039273818789	0.628089135790788	([1306, 1089], [1365, 1306, 1083])
1	0.601305362974669	0.6282138035989152	([807, 761], [875, 790, 762])
1	0.6209268593600245	0.6282759674326985	([690, 535], [690, 597, 535])
1	0.6251336812671512	0.6282789905333406	([1256, 1080], [1365, 1256, 1080])
1	0.6031227617567069	0.6282789905333406	([1381, 1080], [1381, 1365, 1080])
1	0.5601417792557127	0.6283263658804787	([694, 390], [690, 597, 419])
1	0.591538398481788	0.6283263658804787	([677, 419], [690, 677, 419])
1	0.6140153723295245	0.6284327101221623	([403, 38], [403, 391, 38])
1	0.6059880093458601	0.6284746339824677	([673, 532], [673, 611, 532])
1	0.6271955540277858	0.6284871964731001	([1116, 899], [1116, 899, 887])
1	0.6253244205277815	0.6285588519890543	([1525, 1238], [1525, 1238, 1221])
1	0.6046166281754566	0.628566487906728	([600, 399], [601, 540, 409])
1	0.6137030854085492	0.6285987952481283	([406, 228], [405, 263, 228])
1	0.6088533676689065	0.6286053967421746	([890, 598], [885, 677, 671])
1	0.6191784699729378	0.6286722586659766	([248, 74], [274, 248, 74])
1	0.626247390718913	0.6287818244528328	([399, 223], [399, 223, 97])
1	0.6230280410809999	0.6288313591897992	([644, 505], [644, 593, 505])
1	0.6251085039283252	0.6288940643210663	([878, 670], [1100, 883, 878])
1	0.6205611154472288	0.6289307991781374	([255, 178], [255, 248, 178])
1	0.6265813647389759	0.628953592639674	([167, 75], [167, 156, 153])
1	0.6265589492005568	0.6290273103461093	([1379, 1078], [1379, 1211, 1081])
1	0.6033347694589556	0.6290296933834805	([394, 4], [394, 94, 49])
1	0.6154322703551593	0.6290300433147934	([740, 601], [740, 702, 601])
1	0.6264891403754153	0.6291225139164776	([975, 873], [998, 975, 948])
1	0.6139666620268907	0.6291330559198968	([807, 656], [872, 808, 658])
1	0.6027363601510598	0.6291815787292272	([506, 74], [607, 374, 307])
1	0.6255970056932858	0.6292038420259459	([1187, 1136], [1187, 1185, 1136])
1	0.6228574942544322	0.6292040368318405	([1462, 1308], [1471, 1308, 1286])
1	0.5876383262151046	0.6292216269096805	([698, 601], [698, 690, 597])
1	0.6165137031563935	0.6292499926122851	([1316, 1117], [1316, 1291, 1283])
1	0.6160857904065031	0.6292499926122851	([1533, 1316], [1533, 1316, 1291])
1	0.6199430670117541	0.6292912393818647	([954, 790], [970, 954, 875])
1	0.6111277721308792	0.6293093648897901	([889, 796], [908, 889, 796])
1	0.5872081555498972	0.6293233883628528	([1278, 1179], [1278, 1245, 1179])
1	0.6132319980624484	0.6293602442325155	([1104, 738], [1104, 890, 738])
1	0.6188038491694753	0.6294253574028122	([508, 392], [532, 508, 392])
1	0.6207778900317046	0.6294408830288215	([1470, 1117], [1470, 1204, 1140])
1	0.5962230031796778	0.6294529165823198	([1075, 965], [1075, 1067, 1064])
1	0.6058704796917495	0.6294534440065389	([531, 156], [419, 397, 125])
1	0.6210505158605335	0.6295766174422474	([630, 533], [630, 616, 542])
1	0.6216956888889712	0.629583278615898	([436, 127], [419, 414, 127])
1	0.5852205049465597	0.6295865084075979	([1086, 963], [1063, 953, 945])
1	0.6265043318869856	0.6295865084075979	([1047, 945], [1063, 1047, 945])
1	0.6117861242995276	0.6295938194483339	([840, 781], [840, 804, 775])
1	0.628668992950445	0.6296354672408171	([368, 236], [368, 270, 268])
1	0.6185281052609793	0.6297663584371074	([1436, 1344], [1506, 1436, 1426])
1	0.6026515818788123	0.6297677118704229	([1170, 687], [1170, 1154, 687])
1	0.6261455535593644	0.6297968712790207	([1538, 1176], [1538, 1311, 1218])
1	0.6169530124980048	0.6298312896482644	([1418, 1303], [1418, 1388, 1303])
1	0.6267673384270419	0.6298605932424022	([1504, 1132], [1505, 1504, 1132])
1	0.6180718094471191	0.6298653169109487	([440, 217], [440, 228, 152])
1	0.6264326752297519	0.6298653169109487	([442, 228], [442, 440, 228])
1	0.6233696323342245	0.6298889699626463	([1070, 958], [1070, 1067, 958])
1	0.6290035143896853	0.6298940606036919	([168, 61], [168, 162, 61])
1	0.6127551740478998	0.6299277615861779	([1423, 1187], [1435, 1244, 1200])
1	0.6058766188501656	0.6299463348682344	([536, 86], [536, 425, 415])
1	0.6273959165465229	0.6299854230485055	([1215, 739], [1215, 1207, 752])
1	0.6243923814549366	0.6299967066501675	([415, 221], [415, 408, 221])
1	0.6167154264413501	0.6300211511442478	([684, 228], [684, 405, 394])
1	0.6232850864468815	0.6300855462340417	([1046, 798], [1046, 827, 819])
1	0.6154502654337657	0.6301631150668511	([1181, 1132], [1189, 1181, 1132])
1	0.6270917059849067	0.6302448812841542	([533, 43], [533, 224, 50])
1	0.6296831906686919	0.6302448812841542	([537, 50], [537, 533, 50])
1	0.6233319062436763	0.6302488405858334	([658, 482], [658, 482, 337])
1	0.6175172435293915	0.630264745454337	([1457, 1272], [1498, 1484, 1423])
1	0.5970710182319434	0.6302789450745555	([599, 405], [599, 537, 530])
1	0.6165788587921518	0.630285355547517	([180, 114], [201, 142, 128])
1	0.6082756412802502	0.6302994731446119	([598, 431], [598, 537, 405])
1	0.6239856678287381	0.6303114968975625	([1351, 944], [1351, 1180, 944])
1	0.6260445783340565	0.6303204287835313	([325, 130], [325, 296, 130])
1	0.5831359837011003	0.6303614132252142	([1116, 963], [1116, 1084, 964])
1	0.611129181298444	0.6303628425265221	([895, 647], [895, 877, 676])
1	0.6211760557720789	0.6303683446803752	([1184, 1129], [1184, 1164, 1131])
1	0.6120386247432524	0.6303896516262197	([161, 60], [170, 161, 60])
1	0.6139845528262466	0.6304075245432359	([711, 404], [700, 686, 404])
1	0.6175090003370036	0.6304915105189423	([440, 33], [440, 417, 217])
1	0.6177724613864215	0.630497530717864	([1273, 1195], [1273, 1233, 1195])
1	0.6120602052618316	0.6305367212623094	([389, 43], [389, 95, 5])
1	0.6225813701682152	0.6305373109360879	([1397, 1299], [1397, 1349, 1327])
1	0.6292866618251473	0.6305471769818662	([1524, 1108], [1524, 1108, 1078])
1	0.5914882585937482	0.630571816204737	([1109, 704], [1155, 1109, 704])
1	0.6209498343592115	0.6305948304305055	([1450, 1403], [1450, 1433, 1403])
1	0.6133263507443717	0.6306608033704895	([1486, 1241], [1502, 1486, 1241])
1	0.6262406592250453	0.6306910152901877	([373, 257], [373, 341, 257])
1	0.6109175915549949	0.6307147579948912	([402, 154], [402, 214, 212])
1	0.6269829252161273	0.6307147579948912	([530, 214], [530, 402, 214])
1	0.6245604517855654	0.6307159919218572	([908, 770], [908, 770, 755])
1	0.6025224763850098	0.6307844752933321	([1271, 1177], [1283, 1271, 1177])
1	0.624543454695107	0.6307844752933321	([1421, 1177], [1421, 1283, 1177])
1	0.6108732902331945	0.6308125033138051	([1402, 1326], [1422, 1402, 1335])
1	0.6217499517049158	0.6308224998664241	([1520, 1091], [1520, 1368, 1091])
1	0.6288021917203475	0.6308827993607421	([303, 149], [303, 258, 237])
1	0.6219874774655754	0.6308954500121828	([254, 72], [241, 169, 72])
1	0.6250247154899481	0.6309378001935272	([539, 101], [539, 390, 10])
1	0.6284384623561172	0.6309378001935272	([537, 10], [539, 537, 10])
1	0.626599743256796	0.6309752036550677	([1102, 1064], [1102, 1083, 1080])
1	0.617550795584247	0.6309838785954838	([272, 140], [272, 266, 152])
1	0.6163763027155594	0.6310307497082752	([244, 58], [244, 161, 58])
1	0.6253922440427945	0.6310541779405029	([547, 268], [594, 547, 541])
1	0.615272340072926	0.6310819185203596	([1285, 1104], [1558, 1285, 1112])
1	0.612274452803747	0.6311215467183295	([1207, 692], [1207, 1090, 1080])
1	0.6187222396333246	0.6311444669944729	([1400, 1298], [1415, 1400, 1298])
1	0.6085580567727297	0.6311589528678002	([704, 398], [704, 695, 398])
1	0.6189859911502887	0.63116881773816	([1339, 1270], [1342, 1339, 1270])
1	0.6305141705923869	0.6311972679647216	([744, 403], [744, 739, 403])
1	0.6241936391172587	0.6312216055578589	([316, 148], [316, 297, 148])
1	0.6299497591645163	0.6312216680328001	([1420, 1203], [1470, 1447, 1203])
1	0.6297609207196009	0.6312433599631466	([573, 472], [573, 554, 472])
1	0.6071084638614177	0.6313181583175358	([367, 51], [313, 300, 78])
1	0.6257085710407595	0.6313205525087325	([1338, 1247], [1338, 1291, 1247])
1	0.6189162153027161	0.6314085441742306	([303, 40], [303, 286, 40])
1	0.6308528321802186	0.6314495631828478	([212, 27], [212, 88, 80])
1	0.6176626934032442	0.6314538284086046	([1493, 1300], [1493, 1480, 1336])
1	0.620824599370628	0.6314666545938905	([1365, 877], [1365, 1150, 965])
1	0.6081572263446708	0.6314842339935213	([1528, 1312], [1539, 1528, 1312])
1	0.6037888078412303	0.6314905391636931	([1191, 1127], [1191, 1185, 1127])
1	0.6286793004643049	0.6315684972740618	([1516, 1224], [1516, 1284, 1227])
1	0.6280197174496827	0.6315807700609908	([1144, 598], [1144, 885, 880])
1	0.6184444720253107	0.6316366380090039	([1491, 1126], [1505, 1491, 1126])
1	0.6236843666427743	0.6316753160996957	([1536, 1094], [1549, 1536, 1094])
1	0.6195953234106838	0.631676565089136	([1554, 1087], [1554, 1373, 1087])
1	0.5737876487601187	0.6317076333248722	([613, 402], [595, 537, 417])
1	0.6239704123044716	0.6317076333248722	([602, 417], [602, 595, 417])
1	0.6162642959751915	0.6317346226704937	([535, 89], [535, 406, 395])
1	0.6297249689019934	0.6317452702265641	([1120, 876], [1120, 1080, 890])
1	0.6217073727266772	0.6317553394083051	([1305, 890], [1360, 1286, 1251])
1	0.5983554820991236	0.631953622495533	([1211, 671], [1211, 1168, 689])
1	0.603409325550187	0.6319669222953007	([1429, 1269], [1492, 1421, 1283])
1	0.6139855447493208	0.6319700828137914	([964, 600], [964, 893, 883])
1	0.609991850712156	0.6320036885847071	([534, 92], [534, 403, 391])
1	0.620876669818649	0.6320341592210613	([1547, 1296], [1547, 1424, 1268])
1	0.6116897265856747	0.6320897851857064	([1484, 1271], [1498, 1483, 1270])
1	0.6233530341312842	0.6320984323682066	([290, 54], [290, 271, 54])
1	0.6109077550704434	0.6321298105921054	([1496, 1263], [1496, 1488, 1263])
1	0.6145883343978816	0.6321966536133474	([1391, 1181], [1391, 1355, 1181])
1	0.6213878634748708	0.6321974988204091	([1560, 1152], [1560, 1254, 1251])
1	0.6108329428756738	0.6322035696171453	([1501, 1342], [1501, 1419, 1359])
1	0.6318047413283591	0.6322242927385074	([890, 126], [890, 126, 102])
1	0.6039034951016313	0.6322398648361215	([346, 70], [337, 240, 71])
1	0.630946937591805	0.6322438075597985	([701, 430], [712, 701, 401])
1	0.6312316608367879	0.6322696390214918	([1521, 1110], [1552, 1521, 1088])
1	0.6264382624216417	0.6322797345188403	([1479, 1341], [1479, 1478, 1341])
1	0.6212566942194342	0.6323019083957402	([420, 40], [445, 407, 5])
1	0.6159896971129488	0.6323198861098748	([557, 524], [557, 549, 524])
1	0.6310583484036262	0.6323239721662317	([388, 39], [388, 146, 109])
1	0.6118527084592251	0.6323469515402074	([409, 149], [409, 395, 144])
1	0.6306527121707881	0.6323765781294397	([406, 30], [406, 93, 18])
1	0.6087959109935317	0.6324386216851677	([1158, 738], [1158, 907, 738])
1	0.6185316037229815	0.6324533878851167	([324, 133], [324, 304, 124])
1	0.6314844671858472	0.6325084195363518	([885, 397], [907, 885, 880])
1	0.6025391105584941	0.632535561265888	([678, 588], [679, 647, 612])
1	0.6056983176642463	0.6325382905472309	([1250, 1120], [1250, 1147, 890])
1	0.6251010655600846	0.6325737679876139	([1233, 903], [1233, 1200, 903])
1	0.6242574663084806	0.6325811332647058	([1095, 716], [1095, 716, 697])
1	0.5938992363209076	0.6325811332647058	([1095, 611], [1095, 735, 697])
1	0.6086669936865278	0.6325856572709132	([1206, 682], [1206, 1093, 1085])
1	0.6320585843712593	0.6325856572709132	([1475, 1093], [1475, 1206, 1093])
1	0.631449304114636	0.632623703197396	([964, 711], [1084, 964, 711])
1	0.6279465379457342	0.63262537441987	([299, 93], [299, 266, 93])
1	0.6308401738794855	0.6326332496519257	([699, 634], [699, 680, 634])
1	0.6206395446833621	0.6326769704364822	([595, 289], [596, 595, 289])
1	0.625951330798673	0.6326914058646087	([891, 595], [739, 708, 595])
1	0.6278153483926958	0.6327033136736181	([1290, 962], [1290, 1147, 962])
1	0.6313985963635257	0.6327243734792832	([1286, 964], [1286, 1224, 964])
1	0.6301374343145004	0.6327402823904895	([1416, 1304], [1485, 1416, 1380])
1	0.6269260066546932	0.6327677435155217	([1109, 594], [1109, 1095, 890])
1	0.6044021662506344	0.6328370291883412	([703, 429], [703, 677, 418])
1	0.6169108797302023	0.6328380015858622	([680, 414], [680, 672, 400])
1	0.6148768106425702	0.6328494824782032	([1503, 1458], [1503, 1486, 1458])
1	0.5970604126034845	0.6329256690156176	([715, 616], [715, 675, 616])
1	0.624371484244932	0.6329976130256675	([374, 164], [374, 278, 243])
1	0.621526071395896	0.6330212253485745	([634, 421], [634, 531, 421])
1	0.6034997312650119	0.6330469326475328	([811, 759], [811, 807, 759])
1	0.6272841943827406	0.633050737884667	([916, 659], [1016, 998, 659])
1	0.6246194481781998	0.6330709347026262	([907, 397], [885, 744, 697])
1	0.6290873353291372	0.6330812342150051	([1299, 1164], [1546, 1318, 1164])
1	0.6330784002820377	0.6331235509662355	([1565, 1396], [1565, 1426, 1395])
1	0.6287804484819454	0.6331243837785931	([269, 24], [269, 81, 45])
1	0.6314485896110695	0.6331771931925506	([367, 90], [367, 126, 90])
1	0.6282570142750818	0.6331968432892877	([207, 131], [207, 146, 131])
1	0.6167796691459609	0.6332234241822159	([688, 126], [533, 397, 367])
1	0.6151244741455316	0.6332234241822159	([531, 367], [533, 531, 367])
1	0.6247729982630609	0.6332470906065075	([1339, 1177], [1339, 1271, 1270])
1	0.627495218983112	0.6333203880932492	([1214, 596], [1214, 700, 694])
1	0.6220819248360937	0.6333366545958203	([533, 224], [537, 50, 0])
1	0.6150358896686335	0.6333366545958203	([537, 87], [537, 87, 0])
1	0.6263181937671528	0.6333753931735416	([1422, 1185], [1428, 1422, 1199])
1	0.6277047716601842	0.6333916468575678	([632, 523], [632, 556, 523])
1	0.6072522024048013	0.6334021499331265	([255, 63], [255, 253, 63])
1	0.617826147266864	0.6334342265317667	([1442, 1340], [1442, 1379, 1340])
1	0.6281322922490145	0.6334394803719885	([1239, 1137], [1239, 1211, 1176])
1	0.5773363728805286	0.6334571232932468	([684, 402], [686, 600, 418])
1	0.6311232072725492	0.6335400689027547	([1176, 1069], [1176, 1169, 1069])
1	0.6324309674253098	0.6335529259510706	([305, 123], [305, 288, 146])
1	0.6191617462326277	0.6335604883377822	([803, 715], [803, 753, 715])
1	0.6007185635928398	0.6335898309090715	([1207, 740], [1207, 1205, 740])
1	0.6243722711062275	0.6336087261237093	([1176, 966], [1176, 1149, 878])
1	0.6325143400933096	0.6336132336998681	([323, 139], [323, 258, 233])
1	0.6274115349688711	0.6336203455827228	([532, 148], [532, 531, 148])
1	0.6129186653012316	0.6336231437960288	([1223, 895], [1223, 1221, 895])
1	0.6281660353218418	0.6336428636693715	([433, 108], [433, 223, 155])
1	0.6211201622810911	0.6336430031692579	([739, 602], [708, 693, 610])
1	0.6244573441728609	0.6336969321940407	([599, 154], [599, 405, 402])
1	0.6272086716676181	0.6337847732852777	([1385, 1116], [1385, 1374, 1116])
1	0.632677776126257	0.6337969947062665	([505, 289], [523, 521, 289])
1	0.6223791694292506	0.6338011140016666	([961, 767], [961, 907, 767])
1	0.5768766285243179	0.6338625043966214	([1214, 706], [1214, 1093, 706])
1	0.5962189514558305	0.6338967020115468	([1222, 685], [1367, 1222, 696])
1	0.6317037241913832	0.6339228812677992	([581, 375], [581, 552, 375])
1	0.6227759338313199	0.6339274484520122	([428, 207], [409, 402, 215])
1	0.632012810758495	0.6339541424348315	([380, 74], [380, 377, 74])
1	0.6189678640054281	0.6339664106981343	([538, 146], [595, 538, 4])
1	0.6167089376356701	0.6339875790691024	([955, 756], [955, 801, 756])
1	0.6325186840124233	0.6340362916523117	([277, 65], [277, 160, 73])
1	0.6301065132165576	0.6340938534728771	([538, 234], [538, 407, 392])
1	0.6115778907971172	0.6341241789286963	([1439, 1073], [1439, 1161, 1073])
1	0.5971824329362229	0.6341419549639633	([1472, 1102], [1472, 1112, 1102])
1	0.6237436206614884	0.6341456373247927	([1215, 680], [1215, 1146, 680])
1	0.6049513960596183	0.6341644818643499	([674, 410], [695, 674, 409])
1	0.6253985175491997	0.6341771216746811	([1162, 1127], [1162, 1127, 1118])
1	0.6285107192318803	0.634267811694231	([879, 646], [879, 646, 598])
1	0.6277582955942812	0.634267811694231	([879, 590], [885, 879, 598])
1	0.6101982720211395	0.6342842957936935	([958, 754], [958, 802, 795])
1	0.6199179584597245	0.6343599713401091	([1264, 1123], [1274, 1264, 1131])
1	0.6269377678428381	0.6343720980302395	([1208, 751], [1208, 751, 714])
1	0.6168298806836666	0.6344325701319554	([1488, 1193], [1488, 1233, 1180])
1	0.623402126743442	0.6344438929917394	([669, 540], [669, 600, 596])
1	0.6003115075444428	0.6344438929917394	([907, 508], [907, 669, 596])
1	0.6135277709006696	0.6344556363154963	([327, 170], [341, 327, 170])
1	0.6341268670718189	0.634469150989989	([760, 627], [760, 655, 627])
1	0.6199361129435828	0.634499493727284	([549, 291], [549, 519, 507])
1	0.6146283707196668	0.6345268174735996	([890, 0], [890, 221, 0])
1	0.6105714807925057	0.6345290190841419	([1545, 1202], [1546, 1545, 1202])
1	0.6252024520666181	0.6345378541217933	([1148, 699], [1148, 1094, 1077])
1	0.5942568663696233	0.6345432148985215	([890, 630], [890, 619, 598])
1	0.6239734344672914	0.6345822210905201	([989, 821], [993, 989, 820])
1	0.6243799573455926	0.6345990988691057	([1086, 536], [1086, 702, 536])
1	0.6290593851580348	0.6346732622711164	([1248, 1199], [1248, 1242, 1199])
1	0.6269693807679501	0.6346773409412428	([1061, 810], [1061, 912, 873])
1	0.6335311629907323	0.6346857689854445	([268, 9], [268, 236, 220])
1	0.6072530092409997	0.6346878722719351	([907, 630], [907, 632, 630])
1	0.5938104260916014	0.6347511589645807	([367, 238], [367, 281, 258])
1	0.6208584620725023	0.6347826076598742	([252, 119], [252, 191, 119])
1	0.6301775808432744	0.6347831327728817	([1464, 1258], [1464, 1286, 1258])
1	0.6273211687174797	0.6348146119685886	([340, 61], [342, 340, 61])
1	0.6167241360149524	0.6348195602758369	([1119, 898], [1119, 1095, 890])
1	0.6189047518541048	0.6348221390444219	([1347, 1184], [1347, 1333, 1189])
1	0.6328592355898913	0.6348549510386092	([707, 604], [707, 696, 604])
1	0.6326100616574505	0.634871696751013	([878, 735], [1087, 878, 877])
1	0.6044663436589015	0.634871696751013	([1217, 878], [1217, 1087, 878])
1	0.6296989994346136	0.6348729662095687	([1460, 1236], [1466, 1460, 1236])
1	0.6138518008485656	0.6349340107708368	([482, 68], [488, 482, 68])
1	0.6342721779519803	0.6350128728485379	([1229, 1072], [1229, 1217, 1072])
1	0.599723607192023	0.6350186968478201	([595, 4], [538, 234, 223])
1	0.6177764391303725	0.6350264360886033	([409, 92], [409, 144, 35])
1	0.6189813430500911	0.6350411510897075	([1524, 1075], [1524, 1380, 1078])
1	0.6223600557596589	0.6350722204709393	([422, 112], [422, 397, 141])
1	0.6256255665452654	0.6350960390510088	([1530, 1314], [1530, 1521, 1310])
1	0.629629471129593	0.6351067827101169	([1007, 815], [1007, 853, 845])
1	0.6298798292076437	0.6351433249305332	([1426, 1016], [1488, 1426, 1133])
1	0.6217414844673462	0.6352036331602484	([438, 227], [438, 428, 227])
1	0.6242213600438946	0.6352054276280785	([1135, 903], [1189, 1135, 903])
1	0.6236848133752166	0.6352117437799765	([291, 76], [303, 291, 76])
1	0.6271540357649638	0.6352443071504285	([311, 154], [300, 214, 154])
1	0.6298274461297293	0.635277862994066	([1284, 1138], [1437, 1284, 1138])
1	0.6200392417729776	0.635277862994066	([1564, 1138], [1533, 1437, 1138])
1	0.6218004612160243	0.6352865934306587	([328, 72], [328, 241, 240])
1	0.6345316094094416	0.6352980018746935	([625, 293], [625, 607, 292])
1	0.6099115097070518	0.6353279565419544	([1485, 1248], [1438, 1423, 1272])
1	0.6322758302689483	0.6353361320426613	([1355, 1103], [1546, 1355, 1319])
1	0.6310556583128971	0.6353562623349867	([521, 445], [536, 521, 433])
1	0.616430081322006	0.6355363113196923	([712, 401], [701, 690, 401])
1	0.6300309187495847	0.635562152030066	([362, 48], [396, 362, 12])
1	0.6349007808173239	0.6355888633463582	([680, 138], [680, 143, 138])
1	0.6088002920742838	0.6355888633463582	([680, 99], [680, 414, 143])
1	0.6327704389240737	0.6355962854459575	([664, 552], [664, 624, 581])
1	0.6250035298509475	0.6356083744734653	([760, 481], [760, 627, 481])
1	0.6326104954916756	0.6356150447087461	([687, 432], [710, 687, 416])
1	0.6279573886845441	0.6356597240588302	([1372, 686], [1372, 1079, 686])
1	0.6097245077087483	0.6356664741518978	([361, 46], [361, 291, 285])
1	0.6080144034667605	0.6357374184189454	([279, 68], [279, 115, 56])
1	0.6057142208506703	0.6357405019627042	([1233, 1127], [1233, 1189, 1130])
1	0.6266902009547791	0.6358203652826431	([690, 9], [690, 393, 9])
1	0.6279817627544789	0.6358245919953764	([546, 511], [546, 544, 514])
1	0.6170249259293805	0.635869679350837	([340, 25], [332, 296, 130])
1	0.6123589344906486	0.6358715011161454	([1146, 967], [1143, 1073, 955])
1	0.6322951213465172	0.6358727556901281	([736, 600], [736, 698, 600])
1	0.6308979688461176	0.6358984022895576	([685, 3], [686, 685, 140])
1	0.5910288296289856	0.6359334760705624	([488, 65], [482, 328, 72])
1	0.6132287785134984	0.6359947928319355	([598, 230], [598, 531, 148])
1	0.6343525605855236	0.6360083156819579	([1307, 710], [1307, 1216, 710])
1	0.6311983638827782	0.6360165831426313	([273, 116], [274, 273, 74])
1	0.6150250166269552	0.6360434623146065	([892, 614], [892, 677, 614])
1	0.6353094971287157	0.6360872750877976	([1211, 535], [1211, 671, 535])
1	0.6283231080621204	0.6361200267758134	([1067, 794], [965, 889, 794])
1	0.627070684312417	0.636140140069088	([437, 31], [437, 387, 31])
1	0.6314509506094008	0.6361997938846817	([1047, 826], [1047, 1020, 826])
1	0.6154087653542744	0.6362303227026751	([431, 78], [431, 427, 15])
1	0.6328914227017937	0.6362421104708703	([609, 303], [609, 591, 303])
1	0.6304721292521981	0.6362907979595868	([368, 158], [368, 299, 236])
1	0.6359597527020784	0.6363032440310787	([422, 83], [422, 141, 83])
1	0.630862211902874	0.6363086738350726	([499, 160], [499, 160, 58])
1	0.6356882961705262	0.6363352331488795	([1530, 1204], [1530, 1470, 1448])
1	0.62613544316266	0.6363989649808726	([514, 251], [514, 474, 383])
1	0.5998276523605599	0.6365361280502522	([1212, 734], [1212, 1100, 1085])
1	0.6167645574399333	0.6365589554643049	([1211, 717], [1211, 717, 671])
1	0.6313521612606613	0.636587786289049	([451, 4], [451, 400, 4])
1	0.6339750091045053	0.6366132450195947	([1358, 1187], [1423, 1422, 1358])
1	0.6258336258027936	0.6366965312245622	([1445, 1078], [1445, 1306, 1157])
1	0.6331482150735679	0.6367140500593089	([1469, 965], [1469, 1150, 1143])
1	0.620767818033707	0.6367692060772241	([315, 102], [315, 312, 12])
1	0.6117498822261345	0.6367832975014824	([760, 655], [809, 808, 655])
1	0.6234279398495091	0.6368056006076932	([614, 267], [614, 306, 303])
1	0.6195536491561248	0.6368056006076932	([614, 306], [614, 591, 303])
1	0.6115133690141382	0.6369335728902675	([611, 396], [611, 599, 402])
1	0.6239223977281397	0.6369461967537401	([676, 589], [682, 614, 610])
1	0.6274915658878577	0.6369461967537401	([1084, 610], [1084, 682, 610])
1	0.6299088696592888	0.6369795887390546	([395, 302], [395, 369, 302])
1	0.6343696180589165	0.6369822652709384	([734, 597], [734, 704, 534])
1	0.6292850598344144	0.6370514568579012	([1523, 1167], [1523, 1216, 1167])
1	0.6349499615625678	0.6370630968316874	([1235, 1122], [1423, 1248, 1122])
1	0.6318221220816336	0.6370733428588927	([1414, 1194], [1422, 1414, 1185])
1	0.6225232505493596	0.6370754788074107	([1204, 683], [1212, 734, 701])
1	0.6122290469570254	0.6371407893850327	([683, 397], [711, 696, 126])
1	0.6323543097499307	0.6371418942419873	([609, 420], [609, 420, 388])
1	0.6096679164248915	0.6371632139971766	([1019, 833], [1019, 942, 827])
1	0.6205831642079657	0.6371632139971766	([1046, 827], [1046, 1019, 827])
1	0.6280585469095553	0.6371732850128535	([800, 710], [800, 754, 734])
1	0.6104082524292317	0.6371863105093967	([258, 55], [261, 258, 21])
1	0.6064052513829375	0.6371900476312189	([963, 800], [963, 878, 877])
1	0.6325021434322176	0.6372222683090262	([422, 302], [422, 395, 302])
1	0.621987116153122	0.6372808475000953	([958, 633], [958, 905, 649])
1	0.6325805229830154	0.6373486236890378	([1083, 600], [1083, 698, 696])
1	0.6357792813688565	0.6373496612693367	([1031, 953], [1066, 1031, 953])
1	0.6221386588383231	0.6373646797177862	([839, 782], [839, 805, 773])
1	0.6350701978266668	0.6373905496576001	([600, 371], [600, 399, 388])
1	0.630995626809047	0.6373905496576001	([609, 386], [609, 600, 388])
1	0.6367574965976617	0.6374262845914052	([1330, 1183], [1330, 1271, 1177])
1	0.6140987726296658	0.6374522045394567	([670, 517], [670, 669, 517])
1	0.6250658666816478	0.6374649259091866	([324, 55], [361, 324, 55])
1	0.6112316268454021	0.6375337589802397	([1543, 1329], [1512, 1502, 1329])
1	0.6297376706276102	0.6375366720652133	([429, 80], [429, 423, 80])
1	0.6354738138158936	0.6375430233246392	([754, 536], [754, 735, 536])
1	0.6296920592724629	0.6375489559351595	([1463, 1338], [1482, 1463, 1338])
1	0.6128874999589794	0.6375727062169191	([1160, 748], [1160, 1145, 748])
1	0.6283505452099628	0.6375740472149802	([599, 387], [599, 402, 391])
1	0.6349415737014785	0.6376515097109288	([1536, 964], [1536, 1224, 1156])
1	0.6361720130361075	0.6376532395903969	([522, 477], [522, 504, 503])
1	0.609259012134612	0.6376754264153988	([542, 285], [542, 538, 234])
1	0.6340743351670626	0.637700669033146	([945, 811], [945, 911, 845])
1	0.6182368169988314	0.6377471837848764	([1076, 595], [1076, 891, 890])
1	0.6284331708520726	0.6378012762048386	([667, 578], [667, 603, 584])
1	0.6206513857363655	0.6379015426189548	([1092, 537], [1088, 678, 674])
1	0.6342485865570766	0.6379868136250507	([1204, 957], [1204, 957, 953])
1	0.6255308212642375	0.6380142317291175	([632, 556], [632, 618, 529])
1	0.6033089038853524	0.6380162098087255	([539, 299], [542, 533, 286])
1	0.6327479193026573	0.638022322993237	([1422, 1247], [1500, 1422, 1247])
1	0.6289923685164062	0.6380897594064281	([359, 248], [359, 305, 258])
1	0.6159568081148945	0.6381318042926619	([1513, 1301], [1513, 1342, 1301])
1	0.6133399031894949	0.6382104578526259	([1096, 597], [1096, 673, 534])
1	0.6293227219712239	0.6382584151142888	([883, 612], [883, 880, 612])
1	0.6250502425307983	0.6382812210612415	([879, 772], [879, 772, 752])
1	0.6275607462565389	0.6382916586207541	([908, 663], [908, 890, 669])
1	0.5793286832993868	0.638338204186342	([306, 159], [306, 159, 114])
1	0.6318383460223032	0.6383417482283185	([1465, 1105], [1469, 1465, 1105])
1	0.6304430350971941	0.6383705581184954	([499, 281], [499, 333, 281])
1	0.6303659619154905	0.6383705581184954	([513, 333], [513, 499, 333])
1	0.6354521880377328	0.638374785048118	([656, 515], [656, 642, 515])
1	0.6280706233703731	0.6383822481604748	([590, 127], [613, 590, 127])
1	0.630442912257834	0.6383875685089585	([429, 204], [429, 213, 204])
1	0.6283484233502497	0.6384955535466366	([171, 67], [242, 171, 160])
1	0.6329921677416757	0.638546748581627	([1416, 1204], [1475, 1416, 1204])
1	0.6372508634752793	0.6385477890277729	([1271, 1121], [1295, 1271, 1121])
1	0.6348684814177705	0.6385493938224811	([1496, 1052], [1496, 1490, 1131])
1	0.6298558134460609	0.638551123875855	([434, 148], [434, 148, 53])
1	0.6272955903450709	0.6385741058019542	([842, 663], [910, 908, 663])
1	0.6153593273808944	0.6386238359847459	([1076, 772], [1069, 802, 799])
1	0.6292906585714659	0.6386254515050849	([1432, 1163], [1432, 1385, 1163])
1	0.6342487988471083	0.6386322829070068	([743, 234], [743, 742, 234])
1	0.6375143057663761	0.6386384492219349	([975, 760], [995, 975, 760])
1	0.627495625567655	0.6386410173639319	([655, 572], [655, 623, 552])
1	0.6200343606583677	0.6386700261665196	([552, 161], [552, 384, 257])
1	0.6209783684544014	0.6386787021343507	([285, 19], [285, 264, 95])
1	0.5976818604781895	0.6387587949038473	([880, 406], [880, 676, 406])
1	0.6174542213506528	0.6387708964183078	([252, 191], [252, 242, 191])
1	0.6097287867069779	0.6387765604619916	([592, 338], [592, 515, 384])
1	0.6286118193760754	0.6388003898679556	([1457, 1350], [1457, 1432, 1350])
1	0.6291492029572987	0.6388251860052581	([257, 61], [246, 245, 61])
1	0.6227867724707867	0.6388525093597895	([1092, 609], [1092, 672, 609])
1	0.6271087296705842	0.638862305363762	([500, 296], [502, 500, 296])
1	0.586689666683911	0.6388652595980274	([1149, 614], [1149, 689, 670])
1	0.6249375572795761	0.6388718628103762	([444, 46], [444, 397, 125])
1	0.6276511318256077	0.638879551560618	([1420, 1235], [1420, 1270, 1235])
1	0.6274161278427955	0.638898730858184	([682, 424], [880, 682, 424])
1	0.6093569767279888	0.6389395667692258	([1474, 1074], [1474, 1380, 1074])
1	0.6365935237576565	0.6389680352438002	([1230, 1128], [1230, 1171, 1137])
1	0.6158951487049809	0.6390156927050158	([795, 650], [907, 795, 630])
1	0.6288046202078932	0.6390164370163222	([746, 531], [906, 891, 531])
1	0.636026163287614	0.6391118703427039	([876, 609], [890, 876, 609])
1	0.6004124062779711	0.6391118703427039	([953, 593], [953, 890, 609])
1	0.6210559129650409	0.6391819895613324	([499, 58], [513, 480, 384])
1	0.62695390802128	0.6392025730856526	([375, 189], [375, 189, 131])
1	0.6285706195415569	0.6392213545829513	([710, 416], [710, 700, 427])
1	0.6136411253844757	0.6393096472997265	([596, 224], [595, 432, 407])
1	0.6211182033729034	0.6393870576732305	([601, 367], [601, 409, 397])
1	0.6341857952088114	0.6393952466140718	([1421, 1119], [1421, 1372, 1119])
1	0.637897842167652	0.6394215128378093	([1312, 736], [1314, 1312, 716])
1	0.6352552269367626	0.6394225170533989	([365, 135], [365, 135, 31])
1	0.6380570683392104	0.6394617458696096	([887, 822], [887, 822, 801])
1	0.6357732972041834	0.6395200887831822	([841, 758], [841, 806, 762])
1	0.6173856054637245	0.6395210908867969	([1420, 1220], [1420, 1220, 1203])
1	0.6332076725762972	0.6396054846355634	([771, 547], [907, 771, 547])
1	0.622804062074332	0.6396076726459303	([364, 81], [368, 364, 143])
1	0.6250882035901147	0.6396149231881901	([983, 656], [997, 983, 808])
1	0.6286568930248192	0.6396405476564729	([955, 650], [955, 876, 650])
1	0.6273400504454592	0.6396804138179298	([1291, 748], [1375, 1291, 1076])
1	0.5998739504650493	0.6396863380575127	([1205, 693], [1211, 1205, 693])
1	0.633051322562257	0.6397100057746328	([957, 670], [957, 670, 650])
1	0.6267052013355107	0.6397100057746328	([957, 645], [957, 955, 650])
1	0.629718088459159	0.6397121256969974	([749, 533], [749, 735, 536])
1	0.6372888938192734	0.6397368471324476	([942, 767], [942, 827, 767])
1	0.6215585627861829	0.6397475491552876	([879, 283], [879, 613, 283])
1	0.619058468580548	0.63993856438256	([499, 359], [499, 386, 381])
1	0.6294417667285389	0.6399494842742955	([601, 2], [601, 288, 287])
1	0.6259560882622335	0.6399494842742955	([601, 288], [613, 601, 287])
1	0.6357405094053541	0.639980862365774	([348, 255], [348, 345, 72])
1	0.6159356501416843	0.6400216958583381	([961, 651], [905, 901, 666])
1	0.6197407913746513	0.6400353667500938	([1067, 730], [1077, 1067, 730])
1	0.6170211335254815	0.6400592295785738	([1348, 1190], [1348, 1246, 1190])
1	0.6233563337329455	0.640070003165534	([793, 703], [793, 747, 731])
1	0.6395198839902171	0.6401103059310839	([620, 510], [620, 603, 510])
1	0.6249392746153233	0.640197245011494	([1164, 764], [1180, 1164, 944])
1	0.6253917899040622	0.6402263723216663	([538, 96], [538, 138, 96])
1	0.633745567953083	0.6403254273986175	([1311, 878], [1311, 1098, 878])
1	0.6208659039467465	0.6403288203074549	([589, 227], [539, 227, 14])
1	0.6210104851834223	0.6404658527416958	([249, 57], [256, 249, 57])
1	0.6241543271977026	0.6404772193962482	([523, 289], [542, 505, 289])
1	0.6342017926679605	0.6404952092318389	([728, 665], [807, 759, 665])
1	0.6331067791179072	0.6405053842474336	([1226, 744], [1226, 1107, 890])
1	0.6309579423510076	0.6405562544395635	([964, 735], [964, 745, 735])
1	0.6396968105747947	0.6405908112563996	([1218, 961], [1218, 1116, 961])
1	0.62845268447159	0.6406772001810742	([503, 323], [503, 502, 323])
1	0.6113815012260381	0.6406985170172933	([1165, 908], [1165, 1152, 908])
1	0.637208110087094	0.6407443316212896	([1080, 731], [1086, 1080, 731])
1	0.6403820373844822	0.6407492440397679	([358, 253], [358, 292, 254])
1	0.6374637558672976	0.6407996886327156	([1432, 1188], [1432, 1188, 1163])
1	0.6160275209382697	0.640825856563466	([1121, 792], [1136, 1121, 825])
1	0.6400837830667858	0.640829123779121	([701, 262], [701, 688, 262])
1	0.6126770030747465	0.6408326104022214	([716, 636], [716, 669, 636])
1	0.6404018371313845	0.6408497952086986	([755, 619], [907, 755, 630])
1	0.6131421682032082	0.6408827287113354	([1430, 1182], [1430, 1427, 1182])
1	0.6284755615638341	0.6409163412893961	([877, 400], [877, 751, 736])
1	0.6274107804503243	0.6409319177113659	([907, 238], [907, 594, 269])
1	0.6335563773562088	0.6409813559394516	([1366, 634], [1366, 1084, 634])
1	0.6331001816806845	0.6410403073391415	([1089, 794], [1216, 1089, 794])
1	0.637201422209048	0.6410700346431334	([1072, 717], [1072, 801, 717])
1	0.6340585162319282	0.6410814934983236	([536, 265], [536, 509, 286])
1	0.6385918453264942	0.6410843028056236	([1018, 653], [1018, 953, 839])
1	0.630431824958444	0.6411078450987681	([1129, 841], [1139, 1129, 907])
1	0.6400890086015552	0.6411078450987681	([1270, 1129], [1270, 1129, 907])
1	0.6315881444278556	0.6411202466806036	([1471, 883], [1471, 1098, 883])
1	0.6306594031418196	0.6411588696898742	([416, 41], [416, 409, 35])
1	0.6084926668245891	0.6411630890647511	([572, 484], [572, 552, 481])
1	0.6345693792799257	0.6412127806907895	([557, 475], [557, 553, 475])
1	0.6378321680687691	0.6412493819686892	([1153, 888], [1153, 1078, 888])
1	0.6280400265211885	0.6413350004521048	([1309, 1120], [1309, 1211, 1112])
1	0.6353912668299543	0.6413725572166178	([544, 239], [544, 515, 239])
1	0.6092543426619713	0.6415464081736283	([1419, 1104], [1419, 1249, 1104])
1	0.6247648334072513	0.6415570327232216	([532, 15], [532, 423, 402])
1	0.6249711630565306	0.6415737653950301	([496, 69], [495, 493, 69])
1	0.637122864369164	0.6415762084525819	([1100, 126], [1100, 688, 674])
1	0.6302962363235874	0.6415776492879086	([1494, 1185], [1498, 1422, 1399])
1	0.6223646404174112	0.6415923202382575	([1133, 974], [1488, 1133, 998])
1	0.6310892681639385	0.6416022343946198	([450, 362], [450, 421, 362])
1	0.6242805175046383	0.6416453974437745	([1437, 908], [1424, 1128, 1122])
1	0.6237695889628642	0.6416453974437745	([1424, 1122], [1424, 1398, 1128])
1	0.6287173976717993	0.6416686854725987	([280, 55], [280, 257, 61])
1	0.6093426853648938	0.641696281392099	([1102, 953], [1107, 1102, 953])
1	0.6283189972634512	0.641696281392099	([1313, 953], [1313, 1107, 953])
1	0.6407098908921516	0.6416993909521478	([311, 44], [311, 260, 258])
1	0.6409625136473376	0.6417882843231507	([1219, 888], [1219, 1120, 890])
1	0.6343927150859218	0.6418031416710959	([709, 434], [709, 434, 394])
1	0.6399134776623094	0.6418031416710959	([890, 394], [890, 709, 394])
1	0.5990490929781214	0.641818999842182	([1085, 613], [1085, 699, 613])
1	0.6223717267627443	0.641833501914723	([432, 36], [432, 431, 36])
1	0.6270614034466638	0.6418479078854205	([495, 346], [496, 495, 346])
1	0.621761175235845	0.641853848866961	([600, 87], [600, 399, 52])
1	0.6409471546478854	0.6418575789534374	([323, 113], [323, 151, 139])
1	0.6172987674210311	0.6418935310408693	([591, 264], [591, 290, 283])
1	0.6300704720729983	0.6419082506978923	([1137, 793], [1177, 1137, 1120])
1	0.5977187648627716	0.6419787351227593	([908, 635], [905, 754, 646])
1	0.6350562527971552	0.64211559479806	([1499, 1335], [1499, 1498, 1335])
1	0.616907433797467	0.6421210377019957	([1254, 957], [1254, 1091, 1087])
1	0.6400736029222146	0.6421217635552622	([905, 282], [905, 877, 802])
1	0.6419741012138545	0.6421285731278392	([536, 13], [536, 138, 86])
1	0.6143386875771287	0.6421416249440152	([591, 290], [591, 531, 264])
1	0.6053811762796504	0.6421515748137566	([614, 234], [614, 587, 234])
1	0.6190048181234308	0.642166009782294	([1189, 998], [1488, 1189, 1180])
1	0.6401972422978718	0.6421790728169509	([671, 260], [688, 671, 262])
1	0.6365221141277472	0.6422131702866699	([1382, 1231], [1482, 1382, 1231])
1	0.6316215072039866	0.6422332386219424	([1272, 988], [1340, 1272, 1270])
1	0.6030113218928308	0.6422384057262319	([1479, 1089], [1479, 1441, 1089])
1	0.6327464817040271	0.6422842913167656	([1489, 1182], [1542, 1299, 1164])
1	0.6238757730329252	0.6423194293680423	([874, 662], [874, 842, 663])
1	0.6296619427484075	0.642364062933805	([1307, 1137], [1307, 1148, 1137])
1	0.6362424031736038	0.642368416895227	([668, 258], [668, 532, 523])
1	0.615093301298925	0.6424261821395818	([1542, 1124], [1542, 1164, 1124])
1	0.6390196803398558	0.6425222805049698	([1115, 772], [1115, 879, 772])
1	0.6368952502418764	0.6425379133567678	([1040, 903], [1040, 995, 987])
1	0.6400782421535485	0.6426473347173506	([1374, 601], [1374, 1168, 599])
1	0.6241966783058751	0.642655896139637	([331, 173], [331, 246, 238])
1	0.6368298495751347	0.6426691913441568	([448, 132], [448, 392, 132])
1	0.6210089818806445	0.6426695870265471	([746, 426], [746, 694, 426])
1	0.6169861843903865	0.642696161058732	([984, 816], [984, 873, 817])
1	0.6306480584081078	0.6427531932869938	([1085, 413], [1095, 1085, 413])
1	0.6422250074464769	0.6427925356973502	([1431, 903], [1431, 1134, 1131])
1	0.6352851755112421	0.6427925356973502	([1422, 1134], [1431, 1422, 1134])
1	0.6424639485501252	0.6427946192030267	([1246, 996], [1272, 1246, 996])
1	0.6184460220154087	0.642802142778822	([1306, 1119], [1477, 1306, 1119])
1	0.6383294263680601	0.6428207532906617	([1442, 906], [1442, 1111, 1082])
1	0.635722162677847	0.6428573752799889	([1530, 1121], [1485, 1174, 1121])
1	0.6332793791273917	0.6428824419891166	([589, 443], [589, 538, 431])
1	0.6211170143276132	0.6429284008681667	([981, 655], [983, 981, 815])
1	0.6418734464433956	0.6429301187226354	([654, 342], [654, 624, 623])
1	0.6366533408040328	0.6429310528237514	([595, 386], [609, 595, 588])
1	0.6352109304488438	0.6429495189083267	([1300, 1134], [1346, 1300, 1134])
1	0.630510233789363	0.6429495189083267	([1354, 1134], [1354, 1346, 1134])
1	0.6300321865498247	0.6429590933173086	([1374, 693], [1374, 1168, 693])
1	0.6419376750377955	0.6429738380784156	([1515, 1090], [1525, 1515, 1090])
1	0.6396977033062583	0.6429791674535451	([681, 87], [681, 674, 95])
1	0.6263306590009252	0.642983601248067	([1271, 1020], [1271, 1020, 907])
1	0.6402527408587642	0.6431457700094488	([1230, 887], [1230, 1227, 887])
1	0.6426613069330152	0.6431574589901308	([648, 518], [667, 648, 518])
1	0.6311079552135387	0.6432041380241227	([1286, 706], [1286, 1253, 706])
1	0.6229135922930928	0.6432160441152741	([594, 269], [594, 419, 394])
1	0.601301253570587	0.6432210120431029	([1213, 747], [1213, 1073, 747])
1	0.6223517114588296	0.6432250392455987	([494, 345], [494, 482, 72])
1	0.6101745294701264	0.6432452077887862	([693, 392], [693, 539, 390])
1	0.6265002358536441	0.6432662013205108	([1453, 1358], [1509, 1453, 1358])
1	0.6399544913861402	0.6433058013600874	([1103, 1033], [1103, 1067, 1033])
1	0.6330717458152059	0.6433773501633827	([644, 540], [644, 610, 604])
1	0.6298006173623799	0.643408350067693	([1042, 805], [1042, 973, 805])
1	0.6386559234662909	0.6434341255833241	([1113, 668], [1171, 1113, 668])
1	0.6373003474264917	0.6434421168933011	([810, 654], [816, 810, 654])
1	0.6399068883708688	0.6435077953255348	([956, 749], [1084, 956, 879])
1	0.6335459661317888	0.6435120420205569	([731, 645], [731, 688, 669])
1	0.6333566742305207	0.6435355197714634	([425, 2], [425, 144, 142])
1	0.629776231442027	0.6435530084449267	([965, 616], [965, 879, 616])
1	0.6425623116480286	0.643568328084778	([638, 555], [638, 626, 555])
1	0.6370047411075027	0.6435808562177863	([1158, 671], [1158, 695, 671])
1	0.641818529616129	0.6435925205405751	([675, 125], [675, 430, 397])
1	0.6381649812433969	0.6436055840627037	([1008, 807], [1008, 871, 807])
1	0.6187288887795763	0.6436067288942223	([685, 538], [679, 677, 407])
1	0.6006695783970618	0.6436067328098599	([764, 659], [764, 760, 659])
1	0.6341322473297581	0.643738736050308	([1168, 750], [1175, 1168, 750])
1	0.6395787347064048	0.6437419885971438	([901, 786], [901, 900, 780])
1	0.6409619879365743	0.6437767071106935	([1108, 769], [1108, 880, 769])
1	0.6427988735854714	0.6437971238093584	([695, 541], [695, 598, 595])
1	0.6352910139566874	0.6439216316786519	([1531, 1171], [1531, 1437, 1171])
1	0.6377983392748422	0.6439327138695852	([1125, 1058], [1126, 1125, 1058])
1	0.6273659561085414	0.6439476917682181	([740, 263], [740, 682, 671])
1	0.6070012417330858	0.6439739283314614	([461, 128], [461, 388, 372])
1	0.6433486010874848	0.6440210597340289	([1069, 1035], [1069, 1059, 1031])
1	0.6300596954906348	0.6440363938213014	([1196, 969], [1196, 1025, 969])
1	0.6305494650054425	0.644055018430686	([1402, 1234], [1413, 1402, 1234])
1	0.6374743852967868	0.6441017678391299	([1361, 689], [1376, 1361, 689])
1	0.6247775485453768	0.6441345188004246	([439, 212], [439, 406, 140])
1	0.6248891152077142	0.6441707816164638	([613, 78], [613, 589, 78])
1	0.6413846385716112	0.6441825669826808	([541, 7], [541, 539, 7])
1	0.6247207257005073	0.6441848341225562	([901, 728], [901, 780, 761])
1	0.6259657703161434	0.6442387467374137	([1167, 898], [1167, 1094, 898])
1	0.6288665075710634	0.6442565184602336	([1065, 818], [1065, 910, 840])
1	0.6417011842512399	0.6442717325828753	([588, 40], [588, 532, 80])
1	0.6398222600217297	0.6442746748632875	([1113, 409], [1113, 712, 710])
1	0.6327879722706744	0.6442996135046761	([972, 806], [1046, 972, 806])
1	0.6317693055430218	0.6443052678824737	([717, 429], [717, 709, 434])
1	0.6377291200466668	0.6443123482360016	([380, 247], [380, 274, 247])
1	0.6430795596893577	0.6443154488933662	([1454, 1300], [1454, 1392, 1300])
1	0.615023962247822	0.6443305532398831	([496, 348], [495, 494, 346])
1	0.6384003948426356	0.6443561129665372	([966, 739], [966, 880, 713])
1	0.6386807150506103	0.6443620149373009	([824, 727], [824, 805, 757])
1	0.6429686208703912	0.6443779608078803	([1530, 1260], [1530, 1493, 1260])
1	0.5908723719838227	0.6443839919963475	([906, 531], [698, 598, 597])
1	0.6302969322304213	0.6444277887610774	([440, 364], [452, 440, 364])
1	0.6278497744153327	0.6444316069727591	([1387, 958], [1387, 1360, 958])
1	0.6175949325839634	0.644456003608426	([706, 140], [736, 679, 140])
1	0.6372344671988314	0.6445017726377725	([1289, 906], [1289, 1144, 908])
1	0.6376876441823149	0.6445391480925695	([671, 5], [671, 535, 5])
1	0.6313041691558184	0.6445853198732918	([947, 826], [947, 843, 813])
1	0.6171513231436144	0.6446085357090982	([613, 287], [414, 411, 287])
1	0.6415032134434823	0.6446353238394329	([504, 247], [504, 501, 247])
1	0.6385400660368213	0.6447653403166497	([546, 374], [553, 546, 374])
1	0.6371125301996664	0.644819501275631	([672, 11], [672, 537, 10])
1	0.644365463141566	0.6448421542473463	([1134, 1055], [1134, 1055, 913])
1	0.6111850490978965	0.6448421542473463	([1189, 915], [1178, 1134, 913])
1	0.6444075360340964	0.644844242848465	([360, 78], [360, 126, 80])
1	0.6430974328091382	0.6449168869888179	([365, 199], [365, 219, 199])
1	0.6439613755162806	0.6449191694884541	([877, 784], [877, 798, 797])
1	0.6350923684319293	0.6449194835287877	([1252, 676], [1252, 1214, 694])
1	0.6129037562281079	0.6449305830480628	([736, 140], [701, 689, 139])
1	0.6432914857919494	0.6449311806275067	([159, 52], [159, 114, 52])
1	0.6419147396386087	0.6449546598759398	([1301, 1133], [1301, 1201, 1182])
1	0.6281412472276159	0.6449834370792364	([1131, 1052], [1132, 1131, 1053])
1	0.6205676436130776	0.6450179057608075	([903, 807], [903, 827, 807])
1	0.5730434082768266	0.6450179057608075	([952, 764], [903, 900, 827])
1	0.6055449777151444	0.6450317548671975	([1118, 675], [1118, 1092, 675])
1	0.6235924891033555	0.6450323864251654	([1103, 608], [1103, 643, 607])
1	0.6177544420243605	0.6450323864251654	([1103, 969], [1103, 969, 607])
1	0.6187197740939312	0.6450590969840428	([1103, 800], [1138, 1103, 800])
1	0.6212258349717706	0.6450669057224634	([1180, 1025], [1103, 800, 798])
1	0.6429558988913522	0.6450669057224634	([1123, 798], [1123, 1103, 798])
1	0.6221338319680492	0.6451036946545411	([1452, 1281], [1506, 1453, 1426])
1	0.6421701762985885	0.6451157478764652	([584, 380], [584, 534, 389])
1	0.6099637963963006	0.6451342649427736	([890, 221], [1100, 890, 736])
1	0.599720277337318	0.6451401779394282	([1108, 418], [1108, 690, 418])
1	0.6412773870347167	0.6451459733038223	([648, 389], [695, 648, 389])
1	0.6235872912436001	0.6451708498422848	([694, 447], [694, 447, 396])
1	0.6328220063790538	0.645183251485419	([1285, 953], [1437, 1285, 953])
1	0.6366938065922323	0.645183251485419	([1415, 953], [1437, 1415, 953])
1	0.626613372657368	0.6452066775897025	([996, 786], [996, 840, 786])
1	0.6076306287110222	0.6452248578197587	([326, 57], [326, 274, 115])
1	0.6252731278175447	0.6452277428425466	([710, 535], [710, 535, 418])
1	0.6183741929788902	0.6452316718129618	([1140, 530], [1140, 616, 612])
1	0.6441083948094721	0.6452316718129618	([1286, 612], [1286, 1140, 612])
1	0.6410975997140623	0.6452703070991544	([793, 589], [793, 750, 589])
1	0.6434728252179253	0.6452703070991544	([882, 589], [882, 750, 589])
1	0.6293598523940054	0.645282882002391	([1284, 1072], [1373, 1284, 1252])
1	0.6144447068929734	0.6453107301622426	([745, 410], [745, 681, 399])
1	0.6322718262285986	0.6453107301622426	([1096, 399], [1074, 745, 399])
1	0.6323306912792167	0.6453268657854325	([344, 62], [344, 341, 62])
1	0.6092523368416989	0.6453278959403573	([1345, 913], [1164, 1134, 944])
1	0.6335470704769876	0.645379723674808	([1100, 299], [1100, 403, 299])
1	0.6102507351025012	0.6454091872664429	([908, 589], [908, 890, 603])
1	0.6406180310386156	0.6454394944110082	([1107, 771], [1107, 771, 737])
1	0.6431867911575597	0.6454406274667492	([641, 500], [641, 628, 500])
1	0.6352723713537505	0.6455807085561315	([907, 370], [907, 370, 238])
1	0.6397261176649812	0.6456257928817684	([507, 131], [507, 462, 421])
1	0.6271462298459138	0.645635377411094	([1232, 1121], [1241, 1232, 1121])
1	0.6187097364775075	0.645635377411094	([1295, 1136], [1271, 1241, 1121])
1	0.6377998404513087	0.6457256020709731	([907, 149], [907, 434, 149])
1	0.644494055497125	0.6457758662767716	([1194, 911], [1194, 1060, 1058])
1	0.6446640543303913	0.6457758662767716	([1164, 1058], [1194, 1164, 1058])
1	0.6398106227779456	0.6457805014212182	([369, 30], [369, 141, 101])
1	0.6385066452256258	0.6457805014212182	([587, 369], [587, 369, 101])
1	0.6118474092327475	0.6458109326341309	([1366, 709], [1366, 1087, 693])
1	0.6440308691678107	0.6458242593454708	([678, 144], [678, 144, 88])
1	0.6362276240471617	0.6458482889033332	([710, 219], [710, 400, 219])
1	0.6111745621082472	0.645934795738736	([953, 653], [1018, 840, 653])
1	0.6455448626776285	0.6459630203579988	([1484, 1077], [1555, 1484, 1077])
1	0.6224624188984365	0.6460314053994259	([742, 224], [742, 693, 398])
1	0.6131736357282092	0.6460857598451845	([543, 387], [543, 537, 387])
1	0.6223308737650405	0.6461154825079729	([687, 18], [687, 432, 89])
1	0.6422429326390192	0.646133390946602	([366, 2], [366, 304, 92])
1	0.5937082300258054	0.6461456578884227	([868, 658], [874, 760, 659])
1	0.6011584836646282	0.646273636163734	([1414, 1128], [1248, 1219, 1120])
1	0.6426855201925825	0.6463093319831794	([363, 10], [363, 75, 51])
1	0.6424219106572023	0.6463102517203367	([1245, 764], [1245, 912, 903])
1	0.640637704846494	0.6463102517203367	([1278, 912], [1245, 1189, 903])
1	0.6460044217413949	0.6463210295373897	([581, 250], [581, 378, 375])
1	0.6373982921863209	0.6463670989650107	([1194, 1060], [1194, 1164, 944])
1	0.6404895327046792	0.6463679231103657	([1123, 952], [1164, 1123, 952])
1	0.6201224312169099	0.6463679231103657	([1179, 952], [1179, 1164, 952])
1	0.6449958830553352	0.6463679231103657	([1318, 952], [1318, 1164, 952])
1	0.6379293313041903	0.6464042858030783	([332, 153], [332, 316, 153])
1	0.6205736252516095	0.6464534064333792	([487, 64], [483, 346, 70])
1	0.6273141682886139	0.6464606282002218	([497, 353], [497, 481, 353])
1	0.6224930234636983	0.6464696335287193	([1100, 403], [1100, 1094, 403])
1	0.6400309331768183	0.6464937646166813	([508, 332], [508, 504, 321])
1	0.6244516695084353	0.6465193819779618	([802, 606], [802, 793, 589])
1	0.6323687617415751	0.6465193819779618	([962, 589], [962, 802, 589])
1	0.6350297671474311	0.6465540685615802	([1492, 1195], [1507, 1259, 1195])
1	0.6284294074273015	0.646570328249709	([590, 312], [590, 585, 303])
1	0.6149838491701595	0.6466273039563869	([612, 18], [647, 612, 54])
1	0.644695228084025	0.6466304333310474	([670, 94], [678, 670, 94])
1	0.639844292504804	0.6466304429281308	([612, 215], [612, 215, 147])
1	0.6425979663419449	0.646666790542195	([1450, 1235], [1450, 1235, 1220])
1	0.6341178407026785	0.6466872891719734	([965, 781], [965, 801, 781])
1	0.6099476928481027	0.6466992435738877	([492, 352], [492, 491, 66])
1	0.6402094387948476	0.6467673252191386	([673, 231], [673, 410, 231])
1	0.6221465955025018	0.6468318016737428	([386, 159], [501, 386, 273])
1	0.6429436810628488	0.6468613542278673	([1436, 1165], [1436, 1202, 1165])
1	0.6206338329588897	0.6469086836205294	([1257, 711], [1257, 1150, 1096])
1	0.6378468923043744	0.646922705496149	([706, 11], [706, 685, 11])
1	0.645409344020727	0.6469400405537538	([541, 79], [541, 85, 79])
1	0.6287742069462854	0.6469459135597198	([886, 441], [685, 674, 428])
1	0.6413500898366044	0.6469474556497654	([1063, 821], [1063, 945, 829])
1	0.6440004522197593	0.6469543608964522	([1133, 912], [1133, 912, 903])
1	0.6396904334595568	0.6469543608964522	([1133, 764], [1133, 974, 903])
1	0.6161218536418163	0.6469543608964522	([1488, 998], [1133, 1127, 903])
1	0.6434486503301515	0.646954406940683	([386, 44], [386, 127, 44])
1	0.6435722223450475	0.6469985973573567	([676, 6], [676, 285, 6])
1	0.621815067292346	0.6470040020919157	([1338, 1121], [1339, 1338, 1121])
1	0.63402996463282	0.6470384393835711	([606, 380], [606, 594, 269])
1	0.6409961041412977	0.6470550162912938	([839, 661], [839, 834, 661])
1	0.6462969107071852	0.6470632569120413	([587, 301], [587, 301, 101])
1	0.6092783804395961	0.6471005737075015	([610, 521], [610, 603, 521])
1	0.6383433414297655	0.6471270196144588	([1302, 1197], [1302, 1242, 1235])
1	0.6323924908817348	0.6471416040466689	([554, 73], [554, 472, 161])
1	0.6411083123067962	0.6471416040466689	([506, 165], [554, 506, 161])
1	0.6231017503857346	0.6471751782853284	([1262, 974], [1262, 1233, 974])
1	0.6436832921261555	0.6471968761464243	([1307, 895], [1307, 1254, 895])
1	0.6430647460102138	0.6472096940327441	([460, 148], [460, 434, 403])
1	0.6390250127114951	0.6472130534334033	([1308, 962], [1380, 1084, 962])
1	0.637040704455982	0.6472152164034815	([538, 364], [540, 538, 364])
1	0.6260066773413248	0.6472531927382581	([1177, 799], [1177, 907, 825])
1	0.6445765101361378	0.6472647775653987	([900, 721], [900, 736, 721])
1	0.6374128093141719	0.64726972268814	([361, 166], [361, 166, 75])
1	0.630473241607952	0.6472760599999328	([1263, 1127], [1266, 1263, 1134])
1	0.6217221102832301	0.6473892812546365	([772, 698], [796, 772, 698])
1	0.6302164754370172	0.647448296658108	([529, 370], [529, 397, 392])
1	0.6293575067350567	0.6474703936631907	([314, 79], [314, 299, 79])
1	0.639045052828043	0.6475401717245969	([504, 331], [504, 386, 291])
1	0.6141367956661733	0.6475401717245969	([507, 291], [507, 504, 291])
1	0.6184967803508977	0.6475564550891514	([991, 782], [991, 967, 782])
1	0.6355631661334101	0.6475807221615005	([630, 522], [649, 630, 522])
1	0.5850070963999796	0.6475927038140913	([1106, 957], [1139, 957, 906])
1	0.6423540324835093	0.6475927038140913	([1153, 906], [1153, 1139, 906])
1	0.6340039398585045	0.6476197524435803	([659, 383], [659, 627, 338])
1	0.6193711533397132	0.6476197524435803	([764, 338], [764, 659, 338])
1	0.6150695217672193	0.6476585284424026	([676, 285], [677, 285, 7])
1	0.6474340233939213	0.647780153323899	([635, 526], [635, 620, 526])
1	0.6307306723233587	0.6478433725682914	([1546, 1038], [1546, 1196, 1050])
1	0.6191761611989355	0.6478658516972722	([624, 487], [624, 572, 553])
1	0.619359481575607	0.6479048964943174	([1239, 732], [1291, 1239, 732])
1	0.647827941267393	0.6479446791608886	([699, 40], [699, 415, 401])
1	0.6256551429461241	0.6479773012591967	([1448, 905], [1448, 1112, 1105])
1	0.6249211620665303	0.6480644432260969	([613, 124], [613, 402, 138])
1	0.6443086299891354	0.6480662600416988	([505, 360], [505, 360, 332])
1	0.6369035888194514	0.6481311777451855	([909, 718], [909, 886, 718])
1	0.6460382774568051	0.648137978884553	([506, 271], [506, 275, 271])
1	0.6351505738776162	0.6481405249480965	([597, 133], [597, 402, 391])
1	0.6454513513670622	0.6481406257257599	([1415, 1082], [1415, 1386, 1082])
1	0.6372562759239699	0.6481783775928748	([667, 519], [648, 603, 510])
1	0.607987279544473	0.6483617217246538	([1103, 643], [1103, 959, 764])
1	0.6423151428717475	0.6483896394232217	([1331, 1042], [1331, 1042, 993])
1	0.6260152601775776	0.648408108845903	([1065, 666], [1065, 1047, 666])
1	0.6415901919241266	0.648423264298122	([1435, 1102], [1435, 1424, 1102])
1	0.6378199916529981	0.6484631691743702	([651, 359], [651, 609, 372])
1	0.6393659436773083	0.648464680335786	([1459, 1190], [1459, 1348, 1328])
1	0.6449280249452678	0.6484746885224862	([608, 249], [608, 581, 513])
1	0.6358172544851398	0.6484891260919835	([1100, 614], [1100, 615, 614])
1	0.6362689643817997	0.6485128640240013	([1430, 1136], [1430, 1182, 1131])
1	0.6414961461230959	0.6485752567978852	([695, 12], [695, 686, 12])
1	0.6326371457372219	0.648576565005325	([614, 147], [612, 147, 140])
1	0.5984571645780691	0.648576565005325	([647, 54], [612, 534, 140])
1	0.6373589672645317	0.6486368491370806	([1117, 634], [1117, 1115, 634])
1	0.6434214133682227	0.6486984937371231	([675, 13], [675, 125, 98])
1	0.619836917260951	0.6487257742555	([1210, 771], [1210, 886, 793])
1	0.6118412166412662	0.6488702101805552	([896, 539], [896, 890, 539])
1	0.6463911311280142	0.6488740230241765	([1026, 623], [1026, 979, 661])
1	0.618951695572875	0.6489047561073464	([674, 95], [681, 399, 228])
1	0.6349239072213925	0.6489106026343782	([1251, 801], [1251, 1083, 880])
1	0.6432897321670243	0.6489580772103231	([672, 365], [672, 365, 28])
1	0.6391729305842136	0.6489894393587597	([573, 353], [573, 552, 374])
1	0.6425276223694942	0.6490372791786317	([510, 54], [508, 238, 94])
1	0.6321437254701853	0.6490661450272356	([799, 520], [799, 771, 520])
1	0.6409214332367186	0.6490666037953007	([386, 127], [386, 261, 220])
1	0.6377585450692406	0.6491090913713421	([663, 499], [667, 663, 499])
1	0.6302792455978102	0.6491200980181763	([959, 726], [959, 764, 726])
1	0.6474651467603915	0.6491970587370224	([795, 265], [907, 795, 265])
1	0.6489967654158159	0.6491978047287439	([662, 569], [662, 651, 582])
1	0.6430959276252906	0.6492276901595145	([742, 435], [742, 589, 435])
1	0.6470146608297356	0.6492451242281067	([560, 489], [560, 553, 489])
1	0.642870992069627	0.649277217566954	([608, 479], [608, 513, 479])
1	0.6352671739562535	0.6493003703968079	([1065, 789], [1065, 840, 789])
1	0.6406063468091893	0.6493254145130083	([1415, 1166], [1437, 1415, 1176])
1	0.6171725737823137	0.6493799831205544	([537, 212], [537, 212, 2])
1	0.6400392420677742	0.6494187776277669	([281, 129], [291, 281, 129])
1	0.6311372296368606	0.6494663847231744	([1409, 1131], [1430, 1409, 1196])
1	0.6325613205187676	0.6494826339534528	([1248, 962], [1248, 1145, 1142])
1	0.637613132337478	0.6494924526950904	([1378, 588], [1379, 1378, 588])
1	0.6454258734765222	0.649516364592198	([1191, 908], [1191, 1185, 908])
1	0.6223623094926136	0.649547057055869	([1064, 765], [1064, 818, 805])
1	0.5953636858887972	0.6495527101133443	([893, 596], [1081, 739, 404])
1	0.6472240443064493	0.6495567681446853	([184, 68], [190, 184, 68])
1	0.6445160928788322	0.6495747124400005	([701, 14], [701, 139, 95])
1	0.6478094619648953	0.6495951243149024	([604, 47], [604, 597, 47])
1	0.639482950413397	0.6495951243149024	([734, 47], [734, 597, 47])
1	0.6229962035051421	0.6496481823618738	([619, 507], [619, 604, 520])
1	0.6454127485632739	0.6496771169673243	([594, 145], [594, 268, 145])
1	0.6310076696127078	0.6497429888662761	([1476, 891], [1476, 1090, 897])
1	0.6379073901790011	0.6497607630992692	([1219, 991], [1219, 1118, 965])
1	0.6453280521046901	0.6497700859922192	([541, 282], [541, 531, 264])
1	0.6150127826975568	0.6498123955045266	([1540, 1332], [1544, 1540, 1332])
1	0.6424507109485726	0.6498231679392398	([613, 517], [613, 543, 539])
1	0.6380572395194299	0.6498481894796028	([1285, 1077], [1367, 1285, 1153])
1	0.6373297846311898	0.6498907988019546	([1500, 990], [1500, 1177, 907])
1	0.6432279167327012	0.6498975585413778	([669, 106], [689, 669, 106])
1	0.6393247566739179	0.649918613420568	([908, 393], [908, 890, 393])
1	0.6169362647429601	0.6499326227412373	([798, 664], [807, 798, 664])
1	0.6296106250938012	0.6499326227412373	([875, 664], [875, 807, 664])
1	0.6270620795381234	0.650024047735007	([704, 299], [704, 398, 299])
1	0.6333461129498312	0.6500528488049873	([1564, 1163], [1564, 1241, 1226])
1	0.6296967133631773	0.6500608534106277	([1339, 908], [1339, 1303, 908])
1	0.6222860751668934	0.6500608534106277	([1564, 908], [1564, 1303, 908])
1	0.639190317604463	0.6501789016203958	([751, 537], [751, 692, 537])
1	0.6399074366141734	0.6502344726702914	([561, 68], [561, 348, 68])
1	0.6493587543162243	0.6502774598211627	([601, 30], [601, 598, 30])
1	0.6469623956857018	0.6503150646668868	([1265, 1041], [1265, 1103, 1041])
1	0.6105704650745299	0.6503363111553385	([723, 658], [808, 764, 723])
1	0.6460854823169153	0.6503363111553385	([912, 723], [912, 808, 723])
1	0.6406626733310767	0.6503843455262934	([798, 644], [798, 664, 644])
1	0.6477906047600817	0.650386317321022	([1218, 909], [1218, 909, 899])
1	0.638703225403121	0.6504989384572113	([349, 65], [349, 339, 61])
1	0.6289788114636891	0.6505069006182904	([877, 298], [905, 510, 282])
1	0.6264449016132879	0.6505148298101889	([1125, 948], [1135, 1125, 948])
1	0.6425028885379037	0.6506116344393962	([1352, 1165], [1418, 1407, 1165])
1	0.6377872685308259	0.6506256688547322	([1314, 716], [1312, 1140, 736])
1	0.6219331656804267	0.650645308741605	([509, 151], [509, 286, 235])
1	0.6467646115235945	0.650655505540594	([1488, 1057], [1488, 1134, 1057])
1	0.6452482936925452	0.6506566198266388	([1422, 960], [1422, 1302, 960])
1	0.6320281740075298	0.6507763924347139	([1126, 1043], [1164, 1126, 1103])
1	0.6470184097219993	0.6507763924347139	([1392, 1126], [1392, 1164, 1126])
1	0.637054146371991	0.6507833199902285	([1189, 843], [1189, 998, 843])
1	0.6374655929038398	0.6508227024150605	([1204, 649], [1204, 683, 596])
1	0.6400545186328495	0.650826496519437	([621, 519], [621, 519, 292])
1	0.6412496334201655	0.6508613707398104	([1329, 1165], [1407, 1329, 1327])
1	0.6395928570548229	0.6509438162388956	([1212, 589], [1212, 1159, 589])
1	0.6497627370735221	0.6509587556628055	([961, 591], [965, 961, 616])
1	0.6326889873356104	0.6509826118976234	([747, 437], [747, 683, 674])
1	0.6421948425024536	0.6510282243913565	([1320, 1061], [1320, 1279, 1058])
1	0.634908589053232	0.6510282632182528	([803, 594], [803, 771, 547])
1	0.6415861654376247	0.6510360374532169	([1179, 836], [1179, 836, 763])
1	0.6310774263543104	0.6510471033176944	([1545, 1135], [1545, 1202, 1126])
1	0.626024018648315	0.6510610870224979	([523, 244], [523, 289, 258])
1	0.6473110420123377	0.6510611169732077	([683, 223], [683, 673, 223])
1	0.6422799510354466	0.6511249997312983	([1245, 1033], [1265, 1245, 1033])
1	0.6401599434240991	0.6511249997312983	([1351, 1033], [1351, 1265, 1033])
1	0.6439777397919132	0.6511675401081615	([956, 668], [956, 876, 648])
1	0.633001306461035	0.65118642600875	([1061, 662], [937, 844, 662])
1	0.6272660807114466	0.651237939679633	([322, 128], [323, 322, 139])
1	0.6480432703380131	0.6512513090635415	([768, 644], [768, 722, 721])
1	0.6465570751062464	0.6512721481127178	([1526, 1069], [1526, 1251, 1176])
1	0.6416212273044823	0.651296062646523	([513, 130], [513, 512, 115])
1	0.6511612397139441	0.6513129919878359	([767, 652], [793, 767, 652])
1	0.6269112869450042	0.6513129919878359	([753, 667], [799, 793, 652])
1	0.6393358624136597	0.6513421348620889	([1446, 710], [1446, 1091, 747])
1	0.6388575580018476	0.6513474952073556	([463, 75], [463, 440, 152])
1	0.6488686856995404	0.6513635366714483	([1386, 1129], [1386, 1177, 1129])
1	0.6442567436858463	0.65138179582515	([837, 241], [837, 760, 481])
1	0.6444792907781143	0.651422675163793	([702, 81], [702, 394, 143])
1	0.6369978232262106	0.6514565479317832	([1251, 709], [1251, 1215, 709])
1	0.644059021974173	0.6514620152259742	([524, 283], [524, 523, 283])
1	0.648576579348197	0.6515050182249735	([714, 454], [714, 529, 505])
1	0.635897001325453	0.6515050182249735	([745, 505], [729, 714, 505])
1	0.6447753646544084	0.6515310966673933	([640, 551], [640, 620, 583])
1	0.6440244611934592	0.6515475476995866	([736, 442], [736, 716, 442])
1	0.6359280761432614	0.6515534128430636	([1290, 601], [1290, 1154, 601])
1	0.6364819871344245	0.6515861019157708	([1128, 1066], [1128, 1126, 1066])
1	0.6467182456092023	0.6516043525775579	([1125, 1070], [1200, 1125, 1123])
1	0.6504105731276613	0.6517446901227932	([1286, 399], [1286, 1074, 706])
1	0.6429998891685532	0.6517507897704072	([1443, 887], [1443, 1117, 887])
1	0.6450343180634397	0.6517655519043005	([969, 759], [969, 823, 759])
1	0.6398990781811136	0.651768577125407	([520, 75], [525, 520, 55])
1	0.6080902454827785	0.6517696089592677	([939, 660], [913, 874, 661])
1	0.6503587511162588	0.6517850357768643	([739, 151], [739, 708, 151])
1	0.6384235641278294	0.6518147568962163	([520, 259], [520, 507, 259])
1	0.6451793379468552	0.6518488735295856	([1277, 815], [1488, 1262, 1179])
1	0.6427697569284221	0.6518576360092495	([1163, 905], [1176, 1163, 905])
1	0.6304808799937061	0.6519264740677713	([1098, 529], [1098, 675, 529])
1	0.6401926531279745	0.6519718006079809	([356, 172], [355, 293, 172])
1	0.6122241613748458	0.6519833948469433	([1136, 825], [1121, 989, 956])
1	0.6457671084285348	0.6519842743072147	([883, 395], [883, 443, 427])
1	0.642936190645778	0.6519842743072147	([883, 443], [883, 683, 427])
1	0.646085292359375	0.6519948538425404	([648, 290], [648, 389, 297])
1	0.6484321661274316	0.651996262730319	([692, 84], [692, 409, 266])
1	0.6202905698276482	0.652072625590839	([739, 303], [739, 599, 303])
1	0.6428999940680158	0.6521451458466544	([671, 148], [671, 395, 391])
1	0.6202746829172081	0.6521564677412883	([563, 501], [563, 548, 547])
1	0.6345435676690975	0.65221404208752	([485, 251], [490, 485, 251])
1	0.6360195604970974	0.6522391197888296	([665, 524], [665, 545, 515])
1	0.5901624747858588	0.652251661044476	([306, 26], [305, 123, 26])
1	0.6444353816968557	0.6522599149315326	([764, 626], [764, 626, 607])
1	0.6337943730943096	0.6522599149315326	([727, 515], [829, 764, 607])
1	0.6091012479039979	0.6522599149315326	([829, 607], [1103, 764, 607])
1	0.6488050341256899	0.6522853743891447	([514, 61], [514, 163, 58])
1	0.6382570302694249	0.6522855441027468	([955, 528], [963, 955, 528])
1	0.6422998654757993	0.6522933943175113	([1305, 1173], [1314, 1305, 1173])
1	0.6480481184968477	0.6523056679113262	([899, 634], [956, 899, 634])
1	0.6482904174891374	0.6523060488405658	([877, 362], [877, 362, 260])
1	0.6463616159982348	0.6523150432860061	([660, 294], [660, 553, 480])
1	0.6389989066880128	0.6523726004138027	([1396, 1188], [1396, 1347, 1184])
1	0.6457753568400233	0.6523774661307102	([1392, 1191], [1411, 1392, 1191])
1	0.6432561464244912	0.652413545544201	([568, 357], [580, 568, 373])
1	0.6135703013914089	0.6524391510709256	([1132, 1056], [1134, 1131, 913])
1	0.6395889634561227	0.6524489666570531	([1130, 787], [1130, 1124, 787])
1	0.6521311555466391	0.6524489666570531	([1266, 787], [1266, 1124, 787])
1	0.6439569174174052	0.6524595847171496	([1187, 1059], [1194, 1187, 1059])
1	0.6503184076961638	0.6524731388319588	([1338, 1069], [1526, 1463, 1069])
1	0.6464980041998205	0.6524942784734966	([818, 626], [818, 765, 764])
1	0.6524486296468522	0.6525253847211503	([1318, 1127], [1318, 1177, 1164])
1	0.6367926840482596	0.6525263882481218	([1099, 541], [1154, 1114, 595])
1	0.6404019032062773	0.6525437999741108	([505, 257], [513, 505, 249])
1	0.6472431491293693	0.6525504943778131	([1193, 1020], [1193, 1164, 1124])
1	0.6370399849686589	0.652581780534632	([1287, 646], [1287, 1144, 684])
1	0.652192276590927	0.6525923139349297	([466, 123], [532, 466, 123])
1	0.6299437501365356	0.6525923139349297	([668, 123], [668, 532, 123])
1	0.650372042278146	0.6526740708418269	([661, 343], [661, 624, 342])
1	0.6524894072801208	0.6527125956749508	([801, 648], [801, 648, 633])
1	0.6489538118923567	0.6527748455797951	([1277, 1038], [1277, 1038, 998])
1	0.6421598577322281	0.6527825230174661	([551, 372], [606, 551, 541])
1	0.6393105142246708	0.6528093873867794	([881, 145], [890, 889, 393])
1	0.6457256669490374	0.6528381195109778	([1114, 756], [1114, 756, 743])
1	0.6371831458756145	0.6528402360228547	([1030, 794], [1068, 1030, 794])
1	0.6486222322584644	0.652850896983015	([1457, 1129], [1457, 1272, 1129])
1	0.6460247084824307	0.6529361774073453	([1267, 838], [1267, 911, 902])
1	0.6398682973921825	0.6529361774073453	([1267, 902], [1274, 1267, 911])
1	0.6446338462241682	0.6529813265010552	([1118, 730], [1220, 732, 730])
1	0.6303924459702436	0.6530040141015241	([1490, 940], [1490, 1488, 1057])
1	0.6163423650191622	0.6530046986882794	([908, 300], [908, 394, 300])
1	0.6395416605074604	0.653026843717311	([1499, 1136], [1499, 1263, 1186])
1	0.6357774036579649	0.6530678985369024	([749, 406], [749, 406, 403])
1	0.6314966560763698	0.6530719861829399	([1248, 899], [1306, 1248, 899])
1	0.6396666611265658	0.6530952740641766	([525, 281], [525, 513, 333])
1	0.6412896634350179	0.6531194293343419	([1278, 1025], [1278, 1277, 1014])
1	0.6287647820207221	0.6531281255276321	([709, 145], [711, 709, 145])
1	0.6475293236232187	0.6531616408856245	([1088, 421], [1088, 690, 393])
1	0.6382996268846395	0.6531616408856245	([1105, 393], [1105, 1088, 393])
1	0.6434682880448752	0.653181815752917	([1317, 894], [1317, 1289, 908])
1	0.6505362011487535	0.6532152049366625	([1403, 1275], [1417, 1403, 1271])
1	0.6435743787157207	0.653283244765704	([1130, 1044], [1130, 1057, 1044])
1	0.6514373389112936	0.653283244765704	([1130, 1065], [1130, 1065, 1057])
1	0.63437220040908	0.653283244765704	([1130, 873], [1134, 1130, 1057])
1	0.6382313043668313	0.6533546450968732	([1180, 830], [1180, 1058, 1015])
1	0.6359459043974325	0.6533546450968732	([1279, 1058], [1279, 1180, 1058])
1	0.6515406612073269	0.65337126005047	([748, 648], [748, 648, 258])
1	0.6286920058248233	0.6534004990351475	([902, 768], [902, 875, 840])
1	0.6440892022632708	0.6534377530085754	([544, 276], [544, 383, 276])
1	0.6479444692240253	0.6534427010445847	([527, 271], [527, 506, 503])
1	0.6497209291726531	0.6534937611289977	([512, 60], [512, 294, 60])
1	0.643590252271579	0.6535523990259869	([576, 344], [576, 380, 344])
1	0.6312282954516133	0.6535752112199481	([1280, 1047], [1280, 1201, 913])
1	0.6462932418793667	0.6536060562461663	([768, 527], [905, 803, 527])
1	0.6293110952031692	0.6536134536457939	([979, 661], [979, 916, 874])
1	0.651030667671446	0.6536140219351664	([1528, 890], [1528, 1287, 1270])
1	0.6474090673094266	0.6536144194460826	([1129, 780], [1129, 806, 780])
1	0.6397810754677246	0.6536214519747737	([1222, 729], [1222, 1084, 741])
1	0.6397471499290555	0.6536399529479688	([1237, 1022], [1270, 1237, 1225])
1	0.6421100490223658	0.653640435299531	([733, 238], [748, 733, 258])
1	0.6301128989366495	0.6536859228345687	([754, 370], [754, 536, 529])
1	0.6114440210376129	0.6536859228345687	([801, 529], [773, 754, 529])
1	0.6499442884511648	0.6537164186248717	([445, 113], [530, 445, 403])
1	0.6446989230764681	0.6537553260728518	([617, 441], [617, 441, 90])
1	0.6523132944678907	0.6537632473959402	([543, 261], [543, 261, 157])
1	0.653735745153083	0.6537632473959402	([676, 157], [676, 261, 157])
1	0.6184466449710824	0.6537896177264567	([697, 80], [697, 412, 138])
1	0.6216398620356933	0.6538129735097616	([733, 417], [733, 680, 417])
1	0.6536120155591354	0.6538300382607686	([716, 387], [716, 612, 430])
1	0.6447939863329697	0.6539425039836976	([1416, 963], [1416, 1120, 1100])
1	0.6263343949608464	0.6539537164660735	([715, 441], [886, 715, 672])
1	0.6308810591823621	0.6539572289210274	([705, 230], [697, 402, 230])
1	0.6433532303932886	0.6539840722472857	([704, 108], [694, 399, 302])
1	0.6448549379150953	0.654081960667976	([954, 543], [954, 632, 631])
1	0.6491266497056195	0.6540933677780221	([703, 284], [703, 401, 284])
1	0.6331455081345834	0.6541034781703697	([1090, 397], [1090, 683, 679])
1	0.6517922965127904	0.6541048741857701	([518, 172], [518, 501, 172])
1	0.647254277673759	0.6541181253613816	([1153, 610], [1153, 1112, 697])
1	0.6452295592246874	0.6541443810029071	([592, 114], [607, 592, 114])
1	0.6413884606524243	0.6541865549121558	([634, 29], [634, 583, 370])
1	0.6535362974568527	0.6542166951504369	([685, 216], [689, 685, 216])
1	0.6477460750367673	0.654248498633536	([1413, 1124], [1546, 1413, 1124])
1	0.6439731067206821	0.6543089778365194	([814, 653], [814, 808, 661])
1	0.6505580188916265	0.6543211196395136	([669, 301], [688, 669, 301])
1	0.6538332924227084	0.6543810437962146	([1399, 1046], [1399, 1272, 1064])
1	0.6250181172093587	0.6543907286764845	([905, 510], [905, 648, 646])
1	0.6453074743630061	0.654419052682041	([1460, 1115], [1469, 1460, 1115])
1	0.6527093111721824	0.6544550721401043	([1262, 760], [1262, 760, 655])
1	0.6386321755682175	0.6544550721401043	([1346, 655], [1346, 1262, 655])
1	0.6522796847467077	0.6544658274225615	([768, 613], [768, 751, 613])
1	0.626395844214124	0.6544847403122306	([1497, 908], [1497, 1191, 1183])
1	0.6483746496334594	0.6544847403122306	([1483, 1191], [1497, 1483, 1191])
1	0.6240236147956516	0.6545690161219576	([1179, 763], [1179, 952, 873])
1	0.6459187376034304	0.6545843288538671	([566, 498], [566, 554, 498])
1	0.6293272857312832	0.6546127139463435	([1396, 1125], [1396, 1184, 1125])
1	0.6543989656038796	0.6546367296825591	([1283, 968], [1283, 1272, 988])
1	0.6379274482768271	0.6546385610083534	([1067, 782], [1067, 991, 910])
1	0.6527716624231985	0.6546418577779619	([1418, 961], [1418, 961, 908])
1	0.6455448515154749	0.6546649320362194	([1371, 535], [1371, 1091, 535])
1	0.6275532788264212	0.6546782175345099	([1276, 995], [1276, 1262, 658])
1	0.6421553289664284	0.6546851231474234	([1565, 1197], [1565, 1245, 1236])
1	0.6241170503263921	0.6547001956198161	([525, 55], [520, 81, 55])
1	0.6516406570804159	0.6547079189875525	([1130, 996], [1130, 1043, 996])
1	0.6380082032802469	0.6547303482953682	([347, 182], [347, 182, 70])
1	0.6227743523360273	0.6547935428086228	([1348, 1044], [1351, 1282, 1044])
1	0.6380885479385218	0.6548133874144771	([876, 540], [876, 669, 648])
1	0.6519032917773322	0.6548224016594641	([609, 463], [609, 463, 420])
1	0.6528557216369991	0.6548432055518633	([1335, 1255], [1335, 1298, 1255])
1	0.6345934488317919	0.6548794733116934	([744, 629], [744, 629, 612])
1	0.6146961394657323	0.6548870721431188	([1240, 877], [1240, 1161, 1144])
1	0.6502567106926745	0.6548901041592834	([1123, 1061], [1126, 1123, 1061])
1	0.6365507711210538	0.6548977665168737	([1489, 1061], [1489, 1133, 1061])
1	0.6389610587952019	0.6548992071280687	([527, 372], [549, 527, 507])
1	0.6441443239765903	0.6550113159988935	([1120, 646], [1287, 1120, 890])
1	0.6069813367603123	0.655030798189853	([1178, 995], [1490, 1345, 995])
1	0.6531981062742638	0.6550386084158947	([735, 363], [743, 735, 363])
1	0.6467467769220476	0.6550415950061657	([367, 179], [367, 249, 179])
1	0.6444002096372259	0.6550813699299839	([947, 778], [947, 809, 778])
1	0.6186749461319214	0.6551112729440347	([543, 157], [543, 532, 261])
1	0.6388865820569437	0.6551114382336392	([486, 343], [486, 483, 346])
1	0.5822631178104797	0.655130953330817	([969, 607], [764, 657, 553])
1	0.6463040184735004	0.655130953330817	([1245, 553], [1245, 764, 553])
1	0.6510315484083398	0.6551344771532834	([685, 317], [716, 685, 317])
1	0.6365261402685063	0.6551348151507425	([1200, 1070], [1125, 1124, 1070])
1	0.6366411860826258	0.6551759603483854	([890, 258], [890, 370, 268])
1	0.6521706806877228	0.6551797623948733	([529, 147], [529, 233, 147])
1	0.6404429445821821	0.6551868789683309	([994, 765], [994, 970, 765])
1	0.6542553550201973	0.6551912346873124	([1557, 681], [1557, 1099, 681])
1	0.648556577293453	0.6552355053301406	([886, 264], [886, 706, 264])
1	0.6391479464746633	0.6552899414731901	([1274, 843], [1267, 1194, 1132])
1	0.6498813787182443	0.6553137319247939	([670, 50], [670, 143, 94])
1	0.652231903371153	0.6553430985666837	([1313, 755], [1313, 953, 755])
1	0.6415427794007448	0.6553539526710943	([815, 493], [815, 759, 481])
1	0.6418430181202394	0.6554432785429828	([1275, 1056], [1278, 1275, 1056])
1	0.6291405183360713	0.6554650327359502	([1136, 904], [1136, 967, 901])
1	0.6534548885988506	0.6554650327359502	([1295, 901], [1295, 1136, 901])
1	0.6502270119319806	0.6555017903434175	([594, 503], [594, 509, 503])
1	0.648016665578314	0.6555112998579002	([550, 273], [550, 540, 288])
1	0.6452181286920167	0.655519880148235	([1084, 426], [1084, 891, 387])
1	0.6549978218461933	0.6555783117043751	([1238, 876], [1238, 1137, 900])
1	0.6517175896380294	0.6555897720389281	([1250, 600], [1253, 1250, 600])
1	0.6534639772053114	0.6556316662205386	([1481, 1067], [1481, 1424, 1065])
1	0.6410208405942232	0.6556510012178276	([1183, 1022], [1331, 1269, 993])
1	0.6341821942234306	0.6556592702569866	([904, 773], [959, 904, 773])
1	0.6543477259213079	0.6557072431696082	([247, 25], [247, 152, 43])
1	0.6336498021877891	0.6557085502743565	([879, 420], [879, 420, 283])
1	0.6345748152132651	0.6557454010618422	([1505, 1054], [1505, 1274, 1131])
1	0.6423887065235733	0.6558599722176272	([729, 632], [729, 670, 632])
1	0.649072074910706	0.6558611396304292	([1068, 611], [1093, 1072, 1068])
1	0.6532462587561928	0.6558732613605641	([1425, 1129], [1425, 1164, 1129])
1	0.6519172027839402	0.655886312674937	([1334, 1046], [1334, 1046, 841])
1	0.6277524015758449	0.6558955072527032	([588, 370], [583, 530, 409])
1	0.6497142617871724	0.6559080189256088	([1192, 1045], [1192, 1045, 942])
1	0.6544195588910013	0.6559287183914405	([882, 140], [882, 537, 144])
1	0.6389346032817074	0.65596386640265	([322, 22], [322, 311, 22])
1	0.6497312210491777	0.6559678352986071	([1153, 433], [1153, 611, 610])
1	0.655422012044116	0.6559778468494806	([1353, 1062], [1353, 1267, 1194])
1	0.6459096486769821	0.6560268258424553	([1138, 632], [1138, 907, 795])
1	0.6399420273285665	0.6560614856756964	([704, 233], [704, 233, 151])
1	0.6227171695072196	0.6560746349636535	([1272, 1028], [1272, 1064, 1028])
1	0.6279790322930271	0.6561275315850591	([993, 652], [989, 953, 652])
1	0.6451681272987863	0.6561705591403304	([1270, 957], [1270, 1254, 1225])
1	0.6444907317306459	0.6561722214129957	([1544, 953], [1544, 1528, 953])
1	0.6552327622351392	0.6561762731969593	([1242, 1049], [1242, 1185, 1049])
1	0.6515990572249365	0.6561841217829817	([502, 245], [502, 295, 245])
1	0.6315074798686123	0.656186030523547	([1297, 1017], [1297, 1281, 1017])
1	0.6534214332320156	0.6562315491182027	([1273, 1023], [1273, 1270, 1023])
1	0.6417955407893788	0.656233870376375	([722, 652], [756, 722, 652])
1	0.6542347337635118	0.6562388700204982	([730, 651], [730, 672, 651])
1	0.6316248257455424	0.6562974266560313	([1164, 1020], [1164, 1026, 903])
1	0.6550283967260945	0.6563031647549884	([1138, 517], [1138, 905, 517])
1	0.6487051349321206	0.6563136018440772	([320, 118], [320, 118, 55])
1	0.6238095167064448	0.6563435002092779	([614, 19], [614, 139, 110])
1	0.6105560262857003	0.6563435002092779	([611, 110], [614, 611, 110])
1	0.6547951914015149	0.6564050543596969	([892, 265], [892, 600, 265])
1	0.6356818825918812	0.6564121736275013	([523, 371], [530, 523, 371])
1	0.6520019981102927	0.6564482714509452	([659, 559], [659, 658, 573])
1	0.6560976260559856	0.6564494619580972	([768, 58], [768, 549, 527])
1	0.6506152637641814	0.6564692437062305	([469, 335], [512, 469, 335])
1	0.6473012590785002	0.6564757079889475	([594, 213], [594, 408, 213])
1	0.6540932779054497	0.6565393726696241	([334, 186], [334, 240, 186])
1	0.6221077816990828	0.6566213341914271	([1448, 1072], [1448, 1239, 1072])
1	0.6536331687382371	0.6566385769659104	([557, 253], [557, 379, 253])
1	0.6329807461854866	0.6566949733147017	([1186, 807], [1186, 1063, 844])
1	0.6325177960402679	0.6567198943193264	([582, 499], [565, 546, 514])
1	0.6480582413015612	0.6567297001824621	([1185, 1048], [1185, 1131, 1053])
1	0.6466485332849334	0.6567844945579212	([891, 225], [891, 387, 225])
1	0.6404625783295782	0.6567969414013259	([1366, 598], [1366, 693, 674])
1	0.654964326208748	0.6568409033018705	([636, 300], [636, 604, 532])
1	0.6417210047387323	0.6568423942683235	([441, 233], [441, 426, 233])
1	0.6518792294808305	0.6568519118197637	([1278, 659], [1278, 1262, 659])
1	0.6561672757071737	0.6568533687190706	([524, 256], [524, 515, 296])
1	0.6123220885389429	0.6568820249700522	([1340, 1064], [1272, 1128, 1124])
1	0.6490108481909925	0.6570102646097264	([1491, 1051], [1505, 1491, 1051])
1	0.6480656757709148	0.6570172945575352	([962, 619], [962, 795, 619])
1	0.6476549047387415	0.6570271498467489	([655, 490], [655, 502, 490])
1	0.6530957830780225	0.6570640060783413	([635, 401], [635, 597, 401])
1	0.6426313189656425	0.6570690163470952	([800, 525], [800, 771, 547])
1	0.6482502717646583	0.657112351220363	([950, 727], [974, 950, 875])
1	0.6568325707265572	0.6571408608201342	([1327, 1070], [1327, 1070, 1019])
1	0.6566590810277988	0.6571933857477252	([1480, 884], [1480, 1365, 877])
1	0.6498447818320516	0.6572227094379871	([645, 285], [676, 645, 599])
1	0.6004455260818902	0.6573027139887448	([1187, 839], [1187, 1165, 953])
1	0.6565600562556676	0.6573191272340752	([608, 266], [608, 287, 266])
1	0.6565895754650904	0.6574797550925968	([1079, 538], [1170, 1079, 538])
1	0.6452924778401553	0.6574848250733927	([1244, 1027], [1278, 1244, 1181])
1	0.6468982951055923	0.6574974191765846	([898, 40], [898, 882, 392])
1	0.6569715449457944	0.6575189020166016	([473, 351], [482, 473, 351])
1	0.6349552994824401	0.6575783786969347	([501, 57], [501, 249, 247])
1	0.6403751442506085	0.6575824331877168	([792, 614], [792, 773, 634])
1	0.6550781220183112	0.6577066565980424	([1540, 616], [1540, 1286, 612])
1	0.6435161036576039	0.6577161293087087	([651, 247], [651, 282, 247])
1	0.6444466323680702	0.6577218955524821	([822, 651], [901, 822, 800])
1	0.6570315675962347	0.6577393705862473	([344, 188], [344, 188, 182])
1	0.6510350827513384	0.657748717719955	([505, 123], [508, 505, 76])
1	0.6457512631375077	0.6577495935144632	([1163, 957], [1204, 1163, 1140])
1	0.6208901010815793	0.6577565101309426	([754, 620], [756, 754, 620])
1	0.6250906012419701	0.6577957094725033	([597, 313], [597, 590, 313])
1	0.6387674749800297	0.6579452687809497	([1468, 718], [1468, 718, 703])
1	0.6476456689563442	0.6579856232381899	([511, 316], [527, 511, 306])
1	0.6447881244499113	0.6580182824108717	([766, 639], [766, 655, 639])
1	0.644496933156531	0.6580296905733746	([953, 541], [953, 613, 609])
1	0.6432207716814745	0.6580640413430102	([1319, 1056], [1319, 1267, 1056])
1	0.6509067060924563	0.6580899706572929	([1217, 795], [1217, 878, 796])
1	0.6319361135666867	0.658093525016603	([562, 171], [562, 547, 171])
1	0.6469591020899124	0.6581498392598087	([884, 223], [884, 680, 397])
1	0.6537464192589997	0.6581574389585881	([1557, 614], [1557, 1106, 614])
1	0.6492991552023969	0.6581914273521683	([1201, 959], [1201, 1123, 1103])
1	0.6435064029335655	0.658200602344704	([1275, 980], [1275, 1056, 978])
1	0.6489112270427476	0.6582295063023417	([1383, 901], [1383, 1104, 803])
1	0.6560845877293208	0.6582348653310859	([803, 291], [803, 527, 504])
1	0.6573455316204359	0.6582405123077363	([1200, 607], [1200, 764, 727])
1	0.6317279168968404	0.6582405123077363	([1200, 727], [1200, 903, 764])
1	0.656676235279979	0.6582504759150529	([1396, 910], [1396, 1280, 910])
1	0.639784890491628	0.6583455928137683	([951, 762], [951, 862, 838])
1	0.654068381860003	0.6584146925335103	([1547, 969], [1547, 1047, 969])
1	0.635866113369184	0.6584532214867714	([618, 43], [618, 531, 523])
1	0.6189983626610386	0.6584565051717682	([572, 169], [572, 553, 169])
1	0.6447404337865287	0.6584813776375099	([881, 286], [881, 673, 286])
1	0.6429295432400893	0.6585300058433471	([954, 639], [954, 901, 666])
1	0.651360904889822	0.6585512095028219	([1210, 402], [1210, 1168, 408])
1	0.6359246091535252	0.6585805322398521	([974, 727], [950, 945, 727])
1	0.6555650579818719	0.658617077044736	([1438, 904], [1272, 1136, 1124])
1	0.633477833263475	0.6587001625463113	([1124, 665], [1124, 944, 763])
1	0.6367585846923605	0.6587197620833486	([1424, 1065], [1424, 1102, 1065])
1	0.6361568476980801	0.6587839073552946	([653, 336], [653, 638, 379])
1	0.6547742816217187	0.6587937111889102	([893, 550], [893, 596, 540])
1	0.647145027739121	0.6588399016915593	([1406, 1235], [1420, 1406, 1386])
1	0.6411543055782619	0.6588686749817255	([878, 408], [878, 695, 589])
1	0.6556901731516865	0.6588699734359856	([907, 120], [907, 547, 120])
1	0.6533242974980442	0.658894128128683	([950, 640], [950, 943, 640])
1	0.6529862062834957	0.6589425423271912	([557, 379], [557, 475, 253])
1	0.6519747949226403	0.6589509739189116	([1456, 1046], [1456, 1399, 1385])
1	0.6575139572257511	0.6589900181668426	([908, 463], [908, 531, 463])
1	0.6522180037332562	0.6590077440034051	([636, 248], [636, 300, 273])
1	0.6434197460322518	0.6590309736618771	([1249, 651], [1249, 907, 901])
1	0.6588470541767288	0.6591058564823263	([778, 666], [804, 778, 756])
1	0.656433694061158	0.6591208146123024	([602, 158], [602, 505, 158])
1	0.6451367891658628	0.6591740283159913	([1184, 1047], [1184, 1125, 1058])
1	0.6499739742123996	0.6592978314480329	([953, 301], [953, 541, 366])
1	0.628550137153343	0.6593528791758112	([743, 48], [743, 670, 134])
1	0.6573091432991547	0.6593651204336353	([1427, 996], [1427, 1132, 996])
1	0.6567015176948356	0.6594076735657888	([752, 508], [797, 525, 519])
1	0.6471545530801408	0.6594155022952605	([1248, 875], [1248, 910, 899])
1	0.6562543741895414	0.6594159192289748	([1072, 774], [1102, 1072, 953])
1	0.6555755648913114	0.659453469728702	([1238, 756], [1238, 1139, 732])
1	0.6361817911971727	0.6595113088608654	([1181, 816], [1181, 951, 913])
1	0.6230717911681436	0.6595113088608654	([1181, 951], [1181, 1178, 913])
1	0.6581702688697049	0.6595661317115424	([1263, 982], [1263, 1134, 982])
1	0.6368119362874596	0.6595719290699608	([1140, 772], [1140, 1069, 884])
1	0.653815609878044	0.6595799178096664	([1346, 1053], [1346, 1277, 1053])
1	0.6594029409489098	0.6596407146976861	([1270, 803], [1270, 1176, 803])
1	0.629008961895774	0.6597212868731208	([1242, 829], [1345, 1242, 829])
1	0.6563874837627831	0.6597212868731208	([1490, 829], [1490, 1345, 829])
1	0.6472012475491519	0.6597454326550378	([452, 221], [452, 221, 203])
1	0.6084311484901619	0.6597733001936388	([1250, 800], [1250, 894, 890])
1	0.6416489078399135	0.6597734514518234	([718, 584], [731, 718, 550])
1	0.6520444994148353	0.6598209875051458	([1102, 774], [1072, 905, 891])
1	0.6530240422548155	0.6598995640027336	([712, 305], [712, 694, 305])
1	0.6572402770350143	0.6599140630706648	([1324, 1035], [1324, 1299, 1035])
1	0.6539288720002404	0.6599929955188106	([1279, 1026], [1279, 1055, 1026])
1	0.6495314334332328	0.6599929955188106	([1279, 977], [1279, 1058, 1055])
1	0.658796874671347	0.660048144678492	([610, 459], [682, 610, 450])
1	0.6489406553256998	0.6600873355223433	([1041, 654], [1133, 1041, 654])
1	0.6452413423733796	0.660144447572327	([1188, 842], [1189, 1188, 874])
1	0.6536221543421833	0.660144963430954	([464, 269], [464, 407, 269])
1	0.6582374725762542	0.6601647507362799	([1051, 787], [1051, 829, 764])
1	0.6598203772448618	0.6601647779070389	([1129, 543], [1286, 1259, 543])
1	0.6431325183324456	0.6601787120991233	([647, 463], [647, 463, 406])
1	0.6450822888177504	0.6602612565317565	([1352, 1125], [1546, 1352, 1165])
1	0.6382871574587576	0.6602664630733333	([1396, 1137], [1415, 1396, 1137])
1	0.6465434065702372	0.6602685754038032	([987, 638], [987, 874, 638])
1	0.6587689290420076	0.6602936767788992	([1329, 1022], [1329, 1059, 1022])
1	0.6512471784224465	0.6602946690135845	([667, 421], [667, 649, 421])
1	0.633091069219956	0.6603089982757999	([1192, 942], [1192, 1177, 942])
1	0.6591623708517906	0.6603252775541429	([1392, 1070], [1392, 1200, 1164])
1	0.6281861843854476	0.6603308157404812	([651, 282], [651, 319, 291])
1	0.6576695878782475	0.6604287641973605	([1294, 1068], [1294, 1136, 1068])
1	0.6521037949478212	0.6604402824354874	([795, 518], [795, 518, 505])
1	0.6238715064160862	0.6604402824354874	([802, 505], [802, 795, 505])
1	0.6592631498046861	0.6604607436260124	([1071, 776], [1071, 1020, 825])
1	0.6398939017712685	0.6604703645938546	([1258, 1066], [1258, 1066, 909])
1	0.6566911801341344	0.6605276882388983	([1193, 1056], [1193, 1134, 1056])
1	0.6573832825873265	0.660550348459362	([887, 95], [887, 701, 616])
1	0.6596701027903464	0.6605767365369452	([723, 293], [763, 723, 374])
1	0.6581237249531124	0.6605931029575751	([464, 202], [468, 464, 177])
1	0.6414323930591865	0.6605946125332954	([560, 354], [560, 476, 383])
1	0.6233997096243943	0.6605981963796422	([908, 157], [908, 300, 215])
1	0.6587728040208408	0.6605981963796422	([899, 215], [908, 899, 215])
1	0.6565867809490876	0.660612618321013	([1187, 1036], [1187, 1059, 1036])
1	0.6597321048991878	0.6606140080011262	([707, 314], [707, 418, 300])
1	0.6495542071757028	0.6606140080011262	([715, 300], [715, 707, 300])
1	0.6313499407121658	0.6606658828038524	([762, 640], [778, 770, 666])
1	0.636589269504036	0.660669756550981	([1304, 632], [1304, 1286, 543])
1	0.6399056894062733	0.66071030850325	([526, 272], [526, 272, 55])
1	0.6549384875503814	0.6607306790862563	([1500, 890], [1500, 1250, 1177])
1	0.6415753350505343	0.6607880154820114	([1276, 1051], [1276, 1245, 1051])
1	0.6559125542510226	0.6608738965652823	([832, 721], [832, 785, 721])
1	0.6491208635369201	0.6609330146644488	([659, 496], [659, 496, 481])
1	0.6509937108702182	0.6609727028790686	([593, 262], [593, 527, 262])
1	0.6495403753324839	0.6609761342103017	([1127, 833], [1127, 947, 833])
1	0.6583354789517096	0.6609837588508753	([1201, 1031], [1201, 1045, 1031])
1	0.6238495341263419	0.6609837588508753	([1269, 1045], [1344, 1201, 1045])
1	0.6608115592933034	0.6609848425653396	([1486, 962], [1486, 1474, 962])
1	0.6419529651367625	0.6610426797428673	([636, 79], [636, 262, 248])
1	0.6426059149681912	0.6610480849730442	([762, 280], [762, 655, 640])
1	0.6432646084922903	0.6610607977305716	([1447, 613], [1447, 1207, 613])
1	0.6489898037443689	0.6610676792947168	([605, 270], [603, 270, 237])
1	0.6485346844972428	0.6610676792947168	([603, 235], [613, 603, 237])
1	0.6594294226963835	0.6611029545055669	([1284, 991], [1387, 1284, 991])
1	0.6302537082629575	0.6611030378925896	([746, 103], [746, 709, 103])
1	0.6561888616226101	0.6612381488972406	([644, 386], [644, 593, 579])
1	0.6575024576696185	0.6612717250831356	([1282, 841], [1334, 1282, 1178])
1	0.6533592661508132	0.6612743854428461	([1316, 752], [1316, 892, 886])
1	0.6521403017761331	0.6612832950956867	([663, 71], [663, 249, 71])
1	0.655108035046583	0.6613025290304847	([1241, 953], [1281, 1241, 1019])
1	0.6573609695639834	0.6613302565569728	([1470, 749], [1470, 1467, 749])
1	0.6554821479616751	0.6613411472568341	([959, 546], [969, 959, 546])
1	0.6574749251740225	0.6614124684978621	([1437, 714], [1437, 1084, 1082])
1	0.646041086401066	0.6614170124544085	([1194, 760], [1194, 944, 760])
1	0.6515366185423509	0.6614224400261001	([501, 349], [501, 386, 373])
1	0.6445020857681795	0.6614741027991409	([1250, 540], [1250, 1215, 540])
1	0.6440348930968344	0.6614769396613012	([1438, 529], [1438, 1372, 529])
1	0.6405372858944924	0.6614834335898906	([748, 229], [748, 733, 229])
1	0.6299951392931135	0.6614939173781565	([1186, 1063], [1184, 1058, 830])
1	0.6500773709229007	0.6615728011809999	([1279, 918], [1279, 1278, 918])
1	0.6426351296418098	0.6616068120155759	([499, 246], [501, 499, 246])
1	0.6448642006991647	0.6616230437488422	([530, 315], [541, 530, 315])
1	0.6601334850612693	0.6616779904111022	([1173, 618], [1173, 696, 671])
1	0.6497952988384672	0.6616957170233654	([1544, 1029], [1544, 1486, 1029])
1	0.6321556668532529	0.6617802289202093	([1168, 800], [1168, 800, 792])
1	0.6396999327805435	0.6618046704911785	([714, 226], [700, 226, 12])
1	0.6600898538523434	0.6619011639276114	([543, 177], [543, 177, 122])
1	0.6560388374494085	0.6619054174321711	([571, 69], [573, 571, 69])
1	0.6516946489382412	0.6619619462325358	([1329, 1059], [1329, 1297, 1059])
1	0.6543868299886283	0.662007639877798	([650, 272], [650, 612, 299])
1	0.6540501592141645	0.6620386881352536	([1341, 801], [1362, 1341, 801])
1	0.6404810287319556	0.6620508556315364	([591, 131], [591, 281, 129])
1	0.65658788303407	0.6620603759165481	([1110, 528], [1110, 879, 528])
1	0.6537207518557004	0.6620822453923476	([1261, 1062], [1261, 1126, 1061])
1	0.6551876632838539	0.6621407121542848	([609, 103], [609, 303, 103])
1	0.6477784125746573	0.6621703847208142	([468, 177], [464, 202, 155])
1	0.6307025464489155	0.6622061656854437	([954, 688], [954, 802, 688])
1	0.635002246329921	0.6622262670973911	([615, 368], [682, 615, 368])
1	0.6281094662719511	0.6622589299926893	([1183, 938], [1185, 1183, 938])
1	0.6253830413432622	0.6623022027440298	([629, 332], [651, 629, 332])
1	0.6609253247962913	0.66231122559415	([724, 476], [724, 561, 560])
1	0.6339237906110237	0.6623179364986687	([1183, 806], [1196, 1183, 806])
1	0.661981724054004	0.662331360553872	([1529, 1068], [1529, 1481, 1067])
1	0.6536191617971134	0.662331938201503	([1285, 795], [1285, 1153, 795])
1	0.6336660981179967	0.662393511051582	([893, 236], [893, 587, 540])
1	0.6601776098216704	0.6623946894673338	([1208, 432], [1208, 690, 685])
1	0.6515840806689295	0.6624500744168963	([900, 367], [1100, 900, 299])
1	0.6489642661260169	0.6625004502342414	([1199, 758], [1199, 903, 766])
1	0.6541132645805121	0.662512805925186	([1358, 1048], [1412, 1358, 1246])
1	0.6537235120773545	0.6625180797375381	([517, 53], [517, 237, 53])
1	0.6585624964460928	0.6625911532727192	([886, 86], [886, 734, 151])
1	0.6453182490114197	0.6626025403200249	([725, 639], [766, 725, 720])
1	0.6226883723647715	0.6626083007470107	([1294, 960], [1286, 1268, 992])
1	0.6411709026340681	0.6626083007470107	([1420, 992], [1423, 1268, 992])
1	0.6593537740706914	0.6626091516490138	([763, 374], [763, 727, 515])
1	0.6521154524053551	0.6626559137166381	([634, 105], [634, 588, 105])
1	0.6462322251915436	0.662694929585388	([1122, 804], [1122, 1072, 967])
1	0.6505119335267263	0.6627223630983675	([654, 241], [661, 654, 241])
1	0.6282668237856476	0.662740060827543	([803, 636], [803, 636, 548])
1	0.6288416700937789	0.6628690693645948	([1125, 1026], [1131, 1125, 1026])
1	0.6527047942294603	0.6628932497130264	([1247, 652], [1272, 1247, 652])
1	0.6500082486822706	0.6629057045280379	([1305, 993], [1305, 993, 890])
1	0.6425591744731691	0.6629807491398506	([580, 373], [580, 527, 306])
1	0.641538178382684	0.6630767184322688	([790, 528], [877, 790, 784])
1	0.6620207200560426	0.663128877362626	([1051, 660], [1056, 1051, 660])
1	0.6213951029352863	0.6631450229902691	([716, 235], [716, 678, 235])
1	0.6546072392394221	0.6631511666840888	([719, 593], [953, 719, 702])
1	0.6605223827154032	0.6631511666840888	([960, 719], [960, 953, 719])
1	0.6553549515565601	0.6631628647733516	([1311, 634], [1366, 1311, 1088])
1	0.6606875208332712	0.6631654189965117	([1157, 389], [1157, 692, 389])
1	0.6264591319356441	0.6631803229169342	([1308, 750], [1308, 1254, 750])
1	0.6581806293042605	0.6632318219100857	([821, 628], [821, 804, 628])
1	0.6426078662474182	0.6632670649678232	([663, 525], [663, 648, 525])
1	0.6586134952113268	0.6632880017682034	([795, 146], [795, 265, 146])
1	0.6552768416175301	0.6632998777449123	([620, 238], [620, 588, 238])
1	0.6469930945862372	0.6633214388787865	([1368, 590], [1368, 1290, 590])
1	0.6543992651992567	0.6633861696551743	([1193, 831], [1201, 1193, 831])
1	0.6546446161202746	0.6633942540251806	([1197, 950], [1197, 1188, 842])
1	0.6611416564631548	0.6634443056460182	([558, 118], [558, 555, 118])
1	0.6542672420400889	0.6634536169339691	([676, 504], [676, 535, 504])
1	0.6486141534865382	0.6634663931271442	([575, 330], [590, 575, 324])
1	0.6621689909827295	0.6634785241741162	([750, 651], [750, 730, 674])
1	0.6545502633383938	0.6634883963760316	([1446, 773], [1446, 773, 770])
1	0.6520967729345781	0.6634883963760316	([1415, 770], [1446, 1415, 770])
1	0.659695592242706	0.6635117451374672	([1431, 972], [1431, 1182, 972])
1	0.6624513636058325	0.6635881458265079	([1240, 757], [1240, 1144, 800])
1	0.6635748115436845	0.663639835773626	([473, 252], [473, 379, 252])
1	0.6601608177071451	0.6636530629815678	([800, 372], [899, 707, 314])
1	0.6487807472029979	0.6636846721889389	([1100, 149], [1143, 1100, 149])
1	0.65788708316749	0.6637277565087805	([1016, 488], [1016, 659, 488])
1	0.6572354353769355	0.6637388434112478	([645, 464], [908, 645, 531])
1	0.6440118475016231	0.6637698504957269	([717, 298], [717, 298, 225])
1	0.6461410718806647	0.6637717136042978	([667, 313], [671, 667, 313])
1	0.6505295714013235	0.6637847768812418	([637, 326], [637, 592, 293])
1	0.6313522272061586	0.663798834210005	([1281, 994], [1281, 1184, 1165])
1	0.6597291578918216	0.6638010256735801	([618, 501], [618, 529, 501])
1	0.6543994749797823	0.6638614980872858	([1374, 541], [1374, 634, 599])
1	0.6430959212723654	0.6638812929241121	([642, 335], [653, 642, 308])
1	0.6599318472670314	0.6638911198605171	([1303, 719], [1308, 750, 738])
1	0.647523552422675	0.6639106178180564	([654, 491], [655, 654, 491])
1	0.6492513159791359	0.6639118556410079	([629, 317], [629, 332, 317])
1	0.6563154979373179	0.6639598008958633	([616, 458], [616, 536, 458])
1	0.6417429611773472	0.6640071923350962	([1269, 963], [1285, 1269, 963])
1	0.6570581207564014	0.6640804176337421	([716, 204], [716, 235, 204])
1	0.6476628273838142	0.6640986454744598	([739, 221], [739, 675, 221])
1	0.6477892793159322	0.6641117328232187	([1384, 804], [1384, 878, 796])
1	0.6629818525155262	0.6641352500762638	([1236, 969], [1268, 1236, 969])
1	0.6485605177251959	0.6641352500762638	([1547, 1047], [1547, 1268, 969])
1	0.6394006963707285	0.6641356641301263	([1314, 400], [1314, 716, 687])
1	0.6599950294210017	0.664333043370771	([1179, 978], [1179, 978, 940])
1	0.6548024823261753	0.6643397130978472	([1303, 1067], [1303, 1168, 1067])
1	0.6411412054744147	0.6643653428114922	([758, 648], [758, 717, 648])
1	0.6479978834677341	0.6643831280398563	([728, 628], [728, 717, 645])
1	0.6589045349306116	0.66445309378281	([631, 395], [631, 530, 395])
1	0.6625196439365703	0.6644565870188635	([562, 244], [562, 558, 256])
1	0.659364036021673	0.6644633757663835	([876, 237], [886, 876, 237])
1	0.6552873314328025	0.6645600769045046	([984, 483], [984, 657, 627])
1	0.6438412614315385	0.6645963169346075	([1289, 718], [1289, 1075, 734])
1	0.6636391263498247	0.6646015775133591	([953, 174], [953, 301, 291])
1	0.6609194696803894	0.6646731039020932	([1190, 832], [1190, 942, 826])
1	0.6447127904627004	0.6646786404152517	([721, 563], [721, 719, 566])
1	0.6518998737060927	0.6647261185812793	([1339, 1063], [1418, 1247, 1230])
1	0.6605978853348022	0.6647372328053841	([952, 622], [952, 944, 622])
1	0.6493719407519591	0.6647537265349499	([741, 364], [741, 390, 364])
1	0.6454028380622375	0.664819750319582	([455, 22], [455, 439, 199])
1	0.6575518561918053	0.6648410829140877	([724, 561], [764, 724, 607])
1	0.6608237659861645	0.6648690711182207	([1270, 754], [1270, 1021, 803])
1	0.6471102430974183	0.6649518504788322	([1075, 405], [1075, 681, 405])
1	0.6647285089941514	0.6649572208009377	([1403, 1123], [1403, 1233, 1200])
1	0.6599961006138745	0.6649681343812938	([1199, 1114], [1199, 1176, 1114])
1	0.6575706089481013	0.6649733613472791	([1330, 1031], [1480, 1330, 1240])
1	0.6522356540221477	0.6649808325270352	([978, 654], [985, 978, 654])
1	0.6499671322245227	0.6649868198839052	([699, 154], [699, 531, 265])
1	0.6448748895661849	0.6650453845239342	([1289, 772], [1289, 1076, 772])
1	0.6483424528691398	0.6650879062318005	([628, 563], [628, 608, 563])
1	0.6480590872723312	0.665123192273974	([1129, 644], [1129, 667, 543])
1	0.6617828103513343	0.6651535629140044	([886, 23], [886, 264, 23])
1	0.6640322789803944	0.6651970298240445	([1088, 1], [1088, 595, 83])
1	0.6572904823841168	0.6652025037710008	([558, 473], [592, 558, 473])
1	0.6566622523200333	0.665222150320563	([1388, 967], [1388, 1294, 1136])
1	0.6335672067504141	0.6652863554667903	([1531, 1070], [1531, 1518, 1070])
1	0.6588919239043742	0.6653302920404304	([880, 81], [880, 400, 397])
1	0.6536201762895465	0.6653379179938982	([555, 57], [555, 519, 57])
1	0.6635903422382952	0.6653431738148492	([569, 329], [569, 555, 329])
1	0.6516308477960985	0.66539621107538	([582, 336], [582, 576, 336])
1	0.6474756937035734	0.6654094092511641	([745, 94], [745, 705, 94])
1	0.642376268447885	0.665426928942493	([1243, 665], [1243, 1124, 902])
1	0.6374547958359248	0.6654304633599699	([504, 24], [504, 312, 291])
1	0.655023156751007	0.6654530638469583	([753, 466], [753, 712, 437])
1	0.6265284159108667	0.6654636309397693	([1328, 909], [1328, 1269, 909])
1	0.6374980902879489	0.6654897240074521	([791, 638], [969, 791, 642])
1	0.6499252539576195	0.6655943529318554	([1306, 595], [1306, 1075, 1072])
1	0.6535355760536985	0.6655985424722893	([564, 309], [564, 514, 309])
1	0.6594206253100386	0.6655985424722893	([1103, 514], [1103, 514, 309])
1	0.642887959586851	0.6656064205591932	([1237, 768], [1237, 1022, 909])
1	0.6599029229128185	0.6656459064918272	([738, 231], [738, 421, 412])
1	0.6538328174464616	0.665652230331774	([888, 106], [888, 615, 533])
1	0.6470916388291159	0.6656732334309468	([1038, 624], [1038, 974, 627])
1	0.6502746682349116	0.6657310290005337	([1334, 841], [1334, 1293, 1050])
1	0.6479556683233958	0.6657318364944735	([824, 556], [875, 761, 503])
1	0.6281281775229959	0.6657479666893834	([1070, 823], [1070, 969, 903])
1	0.6629527666142853	0.6658011303650143	([990, 785], [990, 841, 785])
1	0.6441787006219878	0.6658041500355197	([1163, 791], [1189, 1163, 791])
1	0.6499623354994198	0.6658181813627759	([1019, 776], [1019, 819, 766])
1	0.66153956741625	0.6658181813627759	([1034, 766], [1034, 1019, 766])
1	0.6521711937275785	0.6658332883421045	([1563, 968], [1563, 1109, 964])
1	0.6656615196167156	0.6658452252049614	([1305, 697], [1305, 1109, 890])
1	0.6524151673319525	0.6658549711976232	([1327, 988], [1327, 1236, 988])
1	0.6447095958789895	0.6658599696956494	([524, 175], [524, 239, 175])
1	0.6658410199264277	0.6659197874577683	([1140, 441], [1140, 682, 441])
1	0.6424729368440637	0.6659342193827928	([577, 56], [582, 577, 56])
1	0.6655374919577096	0.6660414497897365	([905, 227], [905, 589, 527])
1	0.661695702468065	0.6660593498863163	([1175, 794], [1175, 794, 689])
1	0.6488709062487784	0.666060323253269	([1191, 975], [1191, 1182, 975])
1	0.6641032337033805	0.6661004277831613	([1233, 724], [1233, 1185, 1127])
1	0.6482861300464096	0.6661459679945693	([1097, 604], [1097, 682, 604])
1	0.6562591342604919	0.6661461432567458	([741, 85], [741, 697, 85])
1	0.6373153731924958	0.6661564572173597	([1231, 989], [1237, 1231, 989])
1	0.6607041365057008	0.6661666572030828	([1152, 127], [1152, 701, 673])
1	0.6492144701149752	0.6662512949164305	([900, 578], [900, 879, 578])
1	0.6586081026136152	0.6662688733820349	([901, 618], [901, 651, 606])
1	0.6651474323989026	0.6663147025116245	([1273, 1011], [1273, 1011, 994])
1	0.6643267068566959	0.666381719517894	([1350, 987], [1350, 1281, 1019])
1	0.6472214492455334	0.6663937591907694	([578, 271], [589, 578, 271])
1	0.6631450801112374	0.6664450177092576	([1528, 990], [1528, 1500, 990])
1	0.6625737897500734	0.6664509523802578	([474, 162], [474, 327, 294])
1	0.6554530166841896	0.6664551993355748	([1261, 761], [1265, 936, 913])
1	0.6560425008565078	0.6664759385882196	([1385, 904], [1438, 1385, 1149])
1	0.6626199221573469	0.6664765900530636	([564, 491], [570, 491, 471])
1	0.6552740060701016	0.6665467757312876	([610, 53], [612, 610, 299])
1	0.6567583097656453	0.666588401912548	([829, 243], [829, 664, 656])
1	0.6336176309528373	0.6666040650984876	([561, 348], [561, 485, 347])
1	0.661409529168724	0.6666067936969431	([753, 236], [907, 753, 236])
1	0.6441748342735982	0.6666067936969431	([1205, 236], [1205, 907, 236])
1	0.6601974917552383	0.666637124047689	([1501, 1043], [1459, 1399, 1043])
1	0.6666000946159641	0.6666527799712445	([620, 361], [803, 620, 548])
1	0.6592275823904585	0.6666995683922516	([1246, 723], [1246, 1245, 723])
1	0.6609377240116115	0.6666995683922516	([1320, 723], [1320, 1245, 723])
1	0.6550381152936638	0.6667325955425151	([907, 30], [907, 102, 40])
1	0.659480276711531	0.6667643244587252	([885, 530], [885, 530, 446])
1	0.658722209213639	0.666774757138692	([728, 527], [754, 728, 527])
1	0.6615626727343743	0.6667767069375866	([906, 430], [906, 674, 601])
1	0.645112064775966	0.6667844567857636	([635, 147], [635, 612, 400])
1	0.6385698444635652	0.6668015205748198	([1247, 1063], [1247, 1074, 1068])
1	0.6424685055226684	0.6668492807329375	([796, 521], [797, 796, 521])
1	0.6643809051048677	0.6668620951016395	([1516, 958], [1516, 1094, 879])
1	0.6459617036165146	0.667002950101793	([470, 256], [476, 470, 256])
1	0.62557822027983	0.6670165488117561	([1075, 508], [1075, 887, 508])
1	0.6541027520058075	0.6670399227127869	([1126, 656], [1131, 1126, 656])
1	0.6497708158483986	0.6670789962731402	([584, 146], [602, 584, 146])
1	0.6592476378969091	0.6670858016162549	([1103, 309], [1103, 550, 506])
1	0.6311986054669053	0.6670858016162549	([1103, 550], [1103, 607, 506])
1	0.6541717683251206	0.667093782313881	([616, 222], [616, 612, 222])
1	0.6592079292912644	0.667114813350501	([1455, 1031], [1480, 1422, 1031])
1	0.6543068887213717	0.6672378626596982	([876, 507], [876, 507, 247])
1	0.6608833574435214	0.6672849574471845	([1067, 712], [1138, 1067, 900])
1	0.6583768163410649	0.6672922873971522	([1184, 788], [1184, 1178, 787])
1	0.6555308595327776	0.6672994703643772	([752, 369], [752, 412, 369])
1	0.6455306734827307	0.6673004396562463	([562, 350], [562, 381, 341])
1	0.6629609747774416	0.6673004396562463	([578, 341], [578, 562, 341])
1	0.6573212127846575	0.6673749677145256	([1058, 664], [1058, 941, 664])
1	0.6475570244515491	0.6673822058308653	([1509, 1023], [1509, 1508, 1023])
1	0.6623928245770535	0.6673973262644255	([1435, 997], [1417, 1124, 1103])
1	0.6613069894556347	0.6674138546538412	([1155, 105], [1155, 884, 105])
1	0.6627722120756426	0.6675290115687565	([962, 263], [962, 741, 263])
1	0.6517177179877334	0.6675342846662501	([1445, 585], [1445, 1212, 1075])
1	0.6503425722777035	0.6675619462727151	([952, 376], [903, 641, 607])
1	0.6539902555025402	0.6675627751635367	([574, 486], [574, 502, 486])
1	0.6618299139375359	0.6675762089486955	([1162, 605], [1162, 1079, 538])
1	0.651518520634385	0.6676144345069555	([1255, 414], [1255, 688, 675])
1	0.6565267283049783	0.6676589511182278	([1132, 627], [1134, 903, 607])
1	0.6407935890948921	0.6676769372674507	([667, 239], [637, 607, 239])
1	0.6422740120639739	0.6677526615920618	([889, 82], [889, 127, 82])
1	0.4957179695980003	0.6678262560620628	([1241, 1101], [1241, 1101, 1066])
1	0.6479327322912753	0.6678273774210798	([844, 499], [844, 808, 499])
1	0.6632164855542939	0.6678579365445586	([774, 606], [801, 774, 718])
1	0.6517711194070407	0.6678729295148718	([1198, 914], [1198, 1184, 914])
1	0.6407529876348622	0.6678729295148718	([1347, 914], [1347, 1184, 914])
1	0.6325658998684566	0.6678976755187295	([572, 351], [572, 481, 68])
1	0.6325746038117048	0.6679241217018944	([717, 225], [745, 225, 86])
1	0.6671114387219073	0.667968859078127	([1324, 811], [1324, 811, 664])
1	0.6618349492764598	0.6680245736510474	([1351, 607], [1396, 1351, 607])
1	0.6660256276823783	0.6680326603530053	([1224, 722], [1224, 738, 729])
1	0.6503301246969804	0.6680487473154487	([717, 92], [885, 717, 616])
1	0.6573965035470221	0.6680789978443288	([1154, 365], [1154, 595, 365])
1	0.649603107857001	0.6681520568459051	([896, 321], [896, 707, 282])
1	0.6159665441423257	0.6681564041065656	([1020, 783], [1020, 812, 797])
1	0.663372594518245	0.6681826185350251	([559, 72], [559, 119, 72])
1	0.6641652028172746	0.6682132948525046	([1355, 975], [1355, 1181, 975])
1	0.6671198248294843	0.6682303342945034	([458, 306], [458, 387, 370])
1	0.6668951072161122	0.6682432639300953	([1079, 31], [1079, 888, 31])
1	0.6539781675498421	0.6682435252854909	([1252, 635], [1252, 1214, 635])
1	0.6406893531089187	0.6682788494899103	([584, 462], [584, 462, 421])
1	0.6613484936732474	0.66828199721416	([912, 294], [912, 657, 294])
1	0.66813202005458	0.6683139853150527	([1530, 1048], [1530, 1505, 1048])
1	0.6645745880273198	0.6684282568694968	([1244, 722], [1247, 1244, 766])
1	0.6444126271531426	0.6684557402601019	([499, 122], [499, 160, 119])
1	0.6677390254200632	0.6685307859638054	([521, 46], [535, 521, 420])
1	0.6566428337477083	0.668596630462544	([1430, 914], [1504, 1430, 914])
1	0.6678687300814056	0.6686280537436343	([1096, 137], [1096, 703, 669])
1	0.6394895602359316	0.6686455605328565	([1405, 1017], [1405, 1395, 1017])
1	0.6473071346827382	0.6686670305478077	([1123, 545], [1132, 1123, 545])
1	0.6495716469975307	0.6686908069480755	([1486, 906], [1486, 1482, 906])
1	0.6611233545723167	0.6687037006876468	([793, 363], [793, 699, 363])
1	0.6559002619032399	0.6687946633962295	([1135, 254], [1135, 1103, 643])
1	0.6513134623139762	0.6688060226779177	([1386, 826], [1386, 1129, 1022])
1	0.6522083827020618	0.6688254533273263	([1340, 962], [1340, 1065, 962])
1	0.6448415786863808	0.6688269282056886	([605, 244], [605, 579, 244])
1	0.6399919028165861	0.6688284126150507	([1437, 792], [1437, 953, 792])
1	0.6491128133666468	0.6688420746800814	([1065, 728], [1065, 942, 728])
1	0.6684838467125315	0.6688695876814983	([1525, 955], [1525, 1097, 1090])
1	0.6684555442712634	0.6688719672069449	([794, 142], [794, 739, 142])
1	0.6558802475112759	0.6688731680446772	([1505, 984], [1505, 984, 951])
1	0.6532672404725812	0.6688802778103609	([751, 577], [751, 584, 577])
1	0.6483652944112703	0.668894947442447	([1131, 655], [1262, 1131, 1026])
1	0.6424425876319689	0.668897202945892	([791, 545], [791, 642, 545])
1	0.6595420284553525	0.6689026383114842	([1271, 631], [1271, 1256, 631])
1	0.6589719008330597	0.6689620854756397	([726, 625], [726, 653, 628])
1	0.6633981000445132	0.6689838964309258	([639, 119], [639, 638, 119])
1	0.6573790915826486	0.6690709137656229	([639, 62], [639, 119, 57])
1	0.6474566589887547	0.6691858779866101	([580, 469], [580, 511, 469])
1	0.6674062058163824	0.6691983759960916	([767, 562], [767, 761, 555])
1	0.6553000785627966	0.6692003446397148	([561, 185], [561, 354, 185])
1	0.6647722794481346	0.6692257430820022	([730, 259], [730, 718, 259])
1	0.6519461775099147	0.6692523257877275	([678, 289], [678, 542, 289])
1	0.6559456954546045	0.6693038156384645	([1140, 287], [965, 617, 616])
1	0.6663663255252765	0.6693054639124401	([1117, 790], [1117, 879, 790])
1	0.6578756946973038	0.6693443358325109	([550, 175], [550, 236, 192])
1	0.6689940848268187	0.669377493180402	([834, 574], [834, 764, 760])
1	0.6668452683090448	0.6693809187377814	([1195, 797], [1195, 1136, 825])
1	0.6673415875124259	0.6694071531061877	([1310, 618], [1310, 1098, 611])
1	0.652076632462889	0.6694418439063823	([994, 641], [994, 969, 641])
1	0.6642237240682184	0.6694694617603706	([1400, 1059], [1500, 1400, 1326])
1	0.6647745450680846	0.6696304376807058	([1105, 42], [1105, 1095, 42])
1	0.6645550705362974	0.6697674075053703	([1272, 700], [1272, 1253, 1084])
1	0.6551263968423644	0.669778607478274	([467, 171], [467, 172, 171])
1	0.6294374748026919	0.6698158169949274	([885, 92], [907, 885, 92])
1	0.6402978772796183	0.66981585100656	([1346, 870], [1346, 1051, 1044])
1	0.6615995005232655	0.6698198010393981	([1388, 1062], [1391, 1388, 1062])
1	0.6677695970011891	0.6698684779311433	([1490, 654], [1490, 995, 654])
1	0.6667498147583947	0.6699261389908538	([570, 355], [570, 558, 355])
1	0.6693762384889156	0.6700396003823679	([1234, 626], [1234, 1126, 626])
1	0.6671374430467023	0.6700806254240812	([761, 569], [761, 573, 555])
1	0.6685819851044902	0.6700821599133425	([1502, 1130], [1502, 1390, 1130])
1	0.6690392817030728	0.6700991014514079	([971, 725], [971, 819, 725])
1	0.6594701803480055	0.6701266415808638	([765, 245], [765, 726, 653])
1	0.661872755256979	0.6701344277553296	([1192, 818], [1192, 818, 804])
1	0.6638794406459224	0.6701414276207646	([1091, 28], [1091, 535, 151])
1	0.6482531325843092	0.6702495626818282	([776, 661], [786, 776, 661])
1	0.6580819995834617	0.6703161679676001	([1413, 945], [1546, 1413, 945])
1	0.6386645719483338	0.6703379191240713	([559, 119], [581, 559, 72])
1	0.6577045868328999	0.6703792241850898	([1368, 390], [1368, 596, 590])
1	0.6605814888587318	0.6703889950760871	([928, 483], [872, 657, 627])
1	0.6609549615977208	0.6704167733009534	([1485, 970], [1485, 1270, 970])
1	0.6532945891568817	0.6704917869739504	([1164, 660], [1274, 1164, 660])
1	0.6644171839325361	0.6705206011403366	([1294, 764], [1294, 1044, 972])
1	0.6537904156609237	0.6705214042625697	([1383, 992], [1420, 1383, 1224])
1	0.6654124828864881	0.6705600852651337	([797, 296], [797, 787, 296])
1	0.6594658079422171	0.6706988687556178	([1201, 785], [1242, 1201, 785])
1	0.6634624648499419	0.670704420109398	([463, 270], [463, 312, 270])
1	0.6611962570574115	0.6707130275925065	([1489, 553], [1489, 1395, 553])
1	0.6455440259899088	0.6707497614888688	([1480, 1031], [1330, 1064, 1031])
1	0.639784591174862	0.6707559658572978	([1333, 947], [1333, 1185, 1130])
1	0.6449855279765061	0.6707602799656386	([1145, 301], [1145, 695, 409])
1	0.6595031446113696	0.6707956726799766	([660, 348], [665, 660, 348])
1	0.6679702630930924	0.6708163733526608	([1176, 651], [1176, 897, 748])
1	0.6480705646810645	0.6708191826605702	([798, 375], [798, 644, 306])
1	0.667130931335807	0.6708652844812367	([755, 662], [786, 755, 662])
1	0.6698883730620441	0.670908352009479	([1243, 727], [1243, 727, 665])
1	0.6359990788306292	0.6709443612996635	([744, 212], [744, 696, 212])
1	0.6683674663357944	0.6709756338058946	([1231, 1065], [1284, 1231, 1065])
1	0.6699092379521484	0.6710944305295394	([603, 322], [603, 322, 44])
1	0.6651900607027632	0.6711555777393494	([1472, 632], [1562, 1472, 632])
1	0.6382266737687631	0.6712693850219268	([1089, 8], [1093, 1089, 8])
1	0.6598439714036826	0.6713195716170869	([1319, 937], [1319, 1056, 1017])
1	0.6648891823875255	0.671367615020856	([896, 224], [896, 282, 224])
1	0.6609342092317962	0.6713913350017529	([725, 334], [725, 657, 639])
1	0.6701735026366793	0.671457313780422	([1385, 797], [1485, 1385, 1077])
1	0.6593806663291424	0.6714778649475369	([1199, 661], [1199, 903, 661])
1	0.6514737019908213	0.6716181160643983	([884, 150], [884, 220, 150])
1	0.6578399251219218	0.671636749108589	([905, 79], [905, 692, 79])
1	0.6562954767712851	0.6716598753082849	([1247, 766], [1268, 875, 764])
1	0.6699475200434437	0.6716664418207433	([780, 623], [780, 759, 724])
1	0.6365644228614202	0.6716927698746884	([1242, 627], [1242, 1189, 627])
1	0.6650111123542183	0.6717050597544411	([1213, 88], [1213, 597, 538])
1	0.6653820466989679	0.6717063450049026	([1359, 727], [1359, 1293, 904])
1	0.6547436474813075	0.6717128270502819	([1248, 668], [1248, 899, 668])
1	0.6710408270743834	0.6717168312994806	([1456, 875], [1456, 1046, 875])
1	0.6474626336677182	0.6717252762135785	([816, 486], [816, 808, 492])
1	0.6574127395241536	0.6717404690779424	([952, 581], [959, 952, 546])
1	0.6663790458032094	0.6717530624064423	([1380, 440], [1380, 610, 440])
1	0.647358227650054	0.6717586438943642	([1336, 840], [1336, 1021, 1020])
1	0.6433324599649425	0.6717586438943642	([1336, 1020], [1341, 1336, 1021])
1	0.6492530989283963	0.6717953820793553	([1157, 109], [1157, 613, 612])
1	0.648690318944297	0.67186904125494	([1303, 636], [1303, 1168, 1163])
1	0.6628695535714363	0.6719603223653123	([792, 626], [792, 639, 634])
1	0.6596350747377718	0.6719916020259133	([632, 284], [632, 529, 284])
1	0.6670053176906852	0.6720697485390896	([1214, 367], [1214, 367, 304])
1	0.6577618822220863	0.6721508190479498	([790, 608], [790, 666, 608])
1	0.6387151372823633	0.6721588105877464	([761, 503], [875, 639, 577])
1	0.6712854394362483	0.6722715535818519	([900, 465], [900, 465, 407])
1	0.66704819148218	0.6722776520468785	([1300, 791], [1300, 1193, 1189])
1	0.6723361044382444	0.6723585914356405	([1477, 910], [1477, 962, 907])
1	0.671503710881231	0.6723771892031905	([822, 246], [822, 277, 246])
1	0.6688168235360745	0.6723865352253648	([1022, 612], [1022, 906, 612])
1	0.6643894380039624	0.672565953685622	([1202, 552], [1196, 1123, 545])
1	0.6574969695986507	0.6727867857770139	([604, 25], [604, 47, 5])
1	0.6450719501920705	0.6727966910974087	([1163, 636], [1303, 968, 908])
1	0.6624285790401077	0.6728653362273476	([963, 29], [963, 323, 29])
1	0.6672970244384426	0.6728781352609007	([718, 211], [718, 692, 211])
1	0.6610839172379309	0.6729571258876326	([1548, 1021], [1548, 1421, 1259])
1	0.6564643608420571	0.6730227693224319	([1070, 640], [1070, 1062, 640])
1	0.6719058802162474	0.6730241678696286	([1364, 528], [1380, 1364, 528])
1	0.6666548547251759	0.6730647651236285	([728, 423], [728, 527, 423])
1	0.6706089943426004	0.6730868794869381	([1071, 638], [1071, 638, 634])
1	0.6531583946484429	0.6732688708866018	([622, 355], [622, 558, 545])
1	0.6625361790242905	0.6733023928288107	([642, 65], [642, 250, 242])
1	0.6668744931413768	0.6733517930894682	([1128, 824], [1349, 1128, 1121])
1	0.6601352450444908	0.6733814982188092	([632, 196], [632, 405, 258])
1	0.6721779340395614	0.6734781189278162	([569, 482], [570, 569, 482])
1	0.6666785110671768	0.6734983004195001	([625, 353], [625, 383, 353])
1	0.6727719669059476	0.6735168240901915	([1202, 820], [1202, 827, 820])
1	0.6459678153770885	0.6735918241062674	([1214, 133], [1214, 963, 304])
1	0.6701859671515286	0.6736637064596286	([957, 503], [957, 523, 503])
1	0.6558754077052433	0.6736637064596286	([957, 238], [957, 646, 523])
1	0.6499779203017207	0.6736637064596286	([1137, 523], [1137, 957, 523])
1	0.6599158451804895	0.6736776890792803	([1260, 972], [1260, 1201, 944])
1	0.651315244385308	0.6736782264357335	([1324, 664], [1324, 1243, 811])
1	0.6696539248334679	0.6736863072082113	([1423, 952], [1430, 1423, 952])
1	0.6698360360056853	0.6737437710302084	([1431, 637], [1431, 903, 637])
1	0.6702074175502232	0.6737611500636865	([951, 565], [951, 565, 558])
1	0.6481945113828773	0.6737611500636865	([951, 513], [951, 623, 558])
1	0.6716741990469474	0.673815717346751	([721, 543], [754, 721, 543])
1	0.6561807139867276	0.6738804655232379	([1023, 616], [1023, 663, 652])
1	0.6345342918006993	0.6738946771481718	([1127, 784], [1184, 1127, 785])
1	0.6685515221141088	0.6740061878996201	([1453, 989], [1453, 1232, 1231])
1	0.6401507233474465	0.6740594520603334	([752, 267], [752, 369, 265])
1	0.66542025163465	0.6740963724557958	([1050, 343], [1050, 760, 343])
1	0.6642616765678431	0.6741111747792541	([821, 340], [821, 653, 340])
1	0.6601545760561719	0.6741207773848594	([1550, 424], [1369, 701, 424])
1	0.6691267873419215	0.67412081064918	([878, 123], [878, 668, 543])
1	0.6680226494938517	0.6741255360744264	([1353, 989], [1353, 1342, 989])
1	0.6651497791710118	0.6741442001461762	([1203, 584], [1438, 1203, 584])
1	0.6692470926152408	0.6741841493838555	([1517, 993], [1517, 1238, 1201])
1	0.6480458610685871	0.67418899260104	([834, 494], [834, 574, 494])
1	0.6636022338955239	0.6742369859745797	([1479, 994], [1495, 1461, 1037])
1	0.6652711152818129	0.6742543857788968	([1191, 656], [1191, 1186, 656])
1	0.6717654394887288	0.6743146614467255	([782, 504], [792, 782, 504])
1	0.6688949868033665	0.6743209160579234	([1529, 799], [1529, 1209, 803])
1	0.6580505067858484	0.6743317499000582	([465, 178], [465, 219, 213])
1	0.6655656779868689	0.6745030252860977	([971, 586], [971, 962, 586])
1	0.6714110068968092	0.6745078383224502	([723, 473], [723, 623, 473])
1	0.6638514839244763	0.6745490290275171	([1362, 285], [1362, 709, 676])
1	0.6395820829943192	0.6745952854220729	([1284, 667], [1284, 1239, 618])
1	0.6740655323136043	0.6745966214796966	([783, 297], [792, 783, 614])
1	0.6742043102933225	0.6746133566601412	([783, 195], [783, 297, 124])
1	0.6570468386276073	0.6746441612774343	([829, 572], [829, 607, 572])
1	0.6690528766009565	0.6746567715377338	([961, 365], [961, 802, 262])
1	0.6585082480493094	0.674680772320911	([664, 380], [664, 651, 371])
1	0.667531815810905	0.674684662966702	([1304, 794], [1304, 1216, 1116])
1	0.6695356154240854	0.6747817924755678	([1289, 388], [1289, 708, 417])
1	0.6619416159551924	0.6747897924035179	([801, 156], [801, 733, 238])
1	0.6746669812344271	0.6748250900543499	([821, 546], [821, 546, 340])
1	0.672225170052051	0.6748307843766047	([1077, 269], [1077, 877, 709])
1	0.6692325198931809	0.6749022324583754	([1357, 1025], [1431, 1357, 1025])
1	0.6729233469812201	0.6749107400578497	([522, 26], [522, 285, 26])
1	0.6509318817521698	0.6750025981829303	([947, 514], [947, 763, 760])
1	0.6661772510412007	0.6750197206113357	([1220, 406], [1220, 692, 406])
1	0.6534336007789283	0.6750343541248844	([724, 662], [724, 662, 637])
1	0.6680803310768669	0.675087413650336	([1177, 522], [1120, 968, 522])
1	0.6542549888129803	0.6751342538180441	([725, 253], [725, 253, 115])
1	0.6542962139589512	0.6751424620217544	([770, 371], [908, 770, 317])
1	0.6733757286979203	0.6751520216002557	([635, 324], [635, 590, 532])
1	0.6591523858142887	0.675193274600432	([946, 621], [946, 903, 641])
1	0.6565237779071413	0.675208319685567	([1301, 642], [1352, 1301, 642])
1	0.6593190319388598	0.6752204939059692	([737, 53], [737, 407, 394])
1	0.672522892901465	0.6752952907198394	([1411, 1008], [1411, 1279, 1008])
1	0.665987852991598	0.6753603472028525	([1198, 828], [1198, 1043, 941])
1	0.6687864060292953	0.6754384274730049	([898, 3], [898, 602, 3])
1	0.6660677121394647	0.6755281997046142	([649, 315], [649, 331, 315])
1	0.6737451794107192	0.6755606504942708	([1502, 820], [1502, 1482, 990])
1	0.6638194726133464	0.675564521195538	([1232, 608], [1258, 1224, 613])
1	0.6689082305928858	0.6756253136704128	([564, 449], [564, 475, 449])
1	0.6712073403753814	0.6756315211319157	([662, 498], [662, 551, 544])
1	0.6733360099150116	0.6757193823960674	([1483, 669], [1483, 1227, 669])
1	0.6568405519349969	0.6757897815321391	([1525, 421], [1309, 1228, 421])
1	0.6664244977907414	0.6759467848034117	([630, 195], [630, 258, 195])
1	0.672306626491787	0.6759627881517822	([1020, 239], [1020, 905, 239])
1	0.6632198751821372	0.6760415304403063	([1191, 960], [1422, 1191, 1127])
1	0.6395816138317854	0.6761165130638154	([725, 572], [725, 664, 554])
1	0.6367954747825452	0.6761357144776164	([1392, 1049], [1546, 1392, 1049])
1	0.6733921021158342	0.6761446130255189	([650, 447], [650, 647, 447])
1	0.6733463409413055	0.6762149098266933	([846, 326], [846, 656, 334])
1	0.6442981850576729	0.6762355707420777	([1418, 650], [1418, 1239, 900])
1	0.6639192783371474	0.6764913983163847	([1439, 433], [1377, 713, 407])
1	0.6525293470885286	0.6764939571837967	([1185, 724], [1185, 819, 759])
1	0.6632765208499464	0.6765888690234402	([1332, 949], [1332, 1269, 910])
1	0.671743276386735	0.6765963017545128	([723, 565], [951, 723, 623])
1	0.6722973234670089	0.6766256465338086	([1070, 544], [1070, 790, 544])
1	0.6617205718065482	0.6766524129006449	([1352, 985], [1352, 1294, 976])
1	0.6574650044140743	0.6767615339041662	([653, 70], [655, 653, 70])
1	0.6711479362323836	0.6768161907188404	([1539, 971], [1539, 1198, 1176])
1	0.6648034553699362	0.6768349879002159	([722, 578], [722, 652, 578])
1	0.662486796051576	0.6768971741790868	([772, 259], [772, 523, 509])
1	0.6749076344487274	0.6769257491636348	([953, 478], [953, 478, 274])
1	0.649138869300288	0.6770953528396354	([742, 510], [742, 715, 510])
1	0.6738292916727792	0.677215000581799	([766, 519], [797, 766, 728])
1	0.6691897273619644	0.6772515866730764	([1281, 544], [1281, 1197, 544])
1	0.6707402354103454	0.6772718199596558	([819, 502], [834, 819, 502])
1	0.6590280823828206	0.6773356378062064	([1389, 1032], [1417, 1389, 997])
1	0.6644324381307858	0.6773839617735473	([650, 89], [650, 595, 89])
1	0.6760297442900441	0.6775257518480747	([967, 511], [967, 878, 511])
1	0.6693925623522429	0.6776049379532499	([574, 65], [574, 374, 344])
1	0.6515444321150432	0.6776766980992355	([725, 470], [725, 470, 376])
1	0.669054249109822	0.6777662746273687	([569, 176], [569, 558, 185])
1	0.6775761871871606	0.6778356083670889	([839, 273], [839, 767, 249])
1	0.6731489800097509	0.6778644092538224	([1202, 619], [1447, 1202, 1167])
1	0.6658766113496422	0.6779913861197631	([564, 346], [564, 357, 346])
1	0.6519396674174387	0.6779994867941753	([835, 485], [835, 815, 497])
1	0.6767246985226967	0.6780881939591316	([629, 117], [769, 744, 629])
1	0.6768704643299317	0.6780886156887932	([622, 184], [622, 277, 169])
1	0.6569392770904282	0.6780936743936283	([849, 491], [849, 837, 481])
1	0.6308366481056451	0.6782973268289433	([663, 249], [663, 653, 61])
1	0.6331659652394772	0.6783152895828144	([1479, 593], [1484, 1479, 593])
1	0.6596426168710219	0.6783344658901891	([757, 575], [757, 621, 581])
1	0.6432835249942845	0.6783344658901891	([720, 642], [757, 720, 581])
1	0.672062291670451	0.6783444257263601	([975, 552], [975, 830, 661])
1	0.6611281444235578	0.6783558237415518	([610, 360], [610, 360, 300])
1	0.6733036976110498	0.6784061677081584	([914, 377], [914, 766, 377])
1	0.6697039382954657	0.6784888054623067	([875, 291], [988, 953, 291])
1	0.6635881021132677	0.678565612681958	([911, 280], [911, 658, 657])
1	0.6640344424954903	0.6785890910483531	([1291, 411], [1291, 1211, 411])
1	0.6739814738865719	0.6786662628023303	([1201, 592], [1201, 1135, 903])
1	0.6743820841405955	0.6786668850127575	([1465, 677], [1465, 1089, 677])
1	0.6551429805998144	0.6786961278744522	([774, 382], [774, 501, 382])
1	0.6718481682417541	0.6787332942066774	([1236, 789], [1268, 1236, 789])
1	0.667831410061567	0.6787332942066774	([1263, 789], [1268, 1263, 789])
1	0.6681381973765816	0.6790642970076209	([565, 243], [565, 500, 243])
1	0.6713012891137046	0.679114339383777	([1102, 511], [1102, 737, 521])
1	0.6593933916690771	0.6791673759832129	([1500, 765], [1500, 1177, 765])
1	0.6674738581422744	0.6792681233687375	([976, 622], [976, 811, 663])
1	0.6689777881974049	0.6792699834844177	([987, 576], [987, 827, 576])
1	0.6690949777915817	0.679326729837128	([769, 465], [465, 459, 117])
1	0.6609584812454087	0.6794192266759511	([769, 117], [629, 332, 25])
1	0.6608301081109916	0.6795023145326798	([836, 489], [836, 573, 560])
1	0.6763949579006979	0.6796908805111171	([1390, 720], [1390, 830, 720])
1	0.6561265824356284	0.6797904707002329	([1283, 775], [1283, 993, 875])
1	0.6651642549823882	0.6798973375113848	([1188, 778], [1188, 1122, 905])
1	0.6755149314883762	0.6799039459849698	([1257, 405], [1257, 1148, 672])
1	0.6798579684472039	0.6799239795415749	([915, 350], [915, 656, 350])
1	0.6578249168842092	0.6799690425456107	([973, 374], [973, 903, 552])
1	0.6647386315008292	0.6799754647103712	([800, 221], [800, 739, 599])
1	0.6680569811405659	0.680044522806062	([652, 455], [652, 634, 455])
1	0.6778857407143972	0.6800868592277868	([551, 174], [953, 551, 275])
1	0.6459454656368426	0.6801873820398494	([1272, 512], [1272, 652, 512])
1	0.6781896464442845	0.6802656262925764	([1492, 959], [1498, 1018, 996])
1	0.672198528382684	0.6803323297125141	([995, 384], [995, 658, 607])
1	0.6433867679988401	0.6804220020516221	([1432, 949], [1432, 1399, 949])
1	0.6792288453251982	0.6805902477544238	([1136, 117], [1136, 769, 730])
1	0.6710738665674476	0.6806885670079889	([563, 186], [563, 562, 244])
1	0.6426326478346016	0.6807839486079734	([807, 557], [807, 664, 554])
1	0.6782312056571673	0.6807839486079734	([1274, 554], [1274, 807, 554])
1	0.6611877147499465	0.6808394787037279	([1354, 948], [1354, 1016, 948])
1	0.658036539513374	0.6810035312761297	([1121, 621], [1121, 876, 621])
1	0.6697785729857961	0.6810170319499133	([1294, 662], [1294, 759, 662])
1	0.6616594846795255	0.6810499975845687	([762, 522], [762, 640, 499])
1	0.6799069217393812	0.681149042232039	([1343, 777], [1343, 777, 764])
1	0.6744721765474433	0.6811780782292995	([511, 181], [511, 181, 113])
1	0.6611857884591327	0.6812433012566497	([1163, 521], [1174, 1163, 521])
1	0.6638905297179821	0.6813504779786322	([557, 179], [557, 187, 179])
1	0.6766007129795547	0.6814155202109535	([1379, 427], [1379, 886, 427])
1	0.6719533163541668	0.6814628797230459	([1098, 6], [1098, 707, 6])
1	0.6782249155869711	0.6815137077866007	([1329, 667], [1329, 1240, 1236])
1	0.6798426923466013	0.6816737608076519	([1375, 145], [1375, 741, 145])
1	0.6701689898009567	0.681814854040045	([822, 277], [822, 666, 380])
1	0.6657910776283028	0.6819048233880212	([567, 199], [567, 523, 506])
1	0.6706414254846661	0.6819411728941331	([1040, 725], [1040, 1025, 725])
1	0.672883688681372	0.6819905801055746	([1561, 729], [1561, 908, 904])
1	0.6773003921438399	0.6819969953541708	([629, 181], [629, 258, 248])
1	0.6454869405089999	0.6821207780427497	([787, 576], [787, 725, 665])
1	0.66128371383268	0.6821568585584831	([1292, 780], [1284, 1176, 770])
1	0.6793451900530081	0.6821568585584831	([1235, 770], [1284, 1235, 770])
1	0.6816722262466873	0.6822679961448616	([664, 63], [664, 253, 243])
1	0.6689773708765644	0.6823168407136829	([791, 517], [791, 583, 545])
1	0.6751943327333135	0.6823580850743133	([909, 77], [909, 537, 145])
1	0.6773657087360652	0.6824241113980529	([651, 97], [651, 509, 97])
1	0.6580200078000495	0.6825359803226658	([842, 336], [842, 839, 275])
1	0.6819463663095835	0.6825834391593547	([826, 248], [826, 546, 358])
1	0.6616157287257594	0.6826010951052589	([757, 387], [757, 645, 641])
1	0.6723971516744964	0.6826088831594651	([1330, 649], [1330, 958, 953])
1	0.6731676519425679	0.6826432477240875	([769, 359], [769, 629, 320])
1	0.665435644738752	0.6826659020931335	([755, 273], [755, 672, 400])
1	0.6663249633363049	0.6827200627194548	([571, 183], [571, 186, 183])
1	0.672136364130737	0.683171963674956	([1059, 563], [1059, 832, 653])
1	0.6787021787671081	0.6832127414384259	([1499, 987], [1499, 1336, 840])
1	0.6788764617694275	0.6832456105997645	([812, 561], [812, 663, 561])
1	0.6648687293885428	0.6833160885283829	([722, 294], [722, 662, 637])
1	0.6476239603968312	0.6833206339027029	([1181, 625], [1181, 1126, 625])
1	0.6725831145710713	0.6834242037516489	([1297, 628], [1317, 1269, 628])
1	0.66789971914169	0.6836031735873876	([958, 45], [958, 907, 198])
1	0.6609903760284702	0.6836416843785962	([1422, 1111], [1438, 1422, 1111])
1	0.6622640959862495	0.6836478136034985	([801, 55], [801, 232, 107])
1	0.6718723164223851	0.6836819661381962	([1531, 527], [1531, 1258, 527])
1	0.6748649814283004	0.683716093170141	([954, 53], [954, 602, 53])
1	0.6580243277804805	0.6837236313589004	([956, 272], [956, 634, 272])
1	0.6778949552663306	0.6839810465068661	([779, 570], [781, 779, 570])
1	0.6821774895892196	0.6839938870192046	([1325, 834], [1325, 994, 972])
1	0.6634748846130041	0.6839978315938195	([747, 206], [747, 446, 394])
1	0.6436109924643654	0.6840359740159879	([1231, 721], [1231, 721, 582])
1	0.6435829138497178	0.6840761115096605	([466, 25], [466, 123, 38])
1	0.678128450167026	0.684149122965928	([1068, 578], [1068, 770, 578])
1	0.6830235606085011	0.6842228843189699	([1306, 1029], [1306, 1077, 1029])
1	0.6814361436604549	0.6842768785417981	([726, 342], [727, 726, 342])
1	0.6799896870597595	0.6843473717225095	([1119, 524], [1119, 595, 594])
1	0.6806338143308112	0.6843883503170849	([1014, 484], [1014, 917, 493])
1	0.6841548589915954	0.684490327760469	([871, 292], [871, 658, 337])
1	0.6372649915232736	0.6845646521156664	([1421, 827], [1421, 1201, 827])
1	0.6609388085817233	0.6845757596314804	([1001, 495], [979, 495, 492])
1	0.6574705828191343	0.6845757596314804	([1015, 492], [1015, 979, 492])
1	0.6732280147333646	0.6845771713353019	([1511, 776], [1511, 1500, 765])
1	0.6745189354044773	0.6845957325833826	([1364, 453], [1377, 1364, 453])
1	0.6823423251390208	0.6846342988137332	([1476, 94], [1476, 683, 678])
1	0.6843534392614743	0.6846354874902671	([1382, 779], [1382, 1167, 779])
1	0.6678978879198135	0.6846430213616418	([719, 133], [719, 697, 133])
1	0.6664549055996436	0.6847208859346492	([974, 557], [974, 807, 654])
1	0.6763043382300481	0.6848053818025555	([672, 172], [672, 172, 45])
1	0.6842535148463949	0.6848542557129742	([1235, 556], [1235, 651, 556])
1	0.6775916684924336	0.6848557917227847	([1098, 386], [1098, 602, 386])
1	0.6737197698091474	0.684880336870111	([511, 62], [511, 131, 113])
1	0.6705155347477825	0.6850611406060744	([1450, 767], [1450, 907, 906])
1	0.652638234609417	0.6850848891882122	([1167, 779], [1382, 1349, 779])
1	0.6483807698295748	0.685171896325794	([952, 165], [952, 337, 115])
1	0.6820055816660251	0.6852581512090614	([1104, 316], [1104, 734, 316])
1	0.6760780270496697	0.6854144621654545	([1427, 766], [1427, 1282, 766])
1	0.683923092003214	0.6854365876445109	([560, 114], [560, 160, 118])
1	0.6661212246475119	0.6854832867195682	([1035, 480], [1050, 1035, 480])
1	0.6723550510563227	0.6855308560208272	([904, 271], [908, 904, 271])
1	0.6760909097428551	0.6856195564128615	([811, 59], [811, 544, 59])
1	0.6669904771539827	0.6856546688420857	([1375, 432], [1375, 1208, 685])
1	0.6825751411703463	0.6856907514922791	([1037, 722], [1037, 974, 722])
1	0.6791049012399106	0.6857140329936473	([755, 162], [755, 273, 162])
1	0.6821018566049178	0.6857451155633089	([1317, 778], [1335, 1317, 778])
1	0.6785596316263826	0.6858071469504458	([818, 356], [818, 666, 244])
1	0.6730297447527178	0.6859104304057461	([1252, 215], [1252, 905, 801])
1	0.6809038311506469	0.685930103960895	([985, 489], [1277, 985, 815])
1	0.678495530930676	0.6859732937311547	([1358, 935], [1358, 1053, 1048])
1	0.6771005446309339	0.6860468337779398	([955, 440], [968, 955, 440])
1	0.6507762561640678	0.6860625464419026	([1524, 442], [1524, 1146, 442])
1	0.6831494849198705	0.6860643541691376	([1097, 206], [1097, 408, 206])
1	0.6721862630383822	0.6861013075855446	([1078, 207], [1078, 684, 141])
1	0.6835500279669319	0.6861496746404989	([1308, 509], [1308, 1226, 509])
1	0.6813166466873286	0.6862322405633298	([1183, 499], [1183, 844, 806])
1	0.6763763433037724	0.6863304296782595	([1277, 489], [985, 814, 489])
1	0.6787754589632422	0.6863839255339433	([1312, 776], [1312, 1258, 776])
1	0.6862493814823544	0.6864307364334591	([1058, 558], [1058, 808, 655])
1	0.6702702552854983	0.6865086417495223	([1368, 526], [1368, 705, 531])
1	0.6852859566005555	0.6865651106979811	([918, 485], [1012, 918, 486])
1	0.6726223107998339	0.6866015180821198	([814, 240], [998, 814, 240])
1	0.6689735056056053	0.6867481478378757	([834, 254], [834, 502, 254])
1	0.6614562553474018	0.6868351010234954	([768, 314], [768, 520, 267])
1	0.6198001061872469	0.6869877937430267	([777, 380], [838, 822, 380])
1	0.6685500004831233	0.6869877937430267	([873, 380], [873, 838, 380])
1	0.6792587896973358	0.6875200747333213	([766, 55], [771, 766, 55])
1	0.6722574381110882	0.6876281821904187	([720, 468], [720, 552, 498])
1	0.682160970307393	0.6877119116734025	([1285, 434], [1285, 1108, 434])
1	0.682237673974231	0.6878417352857172	([989, 516], [989, 652, 643])
1	0.6830008062572605	0.6880212459351185	([1524, 36], [1524, 613, 442])
1	0.6832936577663415	0.6881865294509294	([1220, 455], [1220, 455, 406])
1	0.6711015942041932	0.6883351944853351	([1307, 785], [1307, 1104, 785])
1	0.6513250649031233	0.6883578127831135	([1148, 147], [1148, 692, 396])
1	0.6797239086471645	0.6884354806611238	([1328, 786], [1337, 1328, 786])
1	0.6825347997290742	0.6884932708830432	([564, 182], [564, 181, 162])
1	0.6814746404418173	0.6885195910964625	([965, 231], [965, 713, 231])
1	0.6629976100167958	0.6886175606821502	([1423, 579], [1423, 952, 609])
1	0.6777299638431656	0.6887049503876099	([1340, 577], [1340, 1253, 577])
1	0.6812170477525762	0.6889295607834515	([1012, 486], [918, 814, 489])
1	0.6798079458845346	0.6890416908652843	([779, 381], [779, 664, 380])
1	0.6844648616774033	0.6891267739468505	([726, 571], [726, 571, 545])
1	0.6747932538649636	0.6893472953321427	([982, 485], [1013, 836, 485])
1	0.6434351293753241	0.6893767227430089	([768, 366], [771, 768, 366])
1	0.6755744696827953	0.6894692458591457	([942, 383], [942, 666, 383])
1	0.6653282296639942	0.6895233165822259	([1233, 349], [1233, 659, 623])
1	0.6734252250924148	0.6897950697862296	([1436, 720], [1436, 1138, 720])
1	0.6798732756922634	0.6898925958147847	([1335, 654], [1335, 1280, 1192])
1	0.6893853483779226	0.6898947440034557	([1384, 568], [1384, 1100, 878])
1	0.6741189669572627	0.6900339102519322	([1467, 124], [1467, 613, 601])
1	0.6685126334286228	0.6900699535627278	([960, 270], [960, 528, 372])
1	0.6871901910579276	0.6902176331133523	([1480, 523], [1480, 1128, 523])
1	0.6868884067464947	0.690230176783809	([776, 459], [776, 543, 522])
1	0.6894202585614834	0.6902530336563641	([946, 57], [946, 621, 519])
1	0.675446232177966	0.6903053636912058	([1347, 768], [1349, 1347, 768])
1	0.6708519137548171	0.6904388916780313	([1406, 1036], [1406, 1391, 1036])
1	0.6785678605418454	0.6905140009375741	([1457, 730], [1467, 1457, 730])
1	0.6843534833243	0.690607021959447	([1316, 301], [1316, 889, 301])
1	0.6895749866716318	0.6906698383750719	([1176, 237], [1380, 1176, 237])
1	0.6621483196052473	0.6907500833441946	([1437, 642], [1437, 642, 634])
1	0.6853384995919071	0.6909818165296523	([902, 331], [902, 383, 331])
1	0.6772721794389488	0.6912560861449799	([782, 564], [786, 782, 544])
1	0.6596656676417944	0.6912806992896563	([1125, 560], [1125, 659, 560])
1	0.6490894002830176	0.6915651503218543	([1171, 547], [1171, 547, 537])
1	0.6895767138487501	0.6918366450399528	([1120, 319], [1120, 409, 319])
1	0.6744561947855052	0.691875767508385	([1500, 557], [1482, 595, 509])
1	0.6734469355879793	0.692094732151284	([1301, 771], [1301, 969, 771])
1	0.6817684539365452	0.6921470485269289	([758, 455], [758, 652, 581])
1	0.6918431324141078	0.6923690746499199	([1045, 521], [1045, 826, 521])
1	0.6893029655060721	0.6926085422889753	([1181, 496], [1181, 978, 496])
1	0.681001821386024	0.6926195851980861	([1343, 633], [1343, 909, 633])
1	0.677966422837028	0.6928361320567588	([1163, 461], [1206, 1163, 461])
1	0.690279357382895	0.6928541827953089	([671, 569], [671, 585, 569])
1	0.661716096913065	0.6928824507607619	([1312, 640], [1312, 640, 634])
1	0.6925102273888161	0.6931282374501643	([1215, 13], [1215, 423, 93])
1	0.6710235411053987	0.69344352264773	([811, 331], [875, 811, 331])
1	0.6570210589985517	0.6934670830747056	([720, 74], [720, 357, 292])
1	0.6798198814285553	0.6934769226291031	([765, 158], [765, 754, 158])
1	0.6926731945632387	0.6936463540106483	([1198, 606], [1198, 666, 619])
1	0.6720582338810827	0.6938639918040679	([781, 358], [781, 636, 308])
1	0.6625302348185378	0.6938645238689733	([1338, 672], [1338, 1215, 1121])
1	0.6751167927117778	0.6939020425855327	([1201, 509], [1201, 592, 509])
1	0.6852625807545455	0.6941599194555316	([1162, 721], [1162, 1071, 772])
1	0.6693414648498819	0.6944737056777109	([773, 129], [796, 773, 129])
1	0.6902557743271808	0.6945434268323224	([1304, 1034], [1304, 1269, 1022])
1	0.6919510088038917	0.6945531536197539	([945, 162], [945, 607, 162])
1	0.6606991916351312	0.6946870677037896	([947, 255], [959, 766, 255])
1	0.6702707837248232	0.6947309871632109	([1065, 385], [1065, 810, 642])
1	0.6753184118724078	0.6948778297248366	([1323, 852], [1323, 852, 657])
1	0.6588691908176403	0.6949113293536828	([1364, 78], [1364, 698, 410])
1	0.6801194027046754	0.6949203505053986	([1559, 91], [1559, 1207, 91])
1	0.6795429101645182	0.6949223614049147	([1406, 981], [1406, 1297, 976])
1	0.687614984826704	0.6949971188290575	([1452, 248], [1452, 1136, 826])
1	0.6815618060742316	0.695012298857789	([1175, 507], [1175, 907, 507])
1	0.6803562541416681	0.6951409769510297	([1187, 555], [1187, 606, 551])
1	0.691503106273577	0.6952223042620252	([1016, 71], [1016, 816, 71])
1	0.6901153446914396	0.6952592301916286	([1419, 543], [1419, 611, 543])
1	0.683149350129636	0.6953562454168125	([997, 58], [997, 823, 58])
1	0.6912842602232894	0.6953896931954945	([722, 109], [747, 722, 109])
1	0.6866104871219644	0.695490143545703	([1367, 95], [1367, 434, 423])
1	0.6835415940080599	0.6955019528422121	([1563, 314], [1563, 1079, 314])
1	0.673601021898834	0.6955158237414	([777, 172], [777, 380, 172])
1	0.6784625768288504	0.6956545997230036	([1455, 783], [1455, 1123, 783])
1	0.6846084438101727	0.695677984306764	([1282, 591], [1282, 1187, 555])
1	0.6821842194313259	0.6958562268188577	([1164, 169], [1164, 506, 330])
1	0.6778500257912016	0.6959240105687309	([1048, 334], [1048, 759, 552])
1	0.6823383086695801	0.6959475885615636	([1534, 757], [1534, 1120, 757])
1	0.6894923939928614	0.6961518451245411	([1047, 381], [1047, 766, 627])
1	0.6674454064037136	0.6962930250318939	([1054, 593], [1054, 944, 593])
1	0.6856308396847715	0.6964098697161852	([786, 284], [786, 372, 292])
1	0.6768854831630664	0.6967519986407699	([1565, 514], [1565, 946, 514])
1	0.692921619995823	0.6968716446274748	([1474, 305], [1474, 674, 305])
1	0.6915926768025146	0.6968852244163984	([1297, 566], [1297, 1195, 566])
1	0.6958995430776558	0.6969345489640381	([1563, 728], [1563, 889, 796])
1	0.6893667179838545	0.6969373894520045	([977, 251], [997, 977, 251])
1	0.6912944943029998	0.6969373894520045	([1017, 251], [1017, 997, 251])
1	0.6845308689710397	0.6969904941772228	([805, 62], [840, 244, 166])
1	0.6908830983670031	0.6970181536690209	([1311, 137], [1311, 1170, 880])
1	0.6839919397050419	0.6973304461185329	([727, 121], [727, 307, 296])
1	0.6832359523386137	0.6974738085118477	([1553, 204], [1553, 704, 534])
1	0.6883139097297564	0.6975321874221214	([785, 213], [785, 689, 418])
1	0.6930190272571485	0.6975433432548581	([1451, 938], [1451, 1297, 1138])
1	0.6640404251515026	0.6979373977434462	([776, 167], [780, 249, 167])
1	0.6958290111955173	0.6983788196842435	([1162, 112], [1162, 1087, 139])
1	0.6860461783468843	0.6983798726291095	([1313, 444], [1313, 1106, 444])
1	0.6840450640452467	0.6983904779058906	([1316, 80], [1316, 681, 137])
1	0.6959019804405713	0.6984379367876233	([832, 178], [832, 563, 178])
1	0.6942231630233695	0.6984891063205578	([1383, 451], [1383, 1085, 451])
1	0.6981692825299307	0.6985390875298586	([1544, 549], [1544, 1259, 549])
1	0.6907974030411758	0.6987364817997433	([765, 319], [765, 319, 311])
1	0.698002234010918	0.6992107748562912	([775, 322], [801, 775, 322])
1	0.6950642053252526	0.6996190301461032	([721, 168], [788, 721, 168])
1	0.6953970399469743	0.700211089041544	([1361, 864], [1361, 864, 790])
1	0.6885901088824599	0.7004310451986302	([773, 247], [773, 271, 247])
1	0.6850213999542661	0.7007266432420228	([978, 355], [978, 806, 654])
1	0.6842020858038715	0.7009313722396859	([1405, 581], [1405, 1345, 581])
1	0.6905452230470854	0.7009973455014947	([1195, 245], [1195, 653, 582])
1	0.6971126821671999	0.7011349322414642	([1316, 724], [1320, 1316, 724])
1	0.6861740628793278	0.7011910785157263	([721, 381], [721, 381, 369])
1	0.6986637555894666	0.701261726085823	([1411, 481], [1411, 1277, 974])
1	0.6925435154542454	0.7015653054631859	([1165, 722], [1165, 1067, 722])
1	0.6947779088901045	0.7019364129596926	([962, 335], [962, 335, 275])
1	0.6785553076782461	0.7024852253907005	([1564, 722], [1564, 780, 722])
1	0.6772246570587667	0.7033510997258965	([1070, 25], [1070, 799, 25])
1	0.6796399079329585	0.7037371342334887	([1460, 722], [1460, 1283, 722])
1	0.7034222519663275	0.7039869004971018	([931, 329], [931, 655, 329])
1	0.6917750178417068	0.7040725636825619	([1033, 570], [1033, 788, 570])
1	0.7033462283532128	0.7043256042950893	([910, 27], [910, 620, 265])
1	0.6912862902151399	0.7045498541032508	([1393, 570], [1393, 915, 654])
1	0.6822193636298474	0.7046669177294441	([778, 474], [807, 778, 656])
1	0.7010180283889279	0.7054267058847318	([1399, 576], [1503, 1399, 576])
1	0.6915781326103534	0.7057737328734991	([1004, 348], [1004, 656, 655])
1	0.7027164488957377	0.7058358222646485	([1402, 559], [1402, 1242, 1195])
1	0.7040846648024073	0.7058836761922301	([1174, 257], [1174, 438, 257])
1	0.7053710328619147	0.7058984874217514	([1176, 307], [1176, 638, 542])
1	0.7060884809409131	0.7061765063354483	([1459, 520], [1459, 1137, 520])
1	0.703398710266767	0.7065361818121524	([1447, 459], [1447, 734, 459])
1	0.6921305213455617	0.7066361161997552	([789, 181], [789, 271, 252])
1	0.6867195464923671	0.7068456806426892	([1306, 2], [1306, 399, 285])
1	0.7055975777700866	0.7068936975680165	([1066, 56], [1066, 380, 255])
1	0.6894458466385349	0.7076841735054636	([1461, 571], [1408, 907, 571])
1	0.694815887971545	0.7085030398785889	([1413, 240], [1413, 545, 160])
1	0.6940693521840025	0.7093048596273487	([1549, 153], [1549, 890, 153])
1	0.69955515379971	0.7094577432058542	([1315, 317], [1315, 599, 317])
1	0.7028198735331377	0.7095219902687175	([1427, 471], [1427, 1127, 659])
1	0.7004166158745694	0.7099262530724288	([1303, 246], [1303, 719, 246])
1	0.7057039461334733	0.7105984073178391	([1280, 570], [1280, 1041, 570])
1	0.6928917983435232	0.7109415582158505	([782, 61], [782, 514, 479])
1	0.7015653328223719	0.7110444625740212	([1400, 565], [1400, 1195, 582])
1	0.7094352273073843	0.7110746654108764	([1059, 130], [1059, 824, 130])
1	0.7078256589466363	0.7112745768610147	([1502, 573], [1502, 1182, 573])
1	0.7086203886650094	0.7114376519216232	([1486, 308], [1486, 642, 621])
1	0.7068851020916782	0.7115689389132931	([1305, 128], [1467, 1305, 128])
1	0.7065045556333217	0.7116547362681547	([764, 228], [764, 241, 228])
1	0.7115869446335553	0.7117498343220234	([1419, 282], [1419, 1104, 282])
1	0.6940480489939443	0.7124538368817587	([1427, 561], [1427, 723, 561])
1	0.7077997149826996	0.712715155062207	([1541, 269], [1541, 1255, 269])
1	0.6980716343258213	0.7131925032597451	([1363, 205], [1363, 894, 672])
1	0.7127460228519718	0.7133505915667464	([1421, 368], [1421, 890, 368])
1	0.7007321947199153	0.7133745345851963	([1382, 130], [1382, 648, 130])
1	0.7111507619134144	0.7142201237488237	([1294, 458], [1294, 458, 384])
1	0.6889984415708351	0.7142201237488237	([1294, 126], [1294, 621, 384])
1	0.7081299166928572	0.7143291036469166	([1334, 526], [1334, 628, 518])
1	0.6963706508825743	0.7148407368316706	([1464, 23], [1464, 1157, 877])
1	0.7128290467496146	0.7149075008003818	([1305, 359], [1305, 505, 359])
1	0.68690882039613	0.7159340171757616	([1522, 53], [1522, 1151, 53])
1	0.702774851805327	0.7160579870508805	([1036, 465], [1036, 661, 502])
1	0.7049797686494855	0.7161157126266763	([1512, 306], [1512, 798, 592])
1	0.7010018137724795	0.7170930228122454	([1235, 469], [1235, 554, 524])
1	0.46888132423846945	0.717310074261002	([1106, 1100], [1175, 1101, 1065])
1	0.7168232291215154	0.7176972261663933	([1190, 596], [1190, 803, 596])
1	0.6798454717401601	0.7179054277660355	([1353, 488], [1353, 837, 488])
1	0.538893872600086	0.7189647707907788	([1458, 1101], [1458, 1241, 1101])
1	0.7154904507061274	0.7196260809598295	([1196, 177], [1196, 293, 256])
1	0.7143787182566527	0.7210662688835033	([944, 125], [944, 160, 56])
1	0.7195633139269701	0.7215245694774282	([840, 41], [840, 258, 41])
1	0.7135882724099779	0.721535713236829	([1396, 102], [1396, 910, 890])
1	0.7195339512904663	0.7227451061548447	([1564, 564], [1564, 564, 529])
1	0.7068518979290085	0.723116792615185	([1232, 496], [1232, 723, 593])
1	0.7226838614237151	0.723180887571441	([1268, 78], [1268, 502, 284])
1	0.7006522256152341	0.7242857676864165	([1561, 0], [1561, 417, 0])
1	0.7182710293429466	0.7248050801024051	([1322, 190], [1322, 624, 482])
1	0.7255628407040153	0.7263297449551886	([1380, 476], [1380, 476, 458])
1	0.7268037016781271	0.7273280730929278	([1133, 28], [1133, 782, 658])
1	0.7200591532985374	0.7273415972836434	([1219, 163], [1219, 578, 504])
1	0.7106182551740643	0.7273787974109831	([1544, 281], [1544, 1385, 281])
1	0.7208433140972526	0.7281666666169002	([1518, 566], [1518, 1191, 566])
1	0.7161967853643811	0.7302668526397945	([1460, 61], [1460, 723, 710])
1	0.726432156316745	0.731002137682501	([1408, 72], [1408, 552, 277])
1	0.7249551656805826	0.7324240695956795	([1401, 117], [1401, 726, 722])
1	0.7220392042475786	0.7340109387295446	([1392, 467], [1392, 516, 467])
1	0.7318485708931681	0.7360210761555755	([1273, 302], [1273, 362, 302])
1	0.4847556021744423	0.7397070943960814	([1478, 1101], [1478, 1458, 1101])
1	0.741342818029425	0.7434202895732251	([1207, 930], [1207, 1134, 930])
1	0.7314180563855334	0.7474322896957504	([1543, 184], [1543, 655, 184])
1	0.7619185630225447	0.7628121127113925	([858, 108], [858, 818, 108])
1	0.7535184926250981	0.7628284193265279	([1559, 345], [1559, 1302, 345])
1	0.5004085732527792	0.7677720611701494	([953, 951], [1175, 1101, 691])
0	0.0	inf	([691], [])
