0	0.0	0.02078074164800107	([1435], [1435, 970])
0	0.0	0.2275505142698134	([295], [295, 294])
0	0.0	0.23590551972978252	([1266], [1266, 1265])
0	0.0	0.23740078485636107	([1525], [1525, 1524])
0	0.0	0.2410476742901874	([294], [294, 293])
0	0.0	0.24116569028569648	([980], [980, 979])
0	0.0	0.24188671753496963	([1328], [1328, 1327])
0	0.0	0.24227028159743236	([1298], [1298, 1297])
0	0.0	0.24373168545295637	([1311], [1311, 1310])
0	0.0	0.24702551575209616	([564], [564, 563])
0	0.0	0.2477845423492419	([1464], [1464, 1463])
0	0.0	0.2484726325610473	([1304], [1304, 1303])
0	0.0	0.2516406392731404	([594], [594, 593])
0	0.0	0.2531192380122617	([304], [304, 303])
0	0.0	0.2539877697209984	([1318], [1318, 1317])
0	0.0	0.25434556433275735	([563], [563, 562])
0	0.0	0.2550191193478666	([1299], [1299, 1298])
0	0.0	0.25529486089431286	([1297], [1297, 1296])
0	0.0	0.2554246859745777	([296], [296, 295])
0	0.0	0.25730122388846227	([1313], [1313, 1312])
0	0.0	0.25867879736408556	([1307], [1307, 1306])
0	0.0	0.2590074274238105	([1230], [1230, 1229])
0	0.0	0.25905631977592	([379], [379, 378])
0	0.0	0.26054172516855706	([1258], [1258, 1257])
0	0.0	0.2622662021438148	([444], [444, 443])
0	0.0	0.26263711932671935	([297], [297, 296])
0	0.0	0.2658282374450444	([1037], [1037, 1036])
0	0.0	0.2660244601316348	([1319], [1319, 1318])
0	0.0	0.26694176363978456	([44], [44, 43])
0	0.0	0.2673653015020546	([1314], [1314, 1313])
0	0.0	0.2683131499058935	([1308], [1308, 1307])
0	0.0	0.26943847422720885	([1514], [1514, 1513])
0	0.0	0.26981114230675535	([847], [847, 846])
0	0.0	0.2698186987521376	([412], [412, 411])
0	0.0	0.27037844847386305	([1289], [1289, 1288])
0	0.0	0.27052284659050374	([1293], [1293, 1292])
0	0.0	0.2705892983115725	([40], [40, 39])
0	0.0	0.2713794809508121	([1470], [1470, 1469])
0	0.0	0.27150219141147025	([1294], [1294, 1293])
0	0.0	0.2720620971925411	([1303], [1303, 1302])
0	0.0	0.27258404609780407	([1295], [1295, 1294])
0	0.0	0.27334629321945486	([45], [45, 44])
0	0.0	0.2739122695056121	([1275], [1275, 1274])
0	0.0	0.27450388181380375	([1522], [1522, 1521])
0	0.0	0.27508682240596244	([1487], [1487, 1486])
0	0.0	0.2753464616967137	([1469], [1469, 1468])
0	0.0	0.2759982401646953	([1264], [1264, 1263])
0	0.0	0.2761218481549715	([1265], [1265, 1264])
0	0.0	0.27645834719261814	([1515], [1515, 1514])
0	0.0	0.2771427469901566	([1326], [1326, 1325])
0	0.0	0.2781572256949081	([1347], [1347, 1346])
0	0.0	0.2782990763096521	([1287], [1287, 1286])
0	0.0	0.27961071758985373	([437], [437, 436])
0	0.0	0.27977129987159777	([82], [82, 81])
0	0.0	0.2802680014635308	([1053], [1053, 1052])
0	0.0	0.28035172451299306	([46], [46, 45])
0	0.0	0.2804377663155629	([542], [542, 541])
0	0.0	0.28075530266283355	([1373], [1373, 1372])
0	0.0	0.28092572475206284	([41], [41, 40])
0	0.0	0.2817217029634023	([1309], [1309, 1308])
0	0.0	0.28238727723932566	([1516], [1516, 1515])
0	0.0	0.2830187304147726	([952], [952, 951])
0	0.0	0.2831115628795669	([293], [293, 292])
0	0.0	0.2832235310088339	([801], [801, 800])
0	0.0	0.28340357922016424	([1315], [1315, 1314])
0	0.0	0.28350644591091406	([319], [319, 318])
0	0.0	0.2841792141892099	([1305], [1305, 1304])
0	0.0	0.2848299982508579	([1310], [1310, 1309])
0	0.0	0.2857042185757342	([1520], [1520, 1519])
0	0.0	0.28599011623657505	([42], [42, 41])
0	0.0	0.2865471970160473	([1485], [1485, 1484])
0	0.0	0.28703159374968257	([1317], [1317, 1316])
0	0.0	0.2871815167454412	([411], [411, 410])
0	0.0	0.28722628482026835	([59], [59, 58])
0	0.0	0.28741235983820473	([1517], [1517, 1515])
0	0.0	0.2874191005676387	([1523], [1523, 1522])
0	0.0	0.28751452888052353	([80], [80, 79])
0	0.0	0.28799034189552036	([1526], [1526, 1525])
0	0.0	0.2884390540688248	([90], [90, 89])
0	0.0	0.2889278719883103	([566], [566, 565])
0	0.0	0.28944863951760813	([39], [39, 38])
0	0.0	0.289523680583196	([119], [119, 118])
0	0.0	0.28981062703081695	([1323], [1323, 1322])
0	0.0	0.29064989668705205	([131], [131, 130])
0	0.0	0.29130605655154285	([1291], [1291, 1290])
0	0.0	0.2913427926445638	([1306], [1306, 1305])
0	0.0	0.29232772503631477	([1322], [1322, 1321])
0	0.0	0.292442805444441	([1381], [1381, 1380])
0	0.0	0.2924785298612954	([1521], [1521, 1520])
0	0.0	0.2929134284632506	([1255], [1255, 1254])
0	0.0	0.2933781598785917	([999], [999, 998])
0	0.0	0.2935256084470778	([38], [38, 37])
0	0.0	0.29360251129060144	([436], [436, 435])
0	0.0	0.2936655693447503	([1139], [1139, 1138])
0	0.0	0.29370801700731336	([56], [56, 55])
0	0.0	0.29377961849057116	([58], [58, 57])
0	0.0	0.29426073108095363	([1260], [1260, 1259])
0	0.0	0.29489171321192886	([1473], [1473, 1472])
0	0.0	0.2956970547007237	([1474], [1474, 1473])
0	0.0	0.2963244754084219	([1268], [1268, 1267])
0	0.0	0.29633030105272434	([1290], [1290, 1289])
0	0.0	0.2963739683495105	([1038], [1038, 1037])
0	0.0	0.29651916977385895	([855], [855, 854])
0	0.0	0.29671589420698086	([60], [60, 59])
0	0.0	0.2970491920079711	([1267], [1267, 1266])
0	0.0	0.2972459803497746	([1382], [1382, 1380])
0	0.0	0.29813842539316626	([1348], [1348, 1347])
0	0.0	0.29818435827979134	([1296], [1296, 1295])
0	0.0	0.2982115748762897	([549], [549, 548])
0	0.0	0.29824634640905107	([1178], [1178, 1177])
0	0.0	0.29827688888126647	([452], [452, 451])
0	0.0	0.2988987570243554	([43], [43, 42])
0	0.0	0.29929754651957097	([1462], [1462, 1461])
0	0.0	0.2993687035051893	([849], [849, 848])
0	0.0	0.29948913977902925	([595], [595, 594])
0	0.0	0.29998460897849627	([37], [37, 36])
0	0.0	0.30014404376160503	([1467], [1467, 1466])
0	0.0	0.300208576187495	([1320], [1320, 1319])
0	0.0	0.30022051971970953	([81], [81, 80])
0	0.0	0.3002357169542244	([1459], [1459, 1458])
0	0.0	0.30026138197701674	([1301], [1301, 1300])
0	0.0	0.3003659462506481	([406], [406, 405])
0	0.0	0.30076813033789745	([1340], [1340, 1339])
0	0.0	0.30081084068429603	([593], [593, 592])
0	0.0	0.30109899587918104	([299], [299, 298])
0	0.0	0.30136539020619757	([169], [169, 167])
0	0.0	0.30144206110616056	([1465], [1465, 1464])
0	0.0	0.301567941889479	([1458], [1458, 1457])
0	0.0	0.30189379232899	([1463], [1464, 1462])
0	0.0	0.3019043276624469	([1130], [1130, 1129])
0	0.0	0.3019176197215739	([598], [598, 597])
0	0.0	0.30192329133363305	([1460], [1460, 1459])
0	0.0	0.3021085934291317	([1524], [1524, 1523])
0	0.0	0.3025414795747124	([1060], [1060, 1059])
0	0.0	0.3025662693205348	([802], [802, 801])
0	0.0	0.3025845150965677	([1321], [1321, 1320])
0	0.0	0.30266496703051704	([1457], [1457, 1456])
0	0.0	0.30304149672506636	([850], [850, 849])
0	0.0	0.3032015069549775	([1472], [1472, 1471])
0	0.0	0.30323187698850423	([1468], [1468, 1467])
0	0.0	0.3033307446816127	([846], [846, 845])
0	0.0	0.30350896231304086	([1198], [1198, 1197])
0	0.0	0.30372396637654364	([47], [47, 46])
0	0.0	0.3042324086517279	([605], [605, 604])
0	0.0	0.3043052717884171	([1325], [1325, 1324])
0	0.0	0.304512096611027	([1134], [1134, 1133])
0	0.0	0.30499412171014606	([1327], [1327, 1326])
0	0.0	0.30510312804300355	([947], [947, 946])
0	0.0	0.30523047568488293	([1376], [1376, 1375])
0	0.0	0.30523818205556125	([1332], [1332, 1331])
0	0.0	0.30541607601393844	([1446], [1446, 1445])
0	0.0	0.30558275152876435	([383], [383, 382])
0	0.0	0.3065354454513014	([1036], [1036, 1035])
0	0.0	0.3069455730483433	([188], [188, 187])
0	0.0	0.30694758472549644	([1300], [1300, 1299])
0	0.0	0.3072402011813651	([834], [834, 833])
0	0.0	0.30727090745195595	([848], [848, 847])
0	0.0	0.30753722841336123	([302], [302, 301])
0	0.0	0.30778900972030676	([303], [303, 302])
0	0.0	0.3082664611062953	([836], [836, 835])
0	0.0	0.30834880315728325	([382], [382, 381])
0	0.0	0.3086522743739468	([1202], [1202, 1201])
0	0.0	0.3093424956347547	([50], [50, 49])
0	0.0	0.3094013697695718	([562], [562, 561])
0	0.0	0.30941604092801794	([944], [944, 943])
0	0.0	0.3097731119651817	([1000], [1000, 999])
0	0.0	0.30999961522297775	([130], [130, 129])
0	0.0	0.3100598801089725	([400], [400, 399])
0	0.0	0.3102704465172891	([1356], [1356, 1355])
0	0.0	0.3104114883207163	([1358], [1358, 1357])
0	0.0	0.31049434665799464	([998], [998, 997])
0	0.0	0.31057699630910424	([565], [566, 564])
0	0.0	0.31117382118774634	([600], [600, 599])
0	0.0	0.31135963688150525	([1059], [1059, 1058])
0	0.0	0.3118532883744869	([373], [373, 372])
0	0.0	0.311923104097501	([1041], [1041, 1040])
0	0.0	0.3120412923901016	([1349], [1349, 1348])
0	0.0	0.31224612896919796	([606], [606, 605])
0	0.0	0.3125890831764645	([856], [856, 855])
0	0.0	0.3128567098452926	([1375], [1375, 1374])
0	0.0	0.313042678465226	([413], [413, 412])
0	0.0	0.3130726236393121	([301], [301, 300])
0	0.0	0.31354697648878005	([602], [602, 601])
0	0.0	0.3138050093670415	([419], [419, 418])
0	0.0	0.31452117550934217	([920], [920, 919])
0	0.0	0.31460645206261084	([504], [504, 503])
0	0.0	0.31468092197820713	([1261], [1261, 1260])
0	0.0	0.31480603286144	([321], [321, 320])
0	0.0	0.3148204177928856	([948], [948, 947])
0	0.0	0.3149411869941775	([122], [122, 121])
0	0.0	0.31509360205361936	([857], [857, 856])
0	0.0	0.31510274731094473	([1286], [1286, 1285])
0	0.0	0.3151141646823865	([35], [35, 34])
0	0.0	0.3151993429713689	([503], [503, 502])
0	0.0	0.3154754513979632	([1486], [1486, 1485])
0	0.0	0.3155725486370287	([1346], [1346, 1345])
0	0.0	0.3158790084576012	([9], [9, 8])
0	0.0	0.315994199116014	([408], [408, 407])
0	0.0	0.31658696269032244	([1138], [1138, 1137])
0	0.0	0.3166132306095998	([51], [51, 50])
0	0.0	0.31676033697037925	([1334], [1334, 1333])
0	0.0	0.31758942153387815	([548], [548, 547])
0	0.0	0.3177150989859902	([445], [445, 444])
0	0.0	0.31805654515021	([1359], [1359, 1358])
0	0.0	0.31825278103456317	([603], [603, 602])
0	0.0	0.3187052256777192	([1052], [1052, 1051])
0	0.0	0.3187819682474548	([568], [568, 567])
0	0.0	0.31893752052485863	([83], [83, 82])
1	0.3123730563231125	0.3190165964260778	([297, 292], [297, 295, 293])
0	0.0	0.3190746777487642	([1133], [1133, 1132])
0	0.0	0.3190974153318742	([300], [300, 299])
0	0.0	0.3194429470242249	([1128], [1128, 1127])
0	0.0	0.3197110118862933	([1238], [1238, 1237])
0	0.0	0.31979977129726417	([993], [993, 992])
0	0.0	0.3199048537013418	([597], [597, 596])
0	0.0	0.32077855560865876	([803], [803, 802])
0	0.0	0.3208220393609377	([1256], [1256, 1255])
0	0.0	0.32123057305904446	([88], [88, 87])
0	0.0	0.32153190215738175	([1461], [1461, 1460])
0	0.0	0.3217052688158005	([449], [449, 448])
0	0.0	0.32184959877927943	([1302], [1302, 1301])
0	0.0	0.3222142030314051	([1235], [1235, 1234])
0	0.0	0.32279469614219475	([407], [407, 406])
0	0.0	0.3230207627811228	([318], [318, 317])
0	0.0	0.32318145152129724	([168], [168, 167])
0	0.0	0.3233121291920928	([967], [967, 966])
0	0.0	0.3235796053916841	([432], [432, 431])
0	0.0	0.3240683721706878	([858], [858, 857])
0	0.0	0.324195530380367	([1362], [1362, 1361])
0	0.0	0.3244490775785975	([34], [34, 33])
0	0.0	0.32446106311301676	([84], [84, 83])
0	0.0	0.3247363772410181	([1085], [1085, 1084])
0	0.0	0.3252542690568458	([720], [720, 719])
0	0.0	0.32526941717177954	([1237], [1237, 1236])
0	0.0	0.32537556167167375	([1312], [1312, 1311])
0	0.0	0.3254153245643488	([981], [981, 980])
0	0.0	0.32561757326122265	([994], [994, 992])
0	0.0	0.3256581327841144	([1031], [1031, 1030])
0	0.0	0.32588310474753207	([1331], [1331, 1330])
0	0.0	0.32619534481559737	([440], [440, 439])
0	0.0	0.3262308495512394	([312], [312, 311])
0	0.0	0.3266936915915274	([467], [467, 466])
0	0.0	0.326978007717766	([123], [123, 122])
0	0.0	0.32707300096056197	([1329], [1329, 1328])
0	0.0	0.32711231600313845	([1234], [1234, 1233])
0	0.0	0.32729506328929986	([427], [427, 426])
0	0.0	0.327375546262238	([425], [425, 424])
0	0.0	0.3274455281053505	([1262], [1262, 1261])
0	0.0	0.3274910504866882	([380], [380, 379])
0	0.0	0.32760229485756354	([1061], [1061, 1060])
0	0.0	0.32775019532141664	([57], [57, 56])
0	0.0	0.32776058541733666	([435], [435, 434])
0	0.0	0.3278836801463866	([381], [381, 380])
0	0.0	0.3279018569917183	([1039], [1039, 1038])
0	0.0	0.3279385647979248	([1127], [1127, 1126])
0	0.0	0.327954552915176	([1489], [1489, 1488])
0	0.0	0.3279861269811067	([421], [421, 420])
0	0.0	0.3280643525967273	([1162], [1162, 1161])
0	0.0	0.3281795880852085	([1142], [1142, 1141])
0	0.0	0.3282887386670675	([401], [401, 400])
0	0.0	0.32870864560801116	([966], [966, 965])
0	0.0	0.3288091233528665	([1274], [1274, 1273])
1	0.3242781380083119	0.328884065971085	([850, 847], [850, 849, 848])
0	0.0	0.3289289820210219	([1263], [1263, 1262])
0	0.0	0.3290025496804675	([308], [308, 307])
0	0.0	0.32939715656620955	([561], [561, 560])
0	0.0	0.329398785556907	([567], [567, 566])
0	0.0	0.32944213955697405	([451], [451, 450])
0	0.0	0.3297590831294825	([1064], [1064, 1063])
0	0.0	0.3297812804793257	([1236], [1236, 1235])
0	0.0	0.3298626878220461	([140], [140, 139])
0	0.0	0.3298749471019667	([1144], [1144, 1143])
0	0.0	0.3299073154657571	([1216], [1216, 1215])
0	0.0	0.33005413870364037	([1384], [1384, 1383])
0	0.0	0.33019893135227973	([1316], [1316, 1315])
0	0.0	0.33033225255233206	([1377], [1377, 1376])
0	0.0	0.33040303140343513	([1292], [1292, 1291])
0	0.0	0.33088477453827847	([946], [946, 945])
0	0.0	0.3309868234910019	([921], [921, 920])
0	0.0	0.33105643030335535	([85], [85, 84])
0	0.0	0.3312975639193031	([1051], [1051, 1050])
0	0.0	0.33149444193474026	([53], [53, 52])
0	0.0	0.3315534899999735	([426], [426, 425])
0	0.0	0.3315931846506325	([1288], [1288, 1287])
0	0.0	0.3316376206965292	([6], [6, 5])
0	0.0	0.33173642750540844	([91], [91, 90])
0	0.0	0.33175301298534204	([298], [298, 297])
0	0.0	0.3318750983904898	([835], [835, 834])
0	0.0	0.3319064666247198	([1159], [1159, 1158])
0	0.0	0.3321664523592104	([852], [852, 851])
0	0.0	0.3321874720885407	([1150], [1150, 1149])
0	0.0	0.3322003952338792	([1455], [1455, 1454])
0	0.0	0.3322346088184264	([540], [540, 539])
0	0.0	0.3325119033586923	([141], [141, 140])
0	0.0	0.3325588731985593	([1352], [1352, 1351])
0	0.0	0.3328098390602389	([454], [454, 453])
0	0.0	0.33299831921738693	([448], [448, 447])
0	0.0	0.333531591584173	([560], [560, 559])
0	0.0	0.3336212334926706	([1165], [1165, 1164])
0	0.0	0.3336852952603984	([322], [322, 321])
0	0.0	0.3337754306075174	([1066], [1066, 1065])
0	0.0	0.3338989104162433	([64], [64, 63])
0	0.0	0.3339664311725544	([453], [453, 452])
0	0.0	0.3339776561076285	([313], [313, 312])
0	0.0	0.33435197040544307	([89], [89, 88])
0	0.0	0.33446798562864877	([61], [61, 60])
0	0.0	0.33447080400484297	([317], [317, 316])
0	0.0	0.33449824245800286	([926], [926, 917])
0	0.0	0.33475444419661254	([1040], [1040, 1039])
0	0.0	0.33504297045417086	([409], [409, 408])
0	0.0	0.3350952138222945	([1035], [1035, 1034])
0	0.0	0.33523820350916755	([384], [384, 383])
0	0.0	0.3353092124980812	([550], [550, 549])
0	0.0	0.3353111366131061	([1335], [1335, 1334])
0	0.0	0.33545818219907664	([922], [922, 921])
0	0.0	0.33555366229025513	([925], [925, 924])
0	0.0	0.33567687517549016	([978], [978, 977])
0	0.0	0.3358034176151684	([1048], [1048, 1047])
0	0.0	0.3358121033277489	([194], [194, 193])
0	0.0	0.33583835680267043	([307], [307, 306])
0	0.0	0.33612294907485724	([428], [428, 427])
0	0.0	0.33613192077201987	([132], [132, 131])
0	0.0	0.3363945820929955	([439], [439, 438])
0	0.0	0.33640756369843267	([63], [63, 62])
0	0.0	0.3365096310427393	([55], [55, 54])
0	0.0	0.3365886111244845	([1218], [1218, 1217])
0	0.0	0.3366960177402246	([679], [679, 678])
0	0.0	0.3367530504324123	([1364], [1364, 1363])
1	0.3324293264420091	0.3367675349641965	([1039, 1035], [1039, 1038, 1035])
0	0.0	0.3368455245116948	([1259], [1259, 1258])
0	0.0	0.3369550248241552	([1330], [1330, 1329])
0	0.0	0.33696676954031407	([1344], [1344, 1343])
0	0.0	0.3370008671383015	([18], [18, 17])
0	0.0	0.3370449381660336	([52], [52, 51])
0	0.0	0.3371033544235474	([1058], [1058, 1057])
0	0.0	0.3374516506213453	([919], [919, 918])
0	0.0	0.33755896036594063	([36], [36, 35])
0	0.0	0.33806310840026627	([1175], [1175, 1174])
0	0.0	0.3381647204348834	([450], [450, 449])
0	0.0	0.3382742066598429	([306], [306, 305])
0	0.0	0.3383769760820635	([420], [420, 419])
0	0.0	0.3386892453083898	([541], [541, 540])
0	0.0	0.33889256259043093	([1001], [1001, 1000])
0	0.0	0.3390124679996835	([1527], [1527, 1526])
0	0.0	0.33967547021847505	([1174], [1174, 1173])
0	0.0	0.33987190875055917	([387], [387, 386])
0	0.0	0.339950503116441	([1140], [1140, 1139])
0	0.0	0.33998479979942886	([671], [671, 670])
0	0.0	0.34016686582513045	([945], [945, 944])
0	0.0	0.3401981134763585	([983], [983, 982])
0	0.0	0.34021361467171424	([1177], [1177, 1176])
0	0.0	0.34025360000319826	([1137], [1137, 1136])
0	0.0	0.34041741280012344	([433], [433, 432])
0	0.0	0.3405913512083744	([4], [4, 3])
0	0.0	0.34077397075519233	([156], [156, 155])
0	0.0	0.34079798021553637	([894], [894, 893])
0	0.0	0.34104680587353176	([311], [311, 310])
0	0.0	0.3411596473043277	([1324], [1324, 1323])
0	0.0	0.34138715131860453	([844], [844, 843])
0	0.0	0.3414531970588813	([721], [721, 720])
0	0.0	0.3415700494056007	([1179], [1179, 1178])
0	0.0	0.34175416548199705	([1215], [1215, 1214])
0	0.0	0.34188681760034206	([949], [949, 948])
0	0.0	0.3419167279739476	([997], [997, 996])
0	0.0	0.34200170262662144	([386], [386, 385])
0	0.0	0.3420234723717869	([1378], [1378, 1377])
0	0.0	0.34226349287193064	([951], [951, 950])
0	0.0	0.34227899677451973	([1078], [1078, 1077])
0	0.0	0.3422914994157931	([924], [924, 923])
0	0.0	0.34231674329866335	([710], [710, 709])
0	0.0	0.34264823366606295	([48], [48, 47])
0	0.0	0.34265873733819957	([1229], [1229, 1228])
0	0.0	0.34285538170128294	([1176], [1176, 1175])
0	0.0	0.3430388454758586	([502], [502, 501])
0	0.0	0.34305052262205993	([1132], [1132, 1131])
0	0.0	0.34324996492541204	([170], [170, 169])
0	0.0	0.343399224862611	([923], [923, 922])
0	0.0	0.3434747652019037	([275], [275, 274])
0	0.0	0.3437786365977327	([209], [209, 208])
0	0.0	0.343799418910237	([87], [87, 86])
0	0.0	0.34385268395096064	([1131], [1131, 1130])
0	0.0	0.34410533272829885	([531], [531, 530])
0	0.0	0.3441653718873729	([1046], [1046, 1045])
0	0.0	0.3442728270316561	([441], [441, 440])
0	0.0	0.34450418965687635	([1129], [1129, 1128])
0	0.0	0.3445747107110544	([1345], [1345, 1344])
0	0.0	0.34470089377088364	([143], [143, 142])
0	0.0	0.3447261439961797	([1271], [1271, 1270])
0	0.0	0.3448499093251167	([33], [33, 32])
0	0.0	0.34485396648960753	([569], [569, 568])
0	0.0	0.34493944851391634	([431], [431, 430])
0	0.0	0.3450032222443081	([216], [216, 215])
0	0.0	0.34505935403316246	([1065], [1065, 1064])
0	0.0	0.34511527776367706	([447], [447, 446])
0	0.0	0.34538223964147363	([723], [723, 722])
0	0.0	0.34542596223707983	([1343], [1343, 1342])
0	0.0	0.34549674154923127	([592], [592, 591])
0	0.0	0.3455359371212617	([1197], [1197, 1196])
0	0.0	0.3455809861828276	([1399], [1399, 1398])
0	0.0	0.34562160839347467	([167], [167, 166])
0	0.0	0.34569914618982395	([177], [177, 176])
0	0.0	0.34573009737376237	([1360], [1360, 1359])
0	0.0	0.34575022705411307	([1239], [1239, 1238])
0	0.0	0.3459615017988721	([860], [860, 859])
0	0.0	0.3460936648609035	([21], [21, 20])
0	0.0	0.3461896930371633	([54], [54, 53])
0	0.0	0.3462559570767575	([553], [553, 552])
0	0.0	0.3463840206500386	([1219], [1219, 1218])
0	0.0	0.34645652764592644	([843], [843, 842])
0	0.0	0.3467765974482988	([372], [372, 371])
0	0.0	0.34682314203530173	([429], [429, 428])
0	0.0	0.34685021360471835	([269], [269, 268])
0	0.0	0.3468611251614398	([1276], [1276, 1275])
0	0.0	0.3469369878235169	([1374], [1374, 1373])
0	0.0	0.34718988154927366	([446], [446, 445])
0	0.0	0.3473458479491528	([722], [722, 721])
0	0.0	0.3474204173342674	([142], [142, 141])
0	0.0	0.34744354399744665	([1419], [1419, 1418])
0	0.0	0.3474924711857182	([552], [552, 551])
0	0.0	0.3476170394137715	([1118], [1118, 1117])
0	0.0	0.34775330624788	([982], [982, 981])
0	0.0	0.3478379558934384	([189], [189, 188])
0	0.0	0.3479445862674989	([272], [272, 271])
0	0.0	0.34798759931674406	([484], [484, 483])
0	0.0	0.3482396454386523	([74], [74, 73])
0	0.0	0.34823990877293515	([1164], [1164, 1163])
0	0.0	0.3483612214473488	([230], [230, 229])
0	0.0	0.34849776471903215	([338], [338, 337])
0	0.0	0.34857931915232626	([106], [106, 105])
0	0.0	0.34861967432141994	([1168], [1168, 1167])
0	0.0	0.3486237362431142	([883], [883, 882])
0	0.0	0.34891675798561717	([223], [223, 222])
0	0.0	0.34893418340330257	([1105], [1105, 1104])
0	0.0	0.34912416543007785	([174], [174, 173])
0	0.0	0.34915362425470753	([1361], [1361, 1360])
0	0.0	0.3493031670650963	([231], [231, 230])
0	0.0	0.34934070464094275	([1421], [1421, 1420])
0	0.0	0.34943484022639426	([310], [310, 309])
0	0.0	0.3495827024289026	([853], [853, 852])
0	0.0	0.3496531475252744	([673], [673, 672])
0	0.0	0.3496862146449078	([544], [544, 543])
0	0.0	0.34975879061450105	([1108], [1108, 1107])
0	0.0	0.34982316476590863	([532], [532, 531])
0	0.0	0.349824948375778	([1166], [1166, 1165])
0	0.0	0.34983332506881293	([1160], [1160, 1159])
0	0.0	0.3499418508163423	([1354], [1354, 1353])
0	0.0	0.35013143497490307	([1466], [1466, 1465])
0	0.0	0.35034013909391953	([1126], [1126, 1125])
0	0.0	0.35041220658235334	([1104], [1104, 1103])
0	0.0	0.3505038959038778	([202], [202, 201])
0	0.0	0.35052987212848374	([530], [530, 529])
0	0.0	0.3505970852291037	([243], [243, 242])
0	0.0	0.3506182372498792	([102], [102, 101])
0	0.0	0.3507693159814312	([1357], [1357, 1356])
0	0.0	0.35078584490116654	([854], [854, 853])
0	0.0	0.3508027757678639	([101], [101, 100])
0	0.0	0.3508357576409154	([147], [147, 146])
0	0.0	0.3514551936568307	([950], [950, 949])
0	0.0	0.35154430003632436	([869], [869, 868])
0	0.0	0.3516014000701505	([927], [927, 926])
0	0.0	0.35189437864023454	([1141], [1141, 1140])
0	0.0	0.3521520519711421	([604], [604, 603])
0	0.0	0.35219937719349953	([1050], [1050, 1049])
0	0.0	0.3522161689913611	([1280], [1280, 1279])
0	0.0	0.35239230341219785	([1143], [1143, 1142])
0	0.0	0.35241841243832556	([546], [546, 545])
0	0.0	0.35248499014246576	([677], [677, 676])
0	0.0	0.35255443992651764	([535], [535, 534])
0	0.0	0.35259530519549387	([126], [126, 125])
0	0.0	0.35266640483691164	([154], [154, 153])
0	0.0	0.35275484819443664	([105], [105, 104])
0	0.0	0.352777862171736	([1232], [1232, 1231])
0	0.0	0.3528151855817641	([842], [842, 841])
0	0.0	0.35283866168361583	([551], [551, 550])
0	0.0	0.3528668849110643	([917], [926, 925])
0	0.0	0.35288609692240847	([817], [817, 816])
0	0.0	0.3530333744047352	([309], [309, 308])
0	0.0	0.3530657907055484	([1254], [1254, 1253])
0	0.0	0.35309681087760075	([1152], [1152, 1151])
0	0.0	0.35321296708296496	([22], [22, 21])
0	0.0	0.35323563166348565	([1034], [1034, 1033])
0	0.0	0.3532790758927294	([403], [403, 402])
0	0.0	0.35330334219567733	([443], [443, 442])
0	0.0	0.35338445384235456	([104], [104, 103])
0	0.0	0.3535818628388236	([506], [506, 505])
0	0.0	0.3536471638382767	([735], [735, 734])
0	0.0	0.3536478444970355	([1115], [1115, 1114])
0	0.0	0.35368219343345103	([1383], [1383, 1382])
0	0.0	0.35371428095134366	([771], [771, 770])
0	0.0	0.35372078603502866	([871], [871, 870])
0	0.0	0.35374669848816964	([505], [505, 504])
0	0.0	0.3537784026824561	([1270], [1270, 1269])
0	0.0	0.3539230628401803	([7], [7, 6])
0	0.0	0.3540190580834194	([724], [724, 723])
0	0.0	0.35402374348576554	([1339], [1339, 1338])
0	0.0	0.3540892402304258	([67], [67, 66])
0	0.0	0.35417405987149	([940], [940, 939])
0	0.0	0.35420770944886154	([116], [116, 115])
0	0.0	0.3543122178562257	([958], [958, 957])
0	0.0	0.35439120731362583	([86], [86, 85])
0	0.0	0.3544311141763549	([16], [16, 15])
0	0.0	0.35467960783100805	([479], [479, 478])
0	0.0	0.3546838799862994	([281], [281, 280])
0	0.0	0.3550029699775504	([278], [278, 277])
0	0.0	0.35505283156246287	([1398], [1398, 1397])
0	0.0	0.3550922654475132	([133], [133, 132])
0	0.0	0.35526935089205247	([410], [410, 409])
0	0.0	0.3552927814801124	([1282], [1282, 1281])
0	0.0	0.3554904475488438	([73], [73, 72])
0	0.0	0.35574782982359043	([1278], [1278, 1277])
0	0.0	0.35575243754189545	([121], [121, 120])
0	0.0	0.35586360817823515	([1454], [1454, 1453])
0	0.0	0.35592822637288957	([138], [138, 137])
0	0.0	0.3560831934784828	([725], [725, 724])
0	0.0	0.3561088709339266	([155], [155, 154])
0	0.0	0.3562276538475062	([333], [333, 332])
0	0.0	0.35628324995326693	([740], [740, 739])
0	0.0	0.3566554876129752	([543], [543, 542])
0	0.0	0.35689455144639604	([244], [244, 243])
0	0.0	0.356940994261067	([607], [607, 604])
0	0.0	0.35708233736194944	([270], [270, 269])
0	0.0	0.3570950483723421	([103], [103, 102])
0	0.0	0.35714323545501575	([1350], [1350, 1349])
0	0.0	0.3571913401644008	([529], [529, 528])
0	0.0	0.3573697506659499	([1416], [1416, 1415])
0	0.0	0.35739521116674694	([845], [845, 844])
0	0.0	0.3574029626629971	([719], [719, 718])
0	0.0	0.3574924882136391	([264], [264, 263])
0	0.0	0.35751500434098565	([591], [591, 590])
0	0.0	0.3575705343176726	([596], [596, 595])
0	0.0	0.3576445113725595	([434], [434, 433])
0	0.0	0.3577969879133735	([859], [859, 858])
0	0.0	0.35779952543049887	([146], [146, 145])
0	0.0	0.3578028291968013	([245], [245, 244])
0	0.0	0.3580928850924777	([199], [199, 198])
0	0.0	0.3582275451351576	([520], [520, 519])
0	0.0	0.35828052668186783	([1342], [1342, 1341])
0	0.0	0.35831343950949507	([991], [991, 990])
0	0.0	0.35832695893909267	([509], [509, 508])
0	0.0	0.3585377275951965	([1483], [1483, 1482])
0	0.0	0.35856201107989144	([793], [793, 792])
0	0.0	0.35856663381629733	([487], [487, 486])
0	0.0	0.3586910877836902	([30], [30, 29])
0	0.0	0.358713535712389	([92], [92, 91])
0	0.0	0.3588219726879001	([455], [455, 454])
0	0.0	0.3588795493379594	([734], [734, 733])
0	0.0	0.3589314363464369	([758], [758, 757])
0	0.0	0.35895435320523555	([274], [274, 273])
0	0.0	0.35895783625145167	([672], [672, 671])
0	0.0	0.35897640868899394	([276], [276, 275])
0	0.0	0.3590244078518056	([414], [414, 413])
0	0.0	0.35906726030548536	([1422], [1422, 1421])
0	0.0	0.35912827594783264	([1217], [1217, 1216])
0	0.0	0.3593249436256024	([726], [726, 725])
0	0.0	0.35934065874714877	([185], [185, 184])
0	0.0	0.35940137769914154	([388], [388, 387])
0	0.0	0.35941436513586045	([1151], [1151, 1150])
0	0.0	0.35965804747705543	([1385], [1385, 1384])
0	0.0	0.3597306770540895	([8], [8, 6])
0	0.0	0.3597359072065166	([20], [20, 19])
0	0.0	0.3597408511301967	([539], [539, 538])
0	0.0	0.3598257626647962	([1049], [1049, 1048])
0	0.0	0.3598574401335	([990], [990, 989])
0	0.0	0.3599056945965186	([1353], [1353, 1352])
0	0.0	0.3599250398109842	([204], [204, 203])
0	0.0	0.36026119522621614	([290], [290, 289])
0	0.0	0.3602802738130911	([346], [346, 345])
0	0.0	0.3603741913775501	([1351], [1351, 1350])
0	0.0	0.3604947572369762	([210], [210, 209])
0	0.0	0.36060037129255773	([150], [150, 149])
0	0.0	0.3606592410377038	([110], [110, 109])
0	0.0	0.36073381683241723	([899], [899, 898])
0	0.0	0.3607488375640285	([357], [357, 356])
0	0.0	0.3607687752294745	([1456], [1456, 1455])
0	0.0	0.36099742004337115	([1231], [1231, 1230])
0	0.0	0.36105633492091355	([1205], [1205, 1204])
0	0.0	0.3612000192886586	([416], [416, 415])
0	0.0	0.3612072230310455	([139], [139, 138])
0	0.0	0.3612619826672908	([1167], [1167, 1166])
0	0.0	0.3616259339072894	([1272], [1272, 1271])
0	0.0	0.3617122402275708	([727], [727, 726])
0	0.0	0.36180175229100897	([528], [528, 527])
0	0.0	0.361806697047768	([1257], [1257, 1256])
0	0.0	0.36191185210701227	([995], [995, 994])
0	0.0	0.3619129893604872	([335], [335, 334])
0	0.0	0.3619216587486745	([1147], [1147, 1146])
0	0.0	0.3619365413535556	([965], [965, 964])
0	0.0	0.36196488015189404	([729], [729, 728])
0	0.0	0.36198464798395946	([125], [125, 124])
0	0.0	0.36221552025527926	([1206], [1206, 1205])
0	0.0	0.3622882038473262	([205], [205, 204])
0	0.0	0.36234413132435456	([280], [280, 279])
0	0.0	0.3623743688552172	([15], [15, 14])
0	0.0	0.3623754849058534	([1007], [1007, 1006])
0	0.0	0.36244467968665534	([1338], [1338, 1337])
0	0.0	0.36244694569747693	([656], [656, 655])
0	0.0	0.362525492327356	([166], [166, 165])
0	0.0	0.36253023747337987	([402], [402, 401])
0	0.0	0.3626411494536583	([271], [271, 270])
0	0.0	0.36265312247533643	([107], [107, 106])
0	0.0	0.3627255908307562	([127], [127, 126])
0	0.0	0.36278214713457185	([28], [28, 27])
1	0.3579110101560451	0.36278863351260127	([948, 945], [948, 947, 946])
0	0.0	0.36281978925621367	([527], [527, 526])
0	0.0	0.3628306763457705	([198], [198, 197])
0	0.0	0.3628358505746761	([680], [680, 679])
0	0.0	0.36289219982415516	([851], [851, 850])
0	0.0	0.3630379436047848	([547], [547, 546])
0	0.0	0.3632689062746731	([136], [136, 135])
0	0.0	0.36346395686435656	([70], [70, 69])
0	0.0	0.3636190161614304	([137], [137, 136])
0	0.0	0.3636892524959571	([774], [774, 773])
0	0.0	0.36381444269816493	([77], [77, 76])
0	0.0	0.36381747373318624	([97], [97, 96])
0	0.0	0.3639062375256604	([1471], [1471, 1470])
0	0.0	0.3639683847503515	([1418], [1418, 1417])
0	0.0	0.36405986314933364	([26], [26, 25])
0	0.0	0.3640603158736194	([1047], [1047, 1046])
0	0.0	0.36408913618486155	([404], [404, 403])
0	0.0	0.36416561553339605	([266], [266, 265])
0	0.0	0.3642751290008697	([114], [114, 113])
0	0.0	0.36429029451044354	([128], [128, 127])
0	0.0	0.36450779537912387	([1083], [1083, 1082])
0	0.0	0.36453225142507706	([14], [14, 13])
0	0.0	0.36454240953597233	([239], [239, 238])
0	0.0	0.3646291759770751	([171], [171, 170])
0	0.0	0.36464774569223884	([1269], [1269, 1268])
0	0.0	0.36467912017779425	([914], [914, 913])
0	0.0	0.36478902457673196	([885], [885, 884])
0	0.0	0.3648391174157221	([778], [778, 777])
0	0.0	0.36491349383702926	([536], [536, 535])
0	0.0	0.36498599334572285	([267], [267, 266])
0	0.0	0.36508161108341447	([526], [526, 525])
0	0.0	0.3652142459100194	([417], [417, 416])
0	0.0	0.3652387644730087	([1170], [1170, 1169])
0	0.0	0.36525976975902363	([385], [385, 384])
0	0.0	0.3653325568981588	([1452], [1452, 1451])
0	0.0	0.36543730669963836	([1453], [1453, 1452])
0	0.0	0.36552591959105424	([1281], [1281, 1280])
0	0.0	0.36553881816369815	([744], [744, 743])
0	0.0	0.3655613118007901	([818], [818, 817])
0	0.0	0.3655705035969723	([728], [728, 727])
0	0.0	0.365695352445348	([1417], [1417, 1416])
0	0.0	0.3657251704927122	([328], [328, 327])
0	0.0	0.36582602434418887	([249], [249, 248])
0	0.0	0.36588454001922205	([100], [100, 99])
0	0.0	0.3661973488617166	([157], [157, 156])
0	0.0	0.36621066289991283	([806], [806, 805])
0	0.0	0.3662256935314589	([415], [415, 414])
0	0.0	0.366284648843624	([618], [618, 617])
0	0.0	0.36630428869589665	([989], [989, 988])
0	0.0	0.366338406032955	([179], [179, 178])
0	0.0	0.36642995489652574	([800], [800, 799])
0	0.0	0.36645293969500964	([31], [31, 30])
0	0.0	0.36650496630775087	([976], [976, 975])
0	0.0	0.36651286904734703	([19], [19, 18])
0	0.0	0.36668745767733363	([273], [273, 272])
0	0.0	0.3667724718882667	([1117], [1117, 1116])
0	0.0	0.366799715770012	([478], [478, 477])
0	0.0	0.36688720611756287	([716], [716, 715])
0	0.0	0.36693919813176473	([730], [730, 729])
0	0.0	0.3669781826584781	([1204], [1204, 1203])
0	0.0	0.366999745094989	([334], [334, 333])
0	0.0	0.3670281301268185	([1101], [1101, 1100])
0	0.0	0.36711478531098823	([898], [898, 897])
0	0.0	0.36714897140826863	([208], [208, 207])
0	0.0	0.36723750316671644	([68], [68, 67])
0	0.0	0.3673105450490535	([1112], [1112, 1111])
0	0.0	0.3673736087493486	([1409], [1409, 1408])
0	0.0	0.3673758036518528	([10], [10, 9])
0	0.0	0.36738583684357673	([1506], [1506, 1505])
0	0.0	0.3674224427453624	([1096], [1096, 1095])
0	0.0	0.36754097952806175	([332], [332, 331])
0	0.0	0.3676135227349746	([957], [957, 956])
0	0.0	0.3676398434729612	([120], [120, 119])
0	0.0	0.36767829521675266	([178], [178, 177])
0	0.0	0.36770078794017297	([62], [62, 61])
0	0.0	0.36783969210116785	([279], [279, 278])
0	0.0	0.36788128070189896	([27], [27, 26])
0	0.0	0.36788597282409463	([510], [510, 509])
0	0.0	0.3680160540469267	([870], [870, 869])
0	0.0	0.3680436865244673	([180], [180, 179])
0	0.0	0.36813745662244224	([442], [442, 441])
0	0.0	0.36815652124451426	([1063], [1064, 1062])
0	0.0	0.3681822257568068	([935], [935, 934])
0	0.0	0.36819609787306984	([460], [460, 459])
0	0.0	0.36820192899663917	([152], [152, 151])
0	0.0	0.368240650938101	([534], [534, 533])
0	0.0	0.36824219661684626	([1054], [1054, 1053])
0	0.0	0.3683568683847268	([248], [248, 247])
0	0.0	0.3684116956548508	([316], [316, 315])
0	0.0	0.3684527215176401	([109], [109, 108])
0	0.0	0.3685280082990813	([200], [200, 199])
0	0.0	0.3686763500915456	([936], [936, 935])
0	0.0	0.3686778135785577	([953], [953, 952])
0	0.0	0.3686914316474519	([901], [901, 900])
0	0.0	0.3686958230185295	([703], [703, 702])
0	0.0	0.3687412744902925	([1019], [1019, 1018])
0	0.0	0.3688374472053291	([1020], [1020, 1019])
0	0.0	0.3688640937809682	([463], [463, 462])
0	0.0	0.3689977178187633	([808], [808, 807])
0	0.0	0.36908944367459245	([29], [29, 28])
0	0.0	0.36909802464207675	([331], [331, 330])
0	0.0	0.36913336461017965	([705], [705, 704])
0	0.0	0.36917482841648147	([153], [153, 152])
0	0.0	0.3692134393616213	([203], [203, 202])
0	0.0	0.36928315460728545	([683], [683, 682])
0	0.0	0.3693164611085339	([345], [345, 344])
0	0.0	0.3693827342922787	([715], [715, 714])
0	0.0	0.3695068772949124	([430], [430, 429])
0	0.0	0.36958692257334586	([908], [908, 907])
0	0.0	0.3697085703969627	([1082], [1082, 1081])
0	0.0	0.36972774085710736	([807], [807, 806])
0	0.0	0.369785841688738	([900], [900, 899])
0	0.0	0.3698423245726897	([305], [305, 304])
0	0.0	0.36991188418788384	([284], [284, 283])
0	0.0	0.36991709564530934	([877], [877, 876])
0	0.0	0.3700254457320329	([909], [909, 908])
0	0.0	0.3700255925947062	([11], [11, 10])
0	0.0	0.3701090382156963	([1033], [1033, 1032])
0	0.0	0.37011068384907786	([65], [65, 64])
0	0.0	0.3701369729788031	([615], [615, 614])
0	0.0	0.37026342845993104	([1201], [1201, 1200])
0	0.0	0.3703005241703787	([996], [996, 995])
0	0.0	0.3703564022455503	([268], [268, 267])
0	0.0	0.37052612699631143	([1220], [1220, 1219])
0	0.0	0.3705265981091341	([1341], [1341, 1340])
0	0.0	0.37061585006595016	([1444], [1444, 1443])
0	0.0	0.3706516078227009	([969], [969, 968])
0	0.0	0.37075086729603646	([942], [942, 941])
0	0.0	0.3707843755676951	([1240], [1240, 1239])
0	0.0	0.37083221677456873	([941], [941, 940])
0	0.0	0.37084324044949074	([207], [207, 206])
0	0.0	0.3709180029900075	([1445], [1445, 1444])
0	0.0	0.3710749521251042	([1519], [1519, 1518])
0	0.0	0.37109489964096576	([456], [456, 455])
0	0.0	0.3713207898396847	([49], [49, 48])
0	0.0	0.3713562535549419	([903], [903, 902])
0	0.0	0.3713675339698995	([329], [329, 328])
0	0.0	0.3714213922623627	([362], [362, 361])
0	0.0	0.37144517258437043	([151], [151, 150])
0	0.0	0.3714476916696998	([905], [905, 904])
0	0.0	0.37153863887230837	([1379], [1379, 1378])
0	0.0	0.3718663425579803	([792], [792, 791])
0	0.0	0.3719762008509023	([485], [485, 484])
0	0.0	0.37197841232458423	([115], [115, 114])
0	0.0	0.3721314103060937	([315], [315, 314])
0	0.0	0.3721742797427583	([1183], [1183, 1182])
0	0.0	0.37224186853556346	([108], [108, 107])
0	0.0	0.3722522300025868	([629], [629, 628])
0	0.0	0.37225324975258683	([112], [112, 111])
0	0.0	0.37229035163352403	([1055], [1055, 1054])
0	0.0	0.3723016560145468	([257], [257, 256])
0	0.0	0.372360531423601	([247], [247, 246])
0	0.0	0.3723774804630902	([1380], [1380, 1379])
0	0.0	0.3724444482869147	([762], [762, 761])
0	0.0	0.3724543521883748	([681], [681, 680])
0	0.0	0.3724973307598505	([1003], [1003, 1002])
0	0.0	0.3725141051805329	([699], [699, 698])
0	0.0	0.37258956227569	([66], [66, 65])
0	0.0	0.3725974035616281	([1077], [1077, 1076])
0	0.0	0.3727701941660008	([175], [175, 174])
0	0.0	0.37278190758177826	([757], [757, 756])
0	0.0	0.3727937787689348	([525], [525, 524])
0	0.0	0.37297820555575967	([72], [72, 71])
0	0.0	0.37302238712364116	([256], [256, 255])
0	0.0	0.37311891026332744	([263], [263, 262])
0	0.0	0.3731534941557148	([512], [512, 511])
0	0.0	0.37323250882643616	([342], [342, 341])
0	0.0	0.3732633024043602	([232], [232, 231])
0	0.0	0.3732708249577675	([160], [160, 159])
0	0.0	0.37332047809697083	([614], [614, 613])
0	0.0	0.37333817857759766	([193], [193, 192])
0	0.0	0.37334600768576715	([789], [789, 788])
0	0.0	0.3733497545959634	([486], [486, 485])
0	0.0	0.3735033145357603	([111], [111, 110])
0	0.0	0.37361784764037875	([183], [183, 182])
0	0.0	0.3737299826992132	([766], [766, 765])
0	0.0	0.3737588724926407	([1249], [1249, 1248])
0	0.0	0.3738780975821443	([736], [736, 735])
0	0.0	0.3738902644357845	([323], [323, 322])
0	0.0	0.37393429437970843	([236], [236, 235])
0	0.0	0.37397470650157755	([1032], [1032, 1031])
0	0.0	0.3739906721505387	([775], [775, 774])
0	0.0	0.37400616422847127	([943], [943, 942])
0	0.0	0.37400621632670594	([809], [809, 808])
0	0.0	0.37401157169704935	([713], [713, 712])
0	0.0	0.3740343257939822	([1100], [1100, 1099])
0	0.0	0.37404420669088817	([1369], [1369, 1368])
0	0.0	0.37413634141044644	([1027], [1027, 1026])
0	0.0	0.3742421783889161	([242], [242, 241])
0	0.0	0.3743535615763249	([354], [354, 353])
0	0.0	0.37440514971164857	([1233], [1233, 1232])
0	0.0	0.37455661152757747	([931], [931, 930])
0	0.0	0.3745785160094019	([225], [225, 224])
0	0.0	0.3746468510227873	([533], [533, 532])
0	0.0	0.37473014816775435	([499], [499, 498])
0	0.0	0.37492358253148644	([1213], [1213, 1212])
0	0.0	0.3749731274209458	([697], [697, 696])
0	0.0	0.37498582921398926	([173], [173, 172])
0	0.0	0.3751451371180203	([201], [201, 200])
0	0.0	0.3751579316123403	([197], [197, 196])
0	0.0	0.37519679368813824	([265], [265, 264])
0	0.0	0.3752851121132565	([1203], [1203, 1202])
0	0.0	0.375347839403965	([1146], [1146, 1145])
0	0.0	0.37544227669047076	([1212], [1212, 1211])
0	0.0	0.37557107520639577	([608], [608, 607])
0	0.0	0.3756088872631415	([612], [612, 611])
0	0.0	0.3756955167706109	([196], [196, 195])
0	0.0	0.3756969583431935	([833], [833, 832])
0	0.0	0.37574628396468884	([787], [787, 786])
0	0.0	0.3758397731668602	([195], [195, 194])
0	0.0	0.3759270134427249	([282], [282, 281])
0	0.0	0.37595556533220303	([1505], [1505, 1504])
0	0.0	0.3761330657728342	([747], [747, 746])
0	0.0	0.37617121968469996	([731], [731, 730])
0	0.0	0.3761861255989574	([283], [283, 282])
0	0.0	0.3762387103048448	([1225], [1225, 1224])
0	0.0	0.3763085486638392	([690], [690, 689])
0	0.0	0.3763508632840753	([1161], [1161, 1160])
0	0.0	0.37639014021449285	([626], [626, 625])
0	0.0	0.37658491436657193	([625], [625, 624])
0	0.0	0.3766205771069168	([1443], [1443, 1442])
0	0.0	0.37665911304585614	([1273], [1273, 1272])
0	0.0	0.37672517625354807	([172], [172, 171])
0	0.0	0.3767847670404836	([910], [910, 909])
0	0.0	0.3768004446126569	([1207], [1207, 1206])
0	0.0	0.3768496187595675	([937], [937, 936])
0	0.0	0.37685283639218853	([226], [226, 225])
0	0.0	0.37699410265408034	([1067], [1067, 1066])
0	0.0	0.3770543647142363	([1404], [1404, 1403])
0	0.0	0.3770795592316164	([902], [902, 901])
1	0.3768091621274575	0.3771665150108782	([48, 36], [48, 42, 38])
0	0.0	0.377200137277606	([1209], [1209, 1208])
0	0.0	0.3772143218049922	([337], [337, 336])
0	0.0	0.37721738234660596	([330], [330, 329])
0	0.0	0.3772215811633677	([1518], [1518, 1517])
0	0.0	0.37723497755189106	([213], [213, 212])
0	0.0	0.37723633827355163	([240], [240, 239])
0	0.0	0.377320071880617	([326], [326, 325])
0	0.0	0.3773600014803794	([1475], [1475, 1474])
0	0.0	0.37736215337090956	([821], [821, 820])
0	0.0	0.3773737369998464	([689], [689, 688])
0	0.0	0.3773972268102015	([537], [537, 536])
0	0.0	0.37746673594187746	([336], [336, 335])
0	0.0	0.37751147719121286	([32], [32, 31])
0	0.0	0.377631413404085	([738], [738, 737])
0	0.0	0.3776530286654779	([841], [841, 840])
0	0.0	0.3776791767550596	([861], [861, 860])
0	0.0	0.3777214387167733	([192], [192, 191])
0	0.0	0.3777232671245682	([418], [418, 417])
0	0.0	0.3777291026753486	([1145], [1145, 1144])
1	0.37619622681548637	0.377814293502936	([47, 37], [47, 40, 38])
0	0.0	0.37782540613396437	([235], [235, 234])
0	0.0	0.3778444590858931	([320], [322, 319])
0	0.0	0.37787063523530284	([457], [457, 456])
0	0.0	0.3779070023391503	([826], [826, 825])
0	0.0	0.3779277709602862	([1106], [1106, 1105])
0	0.0	0.3779768774171985	([866], [866, 865])
0	0.0	0.37798482776511655	([737], [737, 736])
0	0.0	0.37801389474354663	([570], [570, 569])
0	0.0	0.37803607344327855	([1221], [1221, 1220])
0	0.0	0.3780567202611696	([872], [872, 871])
0	0.0	0.37806853137735275	([979], [979, 978])
0	0.0	0.37811083158379194	([228], [228, 227])
0	0.0	0.37815343203849083	([692], [692, 691])
0	0.0	0.37816267893295996	([69], [69, 68])
0	0.0	0.37830458687313734	([557], [557, 556])
0	0.0	0.3784033733613882	([867], [867, 866])
1	0.3718704652031251	0.3784035826789158	([441, 438], [441, 440, 438])
0	0.0	0.3784504714639895	([641], [641, 640])
0	0.0	0.37845176356317	([1388], [1388, 1387])
0	0.0	0.3784663181136781	([1499], [1499, 1498])
0	0.0	0.37851041229916677	([739], [739, 738])
0	0.0	0.3785471889641129	([1226], [1226, 1225])
0	0.0	0.37856573088924483	([1391], [1391, 1390])
0	0.0	0.3787049828102057	([212], [212, 211])
0	0.0	0.37874354692304374	([620], [620, 619])
0	0.0	0.3787921297812135	([262], [262, 261])
0	0.0	0.37881045066534863	([1277], [1277, 1276])
0	0.0	0.37882490600851737	([17], [17, 16])
0	0.0	0.3788546758959467	([292], [298, 291])
0	0.0	0.37886963101622384	([701], [701, 700])
0	0.0	0.37897024784544836	([255], [255, 254])
0	0.0	0.3790193089728673	([779], [779, 778])
0	0.0	0.37903168593222536	([878], [878, 877])
0	0.0	0.3793588238049935	([650], [650, 649])
0	0.0	0.37936059698199504	([682], [682, 681])
0	0.0	0.3793947485948378	([1394], [1394, 1393])
0	0.0	0.3794316487274678	([968], [968, 967])
0	0.0	0.3794665965797675	([234], [234, 233])
0	0.0	0.37949259335995916	([932], [932, 931])
0	0.0	0.3795212209069917	([756], [756, 755])
0	0.0	0.37953499305733757	([907], [907, 906])
0	0.0	0.3795366367616971	([904], [904, 903])
0	0.0	0.37954417131987356	([206], [206, 205])
0	0.0	0.3796150601444189	([376], [376, 375])
0	0.0	0.3796242800997456	([1208], [1208, 1207])
0	0.0	0.379641745729353	([1111], [1111, 1110])
0	0.0	0.37965431204763095	([1044], [1044, 1043])
0	0.0	0.3797042838663933	([977], [977, 976])
0	0.0	0.37970826180831646	([1408], [1408, 1407])
0	0.0	0.3797428521506996	([250], [250, 249])
0	0.0	0.37984774158658874	([367], [367, 366])
0	0.0	0.3798879717348829	([666], [666, 665])
0	0.0	0.3800148393259132	([632], [632, 631])
0	0.0	0.38003011272661585	([1], [1, 0])
0	0.0	0.3800623770447567	([640], [640, 639])
0	0.0	0.3800958957436727	([785], [785, 784])
0	0.0	0.38011810338739804	([176], [176, 175])
1	0.3768096770904403	0.38018117186752715	([90, 86], [90, 89, 86])
0	0.0	0.3801837349930402	([613], [613, 612])
0	0.0	0.38020311317474026	([886], [886, 885])
0	0.0	0.38023615425991153	([780], [780, 779])
0	0.0	0.38026143771083093	([784], [784, 783])
0	0.0	0.3802646885024461	([392], [392, 391])
0	0.0	0.38034572877267575	([657], [657, 656])
0	0.0	0.38035577579397895	([753], [753, 752])
0	0.0	0.38041418560066403	([149], [149, 148])
0	0.0	0.3804232823626599	([470], [470, 469])
0	0.0	0.3805082735143644	([1163], [1163, 1162])
0	0.0	0.3806300511027067	([752], [752, 751])
0	0.0	0.3806401916861662	([939], [939, 938])
0	0.0	0.3807011516644251	([1113], [1113, 1112])
0	0.0	0.3807101518415207	([1120], [1120, 1119])
0	0.0	0.38074205319146254	([1479], [1479, 1478])
0	0.0	0.38074860091820745	([490], [490, 489])
0	0.0	0.3808690441081303	([1023], [1023, 1022])
0	0.0	0.3808840673600505	([277], [277, 276])
0	0.0	0.38102058791225163	([609], [609, 608])
0	0.0	0.38114387127017885	([630], [630, 629])
0	0.0	0.3811510140655362	([1368], [1368, 1367])
0	0.0	0.3811999479014519	([599], [599, 598])
0	0.0	0.38120754827210235	([684], [684, 683])
0	0.0	0.38125610054336556	([662], [662, 661])
0	0.0	0.3812758305871434	([251], [251, 250])
0	0.0	0.3813353878771886	([363], [363, 362])
0	0.0	0.3813897645633238	([1482], [1482, 1481])
0	0.0	0.3814111671726688	([1480], [1480, 1479])
0	0.0	0.381421723203444	([1448], [1448, 1447])
0	0.0	0.381433681907742	([1057], [1057, 1056])
0	0.0	0.38153240961033547	([214], [214, 213])
0	0.0	0.3817262181679777	([1076], [1076, 1075])
0	0.0	0.38182822159761326	([992], [992, 991])
0	0.0	0.3818424094723529	([1481], [1481, 1480])
0	0.0	0.38186403778793476	([356], [356, 355])
0	0.0	0.38195421180040556	([477], [477, 476])
0	0.0	0.38200045489911344	([810], [810, 809])
0	0.0	0.38200654950621277	([1088], [1088, 1087])
0	0.0	0.38201539359686715	([261], [261, 260])
0	0.0	0.3820542102315537	([652], [652, 651])
0	0.0	0.38205662050502914	([1103], [1103, 1102])
0	0.0	0.3820704681254708	([956], [956, 955])
0	0.0	0.382084915265049	([1405], [1405, 1404])
0	0.0	0.3821456420752575	([1284], [1284, 1283])
0	0.0	0.3821995782639508	([698], [698, 697])
0	0.0	0.38234893965433153	([639], [639, 638])
0	0.0	0.38235142931288585	([165], [165, 164])
0	0.0	0.38237017310760024	([511], [511, 510])
0	0.0	0.3824202081869683	([930], [930, 929])
0	0.0	0.3824693975188283	([246], [246, 245])
0	0.0	0.3824936944531614	([124], [124, 123])
0	0.0	0.38259108510285955	([933], [933, 932])
0	0.0	0.3826199569584719	([1337], [1337, 1336])
0	0.0	0.3826640576595349	([1081], [1081, 1080])
0	0.0	0.3827277703223828	([498], [498, 497])
0	0.0	0.3827998453767083	([475], [475, 474])
0	0.0	0.38301008398798253	([655], [655, 654])
0	0.0	0.3830491337235623	([748], [748, 747])
0	0.0	0.3830541539260222	([786], [786, 785])
0	0.0	0.38314684543381744	([327], [327, 326])
0	0.0	0.38318117144101843	([1154], [1154, 1153])
0	0.0	0.38325931781730127	([554], [554, 553])
1	0.3736676197902017	0.38328530748497786	([50, 35], [49, 48, 36])
0	0.0	0.38337779796366944	([349], [349, 348])
0	0.0	0.3833865923528783	([751], [751, 750])
0	0.0	0.3834023539944733	([819], [819, 818])
0	0.0	0.38341872167036334	([211], [211, 210])
0	0.0	0.3834240591610194	([25], [25, 24])
0	0.0	0.38369273423849365	([1158], [1159, 1157])
0	0.0	0.3837403332100536	([1196], [1196, 1195])
0	0.0	0.3837474132100284	([688], [688, 687])
0	0.0	0.38376739039962227	([1008], [1008, 1007])
0	0.0	0.38378691369893564	([5], [5, 4])
0	0.0	0.3837942811362119	([1336], [1337, 1335])
0	0.0	0.3838878832509399	([754], [754, 753])
0	0.0	0.38395680880468563	([862], [862, 861])
0	0.0	0.3840282608019339	([3], [3, 2])
0	0.0	0.3840408978221669	([368], [368, 367])
0	0.0	0.38404443207937233	([161], [161, 160])
0	0.0	0.3840470287937051	([1363], [1363, 1361])
0	0.0	0.38407924929728166	([227], [227, 226])
0	0.0	0.3841870645431724	([1488], [1488, 1487])
0	0.0	0.38426969872461847	([649], [649, 648])
0	0.0	0.3843015292356227	([117], [117, 116])
0	0.0	0.38431187160219477	([1407], [1407, 1406])
0	0.0	0.3843188379391785	([1056], [1056, 1055])
0	0.0	0.3844285145070433	([1194], [1194, 1193])
0	0.0	0.38449911258335434	([471], [471, 470])
0	0.0	0.3845025436216993	([732], [732, 731])
0	0.0	0.38456253340709534	([134], [134, 133])
0	0.0	0.3846841850558374	([601], [601, 600])
0	0.0	0.3848001903407611	([669], [669, 668])
0	0.0	0.38480322055708055	([934], [934, 933])
0	0.0	0.38482213989986286	([1420], [1420, 1419])
0	0.0	0.38485511627526786	([523], [523, 522])
0	0.0	0.3848571814048232	([687], [687, 686])
0	0.0	0.3848928626176202	([788], [788, 787])
0	0.0	0.38500937477614666	([1247], [1247, 1246])
0	0.0	0.38507147602870123	([749], [749, 748])
0	0.0	0.3852747093484048	([339], [339, 338])
0	0.0	0.385299050335476	([975], [975, 974])
0	0.0	0.38538878261191584	([164], [164, 163])
0	0.0	0.38542982739982345	([1021], [1021, 1020])
0	0.0	0.38560849676965897	([890], [890, 889])
0	0.0	0.385628718624015	([911], [911, 910])
0	0.0	0.38571753262609065	([733], [733, 732])
0	0.0	0.38576838639985134	([1395], [1395, 1394])
0	0.0	0.38581419415977136	([1045], [1045, 1044])
0	0.0	0.3859157757665029	([1073], [1073, 1072])
0	0.0	0.38592706278354255	([702], [702, 701])
0	0.0	0.3859276576200866	([643], [643, 642])
0	0.0	0.38594255334826016	([884], [884, 883])
0	0.0	0.3859997240277584	([714], [714, 713])
0	0.0	0.3860416485331624	([237], [237, 236])
0	0.0	0.3860709536272989	([241], [241, 240])
0	0.0	0.38611090641042517	([915], [915, 914])
0	0.0	0.3861190311112101	([906], [906, 905])
0	0.0	0.3862225450706794	([1371], [1371, 1370])
0	0.0	0.3863231838330047	([1030], [1030, 1029])
0	0.0	0.3864328771762228	([954], [954, 953])
0	0.0	0.38649686693367896	([238], [238, 237])
0	0.0	0.3865507863379216	([1009], [1009, 1008])
0	0.0	0.386630095645007	([637], [637, 636])
0	0.0	0.3866856512046158	([135], [135, 134])
0	0.0	0.3867038780031542	([493], [493, 492])
0	0.0	0.3868255380185294	([665], [665, 664])
0	0.0	0.386884472851746	([483], [483, 482])
0	0.0	0.38688686522432714	([184], [184, 183])
0	0.0	0.38692563540490427	([252], [252, 251])
0	0.0	0.3870294103189881	([1411], [1411, 1410])
0	0.0	0.3870388033456469	([496], [496, 495])
0	0.0	0.3870628881780174	([1244], [1244, 1243])
0	0.0	0.3870658550080526	([887], [887, 886])
0	0.0	0.38712450560242484	([1493], [1493, 1492])
0	0.0	0.38718092654464065	([1169], [1169, 1168])
0	0.0	0.387206855860707	([559], [559, 558])
0	0.0	0.38726849733481794	([668], [668, 667])
0	0.0	0.3873129302932512	([148], [148, 147])
0	0.0	0.38740933857040855	([676], [676, 675])
0	0.0	0.3874399035790016	([1285], [1285, 1284])
0	0.0	0.38756543580380537	([1241], [1241, 1240])
0	0.0	0.3875803706039454	([1024], [1024, 1023])
0	0.0	0.3875880224112356	([1086], [1086, 1085])
0	0.0	0.387677813319815	([670], [670, 669])
0	0.0	0.38780096203698355	([351], [351, 350])
0	0.0	0.38791805535285323	([78], [78, 77])
0	0.0	0.38793091482751274	([660], [660, 659])
0	0.0	0.3879704304428285	([1102], [1102, 1101])
0	0.0	0.38801637978290693	([465], [465, 464])
0	0.0	0.3880285177547466	([375], [375, 374])
0	0.0	0.3881120500312272	([984], [984, 983])
0	0.0	0.3881239977387728	([191], [191, 190])
0	0.0	0.3881499957607241	([938], [938, 937])
0	0.0	0.38821403854594255	([1028], [1028, 1027])
0	0.0	0.3882176179286269	([875], [875, 874])
0	0.0	0.3882903908311673	([638], [638, 637])
0	0.0	0.38831650977787685	([759], [759, 758])
0	0.0	0.38834829427833273	([1370], [1370, 1369])
0	0.0	0.3885424528865062	([558], [558, 557])
0	0.0	0.38856534945269183	([1148], [1148, 1147])
0	0.0	0.3888570995312298	([1478], [1478, 1477])
0	0.0	0.3888582245656487	([355], [355, 354])
0	0.0	0.38893089464639763	([366], [366, 365])
0	0.0	0.38901547880170384	([1123], [1123, 1122])
0	0.0	0.38906127823700476	([648], [648, 647])
0	0.0	0.389112257528956	([824], [824, 823])
0	0.0	0.3891311649002206	([678], [678, 677])
0	0.0	0.3891509755616671	([1494], [1494, 1493])
0	0.0	0.389169729630577	([361], [361, 360])
0	0.0	0.38917831045075174	([1043], [1043, 1042])
0	0.0	0.38920320196072755	([973], [973, 972])
0	0.0	0.38921611329824063	([1333], [1333, 1332])
0	0.0	0.38943230425665126	([988], [988, 987])
0	0.0	0.3894518018721004	([113], [113, 112])
0	0.0	0.38950304469663616	([1372], [1372, 1371])
0	0.0	0.3895267760775192	([1227], [1227, 1226])
0	0.0	0.3895318234695031	([755], [755, 754])
0	0.0	0.38968486791297385	([162], [162, 161])
0	0.0	0.38974708712582895	([1121], [1121, 1120])
0	0.0	0.3897567520652439	([229], [229, 228])
0	0.0	0.3897716619946543	([831], [831, 830])
0	0.0	0.38988884833851056	([1507], [1507, 1506])
0	0.0	0.38995289994565224	([144], [144, 143])
0	0.0	0.3900148178003568	([610], [610, 609])
0	0.0	0.390031459547501	([916], [916, 915])
0	0.0	0.3901259413694027	([876], [876, 875])
0	0.0	0.3901752237846728	([13], [13, 12])
0	0.0	0.3903120020167325	([350], [350, 349])
0	0.0	0.3903416094618985	([260], [260, 259])
0	0.0	0.3904224247983081	([359], [359, 358])
0	0.0	0.39042671642524757	([825], [825, 824])
0	0.0	0.39048601709805864	([1484], [1484, 1483])
0	0.0	0.3906025386261421	([538], [538, 537])
0	0.0	0.3906254487683676	([353], [353, 352])
0	0.0	0.39064780430886453	([1018], [1018, 1017])
0	0.0	0.39068833573710854	([71], [71, 70])
0	0.0	0.3907400928894969	([1250], [1250, 1249])
0	0.0	0.3908798744595717	([717], [717, 716])
0	0.0	0.3908821533819141	([1070], [1070, 1069])
0	0.0	0.3908869261379924	([711], [711, 710])
0	0.0	0.3909382806258913	([974], [974, 973])
0	0.0	0.39097857538999065	([1017], [1017, 1016])
0	0.0	0.3911521354730528	([352], [352, 351])
0	0.0	0.39119940726688757	([494], [494, 493])
0	0.0	0.3912395992807741	([1401], [1401, 398])
0	0.0	0.39127293226802606	([438], [441, 437])
0	0.0	0.39127944935865777	([888], [888, 887])
0	0.0	0.39141032182843716	([221], [221, 220])
0	0.0	0.391444586016668	([1062], [1062, 1061])
0	0.0	0.3916102865504816	([691], [691, 690])
0	0.0	0.3916322855525356	([476], [476, 475])
0	0.0	0.39169303631765173	([1503], [1503, 1502])
0	0.0	0.39170193444550816	([750], [750, 749])
0	0.0	0.3918115430371044	([1412], [1412, 1411])
0	0.0	0.3919545110291386	([545], [545, 544])
0	0.0	0.39197676743615234	([219], [219, 218])
0	0.0	0.3920609334750122	([763], [763, 762])
0	0.0	0.3920637880098425	([889], [889, 888])
0	0.0	0.3922515916873879	([1251], [1251, 1250])
0	0.0	0.3922528297038596	([646], [646, 645])
0	0.0	0.39226982742569705	([163], [163, 162])
0	0.0	0.3923956380281664	([770], [770, 769])
0	0.0	0.39278745818870175	([611], [611, 610])
0	0.0	0.3928927559655307	([555], [555, 554])
0	0.0	0.39296037752366036	([868], [868, 867])
0	0.0	0.3931563670625892	([1389], [1389, 1388])
0	0.0	0.3934070464873907	([631], [631, 630])
0	0.0	0.3934203066553622	([1508], [1508, 1507])
0	0.0	0.39347346088109764	([1495], [1495, 1494])
0	0.0	0.393485315144988	([929], [929, 928])
0	0.0	0.39351582633479254	([186], [186, 185])
0	0.0	0.3935255093687739	([516], [516, 515])
0	0.0	0.39360233470064304	([1185], [1185, 1184])
1	0.3801444200369496	0.3936408181912782	([429, 425], [429, 428, 425])
0	0.0	0.3936538750590165	([1397], [1397, 1396])
0	0.0	0.39365888897879175	([634], [634, 633])
0	0.0	0.3936833111802941	([865], [865, 864])
0	0.0	0.3937076279389652	([839], [839, 838])
0	0.0	0.39411232889701914	([642], [642, 641])
0	0.0	0.3941653394810584	([790], [790, 789])
0	0.0	0.39422727463989365	([782], [782, 781])
0	0.0	0.39426074767770974	([653], [653, 652])
0	0.0	0.39438791380763627	([1022], [1022, 1021])
0	0.0	0.394613430936784	([667], [667, 666])
0	0.0	0.3946242956693501	([893], [893, 892])
0	0.0	0.3947975043041482	([767], [767, 766])
0	0.0	0.3948550807342326	([633], [633, 632])
0	0.0	0.3949303259373745	([423], [423, 422])
0	0.0	0.3949571027339822	([781], [781, 780])
0	0.0	0.39496621027874884	([1396], [1396, 1395])
0	0.0	0.3949866892513032	([1390], [1390, 1389])
0	0.0	0.39500217969982215	([1224], [1224, 1223])
0	0.0	0.39500297541237667	([224], [224, 223])
0	0.0	0.3951610443458717	([794], [794, 793])
0	0.0	0.39526875124322186	([524], [524, 523])
0	0.0	0.39527440640919287	([1016], [1016, 1015])
0	0.0	0.39533670913646934	([718], [718, 717])
0	0.0	0.39537116822290425	([374], [374, 373])
0	0.0	0.3954305145148306	([706], [706, 705])
0	0.0	0.39548802608045297	([1116], [1116, 1115])
0	0.0	0.3955105842684836	([23], [23, 22])
0	0.0	0.39556053171203504	([896], [896, 895])
0	0.0	0.395786579927217	([963], [963, 962])
0	0.0	0.39581850996954837	([962], [962, 961])
0	0.0	0.395898086448928	([424], [424, 423])
1	0.3690930892134041	0.39608567848320764	([123, 119], [122, 121, 120])
0	0.0	0.3961000982749149	([12], [12, 11])
0	0.0	0.3961756232328623	([215], [215, 214])
0	0.0	0.39622713366310214	([644], [644, 643])
0	0.0	0.39631561541183297	([1252], [1252, 1251])
0	0.0	0.3963319166118804	([1122], [1122, 1121])
0	0.0	0.39635112748280715	([1093], [1093, 1092])
0	0.0	0.3963634223907404	([675], [675, 674])
0	0.0	0.39666430545220727	([491], [491, 490])
0	0.0	0.3966808822331953	([1184], [1184, 1183])
0	0.0	0.39714136982145815	([707], [707, 706])
0	0.0	0.3971516718929812	([422], [422, 421])
1	0.3937802497069894	0.39716804539256134	([923, 918], [923, 922, 918])
0	0.0	0.3972147014712498	([1013], [1013, 1012])
0	0.0	0.39726723332498637	([1095], [1095, 1094])
0	0.0	0.39732072818317904	([791], [791, 790])
0	0.0	0.39741817275746477	([519], [519, 518])
0	0.0	0.3974528492036297	([291], [291, 290])
0	0.0	0.3978558904032168	([645], [645, 644])
0	0.0	0.39787873113909344	([964], [964, 963])
0	0.0	0.397940315134557	([1492], [1492, 1491])
1	0.3588530003267092	0.3980045541354359	([918, 917], [926, 925, 918])
0	0.0	0.3981532491894793	([1477], [1477, 1476])
0	0.0	0.398197116591214	([686], [686, 685])
0	0.0	0.39820694919428723	([129], [129, 128])
0	0.0	0.3982445969367853	([783], [783, 782])
0	0.0	0.39836118790890446	([627], [627, 626])
0	0.0	0.3984284269489995	([1125], [1125, 1124])
0	0.0	0.3985482099124313	([1042], [1042, 1041])
0	0.0	0.3986474619206811	([1355], [1355, 1354])
0	0.0	0.39869181562826855	([654], [654, 653])
0	0.0	0.3989887808882333	([1367], [1367, 1366])
0	0.0	0.39919303189716604	([118], [118, 117])
0	0.0	0.3992870634774633	([743], [743, 742])
0	0.0	0.3993190167230072	([685], [685, 684])
0	0.0	0.3993207787771245	([913], [913, 912])
0	0.0	0.39937259668154984	([1447], [1447, 1446])
0	0.0	0.3995681927186344	([1243], [1243, 1242])
0	0.0	0.39958511044410344	([760], [760, 759])
0	0.0	0.3996792158123657	([1387], [1387, 1386])
1	0.38012050686358023	0.39971603575428083	([61, 54], [61, 56, 54])
0	0.0	0.399726396425491	([489], [489, 488])
0	0.0	0.39976717371894044	([1365], [1365, 1364])
0	0.0	0.39991266039034173	([1114], [1114, 1113])
0	0.0	0.39995839286749657	([492], [492, 491])
0	0.0	0.39996339359035066	([651], [651, 650])
0	0.0	0.3999724148631303	([233], [233, 232])
0	0.0	0.39998069601790837	([459], [459, 458])
0	0.0	0.4001459959905918	([1124], [1124, 1123])
0	0.0	0.40043846022308344	([1199], [1199, 1198])
0	0.0	0.40044366309519064	([1149], [1149, 1148])
0	0.0	0.40046978911879266	([1180], [1180, 1179])
0	0.0	0.4007757820516586	([458], [458, 457])
0	0.0	0.4008971728623577	([515], [515, 514])
0	0.0	0.40100923040556724	([1014], [1014, 1013])
0	0.0	0.40107752444086997	([360], [360, 359])
1	0.37361155988303985	0.40112006979667864	([950, 945], [950, 949, 948])
0	0.0	0.401241034171444	([556], [556, 555])
0	0.0	0.4012988294771637	([94], [94, 93])
0	0.0	0.40134990506582063	([628], [628, 627])
0	0.0	0.40155058777815744	([708], [708, 707])
0	0.0	0.40161353351679546	([619], [619, 618])
0	0.0	0.40164767596041406	([358], [358, 357])
0	0.0	0.4017688784203824	([1079], [1079, 1078])
0	0.0	0.4018108549614203	([145], [145, 144])
0	0.0	0.4018253329781656	([700], [700, 699])
1	0.4014274883349024	0.4018821282466111	([851, 844], [851, 850, 845])
0	0.0	0.40199777067134185	([828], [828, 827])
0	0.0	0.40201326866106724	([772], [772, 771])
0	0.0	0.40208581464956844	([1191], [1191, 1171])
0	0.0	0.40211199658881447	([1193], [1193, 1192])
0	0.0	0.40215495162749065	([93], [93, 92])
0	0.0	0.4021883420090197	([1502], [1502, 1501])
0	0.0	0.40223901964029113	([820], [820, 819])
0	0.0	0.40224770497992807	([827], [827, 826])
0	0.0	0.40227465762792985	([222], [222, 221])
0	0.0	0.4024281722006246	([1500], [1500, 1499])
0	0.0	0.402659041215404	([1450], [1450, 1449])
0	0.0	0.4027359428518719	([1406], [1406, 1405])
0	0.0	0.4027537496007745	([1089], [1089, 1088])
0	0.0	0.4028015545273442	([624], [624, 623])
0	0.0	0.4028059284363963	([472], [472, 471])
0	0.0	0.40285500336174024	([24], [24, 23])
0	0.0	0.4029416356912116	([696], [696, 695])
0	0.0	0.40304075779477916	([482], [482, 481])
0	0.0	0.4030991690404986	([488], [488, 487])
0	0.0	0.403333580691721	([765], [765, 764])
0	0.0	0.4033675535457741	([497], [497, 496])
0	0.0	0.4033795114769119	([918], [917, 916])
0	0.0	0.40340137238766693	([220], [220, 219])
0	0.0	0.4035648675339005	([955], [955, 954])
0	0.0	0.4037216604975055	([1156], [1156, 1155])
0	0.0	0.4038969198382963	([1173], [1173, 1172])
0	0.0	0.4039245405798737	([796], [796, 795])
0	0.0	0.40395767716128533	([873], [873, 872])
0	0.0	0.40397005649556156	([495], [495, 494])
0	0.0	0.40415116075197416	([764], [764, 763])
0	0.0	0.4043196855362994	([501], [501, 500])
0	0.0	0.4046313560354327	([636], [636, 635])
0	0.0	0.40490017556397284	([1222], [1222, 1221])
0	0.0	0.4050040325598112	([571], [571, 570])
0	0.0	0.40501990671241644	([1451], [1451, 1450])
0	0.0	0.4052131196886201	([500], [500, 499])
0	0.0	0.40526837616409	([1501], [1501, 1500])
0	0.0	0.40529696845799607	([1029], [1029, 1028])
0	0.0	0.4056270220123266	([661], [661, 660])
0	0.0	0.4058319700991404	([218], [218, 217])
0	0.0	0.40608778000001466	([76], [76, 75])
0	0.0	0.4060941358707817	([1476], [1476, 1475])
0	0.0	0.40621592832874126	([190], [190, 189])
0	0.0	0.4062506654765088	([811], [811, 810])
0	0.0	0.40645646587515055	([1072], [1072, 1071])
0	0.0	0.4065047593022753	([986], [986, 985])
0	0.0	0.40674989472351997	([891], [891, 890])
0	0.0	0.40688288558993585	([1279], [1279, 1278])
0	0.0	0.4069104880249597	([466], [466, 465])
0	0.0	0.4069166073811448	([795], [795, 794])
0	0.0	0.406965050521517	([517], [517, 516])
0	0.0	0.4070453376215875	([746], [746, 745])
0	0.0	0.4072822842280628	([461], [461, 460])
0	0.0	0.40732101039401813	([1074], [1074, 1073])
0	0.0	0.40746291978138655	([347], [347, 346])
0	0.0	0.4074850864271132	([928], [928, 927])
0	0.0	0.4075287266941961	([348], [348, 347])
0	0.0	0.4075752474193203	([1228], [1228, 1227])
0	0.0	0.4077149017102408	([773], [773, 772])
0	0.0	0.408021159148267	([1223], [1223, 1222])
0	0.0	0.4080478403317701	([588], [588, 587])
0	0.0	0.40810311830286194	([695], [695, 694])
0	0.0	0.4081981345457467	([1080], [1080, 1079])
0	0.0	0.40824049045387967	([864], [864, 863])
0	0.0	0.4082675995854514	([912], [912, 911])
0	0.0	0.40840822579525193	([1200], [1200, 1199])
0	0.0	0.4088565273291438	([1253], [1253, 1252])
0	0.0	0.4088664737473053	([514], [514, 513])
0	0.0	0.40899939659639495	([1005], [1005, 1004])
0	0.0	0.40919112144612824	([1413], [1413, 1412])
0	0.0	0.409430284833136	([892], [892, 891])
0	0.0	0.40947997023068716	([985], [985, 984])
0	0.0	0.40969079760113625	([1084], [1084, 1083])
0	0.0	0.4096993339283524	([616], [616, 615])
0	0.0	0.4098780299513949	([1087], [1087, 1086])
0	0.0	0.40989419723103154	([742], [742, 741])
0	0.0	0.41037628546009924	([635], [635, 634])
1	0.3994439728467053	0.4104112692859239	([424, 421], [424, 423, 421])
0	0.0	0.4105201094034882	([79], [79, 78])
0	0.0	0.4107083036695718	([1188], [1188, 1187])
0	0.0	0.4113767506827272	([1248], [1248, 1247])
0	0.0	0.411677482062904	([1090], [1090, 1089])
0	0.0	0.41172936463977455	([75], [75, 74])
0	0.0	0.4117445920685323	([518], [518, 517])
0	0.0	0.4118291706666901	([1094], [1094, 1093])
0	0.0	0.4119151517010193	([159], [159, 158])
0	0.0	0.41203459898807904	([1097], [1097, 1096])
0	0.0	0.41205500322358174	([822], [822, 821])
0	0.0	0.4121085321042048	([761], [761, 760])
0	0.0	0.4122564595433943	([1283], [1283, 1282])
0	0.0	0.4126940321809026	([880], [880, 879])
0	0.0	0.41272860959611685	([1513], [1513, 1512])
0	0.0	0.412737265637484	([1214], [1214, 1213])
0	0.0	0.413014593037146	([1075], [1075, 1074])
0	0.0	0.41309672549594195	([513], [513, 512])
0	0.0	0.4131834808615032	([745], [745, 744])
0	0.0	0.4132631926187295	([474], [474, 473])
0	0.0	0.41333308606819036	([1015], [1015, 1014])
0	0.0	0.41344952175994676	([1386], [1386, 1385])
0	0.0	0.4136955655052637	([507], [507, 506])
0	0.0	0.4137044785612365	([481], [481, 480])
0	0.0	0.41389460802076655	([674], [674, 673])
0	0.0	0.41428284179735575	([1366], [1366, 1365])
0	0.0	0.41430905112086086	([1512], [1512, 1511])
0	0.0	0.41483391199954817	([1091], [1091, 1090])
0	0.0	0.41485778174405313	([1498], [1498, 1497])
0	0.0	0.4153540252780375	([1509], [1509, 1508])
0	0.0	0.4154918607294996	([812], [812, 811])
0	0.0	0.4155978292331571	([405], [405, 404])
1	0.4079731843562661	0.41563682217989445	([722, 718], [722, 721, 718])
0	0.0	0.4156899768536882	([741], [741, 740])
0	0.0	0.4164345145107449	([1012], [1012, 1011])
0	0.0	0.41682733280636625	([1195], [1195, 1194])
0	0.0	0.41697070950683174	([1246], [1246, 1245])
0	0.0	0.4170387805313459	([987], [987, 986])
0	0.0	0.41722643131207227	([1071], [1071, 1070])
0	0.0	0.41736636479746914	([694], [694, 693])
0	0.0	0.4174495692161294	([371], [371, 370])
0	0.0	0.41769897975666453	([769], [769, 768])
0	0.0	0.4180603095280218	([1006], [1006, 1005])
0	0.0	0.4181080503439922	([838], [838, 837])
0	0.0	0.4182646394702884	([832], [832, 831])
0	0.0	0.41833047701365506	([1025], [1025, 1024])
0	0.0	0.41838726143730526	([522], [522, 521])
0	0.0	0.4184445267067752	([158], [158, 157])
0	0.0	0.41848684372007244	([1511], [1511, 1510])
0	0.0	0.4185331585987066	([187], [187, 186])
0	0.0	0.41853456239743475	([617], [617, 616])
0	0.0	0.4186386250682009	([1393], [1393, 1392])
0	0.0	0.4188102866614395	([325], [325, 324])
0	0.0	0.41923971893585904	([863], [863, 862])
0	0.0	0.4193392627151118	([1110], [1110, 1109])
0	0.0	0.4197831276071321	([813], [813, 812])
0	0.0	0.41982268368663705	([881], [881, 880])
0	0.0	0.4198340640850164	([586], [586, 585])
0	0.0	0.4200135474384447	([217], [217, 216])
0	0.0	0.42016282739088806	([577], [577, 576])
0	0.0	0.42032540719682865	([823], [823, 822])
0	0.0	0.4207447266804084	([1410], [1410, 1409])
0	0.0	0.42086069474928023	([704], [704, 703])
0	0.0	0.42090591305935093	([874], [874, 873])
0	0.0	0.4210825664103848	([1109], [1109, 1108])
0	0.0	0.4217850942388887	([693], [693, 692])
0	0.0	0.4220091729007991	([1504], [1504, 1503])
0	0.0	0.4225498044213648	([259], [259, 258])
0	0.0	0.4227255436633908	([798], [798, 395])
0	0.0	0.4227354039218699	([1119], [1119, 1118])
0	0.0	0.4228331330731545	([840], [840, 839])
0	0.0	0.4228717829479462	([621], [621, 620])
0	0.0	0.42311018368173725	([1210], [1210, 1209])
0	0.0	0.4231812765140956	([797], [797, 796])
0	0.0	0.423369090795251	([1155], [1155, 1154])
0	0.0	0.42351145358941183	([1392], [1392, 1391])
0	0.0	0.42379489077760696	([1026], [1026, 1025])
0	0.0	0.42399633618915733	([879], [879, 878])
0	0.0	0.4243203220197964	([961], [961, 960])
0	0.0	0.42433784274131875	([647], [647, 646])
0	0.0	0.42504232907878253	([658], [658, 657])
0	0.0	0.42507332878152493	([1431], [1431, 1421])
1	0.3875457652795567	0.4252222593165439	([852, 841], [851, 844, 841])
0	0.0	0.42539554277136354	([289], [289, 288])
0	0.0	0.42651844072496964	([480], [480, 479])
0	0.0	0.4265195137507838	([1510], [1510, 1509])
0	0.0	0.42652711695934653	([816], [816, 815])
0	0.0	0.42679537923482813	([473], [473, 472])
0	0.0	0.42687590011743626	([253], [253, 252])
0	0.0	0.4269311935970949	([469], [469, 468])
0	0.0	0.4270044247695841	([1092], [1092, 1091])
0	0.0	0.42741595791314796	([1107], [1107, 1106])
0	0.0	0.4275181404901154	([1211], [1211, 1210])
0	0.0	0.4276604135472251	([508], [508, 507])
0	0.0	0.4277377873759756	([343], [343, 342])
0	0.0	0.42784580702572755	([659], [659, 658])
0	0.0	0.42789573430126376	([288], [288, 287])
0	0.0	0.42844761226107597	([344], [344, 343])
0	0.0	0.42867419270927637	([1157], [1157, 1156])
0	0.0	0.42875848479192136	([768], [768, 767])
0	0.0	0.4293310220966859	([365], [365, 364])
0	0.0	0.42947474645763906	([324], [324, 323])
0	0.0	0.4294862797035452	([1440], [1440, 1439])
0	0.0	0.4296029518238721	([882], [882, 881])
1	0.4171635134138408	0.4299308896293835	([454, 446], [454, 452, 445])
0	0.0	0.43024550979135173	([1189], [1189, 1188])
0	0.0	0.43028530130178455	([587], [587, 586])
0	0.0	0.4305346955560489	([1439], [1439, 1438])
0	0.0	0.43058359461898155	([521], [521, 520])
0	0.0	0.4310034494609984	([1400], [1400, 1399])
0	0.0	0.4319830405578441	([589], [589, 588])
0	0.0	0.43328515922800487	([182], [182, 180])
0	0.0	0.43341590759738013	([99], [99, 98])
1	0.40812255801662883	0.4335021571622125	([455, 445], [454, 450, 446])
0	0.0	0.4335189161722381	([1004], [1004, 1003])
0	0.0	0.4335576300600413	([1098], [1098, 1097])
0	0.0	0.4337906013835012	([805], [805, 804])
0	0.0	0.43461465466236954	([98], [182, 181])
0	0.0	0.43486761469775786	([1449], [1449, 1448])
0	0.0	0.43495920130748517	([1242], [1242, 1241])
0	0.0	0.43562244462326083	([464], [464, 463])
0	0.0	0.4356240062649155	([814], [814, 813])
0	0.0	0.43572979675360546	([1496], [1496, 1495])
0	0.0	0.4369091408192149	([258], [258, 257])
0	0.0	0.43705043222448897	([254], [254, 253])
0	0.0	0.43758296892125065	([815], [815, 814])
0	0.0	0.43760981581724573	([576], [576, 575])
0	0.0	0.43785549521477	([972], [972, 971])
0	0.0	0.43820844740103115	([1182], [1182, 1181])
0	0.0	0.43825566305565294	([1136], [1137, 1134])
0	0.0	0.43830965462489413	([895], [895, 894])
0	0.0	0.43852392477194224	([1414], [1414, 1413])
0	0.0	0.43856959272100443	([709], [709, 708])
0	0.0	0.43874056774212766	([468], [468, 467])
0	0.0	0.4387659900372497	([1415], [1415, 1414])
0	0.0	0.4393706711457706	([369], [369, 368])
0	0.0	0.4399356630563646	([462], [462, 461])
0	0.0	0.43997967165901086	([1099], [1099, 1098])
0	0.0	0.44076751090416794	([1497], [1497, 1496])
0	0.0	0.4410302452025304	([572], [572, 571])
0	0.0	0.4413347389463169	([314], [314, 313])
0	0.0	0.44149886486678264	([1011], [1011, 1010])
0	0.0	0.4420500363112823	([1010], [1010, 1009])
0	0.0	0.44209968920090276	([1181], [1181, 1180])
0	0.0	0.4421543735679467	([96], [96, 95])
0	0.0	0.4422327156931406	([1245], [1245, 1244])
0	0.0	0.44253559772784146	([95], [96, 94])
0	0.0	0.4430584838282108	([804], [804, 803])
0	0.0	0.44341459891214974	([584], [584, 583])
0	0.0	0.4434258561569253	([777], [777, 776])
0	0.0	0.443990131492085	([829], [829, 828])
0	0.0	0.4440066012962894	([364], [364, 363])
1	0.44027935847753713	0.4442655463648577	([958, 955], [958, 957, 956])
0	0.0	0.44438367063071904	([1441], [1441, 1433])
0	0.0	0.4445786814253336	([1153], [1153, 1152])
0	0.0	0.4452005216198847	([181], [98, 97])
0	0.0	0.44548808121953837	([1403], [1403, 1402])
0	0.0	0.4455940684825838	([1438], [1438, 1425])
0	0.0	0.4458017829664899	([1428], [1428, 1427])
0	0.0	0.4458923345265185	([1491], [1491, 1490])
0	0.0	0.44601214823037755	([897], [897, 896])
0	0.0	0.4461824787429463	([712], [712, 711])
0	0.0	0.44738441888479447	([583], [583, 582])
0	0.0	0.448800020886146	([582], [582, 581])
0	0.0	0.44880533510027987	([830], [830, 829])
0	0.0	0.4489953390336945	([663], [663, 662])
0	0.0	0.449050251910672	([398], [398, 377])
0	0.0	0.4492266155015786	([287], [287, 284])
0	0.0	0.44941432443317114	([1171], [1191, 1135])
0	0.0	0.4500191551551339	([776], [776, 775])
0	0.0	0.4500484418563621	([580], [580, 579])
0	0.0	0.45073680174047964	([1423], [1423, 1422])
0	0.0	0.4507871493823741	([959], [959, 395])
0	0.0	0.45126849445934125	([664], [664, 663])
1	0.43448983087097887	0.4522149328158914	([533, 526], [533, 530, 528])
0	0.0	0.45275165720487204	([1002], [1002, 1001])
0	0.0	0.45419794565497723	([1069], [1069, 1068])
0	0.0	0.4547868534668248	([370], [370, 369])
0	0.0	0.45495443440803796	([837], [837, 836])
0	0.0	0.45500243763265213	([1432], [1432, 1431])
0	0.0	0.45697405835596616	([1426], [1426, 1424])
0	0.0	0.4604391580335811	([1490], [1490, 1489])
1	0.45730277084676757	0.4604648227472199	([23, 16], [23, 19, 16])
0	0.0	0.46089067233758124	([1437], [1437, 1436])
1	0.4572391166513899	0.46097690586780965	([435, 432], [435, 434, 432])
0	0.0	0.4610768762495438	([1436], [1436, 1427])
0	0.0	0.46128058021093027	([1425], [1425, 1423])
0	0.0	0.4617871543258781	([1135], [1135, 1134])
0	0.0	0.4622772900047072	([1068], [1068, 1067])
0	0.0	0.4634920531393727	([573], [573, 572])
0	0.0	0.4636227619648314	([1434], [1434, 1426])
0	0.0	0.4655219953010343	([622], [622, 621])
0	0.0	0.46588163409586464	([623], [623, 622])
0	0.0	0.4659186124813774	([971], [971, 969])
0	0.0	0.4662610276793813	([585], [586, 579])
0	0.0	0.4669039708480192	([590], [590, 589])
0	0.0	0.46731604040658076	([341], [341, 340])
0	0.0	0.468186455397154	([1402], [1438, 1437])
0	0.0	0.4686847595047105	([340], [340, 339])
1	0.4649281811323724	0.468995726996245	([740, 737], [740, 739, 738])
0	0.0	0.4696871985181303	([395], [395, 340])
0	0.0	0.470033052067337	([574], [574, 573])
0	0.0	0.47060928171231803	([2], [95, 0])
0	0.0	0.4706435644206124	([0], [959, 958])
1	0.4649222360139652	0.4707811608939024	([552, 546], [552, 551, 546])
1	0.4701978425080012	0.47165044046853466	([99, 96], [99, 98, 97])
1	0.47083525392003917	0.47165044046853466	([100, 97], [100, 99, 97])
0	0.0	0.4718799550714216	([1427], [1436, 1434])
0	0.0	0.4719894433702496	([1424], [1402, 1192])
1	0.46435843967924767	0.4730138663848589	([999, 993], [998, 996, 994])
0	0.0	0.473717584292496	([1192], [1192, 1090])
0	0.0	0.4746247025523235	([960], [1192, 1189])
0	0.0	0.474787284461165	([579], [622, 0])
1	0.4731337517424571	0.4751097187093631	([726, 714], [726, 723, 716])
0	0.0	0.4764452891909526	([1187], [1187, 1185])
1	0.46650823773760747	0.4772742655598571	([1393, 1390], [1393, 1392, 1391])
0	0.0	0.47955386741156564	([581], [581, 572])
1	0.4778039651833306	0.47966522880524703	([133, 128], [133, 132, 128])
0	0.0	0.47985538871256256	([799], [585, 584])
0	0.0	0.4799938115763851	([1172], [960, 958])
0	0.0	0.48027432529859915	([378], [378, 377])
1	0.46817722558853797	0.4803703345588695	([1195, 1192], [1195, 1194, 1192])
0	0.0	0.4806513725638442	([1433], [1441, 1440])
0	0.0	0.48098091897369893	([575], [575, 573])
1	0.47700567964434654	0.48243396619187495	([1439, 1431], [1439, 1438, 1432])
1	0.4795964500653678	0.48325183677235417	([538, 526], [538, 537, 526])
0	0.0	0.4846790621243419	([399], [895, 578])
1	0.485273242036322	0.4859585285882244	([687, 682], [687, 685, 682])
1	0.47890881060045465	0.4859876010800008	([222, 219], [222, 221, 220])
1	0.47787491085551864	0.4873722404659855	([217, 213], [217, 216, 213])
1	0.4884082729071705	0.48902478618391937	([30, 19], [30, 27, 17])
0	0.0	0.48905999134320505	([377], [380, 372])
1	0.4887236233100418	0.48936572680016255	([1350, 1344], [1350, 1349, 1348])
0	0.0	0.49025355317127634	([1442], [1494, 1436])
1	0.4806964132797616	0.490472389582768	([570, 558], [570, 567, 559])
1	0.4436314276740474	0.4908267545440252	([917, 913], [917, 916, 914])
1	0.481009530288851	0.4925934121318994	([134, 127], [134, 132, 128])
1	0.49033490486308023	0.49271081960276336	([315, 306], [316, 315, 306])
1	0.48092334447751145	0.49306960470759537	([236, 230], [236, 235, 230])
1	0.4816164294750496	0.49376552713867783	([1058, 1053], [1058, 1055, 1053])
1	0.47569621788193844	0.4944048975102029	([915, 911], [915, 914, 911])
1	0.48848996756831503	0.49449786297074205	([686, 681], [686, 684, 681])
1	0.4624128355625084	0.4967172400285565	([1284, 1276], [1284, 1281, 1277])
1	0.4954756486883192	0.49796159953342195	([440, 433], [440, 437, 433])
1	0.49707751127939015	0.49917566381755074	([898, 893], [898, 896, 894])
1	0.4916834984129696	0.4992759993900211	([444, 436], [444, 442, 441])
1	0.49465520697724696	0.49958671849221264	([147, 139], [147, 144, 139])
1	0.49846647831403024	0.49975323638897545	([342, 336], [342, 339, 336])
1	0.4752604692654994	0.5010269920559949	([316, 305], [315, 314, 313])
1	0.43917873782515815	0.5015324224053646	([130, 123], [129, 128, 123])
1	0.49046561690087565	0.5029988576219078	([601, 592], [601, 599, 595])
1	0.49613100919521363	0.5031198296421352	([1450, 1445], [1450, 1449, 1445])
1	0.5022017839595517	0.5037579803426621	([102, 94], [102, 99, 94])
1	0.4879526873838419	0.5037797758717506	([577, 573], [577, 576, 575])
1	0.49856206522830876	0.504618130863612	([32, 18], [32, 31, 18])
1	0.49821970279926814	0.5048487218427373	([966, 960], [966, 965, 960])
1	0.500507717897031	0.5050161355777993	([770, 765], [770, 768, 765])
1	0.49424778816513865	0.5062766545437388	([139, 126], [139, 136, 133])
1	0.4623132528465742	0.5064187298600326	([1432, 1425], [1432, 1431, 1423])
1	0.5050379934792981	0.5066487257900179	([147, 135], [147, 139, 135])
1	0.4989525733873166	0.5090541711529477	([1238, 1229], [1238, 1233, 1232])
1	0.5006302626541171	0.5092724967173776	([987, 982], [987, 985, 983])
1	0.505217229788949	0.5108595590915361	([1437, 1433], [1437, 1433, 1428])
1	0.47142708271657247	0.5108595590915361	([1438, 1428], [1437, 1436, 1428])
1	0.4584673589344206	0.5124617139165544	([406, 401], [405, 404, 403])
1	0.48953254356116377	0.512540013573537	([1213, 1207], [1213, 1210, 1208])
1	0.5065149768447161	0.5137680064266922	([1119, 1115], [1119, 1118, 1116])
1	0.4727993356118123	0.5139165855042545	([1432, 1412], [1423, 1422, 1414])
1	0.5116111489674767	0.513996537327512	([772, 766], [772, 769, 766])
1	0.5111283995796784	0.5140175133799231	([1438, 1434], [1438, 1437, 1426])
1	0.508284790889186	0.5140293017552582	([112, 105], [112, 110, 105])
1	0.5130850907370627	0.5144343374713358	([55, 34], [55, 53, 34])
1	0.5110055334090429	0.5151259841367516	([464, 459], [464, 462, 459])
1	0.5016327730289978	0.5180083950019502	([571, 556], [571, 570, 558])
1	0.517547960390592	0.5181760310559387	([602, 591], [602, 599, 598])
1	0.5141915977329661	0.5183769994683308	([339, 332], [339, 336, 335])
1	0.5092543890281176	0.5188407872305804	([1214, 1206], [1214, 1213, 1207])
1	0.47477970328290486	0.5203680863206847	([1437, 1426], [1439, 1436, 1434])
1	0.5203066302494763	0.5203791847091652	([334, 325], [334, 331, 328])
1	0.512175308021664	0.5204152672906986	([626, 621], [626, 624, 621])
1	0.514985288485466	0.5206385761378846	([520, 512], [520, 517, 511])
1	0.5198602123652292	0.5213045024978653	([1285, 1275], [1285, 1284, 1275])
1	0.5224989407991459	0.5230600313920052	([1099, 1092], [1099, 1096, 1094])
1	0.5188758911156931	0.5231297962125039	([335, 326], [335, 333, 326])
1	0.5237518085570654	0.5241370926308407	([908, 902], [908, 906, 905])
1	0.5114633095494466	0.5241911356932959	([262, 255], [262, 259, 257])
1	0.5228916232416327	0.5256459599994282	([783, 777], [783, 781, 780])
1	0.5039490581853704	0.5260823251613349	([985, 976], [985, 983, 976])
1	0.5250695151203666	0.5268606733590859	([884, 874], [884, 881, 878])
1	0.4809601554991587	0.5281958036568346	([523, 510], [523, 522, 510])
1	0.4869915313120937	0.5295664488217809	([1432, 1407], [1432, 1410, 1407])
1	0.5239989888762657	0.5297112486699734	([911, 901], [911, 907, 906])
1	0.521235116454479	0.529838132867937	([535, 522], [528, 527, 522])
1	0.5285935322910081	0.5307790917708263	([217, 190], [217, 216, 190])
1	0.5294655625175296	0.531751375829113	([987, 974], [987, 983, 976])
1	0.5284226024629379	0.5317608338443255	([1221, 1213], [1221, 1220, 1213])
0	0.0	0.5326520794288879	([391], [391, 387])
1	0.5298278363855318	0.532821030491035	([904, 893], [904, 900, 899])
1	0.5166336487869201	0.5328826916734476	([173, 164], [173, 171, 164])
1	0.5145679235314844	0.5334418583154198	([1490, 1481], [1490, 1489, 1482])
1	0.5169972951489785	0.5342720303871838	([184, 176], [184, 181, 180])
1	0.5254503414381808	0.5349251533162291	([240, 229], [240, 237, 236])
1	0.5174796179479043	0.5364342395716432	([1425, 1408], [1425, 1413, 1408])
1	0.5358446898648224	0.5368690863794595	([887, 876], [887, 883, 876])
1	0.5344201811693237	0.5379424755164898	([665, 658], [665, 662, 658])
1	0.4984062054364567	0.5389446148800434	([1426, 1423], [1438, 1426, 1423])
1	0.534712160875347	0.5389899650780215	([694, 678], [694, 687, 685])
1	0.5115311659270169	0.5389986613037758	([689, 680], [689, 685, 684])
1	0.5102472581160125	0.5391042393538547	([78, 68], [78, 73, 68])
1	0.5327417087808792	0.5391616053394007	([1364, 1353], [1364, 1363, 1353])
1	0.5252600714477693	0.5393688477668095	([858, 836], [853, 852, 836])
1	0.5397815413184347	0.5397851857004741	([1223, 1211], [1223, 1221, 1211])
1	0.5330931366725287	0.5413346875578559	([185, 172], [185, 183, 171])
1	0.47241331188771524	0.5413346875578559	([188, 166], [187, 185, 171])
1	0.5359810659840484	0.5414946110085335	([1222, 1212], [1222, 1221, 1212])
1	0.529882319959753	0.5421964616656095	([161, 144], [161, 157, 144])
1	0.5264389505550231	0.5424240546858492	([803, 795], [800, 799, 795])
1	0.5166530003818017	0.5426296621712206	([18, 10], [18, 17, 10])
1	0.5252390574145149	0.5432343681252522	([712, 707], [712, 711, 708])
1	0.5318915154062641	0.5437687820492748	([680, 672], [680, 676, 674])
1	0.528910987203824	0.5439804634171473	([1105, 1095], [1105, 1100, 1095])
1	0.5414775330066803	0.5439959144615966	([972, 962], [972, 969, 962])
1	0.49359011581298007	0.5440221091901692	([1433, 1428], [1441, 1437, 1433])
1	0.5296379625628567	0.5442654061096454	([658, 578], [663, 658, 657])
1	0.5381664915361728	0.5443054096317228	([703, 694], [703, 700, 699])
1	0.5428667930787909	0.544327133583239	([211, 198], [211, 210, 197])
1	0.5436252416017165	0.5443979064162467	([766, 754], [766, 762, 754])
1	0.531550138079904	0.5447184681157238	([215, 194], [216, 215, 194])
1	0.5375437221849907	0.5449964817994188	([242, 227], [242, 240, 227])
1	0.5291749315476916	0.5455507468759078	([714, 704], [714, 713, 704])
1	0.5147273683694661	0.5458634623504224	([485, 477], [485, 482, 477])
1	0.5330691016471423	0.5459656029066364	([582, 580], [585, 582, 581])
1	0.5089365126893174	0.5459656029066364	([585, 581], [585, 584, 582])
1	0.5393723843359474	0.5459888983134388	([139, 116], [139, 126, 116])
1	0.5103457392614577	0.5460834318257158	([1010, 578], [1010, 1006, 1003])
1	0.5411930518277118	0.5462787151258581	([1491, 1480], [1492, 1491, 1478])
1	0.5148636986292894	0.5463966330715506	([1088, 1079], [1088, 1086, 1083])
1	0.5355121903586968	0.5464959135773545	([205, 191], [205, 199, 197])
1	0.537208415786535	0.5464959135773545	([210, 197], [210, 205, 197])
1	0.5368932005681049	0.5465989334855441	([635, 628], [635, 632, 630])
1	0.5381459823576128	0.5481159793922782	([1352, 1338], [1352, 1350, 1344])
1	0.5412145623809465	0.5487251865076166	([778, 771], [778, 775, 773])
1	0.5470894606422844	0.5490037766838695	([1472, 1454], [1472, 1465, 1454])
1	0.5271008261310018	0.550612348188354	([1046, 1041], [1046, 1044, 1043])
1	0.5471196450609946	0.550731615560413	([163, 152], [163, 161, 152])
1	0.5318503692355742	0.5510114334118925	([501, 495], [501, 500, 495])
1	0.5285408076441548	0.5511037775294455	([1431, 1408], [1432, 1431, 1410])
1	0.5479470457334379	0.5515735264634265	([235, 221], [235, 226, 221])
1	0.5379750055501251	0.5521433956299575	([1029, 1019], [1028, 1026, 1019])
1	0.5443971825293666	0.5528430875097903	([491, 482], [491, 487, 484])
1	0.5489754583501316	0.5530396906225308	([355, 341], [355, 349, 348])
1	0.5502329823933829	0.5530952938784324	([144, 117], [144, 135, 133])
1	0.5499040293008026	0.5531586258552379	([1442, 1439], [1442, 1441, 1437])
1	0.5134777344420065	0.553273764956736	([216, 191], [214, 212, 191])
1	0.5527134565754596	0.5536008571612095	([1241, 1223], [1241, 1227, 1226])
1	0.550016213261881	0.5542891009193327	([220, 208], [220, 217, 214])
1	0.55279870654894	0.5548097979839769	([991, 976], [991, 987, 986])
1	0.4898279994552863	0.5548175192861758	([583, 574], [583, 581, 573])
1	0.5371094364669304	0.5552474629769043	([1227, 1219], [1227, 1225, 1224])
1	0.5439262709300585	0.5553837190740802	([1215, 1202], [1215, 1206, 1202])
1	0.5174841224684537	0.5556117947503738	([1360, 1348], [1360, 1356, 1349])
1	0.5394630184334287	0.5556714272331972	([1492, 1478], [1491, 1490, 1480])
1	0.524663347125707	0.5559257154062398	([215, 189], [215, 194, 191])
1	0.5341818535214814	0.5562228178070349	([625, 616], [626, 625, 616])
1	0.5101531171409682	0.5563560927492429	([576, 572], [576, 575, 573])
1	0.5537610732476393	0.5566054478098511	([267, 252], [267, 262, 255])
1	0.5386111980207277	0.5567095676803664	([324, 314], [324, 322, 320])
1	0.5486495282429531	0.5576381249937696	([628, 619], [628, 625, 619])
1	0.5542346591852518	0.5576776088535016	([347, 333], [347, 341, 338])
1	0.5532861538439697	0.5576776088535016	([353, 338], [353, 347, 338])
1	0.5469311379674526	0.5580756486003686	([589, 581], [589, 587, 581])
1	0.536135856204829	0.5580785059366888	([1426, 873], [1426, 881, 873])
1	0.5409300107389158	0.5586469552727458	([994, 984], [994, 992, 982])
1	0.5530280579937342	0.5591875587848254	([392, 388], [392, 391, 388])
1	0.5116427601316214	0.5594896174083316	([1442, 1422], [1442, 1439, 1422])
1	0.553167218720995	0.559797813905281	([1080, 1070], [1080, 1076, 1070])
1	0.5439860328835628	0.5601548898600507	([1192, 616], [1192, 621, 616])
1	0.52266596551263	0.5602245953785583	([388, 371], [388, 381, 373])
1	0.5566826176527273	0.560549138720684	([1397, 1388], [1397, 1396, 1388])
1	0.5421554289149801	0.5607516265313035	([1475, 1451], [1475, 1466, 1451])
1	0.5570595560441918	0.5619630862624159	([385, 376], [385, 380, 373])
1	0.5600458073538133	0.5620828746648596	([1385, 1371], [1385, 1379, 1371])
1	0.5385718713583788	0.5622737157283888	([1400, 1192], [1402, 1400, 1396])
1	0.5583471134879334	0.5622737157283888	([1402, 1401], [1402, 1401, 1400])
1	0.5604139040044571	0.5624707440728178	([115, 102], [115, 113, 102])
1	0.5618901920595121	0.5625719285818397	([860, 839], [860, 854, 851])
1	0.5404054782179128	0.5643404244435015	([1433, 1107], [1433, 1108, 1107])
1	0.5305193205675719	0.5647912616529164	([11, 3], [11, 7, 3])
1	0.5577262393755101	0.5647996373274097	([1251, 1242], [1251, 1250, 1242])
1	0.5024487924410803	0.5648906034618351	([1192, 1181], [1192, 1187, 1184])
1	0.5596731472333866	0.5657318512934737	([763, 750], [763, 759, 750])
1	0.5511755971412073	0.5657717080863931	([1004, 988], [1004, 1002, 988])
1	0.5294358918097978	0.5662355532556768	([578, 513], [578, 521, 513])
1	0.5213107513646388	0.5668512346066852	([233, 222], [234, 226, 223])
1	0.5603061272855817	0.566946110042136	([624, 612], [624, 619, 612])
1	0.5460428356370206	0.5673820298931147	([674, 666], [674, 669, 668])
1	0.5481215972864394	0.5674774958115117	([1228, 1218], [1228, 1227, 1217])
1	0.5458690400639633	0.5675983366852534	([1436, 1403], [1436, 1403, 1394])
1	0.5639923118420834	0.5677851829959987	([818, 805], [818, 814, 808])
1	0.5078409177288065	0.5679531847479142	([578, 364], [578, 369, 364])
1	0.5605830001126537	0.5687653675162806	([1218, 1196], [1218, 1206, 1196])
1	0.5567254998085083	0.5688669538174176	([309, 289], [309, 307, 289])
1	0.5557249696994286	0.5690977646896439	([929, 908], [929, 915, 908])
1	0.5667345713758556	0.5693076932357608	([897, 873], [897, 886, 873])
1	0.5664908890331899	0.5694356309555253	([179, 161], [179, 171, 164])
1	0.5475222410288892	0.5695589321672927	([1192, 822], [1192, 822, 814])
1	0.564110529592291	0.5710051743396903	([1366, 1279], [1370, 1366, 1277])
1	0.5532154519320654	0.5713890406299449	([787, 776], [787, 781, 780])
1	0.5659302258331005	0.5714047957737202	([893, 871], [893, 887, 871])
1	0.49586101043442354	0.5719697351540458	([1053, 1031], [1053, 1046, 1041])
1	0.5495391138033671	0.5722504428819244	([1348, 1201], [1360, 1348, 1201])
1	0.5522108651405033	0.572360942517515	([131, 85], [131, 118, 91])
1	0.5456977092091223	0.5724732401180939	([1436, 1394], [1436, 1434, 1403])
1	0.5663083238582717	0.5724847910308429	([481, 470], [481, 474, 472])
1	0.5507290769551728	0.5729434819178003	([1503, 1490], [1503, 1500, 1491])
1	0.5592745394478146	0.5734010278989324	([578, 134], [578, 144, 134])
1	0.5718354111921757	0.5735990241588533	([1252, 1241], [1252, 1251, 1241])
1	0.5622505679300231	0.5738003086776914	([1424, 1403], [1424, 1412, 1410])
1	0.571096973656092	0.5742218204323609	([631, 620], [631, 627, 625])
1	0.5675084722703799	0.5743607669012287	([1083, 1068], [1083, 1080, 1068])
1	0.5474193615996761	0.5746615394465537	([1433, 1422], [1437, 1433, 1410])
1	0.5657970569634149	0.574794325969556	([279, 257], [279, 263, 257])
1	0.5677940415509065	0.575103384293855	([1016, 1004], [1016, 1013, 1004])
1	0.569277164751276	0.575419514124547	([1335, 1283], [1338, 1335, 1283])
1	0.5534962356097042	0.5754281447619853	([1096, 1074], [1096, 1090, 1074])
1	0.5415512110569514	0.5754281447619853	([1426, 1090], [1426, 1090, 1074])
1	0.5725886164171564	0.5755255350991276	([1097, 1072], [1097, 1089, 1077])
1	0.5568099683856527	0.57579503854895	([720, 710], [720, 718, 709])
1	0.5655393839727051	0.5758673785303471	([761, 746], [763, 761, 746])
1	0.5737503564766051	0.575977658520356	([721, 711], [722, 715, 712])
1	0.5600387462288108	0.5761259995027098	([1476, 1448], [1476, 1475, 1453])
1	0.5740735025580357	0.5762959005103311	([1197, 1177], [1197, 1196, 1179])
1	0.5695386137165425	0.5764310970669023	([1251, 1224], [1251, 1241, 1224])
1	0.5379583694580815	0.5764719059803505	([993, 982], [994, 989, 988])
1	0.5276832371171379	0.5773208629105189	([1402, 1396], [1433, 1403, 1391])
1	0.547426012136777	0.5774354788947048	([639, 583], [639, 634, 583])
1	0.5692895897317883	0.5776783884168298	([1388, 1367], [1388, 1385, 1371])
1	0.5776478697579844	0.577704500729801	([232, 217], [232, 224, 217])
1	0.5693692934340869	0.5783750401551929	([270, 251], [274, 270, 243])
1	0.5252288227438511	0.5784058044444726	([1192, 1107], [1192, 1108, 1094])
1	0.5688058352045794	0.5786021061353119	([1425, 1392], [1433, 1410, 1392])
1	0.569855491795592	0.5786772736727462	([1100, 1079], [1100, 1092, 1079])
1	0.5751547669382232	0.5788914494294221	([1333, 1284], [1335, 1333, 1284])
1	0.5635420173780044	0.579335706201765	([1433, 700], [1433, 708, 707])
1	0.5757230960109831	0.5799320930219464	([1149, 1134], [1149, 1146, 1134])
1	0.5791163038609023	0.5799680673515015	([405, 386], [405, 400, 387])
1	0.5782712822472753	0.5802442614198995	([1230, 1215], [1230, 1228, 1215])
1	0.5449935197981006	0.5803246863448084	([118, 86], [118, 115, 92])
1	0.5743838854933617	0.5807734216311488	([1329, 1291], [1330, 1329, 1288])
1	0.580826360595317	0.5808860217332737	([965, 952], [965, 959, 956])
1	0.5718173681982962	0.5810006780688084	([1109, 1087], [1110, 1109, 1087])
1	0.545153048159742	0.5810375595479309	([1441, 1414], [1441, 1431, 1410])
1	0.5626913796934583	0.5812538195891703	([1370, 1277], [1366, 1353, 1281])
1	0.579170080933754	0.5812538195891703	([1368, 1281], [1368, 1366, 1281])
1	0.5790356329714934	0.5815116781877165	([399, 372], [401, 399, 372])
1	0.5727011901776226	0.5815399861321634	([1208, 1194], [1209, 1205, 1195])
1	0.5708452179638275	0.5819410137117021	([773, 752], [773, 761, 752])
1	0.5660941480835315	0.5819912135213081	([513, 499], [514, 513, 499])
1	0.5771204324458277	0.5820236685950829	([1369, 1250], [1369, 1367, 1251])
1	0.5762707299942351	0.582416862423779	([1328, 1292], [1328, 1315, 1292])
1	0.48984222229205554	0.5824335017340312	([1424, 1418], [1426, 1424, 1417])
1	0.5705273961591567	0.5824694488273517	([839, 830], [839, 838, 830])
1	0.5607007758790605	0.5830827664121598	([99, 71], [99, 93, 73])
1	0.5822168946710973	0.5833822692616956	([613, 586], [613, 609, 588])
1	0.5804446630912141	0.5838713492260195	([282, 261], [282, 271, 261])
1	0.5796224114875614	0.5838752503936727	([1509, 1490], [1509, 1507, 1490])
1	0.5452974438614389	0.5838810669466284	([1236, 1202], [1236, 1229, 1202])
1	0.5813287586697543	0.5838872110097794	([1103, 1073], [1103, 1092, 1073])
1	0.5661979694320702	0.5839009922456355	([222, 188], [222, 214, 193])
1	0.5816548769629692	0.583984682106597	([424, 401], [424, 418, 401])
1	0.5685219032560846	0.5840974347392295	([1110, 1086], [1110, 1103, 1093])
1	0.5820392855131203	0.5842390911461983	([1085, 1065], [1085, 1084, 1065])
1	0.5436991821821192	0.5843433926809206	([1278, 1251], [1277, 1270, 1253])
1	0.5387794276337884	0.5845715288470772	([1427, 1424], [1427, 1424, 1412])
1	0.5750592550999584	0.5846247460252957	([236, 211], [236, 221, 217])
1	0.5816966965337598	0.5846304986939741	([1437, 1102], [1437, 1432, 1102])
1	0.5677621314082736	0.5846395649649013	([1192, 1161], [1192, 1172, 1161])
1	0.583179567950761	0.5847139343588097	([1427, 1100], [1432, 1427, 1102])
1	0.5750812206368886	0.5851042942868034	([1477, 1447], [1477, 1476, 1447])
1	0.5612438002090814	0.5852461176578834	([1338, 1282], [1367, 1366, 1251])
1	0.5735365490243969	0.5855290849583282	([1227, 1205], [1227, 1213, 1207])
1	0.573498555656308	0.5855505362936541	([1367, 1222], [1367, 1251, 1224])
1	0.5788254407515241	0.586196951106164	([741, 703], [734, 714, 707])
1	0.5533962902051668	0.586531007845702	([271, 246], [271, 255, 251])
1	0.5856155347040045	0.5865442413117119	([774, 748], [774, 768, 748])
1	0.5639703843006127	0.5866086480386736	([1389, 1369], [1389, 1388, 1367])
1	0.5708089435655606	0.5866999063645697	([1251, 1211], [1251, 1224, 1223])
1	0.5870374084809159	0.5871057800559246	([930, 894], [930, 916, 908])
1	0.5840854172407544	0.5876651557923044	([1150, 1127], [1150, 1145, 1143])
1	0.5657070289185673	0.5877715056628576	([175, 155], [175, 164, 163])
1	0.5803684306631319	0.5877927208594645	([676, 664], [676, 674, 666])
1	0.5500028336903976	0.5878045480463614	([578, 488], [578, 488, 480])
1	0.5584645058809938	0.5878215257103158	([1489, 1445], [1484, 1475, 1445])
1	0.5852606114553035	0.5878796829915306	([579, 349], [579, 359, 351])
1	0.555871184451455	0.5879879331872261	([93, 74], [99, 94, 71])
1	0.5857132587839206	0.5881446942341533	([759, 741], [759, 750, 741])
1	0.5875195626306273	0.5882397956843647	([1154, 1124], [1154, 1152, 1124])
1	0.5867346024802975	0.5883369205275885	([1436, 895], [1436, 895, 879])
1	0.5743387223887131	0.5888028307611365	([280, 259], [280, 268, 263])
1	0.5828077979857911	0.588844680717987	([1330, 1269], [1335, 1330, 1269])
1	0.575726845887595	0.5889439983755358	([1512, 1353], [1512, 1510, 1352])
1	0.5735047100122341	0.589174216150091	([1330, 1288], [1330, 1288, 1285])
1	0.5875066904105866	0.589174216150091	([1332, 1285], [1332, 1330, 1285])
1	0.5616455641082299	0.589487102259439	([1222, 1192], [1279, 1251, 1225])
1	0.5455556304450231	0.5897634272153003	([579, 577], [585, 579, 575])
1	0.5841426360576801	0.5898639246193743	([1509, 1220], [1510, 1509, 1220])
1	0.5828759542339236	0.590365864915128	([769, 749], [769, 760, 757])
1	0.5825325350322973	0.5906728273042784	([580, 330], [580, 340, 339])
1	0.5804521259571117	0.5909669861442689	([1510, 1477], [1510, 1365, 1252])
1	0.5671578094976389	0.5909669861442689	([1365, 1192], [1510, 1365, 1352])
1	0.5521858900451063	0.5911332640883535	([1192, 986], [1192, 1005, 986])
1	0.581547582046342	0.5911549228202481	([1433, 634], [1433, 664, 634])
1	0.5862341746389775	0.591435318814268	([115, 74], [109, 94, 74])
1	0.588085917905111	0.5915871897268684	([1424, 491], [1424, 491, 476])
1	0.5667910594446793	0.5917607426249538	([1510, 1352], [1511, 1510, 1252])
1	0.5613434695199319	0.5919986534049795	([608, 589], [608, 607, 589])
1	0.5896539780839495	0.592102059795455	([1111, 1080], [1111, 1110, 1080])
1	0.5782092445931968	0.5921703612233972	([226, 204], [236, 226, 211])
1	0.566632171767069	0.5925254767384165	([154, 113], [151, 125, 116])
1	0.5601288419534783	0.5925269030707766	([1436, 1109], [1436, 1109, 1091])
1	0.5855695506460356	0.592801451693827	([982, 966], [982, 977, 967])
1	0.5778376214738087	0.5929332513460905	([1432, 1090], [1438, 1432, 1091])
1	0.5681583421855466	0.5929355702998637	([1433, 693], [1433, 700, 698])
1	0.5496623719994955	0.5930271927766874	([1367, 1251], [1329, 1319, 1291])
1	0.5643348610072969	0.593445865778849	([1196, 1179], [1198, 1195, 1180])
1	0.5683240719668925	0.5935678793997771	([579, 368], [579, 368, 366])
1	0.5627971124689483	0.5938676187242307	([1195, 1180], [1195, 1194, 1180])
1	0.5916450060525157	0.5940450041610159	([406, 379], [406, 401, 379])
1	0.5941334398701984	0.5941453029104291	([574, 94], [574, 112, 94])
1	0.5938736005249116	0.5942824206266125	([262, 227], [262, 252, 243])
1	0.5741692554306594	0.5943178983115227	([742, 726], [742, 735, 726])
1	0.5603478915817117	0.5943551572555715	([1511, 1277], [1365, 1282, 1252])
1	0.5403358847341329	0.5943822290593956	([1426, 745], [1426, 764, 745])
1	0.5908384611457888	0.5945600133459549	([1476, 1371], [1511, 1371, 1370])
1	0.5222981996476562	0.5946100036177068	([580, 573], [587, 580, 579])
1	0.5943810498287602	0.5946975402138777	([540, 504], [540, 524, 504])
1	0.5750057789858393	0.5948071642690117	([1177, 1159], [1179, 1177, 1159])
1	0.5879112544181431	0.594887422143638	([1361, 1236], [1361, 1348, 1236])
1	0.5667287627729446	0.5950021892284406	([146, 112], [146, 141, 112])
1	0.5802898719899573	0.5953363079446955	([664, 583], [664, 656, 649])
1	0.5746513584673644	0.5953550696829021	([230, 207], [230, 225, 208])
1	0.5940971274115162	0.595402576477612	([1448, 1226], [1510, 1477, 1448])
1	0.5747023922414011	0.595402576477612	([1477, 1252], [1510, 1509, 1448])
1	0.5952308192584119	0.5954136726226034	([810, 794], [810, 805, 804])
1	0.5660521938835518	0.5954897362484589	([633, 573], [633, 632, 582])
1	0.5675440028790345	0.595787597913376	([609, 588], [609, 607, 589])
1	0.589359246843834	0.5958692830678454	([1392, 1245], [1392, 1245, 1243])
1	0.5907333637594371	0.5961139995200644	([560, 549], [568, 560, 550])
1	0.5587517646831874	0.5964143721892762	([1511, 1476], [1511, 1477, 1476])
1	0.5357912214042563	0.5964335014762562	([1436, 1091], [1438, 1433, 1097])
1	0.5576117323422208	0.5964335014762562	([1434, 1104], [1438, 1434, 1097])
1	0.581416730416968	0.5965122452627772	([496, 469], [490, 477, 472])
1	0.5940307355766293	0.5965752438828189	([1390, 1368], [1390, 1389, 1368])
1	0.5960148439651316	0.5966057909182789	([1386, 1283], [1386, 1370, 1366])
1	0.5883625848547649	0.5966444869937232	([338, 262], [338, 337, 262])
1	0.5917451943232731	0.596758434943204	([69, 30], [69, 65, 30])
1	0.5912901497538987	0.5968701409349072	([164, 133], [164, 157, 133])
1	0.5952743475860807	0.5969414964821117	([512, 497], [512, 507, 500])
1	0.5848929322443035	0.597093286574774	([1433, 867], [1433, 892, 875])
1	0.5594504599579214	0.597611406123826	([580, 343], [580, 359, 343])
1	0.5667178832131425	0.5979089219763728	([1084, 1067], [1083, 1082, 1067])
1	0.5570255818831428	0.5979602511232587	([1433, 1188], [1433, 1428, 1187])
1	0.5968321430275946	0.5979764843986779	([911, 879], [911, 906, 879])
1	0.5961667485965294	0.598296520315716	([559, 539], [559, 552, 550])
1	0.5899583410985891	0.598296520315716	([568, 541], [560, 559, 550])
1	0.5936285294045236	0.5987382962256589	([1348, 1273], [1348, 1332, 1331])
1	0.5969781822223232	0.5988323485022575	([1439, 1088], [1439, 1434, 1097])
1	0.5937282644318822	0.5988778654016433	([1099, 1071], [1099, 1091, 1071])
1	0.5488090100038276	0.5988778654016433	([1192, 1071], [1192, 1091, 1071])
1	0.5799101879639272	0.59905683102006	([1105, 1072], [1105, 1095, 1072])
1	0.5587289369425166	0.599102608790335	([635, 580], [647, 643, 580])
1	0.5800626690096053	0.5992977535976275	([1384, 1360], [1384, 1373, 1362])
1	0.5120278471108711	0.59935365851607	([1413, 1192], [1412, 1403, 1402])
1	0.5386656467984202	0.59935365851607	([1423, 1402], [1423, 1412, 1402])
1	0.5816220626983132	0.59935365851607	([1441, 1402], [1441, 1412, 1402])
1	0.5949797012967215	0.5993844352821672	([624, 581], [628, 624, 614])
1	0.5927332020997359	0.5994096394893124	([1360, 1329], [1360, 1346, 1342])
1	0.5354641455902345	0.5995165535371769	([578, 507], [578, 521, 507])
1	0.5995930632800186	0.5995931984085424	([574, 227], [574, 227, 221])
1	0.5872254366309907	0.5996567491785834	([678, 660], [678, 676, 660])
1	0.580543910008844	0.5996567491785834	([1433, 664], [693, 676, 660])
1	0.5864231790006124	0.5996885915412994	([1433, 717], [1433, 732, 717])
1	0.5774888228702573	0.5999524729367229	([621, 587], [622, 621, 585])
1	0.5942456762292808	0.599999245316929	([227, 205], [227, 224, 206])
1	0.587371103868808	0.6000022234480753	([85, 66], [85, 82, 55])
1	0.5989591852306371	0.6000105410822211	([339, 279], [339, 279, 271])
1	0.5925125233271474	0.6000721285289873	([931, 907], [931, 928, 901])
1	0.5819271230973591	0.6000878722289431	([82, 55], [85, 78, 77])
1	0.5879046835041016	0.6002820090262102	([623, 602], [623, 609, 608])
1	0.5589099034098296	0.6004129382321873	([582, 577], [633, 582, 580])
1	0.5422397185044158	0.6004129382321873	([634, 582], [635, 633, 580])
1	0.6004623627207845	0.6006893097665016	([71, 19], [71, 67, 27])
1	0.6003935545321083	0.6007512400806466	([1184, 1109], [1432, 1184, 1109])
1	0.590867549879746	0.6008097202124939	([1427, 1076], [1427, 1100, 1076])
1	0.5919060779125556	0.6009012165585703	([580, 482], [580, 490, 482])
1	0.5507303782655869	0.6009575847407717	([616, 584], [611, 589, 587])
1	0.5519116405781068	0.6009831674437781	([1510, 1192], [1508, 1490, 1477])
1	0.5965794733640143	0.6009912951402627	([1432, 915], [1432, 915, 907])
1	0.5528690506566621	0.6012403740950661	([648, 579], [648, 647, 580])
1	0.5891125347700408	0.6013118122966623	([211, 178], [191, 189, 186])
1	0.6001025295208223	0.6014122952906786	([576, 148], [579, 577, 148])
1	0.5662234437266002	0.6014252438239658	([1192, 586], [1192, 621, 586])
1	0.5925983101305715	0.6014994520025889	([1379, 1350], [1386, 1379, 1283])
1	0.5959670527301594	0.6015427061949407	([628, 586], [628, 621, 614])
1	0.5777592443910414	0.6016898193209991	([1364, 1253], [1364, 1338, 1277])
1	0.5915221235238206	0.6017774169373097	([1288, 1259], [1287, 1274, 1269])
1	0.5919314565422477	0.6017840592465701	([1433, 1242], [1433, 1390, 1250])
1	0.5903932411943678	0.6018217288141244	([1425, 1106], [1425, 1106, 1091])
1	0.59274710749335	0.6018217288141244	([1425, 1110], [1425, 1110, 1091])
1	0.5929930594065498	0.6018930550186603	([815, 793], [812, 807, 793])
1	0.5822614647765121	0.6022954204711348	([1060, 1040], [1060, 1050, 1031])
1	0.5949646237324392	0.6022982988624415	([1434, 584], [1434, 584, 575])
1	0.5887368106810643	0.602336355188057	([1289, 1263], [1289, 1284, 1273])
1	0.5941130321872142	0.6024875228026663	([67, 27], [67, 32, 27])
1	0.5904622156374882	0.6025174753561943	([619, 575], [619, 584, 582])
1	0.5407813859841527	0.6025174753561943	([620, 580], [619, 611, 584])
1	0.5994520633661684	0.6025939314007058	([761, 736], [761, 746, 740])
1	0.5460826876948939	0.6026143812701417	([1392, 1192], [1390, 1389, 1250])
1	0.6013835952943446	0.6026143812701417	([1491, 1389], [1491, 1389, 1250])
1	0.5967460309918212	0.6027186340590512	([1505, 1447], [1505, 1490, 1489])
1	0.539855843333531	0.6027186340590512	([1504, 1489], [1505, 1502, 1490])
1	0.5939812897472403	0.6028538285180568	([436, 406], [436, 424, 406])
1	0.5858387595161201	0.6028992395292929	([1432, 889], [895, 881, 872])
1	0.5955994959021537	0.6029244718675364	([569, 540], [569, 558, 548])
1	0.5039403673789223	0.6029398162592814	([1281, 1192], [1282, 1242, 1224])
1	0.5898397680534728	0.602963999523199	([1406, 1248], [1441, 1406, 1248])
1	0.5938914691979628	0.602963999523199	([1497, 1248], [1497, 1441, 1248])
1	0.5867584053764126	0.6031302094128226	([337, 275], [331, 283, 275])
1	0.6009162941751353	0.6032536755311316	([1402, 1023], [1402, 1023, 1009])
1	0.5952462558776858	0.603550841151886	([932, 903], [932, 931, 907])
1	0.6025415645422001	0.6036100199299465	([1447, 1432], [1447, 1442, 1432])
1	0.5996309055465621	0.6036710710320934	([742, 580], [763, 758, 580])
1	0.5858465465558134	0.6038536460628757	([706, 580], [706, 693, 679])
1	0.594879946492448	0.6039711178488733	([1380, 1358], [1380, 1372, 1358])
1	0.599536360158686	0.6039763988931408	([1156, 1145], [1156, 1153, 1145])
1	0.5944011928410912	0.6040805564913646	([117, 88], [118, 117, 86])
1	0.5966159420472571	0.6041177761398637	([1477, 1221], [1477, 1251, 1225])
1	0.521066605179874	0.604260653981895	([647, 580], [633, 625, 620])
1	0.5959953924934357	0.6046288977421341	([683, 649], [683, 661, 649])
1	0.6039373451850509	0.6046340545895041	([555, 530], [555, 545, 536])
1	0.592548605783963	0.6046958193137173	([1202, 1151], [1202, 1151, 1133])
1	0.5747031013869099	0.6047032496857112	([1373, 1362], [1384, 1380, 1360])
1	0.5350346579654227	0.6047096871030401	([578, 144], [578, 158, 134])
1	0.5943103743859026	0.6047388887995213	([581, 253], [581, 251, 240])
1	0.600702392015741	0.6047391977178034	([143, 105], [153, 143, 105])
1	0.5986938356911843	0.6047463320548249	([610, 579], [610, 589, 586])
1	0.5740299857726152	0.6049013636565317	([1512, 1452], [1512, 1476, 1452])
1	0.5800306232089262	0.6050311660051984	([70, 13], [76, 70, 29])
1	0.5648758743294728	0.6050738996040173	([1433, 740], [1433, 717, 707])
1	0.5908368521908258	0.6051253905040274	([575, 555], [575, 573, 555])
1	0.59760109374132	0.605137949379336	([1424, 824], [1424, 824, 812])
1	0.5851953778568139	0.6052300017715352	([182, 149], [182, 163, 161])
1	0.5816756024645441	0.605244969758671	([628, 581], [642, 630, 628])
1	0.59324819150414	0.605327590966746	([1383, 1361], [1383, 1380, 1360])
1	0.5955125883200098	0.605338089499119	([1106, 889], [1432, 1425, 889])
1	0.5809928461391207	0.605350946153276	([1432, 1083], [1432, 1088, 1083])
1	0.5880191582295673	0.6053671683749517	([332, 284], [332, 325, 275])
1	0.5956880183052977	0.6055309000175533	([88, 65], [88, 76, 65])
1	0.5661351391410608	0.6056472679156731	([1496, 1433], [1481, 1477, 1251])
1	0.6048520824632552	0.6057074143586119	([1427, 883], [1427, 1425, 883])
1	0.5785746229768527	0.6057929473690058	([644, 581], [632, 628, 581])
1	0.5966628645212406	0.6058867310361976	([1434, 762], [1434, 1432, 762])
1	0.5948493514543085	0.6061857446029475	([1391, 1244], [1406, 1395, 1248])
1	0.6028771818063443	0.6061880089370069	([1424, 938], [1424, 938, 933])
1	0.5745049015212729	0.6063497751340176	([1441, 1244], [1391, 1369, 1250])
1	0.5971210510153523	0.6063650915787788	([581, 208], [581, 228, 224])
1	0.6007664566682508	0.606511168725694	([1349, 1259], [1349, 1273, 1259])
1	0.6045401669841073	0.6065279790761597	([575, 478], [577, 575, 484])
1	0.598806390185498	0.6066826337389142	([518, 496], [518, 515, 496])
1	0.5803847371036542	0.6067287197816649	([1428, 1077], [1428, 1425, 1077])
1	0.5965918353768402	0.6067840674988916	([1348, 1261], [1348, 1273, 1261])
1	0.6014228800773815	0.6067880517865015	([169, 91], [169, 131, 129])
1	0.5967690240728066	0.6068132657934828	([1227, 1043], [1510, 1227, 1220])
1	0.577073321393409	0.6068410040622583	([1495, 1437], [1495, 1494, 1439])
1	0.5913098146398452	0.6068980720947525	([1432, 1184], [1432, 1425, 1187])
1	0.5550204106229846	0.6069736456556185	([1102, 581], [1427, 1412, 581])
1	0.5912215466712588	0.6070450737495077	([343, 270], [343, 255, 245])
1	0.599034139486936	0.6070657203367837	([328, 268], [333, 328, 268])
1	0.564453406985947	0.6070775558175996	([618, 574], [588, 577, 573])
1	0.5960574200012477	0.607121876168256	([787, 768], [787, 785, 768])
1	0.6062641981188618	0.607134807670232	([1492, 1120], [1492, 1409, 1121])
1	0.6008800295888785	0.607134807670232	([1501, 1121], [1501, 1492, 1121])
1	0.6051386203711091	0.6071944223808875	([197, 182], [197, 190, 186])
1	0.5858830031921044	0.6072401261295671	([583, 482], [583, 582, 482])
1	0.5841586975794307	0.6074351275699035	([331, 283], [329, 325, 275])
1	0.5911501476796012	0.6074378497067491	([1425, 1369], [1425, 1394, 1369])
1	0.600986328089379	0.6074740309916029	([1225, 1123], [1433, 1242, 1123])
1	0.6073021445931023	0.6077824314319303	([731, 701], [731, 709, 708])
1	0.5971948259561987	0.6078677729559315	([346, 267], [346, 329, 275])
1	0.6037109226282491	0.6078717576123948	([981, 965], [981, 976, 974])
1	0.6046535150696778	0.6079249006841695	([1425, 867], [1425, 883, 867])
1	0.59975339520457	0.6081056176460996	([1331, 1272], [1341, 1331, 1272])
1	0.6077607236748434	0.6081076748279056	([1017, 1002], [1017, 1015, 1002])
1	0.5734507897107931	0.608166516887658	([1192, 741], [1192, 772, 741])
1	0.6020849417430113	0.6083206362730095	([1284, 1227], [1284, 1253, 1252])
1	0.6049534087154137	0.6084193163422495	([1127, 1118], [1127, 1125, 1118])
1	0.6084476208423738	0.6085448551287876	([1418, 1202], [1418, 1417, 1201])
1	0.6034772686913433	0.6085925018802727	([636, 574], [636, 630, 574])
1	0.5911350597966059	0.608635013199501	([771, 743], [771, 756, 743])
1	0.586085372277587	0.6086371099581623	([238, 212], [238, 221, 213])
1	0.6063171011135484	0.6086451076785534	([1222, 1028], [1510, 1222, 1028])
1	0.6005280992689295	0.6088484161194181	([638, 584], [638, 631, 584])
1	0.6062702746563019	0.6088605634479569	([1441, 1182], [1441, 1433, 1188])
1	0.5921622091769777	0.608914895771244	([574, 481], [584, 574, 481])
1	0.5764010527928444	0.6089746407403932	([1292, 1260], [1292, 1285, 1259])
1	0.5888707785045865	0.6089771430096824	([582, 468], [582, 577, 468])
1	0.5470929085727214	0.6091822876143621	([1192, 1172], [1192, 1161, 1156])
1	0.6069307751625039	0.6095255224827102	([574, 259], [574, 262, 259])
1	0.600970795359491	0.6095975208638802	([426, 399], [426, 413, 401])
1	0.5884360633944019	0.6096559385106078	([576, 498], [576, 498, 488])
1	0.5913717911055076	0.6096637259982223	([1103, 885], [1106, 1094, 877])
1	0.6011709545157583	0.6096645261204576	([1441, 1028], [1441, 1028, 1017])
1	0.604502756047835	0.6097520885991011	([1098, 873], [1432, 1098, 878])
1	0.5925437831815743	0.609779456996596	([1504, 1217], [1504, 1489, 1218])
1	0.49175818222371837	0.6097950797478372	([1243, 1192], [1243, 1210, 1194])
1	0.5607454090619939	0.6098583637727659	([165, 131], [165, 164, 129])
1	0.5225868045851809	0.6099170082571309	([1425, 1185], [1404, 1402, 1189])
1	0.5952533026184825	0.6099170082571309	([1437, 1189], [1437, 1404, 1189])
1	0.6026566745436024	0.6099554361638385	([1488, 1449], [1488, 1483, 1449])
1	0.6070592394909865	0.6099944566029877	([572, 532], [572, 532, 520])
1	0.6017481089319382	0.6100255661217695	([335, 266], [335, 326, 276])
1	0.6066120643503154	0.6100508382886772	([664, 580], [664, 652, 580])
1	0.6063352567630254	0.6100637594947665	([754, 579], [1434, 762, 754])
1	0.5890112149647516	0.6100637594947665	([1436, 754], [1436, 1434, 754])
1	0.606503016819417	0.6101621954603933	([336, 280], [336, 333, 280])
1	0.58815611075866	0.6104356720206806	([1433, 352], [352, 345, 252])
1	0.5842526361193024	0.6104407234750335	([623, 576], [625, 623, 576])
1	0.5977107013541398	0.6104991084257294	([650, 629], [650, 643, 629])
1	0.6054042872686499	0.6105564659493694	([1225, 1156], [1225, 1222, 1156])
1	0.6006288265172642	0.6106112377034506	([976, 955], [976, 963, 960])
1	0.6037756500039763	0.6106368575276838	([1300, 1261], [1348, 1326, 1261])
1	0.608499774757354	0.6106496582170737	([349, 248], [363, 349, 348])
1	0.6013729299273539	0.6106708378814273	([1156, 1121], [1222, 1156, 1123])
1	0.5403983990812632	0.6107830764746188	([1497, 1192], [1497, 1248, 1244])
1	0.6005737854062111	0.6107830764746188	([1501, 1244], [1501, 1497, 1244])
1	0.6078351399385007	0.6107923223128442	([342, 247], [342, 262, 247])
1	0.5677889049541506	0.6108922494164547	([612, 576], [612, 588, 577])
1	0.6103126174084385	0.6109212968359833	([929, 580], [929, 892, 880])
1	0.588987246384321	0.6109247009076241	([1272, 1192], [1282, 1276, 1272])
1	0.5839152719616365	0.6109489488552788	([737, 700], [737, 717, 707])
1	0.5810763444075894	0.6109489488552788	([747, 707], [747, 737, 707])
1	0.5871753582646003	0.6110575112296867	([1441, 1074], [1441, 1431, 1091])
1	0.5993690198633213	0.6111047077999805	([1252, 1029], [1353, 1252, 1044])
1	0.5876326348968489	0.6111047077999805	([1509, 1044], [1354, 1353, 1044])
1	0.5689290448740968	0.6111104265920558	([1433, 1006], [1433, 1025, 1015])
1	0.6109024381853082	0.6112034786602317	([1241, 1195], [1241, 1208, 1207])
1	0.5907091629050104	0.6113930939347924	([1432, 1245], [1432, 1410, 1245])
1	0.6060688632009716	0.611423025511336	([1433, 600], [1433, 599, 589])
1	0.576740248778778	0.6114807606367499	([329, 276], [327, 314, 283])
1	0.5744929219623666	0.6114890295942152	([1432, 644], [1432, 654, 582])
1	0.5975310316842086	0.6115051111393346	([1322, 1270], [1333, 1322, 1270])
1	0.6020368514663386	0.6115085717368507	([1432, 1015], [1496, 1433, 1015])
1	0.5889032091536386	0.6115377437024992	([80, 34], [85, 80, 34])
1	0.5959924458440073	0.6115508445832907	([1433, 1123], [1192, 1156, 1115])
1	0.6018204842840703	0.6116174935639399	([360, 251], [360, 358, 252])
1	0.6108143955391953	0.6116497995124949	([584, 157], [584, 157, 109])
1	0.5940121266012734	0.6116542216144634	([888, 581], [1427, 888, 883])
1	0.604344067866574	0.6117321107892444	([733, 694], [733, 705, 702])
1	0.6042242670704079	0.6117835032747323	([338, 249], [338, 264, 262])
1	0.6108774708867996	0.6117899044362567	([1441, 736], [1441, 1433, 732])
1	0.5436663377993772	0.6118016355191673	([1192, 473], [1192, 473, 468])
1	0.602509116398299	0.6118395455120725	([966, 945], [966, 956, 944])
1	0.5977528351028545	0.611857526146483	([85, 6], [85, 34, 9])
1	0.5740669142996319	0.611857526146483	([91, 9], [86, 85, 9])
1	0.5941954481139213	0.611866080862103	([1500, 1424], [1493, 1478, 1243])
1	0.6002239036081888	0.6119796859166491	([576, 474], [576, 488, 481])
1	0.6119927522215347	0.6121694858716376	([1323, 1268], [1323, 1290, 1285])
1	0.5989699899623028	0.6123553814598113	([1409, 1121], [1499, 1492, 1121])
1	0.5832199423474523	0.612391778058124	([1503, 1388], [1503, 1477, 1433])
1	0.6053593772087275	0.6124524154974658	([574, 355], [583, 581, 355])
1	0.6113725469303263	0.6125749154356251	([677, 657], [678, 677, 662])
1	0.6062342829315531	0.6126645702390916	([339, 244], [339, 271, 267])
1	0.5986870710358762	0.6126645702390916	([339, 271], [346, 339, 267])
1	0.6073436683236343	0.612749907542242	([334, 259], [334, 278, 261])
1	0.5874410202733831	0.6127681160859509	([574, 158], [574, 158, 112])
1	0.6010626044566182	0.6128906416541153	([1499, 1247], [1499, 1492, 1247])
1	0.5998473975580185	0.6129999244177863	([1242, 1028], [1251, 1222, 1123])
1	0.5903596683404057	0.6131346331666138	([334, 278], [334, 327, 278])
1	0.6077447773823814	0.6131478625394496	([753, 713], [753, 737, 735])
1	0.6068680228605681	0.6131627140189532	([962, 933], [962, 955, 941])
1	0.6012794212023088	0.6132015433137633	([1370, 1194], [1389, 1370, 1194])
1	0.6039829830479087	0.6132015433137633	([1391, 1194], [1391, 1389, 1194])
1	0.524959726796091	0.6132121626017555	([1192, 1156], [1195, 1192, 1172])
1	0.6084745250459309	0.613274595195747	([586, 576], [587, 586, 576])
1	0.5675170051476468	0.6133862262108958	([1451, 1424], [1511, 1452, 1424])
1	0.5880046167281656	0.6134080338429176	([1492, 1392], [1497, 1492, 1392])
1	0.6124380959688563	0.6134659436575933	([336, 265], [336, 280, 264])
1	0.6028019647896817	0.6135453829978804	([1495, 1390], [1502, 1495, 1390])
1	0.6116194042222663	0.613565441908164	([1496, 574], [1496, 1432, 1427])
1	0.5427949339112648	0.613565441908164	([1496, 1432], [1496, 1494, 1427])
1	0.5966874957676374	0.6135730457665658	([1495, 1245], [1499, 1495, 1245])
1	0.6078179783373712	0.613641406515869	([1507, 1225], [1507, 1477, 1448])
1	0.5977797172245732	0.6137140689137623	([1436, 1401], [1436, 1401, 1400])
1	0.598257431619437	0.6137318538865801	([709, 673], [709, 707, 688])
1	0.6059762163775422	0.6139718948081553	([129, 8], [129, 91, 8])
1	0.5556504277762813	0.6139782836331935	([661, 574], [650, 630, 629])
1	0.5915740520659036	0.6140291122497727	([573, 341], [580, 573, 341])
1	0.5755713967657924	0.614036233120967	([1436, 881], [1436, 1098, 1075])
1	0.6064056668835431	0.6140642292326605	([345, 273], [345, 273, 260])
1	0.6000224445118216	0.6140642292326605	([344, 287], [345, 344, 260])
1	0.5755783900433015	0.6141948191930351	([693, 579], [684, 668, 580])
1	0.5271684462831958	0.6142425798936276	([1490, 1192], [1496, 1433, 1428])
1	0.6040932673527243	0.6142425798936276	([1498, 1428], [1498, 1496, 1428])
1	0.5997008528094661	0.6143906644907354	([1418, 1192], [1418, 1414, 1413])
1	0.6065799487933038	0.6144466256335726	([1392, 1182], [1497, 1441, 1182])
1	0.5970545643968679	0.6145872463662145	([1402, 1097], [1407, 1402, 1097])
1	0.5991629586080168	0.6146089838287984	([1506, 1216], [1506, 1504, 1217])
1	0.6094571907582945	0.614624518209232	([580, 264], [580, 336, 326])
1	0.6053000713698838	0.614721051969354	([696, 582], [696, 684, 580])
1	0.602907994318671	0.614739382602865	([493, 470], [498, 493, 468])
1	0.5766078112661902	0.6148554443660963	([1336, 1192], [1336, 1282, 1276])
1	0.5350304962043222	0.614864415187155	([572, 520], [572, 555, 545])
1	0.5760282797507142	0.6149483851121755	([579, 481], [580, 579, 472])
1	0.5769337640713662	0.6149656573749626	([346, 241], [346, 270, 267])
1	0.5859213694728362	0.6149656573749626	([343, 246], [346, 343, 270])
1	0.6118384587000498	0.6150827906631108	([1248, 1184], [1248, 1243, 1184])
1	0.6026538440112397	0.6152369287056543	([1008, 582], [1010, 1008, 580])
1	0.6083660734079915	0.6153052372393022	([1493, 1402], [1501, 1441, 1402])
1	0.6130323593772395	0.6153128995853067	([466, 316], [467, 466, 316])
1	0.6086482073500782	0.6153472760487344	([1402, 1246], [1402, 1395, 1246])
1	0.6142194010166308	0.6153613489209102	([820, 784], [826, 820, 776])
1	0.608182102804892	0.615364354082417	([576, 206], [576, 254, 248])
1	0.6126475807092528	0.6153778249027799	([1216, 1151], [1216, 1202, 1196])
1	0.5905793901026805	0.615491453036029	([156, 101], [156, 153, 101])
1	0.5993225466466587	0.615495375458661	([1433, 1029], [1433, 1029, 1025])
1	0.6083429114396474	0.6155850150130777	([701, 656], [701, 700, 664])
1	0.6096269199552828	0.6156235429257285	([403, 374], [403, 400, 385])
1	0.6109968688325117	0.615699917086506	([330, 255], [339, 330, 255])
1	0.6117740798795022	0.6157066575531714	([1405, 1099], [1434, 1405, 1403])
1	0.5935462509357787	0.6158735907848089	([1432, 826], [1432, 878, 828])
1	0.5618227364304517	0.6159115213339029	([1386, 1192], [1386, 1365, 1252])
1	0.5864907014138865	0.6159268446498752	([1153, 1116], [1153, 1124, 1122])
1	0.6112121715349401	0.6159268446498752	([1155, 1111], [1155, 1153, 1122])
1	0.607210297876849	0.615957028903303	([79, 57], [79, 67, 57])
1	0.6012479585213368	0.6160715844482868	([705, 654], [705, 694, 667])
1	0.5909871058012287	0.6160724325973611	([1282, 1042], [1370, 1282, 1042])
1	0.6158907096736951	0.6161658011147434	([261, 229], [261, 247, 229])
1	0.6101293279228776	0.6162126176716786	([871, 827], [1436, 872, 827])
1	0.6072369249170341	0.6162892413206752	([1424, 995], [1424, 995, 985])
1	0.5983403086842672	0.6162910635015735	([583, 232], [583, 574, 221])
1	0.6151884743627107	0.6163366115890312	([822, 787], [1425, 827, 822])
1	0.6098044953700723	0.6163460351848901	([1403, 1183], [1403, 1392, 1183])
1	0.5808624420963611	0.6163642735535528	([581, 228], [583, 581, 253])
1	0.5976274035930434	0.6163893516524067	([1128, 1117], [1125, 1124, 1123])
1	0.6106125865884799	0.6164728025210564	([939, 899], [939, 931, 907])
1	0.6159821631690787	0.6164846364684422	([1512, 1042], [1512, 1227, 1043])
1	0.6053683502637663	0.6165027959213565	([348, 239], [350, 338, 249])
1	0.5989938556660369	0.6165553645887482	([1407, 1182], [1407, 1394, 1182])
1	0.6063114625116187	0.6165624317629758	([1245, 1188], [1245, 1244, 1188])
1	0.518016453108814	0.6165624317629758	([1433, 1391], [1441, 1244, 1188])
1	0.6106424226724187	0.6166070929491734	([457, 417], [457, 440, 417])
1	0.6143100785052399	0.6166581106516348	([1358, 1285], [1358, 1348, 1340])
1	0.6159545901668236	0.6168423861325237	([1207, 1152], [1213, 1207, 1152])
1	0.6086412944819527	0.6168423861325237	([1252, 1152], [1252, 1213, 1152])
1	0.5950287433584004	0.6170231278812852	([1492, 1409], [1492, 1481, 1432])
1	0.4973257236409232	0.6170231278812852	([1442, 1441], [1496, 1492, 1432])
1	0.6165056127570935	0.617052024126246	([695, 647], [695, 678, 667])
1	0.5611414987701742	0.6170588462869705	([881, 582], [1434, 889, 873])
1	0.6124127573390916	0.6171298073573169	([1406, 1087], [1425, 1406, 1087])
1	0.6129423845010666	0.6171426956663335	([747, 577], [754, 747, 577])
1	0.5999975268220815	0.6171543166932139	([572, 95], [572, 95, 70])
1	0.5950045776480472	0.6171546307428994	([1432, 740], [1432, 764, 740])
1	0.6153209222799905	0.6171546307428994	([1433, 764], [1433, 764, 740])
1	0.6162154505639601	0.617166955437753	([1497, 1070], [1497, 1425, 1075])
1	0.6138065373322543	0.6172218810241954	([1354, 1145], [1511, 1354, 1145])
1	0.6113884535182497	0.6172218810241954	([1476, 1145], [1511, 1476, 1145])
1	0.6153644688745521	0.617317969856936	([1431, 896], [1431, 1427, 896])
1	0.611691227774393	0.6174212633255043	([1494, 1069], [1494, 1478, 1243])
1	0.5908593855923435	0.617535178646787	([187, 6], [166, 123, 85])
1	0.6004869723070614	0.6175771213852758	([583, 281], [583, 281, 232])
1	0.5835663636500847	0.6176103572665809	([1185, 761], [1185, 761, 747])
1	0.5923226769652746	0.6177440320808614	([579, 148], [577, 140, 108])
1	0.5746928849567011	0.6177506500136708	([580, 472], [580, 517, 497])
1	0.5879873413664781	0.6177506500136708	([573, 497], [580, 573, 497])
1	0.6158740011100313	0.6178931900899298	([326, 240], [326, 276, 240])
1	0.6081818699060978	0.6180018978444425	([648, 576], [648, 582, 572])
1	0.602855060277047	0.6180018978444425	([646, 572], [648, 646, 572])
1	0.5972529664097447	0.6180622615589856	([753, 699], [753, 737, 699])
1	0.6018567898647644	0.6180656110130868	([698, 651], [698, 684, 580])
1	0.6003509104604579	0.6181019466852717	([702, 659], [702, 693, 659])
1	0.6164272221081805	0.6181204702661954	([1331, 1254], [1343, 1331, 1254])
1	0.5907924365459694	0.6181565987660187	([577, 484], [478, 470, 469])
1	0.6079474703602121	0.6181612246048526	([1507, 1124], [1481, 1477, 1124])
1	0.6090675859037727	0.6182936350239607	([332, 248], [335, 332, 248])
1	0.6056677566772697	0.6182936350239607	([363, 248], [349, 335, 248])
1	0.5603844512466312	0.6183142844128984	([1433, 708], [1433, 781, 780])
1	0.6170195196165058	0.6183192944690793	([1441, 753], [1441, 753, 743])
1	0.6144354019384065	0.6183734126891881	([74, 24], [74, 68, 28])
1	0.6076943755262983	0.618378917019676	([574, 326], [574, 331, 326])
1	0.6151551173458982	0.6184346001971159	([1108, 874], [1108, 1103, 874])
1	0.6158519231413865	0.6185958575716595	([700, 576], [701, 700, 576])
1	0.6105234340527029	0.6187587170402511	([432, 372], [432, 421, 372])
1	0.6007783410876388	0.6187706873078996	([701, 584], [754, 745, 701])
1	0.6153568942453681	0.6188574146194179	([1448, 1436], [1448, 1443, 1441])
1	0.6036806350195061	0.6188676457131922	([1100, 880], [1432, 1100, 897])
1	0.5588525242851528	0.618906730782336	([1426, 78], [1426, 93, 78])
1	0.6183823223984055	0.6189955010364581	([1440, 1096], [1440, 1428, 1096])
1	0.6089022843529406	0.6191144427313783	([1521, 1264], [1523, 1521, 1326])
1	0.553604157990829	0.6191148265504054	([1192, 772], [1192, 772, 760])
1	0.618552218145275	0.6191806923391776	([1520, 1259], [1521, 1520, 1259])
1	0.6156808477061725	0.6192799334045671	([103, 25], [157, 106, 103])
1	0.6174672705903634	0.6192799334045671	([161, 103], [161, 157, 103])
1	0.616362476650016	0.6192890710719113	([1485, 1203], [1485, 1238, 1229])
1	0.6188989907782769	0.6192890710719113	([1485, 1362], [1485, 1362, 1238])
1	0.5984699556002013	0.6193414803083465	([467, 372], [467, 441, 432])
1	0.6115515306317886	0.6193414803083465	([466, 432], [467, 466, 432])
1	0.6083496584866117	0.6193736547926911	([870, 829], [870, 868, 829])
1	0.5918102553257426	0.619396011252596	([202, 155], [202, 184, 162])
1	0.6141044603775355	0.6194215027798071	([1480, 1425], [1425, 1369, 1225])
1	0.6184708473569855	0.6194437532082261	([785, 392], [785, 751, 747])
1	0.6190937543994068	0.6195060479667492	([1425, 1013], [1441, 1405, 1013])
1	0.6182262479646643	0.619571670645157	([1483, 1219], [1506, 1483, 1216])
1	0.6105324784708579	0.6195940263590207	([1008, 574], [1403, 1394, 574])
1	0.6163407354962551	0.6196575152907965	([732, 576], [732, 703, 701])
1	0.6157639864265568	0.6196583580793358	([1434, 780], [1434, 780, 762])
1	0.5969594387606949	0.6196613608087539	([763, 580], [730, 712, 580])
1	0.6102755020150736	0.6197170278331187	([1520, 1348], [1520, 1348, 1264])
1	0.5888960987542118	0.6197432733870356	([580, 233], [582, 580, 235])
1	0.6168245301859328	0.6197857887846796	([647, 392], [647, 642, 392])
1	0.578874694541611	0.6198028799594435	([710, 672], [710, 709, 672])
1	0.6013625971300016	0.6198405203548889	([1424, 1399], [1424, 1416, 1398])
1	0.5875741084531975	0.619854713601644	([581, 355], [574, 349, 326])
1	0.5587103464369371	0.61986035434803	([580, 359], [580, 249, 237])
1	0.6114740882864793	0.6199068482339762	([1425, 651], [1425, 701, 651])
1	0.6170185344659346	0.6199208958033192	([1502, 1112], [1502, 1433, 1123])
1	0.595781166024813	0.6199806425701193	([868, 830], [870, 869, 828])
1	0.6087014916632861	0.6200827773794191	([575, 515], [579, 575, 522])
1	0.6077707096456795	0.6201356548334562	([581, 261], [581, 261, 240])
1	0.5908666555974228	0.6201640866539883	([580, 211], [580, 245, 237])
1	0.61902341556096	0.6201871941053939	([472, 367], [580, 472, 367])
1	0.6192024123740963	0.6202339150264515	([354, 250], [354, 338, 335])
1	0.59034562416632	0.6202718466996445	([1436, 829], [871, 867, 827])
1	0.5899306252886595	0.6202718466996445	([869, 828], [1425, 867, 827])
1	0.564118265451979	0.6202718466996445	([1425, 827], [1433, 867, 827])
1	0.5877549624559729	0.620311891138397	([1116, 1084], [1116, 1111, 1086])
1	0.6085158928167211	0.6203136821511426	([1432, 779], [1432, 779, 762])
1	0.6192704087662553	0.6203186366008367	([1154, 1114], [1154, 1124, 1114])
1	0.6126562910986847	0.6203889244374647	([198, 181], [206, 198, 181])
1	0.5985570349761986	0.6203926717690396	([1362, 1238], [1362, 1360, 1231])
1	0.5795669605382833	0.6204604360043263	([1500, 1185], [1500, 1437, 1189])
1	0.599277196868917	0.6204604360043263	([1189, 1121], [1500, 1492, 1189])
1	0.6155679460837633	0.6204768697393074	([874, 760], [885, 874, 760])
1	0.610674133347847	0.6205198479716189	([157, 25], [94, 69, 30])
1	0.616589307479269	0.6206011114845504	([1452, 1330], [1452, 1354, 1335])
1	0.5934834953299118	0.6206123153076509	([582, 260], [582, 248, 238])
1	0.5923699027911976	0.6206978427551968	([580, 162], [580, 211, 195])
1	0.6167555963273769	0.6207221635123527	([752, 706], [752, 733, 729])
1	0.5177726111742619	0.6207300531098773	([578, 343], [578, 364, 347])
1	0.6061869552118826	0.6207647723780034	([1346, 1325], [1346, 1333, 1330])
1	0.6038699802182139	0.6208604952721584	([584, 14], [584, 574, 14])
1	0.6041492481301057	0.6208848908176852	([738, 697], [738, 714, 703])
1	0.6165690469158263	0.6208938272597458	([1251, 1155], [1251, 1211, 1208])
1	0.6107131047448148	0.6210098241023656	([832, 816], [832, 827, 814])
1	0.6085934817258684	0.6211040118139033	([1208, 1122], [1243, 1210, 1122])
1	0.5799206323032927	0.6211040118139033	([1192, 1115], [1501, 1243, 1122])
1	0.6167608358272565	0.6211518370687809	([1415, 1400], [1436, 1421, 1400])
1	0.6143791529125097	0.6211627317096355	([368, 328], [368, 351, 328])
1	0.5982155375597448	0.6211829508968354	([326, 232], [326, 240, 232])
1	0.602166495717971	0.6212484258093042	([751, 704], [751, 733, 704])
1	0.5837337133283975	0.6212818591451313	([576, 366], [576, 351, 332])
1	0.6197845284020808	0.6213089187187146	([870, 778], [870, 829, 778])
1	0.6100599408589903	0.6213756264512866	([686, 582], [696, 686, 675])
1	0.5832136931955296	0.6213912881673151	([1432, 621], [1432, 626, 582])
1	0.5247038897688536	0.6214147734045167	([1433, 1098], [1226, 1208, 1155])
1	0.620427935727685	0.6214147734045167	([1448, 1155], [1448, 1226, 1155])
1	0.6141343513914268	0.6214547434176876	([1185, 1108], [1427, 1185, 1108])
1	0.5943002335115409	0.6216505556837065	([579, 500], [575, 574, 517])
1	0.6136010051592677	0.621656782900053	([1521, 1457], [1522, 1521, 1459])
1	0.6020368574739694	0.6217241563608517	([887, 580], [1100, 1095, 1008])
1	0.610248014868242	0.621775690210018	([353, 256], [353, 333, 256])
1	0.5738587879141687	0.6217883291707159	([574, 217], [584, 583, 264])
1	0.5766184051433516	0.6218011007984923	([467, 455], [466, 457, 446])
1	0.5494334532514911	0.6218818894259773	([582, 235], [579, 328, 278])
1	0.5979130693213528	0.6219565663318927	([1093, 893], [1100, 1093, 880])
1	0.6117020583751659	0.6220040169457745	([499, 391], [470, 461, 460])
1	0.6131087125607183	0.6220236958134788	([883, 761], [890, 777, 761])
1	0.5922343263973853	0.6220548811342524	([573, 128], [580, 573, 162])
1	0.5903401237150845	0.6220564125638304	([1433, 1155], [1433, 1212, 1155])
1	0.6084165874630326	0.6221266496032525	([652, 481], [652, 644, 485])
1	0.4835578917646274	0.6221531855498602	([1172, 1170], [1437, 1189, 1107])
1	0.6215643206575862	0.6221772943646131	([1385, 1352], [1385, 1371, 1363])
1	0.6204575695898193	0.62219232249811	([1220, 1027], [1252, 1220, 1027])
1	0.6164142789118134	0.6222085705558335	([361, 250], [361, 350, 250])
1	0.6051937821999275	0.6222213135138189	([254, 206], [254, 240, 228])
1	0.5545260967541513	0.6222330566948506	([584, 251], [583, 582, 226])
1	0.5679716470869287	0.6222360059587811	([584, 474], [584, 583, 473])
1	0.6211461242210872	0.6223146895326128	([474, 359], [576, 474, 362])
1	0.6142491441320538	0.622330224408296	([574, 314], [574, 326, 323])
1	0.6142582732802733	0.6223841299185295	([833, 817], [833, 817, 803])
1	0.6184898447528696	0.6224023672836034	([1183, 1155], [1194, 1183, 1155])
1	0.6108995521279	0.6225947872444847	([1228, 1125], [1228, 1201, 1125])
1	0.6177056089858841	0.622621839046966	([1346, 1258], [1346, 1328, 1260])
1	0.5999574641295952	0.622661979545771	([1424, 876], [1424, 892, 876])
1	0.6048218375425337	0.6227452092901976	([1490, 1224], [1503, 1490, 1220])
1	0.6110703706886608	0.6227454693711585	([1181, 1111], [1181, 1170, 1155])
1	0.6128502738050007	0.6227746187390835	([1519, 1260], [1522, 1291, 1264])
1	0.6128081455003104	0.6227746187390835	([1522, 1291], [1522, 1520, 1264])
1	0.6122452201876957	0.6227883921797255	([1369, 1122], [1369, 1223, 1155])
1	0.6019625331343265	0.622792358797722	([1253, 1240], [1364, 1276, 1227])
1	0.6218722630361095	0.622792422486474	([471, 350], [577, 471, 350])
1	0.6137799861028865	0.6228446318057737	([91, 63], [91, 66, 63])
1	0.613073095477715	0.6228454845450029	([1436, 810], [810, 793, 781])
1	0.6153561222521208	0.6229338935128401	([362, 226], [583, 362, 355])
1	0.6194511777722201	0.6229542964890482	([1383, 1229], [1383, 1349, 1342])
1	0.6178773695749806	0.6231219788531752	([877, 749], [890, 877, 871])
1	0.5859620041372613	0.623170941797717	([572, 494], [572, 520, 516])
1	0.6021551923949641	0.6232175096720979	([582, 352], [1433, 646, 352])
1	0.6092748602143927	0.623223714809483	([1504, 1152], [1504, 1215, 1207])
1	0.5873001944589467	0.623223714809483	([1489, 1218], [1507, 1504, 1207])
1	0.6174759979344469	0.6232646791883822	([479, 368], [479, 478, 354])
1	0.5943145981176956	0.6232837417490258	([1455, 1041], [1455, 1449, 1041])
1	0.5889719259729078	0.6233125737370677	([1518, 1192], [1518, 1272, 1269])
1	0.6141742888844091	0.6233144768146591	([633, 392], [633, 625, 392])
1	0.5883850152609338	0.6233196887775821	([576, 488], [576, 572, 512])
1	0.560447250002305	0.6233506360047094	([1433, 829], [869, 859, 839])
1	0.6198307073771406	0.623396593951904	([1356, 1235], [1356, 1272, 1233])
1	0.6088024708010615	0.6234281467690341	([1241, 1154], [1241, 1208, 1154])
1	0.6125147989464591	0.6234662154176598	([404, 376], [402, 400, 376])
1	0.5848111219756481	0.6234903739061758	([1424, 1093], [1427, 1424, 1093])
1	0.5866525923729539	0.6235147090985586	([574, 458], [577, 485, 484])
1	0.6090566985519865	0.6236493646076066	([713, 674], [713, 696, 674])
1	0.5899054837230208	0.6237008947108067	([826, 776], [820, 811, 784])
1	0.6155225083383592	0.6237301060092042	([1502, 1193], [1502, 1193, 1155])
1	0.6068236546503554	0.6237425147622649	([1185, 1071], [1185, 1108, 1078])
1	0.610827531496757	0.6237425147622649	([1189, 1078], [1189, 1185, 1078])
1	0.6225713362819687	0.6238348414152141	([1378, 1275], [1378, 1362, 1340])
1	0.6126797236775032	0.6238786449332423	([1479, 1069], [1495, 1494, 1069])
1	0.5893614851938848	0.6239645945948925	([610, 582], [619, 610, 608])
1	0.6194496134465566	0.6239738345748742	([1187, 1120], [1187, 1183, 1120])
1	0.615495252150743	0.6240640688848037	([901, 866], [901, 885, 866])
1	0.6227929261002583	0.6240690876219097	([785, 576], [785, 768, 576])
1	0.6099410782183767	0.6241025682071843	([361, 225], [361, 250, 225])
1	0.5856971315235738	0.6241178931932262	([1450, 1201], [1449, 1445, 1218])
1	0.5497336940189509	0.6241398320248861	([495, 467], [500, 497, 465])
1	0.6234905528468732	0.6241519646744244	([1357, 1268], [1357, 1348, 1332])
1	0.6073220931923449	0.6241939810208416	([1362, 1255], [1345, 1329, 1287])
1	0.6222112125016945	0.6242142408557682	([1478, 1154], [1478, 1211, 1208])
1	0.5858424016879632	0.6242385946761213	([577, 460], [582, 580, 470])
1	0.6171249011957862	0.6243209991194688	([1067, 1026], [1067, 1044, 1028])
1	0.6193730542622178	0.6243220962702672	([1500, 1393], [1500, 1492, 1393])
1	0.6228750887605187	0.624424225914959	([1218, 1126], [1218, 1202, 1151])
1	0.6059227708517715	0.624424225914959	([1213, 1153], [1504, 1218, 1151])
1	0.6217737231689322	0.6244602387742427	([1449, 1384], [1449, 1384, 1361])
1	0.6164464843693706	0.624461004245237	([363, 269], [363, 269, 248])
1	0.6054724186958217	0.6244945617992637	([1424, 954], [1424, 954, 938])
1	0.6228946194537792	0.6245044404196071	([880, 787], [881, 877, 784])
1	0.6168491884452666	0.6245054273277936	([1433, 1062], [1433, 1062, 1045])
1	0.6109458931888917	0.6245317406693374	([988, 941], [988, 963, 962])
1	0.6198790784211439	0.6245922645820994	([576, 114], [576, 148, 112])
1	0.599877485388803	0.624604464808237	([93, 22], [93, 72, 22])
1	0.5491983840563536	0.6246143351330968	([1433, 781], [827, 822, 787])
1	0.6138504122721005	0.6246515767791341	([1214, 1160], [1214, 1195, 1178])
1	0.6198919928089012	0.6246723046284804	([754, 652], [744, 700, 652])
1	0.5509572957508735	0.6246871706804126	([1202, 1133], [1507, 1207, 1152])
1	0.6183496286818675	0.6247718220999343	([1460, 1256], [1458, 1456, 1256])
1	0.5378963438766137	0.6247834438076432	([1360, 1202], [1361, 1347, 1235])
1	0.6196091082492173	0.624786343371171	([1072, 1024], [1072, 1068, 1024])
1	0.6213513101172182	0.6248252526053457	([1210, 1113], [1210, 1123, 1122])
1	0.6120448121718151	0.6248423475387319	([584, 514], [584, 575, 515])
1	0.610057061386669	0.6249156874859196	([1212, 1185], [1212, 1194, 1185])
1	0.6211016601832438	0.6249331758592455	([1515, 1255], [1519, 1515, 1260])
1	0.6059508157882006	0.6249933894085726	([1519, 1329], [1519, 1285, 1269])
1	0.6010242826914588	0.6249933894085726	([1523, 1326], [1519, 1512, 1269])
1	0.5826841809962798	0.6250224977635273	([579, 258], [579, 278, 258])
1	0.6144028620969864	0.6251071866383952	([183, 103], [183, 159, 103])
1	0.6081819766999645	0.6252394925874719	([1078, 1015], [1440, 1096, 1070])
1	0.6245139150482499	0.6252571123626445	([1175, 1125], [1175, 1159, 1117])
1	0.6164599786135672	0.6252590377612848	([1023, 580], [1023, 1008, 1005])
1	0.5906750043575157	0.625346817284789	([1420, 1398], [1443, 1419, 1399])
1	0.6103480648895294	0.6253562330929255	([1484, 1125], [1484, 1483, 1125])
1	0.6097169181820601	0.6254406454196066	([1407, 1247], [1407, 1247, 1183])
1	0.5870465710894431	0.6254523835001671	([1185, 973], [1185, 1078, 1015])
1	0.6241962778157644	0.6255386602463052	([662, 628], [662, 642, 628])
1	0.5979895184573123	0.62569216365118	([1185, 1096], [1185, 1096, 1071])
1	0.6219652459198266	0.6258370739113306	([453, 401], [453, 435, 401])
1	0.622692759028644	0.6258654651206934	([1077, 887], [1096, 1077, 1070])
1	0.6097060919504368	0.6259266989643184	([623, 392], [623, 607, 589])
1	0.5877474857128148	0.6259307594908108	([1402, 1009], [1402, 1192, 1012])
1	0.5535729040863746	0.6259307594908108	([1436, 1010], [1402, 1394, 1012])
1	0.6218951844133076	0.6259321410242471	([990, 954], [1424, 995, 954])
1	0.6196631566635523	0.6259513830355857	([466, 373], [467, 373, 372])
1	0.6017944003970207	0.6259714967549646	([574, 12], [574, 65, 7])
1	0.6210399162026395	0.6259776966493091	([1505, 1206], [1447, 1241, 1222])
1	0.6195453354316944	0.6260194365334093	([635, 486], [635, 580, 486])
1	0.5538046452847569	0.626056597404956	([1433, 1025], [1402, 1097, 1012])
1	0.6174244929351796	0.6262017155150492	([1187, 580], [1187, 1121, 1120])
1	0.5990067598602619	0.6262017155150492	([1183, 1110], [1189, 1187, 1121])
1	0.6203149441798428	0.6262896028702595	([864, 822], [864, 837, 830])
1	0.6006395589406183	0.626323726280744	([1424, 1024], [1433, 1250, 1023])
1	0.6107079818874706	0.6263360192919608	([1425, 936], [936, 932, 883])
1	0.6032056195048947	0.6263360590964457	([1522, 1459], [1522, 1517, 1460])
1	0.623382682133656	0.6263519172719366	([1441, 931], [1441, 931, 910])
1	0.6064444420660201	0.6263722188530966	([1389, 1111], [1389, 1155, 1154])
1	0.6259618242468828	0.6263976357271359	([500, 457], [500, 465, 457])
1	0.5939669872170898	0.6264129568583895	([1433, 340], [1433, 352, 340])
1	0.5848474101508285	0.6264265802874328	([65, 7], [65, 25, 19])
1	0.600813536752049	0.6265685317423285	([1424, 862], [1424, 912, 862])
1	0.594096239357445	0.6265685317423285	([912, 863], [1433, 912, 862])
1	0.5980655806440401	0.6266130751721142	([584, 109], [584, 97, 14])
1	0.5632200154310136	0.6266374660191187	([667, 573], [665, 633, 582])
1	0.6125424433728872	0.6267185828611361	([1349, 1230], [1347, 1273, 1228])
1	0.6259238799601483	0.6267268924580605	([1121, 1004], [1501, 1121, 1016])
1	0.5574167105350295	0.6267345094444627	([580, 521], [583, 482, 362])
1	0.6029347932264005	0.6267787143465668	([639, 478], [639, 583, 482])
1	0.6069000798748259	0.6267805602249338	([881, 784], [877, 787, 760])
1	0.6116360479597562	0.6267805602249338	([885, 781], [877, 874, 760])
1	0.6180618270831455	0.6267872773903342	([472, 348], [580, 472, 347])
1	0.6214922894937095	0.6267902788083589	([1099, 576], [1427, 1099, 1076])
1	0.5897738139209434	0.626848528634783	([572, 209], [576, 572, 206])
1	0.6177963118259067	0.6269518638101077	([641, 365], [641, 583, 365])
1	0.6102083423532342	0.627092720958523	([392, 191], [392, 251, 238])
1	0.6147825874519249	0.6271859448202175	([1072, 577], [1102, 1072, 1071])
1	0.6213921099038959	0.627186452362297	([1480, 1025], [1480, 1425, 1021])
1	0.6232481029463304	0.6272102176590656	([623, 579], [623, 610, 589])
1	0.6203944071136225	0.6273716666887309	([1500, 1012], [1500, 1497, 1012])
1	0.6125869982285592	0.6273942740589744	([228, 155], [204, 178, 159])
1	0.6214575836205974	0.6274268653187478	([1088, 890], [1094, 1075, 890])
1	0.5887877207086344	0.627433302498865	([879, 574], [1427, 886, 875])
1	0.6129609463391128	0.6274503341856812	([688, 574], [688, 669, 574])
1	0.6244493379966681	0.6274737741831714	([1020, 960], [1019, 990, 987])
1	0.6195725650689767	0.6274817329745318	([1506, 1160], [1506, 1484, 1446])
1	0.6098441875926375	0.627523057180854	([1480, 580], [1492, 1480, 580])
1	0.6201941418041643	0.6275292819733734	([478, 249], [478, 342, 249])
1	0.6260181475558766	0.6276215085778596	([1209, 1112], [1209, 1208, 1112])
1	0.6207246719811	0.6276717232262997	([1516, 1461], [1523, 1518, 1458])
1	0.6067710637133165	0.6277265900958522	([1403, 1122], [1403, 1390, 1122])
1	0.6110702938092136	0.6277538711636841	([1511, 1144], [1511, 1252, 1144])
1	0.6247985309366387	0.6278431799067958	([1327, 1266], [1327, 1290, 1266])
1	0.5940242430990141	0.6278704580621066	([574, 66], [574, 94, 76])
1	0.5969723548026252	0.627928688053462	([1434, 1007], [1434, 1405, 1013])
1	0.6205320101319136	0.6279410729288409	([1484, 1384], [1484, 1449, 1384])
1	0.5921425966387655	0.6279972985187194	([1518, 1465], [1518, 1512, 1471])
1	0.6252691879808271	0.628066204032998	([1501, 1016], [1501, 1497, 1006])
1	0.6239556878552417	0.6280961591207841	([1386, 1214], [1386, 1227, 1224])
1	0.5879207895146743	0.6281243117298474	([1424, 1223], [1511, 1424, 1223])
1	0.6096124044293666	0.6281563501653054	([819, 785], [819, 809, 789])
1	0.6209472751801948	0.6282119597332835	([740, 653], [740, 729, 702])
1	0.5863198079342405	0.6282242173041719	([1424, 985], [990, 967, 964])
1	0.6225107722795061	0.6282659912113118	([697, 632], [697, 649, 648])
1	0.6196492263498539	0.6282659912113118	([738, 648], [738, 697, 648])
1	0.6267912068653131	0.6283052197850365	([1408, 1111], [1408, 1189, 1121])
1	0.5569176221486067	0.628308415878042	([581, 479], [632, 584, 479])
1	0.6147448787072959	0.628308415878042	([634, 479], [634, 632, 479])
1	0.6085046305225971	0.6283514863853215	([1403, 574], [1427, 1403, 1108])
1	0.6237176929480094	0.6283861833689182	([929, 865], [929, 880, 865])
1	0.5406466273149965	0.6285156135836156	([1192, 693], [1192, 693, 663])
1	0.6281277992164481	0.6286546579162343	([1188, 1105], [1427, 1188, 1102])
1	0.6264068139545906	0.6286606922966665	([982, 951], [982, 967, 951])
1	0.6092283308024444	0.6286628033363482	([1419, 1196], [1420, 1419, 1177])
1	0.6266310824535193	0.6287301290129679	([1238, 1150], [1238, 1201, 1133])
1	0.557388731847768	0.6287362947913696	([574, 518], [575, 555, 521])
1	0.5529347679004603	0.6287362947913696	([576, 248], [580, 555, 521])
1	0.6143285175548379	0.6287854922179992	([201, 146], [201, 184, 160])
1	0.6046007477751858	0.6287854922179992	([224, 160], [224, 201, 160])
1	0.5160213558352731	0.6287978998328249	([578, 324], [578, 343, 324])
1	0.6003780002522139	0.6288367377320945	([579, 227], [579, 349, 348])
1	0.6049777755843834	0.6288582445881183	([258, 220], [258, 240, 237])
1	0.614703397417014	0.6288650682253277	([821, 780], [822, 821, 787])
1	0.6218047510088943	0.6289022627225548	([1390, 1026], [1479, 1390, 1242])
1	0.6166653010379005	0.6289636155786527	([889, 751], [887, 757, 751])
1	0.6281369974786251	0.6290869881293816	([1425, 805], [1425, 811, 805])
1	0.6186766764351708	0.6291114624899302	([1482, 1385], [1482, 1477, 1385])
1	0.5652860458798071	0.6291287428709754	([1511, 1424], [1424, 1404, 1250])
1	0.621184100122739	0.6291606394763717	([353, 228], [353, 245, 240])
1	0.5989790356884286	0.6291606394763717	([356, 240], [356, 353, 240])
1	0.5930319183351453	0.6292352469473793	([1517, 1460], [1518, 1517, 1460])
1	0.6188750464220107	0.6292361516521561	([583, 329], [583, 362, 329])
1	0.6131782520334295	0.6292423260110955	([633, 480], [633, 631, 475])
1	0.6145090303467895	0.6292811774284588	([581, 69], [581, 65, 30])
1	0.6156180636772886	0.6293209601433406	([1428, 869], [1428, 1098, 869])
1	0.6002393820502098	0.6293365529976856	([402, 391], [402, 391, 384])
1	0.6117399899216382	0.6293547339590249	([1185, 774], [1185, 774, 761])
1	0.5978410177106972	0.6294489970972628	([581, 493], [581, 493, 489])
1	0.5663132232833175	0.6294489970972628	([741, 581], [763, 581, 489])
1	0.5712338102818221	0.6294769514505567	([1192, 1148], [1192, 1161, 1148])
1	0.6010534046218168	0.6294806248843898	([1436, 782], [1436, 782, 766])
1	0.6132386335711917	0.6295571027641517	([1424, 511], [1424, 511, 496])
1	0.6267762437622012	0.6295873163186806	([1120, 1069], [1120, 1106, 1099])
1	0.6019701091487035	0.6295983487354748	([574, 374], [574, 370, 358])
1	0.6132269781870375	0.6296547462509088	([1069, 1023], [1069, 1067, 1026])
1	0.6169994603650176	0.6296547462509088	([1080, 1026], [1080, 1069, 1026])
1	0.6095063809768501	0.6296547462509088	([1243, 1069], [1479, 1069, 1026])
1	0.6110968734285935	0.6296831789583383	([1493, 1013], [1493, 1424, 1024])
1	0.5991695109077756	0.6297096095730683	([1095, 1008], [1434, 1403, 1014])
1	0.6222475123382533	0.6297196300504161	([1424, 1125], [1424, 1175, 1154])
1	0.6093803194487963	0.6297196300504161	([1424, 1154], [1424, 1398, 1175])
1	0.6192764134847594	0.6297337962456913	([1512, 1380], [1380, 1358, 1349])
1	0.5927283821432919	0.6297923385048805	([1441, 877], [1441, 910, 877])
1	0.6244819412539687	0.6298315795652506	([1491, 1027], [1491, 1243, 1025])
1	0.5993413697930751	0.6298315795652506	([1425, 1021], [1491, 1433, 1025])
1	0.6172217213087547	0.6299101538351274	([1096, 887], [1096, 1075, 871])
1	0.6169985195557651	0.6299405546769673	([492, 351], [492, 485, 351])
1	0.627750637480152	0.6300041725134066	([73, 16], [94, 73, 62])
1	0.6206363295191918	0.6300623181428605	([1494, 572], [1494, 1409, 1243])
1	0.5810265228554423	0.6301291457343701	([1436, 1213], [1511, 1436, 1213])
1	0.5983966001990236	0.6302053914939814	([575, 282], [575, 282, 275])
1	0.6275965629594772	0.6303629835228097	([955, 912], [955, 934, 912])
1	0.5846828346375567	0.6303773839677589	([1433, 252], [582, 352, 263])
1	0.57719437813703	0.630432059835546	([1424, 1199], [1424, 1227, 1199])
1	0.6163768955006651	0.6304534104171824	([963, 938], [963, 956, 954])
1	0.6019099929479003	0.6304852241350377	([773, 582], [773, 754, 584])
1	0.6291355709738805	0.6305265800813001	([206, 153], [206, 181, 180])
1	0.6283604811621665	0.6305603051684104	([974, 582], [1008, 1005, 582])
1	0.609542271998386	0.6306353721769191	([833, 803], [833, 832, 817])
1	0.6106065830706114	0.6306598080649521	([1105, 760], [1192, 1090, 760])
1	0.6176074933785001	0.6307017174876378	([1484, 1160], [1506, 1159, 1153])
1	0.6141650450961372	0.6307017174876378	([1506, 1116], [1506, 1213, 1153])
1	0.6195974768536612	0.6307108422829756	([1180, 1116], [1180, 1157, 1153])
1	0.5916602165022128	0.6307443645459976	([1441, 1013], [1499, 1493, 1013])
1	0.6295452652827744	0.6307516664637074	([1414, 1078], [1427, 1414, 1405])
1	0.5903855851135839	0.6307793205195372	([890, 777], [1425, 881, 867])
1	0.5951486076298022	0.6307793205195372	([1185, 881], [1425, 1185, 881])
1	0.5803612800518468	0.6308285797598385	([1511, 1436], [1511, 1436, 1277])
1	0.627113335508057	0.6308754959188717	([787, 577], [787, 760, 747])
1	0.613915745184636	0.6309105086858544	([738, 583], [738, 648, 583])
1	0.6135144533116166	0.6309789906838843	([462, 392], [462, 460, 392])
1	0.6060979449658541	0.6311189185771672	([1398, 1384], [1398, 1396, 1387])
1	0.6076136811662042	0.6311615298277788	([1513, 1487], [1513, 1512, 1475])
1	0.6210574306481889	0.6311627689248087	([684, 646], [744, 700, 684])
1	0.5949937296568131	0.6312353102165325	([1193, 574], [1242, 1193, 1192])
1	0.6097916133994119	0.6312565328815088	([577, 369], [747, 581, 363])
1	0.6158662431306582	0.6312825743713687	([1461, 1294], [1461, 1456, 1259])
1	0.5791052693345102	0.6312896537930869	([1432, 767], [577, 573, 341])
1	0.6221244588186571	0.631326550854621	([770, 648], [770, 757, 648])
1	0.6135195501591949	0.6313793235173242	([973, 936], [973, 960, 941])
1	0.6181247114873168	0.6314189448213453	([1471, 1324], [1471, 1452, 1330])
1	0.5445485784085737	0.6314613167026568	([1192, 1014], [1192, 986, 960])
1	0.6179732493369001	0.6314755350362398	([1501, 1209], [1509, 1501, 1209])
1	0.613876261398811	0.631476021553292	([694, 650], [694, 661, 655])
1	0.6191548599381459	0.6315061149939161	([1071, 1013], [1076, 1071, 1012])
1	0.6018614552743982	0.6315738969430663	([744, 575], [744, 646, 581])
1	0.6249972133113055	0.6316710576307922	([1003, 930], [1003, 973, 936])
1	0.621183480034921	0.6317660822578481	([1185, 703], [1185, 747, 736])
1	0.6262585325310147	0.6317660822578481	([1425, 736], [1425, 1185, 736])
1	0.6007760460646481	0.6317955116920246	([466, 391], [466, 391, 371])
1	0.623720946990192	0.6318105512057308	([1383, 1125], [1383, 1229, 1228])
1	0.6116082050628081	0.6318730136308877	([1177, 1117], [1424, 1228, 1214])
1	0.6316533600587527	0.6318795495601471	([485, 329], [485, 474, 329])
1	0.6082874519121564	0.6319483744504973	([1485, 1229], [1485, 1450, 1446])
1	0.6190174097320942	0.6319647299881599	([1427, 1246], [1427, 1412, 1246])
1	0.6293807325585161	0.631996234352399	([676, 643], [676, 668, 643])
1	0.6230826443034037	0.6320151957534716	([1436, 1116], [1506, 1446, 1116])
1	0.6246196234843232	0.6320157114463062	([1229, 1134], [1229, 1228, 1134])
1	0.6316008437806669	0.632018026138563	([179, 107], [179, 174, 107])
1	0.6158277005497865	0.6320354752355694	([1271, 1232], [1271, 1259, 1237])
1	0.5301285769978822	0.6320463351129623	([1192, 960], [1433, 1079, 1023])
1	0.5498823510104084	0.6320805937211293	([1426, 796], [1426, 815, 796])
1	0.6241429165941303	0.6321295704052416	([1433, 1179], [1433, 1181, 1179])
1	0.6315355833552304	0.6321912659548313	([1074, 896], [1427, 896, 579])
1	0.6237104122705038	0.6322663390398173	([72, 4], [72, 28, 22])
1	0.6300952370072658	0.6323068918317604	([1371, 574], [1371, 1213, 574])
1	0.6298550627161343	0.6323109945324662	([1378, 1239], [1451, 1384, 1378])
1	0.5940636612282657	0.6323414101518451	([572, 339], [576, 572, 334])
1	0.6161035052884926	0.6323825634982615	([116, 3], [116, 97, 3])
1	0.539144414868854	0.6323839266863395	([1426, 1074], [1438, 1426, 1074])
1	0.6269880030975153	0.6324059407617008	([632, 360], [632, 584, 360])
1	0.6123665190099481	0.632511955795734	([973, 574], [1008, 991, 574])
1	0.6037391581778616	0.632515650990431	([1479, 1026], [1495, 1408, 1069])
1	0.6201712592197097	0.6325679842341262	([1366, 1112], [1390, 1366, 1112])
1	0.6286472497291103	0.6325679842341262	([1396, 1112], [1396, 1390, 1112])
1	0.6101656681346194	0.6325896603863351	([873, 767], [874, 873, 767])
1	0.6158633588157353	0.6325899111635116	([1466, 1268], [1466, 1458, 1262])
1	0.6308360440623241	0.6326458688004546	([731, 659], [731, 703, 701])
1	0.6152315959501189	0.6326469466092053	([478, 361], [479, 472, 348])
1	0.5385183608847851	0.6326744343109847	([1425, 787], [1425, 822, 811])
1	0.6304644416414482	0.6328503729750478	([1518, 1377], [1518, 1475, 1456])
1	0.5472567501253545	0.6328938869104751	([1192, 760], [1105, 885, 882])
1	0.5722801590404905	0.6329247153822225	([1511, 1043], [1243, 1224, 1026])
1	0.6046245929021772	0.6329265407446851	([875, 765], [886, 875, 763])
1	0.5943683025710071	0.6329265407446851	([764, 574], [1436, 886, 763])
1	0.6220975709211712	0.6329665690337665	([579, 164], [580, 579, 179])
1	0.586099841563636	0.6330273284645865	([460, 391], [470, 466, 462])
1	0.6288108583863934	0.6330488466701437	([1231, 1032], [1361, 1231, 1032])
1	0.6226405806182206	0.6330759799310413	([1270, 1033], [1253, 1252, 1029])
1	0.6286065221025687	0.6330924154517463	([573, 463], [573, 471, 463])
1	0.6182164206513415	0.6331098202617024	([104, 26], [104, 70, 13])
1	0.5970003182327482	0.6331098202617024	([109, 23], [109, 104, 13])
1	0.6187048302275949	0.6331600652112314	([758, 654], [758, 744, 646])
1	0.6268692449670289	0.6331600652112314	([762, 646], [762, 758, 646])
1	0.631425924213689	0.6331782689992997	([1469, 1332], [1469, 1456, 1332])
1	0.626853877681105	0.6331906021285949	([1443, 1153], [1484, 1443, 1160])
1	0.6293038388559157	0.6331943611751875	([826, 763], [826, 777, 776])
1	0.6126209097157457	0.6332176608753096	([1515, 1473], [1515, 1512, 1475])
1	0.611256855171931	0.633380359841491	([1436, 660], [1436, 660, 629])
1	0.6135595185564334	0.6334236273946344	([1441, 1081], [1441, 1091, 1081])
1	0.6210905172079579	0.6334274508822528	([1475, 1040], [1475, 1448, 1042])
1	0.6068052917754724	0.6334568713325521	([115, 11], [110, 70, 13])
1	0.6092900548984442	0.6334726282386642	([1436, 840], [1436, 872, 840])
1	0.6263305727366482	0.6335049581918801	([1249, 1070], [1497, 1249, 1243])
1	0.6080508338777459	0.6335392227756167	([1383, 1256], [1383, 1256, 1228])
1	0.6155790422692319	0.6335491102900965	([1385, 1042], [1385, 1363, 1042])
1	0.6179643619899431	0.6335717801144625	([1087, 580], [1100, 1087, 1073])
1	0.5961389888009868	0.6336484836625335	([581, 24], [581, 573, 65])
1	0.6290583081642094	0.6336550070231178	([473, 210], [473, 236, 225])
1	0.6257164965880708	0.6336550070231178	([473, 236], [473, 266, 225])
1	0.6316760723053709	0.6337157868605784	([1371, 1032], [1371, 1227, 1043])
1	0.6133609901847563	0.6337222130551752	([716, 572], [741, 737, 581])
1	0.6082963673963211	0.6337565980478496	([634, 251], [634, 584, 479])
1	0.6153594850257826	0.6338561571992304	([1114, 1081], [1114, 1110, 1086])
1	0.60061588836112	0.6338748716021261	([481, 357], [489, 477, 363])
1	0.6069370886768528	0.6339670532226016	([1443, 1117], [1445, 1398, 1117])
1	0.6130233968572641	0.6339740002170786	([1395, 1193], [1395, 1193, 1188])
1	0.6209705468252646	0.633990852283184	([200, 157], [200, 176, 161])
1	0.5075830901957958	0.6339913274578967	([1202, 1031], [1454, 1353, 1044])
1	0.6312407897631417	0.6340069599691893	([1453, 1385], [1476, 1453, 1385])
1	0.6245221897789568	0.6340406208446716	([1111, 1025], [1111, 1080, 1026])
1	0.6251795244410853	0.634053126981097	([824, 769], [821, 786, 779])
1	0.6311305331418599	0.6340548333632458	([1116, 574], [1242, 1123, 1112])
1	0.5848480495842968	0.63405561136729	([1398, 1177], [1159, 1143, 1127])
1	0.6268688071719835	0.6340832987992541	([1362, 1140], [1362, 1201, 1149])
1	0.62864575268804	0.6340995532955267	([213, 114], [213, 176, 173])
1	0.6299671424557495	0.6341021317675832	([704, 577], [704, 657, 656])
1	0.6100507869564713	0.6341058258276511	([414, 392], [414, 400, 385])
1	0.6111595551463097	0.6341208759739992	([1019, 990], [1019, 1016, 1002])
1	0.6249706620722822	0.6341318921523381	([1441, 823], [881, 867, 827])
1	0.6244052448740277	0.634141860774378	([1455, 1329], [1455, 1452, 1343])
1	0.6110590545680046	0.6341559581417111	([1097, 894], [1106, 1097, 872])
1	0.5262064652022048	0.6341705396701853	([1434, 579], [1436, 827, 810])
1	0.6270491979596423	0.634185390591317	([1384, 1033], [1384, 1362, 1253])
1	0.6320033455578521	0.6342562811747322	([1365, 1153], [1366, 1365, 1153])
1	0.6106451807707456	0.6343013209815085	([758, 583], [758, 738, 646])
1	0.609324366153981	0.6343745832969232	([1018, 968], [1019, 1018, 973])
1	0.602257379336656	0.634401755392979	([1068, 1020], [1068, 1067, 1028])
1	0.6306056619792221	0.634401755392979	([1251, 1068], [1251, 1068, 1028])
1	0.6342876408024349	0.6344801091348375	([1437, 885], [1437, 1433, 892])
1	0.6282278877296593	0.6345232866764412	([1510, 1169], [1510, 1227, 1169])
1	0.63121760377706	0.6345387813712038	([820, 768], [820, 784, 768])
1	0.6261115899161961	0.6346839465411943	([1474, 1254], [1474, 1451, 1254])
1	0.6116130088525713	0.6346919770356851	([470, 369], [469, 462, 370])
1	0.565802806629076	0.6347185372245528	([1433, 589], [1433, 634, 613])
1	0.6244716088755964	0.6348102446856589	([494, 392], [494, 471, 392])
1	0.6319793894586232	0.6348565843607388	([572, 247], [572, 330, 257])
1	0.6332724604410819	0.6348764278243842	([1521, 1132], [1527, 1521, 1139])
1	0.6285590838117059	0.6349172666709059	([743, 675], [749, 675, 581])
1	0.6150254508792294	0.6349660425069642	([1071, 582], [1072, 1071, 577])
1	0.6109584986669239	0.6349660425069642	([1102, 577], [1185, 1071, 577])
1	0.6313485962529324	0.6349727039317518	([937, 581], [937, 892, 885])
1	0.6031906745810244	0.6349859777355693	([1121, 580], [1500, 1023, 1012])
1	0.6267931149328175	0.634994621102901	([483, 352], [483, 479, 364])
1	0.6110647494484014	0.6350018114449579	([1088, 574], [1088, 1015, 1008])
1	0.6247492633623458	0.6350145494105203	([345, 230], [345, 251, 240])
1	0.6336764821720957	0.6350527997129606	([743, 579], [754, 743, 739])
1	0.6144561304475725	0.6350581095221891	([1513, 1258], [1513, 1349, 1254])
1	0.6115433645860209	0.6350581095221891	([1513, 1349], [1513, 1475, 1254])
1	0.5531798240234281	0.6351625409834969	([1010, 580], [889, 875, 749])
1	0.6085455458710055	0.6352242347065677	([878, 785], [891, 878, 785])
1	0.6210553140951988	0.6352315032381207	([486, 337], [486, 360, 337])
1	0.6091960626680498	0.6352528995624487	([1458, 1260], [1458, 1455, 1285])
1	0.6230093885460419	0.6352581046647092	([392, 343], [633, 392, 343])
1	0.6216963365832313	0.6352777216861525	([249, 159], [249, 225, 159])
1	0.6312412309377246	0.6352845324462181	([1181, 391], [1181, 1123, 1111])
1	0.5992863449117181	0.635329712412388	([822, 773], [822, 787, 779])
1	0.610194275811776	0.6353783562060462	([745, 355], [745, 737, 581])
1	0.6269393724841139	0.6354108867546374	([1370, 1170], [1370, 1194, 1156])
1	0.6250093779513614	0.6354353936569814	([1455, 1236], [1455, 1450, 1235])
1	0.6331288411691529	0.6355800623522426	([229, 158], [229, 226, 158])
1	0.6305676594523979	0.6355800623522426	([362, 158], [362, 226, 158])
1	0.6272972749454458	0.6355899645298929	([1491, 1003], [1491, 1025, 1003])
1	0.6347821636688626	0.6355906695851409	([1476, 1200], [1476, 1227, 1213])
1	0.6303243982878035	0.635660358637594	([957, 580], [973, 958, 941])
1	0.6160260114913538	0.6356794134644056	([1516, 1265], [1520, 1516, 1265])
1	0.6171988952987729	0.6356948939280435	([1402, 884], [1402, 1101, 884])
1	0.6350251309337668	0.6357064693529496	([942, 924], [942, 933, 928])
1	0.622547438259057	0.6357064714628035	([473, 266], [579, 473, 266])
1	0.6340007986789029	0.6357371337674445	([1101, 639], [1101, 1072, 581])
1	0.6177717861416221	0.6357425262474284	([467, 85], [467, 188, 85])
1	0.6326424058253781	0.6358525386297292	([823, 775], [823, 791, 782])
1	0.6201917756044678	0.6358779852348164	([985, 580], [973, 936, 929])
1	0.6314424956340303	0.6359047832158475	([611, 460], [611, 576, 460])
1	0.6084053089218256	0.6359127456683124	([644, 485], [652, 649, 481])
1	0.5961830635868344	0.6359756689489697	([1433, 241], [1433, 252, 241])
1	0.6247789631893982	0.6359886292051005	([1086, 1063], [1086, 1084, 1066])
1	0.6325849783853214	0.6360191890431472	([948, 913], [966, 948, 944])
1	0.6353502930386794	0.6360490116503605	([108, 19], [110, 108, 19])
1	0.5479660806031665	0.63610836500322	([1433, 909], [1433, 1075, 908])
1	0.6103001276054715	0.6361151141496005	([1425, 701], [787, 761, 662])
1	0.6357517068338232	0.6361666823151638	([1097, 830], [1407, 1097, 830])
1	0.6325857618952149	0.6361666823151638	([1407, 823], [1432, 1407, 830])
1	0.6295423448842669	0.6361832367738148	([1432, 704], [1432, 764, 703])
1	0.6309267989716739	0.6362644938806938	([573, 13], [584, 573, 13])
1	0.6300671418203359	0.6362791911436732	([1519, 1466], [1519, 1517, 1466])
1	0.630112281773691	0.6362934696140716	([1472, 1255], [1472, 1456, 1260])
1	0.6337946724319093	0.6363280597146913	([1122, 1015], [1243, 1122, 1015])
1	0.5710158865965532	0.6363658280102309	([577, 108], [579, 179, 135])
1	0.6316778341644401	0.6363721309412192	([105, 15], [105, 94, 15])
1	0.6189770821195717	0.6364058026891497	([890, 696], [890, 752, 749])
1	0.6349236661652857	0.6364101790576662	([1449, 1271], [1449, 1271, 1237])
1	0.631085219982691	0.6364699646341879	([1205, 1170], [1205, 1170, 1154])
1	0.6290647428393437	0.6365207573527547	([766, 695], [766, 746, 698])
1	0.6331028576971469	0.6365516211581168	([1474, 1036], [1485, 1474, 1036])
1	0.6233941967111859	0.6365835410584282	([655, 358], [655, 648, 358])
1	0.6356310905842031	0.6366281000455726	([718, 581], [737, 715, 581])
1	0.5974028813574358	0.6366497407911399	([1424, 790], [1424, 812, 790])
1	0.6327313649439398	0.636735207518815	([1493, 1096], [1493, 1438, 1409])
1	0.6081116511669945	0.6367498936526954	([786, 581], [820, 786, 776])
1	0.6303332932303983	0.6367906796410054	([628, 473], [628, 582, 473])
1	0.615398631404859	0.6368041826822683	([1451, 1239], [1378, 1253, 1239])
1	0.6240685389639938	0.63681122708551	([1513, 1134], [1273, 1258, 1134])
1	0.6192200458776507	0.6368154885544147	([868, 777], [890, 868, 866])
1	0.6133445193907633	0.636857005560979	([1495, 1104], [1495, 1439, 1104])
1	0.6360495656572638	0.6368730348822131	([1198, 1150], [1198, 1170, 1159])
1	0.6302118832929007	0.6369254405579254	([1402, 915], [1402, 915, 884])
1	0.5978057982406286	0.6369290714197785	([580, 99], [580, 160, 108])
1	0.6113947746562569	0.6369382129103375	([913, 859], [913, 912, 834])
1	0.6222240051071783	0.6369496262069965	([1381, 1257], [1381, 1348, 1285])
1	0.6314232108911616	0.6369526384523082	([200, 107], [200, 174, 161])
1	0.6263232138050249	0.636983290638305	([1475, 1377], [1485, 1475, 1377])
1	0.6327106503834855	0.6370951719639948	([1076, 703], [1432, 1431, 703])
1	0.6352755207200431	0.637100097839111	([734, 651], [734, 703, 651])
1	0.6335811407193883	0.6371684576207554	([380, 298], [591, 560, 298])
1	0.6211825464393325	0.637232337943733	([1073, 892], [1099, 1073, 883])
1	0.6371061399352302	0.6372693366211192	([759, 484], [759, 655, 476])
1	0.6329388271282759	0.6374852774637815	([1014, 937], [1014, 975, 940])
1	0.6264504078125557	0.6374852774637815	([1012, 940], [1014, 1012, 940])
1	0.6281548196469965	0.6375433308452084	([723, 686], [716, 698, 684])
1	0.6210562197812444	0.6375462947191797	([1510, 1147], [1510, 1147, 1042])
1	0.6363059229780919	0.63756069032219	([638, 367], [638, 367, 361])
1	0.6185748818139323	0.637613080128555	([932, 579], [932, 904, 579])
1	0.6255387055390345	0.6376466828970291	([582, 185], [1432, 582, 172])
1	0.6236751218503579	0.6377117194474391	([493, 368], [493, 487, 368])
1	0.6279892462812185	0.6377275370502774	([707, 655], [707, 676, 655])
1	0.6167327166037055	0.6377309252572883	([1147, 1042], [1476, 1147, 1145])
1	0.6001600612345042	0.6377396912632269	([1069, 579], [1434, 1079, 579])
1	0.6242664757627076	0.6377514981950736	([1407, 1025], [1394, 1025, 575])
1	0.6369869666740074	0.6377550092472812	([1357, 1150], [1362, 1357, 1150])
1	0.628570893431884	0.6378090589559325	([1457, 1258], [1459, 1458, 1264])
1	0.6293039610911999	0.6378294812452122	([1206, 1162], [1209, 1206, 1153])
1	0.6341781584788951	0.6379306894478638	([660, 489], [1436, 660, 489])
1	0.5817323863776573	0.6379306894478638	([1436, 627], [1436, 763, 489])
1	0.5744544765445273	0.6379438494886824	([1450, 1192], [1450, 1203, 1192])
1	0.6083024241650845	0.6379758236008873	([1025, 575], [1394, 1025, 1023])
1	0.6159037061422495	0.6379849703644165	([1522, 1484], [1522, 1484, 1455])
1	0.626014500756663	0.6380042834655263	([1423, 906], [1440, 1423, 886])
1	0.635384487677096	0.6380162431583167	([1425, 72], [1425, 72, 14])
1	0.5482227413971424	0.638022175274262	([1423, 581], [885, 753, 744])
1	0.6294694579475056	0.6380984138242409	([1463, 1267], [1522, 1463, 1455])
1	0.6107846238037079	0.6381124729952214	([937, 580], [937, 902, 892])
1	0.6324404526089835	0.6381418351629572	([460, 368], [575, 464, 460])
1	0.56486677727712	0.6381418351629572	([581, 460], [581, 575, 460])
1	0.6378627524819332	0.6381761893495398	([1122, 1102], [1122, 1110, 1102])
1	0.636125237301583	0.6381860615124331	([626, 492], [626, 582, 471])
1	0.6359381597726156	0.6381860615124331	([621, 471], [626, 621, 471])
1	0.6381780649814672	0.638186811620437	([1495, 887], [1495, 1104, 1096])
1	0.6129317181883221	0.6382146165043793	([1409, 1010], [1409, 1243, 1010])
1	0.6375365819882105	0.638246310218835	([771, 640], [771, 754, 640])
1	0.5599400685846543	0.6382684688246875	([822, 581], [786, 779, 581])
1	0.5972140016445115	0.6382996072502671	([685, 581], [743, 713, 701])
1	0.6264848945054995	0.6383008858169503	([1382, 1034], [1384, 1382, 1033])
1	0.6177863291907525	0.6383929693081204	([831, 783], [831, 819, 789])
1	0.6075411128687286	0.6384288289343466	([572, 464], [577, 572, 369])
1	0.6341608400870125	0.6384600968513938	([824, 750], [824, 771, 769])
1	0.6382583733976789	0.6384729548957594	([1441, 811], [1441, 823, 812])
1	0.6283364248791399	0.6384804961856483	([1004, 938], [1004, 961, 940])
1	0.6321002549376714	0.638507919561476	([562, 304], [563, 562, 296])
1	0.6265136408072542	0.6385683516985864	([582, 370], [582, 471, 370])
1	0.5935492851039726	0.6385725405358863	([1417, 1031], [1418, 1201, 1196])
1	0.6030987599849493	0.6386074178126234	([579, 219], [579, 227, 210])
1	0.6271898045238731	0.6386547978021702	([705, 579], [734, 705, 579])
1	0.6291606184116895	0.6387388171807944	([1377, 1218], [1377, 1349, 1230])
1	0.6351200725727482	0.6387600798832243	([1153, 1029], [1388, 1153, 1122])
1	0.6345445785370584	0.6388543058217394	([1372, 1271], [1372, 1356, 1345])
1	0.6296478434941449	0.6388610274925739	([342, 217], [342, 267, 217])
1	0.6369931808926464	0.6388702913589606	([1072, 778], [1072, 870, 778])
1	0.6261210456654239	0.6388904150631975	([659, 473], [659, 646, 473])
1	0.635165045671325	0.6388909905101247	([368, 279], [579, 368, 279])
1	0.6361069653019201	0.6388979971626944	([540, 372], [540, 539, 372])
1	0.6157164320369559	0.6388989784918394	([159, 3], [173, 159, 126])
1	0.6322901968123227	0.6389887572324318	([1397, 1118], [1398, 1397, 1118])
1	0.506676134915899	0.6390026602011567	([971, 578], [1003, 971, 960])
1	0.6378714328026991	0.6390935683392921	([1484, 1255], [1524, 1484, 1474])
1	0.6225120821517689	0.6391113267229862	([250, 151], [579, 250, 227])
1	0.6269096327184338	0.6391135503642171	([153, 14], [153, 102, 14])
1	0.6335779477903853	0.6391142166062962	([892, 758], [892, 885, 753])
1	0.6266508180175114	0.6391322067989396	([638, 350], [644, 638, 349])
1	0.6309760026803204	0.6391503380293858	([588, 459], [588, 577, 459])
1	0.6034338203151756	0.6391923105457702	([483, 238], [483, 352, 247])
1	0.6357364702316588	0.639195074267599	([1257, 1133], [1522, 1521, 1133])
1	0.6321325061839922	0.639210890162403	([485, 250], [485, 354, 329])
1	0.6345868555783949	0.6392150841663921	([484, 158], [577, 484, 229])
1	0.611396727860766	0.6392421211916285	([644, 349], [638, 632, 361])
1	0.6314124259561015	0.6392744442854484	([893, 775], [893, 873, 750])
1	0.632506764542874	0.6392843743719773	([1527, 1139], [1349, 1257, 1229])
1	0.6297575398348956	0.6393385764187092	([572, 139], [572, 139, 116])
1	0.6379503451700078	0.6393817002437394	([749, 637], [749, 637, 581])
1	0.6366169621465207	0.6393835030105337	([584, 1], [584, 97, 1])
1	0.620544818758084	0.6394040951917167	([759, 655], [759, 756, 655])
1	0.6355800022587582	0.639422627459484	([1427, 1006], [1427, 1071, 1006])
1	0.6171785210010133	0.6394306968434184	([965, 913], [957, 951, 917])
1	0.6265118044369742	0.6394641213337466	([654, 483], [654, 646, 483])
1	0.6230032652382765	0.6395308353170802	([1424, 1032], [1201, 1199, 1032])
1	0.5560256761325556	0.6395755875994574	([1427, 574], [749, 581, 355])
1	0.6349918267905342	0.6395854261690562	([1150, 1033], [1232, 1151, 1150])
1	0.6087523954277616	0.6396280064057704	([1406, 577], [1406, 1102, 581])
1	0.6050942359027682	0.6396862966605372	([465, 370], [574, 468, 370])
1	0.6267326059220923	0.6398143726466262	([207, 150], [207, 201, 160])
1	0.609541294213027	0.639819493606605	([1185, 930], [1185, 930, 881])
1	0.6305543867790175	0.6398201795519995	([1423, 938], [1423, 1008, 938])
1	0.6136294774375297	0.6398306190381408	([1452, 1141], [1452, 1336, 1147])
1	0.6197268177407761	0.6398643546916138	([282, 223], [282, 239, 232])
1	0.6195369685605653	0.6398985446508261	([572, 25], [572, 70, 28])
1	0.6125640295249363	0.6399699030835089	([648, 231], [648, 345, 240])
1	0.6357617796825781	0.6399944179860918	([101, 24], [104, 101, 24])
1	0.6289440107110429	0.6399983369210819	([1513, 1374], [1513, 1378, 1374])
1	0.6277674665934697	0.6400393396578073	([576, 178], [576, 206, 178])
1	0.6310435543083401	0.6401187888390115	([1205, 1117], [1205, 1196, 1117])
1	0.6370259339704776	0.64021993105284	([765, 660], [765, 759, 660])
1	0.6174308429396532	0.6402216996241228	([823, 580], [823, 788, 782])
1	0.6314580215692458	0.6402260253699749	([1101, 765], [1101, 886, 765])
1	0.6328334718009418	0.6402440604963939	([882, 764], [885, 876, 764])
1	0.6333734813482308	0.6402463418655555	([1409, 899], [1436, 1428, 899])
1	0.6387058991580559	0.6403047000910497	([1424, 1360], [1424, 1360, 1032])
1	0.6246798083577075	0.6403113949327599	([621, 484], [627, 621, 484])
1	0.621404881115913	0.640327856531119	([592, 569], [592, 591, 569])
1	0.6316435526106855	0.6404346759640642	([1433, 459], [1433, 589, 459])
1	0.6252191865174855	0.6404454457464361	([316, 166], [372, 316, 166])
1	0.6328526378656402	0.6404599273477731	([642, 492], [643, 583, 480])
1	0.6172106641668957	0.6404647820356134	([1407, 702], [1407, 703, 702])
1	0.6167766933801411	0.6404647820356134	([1407, 636], [1431, 1407, 703])
1	0.6297869605376133	0.6405325231286328	([560, 297], [563, 560, 297])
1	0.6403198676428183	0.6405778382770368	([283, 202], [283, 237, 202])
1	0.6319054632708012	0.6406269386976373	([774, 642], [774, 742, 738])
1	0.5723132019098763	0.640668576177796	([1425, 1154], [1185, 1180, 1154])
1	0.600658318024171	0.6406794637670072	([1433, 1283], [1477, 1433, 1283])
1	0.6371650614977042	0.6407198730363866	([1106, 931], [1106, 931, 877])
1	0.6377907696233708	0.6407468518661367	([1431, 868], [1431, 885, 868])
1	0.6246866446172565	0.6407468518661367	([1431, 757], [1431, 896, 885])
1	0.6356222581772094	0.6408295231173351	([640, 493], [640, 580, 477])
1	0.6389853274025504	0.6408759384392042	([828, 765], [828, 822, 773])
1	0.6276230726148284	0.6408808121378822	([826, 706], [826, 763, 754])
1	0.6338605930583224	0.6408831329427821	([673, 623], [673, 667, 580])
1	0.6369286387187374	0.6408876929558849	([589, 500], [589, 577, 537])
1	0.6399184091025536	0.6409008110315914	([752, 641], [761, 752, 641])
1	0.6406488417342188	0.6409029023217161	([743, 644], [764, 743, 738])
1	0.6382631053761446	0.640928115742471	([534, 458], [534, 500, 468])
1	0.5464989381653254	0.6409427069209028	([1432, 582], [764, 703, 651])
1	0.634695749222234	0.640975689754697	([655, 476], [655, 652, 476])
1	0.6267365938304744	0.6409818881726027	([1179, 1084], [1179, 1170, 1118])
1	0.6187085643346459	0.641055547184166	([745, 635], [755, 750, 650])
1	0.6318488354895734	0.6410608668081311	([1441, 1119], [1441, 1396, 1119])
1	0.6407025280978953	0.6410855332556744	([574, 422], [574, 422, 403])
1	0.6236599829892454	0.6410859339233024	([577, 229], [484, 483, 238])
1	0.6383399248822299	0.6411025925582458	([659, 267], [659, 629, 267])
1	0.574561761161524	0.6411449479566723	([572, 70], [581, 572, 24])
1	0.6155023811338991	0.6411812949053132	([939, 582], [939, 895, 886])
1	0.6364746296120758	0.6411892794020484	([640, 155], [640, 575, 493])
1	0.6099959745761291	0.6411998552016959	([1425, 750], [1425, 750, 736])
1	0.6308945637278316	0.6412096139528592	([880, 746], [880, 870, 581])
1	0.6404302371272291	0.6412693871490457	([1436, 732], [1436, 752, 747])
1	0.6384374172733079	0.6412883221801255	([1109, 904], [1109, 1108, 895])
1	0.6072246888038828	0.6413440846959063	([1441, 648], [1441, 1074, 648])
1	0.6355927733833482	0.6413716235748129	([1219, 1118], [1219, 1206, 1118])
1	0.6190964219222751	0.6413965740004398	([1490, 1119], [1490, 1396, 1366])
1	0.60570261184358	0.6414620955330895	([173, 3], [159, 116, 99])
1	0.6372788358274067	0.6414719999496346	([1523, 1268], [1523, 1519, 1268])
1	0.6306817516978446	0.6414841848527422	([1514, 1274], [1514, 1274, 1266])
1	0.5893598269030519	0.641485958110312	([951, 917], [952, 942, 924])
1	0.6006622476433165	0.6414911583104945	([1433, 374], [1433, 423, 386])
1	0.6193874334085238	0.64152320188752	([1246, 1016], [1249, 1246, 1014])
1	0.6247622931889433	0.6415435367727741	([595, 567], [596, 591, 559])
1	0.6369563595456261	0.6416008663177718	([1498, 1008], [1498, 1425, 1008])
1	0.542029433595035	0.6416010840207349	([1192, 517], [1192, 621, 515])
1	0.6281899611422598	0.641606876926704	([1450, 1274], [1274, 1253, 1234])
1	0.614115513071395	0.6416087942138717	([675, 392], [675, 654, 647])
1	0.5855697695980911	0.6416318614888247	([580, 12], [158, 109, 13])
1	0.6326270875562177	0.6416722621016892	([334, 203], [334, 329, 203])
1	0.6297884232242369	0.6416722621016892	([329, 201], [583, 329, 203])
1	0.5729951764927063	0.6416742282058726	([1426, 1366], [1509, 1426, 1366])
1	0.59624618452316	0.6416947021189006	([572, 289], [572, 330, 284])
1	0.5989201616937809	0.6417295822847044	([1488, 1441], [1491, 1488, 1441])
1	0.6407542941575649	0.6417455115023516	([1516, 1486], [1516, 1486, 1473])
1	0.6384324664547231	0.6417856306203815	([1464, 1308], [1464, 1462, 1292])
1	0.6286842934593285	0.6418616174045568	([1069, 988], [1069, 1022, 1011])
1	0.6191918119304246	0.6419260154105101	([1183, 1088], [1183, 1110, 1101])
1	0.6316509023429838	0.6419334083971319	([647, 346], [647, 579, 355])
1	0.6412897330232735	0.6419542364711106	([1514, 1376], [1514, 1376, 1274])
1	0.6325227676524093	0.6419614708977897	([968, 916], [968, 957, 916])
1	0.6411809333632325	0.6420194786174084	([581, 111], [631, 582, 581])
1	0.6335795782043838	0.6420278249613932	([1457, 1229], [1457, 1450, 1229])
1	0.6024540958637468	0.6420481206001986	([650, 484], [650, 645, 484])
1	0.6259992063071156	0.6420481206001986	([665, 484], [665, 645, 484])
1	0.6324513354978897	0.64207473591577	([1512, 1136], [1512, 1227, 1145])
1	0.6222797748914396	0.6422230751749869	([477, 246], [477, 355, 341])
1	0.6305735836358095	0.6422708329248851	([1407, 742], [1407, 742, 703])
1	0.6172707307714774	0.6422982002131297	([590, 507], [603, 595, 540])
1	0.6416159828066829	0.6423471211167058	([1436, 145], [1436, 763, 159])
1	0.6158922233946772	0.642401811307889	([1432, 172], [582, 581, 185])
1	0.6378333463742594	0.6424043260655339	([591, 188], [591, 432, 388])
1	0.6209375551228582	0.6424043260655339	([591, 380], [603, 591, 388])
1	0.623376513068442	0.6424175852684493	([574, 495], [574, 523, 495])
1	0.6372698789463839	0.6424270360807126	([1382, 1287], [1382, 1342, 1285])
1	0.5860636660557855	0.6424321509388214	([1434, 661], [1436, 1434, 661])
1	0.6419843180822576	0.6424876748238266	([592, 436], [601, 592, 406])
1	0.6289154375856228	0.6424963466712078	([742, 480], [742, 664, 583])
1	0.6286316125506558	0.6424963466712078	([726, 583], [742, 726, 583])
1	0.6338991084933275	0.6425611650384903	([1416, 1205], [1424, 1416, 1199])
1	0.6311710480844317	0.642596178217155	([401, 318], [401, 372, 318])
1	0.6331795960425445	0.642596178217155	([539, 318], [539, 372, 318])
1	0.6276149822324245	0.6427312615704227	([1110, 986], [1110, 1025, 1023])
1	0.6274650187971108	0.6427319183639657	([1382, 1237], [1383, 1382, 1237])
1	0.635318472775567	0.6428190990229993	([710, 582], [712, 710, 582])
1	0.5965467344702662	0.6428394873932355	([1436, 675], [1436, 675, 661])
1	0.6415952357870334	0.6428774968680523	([291, 188], [315, 299, 188])
1	0.6372531781063174	0.6428855217631043	([1084, 966], [1084, 1082, 966])
1	0.6387485389640654	0.6429298097909611	([1144, 1045], [1150, 1144, 1033])
1	0.6383454079292845	0.6430278318552813	([519, 480], [519, 499, 497])
1	0.6329721886401016	0.6430437096559554	([1509, 1114], [1509, 1241, 1114])
1	0.6338240611746816	0.6430579172904789	([775, 693], [775, 749, 693])
1	0.5738282662600684	0.6431383023684581	([1185, 577], [1407, 1185, 1108])
1	0.6394012203286148	0.6431459088852004	([1459, 1347], [1459, 1456, 1347])
1	0.6408110786054279	0.6431540519740027	([1514, 1469], [1514, 1484, 1474])
1	0.6309659264416736	0.6431720685960748	([699, 359], [701, 699, 359])
1	0.6245939483494175	0.6432099703253629	([367, 229], [581, 363, 230])
1	0.6184551309117363	0.6432530337379282	([646, 250], [646, 581, 242])
1	0.6302369844461276	0.6432632010999598	([690, 583], [693, 690, 583])
1	0.6347818542625344	0.6432636992252555	([837, 809], [837, 827, 826])
1	0.6225307532648343	0.6432728758657843	([694, 626], [694, 650, 641])
1	0.6189765489121735	0.6432729572798958	([1416, 1085], [1416, 1398, 1397])
1	0.6393234835058295	0.6432791252246733	([753, 360], [753, 699, 360])
1	0.605215015927239	0.6432833059488501	([579, 71], [579, 102, 98])
1	0.577636826510507	0.6432833059488501	([579, 98], [579, 110, 102])
1	0.6042084799798342	0.6432890246298922	([491, 359], [491, 473, 360])
1	0.6182232391917042	0.6433114882459848	([751, 392], [804, 797, 392])
1	0.6395396273027724	0.6433580058976434	([1369, 1080], [1414, 1193, 1080])
1	0.6387380490142868	0.6433824120799201	([945, 918], [951, 945, 917])
1	0.6388634371462694	0.6434307411385514	([826, 637], [826, 754, 640])
1	0.6431722577305165	0.6434696652580457	([1517, 1362], [1517, 1514, 1376])
1	0.5841414016179749	0.6435003879406413	([1424, 892], [1424, 912, 892])
1	0.6356628305148568	0.6435358374020714	([1099, 750], [1428, 1099, 750])
1	0.5662827129931401	0.6435674952947887	([574, 112], [582, 581, 12])
1	0.6354581046074317	0.6436228033235725	([1460, 1328], [1460, 1328, 1288])
1	0.6402205385844986	0.6436332120027991	([485, 269], [485, 351, 269])
1	0.6132942846985145	0.6436456925035507	([315, 188], [316, 291, 188])
1	0.6364606273685923	0.6437019964896928	([1382, 1260], [1382, 1287, 1260])
1	0.6433940578544075	0.6437091838624802	([1271, 1132], [1271, 1228, 1132])
1	0.6375270474619708	0.6437091838624802	([1485, 1132], [1485, 1228, 1132])
1	0.5947728263207293	0.6438613136105946	([984, 392], [982, 975, 392])
1	0.6233895837309975	0.6438985523869313	([1284, 1131], [1512, 1284, 1131])
1	0.62089401064435	0.6438985523869313	([1380, 1131], [1512, 1380, 1131])
1	0.6423711019124034	0.6438985523869313	([1453, 1131], [1512, 1453, 1131])
1	0.6416288080059823	0.6439165578262479	([1455, 1129], [1484, 1455, 1129])
1	0.5981559908457176	0.6439223419423152	([1433, 423], [1433, 589, 374])
1	0.6227989832682406	0.6439265672962888	([836, 801], [836, 816, 801])
1	0.6410113087939387	0.6439804320769259	([1525, 1237], [1525, 1519, 1237])
1	0.6357182451813875	0.6439961149520739	([368, 202], [581, 493, 227])
1	0.6328969778254548	0.6440177737480172	([1103, 763], [1103, 885, 581])
1	0.6267133671984924	0.6440596473925511	([1020, 391], [1368, 1024, 392])
1	0.6380166397978938	0.644090865200556	([763, 159], [1436, 353, 237])
1	0.540079943250075	0.6440993905902893	([1192, 468], [1192, 515, 468])
1	0.6023562771099504	0.6441110572688089	([1436, 962], [1436, 962, 904])
1	0.6437229303118152	0.644116098274778	([1445, 1142], [1445, 1142, 1117])
1	0.6137496788529594	0.6441613182952941	([508, 392], [510, 508, 392])
1	0.635164411016116	0.6441751839859485	([610, 497], [614, 610, 497])
1	0.638469241340289	0.6441878294686606	([1433, 1142], [1433, 1159, 1142])
1	0.6258813244730658	0.6442380428203371	([391, 254], [391, 283, 254])
1	0.6359361596543665	0.6442380428203371	([391, 339], [391, 339, 283])
1	0.6169717786635782	0.6442380428203371	([391, 214], [392, 391, 283])
1	0.6308098004137421	0.6442578548367586	([945, 855], [945, 919, 917])
1	0.6392979893222975	0.6442578548367586	([944, 927], [945, 944, 919])
1	0.5315926594441792	0.6442811039342241	([1426, 1246], [1437, 1426, 1246])
1	0.6415688363491047	0.6443282470335958	([639, 243], [639, 583, 237])
1	0.633791083497575	0.6443683008465819	([616, 346], [628, 616, 346])
1	0.6293208005326602	0.6443989687138498	([1427, 1023], [1427, 1110, 1076])
1	0.6325228299878999	0.6444066677311644	([1333, 1049], [1354, 1333, 1049])
1	0.6338001728400844	0.6444317118474401	([1081, 582], [1081, 1071, 1068])
1	0.6431966373852845	0.644494519658122	([1489, 1033], [1489, 1150, 1125])
1	0.6322134894476	0.6445052593346542	([369, 235], [369, 353, 235])
1	0.642354707180027	0.644511193384215	([1103, 703], [1103, 763, 703])
1	0.6242798856162624	0.6445224942149326	([777, 583], [777, 773, 583])
1	0.6129868971205326	0.6445457482322513	([556, 391], [556, 519, 506])
1	0.6432047869911555	0.644552095355215	([1358, 1046], [1361, 1358, 1046])
1	0.6387270229619546	0.6445718733151427	([600, 525], [600, 592, 524])
1	0.6345485722751895	0.6446101705645834	([1408, 826], [1436, 1408, 826])
1	0.6434792385518654	0.6446613673715393	([1485, 1398], [1485, 1483, 1398])
1	0.6315838838249408	0.6446918629109726	([630, 487], [630, 583, 581])
1	0.6269228368379185	0.6446952879907162	([1022, 933], [1005, 972, 963])
1	0.6238870482106931	0.6447117483259727	([1485, 1039], [1485, 1484, 1039])
1	0.6155420129934145	0.6448354021238285	([603, 388], [590, 501, 466])
1	0.6430507577208145	0.6448557342057766	([1107, 761], [1107, 1106, 761])
1	0.6443724864009941	0.644869358587161	([1230, 1034], [1484, 1230, 1034])
1	0.6417056847514042	0.644895710473931	([886, 641], [886, 756, 641])
1	0.6281524977534773	0.6449061853653233	([1474, 1382], [1485, 1474, 1381])
1	0.6435864257580328	0.6449345172453441	([575, 324], [575, 343, 324])
1	0.6382257759158902	0.6449506418727636	([1492, 1080], [1492, 1080, 1016])
1	0.6396607639181933	0.6450085125347611	([993, 946], [993, 951, 946])
1	0.6366565721983226	0.6450085125347611	([993, 913], [993, 979, 951])
1	0.6337981956842828	0.6450534204440147	([1254, 1038], [1267, 1254, 1038])
1	0.642189548162323	0.6451096317587435	([1125, 1057], [1450, 1125, 1057])
1	0.6394673717250444	0.6451635460084953	([680, 391], [680, 664, 580])
1	0.6398490390663489	0.6452665266906376	([355, 201], [355, 327, 201])
1	0.6288826232789484	0.6452769587038083	([1514, 1266], [1514, 1485, 1362])
1	0.6252140802570786	0.6452848512898272	([1423, 824], [1432, 1423, 830])
1	0.6422068624683016	0.6452883493855001	([729, 269], [729, 659, 269])
1	0.6299317226095072	0.6453021771398402	([919, 855], [919, 913, 836])
1	0.598626959651894	0.6453176757950055	([743, 582], [743, 699, 675])
1	0.6168092776655336	0.6453730404944201	([1094, 769], [1107, 1094, 769])
1	0.6450360275735726	0.6453886985917213	([1249, 810], [1436, 1249, 879])
1	0.620232639062485	0.6454070654012344	([563, 296], [591, 298, 188])
1	0.6362905322746736	0.6454497481896992	([180, 75], [180, 117, 109])
1	0.6194099846070855	0.6454924552040212	([231, 3], [217, 198, 3])
1	0.6359166373096522	0.6455212608360241	([367, 197], [367, 229, 197])
1	0.6389951509195545	0.645543235868112	([1071, 775], [1103, 1071, 775])
1	0.6388035938379193	0.6455441881643333	([391, 366], [460, 391, 366])
1	0.6421189432760008	0.6455545112061436	([1489, 1167], [1489, 1167, 1158])
1	0.639680972318402	0.645610982953229	([1180, 1083], [1181, 1180, 1083])
1	0.6328729679363619	0.6457484548824449	([1441, 964], [1441, 1017, 971])
1	0.6357696722654622	0.6457619829061954	([1187, 884], [1402, 1187, 1102])
1	0.6228669091664393	0.6457898058647265	([861, 576], [867, 830, 825])
1	0.6351999844315142	0.6457999182743528	([1077, 826], [1408, 1188, 1069])
1	0.6377461466200869	0.6458009554365047	([1096, 646], [1104, 1102, 762])
1	0.6256521523402582	0.6458447817490033	([1342, 1146], [1342, 1253, 1146])
1	0.6438405185957609	0.6458492353832384	([972, 914], [972, 936, 934])
1	0.6439870263430645	0.6459822553418151	([1411, 937], [1411, 1403, 937])
1	0.5227106467147904	0.6459822553418151	([1426, 881], [1436, 1403, 937])
1	0.534988961906924	0.6460381238418048	([1192, 814], [1192, 839, 822])
1	0.5975133221303001	0.6460381238418048	([1425, 839], [1425, 839, 822])
1	0.6449910346946774	0.6461172966279035	([867, 783], [867, 829, 825])
1	0.6365471242497851	0.6461254508367036	([875, 731], [875, 749, 731])
1	0.6454397254394492	0.6461622011938838	([1029, 969], [1029, 1028, 969])
1	0.6358462466185869	0.6461622011938838	([1390, 969], [1390, 1028, 969])
1	0.6419262844360702	0.6461860766183419	([600, 551], [600, 551, 538])
1	0.6362373441695885	0.6462016779204813	([634, 391], [664, 583, 480])
1	0.6420040634937294	0.6463287083056208	([779, 638], [779, 638, 637])
1	0.6292356074345309	0.6463432388093184	([917, 800], [917, 833, 802])
1	0.6441821914506941	0.6464015960869713	([1362, 1050], [1362, 1358, 1046])
1	0.6287266113108567	0.6464152074628207	([436, 292], [436, 401, 379])
1	0.6181817005612794	0.6464639832931371	([1088, 937], [1092, 937, 895])
1	0.6375021244866799	0.6465162216385996	([555, 392], [555, 518, 510])
1	0.6410514522449405	0.6465174968393862	([618, 474], [636, 583, 486])
1	0.5744190003261875	0.6465380430174534	([1424, 912], [1427, 1424, 892])
1	0.6060630903558464	0.6465435223877248	([974, 579], [1069, 988, 974])
1	0.6284333255639353	0.6466512900297382	([1267, 1036], [1450, 1254, 1041])
1	0.6404273125988387	0.6466790139518542	([1332, 1034], [1382, 1357, 1034])
1	0.6463308673088154	0.6468057606934572	([780, 635], [780, 747, 635])
1	0.6417380278455589	0.6468365593544854	([702, 362], [702, 647, 362])
1	0.624297349826658	0.6468403606830276	([651, 491], [651, 641, 491])
1	0.6052293986356849	0.646884866570714	([1436, 341], [1436, 493, 489])
1	0.6312392910190706	0.6468860462976449	([915, 831], [915, 877, 866])
1	0.6346910249920725	0.6469781813818467	([1526, 1306], [1459, 1306, 1292])
1	0.6142655278437815	0.6469840997510422	([1436, 1169], [1436, 1277, 1169])
1	0.612209495342292	0.6470263898759515	([591, 560], [608, 596, 570])
1	0.6415731280682256	0.6470443565798749	([1359, 1038], [1356, 1273, 1255])
1	0.6289110224786717	0.6470619946186102	([993, 802], [993, 917, 913])
1	0.6374536779247473	0.6470946498522927	([1440, 1016], [1440, 1088, 1016])
1	0.6413739398394259	0.6471730668748744	([750, 482], [750, 643, 640])
1	0.6360913048252913	0.6472160297999259	([1085, 994], [1085, 1084, 965])
1	0.6160647257583456	0.6473429950252073	([732, 392], [757, 732, 730])
1	0.6457633186676263	0.6474252247654952	([339, 197], [579, 339, 197])
1	0.6403053189677622	0.6474665706065734	([704, 356], [704, 698, 355])
1	0.6320783956237951	0.647472783129898	([575, 95], [579, 575, 98])
1	0.6350794595086042	0.6475369039808747	([1072, 742], [1407, 1098, 742])
1	0.6366444624859495	0.6475472745754314	([752, 663], [752, 663, 651])
1	0.6415177217626524	0.6475497042116797	([1451, 1146], [1451, 1443, 1146])
1	0.6288472588932483	0.6475613612471255	([930, 576], [930, 877, 874])
1	0.6443226116105969	0.6475890640789822	([624, 476], [640, 624, 476])
1	0.6034457190898748	0.6476095808813882	([1368, 392], [1507, 1043, 392])
1	0.6357353284981233	0.6477233753922486	([825, 577], [827, 825, 577])
1	0.6096456564979095	0.6477233753922486	([872, 577], [872, 827, 577])
1	0.6471184822001328	0.6477294765342412	([665, 334], [665, 334, 245])
1	0.6200984267262931	0.6477440284338634	([1189, 582], [1414, 1189, 1078])
1	0.6249641605451774	0.6478185431181468	([984, 927], [984, 956, 917])
1	0.6460308327806578	0.6478332974597283	([1487, 1356], [1487, 1449, 1230])
1	0.6279404512425942	0.6478604474731214	([1495, 584], [1495, 1025, 575])
1	0.6458923760628505	0.6479084229904996	([1443, 966], [1443, 1117, 913])
1	0.6327783309743447	0.6479393051921276	([241, 153], [241, 209, 159])
1	0.6416353758843307	0.6479891527752295	([727, 681], [727, 712, 681])
1	0.6396210784063995	0.6480387156207335	([1120, 1020], [1245, 1223, 1020])
1	0.6183551685097877	0.6480527138771999	([1434, 933], [1434, 1405, 933])
1	0.6469953425975685	0.6480786356726305	([196, 110], [196, 164, 108])
1	0.6045892724841202	0.6480786356726305	([583, 108], [583, 196, 108])
1	0.6364782216063942	0.648104158017931	([642, 255], [642, 353, 245])
1	0.6298108980191933	0.648104158017931	([642, 353], [642, 580, 245])
1	0.6299420356920385	0.648104158017931	([665, 245], [665, 642, 245])
1	0.6460690415865996	0.6481291200409461	([1342, 1048], [1342, 1337, 1046])
1	0.6449102418376897	0.6481431678788723	([653, 356], [653, 581, 572])
1	0.6410688114468363	0.6481791977952671	([596, 505], [596, 595, 505])
1	0.6438248196560545	0.6482039047549584	([659, 364], [659, 646, 364])
1	0.632351205238247	0.6482294964794377	([1378, 1160], [1378, 1160, 1134])
1	0.6346783896796949	0.6482419497472948	([794, 583], [794, 779, 583])
1	0.6316561328281214	0.6482884218975982	([168, 5], [189, 168, 5])
1	0.6456751889585794	0.6483152974269648	([808, 571], [808, 582, 571])
1	0.6220692780019581	0.6484511459011588	([1391, 975], [1391, 1024, 1004])
1	0.641377694151342	0.648451218830539	([1505, 1032], [1505, 1283, 1227])
1	0.647204066980839	0.6484786584024257	([1434, 809], [1434, 809, 780])
1	0.6421632016826015	0.6484856929488664	([655, 237], [657, 655, 237])
1	0.6451584881924552	0.648488414931963	([742, 2], [742, 583, 2])
1	0.5590829254117297	0.6485319348623553	([583, 181], [583, 196, 181])
1	0.6477765123839392	0.6486866014979058	([491, 256], [491, 359, 256])
1	0.6375238031184878	0.6487274380787978	([661, 360], [661, 647, 346])
1	0.6438138621787741	0.6487397461426199	([1404, 906], [1496, 1404, 1189])
1	0.6043587356109196	0.64876191236828	([1425, 717], [1425, 717, 701])
1	0.6216230319245536	0.648771666806509	([660, 239], [660, 489, 245])
1	0.6458100606522177	0.6487748581471354	([1170, 1044], [1366, 1170, 1153])
1	0.6205320367039799	0.6488114113631956	([576, 19], [576, 573, 19])
1	0.5211663428045185	0.6488338865901915	([578, 480], [578, 480, 462])
1	0.6474342739143473	0.6489193690704089	([706, 351], [750, 706, 351])
1	0.6097898195139405	0.6489614933344474	([1184, 576], [1394, 1184, 576])
1	0.6093041075331733	0.6489614933344474	([1502, 576], [1502, 1394, 576])
1	0.6277180638461678	0.6489893471425445	([653, 474], [653, 634, 474])
1	0.6273954091422265	0.6490093455148601	([1101, 706], [1402, 1101, 706])
1	0.6383682634761227	0.649009794426539	([1516, 1381], [1520, 1516, 1381])
1	0.6088158734444575	0.6490452620553515	([1431, 572], [1494, 1427, 576])
1	0.5861315788379927	0.6490452620553515	([1427, 576], [1502, 1494, 576])
1	0.6485537771531108	0.649107196581606	([1165, 1086], [1165, 1159, 1117])
1	0.6476564869657859	0.6491439650707683	([995, 921], [995, 954, 914])
1	0.6305493129718972	0.649152542301984	([656, 227], [656, 648, 247])
1	0.6319200664530205	0.6491622092938023	([477, 161], [577, 477, 341])
1	0.6487629169754984	0.6491651262112024	([1491, 963], [1491, 1017, 1003])
1	0.6397212984824757	0.649218949876261	([1423, 577], [1428, 1423, 577])
1	0.6443159026249712	0.649218949876261	([1496, 577], [1496, 1428, 577])
1	0.6144291071206085	0.6492349293841534	([749, 576], [830, 811, 576])
1	0.6391933509472993	0.6492941836707073	([1386, 1045], [1386, 1283, 1032])
1	0.6371522074114218	0.649319807064492	([344, 202], [344, 239, 227])
1	0.5760011193791281	0.6493261601398514	([874, 576], [785, 747, 700])
1	0.6488992673035999	0.6494889595476289	([632, 278], [632, 579, 366])
1	0.6382525227513742	0.6495500878474607	([994, 833], [994, 966, 833])
1	0.6378279950877859	0.6495566083596503	([590, 420], [590, 399, 373])
1	0.6482818108279377	0.6495833715573524	([1090, 939], [1090, 1015, 939])
1	0.6393807836461607	0.6496927939762013	([1404, 753], [1404, 1098, 785])
1	0.5974955739525933	0.6497276471693268	([316, 222], [593, 562, 560])
1	0.6084800004542791	0.6497936405753295	([911, 392], [962, 928, 904])
1	0.6175895521741278	0.6498122939796562	([790, 706], [790, 773, 760])
1	0.6347557061753847	0.6498481790237214	([529, 287], [572, 529, 287])
1	0.6485797115518916	0.6499964056818752	([1427, 863], [1427, 880, 863])
1	0.6487532998435331	0.6500018646058547	([1205, 1047], [1205, 1149, 1031])
1	0.6427554406565066	0.6500117705120161	([369, 213], [369, 235, 213])
1	0.4969295411511933	0.6500639654068614	([829, 578], [896, 829, 828])
1	0.6346584995650237	0.6500679712678032	([1023, 935], [1185, 1023, 930])
1	0.639899070148144	0.6501042759663388	([1073, 765], [1095, 1073, 883])
1	0.6419347334437656	0.6501053504666809	([635, 209], [635, 581, 486])
1	0.5654871662366943	0.6501130134034774	([589, 392], [589, 555, 537])
1	0.591979896238337	0.6501130134034774	([1433, 555], [1433, 589, 555])
1	0.6383693538655658	0.6501788760591647	([601, 406], [601, 591, 435])
1	0.6487714024250331	0.6502200504557768	([1350, 1200], [1350, 1343, 1236])
1	0.6118875575714846	0.65026844126285	([314, 218], [329, 314, 218])
1	0.6409087971977981	0.6503075417880305	([661, 487], [661, 655, 487])
1	0.6175444655988128	0.6503476430481093	([1009, 762], [1102, 1012, 1009])
1	0.65038585007239	0.6505191142296566	([1475, 1143], [1475, 1445, 1149])
1	0.6480735404741628	0.6505450551260649	([755, 681], [755, 697, 681])
1	0.6110162822065397	0.6505745584380871	([1390, 582], [1437, 1392, 1390])
1	0.6409526479006037	0.6506190838731128	([1255, 1048], [1377, 1255, 1048])
1	0.6316527404355609	0.6506814234527614	([771, 474], [771, 579, 472])
1	0.6303938725236002	0.6507744874027148	([1111, 971], [1111, 1026, 971])
1	0.6460356248023564	0.6508596316810155	([894, 739], [894, 880, 739])
1	0.6347613480536486	0.650898622543458	([890, 659], [890, 742, 642])
1	0.6454129500127288	0.6510105342393319	([176, 2], [186, 176, 2])
1	0.5758093371999338	0.6510252337093844	([1433, 954], [1433, 972, 959])
1	0.6479465717911529	0.6510376716709103	([1025, 929], [1025, 1003, 936])
1	0.6433405965606098	0.6510421634616685	([584, 224], [629, 581, 479])
1	0.632824901740581	0.6510421634616685	([715, 629], [715, 629, 581])
1	0.6438960153999768	0.6511998932959555	([388, 233], [388, 371, 233])
1	0.5400003604698079	0.6512115743886228	([863, 578], [863, 831, 829])
1	0.6042033097741035	0.6512407973035069	([392, 283], [391, 366, 202])
1	0.6388307114660217	0.6512505422795164	([1214, 1048], [1214, 1151, 1030])
1	0.6402383877032798	0.6512530704549895	([496, 376], [496, 464, 375])
1	0.6410318911505271	0.6512530704549895	([507, 375], [507, 496, 375])
1	0.6255299299414984	0.65134963976813	([328, 3], [341, 231, 221])
1	0.6190699352779739	0.6513970047471498	([581, 375], [581, 464, 460])
1	0.6499878206443482	0.6514383078519923	([987, 931], [987, 961, 931])
1	0.6252530951139402	0.6514692235870485	([590, 558], [590, 558, 539])
1	0.636376309771983	0.6515108650871122	([599, 542], [600, 599, 542])
1	0.6493207591045425	0.6515228593071953	([347, 156], [359, 353, 156])
1	0.646401777411968	0.6515930409011784	([392, 78], [392, 86, 78])
1	0.6380579746705153	0.6515930409011784	([392, 8], [392, 98, 86])
1	0.6355837149064523	0.651596747060017	([643, 252], [646, 643, 252])
1	0.5912063130549433	0.6516077971620083	([1436, 287], [1436, 325, 324])
1	0.6393158398485642	0.6516266227923873	([628, 3], [628, 577, 3])
1	0.6250827772087305	0.6516548622681166	([1425, 711], [1425, 711, 701])
1	0.6326549803565351	0.6516625391425837	([1402, 493], [1402, 1394, 575])
1	0.6396592068622238	0.6516651231152771	([734, 244], [651, 244, 231])
1	0.6167956735491846	0.6516993232497272	([575, 174], [575, 197, 174])
1	0.6007181475787252	0.6517248699713014	([1424, 250], [1424, 476, 250])
1	0.6506548571086374	0.6517424422003627	([649, 205], [649, 481, 243])
1	0.5729341581862307	0.6517598011593878	([1426, 1157], [1426, 1400, 1157])
1	0.6018023866998146	0.6518551613588902	([1436, 215], [1436, 237, 196])
1	0.6231612885848026	0.6519218295340558	([690, 575], [690, 674, 579])
1	0.6218224277677422	0.6519321473742986	([465, 399], [495, 465, 399])
1	0.6489020877805293	0.6519412355121892	([1431, 821], [1431, 821, 787])
1	0.618258174922619	0.6519521937059434	([593, 444], [601, 593, 444])
1	0.64380080403423	0.6519533834381499	([136, 28], [136, 109, 20])
1	0.6387645096128762	0.6519944681726412	([1245, 973], [1391, 1245, 973])
1	0.6410513366131941	0.6519955801117614	([762, 486], [771, 762, 474])
1	0.6465792447938566	0.6520640921357524	([1012, 786], [1434, 1012, 773])
1	0.6436049107874432	0.652114577291754	([126, 19], [126, 109, 108])
1	0.6297208021645126	0.652192931334411	([392, 127], [392, 127, 107])
1	0.6497035629521898	0.6522219680739398	([1183, 820], [1183, 1024, 1006])
1	0.6112828010752303	0.6522461163603973	([1432, 336], [1432, 582, 254])
1	0.6374056591414371	0.652276614202559	([760, 656], [760, 747, 656])
1	0.6253112981128136	0.65234102781907	([1432, 969], [1432, 1002, 969])
1	0.6333477448694297	0.6524203965893177	([749, 490], [755, 749, 490])
1	0.6490039077686234	0.6524276545514275	([1008, 882], [1093, 1009, 1008])
1	0.6519689829499259	0.6524278971561451	([1227, 1066], [1227, 1066, 1062])
1	0.6297283606310318	0.6525146485742683	([121, 5], [168, 121, 119])
1	0.6090318235347983	0.6525539130811459	([1123, 391], [1195, 1181, 392])
1	0.6324590405248413	0.6525546703228424	([172, 96], [580, 175, 96])
1	0.6259335304303707	0.6525753182111842	([273, 177], [579, 273, 177])
1	0.6517558653603273	0.6525889895891662	([833, 710], [1443, 836, 833])
1	0.6402963344344395	0.6526051247459982	([1492, 392], [1492, 1024, 1013])
1	0.6482383008882924	0.6526718291681632	([700, 202], [700, 639, 237])
1	0.63958976669762	0.6527378783934275	([557, 415], [557, 458, 415])
1	0.6476695039872566	0.6527654298368456	([502, 305], [539, 502, 318])
1	0.6420488328230667	0.6527711444093721	([1432, 1152], [1432, 1152, 1123])
1	0.5359094400567631	0.6528731787796997	([579, 278], [464, 440, 402])
1	0.592325493908929	0.6528941811931108	([962, 392], [1018, 975, 963])
1	0.5119462925501668	0.652922533689085	([578, 258], [578, 324, 258])
1	0.63481415055243	0.65294374535898	([128, 4], [128, 115, 4])
1	0.648477786971195	0.652969481216901	([1003, 584], [1495, 1009, 584])
1	0.6437056064565163	0.6529722445059907	([1104, 733], [1434, 1096, 733])
1	0.6463332940486122	0.6529779058676944	([1105, 827], [1105, 827, 770])
1	0.6495787950965883	0.6530352401500407	([1024, 932], [1024, 973, 961])
1	0.6526846660409066	0.6530352401500407	([1402, 973], [1402, 1024, 973])
1	0.6491754828354376	0.6530367364017734	([306, 9], [318, 306, 9])
1	0.6483454703778168	0.6530529515753349	([1470, 1327], [1520, 1470, 1326])
1	0.6474849770676862	0.6530558410519266	([1513, 1046], [1513, 1349, 1046])
1	0.6413075385034108	0.6530652246272649	([785, 636], [785, 761, 636])
1	0.6514246136883982	0.6531172563979403	([1117, 1030], [1197, 1158, 1117])
1	0.6396721866077113	0.6531405911803267	([967, 926], [967, 966, 926])
1	0.6372641897246338	0.65315679011848	([1495, 771], [1495, 1009, 762])
1	0.6529827238351745	0.6531957477899984	([637, 246], [637, 352, 226])
1	0.6455713077816397	0.6534176613443359	([1006, 820], [1183, 1088, 820])
1	0.6261052430117275	0.653421549688454	([1127, 1059], [1229, 1127, 1059])
1	0.6159608581194599	0.6534549434235959	([577, 27], [577, 104, 27])
1	0.6461848621109654	0.6534880695708154	([661, 156], [737, 661, 652])
1	0.6479766585479304	0.6535577758544828	([484, 327], [484, 354, 275])
1	0.6446566108425912	0.6535991749005671	([1233, 1056], [1349, 1233, 1056])
1	0.6250448633524178	0.6537182504681331	([787, 705], [787, 757, 705])
1	0.6521529854904006	0.6537253392681317	([869, 733], [1098, 869, 733])
1	0.648019105770008	0.6539317368854014	([1005, 893], [1005, 937, 933])
1	0.6083956869649177	0.6539775221365001	([1017, 581], [1017, 985, 581])
1	0.6053736591981307	0.6540091284808941	([830, 574], [823, 580, 579])
1	0.6136468507946561	0.6540091284808941	([822, 579], [823, 822, 579])
1	0.5823939278113412	0.6540562183700148	([794, 580], [879, 829, 827])
1	0.645761492194789	0.6540987029562733	([633, 272], [633, 352, 272])
1	0.632774207348004	0.6540998393954933	([290, 219], [321, 290, 216])
1	0.6260030245204138	0.6541146037920359	([1433, 11], [1433, 124, 11])
1	0.6526896281453379	0.6542293043015123	([762, 585], [762, 585, 478])
1	0.6473804919187488	0.6542953079524105	([1441, 197], [1441, 237, 197])
1	0.6321705758031948	0.6543050297052578	([602, 548], [602, 591, 541])
1	0.6105752782706837	0.6543323874754507	([1402, 686], [1101, 765, 752])
1	0.6322924499748138	0.6543405929653688	([745, 492], [745, 581, 487])
1	0.6525685892280713	0.654368092407272	([317, 6], [317, 316, 6])
1	0.5282823730199135	0.654408278862052	([1192, 621], [1192, 663, 621])
1	0.6421337035518584	0.6544350621221839	([559, 291], [559, 524, 291])
1	0.6527553130735445	0.6544474804425237	([1119, 975], [1119, 1019, 975])
1	0.6475566373094424	0.654524772862756	([1086, 944], [1086, 1084, 965])
1	0.6459425583155474	0.6545844719835313	([753, 265], [753, 360, 244])
1	0.6539588383228309	0.6545923984933779	([1272, 1205], [1272, 1252, 1205])
1	0.6341604829597924	0.6546731827445111	([641, 276], [641, 337, 276])
1	0.6326931327696277	0.6547058198764591	([203, 104], [203, 174, 138])
1	0.6441546865864317	0.6547767305210058	([838, 779], [870, 838, 779])
1	0.6424036508774712	0.6547790646550169	([584, 186], [584, 224, 191])
1	0.6493522713541767	0.6548257289597795	([1225, 971], [1250, 1225, 971])
1	0.6456848861677829	0.6548475976739907	([607, 544], [608, 607, 544])
1	0.6489640684450804	0.6548743041608494	([802, 524], [802, 524, 187])
1	0.634244634498567	0.6549355714446593	([1117, 913], [1398, 1117, 913])
1	0.6497278596826949	0.6550143822711137	([571, 376], [572, 571, 376])
1	0.6528761145776198	0.6550276467841692	([655, 203], [655, 237, 227])
1	0.6456864605215789	0.6550779055333104	([1068, 573], [1068, 1015, 1006])
1	0.6106558886818544	0.655109983666279	([905, 786], [892, 786, 768])
1	0.6549499430511965	0.6551431947765727	([1006, 789], [1006, 820, 789])
1	0.5066219792484817	0.6551543921540985	([1192, 837], [1497, 1425, 822])
1	0.6395652775013276	0.6552016865519434	([1516, 1036], [1516, 1485, 1229])
1	0.5854150767859203	0.6552706608171046	([467, 188], [581, 465, 222])
1	0.6483584486849295	0.6552930818459082	([1432, 476], [1432, 758, 654])
1	0.647057853290685	0.6553769437150935	([1068, 976], [1068, 1006, 1005])
1	0.607750324819141	0.6553988643179075	([582, 149], [1432, 161, 149])
1	0.6043783963997996	0.6553988643179075	([1432, 13], [1432, 172, 161])
1	0.6481137304745954	0.6554224090891911	([1471, 1038], [1471, 1261, 1038])
1	0.6400596737812903	0.6555347648174605	([1181, 969], [1390, 1181, 969])
1	0.6061922938353682	0.6555347648174605	([1195, 392], [1390, 1181, 1111])
1	0.6330791530776319	0.6555524145267506	([714, 634], [755, 732, 634])
1	0.6492463529894116	0.6556128704448354	([1122, 809], [1434, 1391, 809])
1	0.6365549497833689	0.6556758552617897	([613, 499], [613, 589, 499])
1	0.6527536769922131	0.6556989346112996	([1393, 583], [1496, 1393, 1107])
1	0.5983285074545331	0.6557418242688923	([575, 155], [640, 493, 202])
1	0.6494881630635997	0.6557418242688923	([641, 202], [641, 640, 202])
1	0.5190478164944826	0.6557714578436691	([400, 388], [578, 463, 369])
1	0.6555933986105436	0.6558006236343664	([319, 34], [319, 316, 8])
1	0.6425526949558594	0.6558008734384582	([346, 154], [575, 346, 243])
1	0.5893830550179927	0.6558735664675174	([1424, 812], [1424, 1243, 790])
1	0.6456529127718946	0.6558829909766598	([1380, 1049], [1380, 1364, 1049])
1	0.6480220694596884	0.6559064615256082	([630, 463], [630, 487, 475])
1	0.6444548412946854	0.6559299485402255	([1412, 391], [1412, 1187, 581])
1	0.6375574521223578	0.6560514363779197	([178, 70], [185, 133, 128])
1	0.6396362612530233	0.6560838253215453	([444, 297], [593, 444, 294])
1	0.5349833828279751	0.6561882683783844	([1426, 768], [1426, 873, 768])
1	0.6368994766852496	0.6561980063833525	([536, 457], [536, 499, 460])
1	0.6505889764683706	0.6562031461817096	([697, 204], [697, 648, 477])
1	0.655677803385906	0.6562107105556729	([735, 493], [735, 647, 640])
1	0.6418622647581517	0.6562687151293402	([1004, 884], [1004, 933, 928])
1	0.6507891307397189	0.656353175915414	([737, 352], [737, 581, 337])
1	0.6484745219651347	0.6564186180785067	([1193, 962], [1491, 1193, 1123])
1	0.6495311472757721	0.6564358526214823	([1506, 1064], [1506, 1483, 1048])
1	0.6549213023305318	0.6564819468996109	([488, 281], [488, 363, 281])
1	0.6239340083528034	0.6564972732634954	([392, 98], [467, 392, 371])
1	0.6406420051939598	0.6565850172727474	([469, 174], [469, 465, 190])
1	0.6344868291008253	0.6565958251936214	([711, 399], [711, 671, 669])
1	0.6006286066481391	0.656642355206907	([804, 392], [751, 642, 641])
1	0.6430371067033219	0.6566476337463582	([664, 246], [664, 646, 246])
1	0.6329519010799921	0.6566630620240103	([1070, 584], [1434, 1405, 584])
1	0.6296316777089616	0.6566682382285206	([1451, 1037], [1451, 1048, 1033])
1	0.6425785237107193	0.6566686416931244	([1069, 830], [1407, 1069, 1024])
1	0.6355475499613711	0.6566892010185424	([359, 156], [577, 353, 156])
1	0.6453780157822395	0.6567349369858837	([774, 367], [774, 579, 367])
1	0.6564253261930657	0.6567554627544148	([580, 450], [580, 505, 453])
1	0.6450901464205214	0.6567556462694172	([868, 615], [868, 755, 747])
1	0.6517230972834667	0.6567933041834537	([559, 381], [560, 559, 381])
1	0.6477154201576952	0.6568007709246595	([1527, 1206], [1527, 1218, 1206])
1	0.6305548288541012	0.6568007709246595	([1527, 1361], [1527, 1449, 1218])
1	0.6305861101799148	0.6568023871581162	([748, 485], [748, 737, 485])
1	0.6522122818135581	0.6568134391940121	([243, 104], [245, 209, 203])
1	0.651341367790298	0.6568903605134372	([755, 245], [755, 749, 245])
1	0.651222333347763	0.6569130133902769	([1080, 909], [1090, 1080, 935])
1	0.6488924705418792	0.6569334101804953	([388, 322], [388, 372, 322])
1	0.5834971358913912	0.6569726372090378	([593, 293], [290, 256, 232])
1	0.6400665630610781	0.6570754169314167	([1086, 392], [1112, 1086, 392])
1	0.6237505160760654	0.6570789488104813	([905, 584], [905, 875, 763])
1	0.6476079666498973	0.6570789488104813	([934, 763], [934, 905, 763])
1	0.6012267891630536	0.6571721970992478	([1433, 152], [475, 178, 156])
1	0.6571480428791184	0.6573648039580466	([120, 7], [120, 87, 7])
1	0.6458570116979578	0.6574288477532332	([1083, 958], [1083, 1082, 953])
1	0.647810893221711	0.6574465082167859	([668, 363], [668, 616, 579])
1	0.656030627935693	0.6574743149953235	([594, 451], [594, 561, 451])
1	0.6510197186450628	0.6575204053277495	([932, 780], [932, 871, 864])
1	0.6453419954832375	0.6575832261879045	([1063, 957], [1083, 1067, 1063])
1	0.6553579260286098	0.6576138481258151	([1064, 913], [1084, 1064, 966])
1	0.6444095585425026	0.6577071436776928	([1504, 1056], [1504, 1152, 1056])
1	0.64874521423259	0.6579372762038542	([1280, 415], [1280, 1043, 392])
1	0.6469526746108158	0.6580338961046948	([927, 857], [927, 909, 865])
1	0.6487989342143632	0.6580617999788816	([1423, 1170], [1443, 1423, 1170])
1	0.6519169576843826	0.6580759746038238	([549, 437], [560, 549, 444])
1	0.6398018097584066	0.6581048122222526	([1507, 976], [1507, 1027, 976])
1	0.6515869455741359	0.6581063756449226	([459, 221], [459, 367, 221])
1	0.6507711934909834	0.658152318167222	([186, 77], [186, 77, 5])
1	0.634807819633625	0.6581840500852658	([1082, 953], [1398, 1085, 1084])
1	0.6518003462016115	0.6582546378007945	([539, 422], [539, 467, 422])
1	0.5487030097645927	0.6582592795240158	([1192, 891], [1192, 1108, 891])
1	0.6552948329138205	0.6582855001183817	([1159, 401], [1196, 1159, 1117])
1	0.625637292515569	0.6582874424511869	([1130, 1039], [1383, 1130, 1125])
1	0.6550051719535137	0.6582938864682749	([1185, 721], [1185, 722, 721])
1	0.6403491541476957	0.6583482646470791	([317, 169], [317, 187, 169])
1	0.6555307586333383	0.6583769051839089	([1249, 839], [1249, 839, 810])
1	0.6470119737843631	0.6584285693336867	([580, 403], [580, 555, 403])
1	0.6528074272334958	0.6584396515243564	([1020, 820], [1249, 1020, 1014])
1	0.64984903804415	0.6584504576031344	([705, 618], [705, 638, 618])
1	0.6464890100709039	0.6585148790280066	([199, 97], [204, 199, 97])
1	0.6371803352911468	0.6585236434847856	([665, 273], [663, 481, 273])
1	0.5018484514542583	0.6585322640982838	([663, 578], [663, 578, 488])
1	0.6559717847333403	0.6585364089324887	([1008, 825], [1008, 829, 825])
1	0.646837889257818	0.658625988754336	([1408, 749], [1438, 1408, 749])
1	0.6523195958813044	0.6587065617775067	([1198, 1049], [1449, 1198, 1046])
1	0.6165991786967473	0.6587131793640083	([1432, 196], [1432, 245, 209])
1	0.6501970637249141	0.6587151094708737	([247, 157], [247, 228, 157])
1	0.6570011108650248	0.658730359993817	([1346, 1057], [1350, 1346, 1057])
1	0.650078085038151	0.6587488606014231	([825, 757], [825, 775, 762])
1	0.644915741877157	0.6588343826594553	([284, 186], [584, 284, 251])
1	0.655808652745316	0.6588919632935044	([1194, 988], [1194, 1026, 988])
1	0.6412526896420354	0.6589133673950889	([1004, 572], [1004, 974, 572])
1	0.5361570864174132	0.6590189685438504	([813, 578], [813, 804, 578])
1	0.6194041956240199	0.659085546211237	([1425, 485], [1425, 748, 736])
1	0.5602113204901663	0.6590884967129422	([1432, 677], [1432, 685, 677])
1	0.6450629663783035	0.65909137784023	([736, 243], [736, 656, 247])
1	0.650061771895951	0.6591077860904826	([618, 338], [618, 480, 338])
1	0.6481561675850862	0.6591098320451176	([1499, 932], [1499, 1408, 932])
1	0.6428208479249279	0.6591151234572517	([696, 239], [697, 664, 581])
1	0.6488331965200159	0.6591203486972083	([182, 15], [182, 113, 99])
1	0.6571269981455972	0.6591694523311686	([1402, 825], [1402, 825, 823])
1	0.6550389006184583	0.6591796783260624	([1112, 955], [1112, 1026, 989])
1	0.6533124107702517	0.6591942757113489	([1523, 1037], [1523, 1260, 1254])
1	0.6590558781804762	0.6592146382024826	([541, 300], [566, 541, 293])
1	0.6372529389392204	0.6592620871902184	([551, 317], [551, 538, 317])
1	0.6084037986883308	0.659307285341864	([392, 29], [392, 86, 63])
1	0.6344396364502092	0.6593203796900083	([1202, 917], [1417, 1202, 917])
1	0.6522888559635202	0.6593560354972272	([1503, 807], [1503, 1498, 810])
1	0.5837092029732621	0.6594167368147921	([1433, 491], [1433, 475, 252])
1	0.6365210509474445	0.6594517501729805	([764, 365], [764, 481, 361])
1	0.6489091271867635	0.6595828731933102	([1285, 1199], [1285, 1271, 1199])
1	0.6272822064231206	0.6596351277056904	([657, 331], [657, 577, 575])
1	0.6453470541812624	0.6597678336497707	([579, 20], [579, 102, 20])
1	0.6391915518491734	0.6597828792856922	([579, 558], [579, 558, 500])
1	0.5023902280973186	0.659785482389084	([1002, 578], [1068, 976, 971])
1	0.653238879664305	0.659846033349607	([678, 475], [678, 647, 642])
1	0.6594806545417047	0.6598685363642495	([1439, 930], [1439, 1189, 1014])
1	0.6491163128437923	0.6599316849458237	([481, 107], [492, 481, 107])
1	0.6530578991042082	0.6599740543414536	([650, 211], [664, 650, 211])
1	0.6591243061477658	0.6600753059302611	([435, 304], [435, 378, 304])
1	0.6474016657700499	0.6601309699982187	([1494, 869], [1494, 1098, 1079])
1	0.6524070797582017	0.6602484437593543	([1410, 789], [1410, 1250, 1181])
1	0.6233255870659942	0.6602947992923534	([492, 279], [492, 368, 351])
1	0.6448642162504319	0.6604939488993258	([1356, 1138], [1451, 1356, 1138])
1	0.6599281041657136	0.6605315417167213	([763, 247], [763, 753, 247])
1	0.5873638660402899	0.660533255034325	([1424, 708], [1433, 1413, 708])
1	0.6446733296051137	0.6605557652999897	([472, 201], [485, 472, 201])
1	0.6603581568015027	0.6605720066678489	([363, 102], [577, 363, 102])
1	0.6508725054967252	0.6605720066678489	([486, 102], [577, 486, 102])
1	0.6520536841462233	0.6606259707841616	([1184, 938], [1184, 1014, 938])
1	0.6436812892974557	0.6606278288318009	([203, 20], [203, 104, 20])
1	0.6538779154226018	0.6606297892512669	([883, 695], [883, 761, 737])
1	0.6511838199599979	0.6606485170752302	([729, 486], [748, 729, 486])
1	0.6429860744386364	0.6606507025250403	([665, 3], [665, 245, 3])
1	0.6322516224742747	0.6607062797102513	([879, 616], [1432, 879, 616])
1	0.6455147660197881	0.6607469007743425	([1403, 788], [1403, 788, 763])
1	0.6271574418807031	0.6607507210679912	([838, 580], [929, 863, 838])
1	0.6508726745100255	0.660760515368521	([487, 99], [487, 250, 99])
1	0.6504179219737554	0.6608351099612895	([1340, 1163], [1360, 1340, 1214])
1	0.6584796952873238	0.6608396056844125	([485, 21], [575, 487, 21])
1	0.6569638725660681	0.6609544720994901	([733, 338], [733, 698, 355])
1	0.636818609041275	0.6609907159077684	([1179, 833], [1504, 1443, 833])
1	0.6461269057365304	0.6610117623559207	([737, 156], [661, 577, 484])
1	0.6506241341009786	0.6610148019661078	([218, 23], [218, 184, 70])
1	0.6491535547845472	0.6610966501977287	([786, 151], [786, 746, 584])
1	0.652646737050091	0.6611106679733527	([294, 43], [294, 293, 42])
1	0.6288354971680626	0.6611181126768979	([1409, 776], [1409, 1104, 1076])
1	0.6599186289133165	0.6612038621535333	([775, 252], [775, 643, 635])
1	0.6494869025600835	0.6612477621322462	([540, 302], [566, 540, 302])
1	0.6498953660328473	0.6612719403861599	([614, 391], [624, 614, 391])
1	0.6482997813735824	0.6613255910229388	([464, 325], [583, 469, 464])
1	0.6509745947805228	0.6613855531695269	([1514, 1204], [1514, 1275, 1258])
1	0.6519480362196547	0.661412422544261	([775, 491], [775, 635, 485])
1	0.6606209162483567	0.6614183696100516	([874, 697], [874, 750, 742])
1	0.6607888920870367	0.6614296607087334	([322, 66], [322, 188, 91])
1	0.6588352965626892	0.6614884899749015	([498, 260], [498, 487, 339])
1	0.656718133058102	0.6615504114012847	([1515, 1141], [1515, 1475, 1141])
1	0.6604483812593852	0.6615590734155923	([1095, 637], [1095, 767, 738])
1	0.646718094721191	0.6616184424248764	([488, 177], [361, 226, 177])
1	0.6606495810625941	0.6616859161716204	([1109, 813], [1109, 974, 813])
1	0.6148726548859456	0.661686326428779	([378, 294], [444, 435, 304])
1	0.6612381253437587	0.6616946528305382	([1132, 1034], [1257, 1132, 1034])
1	0.6580799710752524	0.6617237161696367	([802, 373], [802, 373, 187])
1	0.641613977664752	0.6618029937886463	([618, 210], [618, 242, 210])
1	0.5989112181236969	0.6618221436435118	([1424, 687], [1424, 708, 687])
1	0.6591236772785853	0.661839360932799	([676, 255], [697, 676, 255])
1	0.6593765586232151	0.6618736559697395	([1524, 1140], [1524, 1522, 1140])
1	0.6439563226021413	0.6618966910096227	([1021, 792], [1021, 810, 792])
1	0.6474261966393975	0.6620846726102887	([474, 149], [584, 474, 149])
1	0.6593239729811418	0.6621332920000345	([316, 78], [316, 187, 78])
1	0.6458393387110268	0.6621382010429469	([680, 577], [680, 675, 577])
1	0.6474100223881075	0.6621522289433833	([874, 647], [874, 873, 647])
1	0.6392656129528627	0.6621551789727675	([1260, 1037], [1523, 1053, 1037])
1	0.654301524478479	0.6622735493449408	([1114, 958], [1114, 1083, 1081])
1	0.6566752607986349	0.6622831783545747	([481, 203], [481, 253, 243])
1	0.6400400352597927	0.6622887086567719	([1468, 1035], [1473, 1254, 1036])
1	0.6593091292928109	0.6623295865658247	([1110, 783], [1110, 1091, 783])
1	0.6599587026966756	0.6623450423959006	([503, 80], [591, 503, 80])
1	0.659239928033296	0.6623464656094885	([1482, 964], [1482, 1400, 964])
1	0.6579839390416041	0.6623707274876737	([287, 30], [1436, 107, 30])
1	0.6301199198040375	0.6623951230940522	([1114, 572], [1169, 1114, 1113])
1	0.646657621278535	0.6624312379954715	([536, 283], [579, 536, 465])
1	0.6581974894763732	0.6624427637017304	([447, 374], [457, 447, 374])
1	0.6515688519427446	0.6624576630286537	([732, 225], [747, 732, 478])
1	0.6532850422632748	0.6624776313355067	([904, 812], [904, 812, 791])
1	0.6444551294559943	0.6624776313355067	([940, 791], [940, 904, 791])
1	0.6433984622996138	0.6624913265334509	([190, 98], [190, 117, 75])
1	0.6495104434666796	0.6625408779917386	([510, 456], [590, 510, 495])
1	0.6347172778755343	0.6625561500443197	([1425, 14], [1432, 1425, 14])
1	0.6528054179564243	0.6626186806825323	([1083, 901], [1083, 1074, 901])
1	0.6416670410361609	0.6626228587058623	([761, 617], [761, 652, 617])
1	0.629074878107799	0.6626866512128596	([1398, 993], [1083, 989, 955])
1	0.6254510063290006	0.6626880792960782	([1433, 569], [1433, 569, 555])
1	0.6438284852405666	0.6626882759037072	([1010, 809], [1010, 829, 809])
1	0.49129759522811783	0.6626882759037072	([1068, 578], [1010, 880, 829])
1	0.6525455572111762	0.662748336212015	([503, 451], [503, 451, 436])
1	0.6376777992786407	0.6627742598968068	([881, 730], [1432, 881, 730])
1	0.526331074637921	0.6627904647594712	([578, 521], [578, 513, 463])
1	0.6552784875891241	0.6628471889815529	([610, 461], [615, 610, 461])
1	0.6622328009034109	0.6629043871800386	([1489, 1066], [1504, 1489, 1066])
1	0.5222735818275407	0.6629099198712949	([1192, 663], [1192, 741, 473])
1	0.6575873807429248	0.6629253042970077	([666, 268], [666, 641, 268])
1	0.642716273305893	0.6630169587378963	([1399, 1178], [1399, 1217, 1206])
1	0.6306441429593209	0.6630581753553674	([1090, 583], [1437, 1090, 583])
1	0.658298802857242	0.6630807034121932	([833, 188], [913, 833, 188])
1	0.6112640304873506	0.6631250805676888	([636, 2], [583, 181, 2])
1	0.6491163077185261	0.663160945418188	([1436, 722], [1436, 722, 706])
1	0.6490901655356387	0.663162573493168	([1420, 981], [1420, 1084, 999])
1	0.6582998988208125	0.663162573493168	([1415, 999], [1420, 1415, 999])
1	0.6195627288157937	0.6631727130455819	([1185, 838], [1185, 909, 838])
1	0.6588940414028731	0.6632002985354606	([496, 180], [496, 465, 180])
1	0.662668760566789	0.6632468712303171	([368, 104], [577, 368, 228])
1	0.6585126147087665	0.6633006285376244	([757, 353], [757, 754, 353])
1	0.6576538293190962	0.663318064438834	([1082, 817], [1085, 835, 834])
1	0.6552469061947959	0.663375433792947	([1030, 999], [1084, 1058, 1030])
1	0.6519352200399721	0.663401789214452	([221, 4], [221, 183, 172])
1	0.6587650195925873	0.6634885747683102	([519, 323], [574, 557, 323])
1	0.6588108392004924	0.6636217668661569	([569, 315], [569, 539, 318])
1	0.6480985850468473	0.6637044418795048	([734, 203], [734, 483, 352])
1	0.6617971580053307	0.663710000817171	([1105, 349], [1105, 770, 349])
1	0.6447230268845691	0.6637978726004344	([758, 236], [758, 580, 158])
1	0.6447683627821487	0.6638719751019123	([735, 354], [746, 735, 354])
1	0.6435085780145802	0.6638790164645438	([976, 807], [1017, 963, 807])
1	0.6478292543034784	0.6638790164645438	([1498, 810], [1503, 1017, 807])
1	0.6617835482100541	0.6641162202453158	([1469, 1037], [1469, 1453, 1451])
1	0.6560221302339687	0.6641235592270018	([339, 22], [1432, 339, 22])
1	0.6618437945279397	0.6641288648998905	([1155, 819], [1394, 1155, 1023])
1	0.6573710277355003	0.6641667491585549	([1084, 801], [1117, 1084, 801])
1	0.6333314626139802	0.6641757937862176	([689, 467], [689, 623, 467])
1	0.6601053124156997	0.6641793189044936	([752, 249], [758, 752, 249])
1	0.662586945492118	0.6642010103784849	([868, 633], [1101, 868, 645])
1	0.6573571153350427	0.6642682816745287	([473, 112], [473, 183, 112])
1	0.637846740520998	0.6643679410585579	([571, 354], [571, 494, 470])
1	0.6589685473300739	0.6643783043001064	([687, 482], [687, 664, 659])
1	0.6564508259473537	0.6643969339854289	([1433, 316], [1433, 467, 386])
1	0.6595598587676977	0.664421698011745	([672, 233], [672, 388, 385])
1	0.5827511435576765	0.6644308678607299	([1433, 186], [1433, 186, 152])
1	0.6583576175468079	0.6644632076430805	([295, 39], [295, 293, 58])
1	0.6631870289367175	0.6645235546140427	([1085, 710], [1085, 913, 834])
1	0.6414869916583446	0.6645235546140427	([1085, 834], [1085, 952, 913])
1	0.5246418925735209	0.6645552014954903	([578, 158], [578, 488, 158])
1	0.6357813161228923	0.6645658645164063	([699, 623], [699, 631, 623])
1	0.652520729766983	0.6645876328417516	([605, 319], [605, 591, 187])
1	0.6597066674002746	0.6646220676369787	([1009, 865], [1009, 933, 909])
1	0.6611734792661971	0.6646234056484244	([861, 792], [861, 830, 819])
1	0.630038011808775	0.6646474338441207	([1202, 380], [1238, 1228, 406])
1	0.6362309484351041	0.6646662197541661	([270, 22], [328, 270, 225])
1	0.6620720046104234	0.664670132558638	([548, 419], [548, 505, 437])
1	0.6556498676316367	0.6648029559142221	([280, 174], [280, 237, 174])
1	0.6390772156644762	0.6648038608463579	([705, 492], [705, 579, 485])
1	0.6501860423312521	0.6648618480316829	([767, 265], [767, 754, 265])
1	0.6557534517885786	0.6649747955497145	([491, 181], [491, 246, 201])
1	0.6400507307441475	0.6650791911837151	([1214, 401], [1228, 1215, 406])
1	0.62209941946985	0.66510753444908	([1153, 572], [1491, 1153, 572])
1	0.65271686416068	0.6651202241508448	([554, 459], [555, 554, 459])
1	0.6473635283875996	0.6651367883528075	([1005, 813], [1010, 974, 809])
1	0.6271164434583313	0.6651574686505201	([1167, 392], [1489, 1167, 392])
1	0.6583923002076036	0.6651732080392033	([1179, 967], [1179, 997, 967])
1	0.6065815290675332	0.6651849145519945	([1004, 583], [1090, 1010, 1006])
1	0.6611329188953761	0.665238134643735	([1425, 146], [1425, 766, 202])
1	0.6649846688793521	0.6654227346578722	([834, 672], [834, 801, 800])
1	0.6630518952476901	0.6654751796286276	([559, 452], [570, 559, 441])
1	0.6619544619533158	0.6654967417661906	([423, 322], [423, 413, 322])
1	0.6530022917812316	0.6655647035141077	([783, 685], [783, 740, 685])
1	0.6372205953488514	0.6655980644140951	([1185, 493], [1402, 1023, 493])
1	0.658608803889696	0.6656881343475167	([1117, 1000], [1117, 1000, 999])
1	0.6459625906596098	0.6657174184583144	([571, 72], [573, 571, 72])
1	0.6467281782500884	0.6657723557930123	([1004, 831], [1004, 884, 831])
1	0.6602494938906293	0.6657743859724295	([275, 152], [275, 230, 201])
1	0.6606884131777766	0.6657795599749584	([669, 375], [669, 589, 375])
1	0.665524913801774	0.6658738065559816	([595, 58], [595, 593, 58])
1	0.6305241251080681	0.6659123542267091	([760, 345], [760, 638, 365])
1	0.6510394212507457	0.6660345955496038	([693, 345], [693, 580, 354])
1	0.652074580651663	0.6660672445129371	([890, 717], [890, 738, 717])
1	0.5936017271690824	0.6660991244954614	([1245, 573], [1245, 1015, 1011])
1	0.6311064167820666	0.6661245009390787	([599, 442], [599, 590, 456])
1	0.5811991104508953	0.6661525982811629	([1192, 1056], [1365, 1192, 1056])
1	0.6605508212706109	0.6661711897140953	([992, 854], [993, 992, 854])
1	0.6644835736037238	0.6662387862985225	([1081, 977], [1081, 1003, 977])
1	0.6521287094984409	0.6662868222600965	([1212, 955], [1212, 1114, 1112])
1	0.628444189925285	0.6663004019353944	([671, 399], [671, 399, 373])
1	0.6401741642885661	0.6663210563426233	([1247, 901], [1402, 1247, 1023])
1	0.6532865525490064	0.6663262640731114	([738, 206], [755, 738, 206])
1	0.6650340863790349	0.6663700148531669	([1436, 75], [1436, 75, 30])
1	0.6585735385479089	0.6664114182348704	([685, 152], [1433, 701, 152])
1	0.6552255398855016	0.6665297577126348	([891, 619], [891, 642, 619])
1	0.6500906693500427	0.6665592302545326	([1443, 710], [1443, 1418, 710])
1	0.6457189957021451	0.6665593477434384	([560, 378], [559, 381, 380])
1	0.6341616903170473	0.6665593477434384	([1031, 559], [1031, 559, 380])
1	0.6589732000091406	0.6665863970591324	([668, 202], [668, 655, 202])
1	0.6633239062549394	0.6665967022250411	([233, 116], [233, 167, 165])
1	0.6634853952978644	0.6666155876349208	([579, 319], [579, 323, 319])
1	0.6538451126771234	0.666616577298985	([1073, 821], [1073, 823, 821])
1	0.6641623837291828	0.6666490990737383	([987, 808], [987, 942, 808])
1	0.6641621963305506	0.6666860490515218	([1444, 388], [1506, 1444, 388])
1	0.6563245048487328	0.6669248466327022	([1511, 417], [1511, 417, 403])
1	0.6340442694660033	0.6669248466327022	([1511, 391], [1511, 1371, 403])
1	0.6521105182166586	0.6669570561993676	([554, 289], [581, 496, 289])
1	0.641173960532727	0.6669942510285367	([1390, 934], [1390, 1024, 934])
1	0.62803021291477	0.6670094256400357	([253, 113], [253, 205, 151])
1	0.5531787201605273	0.667020822550572	([1426, 1400], [1426, 1417, 1400])
1	0.6583271909569242	0.6670677002443586	([884, 626], [884, 742, 698])
1	0.6605570591862749	0.6670856738589988	([1083, 921], [1083, 989, 921])
1	0.6600772151780718	0.6671018829216484	([564, 81], [564, 296, 81])
1	0.6505920655848262	0.6671203108689128	([315, 7], [315, 187, 186])
1	0.613582423960298	0.667157272401983	([298, 82], [298, 188, 83])
1	0.619223506635678	0.6672169063792327	([1433, 817], [1433, 862, 817])
1	0.6582405924271485	0.6672172294243195	([1527, 406], [1527, 1524, 406])
1	0.6571147716427627	0.6672327703935588	([1210, 811], [1210, 1182, 1021])
1	0.664103141436179	0.6672335998439597	([997, 836], [997, 927, 913])
1	0.6531799480173586	0.6672361545114366	([1023, 811], [1073, 1023, 821])
1	0.6555931166482952	0.6672361545114366	([1244, 821], [1244, 1023, 821])
1	0.6668414063515815	0.667269791654673	([898, 723], [898, 743, 735])
1	0.6360529629093232	0.6673569706999499	([1066, 996], [1066, 1028, 991])
1	0.6525263321664386	0.6674584649977875	([827, 677], [827, 754, 697])
1	0.665770165044075	0.6675005274548147	([1513, 1176], [1513, 1445, 1176])
1	0.6628997594929071	0.6675052964631698	([1442, 1172], [1442, 1398, 1179])
1	0.6402225112149668	0.6675418125817055	([1425, 309], [1425, 338, 309])
1	0.6597347539879429	0.6675587765617642	([566, 34], [566, 293, 57])
1	0.6666650941181611	0.6675746840142041	([572, 1], [572, 116, 1])
1	0.6620076182286873	0.667596089392239	([1061, 994], [1064, 1061, 994])
1	0.6652226484516062	0.6676779520302784	([612, 238], [633, 612, 238])
1	0.6394028683390494	0.6676818901804185	([523, 439], [523, 466, 440])
1	0.6665096087776199	0.667690896279259	([733, 106], [733, 573, 110])
1	0.6579048501931285	0.6677748751246616	([1183, 940], [1183, 1007, 1006])
1	0.666507905708322	0.6677815117342547	([871, 150], [871, 767, 635])
1	0.6605241751428077	0.6677846760564309	([871, 701], [876, 871, 701])
1	0.6557415221974303	0.6678218726593802	([325, 22], [325, 270, 224])
1	0.6496415541432293	0.6678393181199136	([1434, 221], [1434, 349, 221])
1	0.6490485390061643	0.6678511916593729	([545, 309], [552, 545, 309])
1	0.6544428635471625	0.6678582464356755	([615, 198], [642, 615, 198])
1	0.6501407879939278	0.6678944143913641	([622, 106], [622, 572, 106])
1	0.6588234908410989	0.6679119346964177	([1391, 751], [1391, 973, 929])
1	0.6555288332100749	0.66794964531261	([716, 344], [716, 633, 353])
1	0.6453614432971174	0.6680346739581662	([475, 100], [475, 161, 127])
1	0.6536168315855082	0.6680350100084247	([432, 82], [432, 188, 83])
1	0.6487838695675576	0.6680484067111613	([509, 306], [570, 509, 502])
1	0.6628173995670084	0.6680519730789312	([758, 3], [758, 236, 3])
1	0.6622368186796742	0.6682883043898833	([538, 454], [560, 538, 454])
1	0.6645256020867543	0.668452948105663	([1119, 1065], [1119, 1065, 1019])
1	0.6653938876158574	0.6684632319422942	([718, 584], [732, 718, 584])
1	0.6602154472006155	0.6684743816969029	([569, 434], [569, 434, 414])
1	0.6499719248010642	0.6684895277766733	([567, 450], [567, 548, 450])
1	0.6662392405672846	0.6684924790264111	([461, 177], [488, 468, 461])
1	0.6679512182562356	0.668497684982439	([474, 70], [572, 474, 281])
1	0.584558449811415	0.6685387108408728	([1508, 392], [911, 892, 813])
1	0.6680358476818721	0.6685948310912391	([370, 175], [370, 232, 217])
1	0.6517558483768472	0.6686120454977156	([786, 391], [813, 786, 391])
1	0.6495694064216141	0.6686146398389489	([1250, 789], [1410, 931, 892])
1	0.6536995203839815	0.668625990189567	([363, 2], [636, 337, 225])
1	0.6674733257652862	0.6686345776298643	([710, 85], [710, 495, 188])
1	0.6671101657822458	0.6686345776298643	([710, 495], [710, 671, 188])
1	0.6531215227949939	0.6686345776298643	([913, 372], [833, 710, 188])
1	0.6576475468404352	0.6686689683122515	([610, 288], [611, 610, 288])
1	0.667388379993427	0.6687235052948424	([460, 172], [581, 460, 205])
1	0.6643313815388523	0.6687251458337297	([696, 155], [696, 239, 230])
1	0.639814091145258	0.6687768952924888	([572, 428], [572, 447, 428])
1	0.6673289111570583	0.6688995533759505	([553, 31], [579, 553, 521])
1	0.6626399710966379	0.6689059299184582	([705, 228], [705, 485, 473])
1	0.6592474783155023	0.6690715476569078	([671, 524], [671, 524, 419])
1	0.6672950721093514	0.669168048111751	([662, 201], [662, 642, 204])
1	0.6558414361637006	0.6692222294375085	([304, 59], [568, 549, 59])
1	0.6608981643766988	0.6692271884549315	([1160, 980], [1419, 1160, 1118])
1	0.625106675532328	0.6692810681964104	([909, 583], [909, 887, 583])
1	0.649189662435625	0.6693381783989626	([1209, 958], [1388, 1209, 958])
1	0.6634167623931623	0.6693644233755547	([283, 12], [574, 283, 178])
1	0.6610968312276868	0.6693673017405309	([650, 459], [650, 476, 459])
1	0.6671411728862838	0.6694098045864642	([899, 677], [899, 703, 677])
1	0.6657159202083641	0.6694614776464306	([1425, 248], [1425, 248, 241])
1	0.5111869141305385	0.6695197464926704	([804, 578], [863, 816, 813])
1	0.646375124598878	0.6695501267219579	([552, 290], [545, 542, 309])
1	0.6612197138377491	0.6695624299470407	([695, 200], [695, 476, 268])
1	0.6654864464475083	0.669574975337708	([541, 433], [541, 436, 433])
1	0.6675957269044385	0.6696195957755566	([769, 339], [769, 339, 256])
1	0.6403478648568189	0.6696195957755566	([769, 253], [769, 574, 256])
1	0.6593227739182294	0.6696273776809479	([1352, 404], [1511, 1044, 404])
1	0.6651028650440679	0.6696385994530901	([738, 152], [738, 206, 152])
1	0.6645701414076579	0.6696801980133734	([963, 838], [1111, 963, 838])
1	0.6632988828858813	0.6696817520421305	([708, 348], [708, 696, 348])
1	0.6620681799778099	0.6696943359982235	([226, 11], [577, 226, 11])
1	0.668786506555168	0.6697015315937668	([771, 111], [771, 751, 111])
1	0.665357418294503	0.6697206915582702	([374, 289], [374, 371, 289])
1	0.6655945154304191	0.6697491096636269	([1105, 662], [1105, 868, 662])
1	0.6689472808840116	0.6698751874999455	([490, 176], [490, 483, 176])
1	0.6667670413177971	0.669909871804878	([1501, 791], [1501, 1016, 791])
1	0.6646332789008261	0.6699259766470397	([692, 258], [692, 489, 258])
1	0.6665882349643251	0.6699686189141897	([826, 622], [826, 637, 622])
1	0.6645800340427553	0.6699819053917137	([771, 200], [771, 348, 200])
1	0.6367733160878339	0.6700773116579288	([808, 582], [808, 781, 581])
1	0.669098678141889	0.6701873078012722	([512, 288], [512, 494, 288])
1	0.6645432801906167	0.670213080968666	([714, 114], [751, 714, 111])
1	0.6679455081182971	0.6702322823728762	([247, 16], [247, 157, 14])
1	0.6276782302720356	0.6702336593590914	([671, 188], [671, 669, 466])
1	0.6656446725065801	0.6702462552944828	([824, 692], [824, 767, 692])
1	0.660879051088813	0.6702626440952065	([487, 114], [487, 471, 114])
1	0.6587802326332169	0.6702654588507387	([903, 808], [903, 869, 823])
1	0.6522082278693343	0.6702750995276014	([892, 692], [1433, 892, 660])
1	0.6398461410727546	0.670293729028406	([1499, 772], [1499, 1088, 772])
1	0.6550832706454104	0.6702989728996169	([747, 150], [871, 585, 582])
1	0.6619284163181017	0.6703372805444908	([975, 818], [975, 963, 807])
1	0.6696659896686457	0.6703539245502899	([639, 183], [639, 237, 183])
1	0.6553340380947975	0.6703806850595353	([795, 689], [795, 689, 579])
1	0.6689887377064828	0.6704255555008654	([616, 234], [616, 363, 199])
1	0.6661391525703921	0.6704407571569447	([323, 73], [323, 314, 73])
1	0.658374150197653	0.6704561205874788	([1412, 819], [1412, 1119, 819])
1	0.6592891697552851	0.6705149702342451	([240, 141], [246, 240, 141])
1	0.6688826097089517	0.6705377367521481	([1244, 903], [1244, 903, 769])
1	0.6626570371797982	0.6705377367521481	([1246, 769], [1246, 1244, 769])
1	0.6377662558189514	0.6705478772755524	([1432, 949], [1432, 949, 939])
1	0.6634897803287501	0.6705676653095044	([998, 858], [998, 993, 800])
1	0.6690775644491488	0.6705957770593747	([1506, 978], [1506, 1063, 978])
1	0.6623002302414006	0.6706476948838618	([510, 290], [510, 505, 290])
1	0.6693517906688778	0.6706728426057675	([783, 586], [783, 775, 586])
1	0.6655869645471614	0.6706846847930029	([576, 417], [576, 459, 417])
1	0.6496617192415675	0.6707392312265946	([569, 414], [569, 504, 434])
1	0.5246431908540247	0.6707509805258216	([1210, 578], [1210, 1068, 1021])
1	0.6684708586907958	0.6707549899178992	([1105, 632], [1105, 1102, 632])
1	0.6311212228024148	0.6707857949294921	([243, 12], [243, 104, 13])
1	0.649671221523066	0.6708064240673752	([704, 107], [704, 664, 391])
1	0.669949849785718	0.670810271303098	([306, 49], [306, 49, 32])
1	0.6275129681077503	0.6708279226741242	([1436, 107], [1436, 76, 30])
1	0.6575985342626022	0.670832800038331	([1389, 813], [1389, 1016, 813])
1	0.6649309139382101	0.6708404714573762	([532, 438], [556, 532, 438])
1	0.6628962666076896	0.6708824874733307	([1486, 979], [1486, 1196, 1128])
1	0.6693385322963865	0.6708869938528675	([951, 817], [951, 833, 817])
1	0.6459192642177302	0.6709403008559829	([1166, 957], [1116, 1083, 1081])
1	0.6574995810543185	0.6709828453931994	([1487, 1065], [1487, 1065, 1059])
1	0.6604404274081955	0.6710004482480169	([1141, 1060], [1141, 1126, 1060])
1	0.6560613486807538	0.6710152596851543	([1394, 819], [1192, 1155, 814])
1	0.6700061886390773	0.6710410528713874	([262, 107], [262, 225, 184])
1	0.6358072573048369	0.6710637882707488	([1431, 647], [1431, 647, 615])
1	0.6537362015030945	0.6710824771337882	([706, 149], [706, 474, 329])
1	0.6642713222158271	0.6711037593657398	([220, 101], [220, 181, 176])
1	0.5989860168016375	0.6711265362169683	([1424, 752], [1424, 790, 752])
1	0.6711401818688173	0.6711597904760958	([1136, 572], [1153, 1136, 1117])
1	0.6577073597434945	0.671168125744876	([1189, 642], [1189, 700, 642])
1	0.6707063997382412	0.6711747692457025	([942, 843], [942, 928, 843])
1	0.6506084921536004	0.6712376307681931	([243, 142], [250, 236, 142])
1	0.6430165738139759	0.6712812311269067	([492, 111], [492, 231, 3])
1	0.6237828067511898	0.6712812311269067	([498, 3], [498, 492, 3])
1	0.6586760893781806	0.6713327991072371	([1436, 992], [1436, 992, 976])
1	0.6711046700072802	0.6713327991072371	([1116, 976], [1436, 1116, 976])
1	0.6708714039115721	0.6714234980630577	([1425, 178], [1425, 237, 178])
1	0.669692923519985	0.6714655706301244	([866, 715], [886, 866, 735])
1	0.6007824253588663	0.6715026526143197	([717, 574], [717, 584, 582])
1	0.6657845577237078	0.6715328680667605	([546, 65], [556, 546, 65])
1	0.6570564493914304	0.6715328680667605	([556, 4], [573, 556, 65])
1	0.6594688943579184	0.6715618008835018	([1189, 732], [1189, 732, 706])
1	0.6610646805428979	0.6715717977735676	([968, 817], [1085, 964, 817])
1	0.6617087941046296	0.6715760674828303	([352, 153], [352, 200, 157])
1	0.6461604970665544	0.6715760674828303	([355, 157], [355, 352, 157])
1	0.6436822930811427	0.6715801404097751	([1071, 692], [1101, 1071, 692])
1	0.6687415830710615	0.6716650899952494	([708, 622], [708, 676, 622])
1	0.6677294683613988	0.6716864938196911	([358, 101], [358, 339, 101])
1	0.6662544034813969	0.671717032554249	([899, 703], [899, 677, 582])
1	0.6663366376234027	0.6717255946127204	([768, 331], [768, 335, 331])
1	0.6605498645048835	0.671782763132254	([674, 232], [674, 666, 232])
1	0.6571767682636752	0.6718514251427503	([314, 4], [314, 218, 73])
1	0.6714031953088555	0.6719061102626569	([1251, 399], [1251, 1020, 391])
1	0.6365190048245601	0.6719401042983115	([1424, 322], [1424, 550, 322])
1	0.6358208761073731	0.6720046288478057	([616, 282], [616, 345, 282])
1	0.6631636171902309	0.6720059838671417	([952, 848], [952, 913, 854])
1	0.6613081669588073	0.6720376037415259	([709, 186], [709, 671, 216])
1	0.6607391041821166	0.6720682357937685	([1151, 372], [1159, 1151, 372])
1	0.6694679899336238	0.6720998835262851	([1010, 727], [1100, 1010, 727])
1	0.669549755320099	0.6721083323347398	([983, 834], [983, 952, 854])
1	0.6720411963652094	0.6722365172104734	([1020, 796], [1020, 810, 796])
1	0.6344462283870201	0.6722510315970459	([293, 58], [550, 318, 9])
1	0.6583829387157248	0.6722586582610163	([1125, 802], [1197, 1125, 1060])
1	0.6652553840874326	0.6722655424121319	([570, 62], [570, 555, 77])
1	0.6614987414519883	0.6723163443936353	([983, 922], [983, 945, 942])
1	0.6472518619054041	0.6723501278209426	([1185, 517], [1185, 517, 493])
1	0.6714009246194798	0.6723867166013436	([379, 55], [379, 188, 55])
1	0.6532957807572713	0.6724041950131112	([828, 480], [828, 636, 480])
1	0.6419564386904802	0.6724095191459855	([232, 147], [232, 185, 156])
1	0.6416177083912301	0.6724177006447819	([566, 411], [565, 444, 411])
1	0.6575699644486824	0.6724630781760552	([349, 149], [362, 349, 150])
1	0.6719366252719691	0.6725155939970239	([471, 23], [582, 471, 23])
1	0.6458546009458381	0.6725395502853814	([558, 314], [596, 558, 540])
1	0.6613708871337453	0.6725832001828013	([358, 190], [497, 358, 270])
1	0.6614248232572694	0.6726571771601371	([678, 3], [678, 492, 475])
1	0.6612936687633084	0.6726892933996532	([596, 434], [596, 505, 504])
1	0.51359951545351	0.6727267157182636	([1496, 578], [1496, 1098, 870])
1	0.6727371842193485	0.6727628810497193	([776, 248], [776, 773, 248])
1	0.6569230300028905	0.6728402650314931	([1504, 400], [1504, 802, 373])
1	0.6637161348522421	0.6728651670707618	([658, 105], [658, 209, 198])
1	0.63742717599641	0.6730500489168958	([630, 206], [630, 368, 281])
1	0.6641832709701024	0.6730936984872945	([601, 34], [601, 378, 81])
1	0.6619038748781402	0.6730969160045113	([977, 404], [1441, 977, 404])
1	0.6595313769050749	0.6731540233986181	([1114, 1045], [1387, 1114, 1045])
1	0.6652220605614562	0.6731608882892303	([336, 147], [355, 336, 147])
1	0.6524516743697902	0.6731941957462049	([1165, 1065], [1175, 1165, 1065])
1	0.6536162313713503	0.6732351929937345	([659, 179], [659, 575, 179])
1	0.6580283037090628	0.6732515955427313	([551, 417], [551, 533, 431])
1	0.6617710304053144	0.6732657637536206	([647, 109], [647, 209, 155])
1	0.6622861716644278	0.673310027409413	([782, 102], [787, 782, 102])
1	0.6694268806819192	0.673314604119689	([860, 794], [860, 840, 794])
1	0.6681882609267076	0.6733579053950992	([1444, 1185], [1490, 1444, 1185])
1	0.6658380764101611	0.6733739450885137	([1057, 980], [1084, 1057, 980])
1	0.6452226434984851	0.6734122075438413	([871, 348], [871, 349, 348])
1	0.5122391445920593	0.6734251585714388	([1098, 578], [1098, 1010, 869])
1	0.6578470343718578	0.673434652814092	([767, 201], [767, 635, 201])
1	0.6653677826613884	0.673552649346203	([950, 862], [950, 923, 862])
1	0.667766346881015	0.6735971587842995	([638, 143], [639, 246, 201])
1	0.6537631919628134	0.6736006274879488	([1058, 979], [1084, 1058, 998])
1	0.6728674143786341	0.6736976208357242	([575, 404], [579, 456, 453])
1	0.6419562907313471	0.6736976208357242	([580, 505], [579, 463, 456])
1	0.669458358882465	0.6737568319787687	([688, 68], [688, 120, 68])
1	0.6540744933405914	0.6737814595582439	([1168, 981], [1158, 1117, 981])
1	0.6725606974663573	0.6737814595582439	([1446, 981], [1446, 1117, 981])
1	0.6660837980482527	0.6738291088358516	([812, 620], [812, 620, 573])
1	0.6695687360187276	0.6738631226134959	([516, 232], [516, 487, 465])
1	0.6671561616226254	0.6739232153070437	([326, 106], [326, 106, 25])
1	0.6691242672069616	0.6739481171547923	([981, 835], [981, 946, 835])
1	0.6506208289803218	0.6739776542215186	([958, 805], [1018, 969, 806])
1	0.6709370117007053	0.6740601299429001	([1441, 479], [1441, 769, 743])
1	0.6655288063518162	0.6740900777890537	([491, 135], [648, 572, 142])
1	0.6638355777378578	0.6741007734652815	([624, 320], [624, 571, 499])
1	0.6684838955022804	0.6741014263085549	([557, 88], [553, 88, 31])
1	0.6303503223703857	0.6741156830564935	([560, 55], [304, 82, 59])
1	0.6652248163754898	0.6742576223730862	([441, 215], [467, 441, 215])
1	0.6583987141046286	0.6743177079465882	([478, 163], [478, 473, 163])
1	0.6631074546745062	0.6743179292075185	([924, 804], [924, 860, 843])
1	0.6726758280232713	0.6743940226530887	([1423, 924], [1423, 924, 906])
1	0.6647128914756228	0.6744327854150165	([687, 231], [687, 584, 231])
1	0.6615250899014334	0.6744822183753215	([278, 94], [278, 253, 113])
1	0.6595109838665398	0.6744990478792169	([1391, 730], [1391, 1004, 572])
1	0.6673855100017251	0.674516050413023	([875, 354], [875, 774, 354])
1	0.6687201235492388	0.6746255770137951	([1498, 611], [1498, 1436, 810])
1	0.6649708949062211	0.6746439530123022	([1065, 803], [1398, 1065, 1064])
1	0.671230534917338	0.6747129402038413	([1111, 790], [1395, 1111, 1025])
1	0.6636170860671546	0.6747146930547571	([604, 409], [604, 590, 372])
1	0.6737687187315754	0.6747387769957125	([1349, 407], [1349, 1238, 407])
1	0.6602567124994845	0.6747692840667815	([435, 85], [435, 432, 85])
1	0.647133472361546	0.6748501945417755	([800, 672], [833, 800, 671])
1	0.6700282023607997	0.6748773664900954	([885, 160], [885, 767, 160])
1	0.665854180611893	0.6748882316220339	([1086, 818], [1086, 818, 807])
1	0.6390593803762471	0.6748882316220339	([797, 572], [1086, 963, 807])
1	0.660980881417159	0.6748950012622671	([1030, 834], [1117, 1030, 834])
1	0.6717868114929454	0.6749664310419382	([597, 454], [597, 592, 454])
1	0.6722966675121688	0.6749668779761209	([324, 70], [324, 72, 70])
1	0.6483670279530833	0.6750786522549208	([1009, 698], [1009, 878, 698])
1	0.6537067747523778	0.6751566323964534	([778, 267], [778, 366, 361])
1	0.673541103169349	0.6751901402619802	([212, 21], [212, 163, 14])
1	0.6677541577833497	0.6752164611807457	([608, 427], [608, 439, 427])
1	0.6684628172613217	0.6752164611807457	([600, 402], [608, 600, 439])
1	0.6735424861057134	0.6752238058258272	([1494, 806], [1494, 828, 806])
1	0.6665505911316544	0.6753166063706344	([1187, 656], [1425, 1187, 656])
1	0.6622986290575319	0.6753389816990754	([1158, 803], [1158, 1066, 1065])
1	0.6617502490286538	0.6753708000103834	([730, 270], [730, 572, 287])
1	0.6650870681683165	0.6753820220362021	([1227, 402], [1227, 1116, 391])
1	0.6665498407957332	0.675382059210426	([1397, 1000], [1397, 1194, 1023])
1	0.6259460365102879	0.6754098654654894	([1433, 207], [1433, 207, 152])
1	0.6582747518113216	0.6754225423211282	([1003, 731], [1406, 1007, 731])
1	0.6698844126211903	0.6754617930996712	([459, 71], [555, 459, 69])
1	0.6389603356941462	0.6754617930996712	([555, 69], [581, 459, 69])
1	0.6598260558981046	0.6754779342368428	([1454, 407], [1483, 1454, 407])
1	0.6718746562542696	0.6754839683985031	([290, 74], [306, 290, 32])
1	0.670057091395141	0.6755463518372582	([1431, 486], [1431, 893, 486])
1	0.6743213138395858	0.6755752032026563	([1181, 818], [1181, 969, 806])
1	0.6491302909034092	0.6755755021036471	([1159, 918], [1159, 1117, 918])
1	0.672170594255976	0.6755923187044824	([600, 33], [600, 310, 307])
1	0.6697320779492485	0.6755923187044824	([600, 307], [600, 574, 310])
1	0.6434500511893484	0.6755926194636448	([1441, 330], [1441, 659, 336])
1	0.6439689460643676	0.6756216534913284	([294, 81], [568, 564, 81])
1	0.6481726986532967	0.6756250464583929	([734, 161], [734, 352, 346])
1	0.6711883844291351	0.6756674258003833	([287, 92], [287, 171, 92])
1	0.6714950587296807	0.6756682377314289	([244, 1], [244, 180, 1])
1	0.6498312712563361	0.6756877526310701	([1423, 709], [1443, 1423, 709])
1	0.6740170863948115	0.6757818502164242	([1233, 409], [1371, 1233, 403])
1	0.6727366832716427	0.6758129475726945	([670, 538], [670, 538, 188])
1	0.6708173603088512	0.6758606648139092	([943, 803], [943, 927, 803])
1	0.6702772844165902	0.6758606648139092	([990, 816], [990, 927, 803])
1	0.6733451111929207	0.6758894844151728	([1221, 416], [1283, 1278, 416])
1	0.6755017735206811	0.6758902602587105	([830, 731], [830, 731, 694])
1	0.6724193682129257	0.6759636355561869	([1245, 460], [1245, 581, 573])
1	0.6740693510833292	0.6759844021679139	([835, 466], [835, 833, 466])
1	0.6730348654386734	0.6759909525119568	([1082, 861], [1082, 861, 835])
1	0.6595413149204612	0.6760387930221935	([737, 100], [737, 582, 100])
1	0.6594721607613859	0.6760421989473886	([788, 203], [788, 735, 203])
1	0.6674771149089973	0.6761057839748849	([1182, 668], [1432, 1182, 883])
1	0.6709395450365236	0.6761320209594857	([1100, 678], [1425, 1100, 678])
1	0.6664808341843486	0.6761558094645428	([979, 846], [979, 951, 833])
1	0.6538808751538616	0.6762238456086612	([1011, 662], [1011, 886, 749])
1	0.6522225521742148	0.6762526262257982	([843, 804], [852, 833, 800])
1	0.6683721066360118	0.6763479257967964	([1052, 802], [1504, 1360, 802])
1	0.6683068753921363	0.676364685564397	([720, 91], [720, 670, 188])
1	0.6707018710210676	0.6763801457852737	([538, 426], [538, 467, 426])
1	0.671898688253232	0.6764209605694491	([995, 832], [985, 916, 914])
1	0.6683356204036756	0.6764330998323312	([1195, 977], [1213, 1195, 977])
1	0.6588815401596871	0.6765058719479901	([1442, 914], [1443, 1442, 914])
1	0.6713433568276861	0.6765570704162907	([1061, 710], [1061, 994, 913])
1	0.6757747948143794	0.6765733250622704	([887, 201], [887, 755, 201])
1	0.6653278241394082	0.6767077232161904	([707, 12], [707, 585, 572])
1	0.6763690819459853	0.6767381731539267	([832, 709], [1432, 832, 709])
1	0.5201049958725412	0.6767381731539267	([1192, 709], [1432, 1423, 709])
1	0.6742988701048053	0.6767921527534264	([923, 796], [923, 912, 796])
1	0.6736965038865291	0.6767955154706448	([598, 410], [598, 541, 436])
1	0.6693694443732291	0.676846200618787	([801, 501], [802, 801, 501])
1	0.6587895006931997	0.6768531752859047	([1007, 658], [1007, 824, 636])
1	0.6170687792781228	0.6768544370665242	([1441, 691], [1441, 691, 685])
1	0.6694985374105079	0.6768916238974904	([449, 317], [466, 449, 423])
1	0.6723548521946873	0.6768962497957192	([235, 115], [235, 182, 162])
1	0.650275351647354	0.6769874945256955	([961, 797], [961, 825, 797])
1	0.663991884473299	0.6770911451113127	([1527, 1084], [1527, 1196, 1084])
1	0.6122824537987714	0.6771023286011338	([1441, 237], [1441, 330, 247])
1	0.6647943561529142	0.6771034033876548	([550, 425], [550, 506, 391])
1	0.6469267435269562	0.6773511244334097	([291, 51], [291, 80, 56])
1	0.6761481540083678	0.6773744190067832	([528, 404], [558, 528, 404])
1	0.6691956713216614	0.6774051720879031	([801, 591], [801, 591, 539])
1	0.6356420732917785	0.6774108134679365	([1203, 574], [1213, 1202, 1054])
1	0.6632962141586067	0.6774432422950927	([682, 236], [679, 653, 237])
1	0.6764166500524634	0.6775525596520694	([1094, 587], [1094, 648, 584])
1	0.6664546223060058	0.677553727634293	([886, 687], [886, 749, 687])
1	0.6710092386401835	0.6776318388708219	([1083, 794], [1083, 972, 953])
1	0.6517038284945694	0.6776546361954346	([939, 724], [939, 884, 869])
1	0.6549204495787255	0.6776671487733864	([606, 311], [603, 524, 319])
1	0.6750132184856045	0.6776775244777784	([1362, 408], [1361, 1231, 408])
1	0.6510978461914658	0.6777146816556989	([1283, 416], [1251, 1221, 416])
1	0.672120189059568	0.6777201382162351	([321, 84], [391, 371, 321])
1	0.647995926624268	0.6777444175512533	([323, 10], [323, 222, 10])
1	0.6476719213024947	0.6778248233783513	([580, 123], [580, 158, 123])
1	0.6237245225136508	0.6780122871869072	([1432, 516], [1432, 516, 496])
1	0.6652625718012403	0.6780250918598988	([631, 174], [631, 469, 363])
1	0.6493081387286289	0.6780715525882415	([516, 73], [1432, 516, 73])
1	0.6709174839589995	0.6780958042630812	([808, 469], [808, 789, 469])
1	0.6661839830091881	0.6781207780942016	([760, 108], [760, 583, 365])
1	0.6539882552215288	0.6781220846655076	([311, 61], [311, 291, 56])
1	0.6483080344718474	0.6781359341970444	([802, 187], [801, 501, 373])
1	0.6648565946829881	0.6781438962901443	([589, 313], [589, 511, 313])
1	0.6585285943973671	0.6782991573177359	([279, 69], [279, 235, 69])
1	0.6701223434207888	0.6783176506947073	([622, 262], [624, 622, 262])
1	0.6648127236647985	0.6783765096984778	([554, 53], [579, 544, 317])
1	0.6535414988657652	0.678400432088776	([1057, 580], [1201, 1057, 1030])
1	0.6733518641603553	0.6784622642440661	([461, 22], [461, 176, 74])
1	0.6701162833766617	0.6785409638581972	([1157, 996], [1167, 1157, 996])
1	0.6719103490751677	0.6785535081915806	([883, 356], [883, 737, 356])
1	0.6659829887361041	0.6785667292706193	([1229, 411], [1229, 1031, 380])
1	0.6709559595268209	0.6787182303845162	([609, 117], [609, 582, 173])
1	0.6681771605780263	0.6787710685994705	([553, 307], [553, 540, 307])
1	0.6632147268327776	0.6788080127763939	([925, 852], [925, 915, 853])
1	0.6763272779956976	0.6788229139180303	([261, 29], [277, 261, 29])
1	0.6755442406585436	0.6788273306805307	([1251, 806], [1494, 1251, 806])
1	0.6769525857406495	0.6789623749917075	([536, 196], [580, 536, 196])
1	0.6690218624885554	0.6789681340538258	([1075, 362], [1075, 756, 362])
1	0.6342158535838822	0.6789865569355602	([801, 399], [1504, 1215, 400])
1	0.624260354119958	0.6790326108348721	([1485, 406], [804, 801, 399])
1	0.6732247729758923	0.6790793487177696	([784, 141], [784, 573, 141])
1	0.662866321883101	0.6791083536249852	([529, 370], [529, 457, 370])
1	0.6786335825117519	0.67916915461135	([711, 505], [711, 710, 501])
1	0.6690969085063766	0.6791799832999149	([1180, 915], [1180, 968, 928])
1	0.6759768664411538	0.6792985949774963	([335, 23], [575, 335, 23])
1	0.6751096974084954	0.6793032943683769	([868, 225], [868, 754, 225])
1	0.6651351601143102	0.679504409109008	([691, 511], [691, 584, 491])
1	0.590006271673359	0.679553218458619	([1426, 1067], [1426, 1074, 1067])
1	0.6760227358140978	0.6796800532309437	([708, 220], [708, 348, 220])
1	0.6722464902951024	0.6797229575813092	([614, 154], [639, 614, 154])
1	0.6759657427415692	0.6798070023497296	([1093, 363], [1103, 1093, 363])
1	0.6777773195913334	0.6798471715325121	([802, 82], [802, 316, 82])
1	0.6787034639055568	0.6799008206858422	([834, 592], [834, 592, 591])
1	0.6723371014775017	0.6799008206858422	([834, 187], [834, 801, 591])
1	0.6709281438086474	0.679929857744307	([830, 694], [830, 823, 731])
1	0.6561509370910368	0.6799306584800288	([1483, 387], [1506, 1160, 387])
1	0.6762672632940836	0.6800059074613248	([954, 857], [954, 918, 835])
1	0.6716279672502974	0.6800681523091878	([689, 194], [689, 579, 233])
1	0.674911998762588	0.6801037991635487	([328, 96], [328, 96, 94])
1	0.6616615052454042	0.6802880517340719	([622, 202], [635, 622, 202])
1	0.6788712292566755	0.680341880634374	([525, 193], [525, 495, 193])
1	0.6612987425749315	0.6804337694594085	([807, 546], [807, 572, 499])
1	0.6668403313793135	0.6804337694594085	([819, 499], [819, 807, 499])
1	0.6531326652572372	0.6804740999801937	([801, 720], [802, 720, 188])
1	0.6753192203203486	0.6805351595456405	([679, 328], [679, 328, 264])
1	0.6586683134959892	0.6806367866869422	([711, 463], [711, 501, 467])
1	0.6650183254526897	0.6806550568562298	([451, 81], [568, 451, 298])
1	0.6777843751221035	0.6806711046544507	([1441, 116], [1441, 1433, 124])
1	0.6763062095300635	0.6807489172875837	([969, 861], [1441, 969, 861])
1	0.6737472161644171	0.6808515152950311	([545, 170], [545, 510, 170])
1	0.6651588971434155	0.6809641545035285	([670, 496], [670, 496, 466])
1	0.6672208396982846	0.6809859998554245	([528, 7], [539, 528, 7])
1	0.6632376566236259	0.681059512299011	([305, 33], [305, 291, 33])
1	0.6566472466415408	0.6810732776643196	([759, 157], [759, 746, 157])
1	0.6744147049112287	0.6810986085641013	([1216, 384], [1231, 1216, 384])
1	0.6734325490867678	0.681337595375249	([897, 482], [1441, 897, 482])
1	0.670528292159594	0.6814409877539375	([915, 807], [971, 915, 807])
1	0.6649787981997503	0.6814692028079832	([715, 342], [715, 342, 261])
1	0.6613720384594793	0.6814903677807602	([518, 71], [557, 518, 71])
1	0.5449500302895312	0.6815321485649152	([1509, 1426], [1426, 1366, 1247])
1	0.6757400154808971	0.6815754438391217	([517, 265], [517, 460, 334])
1	0.6777142876587094	0.6816670174575233	([734, 459], [734, 459, 203])
1	0.6763412990727762	0.6816844287080822	([1378, 409], [1378, 1151, 1040])
1	0.6724360164533789	0.6817755630991639	([311, 130], [316, 311, 129])
1	0.678126073115778	0.6818408552831108	([672, 605], [672, 605, 187])
1	0.6525603084401903	0.6818686850769653	([729, 109], [729, 583, 109])
1	0.6743348720963527	0.6818782416296959	([1520, 388], [1506, 1254, 1030])
1	0.674169723529253	0.6819536280375511	([415, 290], [500, 458, 290])
1	0.6806524985526748	0.6819912301770277	([671, 607], [671, 607, 597])
1	0.6806110894569212	0.6820369713320483	([733, 180], [738, 733, 180])
1	0.6636647416339861	0.6820730897994589	([718, 279], [732, 718, 279])
1	0.6762801675313699	0.6820986628405846	([873, 237], [873, 635, 631])
1	0.669198947325768	0.6821963908918041	([540, 87], [540, 129, 87])
1	0.6821070316640894	0.6822972408112187	([840, 572], [956, 840, 579])
1	0.6800271863541336	0.6824364345928127	([721, 10], [721, 573, 10])
1	0.67563913689922	0.6826500785535546	([989, 814], [989, 985, 814])
1	0.6670913550342431	0.6827387241127328	([979, 606], [979, 594, 411])
1	0.6780661002080437	0.6827957760698766	([736, 140], [756, 736, 140])
1	0.6668454804101521	0.682829669952476	([876, 261], [876, 582, 246])
1	0.6503563200591447	0.6828587683956405	([320, 90], [320, 222, 215])
1	0.6736839928247635	0.682865205034455	([712, 515], [712, 622, 580])
1	0.6711483542770053	0.6828746159828283	([313, 64], [313, 306, 64])
1	0.66706714684067	0.6829169690060813	([871, 3], [871, 635, 3])
1	0.6767996078543235	0.683046389813172	([559, 78], [559, 291, 82])
1	0.6748491510732224	0.6831289687794796	([978, 795], [1432, 1002, 795])
1	0.6630190792513178	0.6831431143512157	([1487, 413], [1487, 1160, 387])
1	0.6766264588333978	0.6832146687968992	([1483, 581], [1483, 1442, 1041])
1	0.6665914593040334	0.6832995700547067	([872, 491], [872, 773, 491])
1	0.5293991151039383	0.6833014537507519	([578, 75], [578, 324, 75])
1	0.674134370033191	0.6833552174628268	([912, 671], [912, 833, 832])
1	0.6832753820232877	0.6834136532415093	([1224, 775], [1495, 1224, 1017])
1	0.6608342056692873	0.68354373298667	([1431, 148], [1431, 490, 148])
1	0.6719220193003131	0.6836572911949209	([855, 55], [855, 846, 58])
1	0.6730225544663977	0.6838856444328174	([1418, 920], [1418, 981, 943])
1	0.6637544836957676	0.6838936198203804	([610, 25], [682, 368, 25])
1	0.6836047978168344	0.6839752102210868	([660, 71], [660, 577, 12])
1	0.6767442270383897	0.6839980942406344	([898, 487], [898, 615, 487])
1	0.6836497374429858	0.6840057731282767	([1119, 402], [1252, 1119, 402])
1	0.6815358916538634	0.684010274233471	([713, 137], [713, 707, 12])
1	0.6779945222806463	0.6840547890923397	([814, 589], [814, 806, 589])
1	0.6753746511636914	0.6841029150010316	([1055, 956], [1068, 1055, 956])
1	0.6780885975596012	0.6841291719072743	([1425, 91], [1425, 127, 122])
1	0.6742497800691277	0.6843223696287686	([416, 324], [416, 375, 324])
1	0.6660632691181521	0.6843223696287686	([1436, 375], [1436, 375, 324])
1	0.6658150204432899	0.6844524183681241	([273, 24], [279, 273, 24])
1	0.6787860839145867	0.6844639448207528	([596, 54], [596, 559, 54])
1	0.6702034324623382	0.6846109933268871	([1407, 612], [1407, 974, 589])
1	0.67987887825144	0.6846303153272703	([994, 720], [994, 918, 858])
1	0.6770394428524488	0.6846613253371255	([1397, 804], [1241, 1220, 804])
1	0.6734939339149179	0.6846747619835646	([877, 272], [877, 576, 272])
1	0.6832804309982121	0.6847085349438794	([965, 399], [965, 942, 804])
1	0.6671454217217876	0.6847269634815203	([214, 68], [214, 162, 94])
1	0.6808522448142655	0.6847439842810511	([821, 145], [821, 769, 145])
1	0.6678098031487881	0.6847515896436657	([1383, 590], [1450, 1383, 590])
1	0.6847565029882118	0.6847747169810092	([1204, 855], [1418, 1204, 855])
1	0.6687259250079653	0.6848838992525822	([1419, 919], [1419, 952, 919])
1	0.6614859423509334	0.6849856674876752	([824, 12], [824, 750, 105])
1	0.6777224804911708	0.6850146561728889	([1436, 414], [1436, 467, 414])
1	0.6444741869833562	0.68507426887872	([443, 321], [455, 443, 321])
1	0.6766636340121426	0.6850799388933806	([683, 513], [683, 665, 497])
1	0.6829779892377527	0.685096900993348	([1402, 72], [1402, 72, 15])
1	0.6847419492144003	0.6851887072434583	([728, 464], [728, 668, 464])
1	0.6795593535604141	0.6852338585090504	([1065, 399], [1065, 965, 913])
1	0.6776525791567765	0.6852347306713372	([413, 90], [710, 413, 379])
1	0.6755629014200942	0.6852383593818746	([327, 135], [327, 135, 106])
1	0.6502847456020088	0.6852433431135672	([800, 85], [801, 800, 539])
1	0.6753755956477125	0.6852842599016973	([781, 101], [745, 355, 157])
1	0.68149615026768	0.6853061191168652	([871, 517], [871, 839, 582])
1	0.6714371357842984	0.6853195792441137	([825, 23], [825, 582, 577])
1	0.6772013923290219	0.6853332148339466	([1039, 405], [1382, 1358, 405])
1	0.6456726710192754	0.6853945905812163	([1441, 28], [1441, 116, 24])
1	0.6845996701473948	0.6854220179392002	([902, 708], [1023, 902, 708])
1	0.684029394025294	0.6854452183135954	([498, 164], [498, 494, 164])
1	0.6776021489633326	0.6854819056175342	([690, 173], [690, 575, 173])
1	0.6683687327904982	0.6854842156169192	([1063, 840], [1080, 1063, 840])
1	0.6836483626885749	0.6855201545357865	([725, 497], [725, 659, 611])
1	0.683923582285572	0.685609057303491	([954, 710], [1084, 954, 710])
1	0.6776255993831852	0.6856515391665275	([1014, 608], [1223, 1014, 975])
1	0.6685130675478858	0.6857494777626808	([800, 437], [800, 435, 421])
1	0.6630770709432303	0.6857494777626808	([980, 411], [980, 800, 435])
1	0.6828651701144521	0.6858058144172098	([1341, 438], [1352, 1341, 399])
1	0.660477219794723	0.68593724483272	([561, 40], [561, 82, 55])
1	0.6842434786256613	0.6859774168735705	([677, 148], [677, 229, 148])
1	0.6836161865204743	0.6861336939432165	([504, 405], [504, 434, 421])
1	0.6691527403545044	0.6861403820302815	([969, 571], [1002, 969, 571])
1	0.667990133948854	0.6861632703798131	([1152, 573], [1180, 1152, 573])
1	0.6758861689433155	0.686218812093327	([689, 10], [689, 688, 10])
1	0.6762944960092011	0.6863212557584754	([627, 138], [649, 627, 138])
1	0.6768166102274025	0.6863835941869977	([807, 670], [807, 670, 668])
1	0.6841078904045128	0.6865124186632009	([819, 721], [819, 784, 573])
1	0.673072051544482	0.6865544678137087	([914, 5], [914, 467, 5])
1	0.6773970129299236	0.6865666604884121	([1399, 795], [1399, 1116, 795])
1	0.6806130419109119	0.6865672948941931	([1256, 414], [1256, 1235, 1033])
1	0.6860286948533436	0.6866307343291498	([962, 610], [962, 610, 571])
1	0.6809354821477469	0.6866706498857317	([1324, 579], [1339, 1324, 579])
1	0.682904948472247	0.6867610189798976	([528, 192], [528, 500, 192])
1	0.6865573848432527	0.686799632220513	([468, 72], [577, 468, 72])
1	0.6546461408356754	0.6868525581134143	([301, 35], [301, 293, 57])
1	0.6689800561327771	0.6868974999260952	([811, 722], [811, 797, 722])
1	0.6817550998734035	0.6869461920736646	([448, 311], [448, 447, 323])
1	0.6723258418895522	0.6870080585637093	([1066, 799], [1068, 1066, 805])
1	0.6791824446119057	0.6870251165505775	([850, 561], [849, 834, 592])
1	0.5769447376613118	0.6870358480707723	([1192, 524], [1192, 524, 517])
1	0.666028175583099	0.6872117140177506	([688, 120], [688, 622, 106])
1	0.6858628672400775	0.6872869242945406	([376, 171], [422, 376, 5])
1	0.6815243012236852	0.6873144119468764	([426, 167], [426, 372, 371])
1	0.6659443301463283	0.6873274627085069	([234, 28], [234, 148, 114])
1	0.6766272718479734	0.6873595480421085	([447, 323], [589, 440, 287])
1	0.6486268121954989	0.6873825755317018	([375, 308], [456, 403, 308])
1	0.6846176473243841	0.68754556581053	([797, 465], [861, 797, 465])
1	0.6479292700736586	0.6876892790252068	([921, 720], [994, 993, 720])
1	0.6845130147610644	0.6877555271067536	([937, 669], [937, 669, 644])
1	0.531340011839801	0.688059055182614	([1426, 815], [1434, 1426, 796])
1	0.6795905135550023	0.6881446196941211	([985, 546], [986, 985, 529])
1	0.5763866615303261	0.6881968092547627	([1424, 473], [1439, 1424, 876])
1	0.6792812644085936	0.6882204946877629	([791, 368], [791, 780, 368])
1	0.6841577452556807	0.6882327912083888	([869, 158], [869, 576, 109])
1	0.6748645481230828	0.688234520224304	([673, 219], [673, 315, 219])
1	0.677659703425285	0.688413128668519	([709, 511], [709, 669, 375])
1	0.6796653853304272	0.6884854062977266	([259, 73], [259, 73, 2])
1	0.6797614275488731	0.6885538288372652	([883, 145], [883, 769, 356])
1	0.6867348588074963	0.6887267977002876	([282, 27], [282, 162, 14])
1	0.6794641356231568	0.6888407451156187	([826, 460], [826, 622, 492])
1	0.6719841820528089	0.688844314079275	([873, 154], [873, 237, 230])
1	0.6864445782829487	0.6888492506496773	([1423, 1144], [1423, 1212, 1144])
1	0.6642509882894406	0.6888550354176886	([1016, 471], [1016, 1010, 471])
1	0.6858756708125037	0.6888565588664856	([816, 554], [816, 807, 574])
1	0.6774743276714359	0.6888853299100263	([1421, 1061], [1421, 1417, 1061])
1	0.67560086192002	0.6889661213936111	([382, 34], [455, 382, 34])
1	0.6811760332568063	0.6890536816846808	([446, 306], [447, 446, 306])
1	0.687242692103609	0.6890817305484768	([838, 73], [1432, 783, 73])
1	0.6806742940995477	0.6891239321058148	([449, 194], [449, 291, 187])
1	0.6763696729473386	0.6891359238095398	([417, 194], [466, 417, 194])
1	0.6743142498341114	0.6891926318275124	([1447, 374], [1210, 1209, 403])
1	0.6874892069011339	0.6892409924681248	([128, 50], [128, 68, 50])
1	0.6821499065805048	0.689324476229575	([1444, 806], [1444, 967, 913])
1	0.6722001773010079	0.6893885051035811	([1155, 375], [1366, 1155, 375])
1	0.6753807419733299	0.6893993388736157	([865, 107], [865, 583, 108])
1	0.6539970199336607	0.6894803999483318	([1441, 438], [1441, 465, 438])
1	0.6831019282094516	0.6894803999483318	([861, 465], [1441, 861, 465])
1	0.6776629559862649	0.6895239442012289	([462, 212], [473, 462, 163])
1	0.6880350641402597	0.6895358355435814	([833, 569], [833, 569, 539])
1	0.6860874741032787	0.6895619478151738	([514, 11], [514, 469, 11])
1	0.6667087647033346	0.6895685123111975	([1115, 799], [1115, 1029, 799])
1	0.6882777144704408	0.6896293691190353	([951, 388], [1444, 951, 913])
1	0.6857273816142705	0.6896657553691846	([423, 68], [423, 415, 290])
1	0.676171550596801	0.6897231406145515	([811, 99], [823, 811, 99])
1	0.6368550898693058	0.6897377429016813	([1185, 210], [1185, 577, 210])
1	0.686018054452234	0.6897726125974484	([439, 63], [439, 423, 68])
1	0.6817257369178227	0.689806912583415	([854, 548], [854, 548, 451])
1	0.688990200146434	0.6898186590623454	([366, 74], [366, 325, 236])
1	0.5786925473522458	0.6898215261873405	([1424, 369], [1424, 476, 369])
1	0.6866392483595589	0.6899583434627244	([1106, 155], [1106, 1073, 155])
1	0.6744344338898928	0.6899783088655659	([805, 457], [1436, 790, 375])
1	0.6885505766573753	0.6899875936402413	([836, 8], [836, 591, 188])
1	0.6762153035601932	0.6901340487908754	([460, 75], [460, 172, 100])
1	0.6749867107402596	0.6901605639827718	([669, 325], [669, 469, 375])
1	0.6773514350858617	0.69021235591755	([1207, 438], [1282, 1207, 438])
1	0.687130145193894	0.6902733416372693	([999, 81], [999, 601, 591])
1	0.6830723882941715	0.6902806380733677	([1402, 370], [1402, 493, 370])
1	0.6887504050651473	0.6903152510164985	([711, 129], [711, 215, 129])
1	0.670657602792699	0.6903543317707915	([860, 609], [864, 860, 680])
1	0.6574375336649683	0.6903993597916362	([928, 688], [939, 928, 688])
1	0.6705009407007108	0.6904433431869335	([846, 58], [844, 550, 543])
1	0.6746111377980534	0.6904740478877743	([812, 281], [812, 573, 572])
1	0.6760090047005244	0.6905092614179178	([935, 517], [969, 572, 571])
1	0.6770955896849947	0.6905367021395904	([799, 589], [1017, 814, 807])
1	0.6866734182546012	0.6905544884516692	([1009, 4], [1495, 1432, 4])
1	0.6836586879941002	0.6906378414660909	([927, 194], [927, 803, 189])
1	0.6786085800268052	0.6907462136610009	([515, 18], [515, 171, 18])
1	0.6876280291535006	0.6909382356538185	([706, 20], [706, 584, 149])
1	0.6746718590910745	0.6910337058976272	([813, 468], [813, 791, 468])
1	0.6666255992264561	0.6911565939205775	([788, 155], [788, 704, 203])
1	0.6428854088757032	0.6911938935241585	([844, 528], [855, 802, 55])
1	0.6894447318854803	0.6913238143332617	([456, 33], [456, 453, 33])
1	0.6853334502586186	0.6913426473761495	([796, 553], [806, 796, 553])
1	0.6775216002079945	0.6916029426175161	([885, 328], [885, 829, 328])
1	0.6638769173475831	0.6916189651799063	([940, 654], [940, 654, 582])
1	0.686070055468185	0.6916922888532271	([845, 542], [845, 844, 550])
1	0.675731771165723	0.6917485582523052	([1515, 412], [1515, 1377, 406])
1	0.6653741672190274	0.6918645474277079	([848, 304], [855, 848, 411])
1	0.6860000394624053	0.6919936231873671	([1422, 392], [1507, 1422, 1153])
1	0.6673644752823333	0.6922047068868582	([847, 451], [848, 847, 304])
1	0.6733836028019144	0.6923052452383661	([986, 529], [1432, 985, 546])
1	0.6864393206566289	0.6923227246582361	([894, 242], [894, 761, 242])
1	0.684992940921769	0.6923504909582175	([905, 113], [905, 640, 105])
1	0.6900626830060832	0.6923524221349465	([1176, 856], [1176, 1085, 913])
1	0.6798997996198635	0.6926066437815572	([350, 1], [350, 344, 1])
1	0.6690419944981938	0.6926470247833042	([289, 62], [289, 93, 30])
1	0.6736143030184578	0.6926761813986254	([848, 541], [848, 560, 541])
1	0.6580509168185409	0.6926761813986254	([855, 411], [848, 846, 560])
1	0.6878136216199001	0.6926797993853014	([824, 610], [824, 632, 615])
1	0.6818584534876035	0.6926912533968033	([416, 93], [416, 324, 72])
1	0.6632011286178995	0.6927262082042025	([1185, 671], [1185, 708, 673])
1	0.6606161102362679	0.6928341946040565	([825, 255], [825, 765, 637])
1	0.6642870415035874	0.6928370884472348	([794, 669], [794, 669, 494])
1	0.692856448460117	0.6928574515169695	([925, 709], [1432, 925, 836])
1	0.692543061464955	0.6928675928866548	([1172, 916], [1422, 1172, 1153])
1	0.6899685363641801	0.6929770983456203	([1173, 671], [1173, 1158, 671])
1	0.6873461441594033	0.6930031697828168	([905, 248], [905, 584, 255])
1	0.6916004593495619	0.693106186051538	([949, 711], [954, 949, 711])
1	0.6856368656266082	0.6931269127021926	([1005, 620], [1432, 1005, 620])
1	0.6920659801670636	0.693250933133547	([852, 66], [852, 710, 165])
1	0.6886663421435438	0.693250933133547	([852, 165], [852, 833, 710])
1	0.6759263992487511	0.6932747743975948	([809, 673], [832, 809, 792])
1	0.6854853508978201	0.6933211013188311	([993, 593], [993, 979, 593])
1	0.6712723331402938	0.6934199734554042	([858, 319], [858, 319, 166])
1	0.6893786572791692	0.693454028269037	([307, 122], [307, 166, 122])
1	0.6908220828451851	0.6934704633271226	([720, 310], [720, 495, 310])
1	0.6620296950308794	0.6935807972177509	([1475, 952], [1475, 1398, 952])
1	0.6585155085686498	0.6936036657345324	([796, 712], [796, 775, 712])
1	0.6809273076970245	0.6936061300230962	([590, 64], [590, 170, 6])
1	0.6934698623810824	0.6936139848747263	([1367, 588], [1500, 1367, 588])
1	0.6922714292995857	0.6936475235429873	([1147, 590], [1504, 1147, 590])
1	0.6743612681138499	0.6936734932025344	([884, 103], [884, 585, 103])
1	0.6867393041381217	0.6936851122376954	([582, 302], [582, 308, 302])
1	0.6300389955207579	0.693688894141867	([1424, 19], [708, 631, 11])
1	0.6890809643408233	0.6936999959350021	([716, 136], [716, 136, 16])
1	0.6884826256633564	0.6937882957564734	([1068, 546], [1068, 840, 572])
1	0.6932929843896365	0.6941634749012652	([530, 26], [530, 515, 26])
1	0.6737485952202605	0.6942906212369694	([842, 70], [842, 838, 73])
1	0.6931382216899667	0.6943007195601598	([966, 550], [966, 550, 316])
1	0.6910855525607271	0.6943159865235041	([993, 443], [993, 602, 593])
1	0.6942140824633255	0.6943191880233295	([964, 388], [964, 709, 322])
1	0.6704374694319567	0.694351705880425	([681, 92], [681, 148, 111])
1	0.6902924495064122	0.6943854467505648	([1407, 841], [1425, 1407, 841])
1	0.6901872083296079	0.6944298300434024	([404, 75], [555, 404, 75])
1	0.675204209900329	0.6944754803360823	([909, 621], [909, 621, 618])
1	0.6915714127231696	0.6945522579605521	([852, 544], [852, 544, 53])
1	0.6845172468613981	0.6946072307236673	([986, 491], [986, 881, 491])
1	0.6790356661418097	0.6949179496960614	([772, 95], [772, 584, 95])
1	0.6888529232602177	0.6949250241729851	([791, 210], [791, 761, 750])
1	0.6808834907900093	0.6950594219676365	([793, 461], [793, 668, 461])
1	0.6780994375923369	0.6953061304837054	([1432, 313], [1432, 313, 274])
1	0.6433474834920856	0.6953361885074884	([1185, 16], [1185, 163, 16])
1	0.6935007140777558	0.695450621187673	([817, 530], [817, 557, 439])
1	0.6868115257244682	0.6955580324222257	([817, 439], [817, 806, 553])
1	0.6897015762635594	0.6956163104006071	([499, 133], [499, 174, 114])
1	0.6451669389884118	0.6956266918391959	([1441, 533], [1441, 533, 496])
1	0.6726334629441055	0.6956954421089314	([309, 71], [309, 71, 54])
1	0.6892622808337601	0.6957002962462864	([801, 78], [801, 316, 169])
1	0.6912415245447785	0.6957132029929322	([997, 672], [1084, 997, 672])
1	0.6825473455833527	0.6957482074130488	([1047, 572], [1086, 1047, 1019])
1	0.6913513995698944	0.6959735836373696	([963, 718], [1412, 963, 906])
1	0.6778842576622865	0.6961087680501586	([977, 671], [977, 946, 671])
1	0.6783929802399693	0.6962225764312708	([863, 720], [913, 863, 720])
1	0.5381277803076417	0.6962593201443311	([578, 23], [578, 158, 23])
1	0.6667677133264155	0.6964014778242023	([855, 598], [855, 598, 59])
1	0.6921943916515918	0.6964014778242023	([845, 59], [855, 845, 59])
1	0.6936320512824602	0.6964095830446054	([1423, 554], [1423, 587, 577])
1	0.6963730649239762	0.6965297156033347	([430, 67], [571, 430, 374])
1	0.6689372102577489	0.6966829684851751	([1402, 15], [1402, 244, 15])
1	0.684797144153107	0.6969614953106645	([850, 85], [850, 802, 85])
1	0.6949283268815342	0.697108997247956	([932, 353], [932, 579, 477])
1	0.6885845385291472	0.6971273687806578	([917, 689], [917, 836, 689])
1	0.6956317577233424	0.6975036255915212	([1422, 803], [1432, 1422, 803])
1	0.6954741819586608	0.697548680651672	([543, 50], [543, 289, 62])
1	0.6969081681082862	0.6975629628231793	([688, 510], [688, 510, 505])
1	0.6973276591760303	0.6975636446547759	([965, 427], [965, 438, 427])
1	0.6799002229032576	0.6978100349254076	([715, 147], [728, 492, 218])
1	0.6942636693946607	0.6978603569583861	([1197, 451], [1197, 451, 405])
1	0.6944000505576848	0.6979396508348228	([1383, 434], [1383, 434, 405])
1	0.6922160607844872	0.6983630985495978	([806, 11], [806, 71, 69])
1	0.6931644977895717	0.6983676129512285	([1019, 842], [1019, 941, 842])
1	0.6960325008627738	0.6984212933752951	([1134, 591], [1134, 1031, 591])
1	0.692021057508567	0.6986456666752636	([874, 110], [874, 357, 110])
1	0.6444208916134615	0.6987518463082024	([1014, 3], [1014, 893, 3])
1	0.6924120492806833	0.6987528015144431	([1014, 281], [1014, 646, 391])
1	0.697274140456203	0.6988691913515309	([1366, 816], [1366, 968, 816])
1	0.6797123171431506	0.6989173652928145	([823, 25], [823, 586, 25])
1	0.6795400392330081	0.6989188618110691	([517, 135], [517, 334, 135])
1	0.6966890789709363	0.6989575161286317	([1037, 435], [1037, 1036, 980])
1	0.6758982905711373	0.6990181322866754	([844, 64], [844, 543, 64])
1	0.6963510190970965	0.699048078034238	([385, 68], [439, 385, 371])
1	0.6987430968713093	0.6990753663324993	([835, 602], [835, 602, 166])
1	0.6770534814632441	0.6991946813328106	([719, 376], [720, 719, 465])
1	0.6972764157243632	0.6992084297382388	([1432, 408], [1432, 458, 408])
1	0.6919632662763285	0.6992215464190764	([870, 147], [1425, 870, 127])
1	0.67123607389535	0.6992584090331961	([1484, 671], [1484, 1173, 1032])
1	0.6801570602146272	0.6993456004502148	([1145, 427], [1276, 1042, 404])
1	0.6949193589066989	0.6993788240275083	([1057, 412], [1348, 1056, 412])
1	0.6836960756546221	0.6994354965682469	([795, 18], [795, 187, 168])
1	0.6897613744177741	0.6995819054959083	([792, 4], [808, 792, 4])
1	0.6938536138370132	0.6996667854194719	([893, 277], [893, 739, 277])
1	0.692787459872963	0.6998484880446546	([916, 374], [916, 682, 673])
1	0.695891883073643	0.6998955587100422	([1143, 992], [1173, 1143, 992])
1	0.6807659237966738	0.7000345079170545	([847, 40], [855, 847, 55])
1	0.6705504397926975	0.7000533501788354	([887, 333], [887, 580, 347])
1	0.683952145191892	0.7000921889998055	([817, 194], [836, 817, 194])
1	0.6913111099294786	0.7004844653377118	([399, 53], [399, 306, 53])
1	0.6925540210279785	0.7005116312182009	([993, 79], [993, 593, 34])
1	0.6994424474876527	0.7006513376196349	([790, 269], [790, 269, 245])
1	0.694031716165455	0.7007461275231539	([1396, 556], [1396, 1119, 556])
1	0.6907001799981751	0.7009882415291347	([725, 213], [725, 243, 228])
1	0.6888999198641572	0.7009921348032171	([1194, 842], [1194, 842, 838])
1	0.6800968209499588	0.7010344412135483	([420, 312], [420, 416, 312])
1	0.6962170968199866	0.7011984616380621	([976, 536], [976, 969, 416])
1	0.49177255251560453	0.7013462437621114	([799, 797], [896, 578, 347])
1	0.6811380716718775	0.701448531496701	([856, 306], [856, 548, 306])
1	0.6970395436980176	0.7014553281680934	([384, 18], [384, 318, 170])
1	0.699889146738267	0.7015005077131995	([1432, 1375], [1432, 1375, 1370])
1	0.6946639384510006	0.7016561298635441	([832, 287], [832, 805, 287])
1	0.7006530417620094	0.7016863693893659	([1468, 595], [1468, 1036, 1035])
1	0.685345179451199	0.7017626131235895	([843, 65], [852, 843, 53])
1	0.6732889426250818	0.7018239739921952	([1424, 83], [1424, 120, 83])
1	0.6961854413920479	0.7020248111508621	([1000, 501], [1000, 917, 388])
1	0.6998219192823709	0.7020940089407572	([1388, 553], [1388, 555, 553])
1	0.6997645405788316	0.7023145068603039	([1516, 593], [1516, 1373, 1035])
1	0.6964670532846392	0.7025527532056859	([978, 549], [992, 978, 548])
1	0.6708441170505064	0.7027252639092333	([1277, 570], [1277, 570, 402])
1	0.7024540090389141	0.7029118314384525	([1455, 441], [1455, 1233, 409])
1	0.6980980341781482	0.702954090863068	([1121, 512], [1121, 868, 3])
1	0.6919044000728346	0.7030174797970702	([1484, 569], [1484, 1446, 601])
1	0.6989882602937378	0.7032169348624965	([963, 164], [963, 718, 164])
1	0.6979751358747927	0.7032602911427317	([899, 11], [899, 772, 11])
1	0.6943935304564709	0.703265764430617	([1117, 79], [1117, 188, 79])
1	0.6922511234787819	0.7032688684331749	([839, 324], [839, 324, 72])
1	0.6849186293110818	0.7037169837513488	([1024, 70], [1189, 1024, 70])
1	0.7010851146068865	0.703725908217054	([816, 596], [816, 596, 552])
1	0.69737119107963	0.7037338493848898	([861, 214], [861, 572, 376])
1	0.6996363408028967	0.7038531633497774	([841, 68], [841, 817, 557])
1	0.6990064416483274	0.7039466933109535	([849, 60], [849, 317, 79])
1	0.701912636118725	0.704091934349418	([1416, 584], [1491, 1416, 584])
1	0.6861304130335962	0.7042797227692259	([946, 453], [946, 835, 453])
1	0.6930391260790815	0.7044395261637891	([851, 545], [851, 598, 596])
1	0.7038204240268673	0.7044395261637891	([843, 596], [851, 843, 596])
1	0.6845488343943095	0.7044745587463309	([1397, 673], [1397, 985, 673])
1	0.7031153251335291	0.704577086108631	([968, 457], [1283, 968, 417])
1	0.6834337001182353	0.7046052377956841	([860, 20], [860, 830, 12])
1	0.7041334084701446	0.7046373503663128	([832, 233], [832, 509, 233])
1	0.6711537498561497	0.7047292312077675	([989, 511], [989, 799, 511])
1	0.6940254600233345	0.7048195236024388	([726, 214], [726, 277, 244])
1	0.6965368974416857	0.7048697415802139	([903, 104], [936, 903, 104])
1	0.6976588048394583	0.7051107236265177	([680, 130], [680, 672, 130])
1	0.6989307554889364	0.7051446247139367	([939, 461], [939, 820, 461])
1	0.7033620329718029	0.705198910153643	([1346, 594], [1346, 1229, 594])
1	0.6815260147137092	0.7053613381057939	([1048, 391], [1323, 1048, 1037])
1	0.7050675972800202	0.7053731349136336	([371, 141], [371, 197, 193])
1	0.7033125552752459	0.7054327665926661	([935, 157], [935, 891, 157])
1	0.694513687890098	0.7054574584799789	([950, 721], [950, 921, 721])
1	0.6965729191143767	0.7054625673107537	([1337, 439], [1341, 1337, 439])
1	0.6947502922558825	0.7055335971911574	([853, 290], [853, 843, 290])
1	0.7052339009903023	0.7055483544514085	([1348, 566], [1348, 566, 380])
1	0.6839769538108812	0.7055892520459717	([987, 554], [987, 967, 554])
1	0.5462147259184518	0.7057217680747359	([1426, 695], [1426, 1074, 695])
1	0.6820048566980073	0.7057926161939483	([863, 183], [863, 259, 183])
1	0.7019190283995026	0.7058352978326938	([928, 249], [928, 706, 688])
1	0.6982359803309163	0.7059026330688556	([1448, 670], [1448, 670, 416])
1	0.7020118451865817	0.706224307355251	([867, 22], [867, 346, 22])
1	0.6955861224337532	0.7065584201915296	([858, 426], [1179, 858, 833])
1	0.6834761245454769	0.7066195806834963	([994, 454], [994, 672, 420])
1	0.6898568174220072	0.7066204480103062	([456, 117], [456, 391, 117])
1	0.6941097091532751	0.7066910916880806	([784, 71], [784, 664, 71])
1	0.7026874360820804	0.7067019198766611	([1180, 5], [1180, 914, 859])
1	0.7061051829994502	0.7067810379202913	([975, 11], [1502, 975, 11])
1	0.6973718718272983	0.7067974629366518	([1387, 428], [1480, 810, 374])
1	0.7044848278793231	0.7068331564271957	([1042, 599], [1433, 1062, 599])
1	0.7050626612531412	0.7068617288754242	([842, 258], [842, 580, 235])
1	0.6890269941425875	0.7069886028252297	([819, 201], [819, 767, 492])
1	0.6979760044869386	0.7070106185453603	([861, 7], [861, 805, 7])
1	0.706136091401288	0.7073238053859472	([1048, 431], [1048, 1030, 400])
1	0.6905844180184839	0.7073659006940999	([967, 623], [967, 805, 607])
1	0.7035577664265821	0.7074324260879915	([942, 464], [942, 797, 464])
1	0.6915107429959477	0.7074912990872334	([1173, 844], [1173, 844, 835])
1	0.6776731865763518	0.7075608769955463	([903, 191], [903, 750, 676])
1	0.6743510294011925	0.7075884532069182	([851, 91], [851, 598, 80])
1	0.7064213058488841	0.7075884751649455	([975, 522], [975, 522, 375])
1	0.6910189539681646	0.7078163166590159	([957, 525], [957, 857, 841])
1	0.6605941209448779	0.7078443197145896	([583, 418], [583, 418, 376])
1	0.7022234416989181	0.7078484083473308	([918, 9], [917, 720, 9])
1	0.7029916937802044	0.7079258494835967	([1327, 436], [1473, 1327, 436])
1	0.6850215440945747	0.707937014338943	([399, 88], [399, 88, 83])
1	0.7062734133412018	0.7079475052583827	([984, 57], [993, 984, 79])
1	0.7079563389931208	0.7080902273013991	([842, 460], [916, 842, 460])
1	0.6893765676960314	0.7082221146398258	([722, 516], [722, 516, 490])
1	0.7072616074111427	0.7084603988743325	([1037, 561], [1037, 979, 594])
1	0.6836845559354054	0.7085075539411058	([1422, 119], [1422, 725, 720])
1	0.693133148003475	0.7085997455174903	([978, 442], [978, 599, 548])
1	0.6680326801313003	0.7086111865560266	([915, 186], [915, 865, 715])
1	0.6934928887677166	0.7088632447074066	([1243, 287], [1412, 1243, 391])
1	0.7067336654518885	0.7088774990820996	([1166, 569], [1179, 1166, 569])
1	0.703554763496754	0.7089199403106365	([414, 128], [414, 215, 128])
1	0.6762485125027267	0.7093679742739358	([956, 719], [1000, 803, 719])
1	0.7057521268224863	0.7094045459683681	([531, 97], [582, 531, 376])
1	0.6977050287047554	0.7094555350328355	([987, 495], [987, 554, 512])
1	0.6789872692005292	0.7094566124597514	([996, 605], [998, 996, 605])
1	0.6895282938456663	0.7099318555835459	([583, 59], [583, 59, 31])
1	0.7011083369938628	0.7100775972363793	([1157, 287], [1157, 968, 806])
1	0.6873615821647797	0.7101076519113496	([832, 558], [832, 623, 590])
1	0.6853302896416584	0.7101153895910655	([851, 670], [924, 851, 803])
1	0.6923902090519647	0.7104741805453525	([809, 117], [809, 575, 117])
1	0.7059818080494216	0.7106476742342075	([843, 535], [843, 556, 535])
1	0.6870701266068898	0.7107177278065224	([938, 326], [938, 644, 326])
1	0.7032344214406134	0.710765909389071	([1527, 568], [1527, 568, 83])
1	0.7086205455234295	0.7109647132034098	([997, 455], [997, 854, 444])
1	0.6966850980826826	0.7110806931135426	([853, 78], [853, 836, 78])
1	0.7077838634855973	0.7112704862055623	([782, 10], [782, 573, 238])
1	0.6438933980866695	0.7114009330540583	([1412, 287], [1243, 806, 780])
1	0.6836982397953509	0.7115197542387632	([837, 192], [837, 828, 192])
1	0.7050903588910791	0.7116184277386215	([1109, 15], [1109, 572, 15])
1	0.7105001565375924	0.7116260548014524	([945, 63], [945, 849, 63])
1	0.6954068837385526	0.7116949835602544	([1330, 442], [1475, 1233, 426])
1	0.7106685909572565	0.7117406847789102	([940, 75], [940, 577, 75])
1	0.7065280191416649	0.7118145924706738	([1232, 573], [1232, 1223, 573])
1	0.7051997377607759	0.7118717902959263	([982, 430], [982, 430, 405])
1	0.7092232085930399	0.7120016253043279	([794, 62], [794, 577, 72])
1	0.6993965089451226	0.7120141962612299	([998, 83], [998, 561, 83])
1	0.6855102525290478	0.7120220877262287	([984, 526], [984, 710, 526])
1	0.7108555185292833	0.7120875311408512	([965, 219], [965, 399, 193])
1	0.6828810721676358	0.7121033669646559	([1165, 851], [1165, 851, 834])
1	0.7063504133702146	0.7121982707764962	([1263, 435], [1383, 1263, 435])
1	0.7107058605308761	0.7125604804671168	([857, 599], [857, 852, 599])
1	0.6934622449547633	0.712575137099711	([1373, 593], [1373, 980, 979])
1	0.6931296437594199	0.7126867969196612	([738, 495], [738, 495, 484])
1	0.5480456868591682	0.7126954060436651	([1449, 1426], [1509, 1449, 1426])
1	0.7062592324935131	0.7130157186715655	([860, 516], [860, 551, 535])
1	0.6519022222782315	0.7130255607008268	([1342, 580], [1342, 580, 419])
1	0.6869117905373113	0.7130663981754162	([944, 553], [944, 817, 816])
1	0.7089467982306608	0.7131795964601877	([1510, 597], [1510, 597, 596])
1	0.7024822396277989	0.7135564013008888	([1059, 849], [1486, 1059, 849])
1	0.7120081018383179	0.7135788960338018	([1018, 504], [1018, 965, 504])
1	0.7126566918505313	0.7138914970667363	([815, 52], [1441, 815, 687])
1	0.7078948970710767	0.7140291375638236	([1158, 538], [1158, 1148, 402])
1	0.704330613386359	0.7140363109498444	([1038, 592], [1229, 1038, 592])
1	0.7006581682445804	0.7143029491068776	([1260, 567], [1260, 1039, 567])
1	0.6908455695841399	0.7143758132177224	([987, 325], [987, 375, 325])
1	0.7080962175627936	0.7144913241979907	([1182, 331], [1182, 705, 587])
1	0.7079218093322203	0.7145468574891459	([841, 218], [841, 557, 499])
1	0.6979552734221249	0.7146507896819834	([920, 505], [966, 920, 505])
1	0.6006166988757825	0.7147540687172298	([1424, 128], [1424, 312, 128])
1	0.7149947280711193	0.715193481888779	([1032, 433], [1041, 1032, 409])
1	0.6954055430062244	0.7152079581681539	([1003, 21], [1003, 915, 21])
1	0.7026549470380608	0.7152791323008716	([1415, 440], [1415, 440, 391])
1	0.5877809344612984	0.7161022111632527	([1426, 984], [1426, 1067, 984])
1	0.691924231783693	0.716219110971175	([1395, 19], [1395, 975, 459])
1	0.7063067091473927	0.7163829796252557	([1167, 560], [1167, 1030, 560])
1	0.7029161918001731	0.7163829796252557	([1234, 560], [1234, 1030, 560])
1	0.6941936129852949	0.7167432450224658	([1273, 564], [1273, 564, 410])
1	0.6754115055520273	0.7168157732035649	([1421, 131], [1421, 944, 131])
1	0.7041988733716289	0.7169314899701772	([1019, 519], [1019, 941, 519])
1	0.7075466465036441	0.7170236486285885	([926, 601], [926, 709, 689])
1	0.7152337677497994	0.7171365078335958	([1056, 447], [1364, 1056, 1027])
1	0.7127896997983753	0.7172008740078852	([911, 334], [1072, 911, 334])
1	0.709801567903221	0.7172072306067631	([575, 41], [575, 420, 41])
1	0.7119172102606213	0.7173069926760183	([1142, 845], [1142, 1118, 920])
1	0.6975133709560107	0.7177014386513237	([1263, 563], [1349, 1263, 563])
1	0.7032728337952147	0.7177185369173988	([956, 130], [956, 834, 130])
1	0.7149008317110437	0.7180128834436941	([973, 28], [973, 831, 785])
1	0.7059385801766513	0.7181163394349914	([990, 94], [990, 793, 94])
1	0.7001512155599292	0.718277117259051	([1207, 719], [1207, 1122, 719])
1	0.7002334646008049	0.7183061317102695	([995, 422], [995, 422, 307])
1	0.6905071972756924	0.7188049707624791	([1527, 83], [1527, 1506, 600])
1	0.7025260190212038	0.7188333080923612	([922, 77], [922, 857, 599])
1	0.7138987334228889	0.71888786754285	([866, 5], [866, 832, 5])
1	0.5483786689651057	0.7190328410483993	([578, 422], [578, 507, 422])
1	0.7033946191249839	0.719075412364384	([799, 224], [799, 373, 223])
1	0.7062465802946454	0.7191071243103583	([983, 56], [983, 561, 436])
1	0.7167486026911201	0.7195633096365077	([1469, 562], [1469, 1229, 1035])
1	0.7141906572918159	0.7200726141628762	([1465, 592], [1485, 1465, 592])
1	0.7118475622437875	0.720252838063508	([1334, 431], [1334, 1142, 431])
1	0.7042580222111656	0.7203370114586172	([1465, 848], [1465, 1382, 848])
1	0.7057061063453104	0.720513751301607	([988, 178], [988, 803, 167])
1	0.7181800845624314	0.7205394826262224	([963, 225], [963, 225, 112])
1	0.6815323752574682	0.7208391509485901	([1067, 538], [1067, 538, 508])
1	0.7092451108142308	0.7210021186834654	([1419, 310], [1419, 858, 310])
1	0.7035368550606045	0.7210429858992062	([947, 36], [947, 857, 818])
1	0.6817485395999093	0.7212797031656554	([818, 74], [818, 288, 74])
1	0.7177311941533333	0.7213515284526528	([997, 523], [997, 523, 188])
1	0.7138495478007569	0.721801130078769	([815, 91], [815, 91, 77])
1	0.7147922661134697	0.7220978543052782	([923, 32], [923, 710, 6])
1	0.7208921826000594	0.7221086993357893	([944, 409], [944, 551, 437])
1	0.6278830024424066	0.7224994035429119	([1192, 918], [1192, 984, 918])
1	0.7121824059818949	0.7229688242123165	([921, 311], [921, 851, 311])
1	0.7189610323498635	0.7237462631243561	([1333, 596], [1333, 596, 404])
1	0.6878214189466321	0.7238514344751128	([856, 132], [856, 834, 132])
1	0.7205115566320923	0.7239227690028058	([1000, 18], [1000, 501, 82])
1	0.7193368756759916	0.7241870585119354	([915, 288], [915, 288, 10])
1	0.7178171390199294	0.7247664413670625	([921, 48], [921, 504, 80])
1	0.7218479781902616	0.7251022622391129	([1083, 18], [1083, 863, 18])
1	0.7188375105528048	0.7254575811515944	([954, 74], [954, 573, 457])
1	0.7225360710763078	0.7254583760541214	([992, 297], [992, 548, 297])
1	0.7100156252111632	0.7258508798054829	([1185, 560], [1185, 560, 555])
1	0.725484477175549	0.7264521750568989	([1299, 410], [1375, 1299, 1255])
1	0.7199272672569856	0.7276638680313589	([950, 51], [950, 441, 51])
1	0.7151882378750892	0.7278026568412757	([1114, 128], [1114, 933, 128])
1	0.7291192162816964	0.729454255154973	([1250, 95], [1250, 375, 95])
1	0.5527936390941752	0.7307233520901352	([1426, 93], [1426, 589, 93])
1	0.7269171140676554	0.7309838762929652	([1318, 296], [1327, 1318, 296])
1	0.7252674307077147	0.7310195607995146	([949, 308], [949, 308, 290])
1	0.731730257665119	0.7338479073471413	([1466, 425], [1483, 1466, 425])
1	0.5237479091391029	0.73616604393007	([1426, 589], [1426, 1366, 589])
1	0.7307904075248359	0.7399646724807651	([1527, 483], [1527, 1414, 614])
1	0.727784933169339	0.7435414930243345	([1527, 113], [1527, 614, 113])
1	0.5056037012388571	0.7440531928311319	([253, 0], [253, 181, 3])
1	0.7424883763199689	0.745480803158655	([1321, 548], [1321, 1133, 548])
1	0.5313569124911809	0.7454986789310927	([2, 1], [98, 2, 1])
1	0.741421603900653	0.7456225784357922	([1519, 1431], [1519, 1431, 1137])
1	0.7071279591476369	0.7472129916909339	([582, 38], [582, 308, 38])
1	0.736581905944486	0.74778405243262	([1316, 299], [1316, 1293, 299])
1	0.7470140333004214	0.7503000371603497	([1193, 133], [1193, 1120, 133])
1	0.48725841775718165	0.7529611563933415	([776, 0], [776, 622, 96])
1	0.5142827455068285	0.7539828677884307	([288, 0], [622, 288, 25])
1	0.753129339939971	0.7557354474315062	([1296, 293], [1296, 1229, 563])
1	0.49516683513143017	0.7575633113093468	([181, 0], [253, 3, 1])
1	0.7561344964361563	0.7576241930390742	([1331, 51], [1331, 1166, 51])
1	0.7516245175175426	0.7593238627648674	([1316, 44], [1316, 1295, 44])
1	0.49821768493852414	0.7601960029067024	([578, 369], [288, 181, 3])
1	0.7465793895170362	0.7668381990513682	([1317, 60], [1317, 410, 295])
1	0.7610197003768527	0.7718886202337889	([1301, 48], [1318, 1301, 48])
1	0.7409595030096608	0.7720081712546976	([1298, 583], [1298, 1143, 1036])
1	0.781298631158343	0.785110240166113	([717, 45], [717, 710, 45])
1	0.8015218177243034	0.8016272528878503	([1437, 1317], [1437, 1423, 1317])
1	0.6141885076904834	0.801648142461336	([1192, 48], [1192, 524, 48])
1	0.5007594342633371	0.803491888923402	([798, 797], [959, 798, 395])
1	0.5098716413770777	0.8383446737444651	([1401, 1400], [1401, 398, 377])
1	0.5129151392910961	0.8495758725645995	([1171, 1170], [1191, 1171, 1135])
1	0.4875576499054915	0.891046171937412	([578, 463], [798, 395, 340])
0	0.0	0.9721114359584309	([970], [970, 969])
1	0.9893500618024602	0.994592677679013	([1192, 970], [1192, 970, 961])
0	0.0	1.0	([285], [285, 0])
0	0.0	1.0	([286], [286, 0])
0	0.0	1.0	([389], [389, 0])
0	0.0	1.0	([390], [390, 0])
0	0.0	1.0	([393], [393, 0])
0	0.0	1.0	([394], [394, 0])
0	0.0	1.0	([396], [396, 0])
0	0.0	1.0	([397], [397, 0])
0	0.0	1.0	([1186], [1186, 0])
0	0.0	1.0	([1190], [1190, 0])
0	0.0	1.0	([1429], [1429, 0])
0	0.0	1.0	([1430], [1430, 0])
0	0.0	inf	([578], [])
