0	0.0	0.01871833875348745	([713], [713, 38])
0	0.0	0.024798512503697093	([834], [834, 23])
0	0.0	0.2731300888137729	([1163], [1163, 1162])
0	0.0	0.2801193121192738	([498], [498, 497])
0	0.0	0.28479959636456975	([522], [522, 521])
0	0.0	0.28498333633317446	([707], [707, 706])
0	0.0	0.2869166513450925	([499], [499, 498])
0	0.0	0.2941774970214481	([769], [769, 768])
0	0.0	0.29564816733489224	([627], [627, 626])
0	0.0	0.29750857265363456	([543], [543, 542])
0	0.0	0.30054183737198137	([1194], [1194, 1193])
0	0.0	0.3005569700099113	([512], [512, 511])
0	0.0	0.3013457200215592	([766], [766, 765])
0	0.0	0.3021347961633973	([723], [723, 722])
0	0.0	0.30225128193383805	([552], [552, 551])
0	0.0	0.30346947767958193	([1188], [1188, 1187])
0	0.0	0.30575637823191226	([677], [677, 676])
0	0.0	0.3061002690843575	([544], [544, 543])
0	0.0	0.30676102864966204	([244], [244, 243])
0	0.0	0.30818569634998433	([251], [251, 250])
0	0.0	0.3111286474338244	([289], [289, 288])
0	0.0	0.3119114575678845	([1201], [1201, 1200])
0	0.0	0.31291753147802037	([521], [521, 520])
0	0.0	0.31322465702098484	([486], [486, 485])
0	0.0	0.31323258258072967	([763], [763, 762])
0	0.0	0.31341709027354336	([706], [706, 705])
0	0.0	0.3134653965540182	([1187], [1188, 1186])
0	0.0	0.3146971036023477	([1006], [1006, 1005])
0	0.0	0.3161541839604927	([519], [519, 518])
0	0.0	0.31633491174357115	([1161], [1161, 1160])
0	0.0	0.31741993585646583	([1195], [1195, 1194])
0	0.0	0.31819098487697256	([542], [542, 541])
0	0.0	0.3184936087421013	([686], [686, 685])
0	0.0	0.3186661237774106	([523], [523, 522])
0	0.0	0.31908579274793397	([758], [758, 757])
0	0.0	0.3193572425651303	([1202], [1202, 1201])
0	0.0	0.3199013378982302	([681], [681, 680])
0	0.0	0.32000627848998425	([514], [514, 513])
0	0.0	0.3201053449889038	([767], [767, 766])
0	0.0	0.32048022495094686	([1193], [1193, 1192])
0	0.0	0.3208496646129774	([527], [527, 526])
0	0.0	0.321039489679954	([510], [510, 509])
0	0.0	0.32116280996285956	([619], [619, 618])
0	0.0	0.3217646951841266	([140], [140, 139])
0	0.0	0.3225554911352209	([184], [184, 183])
0	0.0	0.3226642656881336	([1007], [1007, 1006])
0	0.0	0.32329740682242614	([551], [551, 550])
0	0.0	0.32375669868666945	([232], [232, 231])
0	0.0	0.32386118408341974	([290], [290, 289])
0	0.0	0.3241012406339863	([669], [669, 668])
0	0.0	0.3243539909892708	([672], [672, 671])
0	0.0	0.3246397924035685	([722], [722, 721])
1	0.3238786406264731	0.32509560614531885	([1195, 1192], [1195, 1194, 1192])
0	0.0	0.32586689945886194	([298], [298, 297])
0	0.0	0.3268531116925051	([608], [608, 607])
0	0.0	0.3268981391901681	([685], [685, 684])
0	0.0	0.3269540445238182	([1162], [1162, 1161])
0	0.0	0.3273818452098753	([294], [294, 293])
0	0.0	0.3273979989730036	([670], [670, 669])
0	0.0	0.32743983198964993	([516], [516, 515])
0	0.0	0.32745126709740635	([1197], [1197, 1196])
0	0.0	0.3283095759456418	([626], [626, 625])
0	0.0	0.3285189908244477	([620], [620, 619])
0	0.0	0.32857055285702164	([233], [233, 232])
0	0.0	0.32879228726679316	([126], [126, 125])
0	0.0	0.329023150436339	([638], [638, 637])
0	0.0	0.32916470385651764	([496], [496, 495])
0	0.0	0.32934018355216105	([605], [605, 604])
0	0.0	0.3304811303769194	([590], [590, 589])
0	0.0	0.33147612802680265	([764], [764, 763])
0	0.0	0.3316240801261891	([186], [186, 185])
0	0.0	0.33185644078257476	([252], [252, 251])
0	0.0	0.33239486883868846	([1200], [1200, 1199])
0	0.0	0.33260831529996154	([1010], [1010, 1009])
0	0.0	0.3326947348386917	([300], [300, 299])
0	0.0	0.33287218926380674	([190], [190, 189])
0	0.0	0.3334923942392726	([1124], [1124, 1123])
0	0.0	0.3337961828357928	([280], [280, 279])
0	0.0	0.3340829818418973	([768], [768, 767])
0	0.0	0.3343993350537489	([487], [487, 486])
0	0.0	0.33472778745273857	([1199], [1199, 1198])
0	0.0	0.3347507815023874	([1198], [1198, 1197])
0	0.0	0.33483805617031354	([684], [684, 683])
0	0.0	0.33525875487900014	([430], [430, 429])
0	0.0	0.3361491767429957	([321], [321, 320])
0	0.0	0.33638861843339807	([532], [532, 531])
0	0.0	0.33639187260089415	([161], [161, 160])
0	0.0	0.33645043424609533	([1123], [1123, 1122])
0	0.0	0.3367198539042958	([587], [587, 584])
0	0.0	0.33679052402917337	([520], [520, 519])
0	0.0	0.3371263694926348	([511], [511, 510])
0	0.0	0.3380132551501565	([178], [178, 176])
0	0.0	0.3388004847769132	([594], [594, 593])
0	0.0	0.33888810904151667	([593], [593, 592])
0	0.0	0.339041177326948	([1026], [1026, 1025])
0	0.0	0.339215798913283	([139], [139, 138])
0	0.0	0.33923578952081074	([583], [583, 582])
0	0.0	0.33959975596238373	([427], [427, 426])
0	0.0	0.34081469185317825	([674], [674, 672])
0	0.0	0.3409879710773276	([287], [287, 286])
0	0.0	0.341115379214725	([841], [841, 840])
0	0.0	0.34121357847369044	([1001], [1001, 1000])
0	0.0	0.34181063679443235	([497], [497, 496])
0	0.0	0.3420216246164826	([533], [533, 532])
0	0.0	0.3423186022708223	([517], [517, 514])
0	0.0	0.34238140790008204	([630], [630, 629])
0	0.0	0.3423996709041747	([725], [725, 724])
0	0.0	0.34241823123250487	([192], [192, 191])
0	0.0	0.3424959474899339	([837], [837, 836])
0	0.0	0.34249784144280254	([1203], [1203, 1202])
0	0.0	0.34252132572672445	([1177], [1177, 1176])
0	0.0	0.34261113799443915	([623], [623, 622])
0	0.0	0.3430704462406823	([1155], [1155, 1154])
0	0.0	0.34308680726594937	([639], [639, 638])
0	0.0	0.3431038103815417	([604], [604, 603])
0	0.0	0.34326563805007587	([555], [555, 554])
0	0.0	0.3432833890550633	([185], [185, 184])
0	0.0	0.34359567861386575	([1183], [1183, 1182])
0	0.0	0.34373298730177565	([1027], [1027, 1026])
0	0.0	0.3439075963613884	([501], [501, 500])
0	0.0	0.34414329551907624	([734], [734, 733])
0	0.0	0.3441538232364944	([1179], [1179, 1178])
0	0.0	0.34495183186028583	([297], [297, 296])
0	0.0	0.34503224767199603	([765], [765, 764])
0	0.0	0.34503770070595724	([1156], [1156, 1155])
0	0.0	0.3451290953198423	([461], [461, 460])
0	0.0	0.34571762512289084	([595], [595, 593])
0	0.0	0.3459112637051392	([226], [226, 225])
0	0.0	0.3459661472256564	([554], [554, 553])
0	0.0	0.34605177192188324	([284], [284, 283])
0	0.0	0.3464090737351234	([138], [138, 137])
0	0.0	0.34662796465830736	([247], [247, 246])
0	0.0	0.34682023832378356	([1008], [1008, 1007])
0	0.0	0.3470774319874944	([1064], [1064, 1063])
0	0.0	0.3471140153068023	([729], [729, 728])
0	0.0	0.3471218250916706	([426], [427, 425])
0	0.0	0.3472576471572506	([737], [737, 736])
0	0.0	0.3476042833120912	([849], [849, 848])
0	0.0	0.34765900684740336	([690], [690, 689])
0	0.0	0.34787520794975463	([495], [495, 494])
0	0.0	0.3479199235350573	([230], [230, 229])
0	0.0	0.34792047635755946	([325], [325, 324])
0	0.0	0.3481226820293893	([281], [281, 280])
0	0.0	0.34821614101379345	([845], [845, 844])
0	0.0	0.34830150720233244	([183], [183, 182])
0	0.0	0.34886459034902717	([1184], [1184, 1183])
0	0.0	0.3489235168312712	([675], [675, 674])
0	0.0	0.3489245176196523	([625], [625, 624])
0	0.0	0.3494534084189755	([125], [125, 124])
0	0.0	0.3494571826392425	([136], [136, 135])
0	0.0	0.3494875252391782	([1164], [1164, 1163])
0	0.0	0.349520986868068	([1136], [1136, 1135])
0	0.0	0.34954037404569765	([726], [726, 725])
0	0.0	0.34982850621198774	([460], [460, 459])
0	0.0	0.3499436815572086	([187], [187, 186])
0	0.0	0.3499767278250863	([535], [535, 534])
0	0.0	0.3500495388635247	([704], [704, 703])
0	0.0	0.3501658126115083	([742], [742, 741])
0	0.0	0.3501953180949648	([448], [448, 447])
0	0.0	0.35031220521656964	([1144], [1144, 1143])
0	0.0	0.350325434566528	([705], [706, 704])
0	0.0	0.35043236491278074	([513], [517, 515])
0	0.0	0.350617544425122	([736], [736, 735])
0	0.0	0.35126986261048304	([596], [596, 595])
0	0.0	0.3512720176558528	([1178], [1178, 1177])
0	0.0	0.3514396047029349	([1050], [1050, 1049])
0	0.0	0.35155647544473595	([1180], [1180, 1179])
0	0.0	0.3518756441243724	([1192], [1192, 1191])
0	0.0	0.3523481895411137	([741], [742, 739])
0	0.0	0.35237655804111245	([165], [165, 164])
0	0.0	0.3530516025540828	([703], [703, 702])
0	0.0	0.3530787621816872	([989], [989, 988])
0	0.0	0.3532727689590136	([182], [182, 181])
0	0.0	0.35380239985823514	([288], [288, 287])
0	0.0	0.35418252681023316	([1181], [1181, 1180])
0	0.0	0.3542330888144239	([743], [743, 742])
0	0.0	0.3543078139301291	([647], [647, 646])
0	0.0	0.35444529441313355	([1070], [1070, 1069])
0	0.0	0.3545289177866393	([680], [680, 679])
0	0.0	0.3547911388470237	([231], [231, 230])
0	0.0	0.35517444899659534	([295], [295, 294])
0	0.0	0.3552326168933993	([762], [762, 761])
0	0.0	0.3553288052050785	([1219], [1219, 1218])
0	0.0	0.35544210980038254	([676], [676, 675])
0	0.0	0.3554549135004542	([1028], [1028, 1027])
0	0.0	0.3556294684016965	([84], [84, 83])
0	0.0	0.3557336848157081	([279], [279, 278])
0	0.0	0.35575702460628617	([553], [553, 552])
0	0.0	0.35579195210822023	([682], [682, 681])
0	0.0	0.35602006183682655	([671], [674, 673])
0	0.0	0.3563825385486345	([1160], [1160, 1159])
0	0.0	0.35678751064505326	([545], [545, 544])
0	0.0	0.3568922005741064	([306], [306, 305])
0	0.0	0.35705633418514277	([293], [293, 292])
0	0.0	0.35729997639662814	([1137], [1137, 1136])
0	0.0	0.3574282444138148	([689], [689, 688])
0	0.0	0.3574377394346761	([728], [729, 727])
0	0.0	0.35751431986610444	([1048], [1048, 1047])
0	0.0	0.3575158807557121	([1049], [1049, 1048])
0	0.0	0.35765536601097897	([1069], [1069, 1068])
0	0.0	0.3577576695745791	([285], [285, 284])
0	0.0	0.35776444036630217	([744], [744, 743])
0	0.0	0.35787398481428406	([459], [459, 458])
0	0.0	0.3583397679249506	([727], [727, 726])
0	0.0	0.35843264300185695	([1206], [1206, 1205])
0	0.0	0.3585561387408035	([485], [485, 484])
0	0.0	0.35865182820759806	([979], [979, 978])
0	0.0	0.35890778011909724	([137], [137, 136])
0	0.0	0.3590268129022863	([235], [235, 234])
0	0.0	0.3590430956331548	([1013], [1013, 1012])
0	0.0	0.359109032159504	([1063], [1063, 1062])
0	0.0	0.3593012704005058	([1157], [1157, 1156])
0	0.0	0.3594715764310417	([458], [458, 457])
0	0.0	0.3596134349229812	([1074], [1074, 1073])
0	0.0	0.3597397862411304	([584], [587, 586])
0	0.0	0.3600231466999356	([449], [449, 448])
0	0.0	0.3601049011056277	([870], [870, 869])
0	0.0	0.36012799756389463	([693], [693, 692])
0	0.0	0.36016835175533757	([1185], [1185, 1184])
0	0.0	0.3603623069717436	([761], [764, 760])
0	0.0	0.36036946672931375	([250], [250, 249])
0	0.0	0.36058145565029853	([1220], [1220, 1219])
0	0.0	0.36096365638496286	([453], [453, 452])
0	0.0	0.36100240492438596	([1141], [1141, 1140])
0	0.0	0.3611820842859827	([1073], [1073, 1072])
0	0.0	0.3616157968350371	([724], [724, 723])
0	0.0	0.3616740619193218	([1143], [1143, 1142])
0	0.0	0.36172441056461846	([603], [603, 602])
0	0.0	0.36178063062188665	([191], [191, 190])
0	0.0	0.36190141178885743	([292], [292, 291])
0	0.0	0.36195655240516583	([1005], [1005, 1004])
0	0.0	0.36229324291148474	([1052], [1052, 1051])
0	0.0	0.36236492049438845	([164], [164, 163])
0	0.0	0.36264598935879333	([914], [914, 913])
0	0.0	0.3627058612873863	([616], [616, 615])
0	0.0	0.36281856561553844	([678], [678, 677])
0	0.0	0.3628960154722959	([130], [130, 129])
0	0.0	0.3630097859201101	([1109], [1109, 1108])
0	0.0	0.3630639569216923	([1221], [1221, 1220])
0	0.0	0.36310605944090574	([1051], [1051, 1050])
0	0.0	0.3631372301376269	([299], [299, 298])
0	0.0	0.36322619544078055	([582], [582, 581])
0	0.0	0.3632372639652884	([525], [525, 524])
0	0.0	0.3632940609221325	([757], [757, 756])
0	0.0	0.3633071178922069	([683], [683, 682])
0	0.0	0.36349129814752357	([586], [584, 583])
0	0.0	0.36357340526445775	([234], [234, 233])
0	0.0	0.3637912451690794	([540], [540, 539])
0	0.0	0.3639953916911203	([1218], [1218, 1217])
0	0.0	0.36402766916333923	([856], [856, 855])
0	0.0	0.3641204925260977	([83], [83, 82])
0	0.0	0.3642024563633492	([534], [534, 533])
0	0.0	0.3642685023196222	([1046], [1046, 1045])
0	0.0	0.3642913150803018	([1196], [1196, 1195])
0	0.0	0.36429866700073393	([1140], [1140, 1139])
0	0.0	0.3646553545180314	([1167], [1167, 1166])
1	0.3615681117074535	0.36468815477757327	([761, 760], [764, 762, 760])
0	0.0	0.3647779481695473	([570], [570, 569])
0	0.0	0.3648572192117829	([779], [779, 778])
0	0.0	0.3649279883131328	([429], [429, 428])
0	0.0	0.36498775734053895	([1139], [1139, 1138])
0	0.0	0.3650152290214274	([1108], [1108, 1107])
0	0.0	0.36503431426071	([1110], [1110, 1109])
0	0.0	0.36511171005652127	([1217], [1217, 1216])
0	0.0	0.36524328743415935	([1036], [1036, 1035])
0	0.0	0.36562747871032897	([291], [291, 290])
0	0.0	0.36563745776585294	([1111], [1111, 1110])
0	0.0	0.36570523363512153	([735], [735, 734])
0	0.0	0.36586538347084374	([571], [571, 570])
0	0.0	0.36592838790543747	([153], [153, 152])
0	0.0	0.36593320166604204	([286], [286, 285])
0	0.0	0.3660192355694775	([968], [968, 967])
0	0.0	0.3661521593839623	([1138], [1138, 1137])
0	0.0	0.3663757475127802	([855], [855, 854])
0	0.0	0.366395102792038	([770], [770, 769])
0	0.0	0.3666041953505477	([524], [524, 523])
0	0.0	0.36669299485382	([86], [86, 85])
0	0.0	0.3667220506922235	([282], [282, 279])
0	0.0	0.36694622290807266	([452], [452, 451])
0	0.0	0.36720148862035684	([760], [760, 759])
0	0.0	0.3674772982090438	([997], [997, 996])
0	0.0	0.36753771691488957	([283], [283, 282])
0	0.0	0.3675807785559053	([966], [966, 965])
0	0.0	0.36771676594949687	([296], [296, 294])
0	0.0	0.3678168146853956	([860], [860, 859])
0	0.0	0.36786995038535253	([701], [701, 700])
0	0.0	0.36798423367313415	([507], [507, 506])
0	0.0	0.3680395687588641	([425], [425, 424])
0	0.0	0.36806180171357883	([702], [702, 701])
0	0.0	0.36820589722636826	([700], [700, 699])
0	0.0	0.3682181100726648	([591], [591, 590])
0	0.0	0.36824206951147037	([526], [526, 524])
0	0.0	0.36829378315129374	([823], [823, 822])
0	0.0	0.36849981193249376	([444], [444, 443])
0	0.0	0.3686713543455854	([863], [863, 862])
0	0.0	0.36872055483367666	([1065], [1065, 1064])
0	0.0	0.3687901241902057	([861], [861, 860])
0	0.0	0.3688111122783473	([798], [798, 797])
0	0.0	0.36882951807980235	([82], [82, 81])
0	0.0	0.36897174564599683	([85], [85, 84])
0	0.0	0.36920939688166016	([1214], [1214, 1213])
1	0.3684580214757909	0.36923775138628084	([233, 229], [233, 231, 230])
0	0.0	0.36933734714149563	([1148], [1148, 1147])
0	0.0	0.36934455327699683	([1135], [1135, 1134])
0	0.0	0.3694222583886479	([1191], [1191, 1190])
0	0.0	0.3694809770248294	([119], [119, 118])
0	0.0	0.3695962824394184	([1189], [1189, 1188])
0	0.0	0.36973377113410333	([607], [607, 606])
0	0.0	0.36990313138275605	([343], [343, 342])
0	0.0	0.37007458697140944	([550], [550, 549])
0	0.0	0.3701704182262502	([1142], [1142, 1141])
0	0.0	0.37017140838226414	([166], [166, 164])
0	0.0	0.370305130028966	([1158], [1158, 1157])
0	0.0	0.37033661070556106	([1112], [1112, 1111])
0	0.0	0.37075877563316156	([573], [573, 572])
0	0.0	0.3708019551014274	([157], [157, 156])
0	0.0	0.3709331214678237	([718], [718, 717])
0	0.0	0.37097313558045025	([428], [428, 427])
0	0.0	0.37101206496422856	([58], [58, 57])
0	0.0	0.37103081223915363	([177], [177, 176])
0	0.0	0.3711449146249045	([142], [142, 140])
0	0.0	0.3713591267538195	([450], [450, 449])
0	0.0	0.3714262462562044	([467], [467, 466])
0	0.0	0.3714841586133327	([1056], [1056, 1055])
0	0.0	0.3715439848782862	([1207], [1207, 1206])
0	0.0	0.3716333810937722	([1126], [1126, 1125])
0	0.0	0.37171803842183654	([631], [631, 630])
0	0.0	0.371849034478194	([456], [456, 455])
0	0.0	0.37196200159366755	([1150], [1150, 1149])
0	0.0	0.37198848731952533	([732], [732, 731])
0	0.0	0.3719890879734058	([624], [624, 623])
0	0.0	0.3720052182713118	([650], [650, 649])
0	0.0	0.3720187089264128	([759], [759, 758])
0	0.0	0.3720253077234383	([965], [965, 964])
0	0.0	0.37219430055040825	([1009], [1009, 1008])
0	0.0	0.3722585218343169	([206], [206, 205])
0	0.0	0.37228708166018526	([131], [131, 130])
0	0.0	0.37253321006302326	([739], [741, 740])
0	0.0	0.37261396481013564	([1130], [1130, 1129])
0	0.0	0.3728383441210506	([445], [445, 444])
0	0.0	0.37299806846175537	([581], [586, 585])
0	0.0	0.3730310320700441	([679], [679, 678])
0	0.0	0.3730363511122053	([1113], [1113, 1112])
0	0.0	0.37312237163310896	([606], [606, 605])
0	0.0	0.373197458922321	([1159], [1159, 1158])
0	0.0	0.37355750073061317	([839], [839, 838])
0	0.0	0.3737762604462654	([1043], [1043, 1042])
0	0.0	0.37381042912732027	([135], [140, 131])
0	0.0	0.37396642188711376	([730], [730, 729])
0	0.0	0.37400284311635784	([188], [188, 187])
0	0.0	0.37403878765157084	([490], [490, 489])
0	0.0	0.3740817784498031	([1114], [1114, 1113])
0	0.0	0.3742004127346765	([1032], [1032, 1031])
0	0.0	0.37429031253946987	([1015], [1015, 1014])
0	0.0	0.3742965628709069	([1133], [1133, 1132])
0	0.0	0.3745608205410361	([1134], [1134, 1133])
0	0.0	0.3745837479226732	([194], [194, 189])
0	0.0	0.3748812554124196	([941], [941, 940])
0	0.0	0.3750288198217232	([115], [115, 114])
0	0.0	0.3750463483023592	([569], [569, 568])
0	0.0	0.37515628086890956	([189], [189, 188])
0	0.0	0.3752102428706436	([78], [78, 77])
0	0.0	0.3752148050556063	([1208], [1208, 1207])
0	0.0	0.3752174226108744	([539], [539, 538])
0	0.0	0.3752343332371364	([568], [568, 567])
0	0.0	0.37524119432352876	([81], [81, 80])
0	0.0	0.37526611945362914	([129], [129, 128])
0	0.0	0.37541398470832926	([310], [310, 309])
0	0.0	0.37541510091328417	([1149], [1149, 1148])
0	0.0	0.37541514653291713	([933], [933, 932])
0	0.0	0.37545037499170597	([1011], [1011, 1010])
0	0.0	0.3754606876069622	([1129], [1129, 1128])
0	0.0	0.3755346669756838	([822], [822, 821])
0	0.0	0.37560118388994657	([1062], [1062, 1061])
0	0.0	0.3758094403247626	([842], [842, 841])
0	0.0	0.3759808851722473	([983], [983, 982])
0	0.0	0.37599781692788714	([632], [632, 631])
0	0.0	0.3760074712619947	([1021], [1021, 1020])
0	0.0	0.3760294800563499	([1186], [1186, 1185])
0	0.0	0.376124843296355	([649], [649, 648])
0	0.0	0.376185187866742	([1096], [1096, 1095])
0	0.0	0.37623569348477853	([246], [246, 245])
0	0.0	0.3762801608665947	([862], [862, 861])
0	0.0	0.3763196067928083	([1151], [1151, 1150])
0	0.0	0.3766415183279058	([1086], [1086, 1085])
0	0.0	0.37673710100484364	([866], [866, 865])
0	0.0	0.3767701793440893	([738], [738, 737])
0	0.0	0.37679844737046725	([923], [923, 922])
0	0.0	0.3771271721329019	([821], [821, 820])
0	0.0	0.37717720854843634	([971], [971, 970])
0	0.0	0.37736888633506604	([155], [155, 154])
0	0.0	0.37744882727253914	([454], [454, 453])
0	0.0	0.3775067301439842	([733], [733, 732])
0	0.0	0.3775510501039746	([853], [853, 852])
0	0.0	0.3776448616472529	([1087], [1087, 1086])
0	0.0	0.37766855609568545	([572], [572, 571])
0	0.0	0.37789370372404407	([897], [897, 896])
0	0.0	0.37794926192887696	([990], [990, 989])
0	0.0	0.37796305247994016	([973], [973, 972])
0	0.0	0.3781019198285341	([1012], [1012, 1011])
0	0.0	0.3781437942216548	([799], [799, 798])
0	0.0	0.37828765011827375	([127], [127, 126])
0	0.0	0.37847943042899035	([731], [731, 726])
0	0.0	0.3785575189304785	([976], [976, 975])
0	0.0	0.378560211556725	([828], [828, 827])
0	0.0	0.37861876136853556	([323], [323, 322])
0	0.0	0.37871946575127485	([850], [850, 849])
0	0.0	0.3787965636307202	([546], [546, 545])
0	0.0	0.37882481347005215	([797], [797, 796])
0	0.0	0.3789664246744432	([854], [854, 853])
0	0.0	0.3789844161090189	([1209], [1209, 1208])
0	0.0	0.3791571401675275	([1031], [1031, 1030])
0	0.0	0.37915963559263016	([1128], [1128, 1127])
0	0.0	0.3791703047331621	([68], [68, 67])
0	0.0	0.379212439027441	([646], [646, 645])
0	0.0	0.3792232693898636	([1166], [1166, 1165])
0	0.0	0.3792325192700481	([1101], [1101, 1100])
0	0.0	0.3794073345003642	([1089], [1089, 1088])
0	0.0	0.37954021626807594	([1127], [1127, 1126])
0	0.0	0.37954729397232057	([423], [423, 422])
0	0.0	0.3795777419285355	([756], [756, 755])
0	0.0	0.3796503835789079	([621], [621, 620])
0	0.0	0.3796683455764504	([940], [940, 939])
0	0.0	0.37973956269290265	([1025], [1025, 1024])
0	0.0	0.37989749769113557	([342], [342, 341])
0	0.0	0.37991699715689103	([128], [135, 134])
0	0.0	0.380277120417537	([925], [925, 924])
0	0.0	0.38029865463579077	([637], [637, 636])
0	0.0	0.3803224354234197	([150], [150, 149])
0	0.0	0.38032261973093845	([1045], [1045, 1044])
0	0.0	0.3803343386056857	([566], [566, 565])
0	0.0	0.3804708687029039	([592], [592, 591])
0	0.0	0.38050629179693923	([322], [322, 321])
0	0.0	0.3805487186856876	([1173], [1173, 1172])
0	0.0	0.3805547025278153	([1176], [1176, 1175])
0	0.0	0.3805606424050483	([1066], [1066, 1065])
0	0.0	0.3805851277879621	([578], [578, 577])
0	0.0	0.38061432869848205	([957], [957, 956])
0	0.0	0.3807183358966942	([118], [118, 117])
0	0.0	0.38072055016478606	([1213], [1213, 1212])
0	0.0	0.38083035705481955	([602], [602, 601])
0	0.0	0.380862615669983	([176], [176, 175])
0	0.0	0.3809506023162153	([156], [156, 155])
0	0.0	0.3809537505391783	([998], [998, 997])
0	0.0	0.38100312891644145	([1088], [1088, 1087])
0	0.0	0.3810684124004145	([560], [560, 559])
0	0.0	0.3811214068710665	([1147], [1147, 1146])
0	0.0	0.38113012381535344	([324], [324, 323])
0	0.0	0.3812139446915973	([124], [124, 123])
0	0.0	0.38126053780392	([909], [909, 908])
0	0.0	0.3812640860964307	([349], [349, 348])
0	0.0	0.38138038249270273	([1053], [1053, 1052])
0	0.0	0.3815407756986923	([984], [984, 983])
0	0.0	0.3815409567403546	([934], [934, 933])
0	0.0	0.38159839754611774	([687], [687, 686])
0	0.0	0.38161859686000066	([1044], [1044, 1043])
0	0.0	0.3816244306543444	([648], [648, 647])
0	0.0	0.38164176572389114	([972], [972, 971])
0	0.0	0.3816681445274263	([144], [144, 143])
0	0.0	0.38169945410490785	([528], [528, 527])
0	0.0	0.38170797091010666	([666], [666, 665])
0	0.0	0.38181281386090477	([813], [813, 812])
0	0.0	0.3819193969004679	([1099], [1099, 1098])
0	0.0	0.3819503262185379	([451], [451, 450])
0	0.0	0.38195706752132513	([917], [917, 916])
0	0.0	0.3820098839734153	([844], [844, 843])
0	0.0	0.38223110308085084	([991], [991, 990])
0	0.0	0.382262567527446	([754], [754, 753])
0	0.0	0.38238705960259606	([1092], [1092, 1091])
0	0.0	0.3824533496558866	([145], [145, 144])
0	0.0	0.38248435688337407	([227], [227, 226])
0	0.0	0.3826422967156083	([1022], [1022, 1021])
0	0.0	0.3829771925195439	([180], [180, 179])
0	0.0	0.3830379108644031	([134], [134, 133])
1	0.3789423633888412	0.3830490155073983	([738, 735], [738, 737, 735])
0	0.0	0.3830849531176438	([574], [574, 573])
0	0.0	0.383143784103749	([462], [462, 461])
0	0.0	0.38324368678996307	([749], [749, 748])
0	0.0	0.3832856261223608	([951], [951, 950])
0	0.0	0.3833624876945782	([1211], [1211, 1210])
0	0.0	0.3834672984286088	([615], [615, 614])
0	0.0	0.38360214727953046	([446], [446, 445])
0	0.0	0.3836156273232029	([278], [278, 277])
0	0.0	0.3837975601403164	([364], [364, 363])
0	0.0	0.38384848874838196	([924], [924, 923])
0	0.0	0.3838868387981165	([556], [556, 555])
0	0.0	0.38409740903934103	([1003], [1003, 1002])
0	0.0	0.3841283275095637	([904], [904, 903])
0	0.0	0.38419028340077643	([90], [90, 89])
0	0.0	0.3842182223234691	([1125], [1125, 1124])
0	0.0	0.38426280147784353	([567], [567, 566])
0	0.0	0.384362811484963	([347], [347, 346])
0	0.0	0.3844017855616804	([874], [874, 873])
0	0.0	0.3845843929523721	([141], [141, 140])
0	0.0	0.3846026630314279	([204], [204, 203])
0	0.0	0.3847651355225935	([432], [432, 431])
0	0.0	0.384770795298972	([902], [902, 901])
0	0.0	0.3848187293851469	([820], [820, 819])
0	0.0	0.38495303484416055	([960], [960, 959])
0	0.0	0.3850575911145518	([1216], [1216, 1215])
0	0.0	0.38512659190772436	([600], [600, 599])
0	0.0	0.3851934219630543	([348], [348, 347])
0	0.0	0.3852530782589983	([896], [896, 895])
0	0.0	0.38564872764936314	([1107], [1107, 1106])
0	0.0	0.3857052102814507	([468], [468, 467])
0	0.0	0.38572532194012854	([629], [630, 628])
0	0.0	0.3857399016651345	([802], [802, 801])
0	0.0	0.3859174151801947	([696], [696, 695])
0	0.0	0.38600109148035283	([829], [829, 828])
0	0.0	0.38602810802294085	([832], [832, 831])
0	0.0	0.3860437035411707	([195], [195, 194])
0	0.0	0.3860510483231874	([636], [636, 635])
0	0.0	0.3862748469113073	([436], [436, 435])
0	0.0	0.38628175349971333	([1079], [1079, 1078])
0	0.0	0.3863026170186834	([1082], [1082, 1081])
0	0.0	0.38630405076126006	([970], [970, 969])
0	0.0	0.3863400864704519	([196], [196, 195])
0	0.0	0.3863480035903069	([611], [611, 610])
0	0.0	0.38662960175550276	([1078], [1078, 1077])
0	0.0	0.3868190046529934	([1080], [1080, 1079])
0	0.0	0.38689933961384515	([431], [431, 430])
0	0.0	0.3870105765194394	([643], [643, 642])
0	0.0	0.387017769210843	([1077], [1077, 1076])
0	0.0	0.3871316645742797	([846], [846, 845])
0	0.0	0.3871514615036918	([698], [698, 697])
0	0.0	0.38715778648971816	([455], [455, 454])
0	0.0	0.38721185976032657	([910], [910, 909])
0	0.0	0.3872303068664393	([122], [122, 121])
0	0.0	0.3872507998937587	([515], [517, 512])
0	0.0	0.38737730153299443	([748], [748, 747])
0	0.0	0.38740839989370063	([123], [123, 122])
0	0.0	0.38741107079455345	([708], [708, 707])
0	0.0	0.38743484782502313	([1004], [1004, 1003])
0	0.0	0.3875242027290822	([88], [88, 87])
0	0.0	0.38763058849667614	([986], [986, 985])
0	0.0	0.3876422955233052	([1212], [1212, 1211])
0	0.0	0.3877527243054549	([601], [601, 600])
0	0.0	0.3877926252035877	([579], [579, 578])
0	0.0	0.3878149102031342	([267], [267, 266])
0	0.0	0.387844607536943	([840], [840, 839])
0	0.0	0.38789210115582906	([493], [493, 492])
0	0.0	0.38794889091399837	([216], [216, 215])
0	0.0	0.38798535260416916	([961], [961, 960])
0	0.0	0.3880178921432159	([181], [194, 193])
0	0.0	0.3881281194110579	([919], [919, 918])
0	0.0	0.38812915477221105	([642], [642, 641])
0	0.0	0.3882190078486455	([618], [618, 617])
0	0.0	0.38822475923170524	([1171], [1171, 1170])
0	0.0	0.3882351320103385	([1165], [1165, 1164])
0	0.0	0.38824862637107443	([612], [612, 611])
0	0.0	0.3883400653578544	([346], [346, 345])
0	0.0	0.38835561897118404	([831], [831, 830])
0	0.0	0.3883977491923028	([116], [116, 115])
0	0.0	0.38843351965692385	([641], [641, 640])
0	0.0	0.38850999756408716	([962], [962, 961])
0	0.0	0.38856043358883724	([76], [76, 75])
0	0.0	0.38862637543143247	([1002], [1002, 1001])
0	0.0	0.38868038032176294	([691], [691, 690])
0	0.0	0.38868240792102066	([1106], [1106, 1105])
0	0.0	0.38887988861550665	([1210], [1210, 1209])
0	0.0	0.3889260984387956	([985], [985, 984])
0	0.0	0.3889664884274196	([955], [955, 24])
1	0.3864201012302192	0.3890040920465552	([194, 192], [194, 192, 190])
0	0.0	0.3890307451858305	([830], [830, 829])
0	0.0	0.3890597952566025	([530], [530, 528])
0	0.0	0.3891058704615235	([908], [908, 907])
0	0.0	0.3891136210701992	([930], [930, 929])
0	0.0	0.389217088534369	([329], [329, 328])
0	0.0	0.38925301266769297	([599], [599, 598])
0	0.0	0.3892990032156446	([787], [787, 786])
0	0.0	0.3893930476603654	([937], [937, 936])
0	0.0	0.3895146552390886	([1131], [1131, 1130])
0	0.0	0.3895911545095032	([843], [843, 842])
0	0.0	0.38962526049655655	([87], [87, 86])
0	0.0	0.3896387178456964	([745], [745, 744])
0	0.0	0.38964870717967076	([1190], [1190, 1189])
0	0.0	0.38965148644869213	([457], [457, 456])
0	0.0	0.38975444313933194	([1117], [1117, 1116])
0	0.0	0.38990508006446195	([121], [121, 120])
0	0.0	0.3899454641998848	([309], [309, 308])
0	0.0	0.389951691741473	([817], [817, 816])
0	0.0	0.38996232612219034	([980], [980, 979])
0	0.0	0.3900479410282151	([1174], [1174, 1173])
0	0.0	0.39005333109974444	([154], [154, 153])
0	0.0	0.3900638755323333	([447], [447, 446])
0	0.0	0.39006527721700157	([948], [948, 947])
0	0.0	0.39014919440235224	([1100], [1100, 1099])
0	0.0	0.39023327922197126	([1081], [1081, 1080])
0	0.0	0.39032088139618426	([635], [635, 634])
0	0.0	0.39034922133204814	([935], [935, 934])
0	0.0	0.39041003252620055	([1182], [1182, 1181])
0	0.0	0.39043532445401774	([305], [305, 304])
0	0.0	0.39045974582171084	([478], [478, 477])
0	0.0	0.39048216505544625	([1085], [1085, 1084])
1	0.37477499542241133	0.3904857382598339	([1202, 1196], [1202, 1199, 1198])
0	0.0	0.39052117116351787	([1083], [1083, 1082])
0	0.0	0.3905309135017871	([963], [963, 962])
0	0.0	0.39061585970642076	([1152], [1152, 1151])
0	0.0	0.3906301415813796	([613], [613, 612])
0	0.0	0.3907548598045727	([786], [786, 785])
0	0.0	0.3907900871360653	([1033], [1033, 1032])
0	0.0	0.3908640209904492	([807], [807, 806])
0	0.0	0.3908824459906216	([936], [936, 935])
0	0.0	0.3909303219035399	([808], [808, 807])
0	0.0	0.39098239572887045	([1061], [1061, 1060])
0	0.0	0.3910897667579311	([266], [266, 265])
0	0.0	0.3912562390002744	([928], [928, 927])
0	0.0	0.39129200871627473	([655], [655, 653])
0	0.0	0.3914879508412632	([622], [622, 621])
0	0.0	0.3916660602632614	([651], [651, 650])
0	0.0	0.391732687081672	([688], [688, 687])
0	0.0	0.39188194145985156	([1047], [1047, 1046])
0	0.0	0.39192218739973184	([1172], [1172, 1171])
0	0.0	0.39201388976315577	([494], [494, 493])
0	0.0	0.39217630082160565	([91], [91, 90])
0	0.0	0.3921966186144388	([1102], [1102, 1101])
0	0.0	0.3922597026031047	([303], [303, 302])
0	0.0	0.3923164720710843	([1039], [1039, 1038])
0	0.0	0.392457292248391	([838], [838, 837])
0	0.0	0.39246667037268423	([952], [952, 951])
0	0.0	0.3924998396152197	([918], [918, 917])
0	0.0	0.39261432677653313	([1054], [1054, 1053])
0	0.0	0.3926214188433751	([1215], [1215, 1214])
0	0.0	0.39274933933030026	([867], [867, 866])
0	0.0	0.3928086746933108	([812], [812, 811])
0	0.0	0.39281591931139176	([665], [665, 664])
0	0.0	0.39286730996495334	([160], [160, 159])
0	0.0	0.3929094003676323	([982], [982, 981])
0	0.0	0.3929792797361357	([806], [806, 805])
0	0.0	0.3929870280836076	([199], [199, 198])
0	0.0	0.3930180068573474	([851], [851, 850])
0	0.0	0.3931223420961558	([480], [480, 479])
0	0.0	0.3931432459993568	([1014], [1014, 1013])
0	0.0	0.393171286881782	([695], [695, 694])
0	0.0	0.39330404628829396	([506], [506, 504])
0	0.0	0.3934345461361306	([133], [128, 127])
0	0.0	0.39345351431832937	([304], [304, 303])
0	0.0	0.3934870414715956	([1104], [1104, 1103])
0	0.0	0.39353446834438655	([433], [433, 432])
0	0.0	0.39363968513951136	([981], [981, 980])
0	0.0	0.3936490884572858	([500], [500, 499])
0	0.0	0.39371311958105415	([1091], [1091, 1090])
0	0.0	0.3937140938476083	([1175], [1175, 1174])
0	0.0	0.3937772857449928	([205], [205, 204])
0	0.0	0.39378189195984903	([270], [270, 269])
0	0.0	0.3939064360872762	([307], [307, 306])
0	0.0	0.3939664839202937	([826], [826, 825])
0	0.0	0.39399477236111663	([1132], [1132, 1131])
0	0.0	0.39424121066543494	([1090], [1090, 1089])
0	0.0	0.3942602599760258	([1038], [1038, 1037])
0	0.0	0.3944053455469374	([259], [259, 258])
0	0.0	0.39441822388555364	([198], [198, 197])
0	0.0	0.3944233393260352	([755], [755, 754])
0	0.0	0.394468400714242	([617], [617, 616])
0	0.0	0.3945037094276744	([931], [931, 930])
0	0.0	0.3946017304525821	([481], [481, 480])
0	0.0	0.3948343379793718	([906], [906, 905])
0	0.0	0.39494083878071745	([946], [946, 945])
0	0.0	0.39542709169833795	([79], [79, 78])
0	0.0	0.3954787689405085	([751], [751, 750])
0	0.0	0.395521472156477	([969], [969, 968])
0	0.0	0.3956172257352252	([1020], [1020, 1019])
0	0.0	0.3957588494698507	([67], [67, 66])
0	0.0	0.3957653832779864	([864], [864, 863])
0	0.0	0.39577194566921037	([871], [871, 870])
0	0.0	0.39577662298197996	([98], [98, 97])
0	0.0	0.39584114568494194	([74], [74, 73])
0	0.0	0.3960384400035607	([373], [373, 372])
0	0.0	0.3960470094161978	([531], [531, 530])
0	0.0	0.3960990119921021	([898], [898, 897])
0	0.0	0.3961047227478527	([479], [479, 478])
0	0.0	0.39611418560166944	([905], [905, 904])
0	0.0	0.3961748233470545	([147], [147, 146])
0	0.0	0.39620741209830124	([89], [89, 88])
0	0.0	0.3962122350147655	([633], [633, 632])
0	0.0	0.3962253538461142	([947], [947, 946])
0	0.0	0.3962555717888781	([664], [664, 663])
0	0.0	0.3962974785395736	([819], [819, 818])
0	0.0	0.39634567816404437	([1145], [1145, 1144])
0	0.0	0.3963882441365404	([146], [146, 145])
0	0.0	0.3964173393584768	([805], [805, 804])
0	0.0	0.3964177193508138	([781], [781, 780])
0	0.0	0.3966137969075365	([502], [502, 501])
0	0.0	0.3966316048631647	([416], [416, 415])
0	0.0	0.39682592535596256	([77], [77, 76])
0	0.0	0.39685419230214913	([80], [80, 79])
0	0.0	0.39704220339835006	([213], [213, 212])
1	0.3929215627433799	0.39707140691316645	([136, 133], [136, 135, 134])
0	0.0	0.39707604596590407	([740], [744, 738])
0	0.0	0.39708511971552873	([810], [810, 809])
0	0.0	0.3971027927061986	([1076], [1076, 1075])
0	0.0	0.3973271060707236	([1042], [1042, 1041])
0	0.0	0.3973834087836616	([75], [75, 74])
0	0.0	0.3974934932338548	([865], [865, 864])
0	0.0	0.39756184003487577	([996], [996, 995])
0	0.0	0.3975638070045925	([753], [753, 751])
0	0.0	0.3975789318342465	([950], [950, 949])
0	0.0	0.39771041824095105	([538], [538, 537])
0	0.0	0.39774433945668863	([308], [308, 307])
0	0.0	0.39789067160489044	([330], [330, 329])
0	0.0	0.3979025762814312	([518], [518, 512])
0	0.0	0.3979551384200864	([954], [954, 953])
0	0.0	0.3979555134172205	([811], [811, 810])
0	0.0	0.39801677754147763	([1017], [1017, 1016])
0	0.0	0.39805063361376664	([1103], [1103, 1102])
0	0.0	0.39807820050209386	([333], [333, 332])
0	0.0	0.3980797835540687	([911], [911, 910])
0	0.0	0.3981103500596311	([900], [900, 899])
0	0.0	0.3981171941908191	([699], [699, 698])
0	0.0	0.39813456895824884	([537], [537, 536])
0	0.0	0.39829078289784325	([827], [827, 826])
0	0.0	0.39831033383909725	([1204], [1204, 1203])
0	0.0	0.39834411493950084	([275], [275, 274])
0	0.0	0.39835547286288536	([913], [913, 912])
0	0.0	0.39844675597417484	([170], [170, 169])
0	0.0	0.3985474750929122	([977], [977, 976])
0	0.0	0.398551802403292	([1058], [1058, 1057])
0	0.0	0.3986179469064327	([385], [385, 384])
0	0.0	0.39863870881894464	([833], [833, 832])
0	0.0	0.39866508216345176	([967], [967, 966])
0	0.0	0.39874696735517723	([167], [167, 166])
0	0.0	0.39880494388429244	([1093], [1093, 1092])
0	0.0	0.39913582246058515	([899], [899, 898])
0	0.0	0.3992046567283835	([361], [361, 360])
0	0.0	0.3992365893163442	([958], [958, 957])
0	0.0	0.3993784883434388	([750], [750, 749])
0	0.0	0.3993822781115338	([640], [640, 639])
0	0.0	0.39939322550015666	([1095], [1095, 1094])
0	0.0	0.3994923825581263	([549], [549, 548])
0	0.0	0.3995669067599103	([788], [788, 787])
0	0.0	0.3995798114210554	([1034], [1034, 1033])
0	0.0	0.3996488904384584	([114], [114, 113])
0	0.0	0.399664460877209	([614], [614, 613])
0	0.0	0.39970388779541605	([248], [248, 247])
0	0.0	0.399739979819758	([1146], [1146, 1145])
0	0.0	0.399816474733778	([577], [577, 576])
0	0.0	0.39982980237422894	([659], [659, 658])
0	0.0	0.3998686590091881	([214], [214, 213])
0	0.0	0.399940729675654	([334], [334, 333])
0	0.0	0.40003526323848676	([694], [694, 693])
0	0.0	0.4001262860577779	([489], [489, 488])
0	0.0	0.4001654074998268	([1084], [1084, 1083])
0	0.0	0.4002706772693115	([926], [926, 925])
0	0.0	0.4002857845959986	([565], [565, 564])
0	0.0	0.400294471266806	([901], [901, 900])
0	0.0	0.4004314277500183	([719], [719, 718])
0	0.0	0.4004456569489054	([65], [65, 64])
0	0.0	0.4005550394684202	([927], [927, 926])
0	0.0	0.4006151769373994	([378], [378, 377])
0	0.0	0.4007227633190648	([488], [488, 487])
0	0.0	0.4007487634362588	([796], [796, 795])
0	0.0	0.40076039060710295	([824], [824, 823])
0	0.0	0.4008850684712833	([907], [907, 906])
0	0.0	0.4008944700110396	([892], [892, 891])
0	0.0	0.4009250821509461	([561], [561, 560])
0	0.0	0.40095158529258507	([660], [660, 659])
0	0.0	0.40102924148398567	([212], [212, 211])
0	0.0	0.4011192908642497	([774], [774, 773])
0	0.0	0.4011261506255494	([105], [105, 104])
0	0.0	0.4011321202083019	([301], [301, 300])
0	0.0	0.4011794273395691	([634], [634, 633])
0	0.0	0.40126730726446713	([424], [424, 423])
0	0.0	0.40136977661188905	([465], [465, 464])
0	0.0	0.40140510792332845	([818], [818, 817])
0	0.0	0.4014505988125999	([384], [384, 383])
0	0.0	0.4014645997962658	([712], [712, 711])
0	0.0	0.40163710343763304	([881], [881, 880])
0	0.0	0.4016921468694113	([1118], [1118, 1117])
0	0.0	0.4017549785416999	([509], [530, 529])
0	0.0	0.40181567537736285	([1094], [1094, 1093])
0	0.0	0.4018639009351566	([1105], [1105, 1104])
0	0.0	0.40189863864250425	([382], [382, 381])
0	0.0	0.4019307016542576	([778], [778, 777])
0	0.0	0.40194999833991246	([1098], [1098, 1097])
0	0.0	0.40207082428395097	([72], [72, 71])
0	0.0	0.40226922607364607	([847], [847, 846])
0	0.0	0.40250083969933814	([873], [873, 872])
0	0.0	0.4028285932976124	([564], [564, 563])
0	0.0	0.40293996477278377	([915], [915, 914])
0	0.0	0.40303349414939105	([697], [697, 696])
0	0.0	0.4030740915426691	([466], [466, 465])
0	0.0	0.40317609681879907	([71], [71, 70])
0	0.0	0.4031825205192227	([331], [331, 330])
0	0.0	0.403188961138815	([1075], [1075, 1074])
0	0.0	0.4032865539401058	([580], [580, 579])
0	0.0	0.40338873109119106	([878], [878, 877])
0	0.0	0.4034490637911418	([317], [317, 316])
0	0.0	0.4035021525190922	([964], [964, 963])
0	0.0	0.40357557936309635	([1037], [1037, 1036])
0	0.0	0.4035881307693429	([959], [959, 958])
0	0.0	0.403597241414773	([721], [721, 720])
0	0.0	0.4036323237487229	([1040], [1040, 1039])
0	0.0	0.4036587756561914	([1097], [1097, 1096])
0	0.0	0.4036608982791337	([886], [886, 885])
0	0.0	0.403702744434669	([163], [163, 162])
0	0.0	0.4037914799580191	([345], [345, 344])
0	0.0	0.4038020545566268	([1035], [1035, 1034])
0	0.0	0.4038255924519173	([953], [953, 952])
0	0.0	0.40401013609701597	([673], [671, 670])
0	0.0	0.4040670568775186	([1041], [1041, 1040])
0	0.0	0.4040859489296617	([477], [477, 476])
0	0.0	0.4041329606674722	([809], [809, 808])
0	0.0	0.40416525672489434	([943], [943, 942])
0	0.0	0.4042529880068388	([929], [929, 928])
0	0.0	0.40428245486132564	([848], [848, 847])
0	0.0	0.4045652743431271	([922], [922, 921])
0	0.0	0.4045656601953697	([859], [859, 858])
0	0.0	0.4045790827544284	([69], [69, 68])
0	0.0	0.40458553114580825	([717], [717, 716])
0	0.0	0.40462604566285937	([99], [99, 98])
0	0.0	0.4046649698951411	([179], [179, 178])
0	0.0	0.40488513450398367	([978], [978, 977])
0	0.0	0.40493233095347597	([885], [885, 884])
0	0.0	0.40511080223523505	([1072], [1072, 1071])
0	0.0	0.40516090621263	([882], [882, 881])
0	0.0	0.40538420893632776	([332], [332, 331])
0	0.0	0.40544752646704646	([110], [110, 109])
0	0.0	0.40584295207797166	([801], [801, 800])
0	0.0	0.40590857526913554	([653], [655, 654])
0	0.0	0.4059659680382645	([777], [777, 776])
0	0.0	0.40601273247859454	([541], [541, 540])
1	0.4045892849739957	0.40616442166030914	([739, 738], [744, 743, 739])
0	0.0	0.40617558614233035	([61], [61, 60])
0	0.0	0.40621262610556963	([434], [434, 433])
0	0.0	0.40621265607030366	([628], [628, 627])
0	0.0	0.40644322692469986	([889], [889, 888])
0	0.0	0.4064697951197153	([836], [836, 835])
0	0.0	0.40651973849778833	([418], [418, 417])
0	0.0	0.4065203836907734	([872], [872, 871])
0	0.0	0.4068432607442997	([312], [312, 311])
0	0.0	0.407122416274621	([253], [253, 252])
0	0.0	0.4071722720192165	([274], [274, 273])
0	0.0	0.40721899175140935	([102], [102, 101])
0	0.0	0.4072983051505958	([97], [97, 96])
0	0.0	0.40730206365343224	([1029], [1029, 1028])
0	0.0	0.4073175583132957	([73], [73, 72])
0	0.0	0.40740149106575074	([1060], [1060, 1059])
0	0.0	0.4074112140249711	([356], [356, 355])
0	0.0	0.40746366535611406	([932], [932, 931])
0	0.0	0.4075339644851772	([362], [362, 361])
0	0.0	0.40754255350605983	([228], [228, 227])
0	0.0	0.4076019863019538	([476], [476, 475])
0	0.0	0.4076329703105618	([236], [236, 235])
0	0.0	0.40764786620761034	([151], [151, 150])
0	0.0	0.4077022010646017	([852], [852, 851])
0	0.0	0.40772416312012066	([171], [171, 170])
0	0.0	0.4078174563517361	([149], [149, 148])
0	0.0	0.40781936330607965	([949], [949, 948])
0	0.0	0.4078294651260757	([70], [70, 69])
0	0.0	0.40790804314498197	([311], [311, 310])
0	0.0	0.4080505639090481	([804], [804, 803])
0	0.0	0.4082178566395388	([316], [316, 315])
0	0.0	0.4083845448390464	([132], [132, 131])
0	0.0	0.4085013946337692	([711], [711, 710])
0	0.0	0.40852574448632295	([780], [780, 779])
0	0.0	0.4086398537855584	([1071], [1071, 1070])
0	0.0	0.4086717914738487	([344], [344, 343])
0	0.0	0.4086725987894934	([440], [440, 439])
0	0.0	0.40876145729255575	([162], [162, 161])
0	0.0	0.4087660896025522	([117], [117, 116])
0	0.0	0.4087758507180763	([472], [472, 471])
0	0.0	0.4089309255306207	([475], [475, 474])
0	0.0	0.4089392679948573	([825], [825, 824])
0	0.0	0.408973539447227	([875], [875, 874])
0	0.0	0.4089888031171206	([159], [159, 157])
0	0.0	0.40899142186718646	([386], [386, 385])
0	0.0	0.40910470892393563	([443], [443, 442])
0	0.0	0.40921283323117896	([93], [93, 92])
0	0.0	0.40924328133719473	([172], [172, 171])
0	0.0	0.40938784536292877	([207], [207, 206])
0	0.0	0.4094134507190039	([598], [598, 597])
0	0.0	0.40953886399817824	([999], [999, 998])
0	0.0	0.4096969062073986	([335], [335, 334])
0	0.0	0.4097089667486179	([62], [62, 61])
0	0.0	0.40975714000292607	([710], [710, 709])
0	0.0	0.4098979820595653	([229], [229, 228])
0	0.0	0.40990679674319874	([1016], [1016, 1015])
0	0.0	0.4100028709914702	([692], [692, 691])
0	0.0	0.4100261771915756	([709], [709, 707])
0	0.0	0.41005224363815895	([715], [715, 714])
0	0.0	0.4102434145833446	([548], [548, 547])
0	0.0	0.41036802152585067	([610], [610, 609])
0	0.0	0.41048089386908465	([747], [747, 746])
0	0.0	0.410534478803195	([339], [339, 338])
0	0.0	0.4105686087467035	([375], [375, 374])
0	0.0	0.41059818807464443	([880], [880, 879])
0	0.0	0.4106967179172556	([857], [857, 856])
0	0.0	0.41075092017807735	([383], [383, 382])
0	0.0	0.41100864500063866	([66], [66, 65])
0	0.0	0.41110317052772166	([318], [318, 317])
0	0.0	0.41126675851038086	([380], [380, 379])
0	0.0	0.41141098410413074	([435], [435, 434])
0	0.0	0.41161046352201336	([302], [302, 301])
0	0.0	0.4116416253207767	([916], [916, 915])
0	0.0	0.41166062120636826	([148], [148, 147])
0	0.0	0.41169915447195565	([504], [504, 503])
0	0.0	0.41191091165021193	([491], [491, 490])
0	0.0	0.41194482838065993	([276], [276, 275])
0	0.0	0.4119705252518934	([716], [716, 715])
0	0.0	0.412276402378105	([271], [271, 270])
0	0.0	0.412431055887177	([388], [388, 387])
0	0.0	0.4124387006052657	([1000], [1000, 999])
0	0.0	0.41243911662998356	([377], [377, 376])
0	0.0	0.4124607308132012	([663], [663, 662])
0	0.0	0.412817574549083	([585], [581, 580])
0	0.0	0.4128370290553692	([1059], [1059, 1058])
0	0.0	0.412940562230688	([800], [800, 799])
0	0.0	0.4130550330762069	([60], [60, 58])
0	0.0	0.41310606515686427	([992], [992, 991])
0	0.0	0.41350010684288613	([597], [597, 596])
0	0.0	0.4136505681389494	([421], [421, 420])
0	0.0	0.4137296639609622	([417], [417, 416])
0	0.0	0.4137489620448377	([1030], [1030, 1028])
0	0.0	0.4139521355315748	([720], [720, 719])
0	0.0	0.4140152982582093	([746], [746, 745])
0	0.0	0.41416025585936944	([261], [261, 260])
0	0.0	0.414239325693094	([658], [658, 657])
0	0.0	0.41428158210442073	([197], [197, 196])
0	0.0	0.41437835097986103	([158], [158, 157])
0	0.0	0.41484102102412784	([215], [215, 214])
0	0.0	0.4148827361800325	([437], [437, 436])
0	0.0	0.41502838979613826	([879], [879, 878])
0	0.0	0.4151025148059819	([209], [209, 208])
0	0.0	0.41512736076206863	([888], [888, 887])
0	0.0	0.4151303842834942	([387], [387, 386])
0	0.0	0.41515721741059913	([338], [338, 337])
0	0.0	0.4151967155645843	([381], [381, 380])
0	0.0	0.4152048900562491	([92], [92, 91])
0	0.0	0.4156539949135242	([256], [256, 255])
0	0.0	0.415654077982576	([993], [993, 992])
0	0.0	0.41577170098984473	([193], [181, 180])
0	0.0	0.4158021964183049	([887], [887, 886])
0	0.0	0.41582147621139565	([265], [265, 264])
1	0.41110264896557647	0.41586094872995577	([845, 842], [845, 844, 842])
0	0.0	0.4159015847713227	([106], [106, 105])
0	0.0	0.41598382792213157	([376], [376, 375])
0	0.0	0.4160176802037935	([1170], [1170, 1169])
0	0.0	0.4161476928945435	([120], [120, 119])
0	0.0	0.4162565709254147	([107], [107, 106])
0	0.0	0.4164166939565005	([260], [260, 259])
0	0.0	0.41650832355801	([104], [104, 103])
0	0.0	0.41666138839055544	([368], [368, 367])
0	0.0	0.4167058024671968	([547], [547, 546])
0	0.0	0.4167871078615309	([803], [803, 802])
1	0.41646699513264873	0.41692115937510443	([598, 591], [598, 597, 596])
0	0.0	0.41695079070456226	([262], [262, 261])
0	0.0	0.4169798363367079	([249], [249, 248])
0	0.0	0.41717012875955706	([903], [903, 902])
0	0.0	0.41720669002734295	([419], [419, 418])
0	0.0	0.4175977488159482	([57], [60, 59])
0	0.0	0.4176664690910403	([995], [995, 994])
0	0.0	0.41768291644726335	([64], [64, 63])
0	0.0	0.4181510047668967	([379], [379, 378])
0	0.0	0.41840097606885246	([609], [609, 608])
0	0.0	0.41854228220841994	([363], [363, 362])
0	0.0	0.41870327003230795	([328], [328, 327])
0	0.0	0.41892264226280856	([96], [96, 95])
0	0.0	0.41899775088001423	([422], [422, 421])
0	0.0	0.41900069633885084	([920], [920, 919])
0	0.0	0.4190518362912009	([942], [942, 941])
0	0.0	0.41911401494169537	([714], [753, 752])
0	0.0	0.4192169584892898	([353], [353, 352])
0	0.0	0.4196367457822049	([269], [269, 268])
0	0.0	0.41980143338053694	([912], [912, 911])
0	0.0	0.4199061391294917	([264], [264, 263])
0	0.0	0.4201971207628464	([575], [575, 574])
0	0.0	0.42024200834380204	([313], [313, 312])
0	0.0	0.4203881160089668	([1116], [1116, 1115])
0	0.0	0.4206506676698137	([263], [263, 262])
0	0.0	0.42082990885839605	([473], [473, 472])
0	0.0	0.420954539361908	([257], [257, 256])
0	0.0	0.4211899870657324	([484], [484, 483])
0	0.0	0.4212310904258225	([112], [112, 111])
0	0.0	0.4212763617607879	([883], [883, 882])
0	0.0	0.42135520091498785	([994], [994, 993])
0	0.0	0.4216576906395056	([143], [143, 142])
0	0.0	0.42167859223786847	([1153], [1153, 1152])
0	0.0	0.4220286151163142	([858], [858, 857])
1	0.42051553995763374	0.4221206951809447	([180, 176], [180, 179, 176])
0	0.0	0.42216604891761933	([152], [152, 151])
0	0.0	0.42224612387956767	([890], [890, 889])
0	0.0	0.4223295654073145	([1055], [1055, 1054])
0	0.0	0.4224932389853226	([816], [816, 815])
0	0.0	0.4224966271315455	([327], [327, 326])
0	0.0	0.4225606637490839	([59], [57, 56])
0	0.0	0.4226287477762461	([258], [258, 257])
0	0.0	0.4226489619249576	([783], [783, 24])
0	0.0	0.4227110145707334	([1121], [1121, 1120])
0	0.0	0.42292739260724516	([662], [662, 661])
0	0.0	0.42295542947231324	([272], [272, 271])
0	0.0	0.4230259536084175	([895], [895, 894])
0	0.0	0.42358029230777033	([341], [341, 340])
0	0.0	0.42367176148472663	([464], [464, 463])
0	0.0	0.42406191084845063	([168], [168, 167])
0	0.0	0.42416968271488825	([1122], [1122, 1121])
0	0.0	0.4243112244296868	([357], [357, 356])
0	0.0	0.42432649722143284	([1057], [1057, 1056])
0	0.0	0.42439028134866597	([111], [111, 110])
0	0.0	0.4244172564337497	([469], [469, 468])
0	0.0	0.42451829420781984	([814], [814, 813])
0	0.0	0.42473402670865174	([795], [795, 794])
0	0.0	0.4247751967547782	([463], [463, 462])
0	0.0	0.42481983815646773	([277], [277, 276])
0	0.0	0.42485923663322445	([529], [520, 507])
0	0.0	0.4248775158805524	([893], [893, 892])
0	0.0	0.42497527865621626	([921], [921, 920])
0	0.0	0.4251395520538923	([365], [365, 364])
0	0.0	0.4252968462234293	([1205], [1205, 1204])
0	0.0	0.42582449429871033	([243], [244, 242])
1	0.38780241084408384	0.42594973544047393	([731, 730], [731, 730, 727])
0	0.0	0.4261458664590381	([1168], [1168, 1167])
0	0.0	0.42663631237022015	([884], [884, 883])
0	0.0	0.4266532364890717	([474], [474, 473])
0	0.0	0.42696344432409944	([254], [254, 253])
0	0.0	0.4270616929290827	([175], [175, 174])
0	0.0	0.42725317410478303	([987], [987, 986])
0	0.0	0.427256588272664	([441], [441, 440])
0	0.0	0.4273439938876877	([794], [794, 793])
1	0.4216057049689248	0.4274676121118438	([690, 682], [690, 688, 682])
0	0.0	0.4275735641731731	([557], [557, 556])
0	0.0	0.42761821428138264	([945], [945, 944])
0	0.0	0.4281721565003502	([536], [536, 535])
0	0.0	0.42853239632190326	([113], [113, 112])
0	0.0	0.42864572197156897	([782], [782, 781])
0	0.0	0.4287547668950096	([336], [336, 335])
0	0.0	0.42878028131686624	([791], [791, 790])
0	0.0	0.42885156208796477	([221], [221, 220])
0	0.0	0.4289788599784223	([108], [108, 107])
0	0.0	0.42939870641439387	([240], [240, 222])
0	0.0	0.42970691228514757	([668], [668, 667])
0	0.0	0.430415149089695	([245], [245, 244])
0	0.0	0.4304692326284868	([776], [776, 775])
0	0.0	0.4304747845630647	([938], [938, 937])
0	0.0	0.4304777344410089	([350], [350, 349])
0	0.0	0.4305979567825446	([1115], [1115, 1114])
0	0.0	0.4307258340294541	([390], [390, 389])
0	0.0	0.4307806735425911	([420], [420, 419])
0	0.0	0.430834829578073	([103], [103, 102])
0	0.0	0.4310741299842403	([869], [869, 868])
0	0.0	0.43120083459353864	([372], [372, 371])
0	0.0	0.43120968451350966	([442], [442, 441])
0	0.0	0.4312927424618711	([508], [508, 507])
1	0.4313954604527838	0.43148307977762435	([1141, 1138], [1141, 1140, 1139])
0	0.0	0.4321547600426512	([775], [775, 774])
0	0.0	0.43243205932004763	([645], [645, 644])
1	0.41286027873035963	0.43248868151417547	([519, 510], [520, 518, 512])
0	0.0	0.43285888464792993	([369], [369, 368])
0	0.0	0.4328592053702129	([505], [505, 504])
0	0.0	0.43291441069722375	([273], [273, 272])
0	0.0	0.4333227734031369	([944], [944, 943])
0	0.0	0.43342040126315656	([661], [661, 660])
0	0.0	0.43353749744644304	([815], [815, 814])
0	0.0	0.43366061271155243	([939], [939, 938])
0	0.0	0.43371147941457233	([320], [320, 319])
0	0.0	0.43451172693416507	([241], [241, 240])
0	0.0	0.4348337218965311	([314], [314, 40])
0	0.0	0.43484683320115786	([340], [340, 339])
1	0.4331417566429521	0.434918833221561	([1127, 1124], [1127, 1126, 1124])
0	0.0	0.43507469476027366	([1154], [1154, 1153])
0	0.0	0.43537548235994106	([351], [351, 350])
0	0.0	0.4356506810175346	([503], [503, 502])
0	0.0	0.43574067127114713	([891], [891, 890])
0	0.0	0.43576620379622816	([202], [202, 201])
0	0.0	0.4360245246651339	([1068], [1068, 1067])
0	0.0	0.4360590470396439	([894], [894, 893])
0	0.0	0.43624502874100995	([410], [410, 409])
0	0.0	0.43624789724102686	([326], [326, 323])
0	0.0	0.43648084292049927	([268], [268, 267])
0	0.0	0.43649579924642373	([95], [95, 94])
0	0.0	0.4365145637062744	([203], [203, 202])
0	0.0	0.4366154950383451	([588], [588, 587])
0	0.0	0.43668936027146865	([208], [208, 207])
0	0.0	0.43697672151842104	([109], [109, 108])
0	0.0	0.43722094386213656	([337], [337, 336])
0	0.0	0.4373847509775219	([370], [370, 369])
0	0.0	0.43782879447863937	([94], [94, 93])
0	0.0	0.4380856547623079	([371], [371, 370])
0	0.0	0.4382988777963926	([255], [255, 254])
0	0.0	0.43857849461967163	([354], [354, 353])
0	0.0	0.43883933508069717	([667], [667, 666])
0	0.0	0.4395701508792158	([868], [868, 867])
0	0.0	0.4398162533168262	([1067], [1067, 1066])
0	0.0	0.44000333909364386	([374], [374, 373])
0	0.0	0.4404555590089252	([319], [319, 318])
0	0.0	0.4406978521304091	([63], [63, 62])
0	0.0	0.4409520026432795	([439], [439, 438])
0	0.0	0.44120053887157445	([988], [988, 987])
1	0.43971691804397334	0.441277998663159	([575, 572], [575, 574, 573])
1	0.421963620463412	0.44134154488487193	([447, 444], [447, 446, 445])
0	0.0	0.4419540432767124	([169], [169, 168])
0	0.0	0.4419718459152524	([576], [576, 575])
0	0.0	0.4427092046634224	([1169], [1169, 1168])
0	0.0	0.4428266694528358	([225], [225, 224])
1	0.4404309456571689	0.44295545133734554	([983, 980], [983, 982, 981])
0	0.0	0.4431412668652693	([360], [360, 359])
0	0.0	0.4433198154649608	([355], [355, 354])
0	0.0	0.4435855200646589	([438], [438, 437])
0	0.0	0.44361348112747295	([792], [792, 791])
0	0.0	0.4445511348050076	([589], [589, 588])
0	0.0	0.4445548823242635	([877], [877, 876])
0	0.0	0.4450059409680436	([1120], [1120, 1119])
0	0.0	0.44501122151175426	([559], [559, 558])
1	0.434390941450209	0.445213093438594	([91, 77], [88, 80, 79])
0	0.0	0.44529175587487535	([101], [101, 100])
1	0.43131556040587427	0.445738191774436	([1162, 1155], [1161, 1159, 1155])
0	0.0	0.44575143077882806	([413], [413, 412])
0	0.0	0.4463707039208044	([558], [558, 557])
0	0.0	0.44657231137856473	([201], [201, 199])
0	0.0	0.44670432636526197	([174], [201, 200])
0	0.0	0.4470058185764803	([352], [352, 351])
0	0.0	0.44742892444366905	([793], [793, 792])
0	0.0	0.44745464846194927	([835], [835, 833])
0	0.0	0.4476003112910318	([644], [644, 643])
0	0.0	0.44766885800970574	([652], [652, 651])
0	0.0	0.44781407977159277	([219], [219, 218])
0	0.0	0.4480698185978436	([562], [562, 40])
0	0.0	0.4482750357436421	([1019], [1020, 1017])
0	0.0	0.44912840320785985	([1119], [1119, 1118])
0	0.0	0.4491724769092511	([415], [415, 414])
0	0.0	0.45022081432839717	([200], [174, 173])
0	0.0	0.45093466842028357	([1023], [1023, 1022])
0	0.0	0.452632140155146	([771], [771, 770])
0	0.0	0.454068143780164	([975], [975, 973])
0	0.0	0.4545072574653686	([482], [482, 481])
0	0.0	0.45525654374834595	([790], [790, 789])
0	0.0	0.45554903714945844	([220], [220, 219])
0	0.0	0.4566121420609111	([876], [876, 875])
0	0.0	0.4567027158920395	([772], [772, 39])
0	0.0	0.4567747881343194	([789], [789, 788])
0	0.0	0.45683847732259264	([974], [974, 973])
0	0.0	0.4573839124367656	([389], [389, 388])
1	0.44260000062331223	0.4574729859176911	([91, 72], [91, 76, 75])
0	0.0	0.4576233384155745	([654], [653, 652])
0	0.0	0.4576723173255666	([483], [483, 482])
0	0.0	0.457755386665653	([408], [408, 407])
0	0.0	0.4579301573660605	([358], [358, 357])
0	0.0	0.45793484374444643	([785], [785, 784])
0	0.0	0.45800449362019585	([48], [48, 47])
1	0.44735098209815677	0.45811031098199717	([848, 841], [848, 847, 845])
0	0.0	0.45825678044509616	([217], [217, 40])
1	0.45811858938396427	0.4587283485432283	([1134, 1131], [1134, 1133, 1131])
0	0.0	0.4589349031071291	([100], [100, 99])
0	0.0	0.4590931581238536	([956], [1019, 1018])
0	0.0	0.4595595544201599	([31], [31, 30])
0	0.0	0.4596304750054765	([10], [10, 3])
0	0.0	0.4597665337375537	([1024], [1024, 1023])
0	0.0	0.45982455783551685	([391], [391, 390])
1	0.4582398346628931	0.4605809584478164	([465, 462], [465, 464, 462])
0	0.0	0.461408396533983	([1018], [956, 954])
1	0.45691983812324943	0.4618168601284125	([589, 584], [589, 588, 587])
0	0.0	0.46196140028386884	([367], [367, 366])
0	0.0	0.4622467934971549	([657], [657, 656])
0	0.0	0.4628503744988819	([242], [243, 237])
0	0.0	0.4631058849872325	([656], [657, 655])
0	0.0	0.4635259277875662	([30], [30, 29])
0	0.0	0.4637677059003234	([222], [240, 210])
0	0.0	0.4641497438334568	([784], [974, 40])
0	0.0	0.46436863186352395	([56], [56, 55])
0	0.0	0.464442402426383	([471], [471, 470])
0	0.0	0.46463376984152616	([492], [492, 491])
1	0.44627352211017396	0.4648650467903	([142, 126], [142, 140, 127])
0	0.0	0.4649307210939812	([414], [414, 413])
0	0.0	0.46495058046839277	([47], [48, 46])
0	0.0	0.4654126930661392	([393], [393, 392])
0	0.0	0.4655311554602599	([211], [211, 210])
0	0.0	0.4656136699106872	([366], [366, 35])
0	0.0	0.46563630810187245	([35], [35, 13])
0	0.0	0.4656617245815853	([359], [359, 358])
0	0.0	0.465684386231033	([396], [396, 395])
0	0.0	0.4661921496790571	([224], [224, 223])
0	0.0	0.4663859499232819	([6], [6, 2])
0	0.0	0.46641977832450654	([752], [714, 712])
0	0.0	0.4664577699631004	([21], [21, 6])
0	0.0	0.46663991020741735	([773], [773, 772])
0	0.0	0.4667847567621353	([407], [408, 404])
0	0.0	0.46725814214773626	([55], [55, 51])
0	0.0	0.4673443926378072	([51], [51, 48])
0	0.0	0.4674468491947482	([50], [50, 47])
0	0.0	0.4674652952219804	([52], [52, 48])
0	0.0	0.4675204082275113	([40], [217, 216])
0	0.0	0.46802621957583884	([46], [55, 53])
1	0.46607615065297736	0.46812211335102943	([556, 549], [556, 553, 550])
0	0.0	0.46827404511386905	([411], [411, 410])
0	0.0	0.46867147662728076	([409], [409, 408])
0	0.0	0.46913541166647316	([210], [210, 209])
1	0.45382267931728465	0.46936425713129176	([303, 300], [303, 302, 300])
0	0.0	0.4695155615839063	([563], [563, 562])
0	0.0	0.4695612896190476	([13], [366, 365])
0	0.0	0.46960618814621335	([237], [237, 224])
0	0.0	0.46961807711681947	([20], [20, 17])
0	0.0	0.4697759459491396	([53], [48, 44])
0	0.0	0.47121059429643486	([470], [470, 469])
0	0.0	0.4721220891631228	([45], [45, 42])
0	0.0	0.47220553703631535	([412], [470, 35])
1	0.47062588505188585	0.47296684466858724	([53, 48], [55, 53, 52])
0	0.0	0.47317423639405004	([218], [218, 217])
0	0.0	0.4733823748785028	([173], [563, 561])
0	0.0	0.47343422849979405	([42], [42, 30])
0	0.0	0.47352616758164423	([44], [55, 54])
0	0.0	0.47352985691779254	([54], [44, 43])
0	0.0	0.4737071000734868	([1], [1, 0])
0	0.0	0.47399532263829974	([49], [49, 46])
0	0.0	0.47445039803623174	([223], [223, 222])
1	0.4549159379844237	0.4750889384437307	([459, 453], [459, 458, 453])
1	0.47418251153628194	0.47525985771594415	([52, 49], [52, 49, 46])
0	0.0	0.4753016913548065	([32], [32, 31])
0	0.0	0.4753248833938025	([405], [405, 394])
0	0.0	0.4755536685572563	([29], [45, 33])
1	0.4750561871978928	0.4760231244198922	([1183, 1178], [1183, 1182, 1178])
0	0.0	0.4768675718566743	([404], [404, 403])
1	0.469174586462572	0.47747913396704095	([55, 52], [55, 53, 51])
1	0.47062891780704147	0.47753724509103895	([51, 50], [51, 50, 48])
0	0.0	0.4775494187880468	([15], [15, 14])
0	0.0	0.47865671097890744	([406], [406, 9])
0	0.0	0.4788858509139279	([19], [19, 18])
0	0.0	0.4790786622311011	([33], [33, 19])
1	0.47911413492818855	0.47936722530747095	([45, 31], [45, 42, 31])
1	0.4711391478169156	0.47939456384973017	([55, 47], [55, 51, 48])
0	0.0	0.4795897246547708	([315], [1023, 39])
0	0.0	0.4798848243817073	([397], [397, 396])
0	0.0	0.479907980518369	([399], [399, 398])
0	0.0	0.4799684625976778	([14], [15, 11])
0	0.0	0.48019316461729	([400], [400, 398])
0	0.0	0.480613892399758	([12], [12, 11])
0	0.0	0.4806139717019757	([39], [202, 1])
0	0.0	0.480696012739364	([392], [392, 391])
1	0.4782161006931083	0.4812430911759525	([32, 29], [32, 31, 30])
0	0.0	0.4816654016103503	([238], [238, 236])
0	0.0	0.48175172183257325	([43], [100, 35])
0	0.0	0.4830708783946684	([402], [402, 401])
0	0.0	0.4830957392633139	([398], [400, 394])
0	0.0	0.4832160945855605	([401], [401, 397])
1	0.4792268198226009	0.4832943535764633	([45, 29], [45, 42, 29])
1	0.4671210529587908	0.48354875482717335	([419, 416], [419, 418, 417])
1	0.4744022303544412	0.4836833073105907	([51, 49], [52, 49, 44])
0	0.0	0.48393306058221164	([0], [43, 42])
0	0.0	0.48401167165123316	([16], [16, 15])
0	0.0	0.48416369586786606	([41], [41, 31])
0	0.0	0.4855746841013053	([403], [404, 402])
0	0.0	0.48586750626789776	([394], [394, 359])
0	0.0	0.48593484923584834	([18], [412, 411])
1	0.4770768545398575	0.4866298481775289	([753, 745], [753, 750, 749])
1	0.4804798822725276	0.4867658263338748	([46, 43], [49, 46, 43])
0	0.0	0.4874327425776564	([17], [20, 16])
0	0.0	0.4875390386673152	([395], [173, 2])
1	0.4690886607700411	0.487946478770678	([56, 50], [56, 55, 50])
1	0.48629667953553685	0.48911662839601044	([652, 648], [655, 653, 652])
0	0.0	0.48915889232895676	([9], [406, 404])
1	0.48619806037505614	0.48991601089605724	([44, 31], [44, 43, 42])
0	0.0	0.490061468873995	([2], [173, 16])
1	0.48904133096580504	0.49102306439548166	([399, 397], [401, 400, 397])
1	0.4880457898737406	0.49143558879458277	([41, 29], [42, 41, 31])
1	0.483215869747368	0.49218337579069277	([14, 12], [15, 14, 11])
0	0.0	0.49236555639300444	([24], [783, 782])
0	0.0	0.49293381073975173	([11], [784, 3])
1	0.49216994115042584	0.4957437979534014	([523, 504], [523, 518, 506])
1	0.4750203249692564	0.4961480289325676	([655, 648], [652, 651, 650])
1	0.4762655252551512	0.4965057564855582	([1022, 1014], [1020, 1017, 1016])
1	0.48706018731041345	0.4965204106839385	([43, 32], [47, 43, 32])
1	0.49508193524531746	0.49673170370752934	([469, 465], [469, 468, 465])
1	0.49562948278145397	0.4976188648112708	([1165, 1157], [1165, 1164, 1159])
1	0.49346034522149024	0.49784490489733174	([403, 398], [404, 403, 400])
1	0.48544342392973344	0.4990568602208	([50, 29], [43, 41, 32])
1	0.49860431210389317	0.5000661062229288	([1181, 1173], [1181, 1175, 1173])
1	0.49425545167577517	0.5006519863437211	([653, 646], [653, 652, 648])
1	0.49792598444214525	0.5007163076036141	([1128, 1121], [1128, 1125, 1122])
1	0.4766116888556172	0.5014994520486136	([33, 32], [47, 45, 33])
1	0.49907662516746165	0.5015096654188314	([697, 682], [697, 696, 682])
1	0.5015668343526262	0.5031526928967364	([1012, 1001], [1012, 1009, 1001])
1	0.4906310468343398	0.5032519378825154	([93, 69], [93, 74, 71])
1	0.49742114519520264	0.5032519378825154	([96, 71], [96, 93, 71])
1	0.4925491582969173	0.5038049674925048	([399, 392], [399, 398, 392])
1	0.5033189052056923	0.5040612314509492	([92, 67], [92, 73, 71])
1	0.4973243325334912	0.5047189373349247	([41, 0], [173, 2, 0])
1	0.5025999655391032	0.5056463822260286	([985, 977], [985, 984, 977])
1	0.4680269963035755	0.5064456548396989	([467, 461], [466, 465, 461])
1	0.4882654614865707	0.5067721053896832	([58, 54], [58, 56, 55])
1	0.5055203172434866	0.5075801898227604	([1077, 1071], [1077, 1074, 1071])
1	0.5050470870557973	0.5085398109960757	([1004, 993], [1004, 1003, 993])
1	0.5018434709807748	0.5088014751550458	([710, 698], [710, 709, 699])
1	0.49560285446029717	0.5089487423677603	([536, 529], [536, 535, 530])
1	0.4813399519135859	0.5096915946416014	([300, 288], [300, 299, 288])
1	0.5001198005156802	0.5103291428772543	([1173, 1167], [1173, 1171, 1169])
1	0.4572103244199125	0.5111081400388127	([972, 965], [972, 968, 966])
1	0.5087467119123136	0.51170925776839	([44, 15], [44, 41, 15])
1	0.499431741051107	0.5122311126902381	([30, 20], [42, 30, 17])
1	0.4630870982303133	0.512975116080809	([583, 578], [583, 581, 578])
1	0.5058079479674912	0.5137348183458657	([21, 20], [29, 21, 20])
1	0.5034433778781376	0.5137348183458657	([32, 21], [32, 29, 21])
1	0.5133240209697308	0.5155608509033909	([298, 287], [298, 293, 289])
1	0.506584503020296	0.5166664396223949	([405, 392], [405, 396, 395])
1	0.5041006568505171	0.5185648427567384	([1166, 1153], [1166, 1158, 1153])
1	0.5158208038291247	0.5202186195554777	([424, 416], [424, 422, 416])
1	0.514407673184603	0.5204048706589671	([1115, 1107], [1115, 1112, 1111])
1	0.5098818064537477	0.5227827221919948	([1063, 1057], [1063, 1061, 1057])
1	0.4960426849364039	0.5241611415514386	([29, 19], [29, 20, 18])
1	0.5097435011505678	0.5241611415514386	([43, 18], [43, 29, 18])
1	0.492643192032932	0.5241611415514386	([42, 17], [50, 29, 18])
1	0.5091792445740142	0.5244337421997615	([863, 848], [863, 856, 849])
1	0.5206915281823322	0.5252574383403235	([30, 2], [41, 30, 29])
1	0.5243522092642856	0.5275834223486127	([211, 205], [211, 208, 207])
1	0.5257617137223161	0.5280345707394029	([1003, 988], [1003, 993, 992])
1	0.5140499811915828	0.5282610287870609	([1072, 1064], [1072, 1069, 1067])
1	0.5227033798166192	0.5298537325201352	([968, 962], [968, 966, 962])
1	0.523511641418181	0.5301099993920139	([431, 424], [431, 430, 424])
1	0.5238974409820234	0.5311875072751931	([99, 72], [99, 95, 93])
1	0.49861991241914516	0.5319007441454846	([238, 225], [238, 235, 228])
1	0.5317514050969842	0.5319350539917123	([890, 882], [890, 887, 882])
1	0.5221589430595347	0.5321120800301651	([391, 385], [391, 390, 384])
1	0.5329757881488257	0.5330322602461395	([344, 336], [344, 340, 337])
1	0.49989994504658675	0.5331759188431794	([31, 19], [31, 29, 20])
1	0.48930521152288764	0.5331759188431794	([50, 31], [50, 31, 29])
1	0.5237520579391407	0.5334332813459014	([957, 951], [957, 954, 951])
1	0.4738966799813789	0.533593286624645	([987, 973], [987, 986, 975])
1	0.5247404034023562	0.5336371924789933	([1084, 1075], [1084, 1080, 1079])
1	0.5334544801744874	0.5336404093949473	([603, 592], [603, 601, 600])
1	0.5272416019222906	0.5338903725110893	([97, 68], [97, 93, 68])
1	0.5035815442511185	0.5345071792410923	([411, 406], [412, 411, 406])
1	0.5315797425088912	0.5348913121329333	([528, 503], [528, 525, 503])
1	0.5192051645239987	0.535800257100511	([423, 415], [423, 417, 415])
1	0.5352331326120071	0.536276925512809	([393, 372], [393, 376, 372])
1	0.535803823251713	0.5370182269582938	([401, 391], [401, 400, 391])
1	0.4991075454617312	0.537401099744354	([789, 3], [789, 785, 784])
1	0.5297737285187922	0.5376763845783586	([168, 152], [168, 162, 152])
1	0.5242983262141371	0.5385116899451755	([646, 638], [646, 644, 638])
1	0.5347322396106441	0.5387051548749477	([901, 891], [901, 899, 891])
1	0.5387266483837145	0.5390374138556971	([85, 64], [91, 82, 64])
1	0.5232123639282849	0.5392297691901874	([1076, 1068], [1076, 1074, 1068])
1	0.4960770030734783	0.5410878335084915	([644, 639], [645, 643, 636])
1	0.5364407018376902	0.5412260809667262	([716, 711], [716, 715, 711])
1	0.5401359059079427	0.5418880696715376	([1167, 1152], [1167, 1166, 1153])
1	0.489505704028098	0.5422773485189222	([402, 399], [402, 401, 400])
1	0.4901819982055135	0.5422773485189222	([404, 400], [403, 402, 400])
1	0.5247153522495817	0.5425642626103945	([913, 904], [913, 911, 904])
1	0.532446844247029	0.5434364357213701	([903, 895], [903, 900, 898])
1	0.5418887815535918	0.5435815667278272	([957, 948], [957, 952, 951])
1	0.5226355170937275	0.543897859897862	([1086, 1077], [1086, 1083, 1077])
1	0.5261708630203821	0.5441180237796089	([99, 62], [99, 72, 65])
1	0.544318643814047	0.5446701816162153	([882, 873], [882, 879, 873])
1	0.52657939297046	0.5460323155141021	([557, 548], [557, 556, 549])
1	0.5371595998660865	0.5461835623578197	([658, 650], [658, 657, 649])
1	0.5434053972484599	0.5462838089691221	([554, 542], [554, 550, 545])
1	0.469147864376627	0.5463316061914666	([1025, 1005], [1025, 1024, 1011])
1	0.5431354996330902	0.5463846836688273	([405, 383], [405, 390, 383])
1	0.5455141965601631	0.5464819499210196	([1013, 993], [1013, 1011, 1000])
1	0.5283248510097398	0.5467591603074125	([409, 401], [410, 409, 401])
1	0.5386083142768755	0.5467659422634837	([551, 544], [551, 550, 545])
1	0.4962827690302535	0.5474039820446093	([412, 9], [411, 409, 407])
1	0.5217583994006971	0.5476664940184874	([402, 395], [402, 399, 395])
1	0.5113154424260465	0.548141522508436	([990, 964], [988, 973, 965])
1	0.5168057863759861	0.5490013985818682	([32, 13], [32, 29, 14])
1	0.5387659257781621	0.5492067143301774	([394, 272], [394, 272, 270])
1	0.5231052232961502	0.5497861439443504	([1006, 964], [1005, 1003, 990])
1	0.5442155407154451	0.55036252286861	([390, 377], [390, 382, 381])
1	0.5466353714961089	0.5506937900020252	([1101, 1089], [1101, 1096, 1089])
1	0.5498470255184169	0.5507071740670172	([1026, 1008], [1026, 1025, 1008])
1	0.5382586801508504	0.5514381601100529	([817, 807], [817, 813, 807])
1	0.551368229960987	0.5523579613730256	([651, 642], [651, 648, 643])
1	0.5522024595493098	0.5523992169066657	([1027, 1013], [1027, 1024, 1019])
1	0.5250015894853817	0.5538153368868377	([794, 3], [794, 789, 788])
1	0.542940784474731	0.553884571975243	([932, 923], [932, 928, 926])
1	0.5386962635763052	0.5541503995702349	([917, 909], [917, 914, 909])
1	0.5447412866383446	0.5541678270782611	([370, 363], [370, 369, 363])
1	0.5328126587356758	0.5541973085574053	([408, 395], [408, 403, 402])
1	0.5547015275915022	0.5573721038067515	([1089, 1078], [1089, 1087, 1078])
1	0.5255236039308627	0.5578102376043278	([412, 403], [412, 408, 406])
1	0.549056426601365	0.5581599810882641	([969, 961], [969, 966, 962])
1	0.5441628369697036	0.558170723093317	([860, 837], [856, 849, 837])
1	0.5426901366045509	0.559268727635326	([859, 832], [859, 852, 832])
1	0.5552626816138002	0.5595545477939036	([1075, 1063], [1075, 1071, 1070])
1	0.5581772673639614	0.5602460197337171	([411, 396], [411, 409, 396])
1	0.5594074951082784	0.560786653484402	([311, 303], [311, 307, 306])
1	0.5227955731773491	0.561010477324659	([409, 9], [412, 409, 408])
1	0.5488936663484507	0.5612251984324482	([858, 838], [855, 854, 838])
1	0.5221137382695398	0.5613311849248488	([406, 392], [412, 393, 19])
1	0.5588608310291044	0.5615249274613182	([799, 784], [799, 792, 784])
1	0.537270869317926	0.561680326357568	([771, 754], [771, 770, 755])
1	0.5415854954301352	0.5619859543401116	([1132, 1121], [1132, 1130, 1120])
1	0.5439981598834098	0.5626920082672848	([169, 151], [169, 168, 151])
1	0.5361779812447508	0.5627561782337805	([852, 833], [852, 848, 847])
1	0.5293159392416171	0.5640838166464767	([1029, 39], [1029, 1024, 1023])
1	0.5640271940991789	0.5641379107867979	([1014, 998], [1014, 1013, 998])
1	0.5061415809028083	0.5643644201721443	([406, 401], [409, 406, 401])
1	0.557417936365817	0.5643942844420613	([958, 947], [958, 953, 948])
1	0.5623685919135889	0.5651366105606477	([867, 832], [867, 862, 859])
1	0.5606758517507969	0.5651821342290064	([1036, 1023], [1036, 1034, 1023])
1	0.5607797697682481	0.5653242943609875	([960, 949], [960, 956, 950])
1	0.4893156267299008	0.5662787809431796	([398, 396], [401, 396, 391])
1	0.519332905352375	0.5665623221983144	([394, 371], [394, 371, 365])
1	0.5653174335821034	0.5668421416515363	([1206, 1175], [1206, 1200, 1175])
1	0.5546879554552363	0.5677038511617291	([853, 836], [858, 853, 836])
1	0.5673547690452657	0.5681634881012517	([927, 913], [927, 920, 913])
1	0.5490412847786578	0.5681746870098636	([547, 238], [547, 540, 238])
1	0.5655283711089899	0.5682350432194467	([866, 831], [866, 831, 826])
1	0.5573229174777762	0.5684586414210316	([1152, 1132], [1152, 1145, 1143])
1	0.568427585058148	0.5684840353240338	([1060, 1044], [1060, 1051, 1049])
1	0.5654785608723476	0.56873108428012	([897, 879], [897, 888, 884])
1	0.5452598068109522	0.5689102713907279	([860, 824], [860, 837, 831])
1	0.5654381174358153	0.5689102713907279	([866, 826], [865, 860, 831])
1	0.5550470581931873	0.5690481987789483	([396, 374], [396, 392, 378])
1	0.5668772262830905	0.5691196353104236	([1094, 1081], [1094, 1089, 1084])
1	0.5579444189122374	0.569321272161633	([992, 238], [999, 993, 992])
1	0.5389477483966612	0.5698590124240455	([862, 827], [864, 837, 826])
1	0.5685981385123888	0.5698719456871629	([531, 505], [531, 523, 505])
1	0.5557634505579945	0.5701400542978413	([376, 364], [376, 370, 367])
1	0.5635426481460308	0.5706590152089909	([464, 442], [462, 454, 442])
1	0.5551808112369008	0.5706743649894469	([1064, 1052], [1064, 1062, 1052])
1	0.5706058880173556	0.5706971127171366	([261, 1], [261, 260, 1])
1	0.561540189704985	0.5707099007036243	([912, 404], [921, 916, 915])
1	0.5667082697481421	0.5708039496641709	([399, 368], [399, 368, 366])
1	0.5550586284680414	0.5708943268435004	([255, 238], [255, 253, 238])
1	0.5491253906008216	0.5709294776568066	([879, 404], [890, 884, 404])
1	0.5633801365382752	0.5709827695598796	([61, 41], [61, 55, 48])
1	0.5496400956520815	0.5711088279711709	([529, 500], [529, 528, 501])
1	0.5689467144977155	0.5713881308569966	([910, 896], [910, 905, 896])
1	0.540257621288474	0.5713903819177321	([567, 556], [567, 566, 557])
1	0.5588839085181178	0.5714035193598299	([920, 908], [920, 914, 909])
1	0.5615285288221348	0.5717532737743116	([405, 360], [405, 394, 365])
1	0.5546613529177611	0.5717797779086089	([407, 390], [407, 393, 392])
1	0.5298494963440565	0.5718733742694254	([373, 1], [392, 378, 1])
1	0.5666475314343625	0.5724107620553209	([709, 680], [700, 699, 680])
1	0.5637050961590419	0.5729079821984966	([433, 417], [433, 424, 415])
1	0.5666473064185346	0.5737601946675536	([532, 499], [532, 526, 499])
1	0.5736886127296922	0.5740894713887227	([952, 941], [952, 947, 944])
1	0.5078422289680976	0.5742315539041919	([18, 10], [18, 14, 13])
1	0.49591817249582604	0.5742315539041919	([17, 13], [20, 18, 13])
1	0.5556030005687833	0.5743172836278605	([208, 1], [218, 215, 1])
1	0.5476057915885558	0.5746511315392507	([348, 326], [347, 346, 326])
1	0.5584135684898923	0.5747247027965492	([903, 404], [903, 898, 404])
1	0.550014903034745	0.575645500562181	([951, 942], [951, 946, 942])
1	0.5628767131231328	0.5756595112304752	([536, 505], [536, 528, 505])
1	0.5597433019736658	0.5756632330565726	([396, 366], [396, 377, 374])
1	0.549132609746861	0.5756793450989544	([422, 404], [422, 415, 414])
1	0.5601511361835018	0.5757892004043288	([1210, 1181], [1210, 1205, 1181])
1	0.5603247687958796	0.5761841215790657	([376, 33], [393, 376, 19])
1	0.5732897289273365	0.576209191947599	([971, 959], [971, 963, 961])
1	0.5287931173131902	0.5763739161291643	([661, 394], [661, 657, 656])
1	0.5755203927805972	0.5764413597084568	([788, 404], [788, 782, 778])
1	0.5634961320420945	0.5764426189366989	([345, 328], [345, 335, 328])
1	0.5682595055963044	0.5765161864783019	([106, 1], [112, 107, 106])
1	0.5699257221577242	0.576543740746401	([993, 9], [1015, 1014, 9])
1	0.5288920926608182	0.5768912745277158	([347, 324], [345, 340, 326])
1	0.575271719548689	0.5772602453877703	([434, 414], [434, 422, 419])
1	0.570058841139662	0.5772602453877703	([435, 422], [435, 434, 422])
1	0.5514810437460745	0.5773549748177753	([413, 401], [413, 411, 410])
1	0.5476251093536956	0.577801601294417	([352, 238], [358, 353, 352])
1	0.5469816295615638	0.5779995785637441	([1129, 1118], [1129, 1121, 1120])
1	0.5653137532201967	0.5780051115806008	([393, 381], [393, 381, 380])
1	0.5732750587087554	0.5782213777064289	([421, 400], [421, 417, 403])
1	0.5499610395000811	0.5785214927181999	([1187, 1163], [1187, 1177, 1176])
1	0.5640861122823801	0.5788572565937625	([811, 790], [811, 807, 795])
1	0.57163901575641	0.5795118446032658	([73, 52], [73, 64, 52])
1	0.5701426716554996	0.5795449339193316	([493, 487], [493, 490, 487])
1	0.5082876821920793	0.5797054003669828	([393, 376], [393, 392, 378])
1	0.5131051488909196	0.579837020290037	([394, 365], [394, 365, 357])
1	0.5653420360225688	0.5800584626060862	([70, 16], [99, 70, 18])
1	0.5643592316746061	0.5800738832035747	([1033, 1014], [1033, 1024, 1023])
1	0.5789216817792295	0.5800997765254081	([398, 375], [398, 391, 375])
1	0.5780691082896653	0.5801332811885416	([824, 404], [867, 832, 404])
1	0.5226383829075365	0.5801997287922778	([542, 498], [542, 534, 532])
1	0.5769213826421293	0.5803558626148615	([320, 311], [322, 320, 313])
1	0.580214357374457	0.5806099209525318	([1095, 1075], [1095, 1086, 1075])
1	0.5772975808946538	0.5807942546045174	([404, 148], [404, 169, 151])
1	0.5664629349939403	0.5810281340615828	([1037, 1021], [1037, 1033, 1023])
1	0.5799089216567282	0.5811664624257085	([636, 616], [636, 633, 616])
1	0.5345994963882348	0.5811762404087735	([857, 394], [868, 860, 857])
1	0.5692511024302636	0.5812314764727918	([82, 50], [86, 66, 50])
1	0.5676619425482645	0.581248242325289	([1015, 996], [1015, 1012, 998])
1	0.563903817209243	0.5812986888009397	([809, 402], [809, 803, 402])
1	0.5758154724403342	0.5813770765662155	([1093, 404], [1093, 1083, 404])
1	0.5628898666866571	0.5816347430883861	([321, 312], [320, 319, 313])
1	0.573298331470355	0.5818385799950087	([402, 380], [396, 395, 377])
1	0.5686484928090532	0.5818781037826833	([1110, 1091], [1110, 1101, 1098])
1	0.5775591304567605	0.5819850002230387	([491, 480], [491, 488, 480])
1	0.5793674350589818	0.582185487069261	([350, 329], [350, 329, 327])
1	0.5609543002053141	0.5824293339185636	([814, 9], [814, 811, 9])
1	0.5485762099497772	0.5825383148750155	([847, 818], [857, 839, 831])
1	0.5727640444861699	0.5825793787999601	([792, 403], [797, 792, 403])
1	0.574104608354949	0.5826270031790678	([170, 150], [170, 169, 150])
1	0.5659585510412628	0.5826401878600396	([404, 95], [404, 402, 104])
1	0.572303150309037	0.5829801089697577	([404, 375], [404, 375, 372])
1	0.4908373026622075	0.5830649374743269	([405, 395], [395, 377, 373])
1	0.5544746019553909	0.5833807059309564	([398, 362], [398, 375, 372])
1	0.5541760031755196	0.5834490869469775	([1111, 1095], [1111, 1103, 1095])
1	0.5825920404103154	0.5834862475230356	([912, 895], [912, 909, 895])
1	0.49778882110612516	0.5835230910401485	([54, 18], [52, 51, 13])
1	0.5783191154043691	0.5836487164315458	([1102, 404], [1102, 1090, 404])
1	0.5711686296250927	0.5838132432871428	([1169, 1149], [1170, 1165, 1152])
1	0.5666032019844939	0.5838767933308633	([159, 143], [159, 151, 144])
1	0.5509675940881741	0.5839026146697466	([1172, 1147], [1172, 1168, 1147])
1	0.5789745331758835	0.5840488345134138	([851, 404], [864, 851, 849])
1	0.5736442431647821	0.5840728287607754	([446, 9], [446, 442, 9])
1	0.5806030390965009	0.5844479865163477	([312, 1], [315, 314, 1])
1	0.5667791586055931	0.584519986828352	([531, 496], [532, 531, 496])
1	0.5724710447652566	0.5846511989907993	([808, 787], [808, 800, 794])
1	0.5813809566721727	0.5846947755649828	([392, 369], [392, 372, 369])
1	0.5829967068780718	0.5850008030723995	([382, 9], [382, 374, 373])
1	0.5339183871475827	0.5851848303317966	([398, 332], [403, 398, 334])
1	0.5621898857752087	0.5851848303317966	([404, 344], [404, 403, 334])
1	0.5811193440921427	0.5857876045220047	([443, 433], [444, 443, 432])
1	0.532771923427174	0.5858853800942596	([392, 32], [396, 395, 392])
1	0.5754077600453026	0.5860400710347561	([1148, 1111], [1148, 1132, 1111])
1	0.5658944310496017	0.5861426743918108	([438, 404], [438, 434, 422])
1	0.5511386356861419	0.5862454648634492	([381, 33], [382, 376, 373])
1	0.5785074089579515	0.5862634461061463	([392, 361], [399, 392, 355])
1	0.5804672918829303	0.5866379926010369	([403, 382], [403, 397, 382])
1	0.5476343376887863	0.5867278564506907	([103, 9], [109, 108, 11])
1	0.5064507338930212	0.5868453270259507	([173, 43], [173, 32, 30])
1	0.5728270539952305	0.5868530604952037	([329, 317], [329, 327, 317])
1	0.5548561894279678	0.5868580916519088	([391, 368], [398, 391, 368])
1	0.548594209044078	0.5868580916519088	([399, 355], [399, 398, 368])
1	0.5730113353758483	0.5869756159036691	([1022, 1], [1040, 1036, 1020])
1	0.5325591145576171	0.5873349785545436	([220, 1], [208, 204, 1])
1	0.5763552679314438	0.5875348727393574	([406, 358], [406, 376, 371])
1	0.5848706282684536	0.5877628990280077	([936, 396], [941, 936, 934])
1	0.5635034183719482	0.58782789953481	([63, 50], [63, 61, 58])
1	0.5857255671587253	0.587890286124273	([564, 18], [564, 557, 50])
1	0.5869034479249619	0.5881403088546493	([331, 11], [343, 332, 11])
1	0.5808322939754361	0.5882192995382184	([791, 17], [800, 791, 42])
1	0.5792009548553412	0.5882384032984367	([1070, 1048], [1070, 1062, 1048])
1	0.5769012598452777	0.5883936235511866	([398, 96], [398, 109, 98])
1	0.5792980647646585	0.5884124971615712	([81, 44], [82, 51, 50])
1	0.5374047569693297	0.5885651252608612	([1178, 1155], [1177, 1175, 1159])
1	0.5865847404115186	0.5885896167626029	([109, 68], [109, 98, 68])
1	0.5737391483285679	0.5886909909593747	([112, 2], [107, 98, 2])
1	0.585778770441214	0.5887348874088073	([250, 232], [250, 242, 234])
1	0.5692772263813922	0.5887409438178309	([912, 399], [922, 921, 399])
1	0.5596255734682639	0.5887667194260058	([1192, 1162], [1192, 1178, 1162])
1	0.5808098716105845	0.5888996136665531	([1105, 9], [1105, 1094, 1091])
1	0.5711952701007204	0.5890531428419737	([399, 264], [399, 272, 264])
1	0.5534382388204561	0.5890531428419737	([404, 264], [404, 272, 264])
1	0.567449356952494	0.5892042494922379	([1090, 1064], [1090, 1078, 1064])
1	0.584729424038365	0.5894459469378013	([1037, 19], [1037, 1031, 173])
1	0.561240191141939	0.5896444929068045	([84, 49], [83, 82, 49])
1	0.5881633926925065	0.5900385659584765	([1021, 997], [1021, 1012, 997])
1	0.586289383527579	0.5900529017219786	([352, 330], [352, 345, 330])
1	0.5721875952596669	0.5904211582314969	([887, 20], [893, 889, 16])
1	0.5723770318506776	0.5904960254437791	([929, 904], [929, 925, 904])
1	0.5883850692328939	0.5909397306945529	([601, 574], [601, 581, 580])
1	0.5897349420588434	0.5910494186072683	([954, 937], [954, 946, 943])
1	0.5852024312397416	0.5912330486085629	([1104, 403], [1103, 1093, 402])
1	0.5861028146405134	0.5912757875308059	([885, 398], [885, 871, 399])
1	0.52948304484008	0.5912757875308059	([891, 399], [891, 885, 399])
1	0.5893444824228247	0.5913665822423277	([1118, 1086], [1118, 1107, 1086])
1	0.5455598337461169	0.5913872025093327	([995, 984], [996, 995, 984])
1	0.5697384448124971	0.591419666913027	([875, 9], [886, 878, 875])
1	0.5667489167668627	0.5914800760028002	([910, 886], [908, 899, 893])
1	0.5891025063461314	0.5915188339837525	([746, 719], [746, 745, 719])
1	0.5823807700891243	0.5916605282770122	([467, 429], [467, 449, 429])
1	0.5880527772430884	0.5916776601792129	([1171, 1144], [1171, 1153, 1150])
1	0.5799445480223226	0.591682360713133	([704, 679], [704, 697, 679])
1	0.5773625716415531	0.5916938993269437	([1221, 1173], [1210, 1208, 1174])
1	0.5862091363682423	0.5918193214832634	([937, 912], [937, 912, 399])
1	0.5846023411328952	0.5919006557097833	([403, 364], [403, 398, 362])
1	0.53136853213244	0.5919006557097833	([402, 358], [403, 402, 362])
1	0.5643525655361449	0.5919041814289907	([13, 0], [31, 20, 13])
1	0.5705264365088205	0.591956366724588	([218, 9], [218, 214, 9])
1	0.5696411309519418	0.5920266452523972	([146, 120], [146, 143, 120])
1	0.5749635405398437	0.5920728317903563	([867, 817], [867, 832, 826])
1	0.5791701789415107	0.59215211819029	([880, 20], [887, 880, 873])
1	0.590392480827902	0.5923878399529404	([1020, 984], [1020, 998, 996])
1	0.5921928264995564	0.5924197409732106	([202, 9], [211, 208, 9])
1	0.5568751488208897	0.5924488669098553	([406, 384], [406, 384, 376])
1	0.5549794472459131	0.5926310984492512	([373, 9], [406, 372, 365])
1	0.5142385154900017	0.5926310984492512	([393, 19], [406, 404, 372])
1	0.5709115708479977	0.5926347928068374	([302, 276], [302, 297, 277])
1	0.5836517806092744	0.592713499054878	([872, 16], [872, 869, 18])
1	0.5407014099439806	0.5928242111657408	([63, 53], [63, 57, 53])
1	0.5811941728902899	0.5928352548698894	([597, 573], [597, 580, 573])
1	0.5808176840280108	0.5928586253961152	([814, 403], [814, 809, 403])
1	0.5908289970518156	0.5930154740379434	([911, 17], [911, 907, 17])
1	0.5739169640113989	0.5932159023207436	([867, 404], [881, 869, 867])
1	0.5634857811693251	0.5934153436386015	([1111, 1084], [1111, 1095, 1094])
1	0.5928803684365991	0.5934189262750555	([831, 809], [831, 818, 817])
1	0.5671134848928057	0.5934467582797	([920, 398], [932, 928, 398])
1	0.5463129115974442	0.5934974629117772	([414, 42], [414, 42, 41])
1	0.5873050891122291	0.5937080512156491	([894, 865], [894, 880, 873])
1	0.52777286493524	0.5939613470632223	([414, 404], [423, 412, 403])
1	0.5623249266467545	0.5939613470632223	([417, 403], [423, 417, 403])
1	0.5834707688777738	0.5942552212644323	([339, 12], [339, 333, 12])
1	0.5793969496859831	0.5943031861435754	([937, 400], [937, 925, 399])
1	0.5863540058610769	0.5944003374335008	([916, 897], [916, 908, 901])
1	0.5903756792516756	0.5946030248055528	([398, 79], [398, 79, 74])
1	0.5849169357267042	0.5947705632601266	([69, 49], [82, 76, 49])
1	0.5518780988890636	0.5948598986232009	([62, 20], [62, 57, 20])
1	0.5919372281075513	0.5953391277606899	([808, 399], [808, 794, 399])
1	0.5819784952158418	0.5955468376529054	([887, 396], [893, 887, 396])
1	0.5862335235446373	0.595582630360698	([490, 392], [490, 477, 392])
1	0.5931005902216578	0.5955853182859726	([307, 1], [312, 307, 303])
1	0.5888424902644297	0.5955995107328688	([69, 31], [95, 69, 42])
1	0.5901951997030138	0.5956226070486	([857, 16], [872, 857, 856])
1	0.574752317646313	0.595926071873852	([241, 228], [245, 241, 223])
1	0.5708858104243041	0.5959758179080871	([1040, 1], [1054, 1042, 1040])
1	0.578992072305287	0.596168440714725	([1212, 1146], [1213, 1212, 1146])
1	0.5798522421347679	0.5963707119664224	([260, 9], [406, 268, 263])
1	0.5818403344070862	0.59646115580816	([476, 9], [491, 480, 9])
1	0.5771441738953622	0.5967864997067059	([141, 1], [141, 118, 117])
1	0.5869180111553177	0.5967945200300695	([359, 15], [373, 367, 16])
1	0.5775647242167673	0.5969695679263599	([529, 508], [529, 524, 508])
1	0.5919342832220268	0.5970148229350234	([178, 51], [178, 174, 44])
1	0.5798314638981732	0.5971019344999194	([404, 116], [404, 114, 104])
1	0.5790054950174495	0.5972585157771162	([1091, 1062], [1091, 1085, 1063])
1	0.5738780023845093	0.5974067791419404	([869, 18], [887, 871, 16])
1	0.5962956035098728	0.5974881526767787	([143, 53], [143, 120, 117])
1	0.5799154144971063	0.5976597799419953	([404, 206], [404, 219, 205])
1	0.5699987173806499	0.5977231279173849	([242, 234], [243, 242, 236])
1	0.5917591290678424	0.597880165961139	([145, 111], [144, 121, 117])
1	0.5973645526122712	0.5981371708228594	([79, 42], [79, 76, 42])
1	0.5907897995303092	0.5982734833525285	([470, 438], [470, 462, 442])
1	0.5973235290448331	0.5983353874741107	([730, 505], [738, 730, 727])
1	0.5877586131657685	0.5984509737785357	([1219, 1147], [1219, 1173, 1169])
1	0.5789627860604554	0.59847255847817	([1104, 17], [1094, 1093, 402])
1	0.5731375143296932	0.598475163704096	([911, 9], [911, 893, 17])
1	0.5964756565526385	0.5985040684964485	([1039, 1014], [1039, 1034, 1033])
1	0.5793212462291019	0.5985967820889865	([354, 17], [353, 330, 17])
1	0.5572642702723352	0.5987222439946167	([95, 42], [75, 69, 42])
1	0.5756764394065992	0.5987966042066475	([932, 908], [931, 908, 907])
1	0.5890385971034168	0.5988873391062979	([794, 16], [794, 789, 16])
1	0.5140268793117269	0.5990541060250836	([405, 403], [405, 403, 336])
1	0.5885703898230039	0.5991933384318051	([745, 718], [745, 733, 720])
1	0.5991754272960088	0.5992000547216767	([808, 17], [815, 806, 17])
1	0.5734553365114579	0.5993034797458524	([393, 356], [406, 393, 356])
1	0.5763713398806356	0.5993268442191884	([272, 9], [272, 260, 257])
1	0.5501960377531118	0.5993356361383342	([243, 238], [241, 240, 222])
1	0.5919652823524882	0.5993356361383342	([254, 222], [254, 241, 222])
1	0.48591993089059127	0.5994285373875006	([174, 0], [198, 195, 1])
1	0.5694152873034453	0.5994360396012068	([273, 1], [275, 271, 257])
1	0.5951424556220283	0.5994602516400337	([1139, 1116], [1139, 1130, 1129])
1	0.5233348153123085	0.5997101183225332	([923, 399], [907, 900, 399])
1	0.5980135181950766	0.599857468744531	([401, 149], [402, 401, 172])
1	0.5652024241809159	0.5999382143651824	([350, 16], [359, 356, 16])
1	0.5703866878815215	0.600042271393374	([1213, 1138], [1213, 1173, 1149])
1	0.5806677455794604	0.6000733616931132	([158, 1], [158, 156, 1])
1	0.575599843523369	0.6000873124781569	([441, 417], [441, 434, 433])
1	0.5783215148307848	0.6000873124781569	([444, 432], [443, 441, 433])
1	0.5612518023202108	0.6001530415209823	([836, 399], [871, 836, 832])
1	0.5959058645881099	0.6002605704871713	([1086, 1043], [1086, 1072, 1051])
1	0.5897580900025279	0.6003200632011095	([404, 385], [404, 385, 375])
1	0.5974832416194921	0.6004494726434078	([818, 399], [815, 808, 399])
1	0.5864743426909025	0.6006472803633729	([276, 255], [276, 275, 255])
1	0.5745787280198823	0.6007065416120786	([172, 149], [172, 169, 149])
1	0.5954515463781012	0.600725212511376	([817, 407], [817, 809, 393])
1	0.55277318045794	0.6007506845052649	([151, 1], [171, 168, 151])
1	0.5832699583880255	0.600838657729813	([379, 44], [391, 379, 44])
1	0.5158277343151542	0.600838657729813	([392, 44], [392, 391, 44])
1	0.5878073971113131	0.6008782080322315	([711, 404], [711, 695, 692])
1	0.5751110016476453	0.6009885693619109	([340, 9], [353, 339, 338])
1	0.5990455436529462	0.6010091018004105	([142, 59], [142, 118, 59])
1	0.6006034321396556	0.6010374007102537	([1116, 399], [1116, 1106, 399])
1	0.5371529821611677	0.6010484349862117	([483, 238], [492, 488, 483])
1	0.5539225940330931	0.6013966309793355	([437, 238], [437, 414, 404])
1	0.5544615778072204	0.6013966309793355	([437, 412], [437, 414, 412])
1	0.5716222803379519	0.6015467734102133	([800, 42], [781, 780, 17])
1	0.5796424837279753	0.6015607793762516	([969, 33], [985, 971, 969])
1	0.5971504325241702	0.6015900766064953	([1017, 987], [1017, 998, 986])
1	0.5857485416155022	0.6017829099618126	([383, 16], [383, 373, 370])
1	0.5825745200723182	0.6017969547244744	([788, 399], [837, 833, 399])
1	0.5853502959262467	0.6018099149515375	([915, 396], [915, 909, 396])
1	0.5929508214295709	0.6022202787782366	([1041, 16], [1055, 1047, 1041])
1	0.5567746776995982	0.602226619672198	([932, 398], [937, 932, 925])
1	0.5987638461900588	0.6022427831663865	([759, 737], [759, 756, 737])
1	0.5454080957480547	0.6022932725182206	([257, 1], [257, 255, 254])
1	0.6018193310985938	0.6023338229173999	([911, 397], [923, 911, 397])
1	0.5937083775332358	0.6023338229173999	([919, 397], [923, 919, 397])
1	0.5705424806501073	0.6023338229173999	([929, 403], [929, 923, 397])
1	0.598003692273272	0.6023477584664062	([1063, 1039], [1063, 1051, 1047])
1	0.5681835624185424	0.6024094780864584	([402, 217], [404, 264, 216])
1	0.6022881860301419	0.6024485082070665	([314, 9], [319, 314, 9])
1	0.5595170171228685	0.6024996922583834	([941, 396], [936, 904, 399])
1	0.5737901603374422	0.6025228084684973	([894, 1], [894, 887, 873])
1	0.5903620011507472	0.6025985938181028	([660, 642], [661, 660, 642])
1	0.6011837103366336	0.6026239655820804	([255, 220], [255, 238, 225])
1	0.5762955641909355	0.6027515776886129	([55, 12], [55, 29, 14])
1	0.5943055817834033	0.6027564734995473	([383, 41], [395, 383, 373])
1	0.579907652343197	0.6027777473079481	([343, 11], [333, 330, 42])
1	0.527966949336417	0.6028399786708669	([395, 41], [402, 395, 14])
1	0.5943137259638435	0.602918183075671	([829, 42], [830, 825, 42])
1	0.597357200350407	0.6030372853230527	([218, 54], [218, 213, 18])
1	0.5530691917264381	0.6030592419519604	([368, 238], [368, 358, 354])
1	0.5919082571588189	0.603073685494133	([406, 329], [406, 352, 330])
1	0.6006859881586386	0.603119741253865	([1033, 16], [1041, 1039, 16])
1	0.5999893888119551	0.6031307798019522	([1097, 19], [1117, 1102, 19])
1	0.5987799216534149	0.6035570166924499	([257, 214], [257, 256, 214])
1	0.5934665738029733	0.60369710632987	([408, 379], [408, 395, 379])
1	0.5829791459385384	0.6037374132699028	([917, 405], [917, 909, 405])
1	0.5886672618185851	0.6037657208263201	([486, 460], [486, 484, 467])
1	0.5942602257994594	0.6038461774736412	([256, 221], [257, 214, 208])
1	0.586826237424984	0.6038733929386285	([238, 188], [238, 188, 179])
1	0.5591275365676052	0.6038738422454095	([335, 17], [402, 336, 17])
1	0.5594644964146889	0.6038975860404204	([858, 33], [874, 858, 852])
1	0.5851096417441557	0.6040157805268321	([948, 404], [980, 969, 962])
1	0.5810751209597572	0.604041859933551	([1211, 1168], [1211, 1208, 1173])
1	0.5896676730359846	0.6041012485708916	([930, 888], [930, 906, 903])
1	0.5799983182002606	0.6042502834672564	([1110, 1081], [1110, 1103, 1081])
1	0.5660830136202057	0.6043244165594495	([96, 19], [99, 96, 19])
1	0.5908643518704437	0.6043777100088323	([1057, 399], [1079, 1076, 399])
1	0.5745768731573828	0.6043859160404863	([406, 268], [406, 392, 263])
1	0.5818745761989557	0.6044287580352333	([882, 402], [884, 882, 402])
1	0.603091327798189	0.6044772835277369	([873, 821], [879, 873, 828])
1	0.5553778611858291	0.6044808733679357	([815, 16], [815, 794, 399])
1	0.5936530159847533	0.6045168489435925	([868, 816], [868, 831, 818])
1	0.5763566106098436	0.6045168489435925	([878, 825], [878, 868, 818])
1	0.6027899251342994	0.604706735531753	([746, 710], [746, 719, 710])
1	0.5994642214984628	0.6049160899109479	([270, 215], [270, 261, 215])
1	0.5993315688616685	0.6050087322188009	([884, 856], [884, 873, 869])
1	0.5838108322256096	0.6050173194789096	([815, 17], [806, 402, 399])
1	0.5292519026749761	0.6050173194789096	([797, 402], [806, 793, 402])
1	0.589799286502413	0.6053187480084502	([1088, 907], [1094, 1088, 17])
1	0.5775316731465546	0.605359832439238	([966, 50], [992, 972, 966])
1	0.5748215008168905	0.605403350929076	([196, 173], [196, 177, 176])
1	0.5786699342919153	0.6054505664877788	([1094, 9], [1118, 1105, 1102])
1	0.600723549759902	0.6054691675268027	([404, 307], [404, 307, 276])
1	0.6031887680925445	0.6056175789277357	([404, 141], [404, 141, 119])
1	0.5977544199084724	0.6056911875289407	([358, 337], [358, 350, 337])
1	0.6013198914630654	0.6057280245591581	([866, 403], [866, 838, 824])
1	0.6008795395470533	0.6058457796328982	([390, 12], [390, 384, 11])
1	0.5892389008929643	0.6058457796328982	([384, 11], [409, 390, 11])
1	0.5713253876578228	0.606028840100359	([439, 396], [435, 417, 413])
1	0.6006707591781968	0.6060541342236948	([612, 580], [612, 602, 601])
1	0.5935143506300277	0.6061213457888157	([641, 613], [640, 633, 613])
1	0.5404874300252765	0.6061827426635475	([414, 2], [414, 402, 395])
1	0.5972649482594644	0.6062763319340683	([402, 213], [402, 217, 213])
1	0.591162513416053	0.6063145049195989	([888, 21], [893, 888, 21])
1	0.6008339232850982	0.6063145049195989	([906, 21], [898, 893, 21])
1	0.5986589966537369	0.6064183299258985	([884, 822], [884, 866, 856])
1	0.5612126807893957	0.6065836981618548	([921, 404], [912, 900, 404])
1	0.5215375573454578	0.6068206289025793	([402, 336], [406, 401, 329])
1	0.594530029112846	0.606843742298643	([833, 11], [875, 833, 399])
1	0.6046658697040094	0.6069172351328231	([1138, 1108], [1138, 1131, 1108])
1	0.599737672136284	0.6069757475169562	([1132, 1102], [1132, 1117, 1111])
1	0.5968655251307627	0.6070927866005307	([798, 407], [800, 798, 407])
1	0.5904075955565019	0.6070951247715869	([864, 398], [864, 820, 816])
1	0.5978385108514909	0.6071101310594549	([304, 274], [304, 297, 276])
1	0.599592108208072	0.6071212526714819	([1045, 399], [1057, 1053, 399])
1	0.5451609538196428	0.6072177965640868	([373, 16], [384, 364, 361])
1	0.5501542850562594	0.6072601677070707	([392, 335], [392, 335, 332])
1	0.5263611501486648	0.6072601677070707	([319, 1], [398, 392, 332])
1	0.6067111009931071	0.6072687276354113	([800, 405], [800, 786, 405])
1	0.5852866233644367	0.6072687276354113	([800, 780], [800, 786, 780])
1	0.6056255051274009	0.6074188106504954	([423, 10], [423, 420, 18])
1	0.5994258394336563	0.607423188477936	([1083, 405], [1083, 406, 405])
1	0.6061699771897089	0.607423188477936	([1061, 406], [1083, 1061, 406])
1	0.6026786795923725	0.607460191639066	([415, 407], [415, 412, 407])
1	0.5940020374125347	0.6074853873545001	([690, 665], [690, 679, 668])
1	0.557328709565738	0.6076283692969379	([775, 17], [806, 791, 788])
1	0.605399437620852	0.6076646841560265	([939, 402], [939, 931, 402])
1	0.5545521061795784	0.6076974668699419	([147, 9], [146, 115, 112])
1	0.5962030070166332	0.6076974668699419	([149, 115], [149, 146, 115])
1	0.5973055197674875	0.6077025123815665	([495, 486], [495, 494, 486])
1	0.6024420070166782	0.6077470694377246	([1158, 50], [1185, 1164, 50])
1	0.5966131279456881	0.6078510561397723	([880, 814], [884, 880, 814])
1	0.5596723320687058	0.6079442818984885	([838, 403], [867, 838, 403])
1	0.5828552565557692	0.6079447337376356	([1082, 396], [1083, 1082, 396])
1	0.5696189595356409	0.6080247125383554	([931, 9], [931, 930, 9])
1	0.5912438397302304	0.6080247125383554	([1071, 930], [1071, 930, 9])
1	0.6067752851544058	0.6080247125383554	([1094, 930], [1094, 930, 9])
1	0.6064512905820978	0.6080524440635867	([686, 667], [686, 678, 667])
1	0.5554588389443708	0.608092009150697	([238, 208], [238, 212, 201])
1	0.512662035266748	0.6080999774057008	([14, 2], [30, 15, 14])
1	0.4968367381592319	0.6080999774057008	([41, 11], [30, 29, 14])
1	0.5738667323124789	0.6081065144398472	([915, 1], [915, 908, 899])
1	0.6026481047649082	0.6082700872028647	([813, 15], [808, 807, 16])
1	0.5852756129911806	0.608383662180583	([922, 889], [922, 904, 889])
1	0.5958189488738367	0.6084207914812471	([801, 20], [801, 792, 787])
1	0.5325128272420606	0.6084871168667336	([463, 394], [473, 469, 463])
1	0.5532589057139815	0.6085150825222987	([94, 17], [78, 65, 17])
1	0.5696351087447399	0.6085432447314532	([1155, 1124], [1156, 1153, 1126])
1	0.5906810654096855	0.6087691622562071	([1220, 1143], [1220, 1218, 1150])
1	0.5958860469438683	0.6088167504618014	([891, 401], [911, 902, 397])
1	0.5844747010458755	0.6089417169466897	([971, 949], [971, 960, 959])
1	0.5927863102645682	0.609010391157791	([1116, 1080], [1112, 1106, 1080])
1	0.5883365846733827	0.6091660777400629	([750, 1], [773, 750, 746])
1	0.5753673308148606	0.6092976606605395	([1218, 1150], [1221, 1218, 1150])
1	0.5644366841237204	0.6093373514281952	([69, 2], [406, 104, 98])
1	0.5809485741278005	0.6094613223704061	([877, 49], [872, 49, 19])
1	0.5436031260529204	0.6094613223704061	([868, 33], [874, 872, 19])
1	0.5793373104974955	0.6095662321159749	([65, 11], [65, 42, 17])
1	0.6070036478810407	0.6096641402505357	([1013, 971], [1013, 992, 987])
1	0.5483762526833477	0.6096696633153486	([30, 1], [30, 2, 0])
1	0.605377185963843	0.6097522415971073	([1217, 1170], [1217, 1210, 1170])
1	0.5710727352813529	0.6097792312978401	([1071, 9], [1098, 1094, 9])
1	0.5932712142483696	0.6098538210769533	([867, 17], [867, 858, 826])
1	0.5981325724260779	0.6098918047360238	([788, 396], [788, 411, 407])
1	0.5755469595266907	0.6099554829989382	([491, 401], [491, 480, 472])
1	0.6039601104409795	0.6100493078953996	([393, 328], [406, 393, 329])
1	0.5641389059387298	0.6100566482105644	([79, 9], [109, 69, 16])
1	0.5436935400878977	0.6100566482105644	([103, 16], [109, 69, 68])
1	0.5958021913789836	0.6100762615029296	([374, 42], [383, 374, 42])
1	0.5789779318682451	0.6101881285421195	([375, 12], [376, 364, 357])
1	0.5806194099905203	0.6103090616755324	([835, 402], [828, 821, 402])
1	0.5887969627977018	0.6105530470711934	([117, 100], [117, 111, 110])
1	0.5719537720252519	0.6105597395592007	([800, 404], [798, 784, 779])
1	0.6019352025377801	0.6108654443881304	([875, 401], [875, 815, 401])
1	0.6035210889200361	0.6108654443881304	([883, 815], [883, 875, 815])
1	0.5689506634889828	0.6108758506283485	([268, 14], [268, 260, 14])
1	0.55849255042152	0.6108786836442855	([893, 9], [886, 880, 814])
1	0.6106440943628624	0.6109416411562505	([879, 809], [879, 828, 818])
1	0.6062731591269274	0.6110441478394776	([631, 601], [631, 616, 601])
1	0.5941400059265537	0.6111625925709347	([970, 943], [970, 958, 957])
1	0.5528165466247859	0.6111782272485203	([399, 337], [399, 392, 332])
1	0.6005598414386695	0.6111956629569908	([1066, 396], [1082, 1066, 1057])
1	0.6034489424541116	0.6112304575853638	([641, 9], [635, 616, 614])
1	0.5413683218577704	0.6112606768433847	([894, 404], [898, 891, 401])
1	0.6024076407602663	0.6113274300518045	([1197, 1159], [1197, 1182, 1159])
1	0.5696440593653237	0.6114375717407557	([399, 272], [395, 392, 267])
1	0.5294233129398829	0.6114529269471535	([473, 394], [463, 442, 438])
1	0.5870074438161337	0.6114744874560986	([809, 393], [809, 798, 407])
1	0.5838064637131105	0.6115519384909619	([666, 402], [666, 659, 657])
1	0.6031996665308254	0.6115651503952675	([1141, 1110], [1141, 1137, 1110])
1	0.6019456693471155	0.6118395629305678	([1145, 1112], [1145, 1131, 1119])
1	0.5957569279018764	0.6119025992972001	([750, 9], [750, 745, 717])
1	0.5485880332056984	0.6119663032285868	([160, 142], [160, 152, 117])
1	0.6108999721008824	0.6119991771152691	([277, 256], [277, 275, 274])
1	0.5813050822995237	0.6120030592270936	([796, 397], [796, 789, 397])
1	0.5999182682451563	0.6120123459456586	([195, 17], [195, 174, 17])
1	0.5968209465193546	0.6121605985946217	([871, 42], [871, 862, 832])
1	0.5695565110294898	0.6121964599642363	([944, 398], [944, 941, 932])
1	0.6119647164789237	0.612227971590119	([580, 560], [580, 567, 566])
1	0.5451311704898654	0.612270880950815	([63, 33], [63, 55, 50])
1	0.5966167059009044	0.612285850059635	([436, 392], [436, 416, 410])
1	0.6033827675089926	0.612377571884595	([1105, 1047], [1105, 1082, 1057])
1	0.588507608310353	0.6124772001677514	([209, 0], [209, 205, 0])
1	0.5919589047526417	0.6125576537891745	([433, 9], [442, 433, 431])
1	0.6000660509974991	0.6126203200232004	([476, 420], [476, 471, 18])
1	0.5112029238472884	0.6126273128544452	([369, 3], [369, 358, 354])
1	0.6105727410300187	0.6126554233411959	([731, 707], [731, 723, 707])
1	0.6076078683930065	0.6127085590780219	([826, 19], [858, 818, 19])
1	0.5927854460983253	0.6127468239127759	([561, 396], [561, 491, 401])
1	0.6012489905507108	0.6127468239127759	([559, 491], [561, 559, 491])
1	0.5400885208377644	0.6128045657548425	([529, 238], [548, 540, 493])
1	0.6009853659295722	0.6128416983795035	([432, 1], [450, 443, 432])
1	0.6063968778603139	0.6128988181995532	([933, 893], [933, 925, 902])
1	0.6074458835232338	0.6132067549285222	([402, 266], [408, 394, 270])
1	0.5671143767023715	0.6132067549285222	([398, 261], [408, 406, 270])
1	0.6116589820248708	0.6132067549285222	([410, 270], [410, 408, 270])
1	0.5992300849334997	0.6132492909542583	([934, 401], [937, 934, 400])
1	0.5965415151350522	0.6132928883966939	([88, 32], [88, 65, 32])
1	0.5843062378860078	0.6135031015731053	([473, 16], [475, 473, 16])
1	0.6032792732988717	0.6135157756712127	([112, 17], [148, 146, 42])
1	0.5354032110585072	0.6135302418803105	([391, 2], [407, 391, 356])
1	0.5982380953439908	0.6135517728671569	([258, 218], [262, 257, 208])
1	0.5692721242370947	0.6136339474466035	([411, 360], [411, 355, 16])
1	0.6060915494988862	0.6136379436525599	([775, 403], [775, 773, 403])
1	0.5882653307020135	0.6137350952375682	([782, 393], [782, 412, 393])
1	0.5882860654978185	0.6137368912600627	([884, 392], [888, 884, 392])
1	0.5819775910914926	0.6137370616596801	([205, 173], [205, 197, 0])
1	0.5952138393681148	0.6137537998541716	([395, 330], [395, 393, 328])
1	0.48052792857392773	0.6138660008212266	([240, 236], [241, 240, 236])
1	0.587647752372149	0.6139253590151961	([920, 14], [920, 405, 394])
1	0.557782485371807	0.6139253590151961	([893, 396], [920, 909, 405])
1	0.5421219595216367	0.6139535611538639	([254, 1], [256, 255, 220])
1	0.5726841043950903	0.614126233138718	([485, 468], [483, 474, 469])
1	0.5440608888956311	0.6141893852709541	([920, 394], [935, 933, 893])
1	0.55689813553082	0.6143858049510701	([779, 406], [809, 799, 393])
1	0.5927811821631769	0.614497310418872	([826, 795], [826, 816, 815])
1	0.5612131073783841	0.6147598470567351	([399, 111], [399, 111, 105])
1	0.5937222320700511	0.6147619513233814	([937, 17], [937, 923, 399])
1	0.6147530361706015	0.6147732215322056	([93, 51], [93, 76, 51])
1	0.5931177003044547	0.6148266849695392	([464, 404], [471, 464, 463])
1	0.5837860517588397	0.6148622270955413	([1043, 1017], [1043, 1042, 1017])
1	0.6027062205707923	0.6149357541304753	([1157, 1128], [1157, 1153, 1128])
1	0.5857551467306552	0.6150388543252656	([1094, 398], [1106, 1102, 398])
1	0.6090395017877553	0.615053432525676	([959, 399], [959, 950, 399])
1	0.6013401182512664	0.6150860232129418	([396, 147], [396, 170, 147])
1	0.5879396585562237	0.6151113042488034	([664, 1], [697, 691, 664])
1	0.6099685803237207	0.6151113042488034	([711, 664], [711, 697, 664])
1	0.6140706338626939	0.6151673735896988	([118, 49], [132, 129, 49])
1	0.6069019001048875	0.6151885540984348	([316, 273], [316, 315, 273])
1	0.597231808467963	0.6152139299919182	([120, 18], [120, 111, 18])
1	0.6068965515695779	0.6152329686029544	([732, 50], [746, 737, 50])
1	0.6000589280865202	0.6152422362330777	([1112, 1068], [1112, 1094, 1080])
1	0.6109602761014491	0.6153770943645909	([885, 405], [909, 887, 885])
1	0.6028557578346613	0.6155029231777592	([1114, 401], [1114, 1099, 1092])
1	0.6005071616872489	0.6155966077879034	([894, 811], [894, 875, 811])
1	0.6084359399328614	0.6156790079884047	([975, 17], [975, 970, 17])
1	0.6034348717989008	0.6158917825284538	([498, 485], [498, 495, 485])
1	0.613804993694439	0.6158983917334165	([1149, 42], [1209, 1169, 1149])
1	0.543516171360196	0.6159013662156877	([775, 6], [782, 775, 17])
1	0.573836951460009	0.6159675076794874	([118, 60], [118, 117, 60])
1	0.5756488874862771	0.6159770171060537	([473, 404], [471, 464, 441])
1	0.6131958477924876	0.6159770171060537	([475, 436], [475, 471, 441])
1	0.5861349663413112	0.616161219701477	([769, 731], [768, 759, 732])
1	0.6108621655242055	0.6162159245404701	([1165, 1130], [1165, 1152, 1130])
1	0.6068062002993325	0.6162485900032618	([774, 397], [787, 777, 774])
1	0.6146860558287961	0.6162590516530699	([386, 17], [386, 385, 17])
1	0.6050656016265226	0.6162692757029683	([802, 406], [810, 793, 2])
1	0.6146106230592131	0.6162692757029683	([812, 2], [812, 810, 2])
1	0.6160522199205815	0.6162693045980615	([283, 247], [288, 283, 247])
1	0.5856896256865176	0.6162817575489205	([570, 542], [570, 567, 556])
1	0.5901104139248753	0.6162824552566332	([926, 886], [926, 903, 889])
1	0.6103876931342992	0.6163986611209759	([981, 956], [982, 981, 956])
1	0.6045529163314843	0.6164056227334435	([1038, 41], [1038, 1037, 15])
1	0.6041598555037447	0.6164424157882136	([257, 12], [257, 220, 12])
1	0.5395217496979972	0.6164670152937614	([411, 12], [390, 375, 363])
1	0.6047070124108077	0.6164942446659514	([435, 41], [435, 422, 41])
1	0.6110282439581937	0.6165134943741926	([880, 797], [883, 880, 797])
1	0.6089113003211929	0.6168157471307507	([1113, 1062], [1113, 1086, 1068])
1	0.592224644975909	0.6168334315327931	([127, 17], [123, 116, 112])
1	0.6059509284157787	0.616874818488173	([984, 16], [975, 970, 16])
1	0.6151667824018084	0.6168848221479575	([693, 662], [712, 666, 662])
1	0.5609232024531847	0.6168987006931517	([397, 263], [399, 397, 272])
1	0.5922177876660176	0.6170105236937897	([1017, 41], [1038, 1017, 1016])
1	0.574188423481151	0.6170153320245995	([72, 1], [102, 72, 61])
1	0.5631252302095289	0.6170177640414858	([887, 1], [939, 927, 904])
1	0.597221729019683	0.617046093064224	([392, 219], [392, 258, 219])
1	0.6070798711863779	0.617069379760642	([402, 257], [402, 266, 257])
1	0.5495157716572165	0.6171047657794326	([208, 9], [272, 257, 214])
1	0.5631011161198164	0.6172548909733789	([1015, 9], [993, 977, 972])
1	0.5031611430036029	0.6172790983059973	([402, 17], [799, 790, 784])
1	0.6143504973529205	0.617404459528	([1134, 1105], [1134, 1119, 1113])
1	0.5557118772910468	0.617480844936612	([644, 238], [656, 644, 394])
1	0.5330912265782064	0.617480844936612	([644, 394], [656, 644, 642])
1	0.5979898174402236	0.6175612021058029	([701, 238], [701, 679, 678])
1	0.5969007485991181	0.6176663795163891	([803, 396], [803, 800, 405])
1	0.5820872930372853	0.617684366024191	([710, 1], [710, 697, 664])
1	0.5782292018086496	0.6177660438304722	([658, 404], [711, 664, 661])
1	0.5697116647028296	0.6178711098618711	([403, 259], [403, 398, 258])
1	0.6036149517257927	0.6178962210094194	([962, 173], [1037, 980, 173])
1	0.6145994260697653	0.617932669278508	([387, 312], [387, 346, 312])
1	0.5966930886236743	0.618000633401554	([905, 402], [933, 905, 893])
1	0.578084408465307	0.6180081478228793	([150, 108], [150, 146, 113])
1	0.6099306015323026	0.618008244184817	([1108, 1055], [1108, 1088, 1055])
1	0.5821322746017468	0.6181372700883722	([207, 11], [219, 212, 11])
1	0.6012159208532877	0.6182039048700582	([914, 395], [919, 914, 395])
1	0.6076674318264395	0.6182156613012996	([829, 391], [829, 818, 407])
1	0.5726762696741	0.6182395518182828	([629, 238], [644, 634, 629])
1	0.565712227875868	0.6183093030810973	([815, 401], [898, 877, 875])
1	0.6030272400480332	0.618339093402079	([1217, 1148], [1217, 1173, 1148])
1	0.6171668897055947	0.6184319961631634	([397, 68], [397, 110, 109])
1	0.5998618395323395	0.6184319961631634	([397, 110], [397, 396, 109])
1	0.6089821923315882	0.6184351885158307	([982, 953], [981, 971, 956])
1	0.6147564337477085	0.6184955755740768	([1100, 2], [1100, 1083, 1078])
1	0.5981843720915698	0.6185634450848623	([907, 12], [939, 907, 904])
1	0.6175981192264878	0.6186885757896607	([1087, 400], [1087, 1083, 400])
1	0.6129693399368769	0.618772857488931	([821, 792], [821, 806, 792])
1	0.5834203035344144	0.6187816897537157	([1084, 395], [1094, 1087, 398])
1	0.5816724037608894	0.6188158028467566	([723, 709], [721, 720, 709])
1	0.5887812105776473	0.6190136054457595	([162, 2], [171, 162, 151])
1	0.6005713063425315	0.6190173492617255	([86, 21], [79, 67, 21])
1	0.5797420093311813	0.6190674285383121	([958, 398], [958, 944, 940])
1	0.616658710566282	0.6191293167534083	([1100, 904], [1100, 1078, 904])
1	0.5943777840160933	0.6192567743723324	([633, 1], [644, 633, 629])
1	0.5517935252523072	0.6192642894390086	([404, 169], [112, 99, 42])
1	0.6032766843016528	0.6192668026814325	([951, 17], [970, 959, 42])
1	0.6088474563866835	0.6192668026814325	([985, 42], [985, 970, 42])
1	0.616788250975593	0.619285510240955	([165, 141], [165, 161, 141])
1	0.6079484506824182	0.6193081028272551	([695, 658], [714, 695, 692])
1	0.5756440470661591	0.6193192629452022	([787, 397], [789, 784, 403])
1	0.6125432960540561	0.6193829336219354	([712, 402], [712, 710, 666])
1	0.612958836929018	0.6195803445038983	([244, 181], [288, 247, 244])
1	0.618329392089841	0.6198891996644801	([1110, 1054], [1110, 1108, 1054])
1	0.5816952328981259	0.6199451337505442	([946, 50], [958, 946, 942])
1	0.6189606875349626	0.620046051975003	([658, 616], [658, 642, 616])
1	0.5994363135946437	0.6200961922674667	([471, 18], [471, 438, 420])
1	0.5511638715639942	0.6202522367870595	([404, 272], [402, 266, 216])
1	0.6151596874837433	0.6202555287909978	([941, 919], [941, 923, 919])
1	0.5944833708794418	0.6203067159755807	([173, 64], [173, 64, 56])
1	0.549618087960348	0.6203873793812731	([174, 50], [177, 58, 52])
1	0.6067698034838112	0.6206696103483546	([830, 392], [833, 830, 392])
1	0.5822210079117045	0.6206720550554756	([980, 404], [948, 945, 404])
1	0.5148928631340044	0.6207365160303475	([411, 16], [411, 406, 360])
1	0.5722475875759524	0.620813766480143	([888, 395], [888, 402, 395])
1	0.5390566857024162	0.620813766480143	([893, 16], [888, 882, 402])
1	0.6159703051895122	0.6208360446489267	([975, 399], [975, 960, 399])
1	0.5773577721974281	0.6208855013960347	([110, 10], [110, 103, 11])
1	0.6089924454869347	0.620916111254935	([119, 42], [120, 119, 42])
1	0.6030950635763547	0.6209508723059769	([1154, 1127], [1155, 1154, 1123])
1	0.6135367739154896	0.6209565211368181	([320, 301], [320, 308, 301])
1	0.5526453834682783	0.6210051799490899	([786, 405], [800, 411, 405])
1	0.601771737076811	0.6210160952804915	([396, 353], [396, 395, 353])
1	0.5105152647652731	0.6211490387334853	([402, 172], [402, 172, 148])
1	0.5975793716729427	0.6211902279131888	([953, 42], [953, 941, 939])
1	0.6066449443529606	0.6212203446155933	([659, 392], [659, 563, 398])
1	0.6000007106297421	0.6212203446155933	([660, 398], [660, 659, 398])
1	0.5881919619964988	0.6213282333449226	([538, 508], [538, 533, 508])
1	0.607058856346199	0.6213778132386987	([917, 42], [930, 917, 903])
1	0.6158666138730109	0.6214273178225419	([774, 716], [774, 772, 719])
1	0.6176501102693751	0.6215298677168055	([289, 182], [300, 289, 182])
1	0.6192196334695003	0.621555301595016	([1005, 498], [1005, 498, 429])
1	0.6108807951176598	0.621557472905018	([926, 20], [926, 922, 20])
1	0.5852797495360078	0.6217088476415494	([790, 401], [815, 811, 401])
1	0.562028376527877	0.621732809429139	([949, 9], [977, 960, 945])
1	0.6193267168598431	0.6217667710580265	([610, 566], [612, 610, 566])
1	0.5998694615391369	0.6217790556316614	([396, 215], [396, 264, 215])
1	0.5600443974477523	0.6218075699921685	([793, 2], [802, 786, 406])
1	0.5444360717029881	0.6218280044033959	([398, 108], [398, 331, 108])
1	0.6164016802050557	0.621877480086685	([1108, 397], [1108, 1093, 397])
1	0.6110374074068571	0.6219367748380509	([1212, 1137], [1212, 1146, 1142])
1	0.6096944374554387	0.6220471393887101	([133, 16], [133, 120, 16])
1	0.6101079333928263	0.6220938414549472	([923, 894], [939, 923, 894])
1	0.5713683412182573	0.6221062466292223	([468, 1], [482, 469, 464])
1	0.6091345655264696	0.6221173219243012	([83, 45], [83, 79, 45])
1	0.6043107899194575	0.6221265209436188	([699, 404], [699, 687, 677])
1	0.5651529154233581	0.6221531145569635	([419, 399], [419, 403, 397])
1	0.5871566066463779	0.6221598243901888	([147, 18], [147, 112, 105])
1	0.5781545718563754	0.6222084493761556	([804, 1], [887, 804, 16])
1	0.6049922719520399	0.6222266410748929	([1092, 916], [1102, 1094, 916])
1	0.6066139507594632	0.6222447122808527	([714, 658], [695, 691, 664])
1	0.6165481153348177	0.6222778496268229	([213, 41], [213, 202, 41])
1	0.5729191453411847	0.6223084626950537	([777, 401], [785, 777, 775])
1	0.5052551905210881	0.6223270808399779	([402, 18], [386, 380, 42])
1	0.5792705999740698	0.6225407930788267	([1035, 2], [1080, 1062, 2])
1	0.5837082253893201	0.6225695844029516	([171, 41], [408, 406, 171])
1	0.5437082282045281	0.6225698253109697	([404, 318], [404, 316, 307])
1	0.6057968979295677	0.6226403961804655	([695, 402], [712, 695, 693])
1	0.6053687926231643	0.6227199523876413	([928, 883], [928, 883, 398])
1	0.5232637867813686	0.6227408419268555	([394, 268], [404, 334, 317])
1	0.6096729370701119	0.6227580414380204	([871, 21], [895, 888, 21])
1	0.617023224941039	0.6227580414380204	([920, 21], [920, 895, 21])
1	0.5928747657979366	0.6228110405941159	([396, 170], [396, 147, 109])
1	0.5530918470356837	0.6228599658769962	([867, 2], [866, 856, 2])
1	0.5938027694215479	0.6228807587353096	([708, 508], [720, 709, 508])
1	0.6198490934093502	0.6229152300327786	([890, 828], [890, 875, 823])
1	0.5354026894498178	0.6229482679675933	([99, 18], [81, 50, 18])
1	0.6166848100742963	0.6231314381179179	([724, 708], [725, 724, 708])
1	0.6157584116970725	0.6231392546488221	([60, 17], [66, 60, 44])
1	0.614003557187643	0.6232143205374044	([823, 44], [853, 822, 44])
1	0.5818151501384683	0.6232332339254004	([802, 19], [874, 806, 802])
1	0.61470405247096	0.6232797588635715	([476, 399], [476, 412, 399])
1	0.620235472771651	0.6233842979270008	([447, 44], [455, 447, 442])
1	0.5009455988122604	0.6236195034064339	([222, 221], [317, 275, 262])
1	0.518378256150775	0.6236460418249178	([108, 12], [103, 65, 16])
1	0.587754381469769	0.6236720023377631	([339, 18], [343, 339, 16])
1	0.6027660511846924	0.623795954717964	([143, 49], [118, 59, 58])
1	0.5943657075864084	0.623812799200437	([895, 49], [895, 877, 865])
1	0.6201733887125394	0.6238140328110714	([473, 416], [473, 439, 416])
1	0.604709353189208	0.6238140328110714	([475, 17], [474, 473, 439])
1	0.5826260129564614	0.6238241899914975	([361, 9], [361, 353, 330])
1	0.6210088238680654	0.6238783968602593	([482, 418], [482, 418, 403])
1	0.6109817645083547	0.6238992116421892	([918, 41], [927, 918, 406])
1	0.5898842217491037	0.6239216386199292	([417, 16], [475, 436, 16])
1	0.5664143598073904	0.6239773827483373	([609, 238], [636, 613, 609])
1	0.6211918222544686	0.6239783190003838	([611, 567], [612, 611, 567])
1	0.5735669924675713	0.6240618339621329	([657, 1], [664, 657, 643])
1	0.620817631755486	0.6240816645797977	([1061, 928], [1061, 1055, 398])
1	0.50207364445064	0.6241835005157681	([412, 17], [411, 405, 14])
1	0.6233087932881767	0.6242582073697693	([1040, 981], [1040, 981, 950])
1	0.6198743919049975	0.6242796320049376	([878, 44], [878, 823, 817])
1	0.5865820712208053	0.6243366643758603	([1059, 17], [1088, 1059, 1051])
1	0.622219796882153	0.6243515037640743	([1146, 1107], [1146, 1130, 1106])
1	0.6176583432357324	0.6243551884665276	([465, 423], [465, 435, 431])
1	0.5779873371032686	0.6244028609872397	([882, 397], [887, 882, 397])
1	0.5759939239222753	0.6244116558006596	([878, 12], [890, 885, 12])
1	0.6056476193941135	0.6244296080519184	([872, 813], [872, 868, 813])
1	0.5945045380888795	0.6245481053498351	([420, 18], [416, 410, 10])
1	0.5621874305879742	0.624596294611866	([715, 238], [746, 715, 711])
1	0.5411077223223897	0.6246067504431152	([784, 19], [801, 789, 19])
1	0.6039142135296778	0.6246409637876122	([960, 935], [960, 948, 935])
1	0.6157736501369216	0.624643133145377	([1040, 945], [1042, 1040, 398])
1	0.5985393568351983	0.624643133145377	([1042, 403], [1057, 1040, 398])
1	0.552128014080857	0.6248136803322719	([790, 9], [921, 918, 406])
1	0.6094453543960217	0.6248321505383599	([775, 411], [790, 780, 775])
1	0.5258120023656643	0.6249607729533123	([401, 29], [401, 391, 29])
1	0.6243898340214609	0.6251237092122892	([760, 17], [772, 754, 17])
1	0.5972568051578974	0.6251329529872669	([889, 407], [889, 407, 20])
1	0.6051543788607311	0.6251329529872669	([917, 20], [922, 889, 20])
1	0.6245309761169896	0.6251938653603	([267, 217], [267, 261, 215])
1	0.5806350111867852	0.6252368250141244	([401, 261], [401, 397, 262])
1	0.6191403382756079	0.6252649747305258	([370, 331], [370, 363, 331])
1	0.6075546197259283	0.6252831423449657	([578, 485], [578, 542, 429])
1	0.619984850052508	0.6252842833341324	([1021, 21], [1039, 1020, 1014])
1	0.5862566462880741	0.6253337699696622	([1047, 402], [1057, 1047, 402])
1	0.620105067721104	0.6253768817743459	([1009, 52], [993, 977, 52])
1	0.6099803806743638	0.6254853266998006	([776, 714], [776, 774, 714])
1	0.6152085874997237	0.6254861832694325	([925, 2], [1087, 925, 398])
1	0.5984773170063216	0.6255062436012918	([981, 398], [1040, 945, 939])
1	0.5310030719124891	0.62556317065409	([337, 6], [351, 337, 329])
1	0.6224707888320079	0.6255857936526701	([314, 274], [314, 309, 274])
1	0.6238426275716319	0.625625502477065	([356, 31], [356, 354, 19])
1	0.5720726128086684	0.625625502477065	([354, 19], [379, 356, 19])
1	0.624447851659225	0.6257488766515883	([134, 42], [134, 122, 120])
1	0.6158280979910601	0.625782091783971	([435, 316], [435, 411, 16])
1	0.5779504527881123	0.625782091783971	([475, 15], [435, 417, 16])
1	0.5567106173640557	0.6258007953894371	([319, 9], [314, 218, 9])
1	0.620235832001752	0.625828649905844	([1037, 406], [1037, 1017, 406])
1	0.6127179210896136	0.6259201741632632	([646, 428], [644, 468, 429])
1	0.6222765608536814	0.6259226609011979	([158, 12], [158, 151, 12])
1	0.6206295924276843	0.6259532839540213	([384, 350], [384, 361, 358])
1	0.6045571976468952	0.6260682328743871	([788, 18], [788, 784, 19])
1	0.5901945333885745	0.6261027650121379	([88, 19], [96, 68, 19])
1	0.5456525576241321	0.6261500050940767	([175, 52], [175, 174, 52])
1	0.6032753193242105	0.6261918439268159	([614, 9], [660, 642, 641])
1	0.6214024800167223	0.6262677070332987	([173, 157], [173, 157, 16])
1	0.6256194462578571	0.6263223210791469	([1134, 1076], [1134, 1077, 1076])
1	0.5815844559867948	0.626336467738614	([837, 20], [880, 831, 825])
1	0.6142200250883363	0.6263776879631946	([995, 44], [1033, 1014, 44])
1	0.5950906736950308	0.6264034767540754	([927, 10], [927, 888, 10])
1	0.5480331750051765	0.6264277046420869	([354, 1], [372, 354, 16])
1	0.5845393471347549	0.6264350868386928	([779, 398], [787, 412, 398])
1	0.6138466692978692	0.62651763339207	([255, 202], [255, 220, 204])
1	0.5719536029244765	0.626558787794734	([816, 398], [883, 872, 398])
1	0.613456826199188	0.6265682442491255	([215, 14], [211, 204, 14])
1	0.6026016178708746	0.6265996675242927	([505, 295], [505, 301, 295])
1	0.6144752884426833	0.6266333695677723	([300, 196], [300, 288, 183])
1	0.5966287245771792	0.6266927181439481	([939, 12], [907, 892, 399])
1	0.5081503661123767	0.626731012592606	([482, 6], [482, 406, 2])
1	0.6002982070955956	0.6267575022693428	([883, 803], [880, 814, 797])
1	0.6051294977657451	0.6268043721958028	([715, 660], [715, 714, 660])
1	0.5920844345402038	0.6268320628221479	([886, 400], [900, 896, 400])
1	0.5982770178013809	0.6268525831440432	([818, 41], [833, 818, 41])
1	0.5851740598793349	0.6268525831440432	([830, 41], [833, 830, 41])
1	0.6226401936051612	0.6268569015711897	([894, 802], [894, 813, 811])
1	0.6249515233867907	0.6268569015711897	([901, 813], [901, 894, 813])
1	0.6116818774320393	0.6269601850855799	([325, 142], [325, 142, 42])
1	0.6199939063700769	0.6270391708180012	([1219, 1116], [1219, 1145, 1110])
1	0.6258420185162734	0.6272154658181722	([1114, 12], [1134, 1114, 1105])
1	0.5554637197429433	0.6272234695551842	([112, 1], [148, 111, 110])
1	0.6203831159600727	0.6272234695551842	([169, 111], [169, 148, 111])
1	0.6185123329831999	0.627271664420387	([93, 14], [93, 67, 2])
1	0.5819412479887223	0.6273103484854126	([147, 21], [147, 105, 21])
1	0.5659609507450201	0.6273277316619351	([1121, 404], [1121, 1102, 404])
1	0.6142354694473402	0.6273597614097094	([626, 607], [626, 618, 607])
1	0.6125814054541573	0.6274169985176692	([399, 168], [399, 149, 123])
1	0.5998925643318733	0.6275671254323356	([843, 49], [872, 863, 49])
1	0.6166925540162708	0.6277410998882615	([717, 663], [716, 714, 660])
1	0.599571005328537	0.6277765070983354	([1095, 42], [1095, 1087, 937])
1	0.6271633672410862	0.6277855049585412	([1111, 1052], [1111, 1078, 1052])
1	0.6184164657952774	0.6278861790441723	([952, 917], [952, 937, 936])
1	0.6167501682498464	0.6278874264503005	([692, 650], [692, 658, 650])
1	0.5624230133105375	0.6279277128555141	([472, 402], [472, 465, 440])
1	0.520243735316217	0.6279284000742457	([944, 6], [944, 925, 398])
1	0.5651067141400777	0.6279587642835116	([580, 1], [574, 564, 558])
1	0.6117767620274094	0.627999540801917	([557, 492], [537, 500, 494])
1	0.6229653981104833	0.6280502493328208	([275, 207], [275, 207, 204])
1	0.5502221736049223	0.6282402040212647	([588, 238], [609, 597, 595])
1	0.5679506012716107	0.628285661146813	([353, 9], [406, 361, 330])
1	0.6209362923194468	0.6283115851939136	([1109, 392], [1109, 925, 398])
1	0.6041692972550976	0.6283115851939136	([1109, 925], [1109, 1086, 398])
1	0.6079693550499722	0.6284097312702335	([418, 378], [418, 409, 396])
1	0.5894379886326446	0.6284097312702335	([482, 403], [481, 418, 396])
1	0.6212861757489399	0.6284333239359868	([639, 607], [639, 622, 607])
1	0.5967228917914735	0.6284533418452855	([853, 44], [830, 823, 392])
1	0.6190414496209383	0.6284632787736026	([193, 49], [193, 179, 175])
1	0.624645121715074	0.6286395515777676	([225, 211], [238, 225, 201])
1	0.6210159177566325	0.6286691281826327	([464, 424], [471, 464, 420])
1	0.6171852575343914	0.6287080971908477	([401, 319], [401, 329, 319])
1	0.5663967394398243	0.6287279217215875	([491, 9], [477, 471, 399])
1	0.6080910547933167	0.6287357004618911	([947, 392], [947, 939, 936])
1	0.604319182858271	0.6288000350224655	([613, 559], [641, 613, 559])
1	0.6182725305155681	0.6288221346892843	([559, 403], [641, 559, 403])
1	0.590449946778319	0.6288221346892843	([561, 9], [660, 641, 403])
1	0.6017781110901346	0.6289559241580801	([642, 2], [664, 643, 642])
1	0.5735245164642667	0.6290597801723405	([995, 404], [995, 980, 977])
1	0.6102314652909943	0.6290668869865689	([455, 415], [455, 441, 440])
1	0.6278603007135675	0.6291444760298136	([1085, 899], [1085, 909, 899])
1	0.621199376133474	0.6291588260088291	([208, 15], [208, 173, 16])
1	0.6240265786567116	0.6291588260088291	([206, 16], [208, 206, 16])
1	0.6186803372773835	0.6291624612239702	([1120, 401], [1120, 1108, 397])
1	0.6237096643440021	0.6291624612239702	([1128, 397], [1128, 1120, 397])
1	0.6284237570079437	0.6291773834959286	([985, 940], [985, 981, 940])
1	0.608439621249778	0.6291916981459543	([1072, 894], [1072, 1057, 398])
1	0.5396708020562946	0.6292626714537636	([407, 20], [797, 792, 20])
1	0.5335616191869985	0.6292626714537636	([792, 20], [880, 797, 20])
1	0.6239939626681661	0.6293763454424259	([554, 49], [554, 538, 531])
1	0.6058641688523345	0.6294201607649309	([304, 16], [317, 316, 16])
1	0.5785605164071645	0.6294246383563182	([985, 33], [985, 953, 42])
1	0.6173762942425123	0.6294976656112442	([1140, 398], [1169, 1150, 398])
1	0.49393669379220756	0.6295023100457011	([11, 9], [213, 209, 18])
1	0.625967556566822	0.629554646705	([641, 414], [641, 435, 414])
1	0.5476201151279564	0.6295672418234094	([1067, 404], [1094, 1093, 903])
1	0.5980198154673999	0.6295896840925697	([175, 20], [175, 55, 46])
1	0.6055420804779647	0.6296093157934249	([935, 19], [912, 897, 399])
1	0.5961533507420556	0.6296640583100708	([1031, 50], [1031, 997, 992])
1	0.6064722923817376	0.6296991938002326	([116, 31], [116, 113, 31])
1	0.5993739141151238	0.629705412979481	([334, 2], [359, 351, 334])
1	0.6258053350611417	0.6297285325911747	([177, 42], [178, 177, 42])
1	0.5039560887031097	0.6298029692370658	([406, 2], [918, 399, 395])
1	0.5159198891762083	0.6298437759101142	([388, 3], [388, 378, 369])
1	0.5597059561804361	0.629853882748969	([399, 207], [399, 266, 264])
1	0.5912733619178873	0.6298738869709882	([1102, 401], [1120, 1099, 1085])
1	0.5918528255483214	0.6298856651316251	([914, 16], [914, 892, 885])
1	0.622485028528673	0.6298856651316251	([1097, 892], [1097, 914, 892])
1	0.624725994452256	0.6299088866648499	([321, 300], [321, 312, 300])
1	0.5658676843216802	0.6299132801203736	([120, 51], [132, 121, 120])
1	0.6255792369426695	0.6299221551027282	([474, 405], [474, 405, 403])
1	0.5808358082770633	0.6299221551027282	([474, 398], [474, 471, 403])
1	0.6126055336308552	0.629945452060145	([1065, 941], [1077, 1065, 941])
1	0.6090566656139033	0.6300036000062706	([957, 403], [957, 938, 404])
1	0.6124413844271565	0.6300976582287007	([981, 32], [1040, 981, 12])
1	0.6278627510026547	0.6301846115671303	([219, 17], [219, 206, 203])
1	0.6265134158657037	0.630202749039428	([1098, 1044], [1098, 1081, 1044])
1	0.6281932253373189	0.63022119567172	([1142, 1085], [1142, 1094, 1085])
1	0.6057124440059096	0.6302428708123746	([792, 409], [792, 785, 409])
1	0.6050257783170891	0.6302428708123746	([894, 785], [894, 785, 409])
1	0.6057904340053889	0.6302511712090101	([1039, 982], [1039, 1017, 982])
1	0.6292974152918871	0.6302967033279225	([1045, 994], [1045, 1043, 996])
1	0.5762164875833139	0.6303698978258361	([1035, 404], [1035, 1016, 995])
1	0.600293151630686	0.6304208741574534	([331, 19], [354, 331, 330])
1	0.6268587027658432	0.6304387575608995	([217, 20], [404, 318, 217])
1	0.6182895873050122	0.6304531023876478	([413, 52], [423, 413, 52])
1	0.6205799963774407	0.6305271020410899	([583, 552], [583, 568, 554])
1	0.6167826998495097	0.6305271020410899	([646, 554], [646, 583, 554])
1	0.5509642970833203	0.6305388109889132	([336, 33], [353, 336, 33])
1	0.6302190268521783	0.6305596035033953	([1137, 391], [1137, 1087, 400])
1	0.6061118798480019	0.6305596035033953	([1130, 400], [1137, 1130, 400])
1	0.6003630484932789	0.6305737815704602	([121, 41], [121, 120, 41])
1	0.6114099939922663	0.6306221016293538	([1022, 399], [1045, 1038, 399])
1	0.591832095627913	0.630664438188247	([616, 557], [616, 597, 567])
1	0.5751960654185968	0.6306749620667351	([472, 396], [481, 476, 418])
1	0.5735185913581448	0.6307207281660914	([815, 12], [890, 862, 12])
1	0.6267424397736469	0.6307629881486359	([638, 552], [638, 583, 577])
1	0.6151445290923792	0.6308527922574412	([951, 21], [960, 945, 19])
1	0.5529388031771408	0.6308696310721363	([781, 16], [892, 807, 797])
1	0.6256104400387235	0.6308771713404463	([1075, 910], [1075, 910, 905])
1	0.6307502528693538	0.6309008031574993	([959, 2], [959, 948, 2])
1	0.5812098571490913	0.6309802132609896	([397, 171], [399, 397, 149])
1	0.6279944385347707	0.6310026508567332	([900, 819], [900, 819, 814])
1	0.5097838365107555	0.6310137207042213	([412, 33], [393, 109, 19])
1	0.6256806215887225	0.6310266785905781	([1104, 934], [1113, 1104, 934])
1	0.5710637612072315	0.6311307628102318	([781, 392], [782, 781, 393])
1	0.5856680983920397	0.6311698626436435	([786, 1], [786, 391, 44])
1	0.5134349815329807	0.6311698626436435	([391, 49], [786, 405, 391])
1	0.621619845964372	0.6312263364603076	([687, 17], [693, 687, 17])
1	0.6293946795849453	0.63125358523026	([457, 42], [457, 456, 42])
1	0.6174924029955575	0.63129616748561	([1131, 1060], [1131, 1060, 1054])
1	0.5754553100221265	0.63129616748561	([1145, 1], [1131, 1108, 1054])
1	0.6291995181028486	0.6313134524511778	([469, 397], [471, 469, 397])
1	0.6027925610032111	0.6313256644531163	([1131, 1083], [1139, 1131, 1083])
1	0.6184754766404786	0.6313812523582173	([258, 0], [315, 258, 0])
1	0.598529835952629	0.6313814462583438	([357, 20], [378, 364, 20])
1	0.6250271386659946	0.6313814462583438	([1066, 364], [1066, 364, 20])
1	0.5815741171009617	0.6314811951004284	([378, 20], [363, 357, 20])
1	0.6304133422150012	0.6315938249178169	([1014, 959], [1014, 991, 972])
1	0.6305477970648373	0.6316066016484684	([938, 889], [938, 894, 889])
1	0.5578067633647574	0.6316066016484684	([938, 404], [938, 915, 894])
1	0.6313505138099509	0.6316500130877173	([1147, 1082], [1147, 1138, 1057])
1	0.6043621851838713	0.6316580000001764	([902, 18], [920, 902, 18])
1	0.6299935406630339	0.6317049940788975	([1110, 894], [1110, 1087, 398])
1	0.6044131160140696	0.6317179198289662	([1080, 911], [1079, 922, 911])
1	0.6153381224838769	0.6317582882183791	([407, 261], [407, 403, 370])
1	0.6241839655755254	0.6318910319339842	([1134, 1061], [1134, 1105, 1077])
1	0.6183107029849108	0.6318960201817393	([1062, 392], [1062, 938, 392])
1	0.6176202208815611	0.6319781316098916	([1039, 21], [1053, 1040, 1039])
1	0.6110625354244772	0.6320001432865683	([1097, 20], [1139, 1097, 20])
1	0.6050871636737662	0.6320142018607707	([1133, 403], [1133, 1117, 1091])
1	0.6292171882572145	0.6320220007950034	([1221, 1130], [1221, 1213, 1130])
1	0.6313863296367097	0.6321268417529082	([997, 20], [997, 983, 20])
1	0.5357783171998218	0.6321358303019667	([353, 33], [353, 331, 19])
1	0.5999918384984135	0.6321447734361524	([398, 307], [398, 317, 307])
1	0.6200589465612731	0.6322098920563403	([894, 364], [894, 398, 362])
1	0.6217289665828292	0.6322349590055895	([317, 221], [317, 262, 205])
1	0.6125228598370372	0.6322431934652986	([909, 52], [909, 891, 819])
1	0.6241719875407828	0.6322728310526723	([1091, 910], [1091, 1075, 1063])
1	0.6071537232948966	0.6322756752030103	([842, 2], [856, 842, 827])
1	0.6179037678918347	0.632316708561891	([1089, 1039], [1089, 1060, 1053])
1	0.6179943440866039	0.6323410143938348	([1134, 52], [1217, 1211, 54])
1	0.6300100289337721	0.6323501816853503	([1144, 1084], [1144, 1109, 1105])
1	0.6162591215549976	0.6323859269837778	([472, 419], [480, 472, 419])
1	0.6283552258871828	0.6323859269837778	([488, 419], [488, 480, 419])
1	0.6251950969862252	0.6325510787318872	([944, 44], [952, 944, 44])
1	0.5837597305909723	0.6325552311953111	([1037, 980], [1040, 1037, 980])
1	0.5876278317090264	0.6326156053802136	([117, 53], [117, 60, 57])
1	0.6318593423708205	0.6326318276821175	([657, 406], [657, 641, 492])
1	0.6236319379880649	0.6326488812397543	([943, 52], [980, 958, 954])
1	0.6068878386524402	0.6326772658805733	([325, 42], [349, 340, 42])
1	0.6053689140180724	0.6328187886827709	([1043, 996], [1045, 1034, 1023])
1	0.6143478692628196	0.632883595452249	([646, 583], [646, 578, 554])
1	0.5646817917674575	0.6330611228288888	([516, 505], [520, 516, 512])
1	0.6292915635275056	0.6331771739926491	([652, 614], [652, 633, 615])
1	0.628028651622127	0.6332044121183821	([305, 220], [305, 275, 255])
1	0.6220719777996362	0.6332327561510186	([1011, 16], [1011, 988, 16])
1	0.6255516217030338	0.633270908871139	([641, 435], [642, 641, 414])
1	0.4895046946326447	0.6332781755711628	([50, 18], [395, 352, 328])
1	0.6087841046063336	0.6333185365551169	([904, 796], [923, 817, 794])
1	0.5972216001666314	0.6333365139377843	([1146, 16], [1146, 1118, 1107])
1	0.6308689709734601	0.6333365139377843	([1168, 1118], [1168, 1146, 1118])
1	0.6330650899912258	0.6333497517534766	([559, 399], [559, 476, 399])
1	0.5926946329283007	0.6333679257704806	([1075, 16], [1139, 1097, 1093])
1	0.624586685767913	0.6333994246878576	([952, 15], [947, 944, 44])
1	0.622704988464175	0.6334319783705674	([1207, 1122], [1181, 1164, 1122])
1	0.5795599188645972	0.6334698286584369	([716, 1], [716, 711, 710])
1	0.6250507235891348	0.6334789796248976	([1134, 12], [1107, 1088, 12])
1	0.61369930613767	0.6334842352926969	([633, 540], [633, 557, 540])
1	0.5631069862962189	0.6334842352926969	([558, 1], [633, 616, 557])
1	0.6323685620906675	0.6334851752114571	([559, 437], [559, 437, 399])
1	0.6247369206582579	0.6335428440377293	([646, 387], [646, 387, 325])
1	0.5490203857910322	0.6335432282866574	([238, 201], [255, 225, 201])
1	0.5656043512425374	0.633575551839412	([220, 12], [333, 258, 12])
1	0.6052536373092948	0.6335831982296587	([1099, 11], [1099, 1098, 11])
1	0.630391765583525	0.6336713524519748	([926, 798], [926, 798, 20])
1	0.6196983086309549	0.6336877678032826	([1220, 1117], [1220, 1150, 1120])
1	0.5700661077532101	0.6337432886935929	([892, 12], [985, 981, 11])
1	0.6214641327207909	0.6337635458414304	([400, 273], [400, 399, 273])
1	0.596503999546309	0.6338264020053619	([1033, 44], [995, 985, 44])
1	0.5732599898418018	0.6339560611369467	([773, 1], [747, 719, 717])
1	0.6162971321389942	0.6339908424139312	([560, 481], [563, 560, 481])
1	0.6267462254046194	0.6340574930160136	([1102, 886], [1102, 922, 916])
1	0.6324143772957006	0.6340823542447229	([1216, 11], [1217, 1216, 11])
1	0.5229303428894825	0.6340869317740486	([392, 10], [476, 412, 19])
1	0.612766822650654	0.6341321761408051	([735, 508], [735, 733, 508])
1	0.628060817849374	0.6341333420910209	([646, 486], [646, 486, 467])
1	0.6125450377577981	0.634147956435912	([1047, 938], [1066, 1042, 924])
1	0.6268230001792995	0.6341590268082719	([559, 16], [662, 559, 399])
1	0.6293535666486462	0.6341590268082719	([662, 489], [662, 559, 489])
1	0.6215723082907255	0.6341590268082719	([662, 399], [662, 564, 559])
1	0.6288071766282478	0.6341655414731674	([942, 903], [942, 923, 907])
1	0.5977252757926783	0.6341830108266916	([121, 9], [146, 121, 112])
1	0.6216167265816093	0.634237375103047	([1060, 907], [1085, 1060, 907])
1	0.6202536453287948	0.634237375103047	([1085, 52], [1088, 1085, 907])
1	0.6264357038505576	0.6342569147975021	([885, 41], [903, 897, 41])
1	0.6273925967953995	0.6342650991006441	([291, 49], [291, 288, 252])
1	0.5415362215578022	0.6343083861769877	([394, 389], [394, 389, 365])
1	0.6275821081282469	0.6343189947218318	([1037, 942], [1037, 980, 942])
1	0.6149775579732096	0.6343705693637163	([1065, 896], [1065, 925, 898])
1	0.6211424710835269	0.6344279838310578	([1065, 985], [1065, 985, 11])
1	0.6262298834139703	0.6344279838310578	([1045, 11], [1065, 1045, 11])
1	0.5703302623715476	0.6344376040855441	([982, 1], [1040, 980, 978])
1	0.6287778609115495	0.6344386248593625	([226, 198], [226, 225, 198])
1	0.5870181789368066	0.6344691725193895	([174, 10], [207, 200, 10])
1	0.6066728803218487	0.6344773653270304	([199, 41], [202, 41, 0])
1	0.630017213604934	0.6344937574226185	([438, 395], [438, 420, 395])
1	0.5853327634811399	0.6344963359240203	([558, 404], [641, 640, 558])
1	0.6022186471609996	0.6345168794786453	([209, 12], [207, 204, 14])
1	0.5156563730300127	0.6345539659344187	([874, 399], [789, 400, 397])
1	0.6159774118125237	0.634620978748595	([367, 21], [381, 368, 21])
1	0.5814642950453521	0.6346554853284732	([1037, 11], [1040, 1037, 11])
1	0.5835589552229998	0.6346554853284732	([941, 11], [1045, 1040, 11])
1	0.6296038202057685	0.6346755715512081	([724, 674], [724, 708, 674])
1	0.6278992616533596	0.6347194766138033	([702, 49], [702, 682, 678])
1	0.4920350932169356	0.6347201044455516	([18, 14], [892, 367, 361])
1	0.630325055220178	0.6347269567438896	([407, 111], [411, 407, 111])
1	0.6274431482163068	0.6347561182288068	([1043, 951], [1061, 1043, 940])
1	0.5941097649199021	0.6347561182288068	([1057, 940], [1061, 1057, 940])
1	0.6167296088428087	0.6347867077318122	([473, 395], [473, 414, 404])
1	0.5954791585496616	0.6347894885385567	([651, 565], [651, 641, 560])
1	0.629254268983689	0.634811156969258	([896, 408], [896, 408, 402])
1	0.604076317378268	0.6348145737454939	([809, 11], [833, 831, 11])
1	0.5478704848231046	0.6348158837059639	([644, 1], [634, 599, 578])
1	0.557861038047661	0.6348185933904548	([776, 399], [794, 781, 776])
1	0.6269877753928401	0.6348221793810921	([660, 273], [660, 399, 398])
1	0.58822875941071	0.6348221793810921	([660, 9], [660, 476, 399])
1	0.6205822742745484	0.6348221793810921	([662, 564], [662, 660, 399])
1	0.5766273706892058	0.6348221793810921	([642, 397], [714, 660, 399])
1	0.6193358567928549	0.6348306347277749	([901, 45], [1117, 901, 398])
1	0.5978509528769291	0.6349054588649308	([1174, 398], [1140, 1117, 1097])
1	0.5729375737828585	0.6349334254699665	([316, 16], [316, 214, 16])
1	0.6265522877557546	0.6349484683444065	([659, 418], [660, 659, 418])
1	0.6256219492759001	0.6349507783931377	([911, 831], [911, 890, 883])
1	0.6269614418156227	0.6349637356432408	([871, 782], [871, 812, 811])
1	0.6257451630076969	0.6351005241594142	([403, 214], [405, 403, 214])
1	0.6222404293173032	0.6351268114768664	([773, 650], [773, 664, 658])
1	0.6292539315969178	0.6351530975402783	([945, 910], [945, 938, 910])
1	0.4996269899526303	0.6351635173773454	([21, 11], [355, 343, 21])
1	0.6329141712100003	0.6352108724772452	([1082, 11], [1082, 1076, 11])
1	0.5702644313378077	0.6352108724772452	([1054, 1], [1099, 1076, 11])
1	0.6347239652218454	0.6352159830372991	([138, 48], [138, 120, 41])
1	0.5874470645092925	0.6352195804520465	([858, 17], [893, 869, 867])
1	0.6314837052162098	0.6352458432432735	([576, 540], [576, 573, 540])
1	0.6106736348967988	0.6352726047975142	([1044, 958], [1045, 932, 923])
1	0.6081029847818212	0.6353077735285714	([1087, 906], [1087, 925, 913])
1	0.6263668234892881	0.6353077735285714	([1081, 913], [1087, 1081, 913])
1	0.49546966244863627	0.6353336749509679	([49, 19], [895, 396, 391])
1	0.6264032329751252	0.6353508872990449	([1048, 929], [1048, 1042, 929])
1	0.6310662443645987	0.6354057466631362	([558, 488], [559, 558, 491])
1	0.6159561816506974	0.6354661424182944	([1170, 44], [1174, 1170, 44])
1	0.6338738080562509	0.6356373668970573	([1051, 393], [1077, 1071, 393])
1	0.6081975272568638	0.6356543252125054	([188, 50], [188, 177, 176])
1	0.6076981976165149	0.6357455411527072	([1147, 10], [1216, 1147, 10])
1	0.6249321083578482	0.6357610104543365	([642, 563], [642, 613, 563])
1	0.6204119369498148	0.6357873164311321	([1034, 961], [1034, 997, 971])
1	0.5921060541252778	0.6358028005631376	([146, 19], [146, 112, 110])
1	0.55766343582852	0.6358572465245887	([420, 42], [420, 414, 395])
1	0.6283285373390133	0.6359251554580914	([789, 45], [800, 789, 45])
1	0.6236662268521547	0.6359987608863931	([1170, 20], [1219, 1173, 20])
1	0.6292020832968083	0.6360038611524473	([1064, 929], [1072, 1064, 929])
1	0.6153739217775067	0.6360144392813263	([1097, 914], [1097, 1085, 900])
1	0.6305386682994282	0.6360188569684604	([705, 505], [705, 675, 671])
1	0.6314067166419854	0.636077805551592	([312, 17], [609, 308, 238])
1	0.6175724326834096	0.636136816750762	([1044, 941], [1048, 1044, 941])
1	0.6353772574328463	0.6361394193265743	([1046, 919], [1046, 934, 919])
1	0.628075277232278	0.6361622794249082	([904, 54], [904, 902, 54])
1	0.5277335719313356	0.6361695843173423	([1115, 9], [1040, 1038, 981])
1	0.6037469801953703	0.6361999952489963	([833, 52], [838, 819, 52])
1	0.5021465708940678	0.6363406501886816	([53, 19], [65, 53, 19])
1	0.6122144522652746	0.6364435763776802	([70, 46], [81, 70, 46])
1	0.6204383832587405	0.6364802160228432	([1138, 1057], [1147, 1115, 1082])
1	0.623425491470663	0.6366010113955327	([623, 556], [614, 586, 568])
1	0.6200027006025355	0.6366269880971023	([428, 45], [428, 325, 42])
1	0.6172856338346906	0.6366269880971023	([964, 325], [428, 420, 42])
1	0.6044938551346859	0.6366563917609142	([1047, 405], [1057, 885, 405])
1	0.6088067185260355	0.6368731812750615	([1211, 54], [1134, 911, 12])
1	0.6365374271002399	0.6368817712177613	([1080, 895], [1080, 911, 895])
1	0.5947868323295276	0.6369183387378337	([1169, 17], [1142, 1117, 1085])
1	0.6201653860026047	0.636949752354349	([570, 484], [570, 542, 498])
1	0.6366491382391285	0.636949752354349	([603, 498], [603, 570, 498])
1	0.6201562903550454	0.6370357154183292	([552, 504], [552, 533, 527])
1	0.5919666805226367	0.6370471013508326	([1002, 1], [990, 978, 963])
1	0.6290641750103301	0.6370728139543855	([1213, 1085], [1213, 1130, 1085])
1	0.61246324544177	0.6370838265351475	([530, 287], [543, 530, 287])
1	0.6008675964573631	0.637099641825428	([426, 387], [444, 429, 347])
1	0.6334753924949738	0.6371588253540992	([448, 312], [448, 444, 312])
1	0.6311593982768403	0.6372351398537479	([415, 14], [415, 398, 392])
1	0.5827616730438407	0.6373726685833271	([1016, 11], [1016, 995, 11])
1	0.6302860437469294	0.6373882577918211	([641, 492], [641, 633, 492])
1	0.6273912494985254	0.6375051804413306	([1099, 919], [1099, 940, 925])
1	0.5571450927411346	0.6375051804413306	([1115, 1], [1099, 1070, 925])
1	0.6349354677281197	0.637596219180737	([1097, 927], [1097, 1089, 927])
1	0.6359442159513935	0.6376046625080978	([1069, 953], [1069, 953, 939])
1	0.6325348021050428	0.6376170719482216	([726, 498], [731, 726, 498])
1	0.573559304243809	0.6376363309275599	([1069, 395], [1091, 1084, 395])
1	0.6262782315038696	0.6376705626413084	([1050, 32], [1072, 1050, 14])
1	0.6354179876485208	0.6376728311375949	([712, 565], [712, 659, 651])
1	0.6367038330357082	0.6376776159716694	([554, 404], [554, 547, 538])
1	0.6065971807922584	0.6377324367864456	([1054, 21], [1053, 399, 355])
1	0.6377313204811751	0.6377373896947479	([1074, 916], [1074, 916, 905])
1	0.6009171326536968	0.6377724209039216	([906, 407], [906, 889, 879])
1	0.6327725610456403	0.6378786851223692	([644, 572], [644, 629, 603])
1	0.6071194394248086	0.6378822714484516	([1106, 411], [1106, 411, 396])
1	0.6221955236673047	0.637988746581086	([165, 44], [165, 119, 42])
1	0.5707324556372624	0.6380609819752876	([847, 50], [847, 825, 816])
1	0.6156136055303557	0.6380726864237133	([566, 11], [641, 566, 414])
1	0.6328052343290681	0.6380920595081264	([870, 365], [886, 395, 392])
1	0.6290825069074515	0.638098364417731	([621, 17], [621, 609, 599])
1	0.6224806444093197	0.6381330046102726	([1070, 411], [1070, 1056, 411])
1	0.6130033541363007	0.6381609456038813	([412, 46], [412, 46, 32])
1	0.635298900237838	0.6381689260607905	([1215, 1115], [1215, 1145, 1130])
1	0.6324293655829865	0.6381912166406928	([327, 209], [396, 328, 209])
1	0.6129428948116418	0.6382075113523804	([1049, 937], [1064, 937, 929])
1	0.5723562450653272	0.6382150137935314	([111, 44], [114, 111, 44])
1	0.6119837473146497	0.6382165102797269	([346, 53], [346, 322, 46])
1	0.6068491412025087	0.6382165102797269	([322, 49], [386, 346, 46])
1	0.6247026273689744	0.6383062681731867	([602, 540], [616, 602, 540])
1	0.5952094030510858	0.6383667453149354	([999, 17], [999, 971, 960])
1	0.6205563410148093	0.6383844597694173	([1068, 935], [1075, 935, 905])
1	0.629416542969981	0.6384263789027087	([1067, 920], [1057, 915, 907])
1	0.6003041333787695	0.6385608323788582	([265, 20], [392, 332, 265])
1	0.5949289613543395	0.6385632111633294	([1117, 19], [1106, 1061, 398])
1	0.6361717561103728	0.6385632111633294	([1106, 1043], [1106, 1061, 1043])
1	0.6178103479838325	0.6386130870379263	([411, 332], [411, 332, 265])
1	0.6254231893384102	0.6386388237908653	([1037, 805], [1037, 805, 18])
1	0.6167801079427249	0.6387483865750443	([432, 49], [432, 428, 325])
1	0.6099631738410118	0.6388043763562274	([1041, 44], [1041, 1033, 44])
1	0.5928149598838917	0.638804603574117	([664, 2], [641, 435, 397])
1	0.6014124132944315	0.6389596772252261	([467, 50], [467, 429, 387])
1	0.6043721996790565	0.6389985590189231	([328, 20], [256, 217, 205])
1	0.6339067365059939	0.6390839851396756	([819, 412], [819, 786, 406])
1	0.6349388147403339	0.6390906967713068	([965, 321], [965, 387, 321])
1	0.5793055070211504	0.6391415533378604	([148, 2], [148, 110, 107])
1	0.5876457527723057	0.639148457181718	([392, 169], [393, 169, 146])
1	0.6367807357192893	0.6392423680708273	([280, 234], [287, 280, 234])
1	0.6371519152548226	0.6392525845621961	([458, 17], [458, 441, 42])
1	0.6189278949399333	0.6393311030594028	([1071, 393], [1071, 900, 404])
1	0.6372152869141327	0.6394467120501789	([181, 60], [181, 178, 60])
1	0.5762827303751872	0.6394621442270377	([1041, 9], [1041, 1039, 977])
1	0.5073581197490273	0.6394771014175733	([789, 394], [566, 561, 490])
1	0.5993866394025389	0.6395781800983914	([1189, 50], [1158, 1125, 1123])
1	0.6182645924626864	0.639599907197576	([277, 242], [299, 283, 247])
1	0.6205266726492769	0.639625166483308	([433, 391], [433, 422, 391])
1	0.6365796113396082	0.6396299803034541	([910, 793], [910, 796, 793])
1	0.49853070876622174	0.6396848272235124	([1056, 394], [1056, 1047, 402])
1	0.5704944112966518	0.6397273302164149	([926, 1], [1115, 1102, 926])
1	0.6303150042362544	0.6397364802453074	([782, 658], [782, 774, 773])
1	0.6369154349514129	0.6398056783950103	([1082, 934], [1083, 1082, 934])
1	0.5602485537420119	0.6398599176778806	([977, 9], [1094, 1047, 1041])
1	0.6371756786810023	0.6398814761868649	([832, 15], [833, 832, 15])
1	0.5893405482629221	0.6399686369354879	([1211, 399], [1217, 1214, 1119])
1	0.6020272014777653	0.6399868899370071	([1091, 18], [1096, 1091, 18])
1	0.6326848930838062	0.640011825467023	([428, 388], [428, 388, 387])
1	0.6391498752515253	0.6400260781052597	([435, 258], [435, 316, 258])
1	0.6385925203827518	0.640162630389598	([313, 42], [313, 311, 42])
1	0.6311759194783392	0.640162630389598	([303, 42], [325, 311, 42])
1	0.6260807282134135	0.6401829467811875	([846, 51], [846, 822, 44])
1	0.6066541090917399	0.6402111046418683	([328, 49], [328, 323, 317])
1	0.63960519206261	0.6402230378540366	([445, 16], [445, 441, 16])
1	0.6215841272177242	0.6402245570598193	([152, 11], [123, 116, 21])
1	0.6255356069879981	0.6402384941438813	([1055, 41], [1054, 41, 11])
1	0.5637180035725395	0.6402391832531155	([851, 9], [875, 850, 831])
1	0.6201067976198502	0.6402762661863447	([793, 356], [793, 402, 379])
1	0.6134319290568013	0.6403222737413469	([167, 21], [167, 145, 21])
1	0.6320939074805126	0.6403752362855417	([1212, 1113], [1212, 1142, 1113])
1	0.5039628756484594	0.6403898557856992	([438, 394], [441, 417, 405])
1	0.6112596029306239	0.6404117055052315	([1170, 396], [1170, 1146, 396])
1	0.6181769811396411	0.6404302672922685	([1106, 54], [1138, 1106, 1105])
1	0.6195304238074579	0.6404673436865466	([1214, 19], [1207, 1157, 19])
1	0.6332352491178	0.6405303462482779	([1056, 935], [1056, 937, 935])
1	0.6041803979340863	0.6405783701537263	([1214, 17], [1214, 1169, 19])
1	0.5174459359635115	0.6405859060898504	([938, 394], [938, 920, 913])
1	0.6258536242949563	0.640640062227976	([299, 195], [299, 288, 181])
1	0.5856580095978942	0.6406443640484504	([1049, 953], [1049, 1048, 953])
1	0.6304166072895613	0.6406862152932774	([1155, 1025], [1155, 1124, 1025])
1	0.6081990322077248	0.6406929484096116	([122, 46], [122, 54, 52])
1	0.6280593780453498	0.6406929484096116	([133, 52], [133, 122, 52])
1	0.6145576411009879	0.640724778391345	([823, 397], [823, 397, 358])
1	0.6092062138251847	0.6407755976803319	([1093, 928], [1093, 1074, 928])
1	0.5244888705102932	0.6407897836653681	([30, 9], [406, 30, 9])
1	0.6310192756051142	0.6408063397436201	([410, 15], [410, 393, 368])
1	0.6291142412801216	0.6408125541357214	([1041, 885], [1057, 1041, 1039])
1	0.6361130674884089	0.6408592873778208	([796, 363], [782, 412, 363])
1	0.6205711171618158	0.6408866820328534	([992, 42], [992, 985, 968])
1	0.6231965923897702	0.6409114860161078	([1119, 1064], [1119, 1089, 1074])
1	0.6332199649800109	0.6409114860161078	([1214, 1074], [1214, 1119, 1074])
1	0.6022558883587394	0.6409287642286303	([956, 20], [941, 919, 20])
1	0.6013685245737698	0.640966787643723	([256, 20], [330, 318, 20])
1	0.6311576815697665	0.6410726715548422	([638, 497], [638, 552, 532])
1	0.639274027011521	0.6410875786148434	([1091, 1035], [1091, 1062, 1046])
1	0.6403663521294476	0.6411274806871484	([668, 654], [669, 668, 653])
1	0.6271473888633119	0.6411428201603283	([669, 646], [668, 664, 654])
1	0.618970385720919	0.6411618329472872	([634, 303], [634, 444, 429])
1	0.6406496139565349	0.6411618329472872	([653, 444], [653, 634, 444])
1	0.6337130256029269	0.6411869546403032	([1078, 10], [1075, 1063, 10])
1	0.6351620216289596	0.6412096451606883	([403, 308], [403, 308, 275])
1	0.6372948188040862	0.6412721499555645	([936, 819], [936, 900, 819])
1	0.6366673819667398	0.6413049467078645	([347, 119], [347, 324, 161])
1	0.6067844187539547	0.641314438594171	([842, 12], [864, 842, 12])
1	0.5042762733277881	0.6413270113857433	([172, 1], [392, 172, 169])
1	0.6047735300162438	0.6413270113857433	([1064, 172], [1064, 392, 172])
1	0.6254846320324104	0.6413310420303224	([414, 319], [414, 398, 307])
1	0.6386812329619057	0.6413631754903254	([390, 318], [390, 351, 350])
1	0.5207513062237866	0.6413650281973594	([482, 1], [432, 325, 312])
1	0.5882843080091424	0.6413855379442294	([609, 404], [658, 613, 612])
1	0.6283648911033628	0.6413877428502186	([980, 41], [1037, 980, 15])
1	0.6254001518835325	0.641437978521295	([1048, 902], [1052, 928, 908])
1	0.6285510131809093	0.641437978521295	([1064, 908], [1064, 1052, 908])
1	0.5957884816022768	0.6415137983719674	([492, 406], [492, 490, 2])
1	0.6341305960363469	0.6415289856495912	([387, 161], [347, 119, 118])
1	0.6088391151532998	0.6415289856495912	([387, 118], [387, 347, 118])
1	0.604812429884517	0.6415526200019265	([122, 54], [165, 131, 119])
1	0.6272088593118424	0.6415726748384871	([749, 696], [749, 718, 710])
1	0.6308695755629259	0.6416073413701116	([330, 52], [330, 260, 14])
1	0.6271593206109275	0.6416076368950067	([782, 15], [782, 475, 17])
1	0.5629446977797576	0.6416104337776427	([692, 1], [711, 710, 633])
1	0.619735539997297	0.6416122888424838	([625, 551], [625, 583, 553])
1	0.6356297525540738	0.641621038507011	([147, 44], [147, 112, 44])
1	0.5821552385880765	0.6416557706767372	([1209, 42], [1216, 1131, 11])
1	0.6375826851616978	0.6417161611902115	([278, 250], [290, 278, 243])
1	0.6359149796909089	0.6417276233683887	([366, 45], [381, 366, 45])
1	0.6337816658086977	0.6417642292441309	([1218, 1043], [1213, 1137, 1130])
1	0.629931675945681	0.6418440891007804	([325, 251], [1005, 964, 288])
1	0.6379738464696925	0.6418731434024514	([985, 18], [1037, 985, 18])
1	0.6328102070091488	0.6419148361047102	([309, 201], [309, 276, 201])
1	0.6395091986314294	0.642001634600124	([343, 45], [343, 336, 45])
1	0.6172007210751325	0.6420192186674687	([1050, 984], [1050, 984, 402])
1	0.6045317200783251	0.642025225069189	([1046, 934], [1046, 919, 907])
1	0.5749386297158048	0.642103611673844	([1055, 16], [1056, 910, 889])
1	0.5018888443115351	0.6421154390955205	([173, 19], [173, 97, 19])
1	0.6331872869191837	0.642117638665131	([466, 303], [466, 347, 321])
1	0.4908471712034199	0.6421267437857032	([392, 1], [238, 201, 0])
1	0.6209888347666657	0.6422204711364838	([855, 401], [875, 860, 401])
1	0.6238986360389089	0.6422738368527456	([311, 254], [311, 305, 254])
1	0.6016094451281377	0.6422778329449851	([746, 396], [746, 694, 397])
1	0.598216693310025	0.6422778329449851	([694, 397], [772, 746, 397])
1	0.6357092915048022	0.6422819867228583	([932, 811], [932, 903, 891])
1	0.6161013918587027	0.6423009758629987	([348, 41], [349, 348, 41])
1	0.6329604632550846	0.6423518930513487	([846, 406], [846, 819, 818])
1	0.5964083261574916	0.642468951467668	([166, 54], [165, 54, 47])
1	0.6064290032376202	0.6425099754801992	([832, 396], [832, 829, 396])
1	0.5704277253636856	0.642539880162926	([501, 1], [493, 482, 481])
1	0.6370748994054158	0.64254541959304	([716, 559], [716, 660, 641])
1	0.5984990883945609	0.6425635734244375	([780, 11], [799, 791, 11])
1	0.4888035661168785	0.6425889026876962	([401, 400], [400, 394, 371])
1	0.5955651732351064	0.6426318413947671	([928, 15], [946, 934, 926])
1	0.61707018965525	0.6426378787311806	([1086, 44], [1100, 1086, 1049])
1	0.6303736989185866	0.6426419212229596	([657, 462], [657, 492, 462])
1	0.636319863553278	0.6426774589482386	([645, 602], [645, 639, 602])
1	0.6268332481134782	0.6427036929995977	([252, 49], [325, 252, 247])
1	0.6222358711453432	0.6427055624963887	([1035, 956], [1035, 998, 956])
1	0.6367225816382203	0.6427055624963887	([1035, 976], [1035, 998, 976])
1	0.6413039432018984	0.642722461973827	([650, 318], [658, 650, 318])
1	0.5925710672498814	0.6428062759977179	([1118, 16], [1066, 880, 399])
1	0.626668698013441	0.6428313609907536	([957, 919], [957, 956, 919])
1	0.6240498599509786	0.6428599193973604	([712, 0], [750, 712, 0])
1	0.6416197193952313	0.6428760621912761	([1017, 952], [1017, 982, 970])
1	0.6371407937402751	0.6428968574828273	([769, 646], [731, 646, 542])
1	0.63869962072423	0.6429226565609276	([863, 798], [873, 863, 798])
1	0.5891578399413006	0.6430359797679915	([475, 49], [475, 49, 44])
1	0.6377011121212882	0.6430359797679915	([478, 44], [478, 475, 44])
1	0.5878673046341067	0.6431244387646863	([899, 15], [899, 832, 402])
1	0.6407386187426095	0.6431964908052686	([1017, 20], [1035, 1017, 20])
1	0.6160941480105019	0.6432005542212967	([569, 49], [585, 572, 567])
1	0.6223352918431466	0.643235449872298	([350, 269], [350, 329, 269])
1	0.6422456108467717	0.6432853244224044	([603, 54], [603, 54, 51])
1	0.6337216714252455	0.6432970858304463	([976, 948], [976, 969, 956])
1	0.6082212202680564	0.6433074419461893	([715, 17], [715, 693, 660])
1	0.6340989733398408	0.643363109166378	([1166, 52], [1166, 1165, 52])
1	0.6202796925414669	0.6433794925296439	([1109, 874], [1109, 886, 874])
1	0.6375861438573318	0.6434319062187184	([599, 16], [606, 599, 16])
1	0.6257679268230996	0.6435067928218241	([916, 371], [925, 916, 364])
1	0.6361418066615155	0.6435084614560151	([747, 643], [747, 717, 643])
1	0.5629994498221093	0.6436014687323995	([396, 13], [396, 107, 13])
1	0.6378861419243216	0.6436191913482524	([1032, 967], [1032, 994, 992])
1	0.6395947645206881	0.6436747906262756	([661, 393], [661, 408, 394])
1	0.5487807588111893	0.6436747906262756	([692, 404], [661, 408, 404])
1	0.5819058908270439	0.6437638200302763	([1016, 45], [1016, 981, 32])
1	0.5954883507906955	0.6438423149229147	([154, 52], [154, 143, 52])
1	0.5812428159666945	0.6438701791104405	([1031, 173], [962, 947, 946])
1	0.6157184072504105	0.6439169516600872	([585, 52], [653, 607, 572])
1	0.6009081383027501	0.6439330486641833	([954, 16], [975, 962, 173])
1	0.6345155717557899	0.6439691993047528	([672, 638], [706, 677, 638])
1	0.6316025575820138	0.6440044150840243	([419, 260], [439, 419, 260])
1	0.6413328221896101	0.6440091088790298	([1096, 870], [1096, 870, 814])
1	0.6129488366644031	0.6440571896324384	([1087, 15], [1098, 1087, 15])
1	0.6248711164042313	0.6441380773190049	([163, 17], [158, 119, 42])
1	0.6197420161018017	0.6441645046169854	([1142, 405], [1120, 1074, 1065])
1	0.5843851745075607	0.6442011165398408	([288, 252], [303, 302, 223])
1	0.6056039206906568	0.6442515837359668	([141, 45], [141, 58, 50])
1	0.5960134178678469	0.6442515837359668	([141, 50], [141, 118, 58])
1	0.6390664365967877	0.6443371502702044	([649, 567], [649, 640, 558])
1	0.6132828862236817	0.6444322529407492	([1153, 399], [1214, 1153, 1148])
1	0.5907767976272482	0.6444614801375937	([275, 44], [392, 264, 44])
1	0.4958790173355648	0.6444664282627489	([41, 2], [258, 13, 12])
1	0.5896528805604911	0.6446010594170419	([1171, 403], [1214, 1213, 403])
1	0.6256934724211995	0.6446662913338831	([559, 42], [559, 557, 464])
1	0.5794766825450909	0.6446864420005458	([1145, 404], [1143, 1142, 402])
1	0.6196206703767326	0.644746131138218	([206, 17], [412, 219, 17])
1	0.6392701308158066	0.6447475770866153	([635, 493], [617, 613, 547])
1	0.600765666951984	0.6447691857619289	([894, 44], [894, 392, 44])
1	0.5479222847862424	0.6447691857619289	([939, 1], [894, 392, 364])
1	0.6337384068863527	0.6447699308224942	([1043, 355], [1053, 1043, 1038])
1	0.5593147323743533	0.644780056643652	([311, 238], [311, 254, 223])
1	0.6300206061682788	0.644798461077831	([135, 80], [125, 80, 44])
1	0.5169484471001694	0.6448060935455622	([542, 288], [325, 303, 288])
1	0.5758057736452415	0.6448088266814554	([272, 21], [269, 265, 21])
1	0.6325672843386428	0.6448252572964082	([400, 204], [400, 399, 204])
1	0.6438396044575557	0.6448305746419641	([566, 275], [580, 566, 275])
1	0.6397779426953805	0.6448423229751412	([790, 334], [790, 408, 403])
1	0.6265608409450558	0.6448645978960428	([717, 492], [719, 717, 492])
1	0.6260388203718915	0.6449419566144579	([929, 821], [913, 873, 872])
1	0.634840212414361	0.6449483665771122	([1144, 1055], [1144, 1084, 1076])
1	0.6291980251927186	0.6450002741904463	([385, 18], [385, 368, 357])
1	0.6366110460619291	0.6450043554826451	([1082, 891], [1082, 1059, 891])
1	0.5439517745962433	0.64502894598202	([262, 42], [330, 262, 260])
1	0.6295183878912455	0.6450301461142444	([732, 17], [760, 734, 17])
1	0.6092751356197096	0.6450385099836764	([1211, 12], [1211, 1151, 12])
1	0.6120397738774588	0.6451445751615114	([652, 49], [569, 554, 541])
1	0.6442793069325864	0.6452013735840932	([701, 646], [709, 701, 646])
1	0.6316298460811964	0.6452013735840932	([731, 542], [731, 709, 646])
1	0.6451776335911854	0.6452969627956032	([1062, 879], [1062, 1061, 879])
1	0.6192967667680946	0.6453104543123047	([1113, 891], [1113, 1109, 902])
1	0.6231160241256873	0.6453413823297551	([968, 15], [968, 949, 946])
1	0.6065202732394485	0.6453866772983434	([662, 17], [775, 748, 715])
1	0.6064653092526587	0.6454270412576364	([571, 33], [644, 571, 568])
1	0.6416624983612739	0.6454297964419782	([1044, 53], [1068, 1044, 1043])
1	0.6389888958539554	0.6454372236956372	([972, 14], [995, 972, 14])
1	0.5652817810736022	0.6454943150927751	([238, 132], [238, 162, 128])
1	0.5893154534988673	0.6456492093182463	([717, 9], [717, 712, 565])
1	0.6304367500785167	0.6456506587497555	([1108, 912], [1107, 1097, 912])
1	0.5449830576072743	0.6457234194808433	([558, 238], [558, 548, 529])
1	0.6448746124323821	0.645736287585086	([359, 266], [402, 359, 334])
1	0.6411379467862015	0.6457774929796757	([718, 393], [781, 718, 716])
1	0.5970008245618774	0.6459344004984224	([599, 50], [610, 599, 579])
1	0.6047792038614467	0.6459835559012843	([1174, 15], [1144, 1137, 15])
1	0.5928597781494948	0.6459905302440723	([1005, 429], [1006, 964, 325])
1	0.5849837623633267	0.646089836743357	([817, 49], [895, 817, 811])
1	0.6352755592395335	0.6461458812583905	([252, 178], [252, 178, 176])
1	0.5894999073340362	0.6461552942798159	([694, 9], [718, 696, 666])
1	0.6155139421960698	0.6461770811077081	([1100, 44], [1120, 1100, 1078])
1	0.6045709390719857	0.6462309172666777	([1053, 42], [1053, 930, 925])
1	0.5148268995338314	0.6462801209920859	([656, 394], [661, 557, 435])
1	0.5908234835361322	0.6463634612172485	([171, 16], [165, 120, 42])
1	0.5646626319821372	0.6463831200055858	([557, 50], [564, 491, 471])
1	0.5819731157490186	0.6463831420393885	([254, 9], [256, 254, 11])
1	0.6389338974652258	0.6463831420393885	([712, 256], [712, 256, 11])
1	0.6420468139137504	0.6463941641838347	([774, 564], [774, 714, 558])
1	0.5997446444387922	0.6463945450138868	([1044, 49], [1076, 1048, 402])
1	0.6296146039662887	0.6464651392978555	([544, 283], [544, 543, 287])
1	0.6335934825297163	0.6466102635762649	([400, 170], [400, 170, 144])
1	0.631836742520245	0.6467274843811506	([638, 252], [638, 498, 429])
1	0.6332158139517361	0.6467793935149478	([1178, 1026], [1183, 1124, 1026])
1	0.6267092414286238	0.6468356421682088	([560, 0], [560, 557, 0])
1	0.6430289136928611	0.6468469181372493	([285, 188], [289, 285, 184])
1	0.6364009990396272	0.6468643526265893	([234, 183], [292, 288, 244])
1	0.6442397883852781	0.646869814295652	([936, 363], [936, 920, 363])
1	0.635979022575984	0.6468882447969312	([610, 536], [617, 610, 536])
1	0.6355915892105125	0.6469487762535253	([306, 211], [306, 304, 203])
1	0.6321575702043548	0.6469886328144446	([421, 350], [421, 395, 350])
1	0.6466660745081071	0.647019472751434	([1125, 20], [1135, 1128, 20])
1	0.633911181940325	0.6470746357991269	([1077, 797], [1077, 928, 880])
1	0.6054370202420745	0.6470777785151681	([447, 173], [453, 428, 387])
1	0.6410130002243857	0.6471063848252889	([1096, 814], [1110, 1096, 870])
1	0.5757615370443008	0.6471363137953169	([609, 17], [308, 274, 219])
1	0.5881230565959007	0.6472137550093082	([106, 41], [106, 96, 41])
1	0.6441661954458401	0.6473138937717435	([910, 355], [910, 893, 882])
1	0.6425137339573296	0.6473823657561644	([769, 496], [769, 706, 497])
1	0.6423132538644644	0.6473958066404459	([308, 197], [302, 301, 197])
1	0.5820560467916595	0.647657358478029	([370, 53], [370, 367, 53])
1	0.6420744172592907	0.647728699584363	([334, 270], [334, 270, 216])
1	0.5763466728682478	0.6477561471592003	([1084, 1], [1084, 1054, 1045])
1	0.5968176520561901	0.6477820779551996	([660, 20], [660, 407, 403])
1	0.5404588683069377	0.6477953002736031	([656, 238], [634, 568, 545])
1	0.6472727868293855	0.647805880672176	([160, 48], [160, 157, 46])
1	0.6212236550360984	0.6478111884110879	([697, 16], [697, 662, 640])
1	0.6318794649534732	0.6478572273543358	([150, 71], [150, 108, 105])
1	0.6448261638770078	0.647857738469388	([1177, 989], [1177, 1124, 1025])
1	0.6394402283724738	0.6479953939161062	([641, 221], [641, 276, 221])
1	0.6421256204701331	0.6480205261802073	([420, 208], [420, 405, 390])
1	0.6432721367988355	0.6480253660219399	([924, 797], [924, 899, 888])
1	0.6450733957877473	0.6480454240063837	([944, 411], [944, 925, 411])
1	0.6459178815609558	0.6480479716039796	([831, 377], [884, 831, 377])
1	0.5932254211513959	0.6481217263062491	([219, 2], [219, 206, 2])
1	0.6195504450503302	0.6481277538886167	([428, 2], [428, 421, 415])
1	0.5973328131646257	0.6481716769626706	([200, 21], [269, 208, 21])
1	0.5372738111915387	0.6482415378564437	([890, 394], [890, 868, 861])
1	0.6153101576168645	0.6482415819098412	([662, 16], [559, 219, 206])
1	0.6414110757615451	0.6482779675937558	([871, 53], [871, 865, 53])
1	0.6277243962573981	0.648288999236152	([706, 638], [769, 646, 638])
1	0.6249622134615941	0.6483040716308258	([810, 367], [810, 398, 368])
1	0.6421383447011454	0.648305079575151	([797, 41], [818, 797, 403])
1	0.5906408988819588	0.6483528911039742	([174, 17], [174, 56, 41])
1	0.6057399764584579	0.648381926916366	([850, 10], [864, 850, 10])
1	0.6454306448382644	0.6485456329319041	([694, 52], [694, 662, 399])
1	0.637546276215592	0.6485550128468897	([637, 582], [637, 607, 582])
1	0.5942405772293397	0.6485874909383597	([179, 54], [179, 60, 54])
1	0.637925695220722	0.6486941375852495	([261, 147], [398, 261, 147])
1	0.6479780936529594	0.6488137176183882	([493, 301], [493, 492, 302])
1	0.6208066460400796	0.6488447858152185	([976, 405], [1050, 984, 976])
1	0.5784856097813149	0.6488632235125112	([387, 50], [965, 964, 387])
1	0.6331611852558529	0.6488853345994179	([254, 16], [254, 212, 16])
1	0.6472423795146101	0.6489504110654477	([1120, 1021], [1120, 1021, 984])
1	0.5954578113331145	0.6489857163322333	([549, 17], [621, 613, 537])
1	0.5552253945112603	0.6490449711379048	([438, 1], [456, 438, 420])
1	0.6299127611675406	0.6490456140732533	([1065, 54], [1065, 904, 54])
1	0.6417140528404983	0.6490873282818489	([416, 385], [421, 416, 385])
1	0.6303122905804376	0.6491103765607009	([860, 14], [872, 860, 411])
1	0.6433040855528085	0.6491226186148813	([792, 360], [792, 400, 392])
1	0.6465132847838067	0.6491621369619447	([653, 555], [653, 607, 555])
1	0.6486839562385524	0.6491624002536761	([1133, 939], [1133, 939, 919])
1	0.6426974439393219	0.6491944281880215	([945, 395], [960, 945, 395])
1	0.6351591476030503	0.6493308872315551	([908, 356], [908, 893, 370])
1	0.5880747643896822	0.6493396400232149	([491, 15], [491, 475, 441])
1	0.6218205664928852	0.6493595258844489	([491, 19], [491, 477, 471])
1	0.6480523846193424	0.6493613537967409	([1097, 813], [1097, 926, 813])
1	0.6485222038683682	0.6494003093828656	([1088, 958], [1088, 958, 943])
1	0.6405804770483936	0.6494678476372298	([717, 318], [717, 658, 643])
1	0.6029402628540067	0.6494696895121558	([774, 2], [774, 712, 0])
1	0.6455415237109339	0.649474064030921	([268, 170], [395, 268, 170])
1	0.6195676099896336	0.6495036163417266	([719, 573], [717, 560, 557])
1	0.6460542673491226	0.6495472872847496	([1055, 401], [1087, 1055, 401])
1	0.6342416470586558	0.6495625651850887	([1074, 878], [1070, 1066, 880])
1	0.6481425778470304	0.6495778285436878	([1213, 18], [1213, 1113, 18])
1	0.5611203114172686	0.6495908743916974	([327, 238], [414, 327, 319])
1	0.646952159310132	0.6495910439091865	([1067, 887], [1085, 1067, 1053])
1	0.6471148920434491	0.6496395482460736	([1119, 41], [1119, 41, 11])
1	0.6490239856477878	0.649765935226408	([562, 482], [562, 482, 402])
1	0.630536727412969	0.6498226580588	([1100, 811], [1100, 904, 811])
1	0.6355638148964833	0.649834081383329	([896, 372], [896, 408, 393])
1	0.6277313919805293	0.6498668097717378	([943, 32], [981, 943, 940])
1	0.6430784402507442	0.6499951196572139	([807, 332], [807, 781, 398])
1	0.6479565804114223	0.6500054948519342	([1088, 943], [1088, 943, 937])
1	0.6298710954177649	0.650119947357858	([1047, 792], [1047, 1037, 805])
1	0.6480280626710158	0.6501339789681494	([660, 215], [660, 217, 215])
1	0.6049204257951559	0.6501581353758461	([277, 45], [277, 275, 45])
1	0.6135048376320543	0.650184415675049	([753, 699], [753, 734, 699])
1	0.6405114391762168	0.6502167132959946	([1046, 947], [1046, 986, 983])
1	0.6418609857779657	0.6502167132959946	([1052, 986], [1052, 1046, 986])
1	0.638144705037147	0.6502245263050496	([641, 276], [641, 559, 206])
1	0.5908233595856859	0.6502253882344284	([1174, 404], [1174, 1145, 1129])
1	0.6425344488198443	0.6502380722212749	([609, 399], [665, 643, 609])
1	0.619211254395283	0.650301908773793	([565, 392], [565, 411, 410])
1	0.636276519513514	0.6503325029346219	([994, 941], [994, 979, 941])
1	0.6437609529863811	0.6503440273310244	([812, 361], [812, 411, 409])
1	0.6289474753641969	0.6503762221591414	([761, 49], [761, 744, 741])
1	0.6439942611085036	0.650402630941157	([156, 14], [156, 146, 19])
1	0.6347476853654883	0.6504103384495965	([952, 893], [952, 893, 15])
1	0.5859371604582626	0.6504225653163971	([123, 33], [123, 62, 45])
1	0.6435259535966493	0.6504329522140931	([1133, 919], [1133, 1083, 1075])
1	0.643375592483649	0.6504502205222633	([378, 54], [378, 330, 54])
1	0.5066723357204318	0.6504502205222633	([403, 54], [403, 330, 54])
1	0.6430618753330366	0.650452428126656	([716, 475], [716, 712, 490])
1	0.6377298136753972	0.6504786822053171	([808, 32], [808, 395, 365])
1	0.6022065876965781	0.650480231668514	([538, 52], [554, 291, 183])
1	0.6300723778702405	0.650489390506215	([402, 306], [414, 402, 306])
1	0.5552620995061147	0.6504946557656853	([238, 162], [118, 101, 0])
1	0.6407547928952376	0.6505409945930992	([173, 136], [173, 144, 136])
1	0.6294042898976404	0.6505591912328558	([157, 46], [160, 118, 58])
1	0.62424369905874	0.6505837554665531	([1055, 806], [1063, 1055, 806])
1	0.638416139963908	0.6505999080825751	([813, 381], [813, 398, 379])
1	0.6354800419271882	0.6506251840185542	([714, 558], [774, 712, 662])
1	0.6294902223473833	0.6506339213787705	([1073, 875], [1073, 939, 882])
1	0.6397046217043953	0.6506811342059978	([1108, 807], [1108, 887, 807])
1	0.6222351469344907	0.6507238810383414	([1151, 31], [1189, 1185, 45])
1	0.6226620264801213	0.6507372088256203	([367, 260], [367, 260, 44])
1	0.5586806884214779	0.6508138568898181	([403, 107], [403, 398, 105])
1	0.5952502075864992	0.6508165830065841	([610, 50], [599, 572, 569])
1	0.6203051815385607	0.6508207532851465	([307, 225], [307, 301, 225])
1	0.6404539999737104	0.6508267060843312	([304, 222], [304, 224, 222])
1	0.6503511035955225	0.6508267060843312	([310, 224], [310, 304, 224])
1	0.6410325091802963	0.6508604938535648	([1108, 932], [1108, 1081, 932])
1	0.5629912330950823	0.6508637588147806	([314, 12], [316, 314, 12])
1	0.6479975778276489	0.6509006621713997	([938, 354], [938, 404, 367])
1	0.6305589922501591	0.6509006621713997	([924, 367], [938, 924, 367])
1	0.63122238747825	0.6509132313034242	([931, 780], [931, 780, 11])
1	0.6478315550644631	0.6509193236963812	([518, 238], [531, 518, 499])
1	0.6373757514271164	0.6510214758184291	([811, 335], [818, 811, 359])
1	0.6054555087121021	0.6510600910174188	([645, 404], [645, 614, 602])
1	0.6492079173544366	0.6511353348776536	([633, 454], [633, 492, 454])
1	0.536831951823832	0.6511960239031577	([771, 238], [771, 710, 633])
1	0.5198389967573618	0.6512045897844674	([868, 394], [857, 818, 403])
1	0.6472141623602505	0.6512089080742649	([1019, 173], [1031, 1019, 997])
1	0.6379817214804964	0.6512519656144655	([295, 251], [293, 283, 252])
1	0.6281132079437991	0.6512778447784812	([611, 485], [611, 567, 556])
1	0.6488664021287742	0.6512780146059247	([772, 52], [772, 52, 44])
1	0.6438971287866335	0.6512780146059247	([772, 275], [772, 275, 44])
1	0.6488921909675895	0.6513425102725391	([613, 411], [613, 565, 548])
1	0.6295928044364192	0.6513670894125723	([1212, 401], [1220, 1212, 397])
1	0.607811572490927	0.6513781409164808	([612, 33], [719, 612, 573])
1	0.648477060672087	0.6514094120457771	([503, 296], [503, 499, 296])
1	0.6188549770952059	0.6514531114188187	([661, 44], [777, 717, 661])
1	0.6448945320544534	0.6514696601323289	([663, 275], [663, 660, 273])
1	0.5747042520155905	0.6514774229142307	([1016, 402], [1042, 1016, 18])
1	0.642160515395903	0.6514899622582258	([1080, 787], [1080, 809, 787])
1	0.6471593750565825	0.6514899622582258	([1060, 809], [1080, 1060, 809])
1	0.640556555444977	0.6515584386026331	([459, 2], [459, 432, 428])
1	0.6452714245766751	0.6516765366527979	([643, 489], [643, 633, 492])
1	0.6380744533466914	0.6516996206692939	([712, 420], [712, 258, 256])
1	0.6344595487731808	0.6518153563271395	([310, 204], [310, 224, 221])
1	0.6508591992549895	0.6518663152799602	([642, 275], [642, 564, 275])
1	0.6419822676166521	0.651890628072266	([1212, 1073], [1212, 1109, 1096])
1	0.6457646583336941	0.6519682012363466	([1144, 374], [1144, 374, 10])
1	0.5059228907995046	0.6520182739679519	([492, 238], [609, 399, 212])
1	0.6154064728023203	0.652076620414851	([1066, 171], [1072, 1066, 171])
1	0.5921828304046822	0.6521389918108194	([992, 49], [991, 985, 44])
1	0.631941856890107	0.6522779697756642	([401, 210], [409, 401, 206])
1	0.6427753982779065	0.6523234806158928	([703, 44], [711, 703, 44])
1	0.6300414557546883	0.6523567429855114	([396, 306], [396, 316, 306])
1	0.6521726056206477	0.6524092505112562	([1026, 2], [1027, 1026, 2])
1	0.6365873783061337	0.6524741967734292	([1125, 52], [1134, 1125, 1120])
1	0.5977977046392691	0.652533112041549	([1103, 50], [1121, 1103, 1079])
1	0.6464127626016338	0.6526174850746042	([775, 663], [775, 715, 714])
1	0.6476904657210811	0.6526440173116933	([795, 374], [795, 791, 374])
1	0.6472032773649187	0.6527593464269182	([1120, 984], [1120, 1045, 1035])
1	0.6212787725869642	0.6528059522676033	([1065, 45], [1117, 1065, 1045])
1	0.6327421275905214	0.6528899918331034	([298, 248], [298, 278, 276])
1	0.6355354975270809	0.6529378764062058	([560, 310], [717, 560, 310])
1	0.644990918736959	0.6529588889041018	([1205, 41], [1205, 1181, 41])
1	0.6347024077710439	0.653017987343355	([297, 228], [297, 276, 241])
1	0.6508571686398176	0.6530215348420199	([905, 375], [905, 396, 362])
1	0.5884383942817806	0.6530281962165246	([273, 2], [273, 270, 2])
1	0.6331611067286315	0.6530502986163196	([1211, 1100], [1211, 1170, 1100])
1	0.5719306482337675	0.6530519744229675	([505, 301], [505, 295, 251])
1	0.648253006591013	0.6530715614503365	([494, 181], [541, 495, 494])
1	0.6035260390790197	0.6530954763712097	([994, 401], [1013, 994, 401])
1	0.5511389621304309	0.653165947142207	([1120, 44], [1170, 1134, 1100])
1	0.6313820880669899	0.65317382013352	([613, 52], [613, 612, 52])
1	0.6100600345957042	0.6532510041658431	([508, 285], [508, 285, 253])
1	0.6520181264803229	0.6532591873931759	([381, 173], [387, 384, 382])
1	0.6273703698635157	0.6532803989439739	([636, 502], [628, 547, 546])
1	0.6136570052509488	0.6533580496762549	([408, 13], [408, 270, 13])
1	0.6255010478146847	0.6533685129735566	([763, 704], [770, 763, 704])
1	0.6213983553568013	0.6534018299714257	([400, 154], [400, 397, 149])
1	0.541000166742182	0.653424008069734	([558, 6], [575, 558, 548])
1	0.6460506629004541	0.6534241742115552	([776, 481], [776, 714, 481])
1	0.5716328412257131	0.6534941026043538	([387, 349], [325, 142, 118])
1	0.6495868852809416	0.6535026440396443	([951, 10], [951, 945, 10])
1	0.6489955161999826	0.65352489383082	([133, 12], [133, 123, 11])
1	0.6534172203157499	0.6535684649000183	([1074, 948], [1074, 948, 939])
1	0.6477078561045729	0.6535824958952282	([558, 313], [558, 313, 275])
1	0.6497760521773209	0.6535880674694926	([773, 435], [773, 435, 2])
1	0.6385539218646105	0.6536442022294375	([873, 54], [873, 814, 403])
1	0.6347167162065888	0.6536453328784547	([778, 390], [778, 777, 420])
1	0.6354409376883146	0.6537120677613477	([712, 490], [774, 716, 400])
1	0.6212368846346509	0.6538151062946017	([310, 21], [310, 200, 199])
1	0.652647501541961	0.6538207623864069	([577, 494], [577, 556, 494])
1	0.6472475754521112	0.6538656704807647	([307, 18], [308, 206, 18])
1	0.6439863762490314	0.6539231907091482	([631, 530], [631, 630, 530])
1	0.6493810423773733	0.6539532197598956	([611, 538], [611, 556, 538])
1	0.6415289893088718	0.6539625561626182	([1130, 951], [1130, 1120, 984])
1	0.6511726746704185	0.6539732657707815	([1190, 44], [1190, 1183, 44])
1	0.6519886211821604	0.6540710100387458	([640, 306], [640, 306, 254])
1	0.5941827329944575	0.6541063489873155	([151, 12], [151, 147, 12])
1	0.5931824768126776	0.6541598891062618	([214, 44], [260, 214, 44])
1	0.5913447065014603	0.6542294335965793	([547, 404], [614, 556, 547])
1	0.6392929794927271	0.6542627127004732	([1117, 796], [1117, 796, 403])
1	0.6250617391715066	0.6542690146514162	([1191, 49], [1204, 1191, 52])
1	0.6410115391382434	0.6543383142307103	([1215, 1052], [1215, 1213, 1052])
1	0.6455979247543409	0.6543503987756262	([227, 200], [310, 227, 221])
1	0.6507797147442335	0.654371445214271	([916, 53], [916, 895, 53])
1	0.619712076673155	0.6544043580198776	([368, 18], [920, 370, 360])
1	0.6368729502472599	0.6544258395534196	([761, 50], [761, 741, 737])
1	0.6156397578975732	0.6544315486994841	([897, 52], [909, 897, 885])
1	0.6386570933838422	0.6544468503966914	([650, 417], [659, 650, 472])
1	0.6288228515429404	0.6545102656066225	([1095, 858], [1095, 874, 858])
1	0.6491208574528652	0.6545317763833093	([1112, 897], [1112, 1091, 897])
1	0.6070994206275745	0.6545560433917227	([322, 2], [341, 332, 2])
1	0.6429927753325945	0.6546224859193488	([970, 207], [970, 956, 14])
1	0.6327493432424545	0.6547468563005583	([1171, 1038], [1218, 1171, 1038])
1	0.6545994957205333	0.6548062766114735	([664, 45], [664, 632, 44])
1	0.6124765357768609	0.6548062766114735	([632, 44], [664, 661, 44])
1	0.6522945063568099	0.6548143307474756	([525, 284], [525, 497, 284])
1	0.6406760721781867	0.6548206409835451	([244, 59], [244, 181, 59])
1	0.6491912653111577	0.6548566749606106	([967, 31], [967, 947, 44])
1	0.6546693133929574	0.6548645059921275	([408, 106], [408, 361, 106])
1	0.6531573535524069	0.6549084244346873	([986, 918], [986, 945, 918])
1	0.5958515322735072	0.6549681475384761	([288, 181], [312, 299, 181])
1	0.6458436231692436	0.654978824589099	([561, 269], [561, 269, 209])
1	0.6522620333223544	0.6549851221827472	([496, 190], [496, 288, 183])
1	0.6249099062854507	0.6549923153036926	([907, 172], [1088, 1064, 172])
1	0.6475355436800811	0.6549929890115981	([1089, 945], [1089, 945, 928])
1	0.6535195440248233	0.6550318881486751	([762, 52], [762, 761, 52])
1	0.6352295197331341	0.6550568641974531	([170, 20], [170, 149, 20])
1	0.6228505514267966	0.655072077977611	([1137, 1043], [1215, 1107, 1042])
1	0.6510089181394426	0.6550881841337081	([207, 172], [392, 258, 172])
1	0.6386632440510708	0.6551526609378947	([560, 412], [560, 435, 412])
1	0.6174148129548381	0.6551717667656467	([711, 304], [711, 616, 304])
1	0.6374931999826056	0.6552138385964967	([419, 113], [419, 411, 113])
1	0.6449858109026367	0.6552329264191604	([638, 285], [638, 294, 285])
1	0.6525521407841568	0.6552484534744576	([481, 12], [481, 397, 271])
1	0.5856235140188535	0.655347471547246	([488, 50], [564, 488, 471])
1	0.6326320351629681	0.6553593122572746	([1104, 53], [1121, 1104, 1086])
1	0.604500515424679	0.6554577976474129	([1038, 54], [1065, 1038, 943])
1	0.602896945384599	0.6554606985332293	([1115, 21], [1115, 888, 883])
1	0.6495410311378673	0.6554750779054743	([715, 260], [715, 391, 257])
1	0.6475972915804729	0.6554841813188949	([442, 14], [442, 413, 52])
1	0.6233227720860867	0.6554841813188949	([491, 52], [491, 442, 52])
1	0.6496511033119524	0.6555071609062747	([719, 441], [719, 563, 441])
1	0.6370798194104796	0.6555309478240056	([922, 826], [922, 890, 886])
1	0.6476699230949688	0.6555702528799112	([558, 420], [563, 558, 420])
1	0.6465599727809109	0.6555730900259514	([1069, 810], [1111, 1084, 810])
1	0.6235729861274429	0.6556140809507102	([1093, 791], [1093, 929, 791])
1	0.6020243843280448	0.6556257642571524	([946, 397], [946, 939, 918])
1	0.606444869826531	0.6556604734591926	([1165, 49], [1177, 1156, 44])
1	0.5190698260158955	0.6557349479126018	([558, 394], [558, 481, 463])
1	0.6054598837417385	0.6558463610285906	([1127, 402], [1219, 1175, 1152])
1	0.6433849332769592	0.6558580771670515	([1172, 1041], [1172, 1057, 1041])
1	0.6168950435951573	0.6558916472554456	([908, 32], [908, 816, 32])
1	0.6188991651002143	0.6559559817046048	([946, 393], [946, 942, 393])
1	0.6347928290471956	0.6560296119802396	([613, 319], [642, 613, 319])
1	0.6558329017670487	0.656115158230148	([524, 187], [532, 524, 187])
1	0.6481899046753811	0.656115576158394	([228, 197], [228, 223, 197])
1	0.6070171287786053	0.6561385296722859	([179, 45], [179, 177, 45])
1	0.6424104048466664	0.6561389686431336	([662, 52], [694, 642, 613])
1	0.6400265204548489	0.6561477205844054	([675, 495], [675, 646, 495])
1	0.6533566787179003	0.656167109285744	([777, 477], [777, 477, 392])
1	0.5270061991837116	0.6562756864802526	([883, 6], [883, 814, 797])
1	0.6509193183911347	0.6562998400995659	([417, 145], [417, 398, 147])
1	0.622500532146252	0.65634038274514	([613, 220], [613, 319, 308])
1	0.6561248607543295	0.6563510415294952	([603, 432], [603, 484, 432])
1	0.6411425938922651	0.6563510415294952	([603, 44], [603, 498, 484])
1	0.6032521239932631	0.6564138687501829	([1172, 53], [1172, 1166, 53])
1	0.655358007738422	0.6565177777389137	([943, 259], [943, 938, 354])
1	0.639675500372771	0.6565293297439652	([422, 274], [422, 390, 274])
1	0.6499437653787898	0.6566039710146827	([983, 10], [996, 983, 10])
1	0.6252522941713412	0.6566039710146827	([998, 10], [998, 996, 10])
1	0.565891902138354	0.6566324894429475	([953, 33], [1058, 953, 906])
1	0.6408696894486727	0.6566424424576507	([301, 245], [301, 297, 245])
1	0.6416722914247962	0.656649991587377	([1216, 1087], [1216, 1118, 1105])
1	0.6185967266496317	0.6566512738821929	([663, 395], [663, 660, 395])
1	0.6508093830031226	0.6566513129937758	([671, 496], [699, 672, 42])
1	0.6366321683637751	0.6567391141054336	([1221, 1075], [1173, 1140, 1075])
1	0.6447838086889872	0.6568119005064109	([1048, 369], [1048, 369, 12])
1	0.6503364638599429	0.6568186004982991	([679, 625], [679, 653, 637])
1	0.6567492434758643	0.6568186004982991	([673, 637], [679, 673, 637])
1	0.6402472056598301	0.6569720718406968	([383, 326], [383, 329, 326])
1	0.6105214941915801	0.6569740098462568	([565, 411], [565, 559, 440])
1	0.6536611574057332	0.65698362632993	([1096, 952], [1096, 1065, 952])
1	0.649575563318651	0.6570593440688285	([152, 63], [152, 103, 63])
1	0.6549941507044669	0.6571172117926786	([733, 52], [772, 745, 52])
1	0.6557629351993884	0.6571335171615692	([663, 173], [663, 213, 205])
1	0.6400565310872549	0.6571335171615692	([663, 213], [663, 275, 205])
1	0.6301773411166335	0.657161642774763	([1079, 41], [1079, 1067, 920])
1	0.6457801408988225	0.6571767460443018	([950, 171], [953, 950, 41])
1	0.6570804019049159	0.6571834711997597	([337, 171], [339, 337, 171])
1	0.6569294022258735	0.6571874534121404	([1033, 945], [1033, 967, 945])
1	0.5551901873821361	0.6572276376387717	([826, 50], [826, 50, 18])
1	0.6491152438830063	0.6572276376387717	([826, 334], [826, 334, 18])
1	0.6335162809414273	0.6572484157454841	([976, 45], [997, 976, 971])
1	0.6566090541073473	0.6572501376737688	([1187, 988], [1187, 1160, 1124])
1	0.623281022753682	0.6573244979751626	([586, 45], [603, 589, 51])
1	0.6526587833989178	0.6573573077580694	([438, 20], [658, 438, 20])
1	0.65369776475707	0.6574042472745529	([649, 483], [649, 567, 483])
1	0.6534554884531156	0.6574788976303229	([1140, 1044], [1140, 1044, 996])
1	0.6016802771166802	0.6574830180893486	([695, 49], [696, 652, 650])
1	0.6451133658633652	0.657516409375072	([781, 266], [781, 402, 266])
1	0.657145598366593	0.6575239769324014	([615, 307], [616, 615, 307])
1	0.6386630113969352	0.6576008761006897	([236, 196], [299, 242, 196])
1	0.6085912770947367	0.6576798891984085	([1206, 9], [1206, 1181, 11])
1	0.6447709917013853	0.6578683309118135	([775, 563], [775, 563, 398])
1	0.6285181867583401	0.6579876551931394	([225, 52], [267, 255, 216])
1	0.5608645626793219	0.6580146012249962	([404, 174], [404, 205, 174])
1	0.6227407847760102	0.6580879610865865	([466, 54], [586, 572, 51])
1	0.6573420537157546	0.6582501087614072	([665, 465], [665, 654, 557])
1	0.6565546880297244	0.6583184169620233	([440, 31], [440, 421, 19])
1	0.6052316852506864	0.6583184169620233	([421, 19], [559, 440, 19])
1	0.6549604179189449	0.6583226253232682	([943, 796], [943, 796, 403])
1	0.6370346790126361	0.6583268404097263	([1043, 29], [1067, 1049, 29])
1	0.6538691101545286	0.6583864690924627	([1009, 0], [1009, 965, 0])
1	0.5456691012833635	0.6583914732508749	([397, 43], [397, 339, 43])
1	0.6389009573736263	0.6584085161940814	([812, 10], [902, 812, 403])
1	0.6475542726595962	0.6584808188048678	([1150, 14], [1150, 937, 398])
1	0.6424270812135409	0.6584884271146407	([881, 472], [881, 796, 472])
1	0.6514044321353846	0.65854492789922	([1105, 826], [1105, 826, 18])
1	0.6507407915741679	0.6585785892147183	([487, 173], [487, 447, 429])
1	0.6152715108748134	0.6585981881211986	([267, 52], [317, 263, 52])
1	0.6234720451601651	0.6586323574729126	([1124, 964], [1177, 989, 988])
1	0.6547733376095662	0.6586392881847694	([560, 272], [560, 258, 256])
1	0.6580878796361065	0.6586717482202126	([537, 227], [720, 536, 227])
1	0.6535995272509747	0.6587015191224055	([1036, 395], [1036, 1023, 395])
1	0.644574203710579	0.6587091659913299	([602, 21], [601, 598, 21])
1	0.6557794537438871	0.6589050185214164	([1077, 823], [1098, 1077, 823])
1	0.6575054731146454	0.6589071858666634	([652, 310], [652, 642, 310])
1	0.6352226179691448	0.6590071385497179	([1162, 1005], [1162, 1155, 1007])
1	0.6286286300918689	0.6590608447004453	([699, 42], [671, 638, 532])
1	0.6106419099935025	0.6590695747245006	([525, 50], [599, 551, 525])
1	0.6432287865621058	0.659137428177984	([662, 271], [662, 393, 392])
1	0.6482220387690425	0.6591459687606745	([81, 0], [81, 61, 0])
1	0.6559425262956643	0.659157130914664	([754, 636], [754, 636, 609])
1	0.6567011435044059	0.6591953567357247	([1121, 1024], [1121, 1039, 1024])
1	0.6485552133598831	0.6592453347789706	([1086, 808], [1086, 907, 172])
1	0.6540309053940498	0.6592487326078385	([670, 503], [729, 701, 503])
1	0.6503321784408571	0.6592487326078385	([701, 503], [729, 727, 503])
1	0.5943084039118323	0.6592755997773078	([199, 19], [199, 179, 49])
1	0.6450460587297497	0.659307905294162	([681, 387], [681, 653, 646])
1	0.6383567267590204	0.6593981535289639	([730, 549], [730, 699, 549])
1	0.6373907277303379	0.6593991241214241	([615, 500], [615, 602, 500])
1	0.6363785356204975	0.6594026269350761	([745, 399], [745, 665, 664])
1	0.6512889075658204	0.6595244163600746	([1209, 828], [1209, 828, 392])
1	0.6436093333611015	0.6595244163600746	([1209, 391], [1220, 1209, 392])
1	0.6418391444154158	0.6596170814999701	([658, 433], [658, 433, 417])
1	0.5869803122283781	0.6596581224251088	([1023, 397], [1036, 395, 41])
1	0.6410996278089258	0.6596729809538404	([413, 204], [420, 413, 204])
1	0.6506410792076022	0.6597330311097982	([878, 363], [1074, 906, 402])
1	0.49136084742404446	0.6597560729920553	([408, 394], [405, 394, 270])
1	0.65174037664393	0.6598492978726052	([928, 171], [928, 403, 172])
1	0.6599214849097674	0.6599433696687824	([408, 319], [414, 408, 395])
1	0.5861647856699386	0.6599585869347864	([738, 505], [730, 549, 547])
1	0.6345771512305818	0.6599643915136151	([615, 201], [615, 307, 301])
1	0.5438619883814297	0.6599749327785173	([172, 49], [863, 820, 172])
1	0.6524219394822314	0.6599771384771432	([347, 253], [347, 325, 244])
1	0.6497222696850671	0.6600210727816465	([681, 620], [681, 653, 620])
1	0.6575838573655383	0.6600324698156009	([283, 189], [287, 283, 182])
1	0.5653998189561046	0.6600860768334412	([418, 44], [798, 418, 403])
1	0.6594630549873574	0.6600965919214934	([1094, 877], [1094, 894, 877])
1	0.6535742930348336	0.6601319415160911	([620, 508], [620, 591, 572])
1	0.6448274777409014	0.660144076712557	([1077, 379], [1077, 1047, 379])
1	0.6601160798666745	0.6601681906294458	([1046, 886], [1046, 913, 907])
1	0.6436813616281359	0.6601745387487991	([1083, 113], [1083, 113, 10])
1	0.6561523825864988	0.6602215758123652	([1058, 824], [1058, 824, 396])
1	0.6511734207457057	0.6602222785365885	([194, 21], [194, 176, 21])
1	0.609658663283152	0.6602660640825238	([606, 173], [606, 567, 547])
1	0.6561910056441675	0.6602763181141224	([1056, 816], [1056, 908, 816])
1	0.6136461266489496	0.6603110279534359	([676, 504], [672, 523, 504])
1	0.651508962255719	0.6603603154533493	([624, 453], [637, 542, 485])
1	0.6095633252378874	0.6603985328692765	([282, 238], [284, 238, 188])
1	0.5799460297066644	0.6604070212594222	([1212, 1], [1212, 1145, 1132])
1	0.6572863087976122	0.6604218150698029	([462, 0], [462, 439, 0])
1	0.6599238848956639	0.6604227485168289	([703, 628], [703, 670, 628])
1	0.6408640060443004	0.6604734997404136	([341, 221], [341, 317, 221])
1	0.6486959975239988	0.6604758999604955	([664, 209], [664, 661, 481])
1	0.6319415652589487	0.6605335962191556	([1218, 1015], [1218, 1040, 1038])
1	0.6562548019120723	0.6605483201036889	([502, 241], [536, 502, 241])
1	0.6574741988018823	0.6605759946217777	([615, 488], [615, 612, 488])
1	0.6399311694491686	0.6605793664293077	([720, 227], [536, 529, 297])
1	0.6537299747203378	0.660588440260199	([560, 384], [560, 392, 384])
1	0.6283327401426989	0.660588440260199	([695, 392], [695, 560, 392])
1	0.5694156665631699	0.6606448178924939	([716, 33], [612, 559, 489])
1	0.6595667304580801	0.6606961960443692	([732, 429], [732, 495, 429])
1	0.6433427626700273	0.6607130747318094	([159, 15], [170, 153, 15])
1	0.6095010834681536	0.6607530157420042	([574, 173], [606, 584, 173])
1	0.6558990227624895	0.660760958945855	([1040, 803], [1040, 803, 800])
1	0.6283803069103254	0.6607755222855404	([1157, 16], [1157, 1146, 1128])
1	0.6422505811048403	0.660807345947207	([551, 278], [551, 541, 299])
1	0.656978464839145	0.6608471357686274	([574, 442], [574, 563, 442])
1	0.6335831641720796	0.6608569227105979	([776, 10], [800, 776, 10])
1	0.6384432912109069	0.6608960687335851	([1173, 173], [1173, 1140, 996])
1	0.5873097017459846	0.6609405210107194	([974, 2], [1039, 977, 974])
1	0.6484432731211945	0.6610272396238235	([413, 104], [413, 104, 42])
1	0.6567533178879852	0.6610272396238235	([413, 304], [413, 318, 42])
1	0.6586086456267388	0.6610287708466657	([687, 45], [689, 664, 663])
1	0.6191101531073491	0.6610712798010128	([282, 1], [307, 282, 276])
1	0.5776222198165845	0.6611190779396309	([958, 50], [966, 958, 956])
1	0.6569199794985522	0.6611360887188792	([1066, 946], [1066, 946, 910])
1	0.6416113260753457	0.6611564376091779	([1092, 408], [1109, 1092, 1065])
1	0.6605474872427411	0.6611658346145798	([813, 435], [813, 435, 400])
1	0.6035542238110443	0.6612572093954424	([561, 49], [561, 475, 398])
1	0.6109044858100637	0.6612986813678465	([455, 44], [455, 418, 415])
1	0.6154403951953793	0.6613052777286752	([640, 11], [712, 640, 565])
1	0.5785713910237712	0.661311767471623	([508, 253], [524, 508, 285])
1	0.6601367874907292	0.6613396420169925	([749, 632], [749, 665, 654])
1	0.6543931482677086	0.6613527807757478	([711, 255], [711, 663, 255])
1	0.6130728007799467	0.6613539124498151	([224, 173], [224, 218, 173])
1	0.6452195339612321	0.6613539124498151	([309, 173], [309, 218, 173])
1	0.5934482895642016	0.6614052645574335	([993, 396], [1062, 1017, 1013])
1	0.6594158099492933	0.6614143461967732	([327, 149], [333, 327, 149])
1	0.6453081255491551	0.6614186524083995	([1043, 776], [1043, 914, 913])
1	0.6594503569299544	0.6614692380164084	([1141, 994], [1141, 1089, 1045])
1	0.6390928273095324	0.6614782265322087	([786, 480], [786, 480, 477])
1	0.6376484956454963	0.6614852932909395	([855, 54], [873, 855, 819])
1	0.6613751351293451	0.6616157127573389	([771, 579], [771, 579, 548])
1	0.6592547661788986	0.6616290980032508	([640, 19], [659, 640, 558])
1	0.6487834686727338	0.6616830070137224	([691, 406], [718, 691, 663])
1	0.6608596042271033	0.6616946669508598	([1058, 785], [1058, 1054, 786])
1	0.6121688271172867	0.6617877791850615	([741, 49], [761, 755, 52])
1	0.659819397636074	0.6618204818448359	([637, 324], [639, 637, 324])
1	0.6078365032666312	0.6619311624991027	([695, 54], [775, 695, 54])
1	0.6531346274731065	0.6619966711771283	([402, 225], [402, 225, 14])
1	0.6245221169657457	0.6621211881991657	([728, 45], [739, 728, 720])
1	0.6607035539762441	0.6622166669342394	([980, 470], [980, 978, 397])
1	0.6540097248585128	0.6622168065823929	([762, 668], [762, 703, 668])
1	0.6030913296591736	0.6622493307012527	([1127, 2], [1151, 1127, 1121])
1	0.6448953523660744	0.6622545664083582	([1095, 820], [1095, 1075, 820])
1	0.6491252467095622	0.6622668255916819	([488, 21], [717, 492, 488])
1	0.6285681971861141	0.662267578881784	([452, 41], [452, 431, 429])
1	0.6437015977383256	0.662284885184211	([679, 429], [679, 646, 625])
1	0.6534567113768168	0.6623166961423277	([465, 276], [465, 455, 220])
1	0.6291544681203628	0.6623659099328726	([363, 0], [363, 334, 41])
1	0.6434598997137657	0.6625086016172536	([1043, 867], [1053, 1043, 867])
1	0.6624648388029617	0.6625700464701787	([289, 52], [289, 182, 52])
1	0.6484515830649128	0.6626307833223442	([501, 44], [501, 191, 44])
1	0.6385540273762779	0.6626430046746158	([347, 51], [347, 178, 173])
1	0.6045193944831809	0.6626430046746158	([387, 173], [387, 347, 173])
1	0.6077394705063981	0.6626430046746158	([980, 52], [1155, 347, 173])
1	0.6246660690292791	0.6626601147943794	([1132, 32], [1132, 1053, 1050])
1	0.5494698694807477	0.6626667047472135	([597, 6], [597, 575, 548])
1	0.5929216800524666	0.662692172123574	([1215, 49], [1215, 1048, 402])
1	0.5154606092974918	0.6627149660915423	([414, 238], [715, 559, 437])
1	0.6526754993993921	0.6627207994892339	([1114, 171], [1114, 401, 171])
1	0.6601022876525128	0.6627816500628501	([348, 249], [348, 321, 223])
1	0.623233669541858	0.6628102342794554	([391, 115], [405, 109, 103])
1	0.662370845051748	0.6628482286819803	([481, 318], [481, 328, 318])
1	0.6411395146733297	0.6630980285269914	([1163, 387], [1163, 1006, 990])
1	0.6358659818017054	0.6630980285269914	([1163, 1006], [1163, 1155, 990])
1	0.6578947414196565	0.6631984724176895	([1221, 981], [1221, 1219, 981])
1	0.654956252394776	0.6632494729502851	([373, 29], [403, 373, 337])
1	0.6573042074866833	0.6632704212813082	([385, 113], [405, 385, 113])
1	0.6557504578818955	0.6633107744949542	([986, 785], [1096, 986, 983])
1	0.6616221085430688	0.6633741541437529	([1142, 897], [1142, 1134, 897])
1	0.6555343729793304	0.6634488075376476	([1217, 891], [1217, 1216, 891])
1	0.6301976230217691	0.6634644541476727	([1218, 954], [1218, 1015, 986])
1	0.6623124754061407	0.6634874941889676	([468, 21], [1025, 468, 429])
1	0.5625743343432118	0.663507036774225	([1005, 142], [1005, 991, 44])
1	0.6599737314637326	0.663515383706898	([610, 305], [643, 641, 305])
1	0.6611604602599358	0.6635882648566693	([351, 147], [351, 261, 147])
1	0.6592251837339688	0.6636148237901719	([1064, 802], [1064, 899, 885])
1	0.6407171536275161	0.6636200461380298	([400, 87], [400, 98, 87])
1	0.6578102741228091	0.6637256023590098	([695, 464], [695, 560, 488])
1	0.5572891095559626	0.6637339951091167	([987, 50], [467, 427, 44])
1	0.6455333542709619	0.6637555508196901	([978, 397], [980, 962, 397])
1	0.6603161128629474	0.6638006804904126	([152, 30], [152, 63, 30])
1	0.6342928448890979	0.6638444350878567	([128, 29], [138, 128, 29])
1	0.6611727940814439	0.6638540633396879	([594, 496], [604, 594, 496])
1	0.6431849465707685	0.6638933750324446	([754, 501], [754, 636, 502])
1	0.6414186877547262	0.6638933750324446	([744, 502], [754, 744, 502])
1	0.6329169334988957	0.6640309614141517	([767, 570], [767, 706, 638])
1	0.6196816463953682	0.6641119979710118	([1149, 1059], [1149, 1059, 1055])
1	0.6537748527837288	0.6641802297679743	([610, 431], [648, 610, 431])
1	0.6548220174076333	0.664279116359078	([1012, 54], [1024, 1012, 54])
1	0.664204102011704	0.6642878406623299	([1124, 432], [1124, 964, 429])
1	0.6376889850267387	0.6643174642363545	([1068, 53], [1121, 1044, 980])
1	0.6593352068287687	0.6643702436671041	([696, 21], [696, 650, 642])
1	0.658782779289564	0.6643853060099106	([1217, 934], [1217, 1111, 1105])
1	0.637165855723501	0.664393310368812	([633, 15], [643, 633, 15])
1	0.6639859858961396	0.6644734631288539	([923, 114], [923, 114, 18])
1	0.6528626796607437	0.6645283723460399	([1037, 775], [1037, 805, 775])
1	0.6542107952163436	0.6645480443879793	([709, 572], [709, 644, 572])
1	0.6583329168611458	0.6645551833719906	([776, 316], [776, 316, 258])
1	0.6416627931761428	0.6646146338563945	([1037, 391], [1037, 406, 391])
1	0.6624195884960001	0.6646207312631575	([434, 211], [434, 211, 2])
1	0.6534929316521896	0.6646242495403307	([699, 52], [733, 709, 699])
1	0.6377039993498814	0.6646343215048088	([350, 115], [350, 115, 11])
1	0.6620086205388842	0.6647599348580574	([277, 180], [301, 277, 180])
1	0.6639600046564118	0.6647781190631058	([460, 52], [460, 449, 52])
1	0.6038439843813417	0.6648035720691132	([755, 404], [759, 726, 638])
1	0.6436170204805332	0.6648704504655333	([1213, 995], [1213, 1070, 995])
1	0.6618859838044101	0.6649337788950698	([1078, 360], [1100, 1078, 360])
1	0.6523968936929057	0.6649543150570806	([951, 839], [951, 852, 839])
1	0.6621289916853715	0.665014064296821	([1115, 822], [1115, 883, 816])
1	0.6617535455285746	0.6650315304819183	([1215, 870], [1215, 1110, 1042])
1	0.6563671161024466	0.6650327454564349	([555, 295], [555, 541, 295])
1	0.6609505110024375	0.6651006173765621	([768, 444], [768, 634, 570])
1	0.6230162394444319	0.6651629881020529	([326, 15], [389, 326, 15])
1	0.5775277214849266	0.665299157391461	([746, 50], [746, 697, 536])
1	0.5865939908170008	0.6652997862078738	([673, 238], [767, 706, 701])
1	0.6595653116753019	0.665321605680668	([624, 534], [624, 615, 502])
1	0.555245890745444	0.6653369274864858	([505, 242], [531, 505, 292])
1	0.6084430898865292	0.6653741714381464	([591, 508], [709, 620, 572])
1	0.6420613036343741	0.6653760277204223	([740, 503], [701, 620, 614])
1	0.655904938093505	0.6653767610222664	([479, 331], [479, 392, 330])
1	0.6653237704278455	0.6654153905197349	([707, 293], [707, 676, 295])
1	0.5216288578982555	0.6654373546930548	([403, 29], [919, 403, 397])
1	0.6653620581310956	0.6654880950063552	([546, 195], [546, 302, 299])
1	0.651985922704178	0.6655123200628271	([691, 648], [691, 665, 648])
1	0.6595735390606434	0.6656319471109147	([1095, 358], [1095, 933, 913])
1	0.6639000194147217	0.6656862012327468	([610, 223], [634, 610, 223])
1	0.6597541967826739	0.6656862012327468	([635, 223], [635, 634, 223])
1	0.6499098595716826	0.6657034725677629	([1212, 1033], [1212, 1033, 401])
1	0.6458178907875386	0.6657181018565637	([1042, 871], [1042, 871, 18])
1	0.617239664077493	0.665856388014806	([301, 41], [301, 245, 2])
1	0.6517771503034404	0.6659401182196993	([755, 616], [755, 747, 616])
1	0.6572008472618645	0.6659402017541741	([732, 495], [769, 732, 429])
1	0.6377963607508677	0.665999271968976	([650, 455], [650, 455, 220])
1	0.6573569878027433	0.666000530008802	([1015, 172], [1049, 1015, 172])
1	0.6614830325729418	0.666002620489458	([665, 201], [665, 612, 201])
1	0.6132822604560483	0.6660463823908492	([569, 2], [615, 569, 2])
1	0.6379645078934484	0.6660705792844972	([493, 45], [557, 493, 45])
1	0.666039569211831	0.6660796851617024	([626, 182], [626, 550, 495])
1	0.6452204861384722	0.6660888608378348	([636, 445], [636, 445, 431])
1	0.6541991742497468	0.6661122294574527	([651, 434], [658, 651, 219])
1	0.64087133980176	0.6661180892083636	([1037, 922], [1037, 942, 939])
1	0.6642905030863631	0.6661321232241221	([1077, 31], [1151, 1111, 31])
1	0.6321695362912669	0.666162969380605	([620, 503], [730, 729, 528])
1	0.6566855740307623	0.6661789792526841	([749, 455], [749, 464, 455])
1	0.6365450477632167	0.6661789792526841	([749, 424], [773, 749, 464])
1	0.6598257409203396	0.6662690285717908	([549, 298], [549, 537, 298])
1	0.6598215689767619	0.6663015045675165	([433, 408], [433, 420, 408])
1	0.6652816099890211	0.6663031813127196	([1003, 127], [1003, 173, 127])
1	0.6200360274587302	0.6663371106974285	([752, 173], [773, 747, 173])
1	0.6580956279028005	0.6663928053085643	([946, 377], [946, 928, 377])
1	0.660738915786951	0.6664244295555629	([282, 229], [282, 238, 234])
1	0.6561798629222175	0.6664248084220259	([1080, 355], [1100, 1080, 355])
1	0.6226070995376565	0.6664376863897501	([1129, 21], [1129, 1115, 1081])
1	0.6655934817889483	0.6664796678131379	([231, 194], [245, 231, 194])
1	0.646642290234121	0.6664796678131379	([245, 190], [245, 238, 194])
1	0.6596623998266944	0.6665243328694324	([662, 202], [662, 203, 202])
1	0.6289505017565871	0.666653163478342	([133, 2], [173, 135, 16])
1	0.6162827325443317	0.6666759424284836	([303, 19], [326, 311, 19])
1	0.6276566884174246	0.6666882716621411	([573, 15], [573, 560, 41])
1	0.6111413429735559	0.6667046566414433	([665, 401], [665, 401, 319])
1	0.6620702328680721	0.6667562690949409	([430, 277], [634, 430, 429])
1	0.6642445865835348	0.6667562690949409	([599, 430], [634, 599, 430])
1	0.6319464321239282	0.6667581195466441	([1160, 51], [1183, 1160, 51])
1	0.6245160053972374	0.6667581195466441	([1207, 51], [1207, 1183, 51])
1	0.6518635139918242	0.6668755867268363	([681, 592], [681, 646, 570])
1	0.6627716136528634	0.6668755867268363	([700, 570], [700, 681, 570])
1	0.6632687921059692	0.6669070213208101	([1129, 953], [1129, 963, 953])
1	0.6429202587644584	0.6669384023227002	([960, 835], [960, 835, 403])
1	0.6498901068027675	0.6669732968986698	([1071, 335], [1071, 811, 335])
1	0.6661730731645975	0.666983318316587	([600, 225], [612, 600, 225])
1	0.6632779534343626	0.666983318316587	([649, 225], [649, 612, 225])
1	0.6626682607091896	0.667033747983518	([698, 598], [698, 616, 601])
1	0.6242796429378556	0.6670807514002636	([739, 45], [728, 702, 680])
1	0.6060564212292715	0.6671160792456988	([1189, 45], [1102, 1077, 31])
1	0.6597922958919591	0.6671438821670467	([669, 525], [669, 625, 551])
1	0.6546912393304705	0.6671532411498288	([1133, 264], [1133, 408, 403])
1	0.6553129947465782	0.6671601066691392	([611, 254], [633, 611, 254])
1	0.666329636874701	0.6672313691171543	([450, 235], [638, 619, 235])
1	0.636647083184321	0.6672428056223194	([1116, 406], [1131, 1116, 406])
1	0.6360693280652542	0.6672690005158243	([747, 53], [774, 718, 53])
1	0.6601729553448641	0.6672729464741829	([780, 269], [780, 269, 11])
1	0.6519824872860032	0.6673095281332126	([415, 322], [433, 426, 323])
1	0.6350840922069643	0.6673219273133143	([1037, 215], [1037, 774, 215])
1	0.6444207945647729	0.6673643898117089	([1169, 1066], [1169, 1101, 1066])
1	0.6549244826946439	0.667400375671616	([724, 524], [724, 525, 504])
1	0.6525157455360181	0.66750980317766	([979, 54], [979, 930, 403])
1	0.6639169664939963	0.6675184203309315	([770, 631], [770, 631, 619])
1	0.6504278096267405	0.6675365504587114	([1127, 1013], [1127, 1019, 1013])
1	0.6613639621379612	0.6675566367771645	([791, 113], [791, 403, 113])
1	0.590170293239594	0.6675679528171815	([291, 6], [301, 291, 2])
1	0.6607797216845676	0.6676126394261405	([626, 450], [646, 626, 450])
1	0.6645992029763341	0.6676171776554455	([528, 190], [528, 503, 190])
1	0.6277892944261513	0.6676612677159733	([1220, 173], [1220, 1173, 1075])
1	0.6670967407518716	0.6677182207306329	([298, 179], [298, 285, 179])
1	0.662252305566944	0.6678004943087228	([970, 269], [970, 331, 269])
1	0.6589492717761524	0.6678474336437714	([671, 282], [671, 497, 286])
1	0.5946953259175936	0.6678480543056129	([1101, 49], [1101, 895, 398])
1	0.6639094108876533	0.6678897933050216	([441, 213], [441, 414, 2])
1	0.6410913782162349	0.6679465217212305	([1176, 16], [1187, 1176, 16])
1	0.6577854344820444	0.6679534080018772	([535, 19], [632, 612, 19])
1	0.6221351738713702	0.6679755196211781	([728, 404], [755, 728, 702])
1	0.6318632240582058	0.6680352157611174	([284, 173], [284, 181, 173])
1	0.6432443034832478	0.6680714928787391	([1038, 333], [1038, 399, 392])
1	0.6611701683500535	0.6681106567795224	([949, 408], [949, 940, 408])
1	0.659950732074753	0.6681141304213819	([482, 221], [482, 269, 221])
1	0.664548658154434	0.6682183145635358	([524, 235], [524, 285, 235])
1	0.6569124383085967	0.6682450264034728	([697, 275], [712, 697, 275])
1	0.6170895777775545	0.6682875728720391	([874, 420], [874, 854, 420])
1	0.66513737160535	0.6683337720519461	([595, 501], [595, 585, 501])
1	0.5403076223930353	0.6683837308445905	([575, 6], [558, 482, 6])
1	0.6656427294305982	0.6683887026336954	([699, 301], [699, 698, 301])
1	0.6646059529992623	0.6683961667450735	([1146, 883], [1146, 1115, 883])
1	0.6618221340437085	0.6684218106864762	([770, 578], [770, 700, 631])
1	0.6411838316360806	0.6684461179363403	([913, 776], [1043, 792, 776])
1	0.5575424626278596	0.6684734256689006	([575, 505], [575, 537, 536])
1	0.6144587757502041	0.6685500582790953	([628, 0], [628, 558, 276])
1	0.6602851003085876	0.668558321810189	([668, 500], [668, 611, 494])
1	0.660713189244733	0.6687752350996989	([1155, 193], [1166, 1155, 11])
1	0.6619216222515583	0.6687854270619068	([337, 10], [800, 356, 337])
1	0.6551400769736216	0.6687926432826833	([647, 322], [647, 431, 415])
1	0.6574962217955094	0.668861720802238	([465, 15], [472, 465, 15])
1	0.6467909434633361	0.6689289901316106	([476, 358], [810, 809, 476])
1	0.6655800676308595	0.6689698552957295	([546, 462], [546, 493, 491])
1	0.6634094269634041	0.6689763909532475	([608, 226], [633, 608, 226])
1	0.6684798204248188	0.6690526234067997	([1144, 420], [1144, 1109, 420])
1	0.6558089923470816	0.6691128062697591	([944, 356], [944, 359, 356])
1	0.6642983643999291	0.6691321097341294	([1111, 371], [1111, 1105, 371])
1	0.6629778174121389	0.6691350282931988	([676, 295], [769, 707, 293])
1	0.6203673033774988	0.6691389272427365	([675, 505], [675, 505, 504])
1	0.6689711473927865	0.6691422491147857	([725, 592], [725, 707, 592])
1	0.6517367150822755	0.6691740276548295	([416, 93], [416, 102, 93])
1	0.6549810806014293	0.6691779193129562	([801, 268], [801, 268, 12])
1	0.5735063495342676	0.6692810256908813	([657, 50], [746, 657, 642])
1	0.6075464489560276	0.6692819574154546	([327, 51], [304, 241, 221])
1	0.6610022554054145	0.6694132619234664	([553, 184], [553, 290, 278])
1	0.6615168734615176	0.669446424735165	([1213, 969], [1213, 1042, 969])
1	0.6456214756619925	0.6694882658787584	([757, 506], [767, 757, 506])
1	0.6669243038282435	0.6695163506008792	([527, 282], [527, 500, 287])
1	0.6477634108980036	0.6695297435912312	([802, 351], [802, 780, 351])
1	0.6624522980221577	0.6695445097440007	([775, 456], [775, 470, 456])
1	0.6669116659388135	0.6695485674333778	([621, 45], [702, 670, 621])
1	0.6624782281558182	0.6695522984694684	([460, 19], [653, 460, 321])
1	0.6646796598611434	0.6695551107635739	([748, 19], [748, 689, 688])
1	0.6684809475582343	0.6695551107635739	([764, 688], [764, 748, 688])
1	0.6389450119550173	0.6695689788944112	([349, 54], [349, 160, 54])
1	0.5897140445692208	0.6695792016691886	([1076, 49], [1101, 1076, 934])
1	0.6540189970596483	0.6696639340119365	([1196, 1027], [1196, 1179, 1027])
1	0.6678798853774732	0.6696823158125835	([996, 393], [996, 947, 393])
1	0.6190487341692221	0.6697074222548656	([761, 508], [761, 733, 508])
1	0.6548189948749407	0.6697158161552211	([709, 244], [709, 486, 429])
1	0.6352592325042021	0.6698235013864168	([771, 16], [777, 771, 714])
1	0.6526016517404541	0.6698447978358973	([582, 399], [582, 566, 556])
1	0.6696310034704852	0.6698776335936362	([916, 13], [916, 107, 53])
1	0.648819299607716	0.6698776335936362	([916, 108], [916, 108, 107])
1	0.6407084924041655	0.6699008586007764	([977, 416], [977, 942, 401])
1	0.6635658367939686	0.6699408194918569	([1146, 330], [1146, 396, 330])
1	0.6690869556392842	0.6699466713728439	([805, 264], [805, 411, 332])
1	0.6695311590518223	0.6699755306781069	([1140, 869], [1215, 1140, 869])
1	0.649023315245303	0.6699755306781069	([1212, 869], [1215, 1212, 869])
1	0.6652693759458158	0.6699975691682235	([434, 116], [434, 398, 330])
1	0.6634668001367279	0.6700105103112458	([1218, 930], [1218, 1043, 930])
1	0.666240454077258	0.6700159629095472	([462, 221], [492, 462, 221])
1	0.6429543057779171	0.670073185091686	([423, 173], [447, 425, 173])
1	0.6653557508306102	0.670074833406294	([1179, 54], [1164, 1124, 54])
1	0.6683012809811216	0.6700803725393851	([1196, 397], [1209, 1196, 397])
1	0.6298908297121995	0.6701197514274907	([843, 45], [843, 45, 13])
1	0.6537700031349211	0.6701404584651075	([262, 32], [335, 262, 219])
1	0.6531168037125704	0.6701675097217331	([951, 333], [951, 396, 333])
1	0.6138617510023628	0.6702658770163709	([710, 12], [714, 688, 12])
1	0.6633072804503519	0.670411396298642	([613, 424], [613, 559, 424])
1	0.6504675055224285	0.6704130731535136	([1157, 1027], [1179, 1124, 1027])
1	0.6080745845490757	0.6705507435538581	([732, 1], [726, 710, 701])
1	0.6511385740784332	0.6707463231822691	([220, 146], [260, 220, 146])
1	0.6163447493884581	0.6708196403589427	([1118, 45], [1117, 800, 45])
1	0.6690670438808376	0.6708265519657932	([725, 250], [732, 725, 251])
1	0.6482268889994234	0.6708486983545077	([460, 401], [469, 460, 401])
1	0.6363613817978303	0.6708486983545077	([640, 401], [640, 469, 401])
1	0.6681581957659499	0.6708721395015182	([743, 306], [771, 743, 306])
1	0.5093921855206954	0.6708968691038767	([771, 394], [771, 558, 394])
1	0.615080993186403	0.6709023059328206	([1098, 32], [1098, 32, 14])
1	0.6702695101291699	0.6709937218494566	([673, 524], [673, 671, 524])
1	0.6567726717281401	0.6710336830133787	([682, 605], [701, 682, 605])
1	0.6680659949330905	0.6710439939661115	([707, 184], [707, 293, 184])
1	0.6411584166223048	0.6710975711847879	([915, 778], [915, 778, 390])
1	0.6678264227221078	0.6711483054475469	([1132, 956], [1132, 956, 941])
1	0.6473372363788025	0.6711631100551629	([502, 173], [536, 502, 173])
1	0.6414106506682637	0.6711631100551629	([639, 173], [639, 536, 173])
1	0.666303843666769	0.6711742658106121	([732, 251], [725, 705, 251])
1	0.6587781442938125	0.6711774209854998	([1015, 416], [1015, 437, 416])
1	0.6505003102917777	0.671273580477531	([556, 253], [603, 570, 347])
1	0.5783881450909981	0.67140342508127	([720, 508], [701, 620, 506])
1	0.6654150998830007	0.6714567280099069	([1164, 1028], [1164, 1028, 1025])
1	0.6704524365181672	0.6715397447003322	([675, 185], [769, 675, 185])
1	0.6667948001374061	0.6716130423090291	([416, 212], [433, 416, 212])
1	0.6614995413612393	0.6716397589283258	([942, 93], [942, 416, 93])
1	0.6291888515217741	0.6716762506530659	([719, 305], [719, 566, 275])
1	0.6671952200473025	0.671683118991698	([324, 248], [324, 300, 244])
1	0.6175729715448768	0.6720510104764514	([451, 238], [553, 497, 451])
1	0.6608047500011808	0.672095142015923	([671, 182], [671, 289, 282])
1	0.6660931341424261	0.6721215218871391	([227, 19], [632, 310, 227])
1	0.5600150689651984	0.6722016417752589	([803, 33], [874, 803, 399])
1	0.6639072955818253	0.6722093032088673	([299, 44], [321, 247, 181])
1	0.6702193004711633	0.6722894299062186	([1195, 448], [1195, 1155, 448])
1	0.6683324816586674	0.6723276285225673	([743, 617], [743, 710, 617])
1	0.6714127237095129	0.6723674591529624	([733, 546], [755, 733, 546])
1	0.6511043168930352	0.672478327702076	([841, 32], [853, 841, 29])
1	0.6233716853832728	0.6725077740033811	([295, 9], [324, 300, 295])
1	0.6585937181605228	0.672564324613756	([723, 551], [723, 638, 551])
1	0.6300535497354636	0.6726496624400201	([688, 173], [748, 198, 18])
1	0.6540570643015177	0.67265341395587	([653, 177], [653, 303, 45])
1	0.6684878567462241	0.6726580542791233	([593, 504], [593, 553, 534])
1	0.6532602532659562	0.6727076726520821	([979, 819], [979, 954, 819])
1	0.6500582562117138	0.6727212739104618	([698, 431], [711, 698, 431])
1	0.6702922973225687	0.6728852887098883	([718, 199], [718, 641, 199])
1	0.6703728508722531	0.6729014357909928	([1123, 966], [1123, 1003, 988])
1	0.65575241658582	0.6729014357909928	([1123, 1003], [1124, 1123, 988])
1	0.6575591468731131	0.6729926995202735	([677, 234], [669, 634, 303])
1	0.6627611938358794	0.6731436094354055	([1169, 961], [1169, 1037, 961])
1	0.6641776799306525	0.6734193017714281	([780, 169], [780, 351, 169])
1	0.5830785481079184	0.6734380333271093	([687, 505], [687, 675, 667])
1	0.6390448740794215	0.6734692887075682	([1142, 871], [1142, 1134, 868])
1	0.6703803796828568	0.673506919538958	([860, 476], [860, 846, 476])
1	0.667444297233241	0.6735197701108205	([1211, 977], [1211, 977, 399])
1	0.673508840544854	0.6735632248012603	([604, 182], [604, 603, 182])
1	0.6576739491794568	0.6735989939217633	([841, 347], [841, 347, 53])
1	0.6665984085495984	0.6736216054827789	([1220, 170], [1220, 400, 392])
1	0.6291963179889597	0.6736216054827789	([1220, 392], [1220, 400, 397])
1	0.668173129854677	0.6736973576391276	([1163, 160], [1163, 387, 160])
1	0.6672960690962556	0.6737156368119963	([1210, 960], [1210, 1116, 1102])
1	0.6648884602042138	0.6737703539491003	([1128, 979], [1128, 979, 972])
1	0.6596573311208751	0.6738190208682798	([604, 42], [629, 604, 496])
1	0.6417708372886651	0.6738613094648127	([678, 190], [678, 528, 495])
1	0.6638423750169681	0.6738948613852102	([1155, 46], [1155, 964, 46])
1	0.6699932092647816	0.6739496016717332	([414, 227], [414, 306, 302])
1	0.6726842571850475	0.6739906365209243	([1114, 995], [1114, 1042, 995])
1	0.6011791555235123	0.6740182083426994	([261, 49], [391, 261, 49])
1	0.6408347678391447	0.6741128993292118	([623, 49], [653, 623, 555])
1	0.6642794101136832	0.6741475885101622	([631, 323], [631, 323, 311])
1	0.6186532718725001	0.6742769042226266	([1176, 1], [1208, 1176, 1165])
1	0.6502583943691593	0.6743412114367829	([841, 448], [841, 448, 427])
1	0.6540838129612667	0.6743643461630864	([679, 299], [679, 299, 278])
1	0.5625024105577181	0.6743798595363955	([644, 33], [644, 483, 238])
1	0.6336768282603654	0.6744109751098564	([235, 50], [278, 235, 181])
1	0.6617080709091315	0.6744853338146027	([247, 160], [387, 247, 160])
1	0.6665624825841289	0.6744894362764902	([708, 603], [708, 681, 603])
1	0.6727116831711605	0.6745070407609964	([1202, 1003], [1202, 1178, 1003])
1	0.6462292839021618	0.674651127806174	([1152, 1034], [1152, 1131, 1034])
1	0.6620300557049935	0.6746586184992719	([689, 500], [689, 670, 537])
1	0.6706435409337276	0.6746588866998072	([602, 461], [611, 602, 461])
1	0.6677742515074128	0.6746661200323781	([1146, 416], [1146, 942, 928])
1	0.6730313478349157	0.6746704403234186	([982, 869], [982, 935, 874])
1	0.66651951859922	0.6746704403234186	([1017, 874], [1017, 982, 874])
1	0.653516618979652	0.6746942508233881	([1135, 995], [1213, 1143, 995])
1	0.6623488657647542	0.6749783339400964	([693, 32], [693, 397, 395])
1	0.6557047446121622	0.674983029069458	([502, 12], [710, 537, 502])
1	0.5839653563613909	0.6749935355355594	([159, 50], [159, 50, 29])
1	0.6227774509086519	0.6750101661043564	([235, 54], [235, 181, 54])
1	0.6615666805118682	0.6750432159226613	([223, 119], [321, 223, 119])
1	0.6646156000128273	0.6750826690828048	([757, 285], [757, 724, 285])
1	0.6626552764421022	0.6751142199280818	([1122, 1012], [1153, 1122, 1012])
1	0.6667924518303608	0.6752356741002169	([1166, 994], [1166, 994, 967])
1	0.6688845335690704	0.6752358600017724	([721, 444], [768, 721, 671])
1	0.6639659593396334	0.6754091836061926	([614, 458], [614, 548, 458])
1	0.6254859820997014	0.6754391341713564	([432, 53], [415, 385, 53])
1	0.6543511170418977	0.675621988614785	([1046, 835], [1046, 886, 835])
1	0.6668390620934671	0.6758279648886669	([341, 13], [411, 341, 16])
1	0.6418799378052283	0.6758506142226424	([643, 42], [643, 274, 204])
1	0.6696634288337564	0.6758661352233208	([248, 31], [248, 179, 60])
1	0.6587307203003627	0.6758687190796386	([299, 21], [349, 311, 299])
1	0.5749652457976797	0.6759135752748727	([835, 173], [823, 382, 375])
1	0.6581199130053121	0.6759359722380202	([528, 2], [528, 493, 492])
1	0.6745488137419906	0.6759881340537742	([552, 452], [552, 495, 484])
1	0.6658139282037472	0.6760841238743661	([674, 52], [705, 699, 52])
1	0.6737858571126527	0.6761046339364734	([733, 194], [733, 194, 177])
1	0.6420226549242569	0.6761524187515097	([1133, 793], [1133, 797, 793])
1	0.6693083546823251	0.6761584737955902	([821, 351], [821, 402, 337])
1	0.6685987436236487	0.6761658436956283	([1165, 1032], [1165, 1157, 1032])
1	0.6720391969970605	0.676187585022766	([704, 235], [704, 646, 638])
1	0.6754339586289219	0.6762307478139832	([1186, 401], [1186, 1181, 401])
1	0.6636108118746843	0.6762550001673052	([1171, 978], [1171, 1121, 978])
1	0.6540773976793286	0.676316639235496	([951, 805], [951, 908, 805])
1	0.6634007223477326	0.6763968104271212	([958, 315], [958, 315, 259])
1	0.6741159052564306	0.6764196356484337	([896, 255], [896, 412, 255])
1	0.6621694265097449	0.6765409213793555	([1167, 943], [1167, 1116, 960])
1	0.6695890852778701	0.6765411741793973	([1220, 873], [1220, 1113, 873])
1	0.6616953978852163	0.6765443081560442	([1073, 51], [1218, 1073, 930])
1	0.635780079270215	0.6765679395773794	([1114, 784], [1082, 1049, 784])
1	0.6732233449874696	0.6766382697938389	([701, 54], [757, 701, 54])
1	0.6629079763706758	0.6766382697938389	([765, 54], [765, 757, 54])
1	0.6311277600012157	0.6767341331232258	([1173, 971], [1173, 995, 971])
1	0.6734742152982949	0.6767544592384123	([1216, 957], [1216, 1136, 957])
1	0.6666826690632575	0.6767848441726533	([697, 152], [697, 152, 41])
1	0.5838492375112603	0.6768025843617139	([302, 50], [557, 302, 173])
1	0.650566651901444	0.6768253005800617	([1154, 991], [1154, 1026, 989])
1	0.6748428477566722	0.6768630977583888	([961, 208], [961, 208, 12])
1	0.6607075041365468	0.6770681076160935	([616, 446], [616, 547, 446])
1	0.6508981428105225	0.6770735177835714	([319, 10], [339, 319, 10])
1	0.6559316185094548	0.6771198181305188	([961, 317], [961, 317, 12])
1	0.6664327190821007	0.6771267591444237	([750, 575], [750, 745, 575])
1	0.6592872595361596	0.6772022782781838	([493, 53], [559, 493, 53])
1	0.6722938994184479	0.6772181916727447	([764, 235], [764, 757, 54])
1	0.6716758004442043	0.677394327395721	([1108, 860], [1108, 1056, 860])
1	0.6698926310583715	0.6774936752467664	([1211, 829], [1211, 1084, 829])
1	0.6712090970495306	0.677495589981993	([1014, 220], [1014, 220, 11])
1	0.5836775456575042	0.6775353415654851	([478, 50], [488, 478, 439])
1	0.6552702342491254	0.67753690083196	([1039, 150], [1121, 1039, 150])
1	0.6744354225423003	0.677541575978593	([768, 593], [768, 593, 570])
1	0.668282470031087	0.6775551092393037	([229, 186], [296, 243, 229])
1	0.6586044059328352	0.6776083110743598	([623, 399], [648, 623, 556])
1	0.6762437649170276	0.6776229634053509	([204, 100], [204, 114, 100])
1	0.5897316090158521	0.6776326158912678	([254, 53], [270, 257, 53])
1	0.6727284710866293	0.6776648469675952	([674, 502], [677, 674, 502])
1	0.6703685607133105	0.6777650272731351	([490, 314], [641, 490, 436])
1	0.6606031093258875	0.6777744852231726	([995, 901], [1037, 995, 922])
1	0.6725266702175653	0.6777838915565108	([535, 279], [671, 535, 279])
1	0.6698655248211404	0.6778561528984426	([927, 97], [936, 927, 97])
1	0.6646902582084123	0.6778629323096018	([959, 853], [959, 921, 853])
1	0.6670811470539146	0.6778957121752056	([1205, 1024], [1205, 1199, 1024])
1	0.6631039378142141	0.6780570973255319	([680, 539], [680, 626, 545])
1	0.6153688885321043	0.6781002657156446	([301, 12], [301, 255, 12])
1	0.6731163048499089	0.6781209092250056	([431, 341], [431, 423, 173])
1	0.6707243448911551	0.6783018923610769	([670, 245], [671, 670, 279])
1	0.6755359320483392	0.6783474355879231	([598, 287], [598, 501, 493])
1	0.6685475322799449	0.6784066965301647	([1006, 43], [1006, 142, 43])
1	0.6567783800745243	0.6784362714918858	([673, 291], [673, 671, 289])
1	0.6728981942914403	0.6785164315772121	([470, 343], [470, 402, 343])
1	0.6589274794454064	0.6785443149544053	([1135, 952], [1135, 1120, 948])
1	0.669450900981475	0.6785460765455382	([728, 193], [732, 728, 193])
1	0.669169072101887	0.6785555744632965	([490, 340], [490, 340, 318])
1	0.6507791002725982	0.678663946701307	([426, 251], [426, 324, 253])
1	0.6740122618497378	0.6786682651577619	([870, 475], [875, 870, 475])
1	0.6759483491927685	0.6787458464642847	([839, 694], [839, 775, 694])
1	0.6280021097085705	0.6788627553669883	([193, 11], [193, 190, 11])
1	0.6754381942853628	0.6789205285405919	([971, 313], [971, 963, 313])
1	0.61136498105221	0.678954227753351	([278, 50], [679, 387, 299])
1	0.6147942897535761	0.678954227753351	([679, 50], [679, 429, 387])
1	0.669098589863997	0.6789625086595672	([925, 51], [925, 912, 51])
1	0.674497566788001	0.6789915215577157	([774, 114], [774, 471, 114])
1	0.6772245150071117	0.6790751516095582	([1172, 968], [1172, 1128, 968])
1	0.6787684502370236	0.6791806895361795	([741, 245], [741, 710, 704])
1	0.6646781917951315	0.6792097033656955	([1141, 779], [1141, 779, 406])
1	0.6625122539482907	0.6792097033656955	([1141, 43], [1141, 1062, 406])
1	0.6436509001673197	0.6792214996325846	([1002, 31], [1002, 995, 31])
1	0.6767098370763046	0.6792379748078965	([952, 267], [952, 936, 267])
1	0.6748767569947499	0.6793427353781821	([487, 161], [487, 347, 173])
1	0.6715651417438635	0.6793723170816498	([605, 388], [644, 605, 388])
1	0.6742528924367169	0.6793824440945947	([625, 20], [632, 625, 20])
1	0.6738874163591105	0.6795480401184268	([454, 309], [454, 309, 0])
1	0.6786503608732998	0.6795515032968898	([1021, 384], [1021, 401, 384])
1	0.6775509059878995	0.6795744912920842	([630, 222], [643, 630, 222])
1	0.6795221248407893	0.6796714223237132	([1168, 1013], [1173, 1168, 1013])
1	0.5587333649460671	0.6797063861599213	([1121, 50], [1125, 966, 956])
1	0.6773522212623493	0.6797635756354816	([501, 396], [746, 501, 491])
1	0.6718799588193911	0.6798138725580348	([728, 41], [745, 728, 41])
1	0.6711120794136742	0.6799065693077049	([990, 125], [990, 966, 53])
1	0.6733124825836403	0.679925864668723	([636, 174], [636, 241, 174])
1	0.6722093528025304	0.680019976544774	([574, 427], [668, 574, 546])
1	0.6731398565006849	0.6801518354209563	([458, 242], [466, 458, 242])
1	0.6765276896586847	0.680264680529704	([1020, 480], [1020, 480, 420])
1	0.6797043390468667	0.6803140725969594	([533, 54], [533, 184, 54])
1	0.5342521930782832	0.680338936287856	([782, 6], [775, 558, 211])
1	0.6801838312184636	0.6803408859546605	([597, 455], [597, 575, 455])
1	0.6725983642503307	0.6803458856695469	([1159, 965], [1159, 1024, 1001])
1	0.6645632056937997	0.680356386593033	([1206, 998], [1206, 1173, 1000])
1	0.6613816088678925	0.680356386593033	([1197, 1000], [1206, 1197, 1000])
1	0.6797164620816265	0.680367157287002	([944, 115], [956, 944, 115])
1	0.6794101329605907	0.6803807965102155	([705, 595], [705, 638, 627])
1	0.6654219955727454	0.6804021508652449	([870, 30], [901, 870, 30])
1	0.4876342010730221	0.6804891700748438	([238, 0], [314, 217, 40])
1	0.5954248393534521	0.6806576156301528	([1151, 2], [1151, 1022, 1020])
1	0.680391407742944	0.680664618659821	([1046, 146], [1046, 396, 146])
1	0.6728173836343675	0.6807491565081024	([924, 478], [924, 886, 478])
1	0.6734277882488582	0.68089841247957	([622, 179], [622, 303, 253])
1	0.6683012420916579	0.68089841247957	([622, 253], [622, 303, 301])
1	0.6789912397601613	0.680940949479504	([261, 93], [261, 254, 53])
1	0.6682177605869808	0.6809623571527794	([673, 449], [709, 673, 449])
1	0.6285102268788713	0.6809982380910218	([508, 466], [709, 508, 466])
1	0.6631005492532701	0.6812188507068284	([668, 229], [668, 287, 227])
1	0.6673010265621115	0.6812209574934707	([627, 231], [627, 545, 251])
1	0.6736785685786684	0.6812398950251644	([705, 519], [705, 531, 519])
1	0.6763954717883791	0.6812442887365806	([969, 220], [969, 962, 220])
1	0.6606461061717371	0.6812532925457154	([738, 278], [738, 725, 495])
1	0.6671846272774903	0.6812564287809107	([836, 418], [836, 817, 418])
1	0.6757765531722861	0.6815092082700209	([612, 386], [612, 463, 386])
1	0.6714227758315395	0.6815114398859204	([1221, 787], [1221, 896, 787])
1	0.6336956371594328	0.6815835554506922	([1180, 32], [1216, 1180, 32])
1	0.6780607051940347	0.6816142449568972	([968, 273], [968, 273, 272])
1	0.6686074794630884	0.6816236742613161	([618, 279], [637, 618, 279])
1	0.6781538249250295	0.6816527816348515	([601, 326], [601, 326, 305])
1	0.6640709246741346	0.6816913035707919	([570, 445], [611, 570, 445])
1	0.6423788176430915	0.6817801602912851	([611, 398], [611, 445, 398])
1	0.6608335710977048	0.681976804681659	([654, 53], [654, 651, 53])
1	0.6633965323196456	0.6819956793088837	([700, 284], [766, 758, 284])
1	0.6682251592629546	0.6820051648453157	([700, 493], [700, 687, 493])
1	0.5562213360731715	0.6820843515436749	([483, 33], [644, 303, 45])
1	0.6732077502704464	0.6821865214998607	([676, 187], [676, 294, 291])
1	0.6802045330672456	0.6823270421130279	([1041, 827], [1041, 827, 406])
1	0.6808091050884416	0.6825378549276037	([1210, 370], [1217, 1210, 370])
1	0.6743435450759772	0.6825676594250132	([1028, 29], [1028, 999, 403])
1	0.665803923850573	0.6826372927662125	([723, 282], [723, 554, 52])
1	0.5906121462368658	0.682804529395546	([943, 0], [945, 315, 215])
1	0.6704727133500904	0.6828646553166635	([703, 297], [711, 703, 297])
1	0.6269594962753035	0.6829572669826858	([401, 129], [401, 172, 129])
1	0.6775285758604784	0.6829785029976414	([762, 296], [770, 544, 296])
1	0.6607169471724161	0.6830387834713662	([504, 232], [504, 280, 229])
1	0.6749840120911544	0.6830894937867551	([625, 243], [625, 243, 183])
1	0.621886336040705	0.6831564081627552	([1215, 0], [1216, 1210, 0])
1	0.6682871978939839	0.6831644166283382	([963, 323], [971, 392, 313])
1	0.6823302038560988	0.6831692223004738	([576, 229], [576, 550, 229])
1	0.6655903008464313	0.6831801113917736	([1034, 169], [1034, 330, 170])
1	0.6792302769187395	0.6831801113917736	([978, 170], [1034, 978, 170])
1	0.670302360408776	0.6831870664696319	([546, 20], [564, 546, 491])
1	0.6817265560055714	0.6833754993173636	([971, 481], [971, 481, 396])
1	0.5970086414284468	0.6834523136278974	([195, 33], [241, 197, 33])
1	0.680714768111035	0.6834868590176222	([593, 53], [701, 605, 53])
1	0.6828342688709332	0.6835188932590459	([728, 523], [728, 551, 523])
1	0.6670315231279137	0.6835366917761554	([674, 2], [674, 528, 502])
1	0.677267380371086	0.6835686450292101	([1031, 206], [1031, 206, 16])
1	0.6768792908891198	0.6835686450292101	([1176, 1031], [1176, 1031, 16])
1	0.6820075527814518	0.6836398842364736	([590, 457], [590, 457, 432])
1	0.6774386989698349	0.6838165875799036	([967, 422], [1125, 967, 422])
1	0.67754489797241	0.683821202830401	([676, 248], [676, 295, 248])
1	0.6827899926958716	0.6840525925598057	([753, 647], [753, 745, 633])
1	0.6761329700745988	0.6842598622493273	([590, 161], [590, 312, 303])
1	0.6694161737681201	0.6844285154696297	([584, 402], [584, 573, 402])
1	0.6830378659971732	0.684441308401272	([868, 150], [905, 868, 795])
1	0.6486315620354444	0.684551911146771	([229, 16], [232, 178, 173])
1	0.5273380189841665	0.6847165081506755	([358, 238], [358, 327, 238])
1	0.6696059196973589	0.6847247852954943	([1033, 479], [1033, 479, 413])
1	0.6836665189816429	0.6848185701218787	([427, 158], [427, 168, 158])
1	0.6728564314144649	0.684984609872241	([579, 12], [579, 388, 12])
1	0.6835342504934447	0.6850600181871446	([624, 192], [624, 535, 238])
1	0.6783993889416072	0.6851869014983026	([947, 658], [960, 947, 658])
1	0.6235651943047776	0.685239038519573	([454, 10], [463, 454, 10])
1	0.6719664277256968	0.685283737660301	([914, 270], [914, 359, 2])
1	0.6852453516697653	0.6853039433951822	([1154, 426], [1154, 990, 426])
1	0.6509328366609185	0.6853926224438626	([484, 16], [484, 312, 300])
1	0.6789409083266891	0.6856146311555746	([966, 320], [990, 966, 320])
1	0.6805125491331349	0.6856802792212164	([765, 46], [765, 736, 46])
1	0.6743320211796963	0.6857782227257869	([496, 20], [551, 496, 290])
1	0.6652809012732745	0.6858969215401368	([1160, 21], [1160, 1026, 1025])
1	0.6752396912235529	0.6859090232907462	([693, 210], [693, 210, 203])
1	0.6813147009850585	0.6859143397708356	([704, 451], [735, 704, 451])
1	0.6527510196312644	0.6859575014130052	([1178, 161], [1178, 387, 161])
1	0.6791310119958127	0.6859575014130052	([1178, 681], [1178, 681, 387])
1	0.6652229815216534	0.6860632450585102	([1126, 1015], [1126, 1119, 1015])
1	0.6302540192663579	0.6861242326422825	([1129, 0], [1129, 405, 104])
1	0.6762734329735849	0.6862126180121307	([709, 189], [769, 709, 189])
1	0.6857607360739815	0.6862305383461439	([968, 718], [968, 718, 413])
1	0.6845199978531638	0.6863044279000882	([1152, 823], [1171, 1152, 823])
1	0.6432307549883552	0.6863056580870598	([674, 292], [674, 554, 292])
1	0.6777696349757556	0.6864544922268648	([760, 232], [760, 722, 232])
1	0.6764275353085542	0.6866491221233623	([961, 148], [1034, 961, 148])
1	0.686170152737895	0.6866548914913283	([1051, 261], [1051, 918, 365])
1	0.685690361158445	0.6867272268961907	([1120, 490], [1120, 490, 401])
1	0.5261504061163643	0.6869031607817335	([814, 6], [883, 782, 15])
1	0.6824040530792329	0.686909021001474	([986, 490], [986, 785, 481])
1	0.6278856225737389	0.6870088646361403	([229, 9], [446, 297, 229])
1	0.6753440979081201	0.6871520225004722	([1064, 96], [1064, 911, 96])
1	0.6870861545764244	0.6871918346911954	([726, 452], [770, 726, 452])
1	0.6410591697214821	0.6873041837258002	([710, 18], [710, 402, 254])
1	0.6626317148590991	0.6873224176630424	([1073, 437], [1073, 892, 437])
1	0.6840975560465117	0.6873467817090269	([1024, 216], [1024, 970, 216])
1	0.5600215917901585	0.6874632529045798	([241, 33], [612, 241, 198])
1	0.6841343736787673	0.6875484616300377	([963, 610], [963, 610, 301])
1	0.681569251968716	0.6875884015224107	([998, 150], [998, 945, 150])
1	0.6807772928661393	0.6876070571914382	([968, 826], [968, 944, 929])
1	0.6875116774587604	0.6876151111927657	([969, 407], [969, 941, 937])
1	0.6433324932286834	0.6876914315895553	([848, 428], [848, 387, 59])
1	0.6846205360430544	0.6877050007307204	([1208, 877], [1208, 877, 859])
1	0.6521480820627639	0.6877894558613851	([1213, 860], [1213, 1144, 860])
1	0.6877071495907119	0.6877959316332131	([415, 241], [415, 319, 310])
1	0.6823622580530974	0.6878255575645967	([1025, 768], [1025, 768, 252])
1	0.6873995233349746	0.6879074485426386	([1033, 390], [1033, 967, 390])
1	0.6861742519177612	0.6879310102793702	([488, 102], [488, 274, 215])
1	0.6715381778089282	0.6879736847059758	([457, 202], [493, 457, 304])
1	0.667310965887981	0.6879874526303619	([731, 509], [767, 731, 509])
1	0.6713083009717148	0.6880024295026826	([1170, 987], [1170, 1036, 987])
1	0.6875539936112345	0.6880844544085363	([1189, 124], [1189, 1166, 15])
1	0.6712268221779921	0.688294160328506	([1208, 853], [1208, 851, 32])
1	0.6855499481706131	0.6883498191544174	([1146, 806], [1146, 1074, 899])
1	0.6676218360866892	0.6883804939275581	([841, 571], [841, 571, 321])
1	0.6884004487453643	0.6884293065423471	([1174, 773], [1174, 773, 715])
1	0.6855089526043098	0.6884831112914322	([805, 651], [805, 651, 397])
1	0.6685996551148112	0.688509776503039	([765, 507], [769, 765, 507])
1	0.6827452128552532	0.688629011367516	([1221, 384], [1221, 405, 373])
1	0.6382764417649106	0.6886526753210814	([399, 175], [399, 204, 175])
1	0.6862597492921166	0.6889803254981717	([841, 769], [841, 769, 429])
1	0.6850418352238994	0.6890008780829338	([1031, 750], [1031, 750, 715])
1	0.5176508748178388	0.6890413050494328	([55, 6], [55, 21, 20])
1	0.6689217150516203	0.689047218794851	([519, 19], [535, 519, 497])
1	0.6145236122142287	0.6891525188251447	([504, 46], [702, 679, 46])
1	0.6875960274253486	0.6892916428731206	([994, 850], [994, 850, 813])
1	0.6858455941743988	0.6893105568747724	([990, 722], [990, 722, 449])
1	0.6697771811990402	0.68937483039407	([1218, 471], [1218, 900, 14])
1	0.6358769924805732	0.6893876627721857	([1028, 46], [1028, 988, 963])
1	0.6773030281268096	0.6896015868222216	([1151, 836], [1151, 1142, 836])
1	0.688755885405094	0.6896069419200417	([1068, 851], [1068, 899, 851])
1	0.6775069501407297	0.6896196063382436	([483, 153], [483, 153, 123])
1	0.5464614864965873	0.6896209847271066	([237, 193], [243, 237, 193])
1	0.6748777143459579	0.6897781373376873	([504, 321], [504, 321, 183])
1	0.6845085280325428	0.689930384702231	([190, 157], [194, 190, 157])
1	0.68160902115187	0.6899658183606732	([1026, 733], [1026, 733, 312])
1	0.6841611259878655	0.6900720214790065	([1155, 667], [1155, 667, 653])
1	0.6744599218610525	0.690108385505874	([320, 166], [341, 320, 166])
1	0.6892547483391207	0.6901225589917024	([1019, 434], [1019, 434, 15])
1	0.6843859527312978	0.6901842019355362	([344, 48], [385, 344, 48])
1	0.6515890314759823	0.6902343105826592	([406, 165], [406, 171, 165])
1	0.6378104476024691	0.6902782876983701	([284, 33], [284, 195, 181])
1	0.6847270179468596	0.6903031872979329	([933, 219], [933, 266, 219])
1	0.6641569562244793	0.6904464413945745	([254, 32], [262, 255, 32])
1	0.49918401514150235	0.6905507593331647	([11, 10], [388, 57, 10])
1	0.671895365262133	0.6909125673303863	([461, 396], [473, 461, 396])
1	0.678642511005998	0.6909150917483425	([1062, 111], [1062, 111, 107])
1	0.6836361313459302	0.6909466048055446	([840, 655], [840, 655, 54])
1	0.49696235820877316	0.6910004295956534	([358, 3], [794, 369, 12])
1	0.6469639410511048	0.6910346697652279	([510, 53], [520, 514, 53])
1	0.6406548108119783	0.6910346697652279	([514, 52], [674, 520, 53])
1	0.6883344423233251	0.691114075069211	([683, 467], [683, 634, 632])
1	0.6908556104953165	0.6911768698033822	([966, 848], [966, 964, 848])
1	0.6633384723152604	0.6911768698033822	([1203, 848], [1155, 964, 848])
1	0.6351208838720663	0.6912808865225691	([850, 0], [850, 30, 9])
1	0.6900795437342148	0.6913064346649488	([281, 10], [281, 274, 10])
1	0.608612224805377	0.6914589578278237	([655, 10], [655, 615, 10])
1	0.6862365747364352	0.6915311896188404	([730, 279], [730, 530, 279])
1	0.6776095143034003	0.6916336301654935	([989, 164], [989, 164, 119])
1	0.6619107970786214	0.6917013198268763	([851, 492], [851, 492, 473])
1	0.6861202302790229	0.6919467755098827	([452, 280], [541, 452, 287])
1	0.6892737761562259	0.691956213837406	([844, 426], [844, 577, 428])
1	0.6873495036051186	0.691956213837406	([844, 577], [848, 844, 428])
1	0.6816070532117006	0.6920017137328196	([1175, 58], [1175, 1163, 58])
1	0.6868159721581282	0.6920539829937661	([1209, 93], [1209, 406, 93])
1	0.6177754479275248	0.692079143072885	([982, 51], [1042, 982, 403])
1	0.6908256532518232	0.6921315646574939	([1012, 276], [1012, 771, 276])
1	0.6916769206647677	0.6921315646574939	([1032, 771], [1032, 1012, 771])
1	0.6824026664845301	0.6922921597765475	([723, 596], [723, 638, 596])
1	0.6885861242692818	0.6923378771301661	([1128, 313], [1128, 350, 327])
1	0.681088079751801	0.6923672554351579	([759, 233], [759, 233, 196])
1	0.6815418512231435	0.6924701429884259	([1006, 452], [1006, 452, 429])
1	0.6786571077322835	0.6928992704429413	([848, 671], [848, 671, 428])
1	0.6920526390866752	0.6930284093445285	([744, 448], [753, 744, 448])
1	0.6892843582071743	0.6930379665324521	([944, 662], [944, 796, 662])
1	0.6874624104697933	0.6931181005441728	([963, 463], [963, 463, 386])
1	0.6704098785846014	0.6931181005441728	([1019, 386], [1019, 963, 386])
1	0.6876408938105303	0.6931478185880375	([1147, 661], [1147, 816, 409])
1	0.6696464595115067	0.693318752957564	([283, 32], [283, 246, 196])
1	0.6579255711262847	0.6933955893514174	([231, 42], [325, 231, 223])
1	0.6916140270486382	0.693460946234057	([1022, 478], [1022, 478, 356])
1	0.6848057819520701	0.6935188558999487	([482, 51], [481, 337, 51])
1	0.6882587773780328	0.6941766294465354	([737, 191], [764, 737, 191])
1	0.6894640312836742	0.6942443055634392	([758, 576], [758, 599, 576])
1	0.6937105160879993	0.694315300927689	([1120, 218], [1120, 391, 218])
1	0.6905130038693926	0.6943783454876604	([947, 697], [947, 697, 219])
1	0.6937016720239664	0.6944304906034137	([767, 10], [772, 753, 10])
1	0.6705293573945624	0.6944995561704218	([756, 577], [756, 674, 577])
1	0.6905661076378735	0.6945724426509787	([1165, 206], [1165, 1031, 993])
1	0.6899255063065478	0.6946629565286424	([446, 143], [446, 445, 164])
1	0.6799778534877474	0.6949051286424383	([1015, 108], [1015, 147, 108])
1	0.6882139941518446	0.6950489219308057	([757, 192], [757, 673, 192])
1	0.6941330176529236	0.6951445329551089	([1152, 344], [1152, 344, 329])
1	0.6917593538853494	0.6953246718776349	([587, 507], [587, 525, 507])
1	0.686119635400055	0.6953434257569233	([1157, 472], [1168, 1157, 472])
1	0.6862251115169294	0.6953702563357849	([1218, 335], [1218, 1141, 335])
1	0.6600119646533374	0.69546456340574	([386, 159], [430, 386, 159])
1	0.6918456900434532	0.6955335695489686	([1124, 1073], [1124, 1122, 1073])
1	0.6862551845304998	0.6955803615447507	([577, 10], [632, 615, 10])
1	0.6906397068980779	0.6956544575064348	([1032, 122], [1032, 1014, 122])
1	0.6705492406576575	0.6957867479522482	([980, 856], [980, 894, 856])
1	0.6931729643167209	0.6958405435049253	([1031, 311], [1031, 311, 206])
1	0.6907557275425598	0.6958808425459235	([765, 295], [765, 707, 638])
1	0.6828593558232969	0.6958827604725696	([848, 770], [848, 770, 387])
1	0.6650223058977999	0.6959977376906692	([980, 146], [1046, 980, 913])
1	0.5104879530228719	0.6962380914808132	([202, 3], [202, 11, 10])
1	0.6564101797900955	0.6962410770153026	([1031, 715], [1031, 715, 317])
1	0.6878626258226982	0.6962786440394504	([461, 166], [461, 320, 276])
1	0.6595655195181465	0.696565148320048	([1024, 319], [1024, 968, 319])
1	0.6734628107818085	0.6965806415414026	([565, 96], [565, 268, 96])
1	0.6944589915123801	0.6966682465990057	([861, 67], [861, 368, 106])
1	0.6728950541014993	0.6970421493820755	([1044, 434], [1044, 1037, 434])
1	0.6713185383964299	0.697252381581715	([1019, 166], [1019, 166, 124])
1	0.6917692202028997	0.697344047822757	([1025, 191], [1025, 191, 176])
1	0.6918643731126489	0.6975104269487628	([968, 372], [968, 386, 372])
1	0.6259385239707437	0.6975945002283638	([1193, 769], [1162, 1004, 964])
1	0.5252304707702661	0.6977118707136668	([351, 6], [883, 353, 337])
1	0.6617142531631691	0.6978184552345303	([981, 476], [981, 976, 476])
1	0.6946753541627786	0.6978837957350217	([538, 401], [579, 538, 401])
1	0.6820786191524827	0.6979006799432861	([860, 115], [1036, 860, 115])
1	0.5608599612379537	0.6979977222711732	([210, 33], [412, 210, 33])
1	0.6974314184717826	0.6980386547743935	([1166, 307], [1166, 307, 258])
1	0.6852302147647247	0.6980801870065797	([970, 114], [970, 114, 14])
1	0.6878250821107044	0.6982911088955718	([1208, 69], [1208, 69, 32])
1	0.6852555051004835	0.6983500603173748	([765, 190], [765, 732, 190])
1	0.6800751199370976	0.6983667848354117	([326, 152], [326, 152, 122])
1	0.6983609186560245	0.6984007712352569	([863, 107], [1129, 863, 827])
1	0.6918087493507803	0.6984916605637754	([342, 47], [342, 105, 18])
1	0.6127019324551696	0.6985501300469801	([508, 149], [508, 149, 132])
1	0.6934779825994296	0.6986950255152464	([1024, 652], [1024, 652, 223])
1	0.698448482084731	0.6988398703625377	([844, 619], [844, 619, 347])
1	0.5407297793693427	0.6990261586014467	([987, 394], [987, 959, 405])
1	0.6853492061318591	0.6993038605214028	([1125, 463], [1125, 463, 422])
1	0.6916060478225	0.6997039711609498	([989, 841], [989, 841, 59])
1	0.5289040712897214	0.6997805100472511	([576, 39], [667, 576, 431])
1	0.6968221795065299	0.6998157593498113	([1207, 1009], [1207, 1177, 1009])
1	0.5371969834973841	0.6999991214599837	([999, 238], [990, 451, 238])
1	0.6902097056766353	0.7002802127968789	([1126, 415], [1126, 441, 415])
1	0.5256003656755586	0.7002802127968789	([1169, 394], [1169, 1126, 441])
1	0.6748281842885545	0.7005280740164689	([1221, 46], [1221, 1214, 46])
1	0.6958679857200377	0.7005335753169356	([1012, 663], [1031, 1012, 663])
1	0.6933049605338634	0.7006635412225524	([1022, 316], [1022, 399, 342])
1	0.686718917250342	0.7010141384391229	([1014, 421], [1014, 967, 423])
1	0.7008872797289741	0.7010942771464375	([1194, 185], [1194, 1010, 638])
1	0.6714057460916093	0.7013526485152906	([1000, 152], [1000, 152, 18])
1	0.6869623842414113	0.701358258343989	([1123, 751], [1180, 751, 255])
1	0.5316341905406169	0.7014267704838584	([994, 6], [994, 401, 337])
1	0.6856645643728472	0.7014598745845337	([753, 279], [753, 730, 500])
1	0.6969586380578434	0.701635852111409	([966, 245], [966, 311, 245])
1	0.6893072824504376	0.70164540691649	([761, 403], [737, 631, 446])
1	0.6848310088206844	0.7016724887748987	([971, 30], [971, 397, 30])
1	0.6650082140564147	0.7017416696448184	([1221, 835], [1221, 1208, 835])
1	0.696735786921454	0.7017677215147421	([846, 415], [846, 424, 415])
1	0.6869713427401145	0.7018954226337473	([323, 154], [323, 204, 15])
1	0.6974398984410299	0.7020526370706281	([843, 422], [864, 843, 422])
1	0.6928977238042536	0.7021387674974988	([1024, 697], [1024, 697, 666])
1	0.6800662786844858	0.7024418249024308	([445, 164], [445, 444, 164])
1	0.6967293008319295	0.7026077533668236	([1197, 575], [1197, 575, 416])
1	0.6998201973286332	0.7030850123205564	([230, 164], [253, 230, 164])
1	0.698963763015408	0.703186592193236	([1159, 841], [1178, 1159, 841])
1	0.7027196484903573	0.7034609034857244	([1158, 320], [1161, 1158, 320])
1	0.7032171040756457	0.7037761971921574	([1015, 711], [1015, 711, 492])
1	0.7035839889274785	0.7038718061808328	([1160, 195], [1160, 1155, 193])
1	0.6943104230833382	0.7040691972042019	([1028, 431], [1028, 431, 308])
1	0.7038592312428072	0.7040691972042019	([989, 308], [1028, 989, 308])
1	0.6897871849807076	0.7042766627553765	([1002, 123], [1002, 964, 142])
1	0.6931239263937361	0.7045297939218025	([1126, 663], [1126, 663, 416])
1	0.6862431025564205	0.7045297939218025	([1197, 416], [1197, 1126, 416])
1	0.6741033809875416	0.7049742862566322	([1000, 859], [1121, 1000, 859])
1	0.6698622588783306	0.7049944937843927	([783, 21], [802, 783, 398])
1	0.7048897596221982	0.7050780455754144	([1126, 323], [1126, 396, 323])
1	0.7014270257604193	0.7051575315156179	([1158, 501], [1158, 501, 198])
1	0.6884884077078206	0.7051650470580194	([1221, 115], [1221, 1072, 787])
1	0.6756429946641563	0.7052294477566213	([1138, 92], [1138, 1099, 92])
1	0.700302922445721	0.7053859735499576	([704, 10], [704, 696, 656])
1	0.6964732948484151	0.7053925314345892	([1201, 31], [1201, 1126, 31])
1	0.562702825642108	0.7054891778772434	([1058, 33], [985, 909, 32])
1	0.6857473883549506	0.7054951608099522	([847, 425], [847, 425, 386])
1	0.6715733995110272	0.7057033202024866	([1182, 842], [1182, 1161, 842])
1	0.6967930112964545	0.7057771460718727	([1021, 716], [1021, 716, 273])
1	0.6899866942434872	0.7059086153017956	([1126, 267], [1126, 1091, 957])
1	0.7034759505978971	0.7060752997025272	([846, 574], [846, 609, 574])
1	0.6993178413523755	0.706095019299572	([509, 245], [509, 503, 245])
1	0.6962499104331908	0.7061137891028548	([1152, 145], [1152, 1034, 145])
1	0.6732456117146617	0.7063945142704496	([1001, 155], [1001, 965, 155])
1	0.5276297063960083	0.7067230635906148	([654, 3], [654, 388, 180])
1	0.7058467764105391	0.7067236594879754	([1181, 415], [1181, 431, 415])
1	0.6011675175071652	0.7069207099576462	([505, 194], [505, 242, 194])
1	0.6881516203068282	0.707117912219079	([863, 74], [925, 863, 74])
1	0.67601690389458	0.707208513986337	([1192, 768], [1187, 759, 735])
1	0.5746728511888812	0.7072536749806643	([450, 394], [450, 441, 394])
1	0.7005715770084542	0.7072638285798506	([1185, 78], [1185, 133, 78])
1	0.6956750169257977	0.7076152957768518	([999, 566], [999, 566, 206])
1	0.7013472010059748	0.7076228845166822	([1032, 310], [1032, 310, 220])
1	0.7031078128892954	0.7081667791843681	([984, 91], [984, 116, 91])
1	0.6898398602800182	0.7085682234517187	([1000, 203], [1000, 950, 203])
1	0.7001059148527549	0.7086248018426532	([842, 614], [842, 614, 430])
1	0.7020611360300217	0.7086827477718249	([602, 155], [602, 598, 155])
1	0.6967353078394207	0.7087573240519884	([1029, 48], [1157, 1029, 48])
1	0.6583101786386986	0.7088224261390831	([1221, 88], [1221, 88, 46])
1	0.7034190657479406	0.708997450784603	([966, 736], [966, 736, 308])
1	0.7035087882525918	0.7090628405101735	([1156, 851], [1156, 851, 843])
1	0.7056426653577186	0.7090774174483613	([722, 43], [754, 722, 43])
1	0.690649683970736	0.7091013129395742	([844, 700], [844, 700, 445])
1	0.7071755633341369	0.7091497017635399	([1125, 382], [1130, 1125, 382])
1	0.7048322505902803	0.7091695636873535	([988, 295], [988, 325, 295])
1	0.7074390549417918	0.709204580840554	([768, 18], [768, 543, 18])
1	0.6929782165203904	0.7095063943050753	([991, 433], [991, 433, 397])
1	0.6989073122904205	0.7100906452336428	([1175, 350], [1175, 402, 168])
1	0.520453846503209	0.7101167138403714	([1018, 6], [1018, 994, 960])
1	0.685342651773237	0.7102894392314397	([767, 51], [1006, 767, 51])
1	0.6873421388691858	0.7104721490713513	([506, 148], [506, 497, 142])
1	0.7094318729017426	0.7105065260299713	([748, 162], [748, 388, 162])
1	0.7072352072403637	0.7107885032344665	([1170, 643], [1170, 643, 318])
1	0.6920164762567629	0.7111112860199563	([1157, 305], [1157, 665, 305])
1	0.7005799127793058	0.7111112860199563	([1157, 654], [1157, 665, 654])
1	0.7042281532986006	0.7112427190602107	([1166, 839], [1166, 839, 391])
1	0.7048370918098423	0.7112515762882355	([979, 123], [979, 123, 74])
1	0.7074519824564495	0.7115603472113473	([655, 509], [655, 604, 509])
1	0.671356561535394	0.7116994298754834	([398, 191], [445, 398, 191])
1	0.7031942227171004	0.7118665104343529	([1220, 48], [1220, 1042, 48])
1	0.695738646546718	0.7119007250722277	([285, 13], [285, 182, 51])
1	0.7085749182755561	0.7121433646233447	([1121, 73], [1121, 150, 102])
1	0.699095003356376	0.7122610137641172	([1183, 734], [1183, 734, 679])
1	0.711094811944359	0.7123314792832577	([1147, 151], [1147, 409, 405])
1	0.7054907799132444	0.7123396765303067	([1029, 601], [1029, 601, 226])
1	0.7119684200432917	0.7124181164174502	([1011, 502], [1011, 502, 297])
1	0.7072618867809177	0.7124764583127984	([1190, 175], [1190, 1125, 175])
1	0.7073779075573727	0.7125198168916915	([1159, 201], [1159, 1125, 612])
1	0.6754494629030754	0.7127028684678725	([1154, 222], [1154, 964, 222])
1	0.706212545471611	0.7127188466484915	([1000, 665], [1127, 1000, 665])
1	0.6828117512957225	0.7128904391813569	([767, 398], [767, 730, 676])
1	0.6961191100369221	0.7129520931247084	([1201, 840], [1201, 1178, 840])
1	0.7007580708511083	0.7133360991866502	([1203, 626], [1203, 1163, 626])
1	0.5266971845296583	0.7133723087666185	([108, 6], [814, 108, 12])
1	0.7097578851783333	0.7134590947595818	([282, 159], [282, 197, 159])
1	0.7090496521755317	0.71348219394237	([846, 122], [849, 846, 122])
1	0.686007165451959	0.7135359934640644	([1160, 637], [1160, 637, 428])
1	0.7098820783977692	0.7135775472970014	([1188, 736], [1188, 736, 724])
1	0.7133073508658146	0.7136083296524098	([1207, 847], [1207, 1201, 840])
1	0.6949555905458101	0.7136603395443176	([839, 344], [839, 438, 344])
1	0.7116550123352193	0.7143095587761408	([1179, 492], [1179, 1127, 492])
1	0.7101087133112977	0.7144039290967841	([1203, 703], [1203, 1162, 703])
1	0.7094853405019277	0.7147915739578582	([1154, 754], [1165, 1154, 754])
1	0.707938170044571	0.7149622073055197	([839, 575], [839, 712, 575])
1	0.6955241849738336	0.7151803943904024	([1014, 656], [1014, 656, 640])
1	0.714017184459042	0.7154239364337842	([1184, 236], [1184, 236, 196])
1	0.5908933449441947	0.7156852528982665	([851, 508], [851, 508, 281])
1	0.49432082408309297	0.7159789034536496	([667, 39], [652, 576, 431])
1	0.6921309558816534	0.7159948337713048	([1123, 636], [1123, 636, 608])
1	0.7114311720235891	0.7164334561582577	([1191, 760], [1191, 1162, 760])
1	0.6937459758316376	0.7164488383203406	([1002, 840], [1019, 1002, 840])
1	0.7053616993642982	0.7168606010248356	([1159, 462], [1159, 462, 461])
1	0.5278430179678276	0.7173048749740781	([1153, 6], [1153, 994, 943])
1	0.7140542182157785	0.7173942451858448	([1183, 446], [1189, 1183, 446])
1	0.6894470463720052	0.7176040303804381	([842, 683], [842, 683, 556])
1	0.7075890307001178	0.7176252287192916	([847, 605], [847, 653, 605])
1	0.7128830438219333	0.7179259590408568	([1160, 506], [1160, 759, 506])
1	0.5546652174617845	0.7179328992374028	([394, 167], [558, 394, 167])
1	0.6819773353413894	0.7183680119088373	([857, 88], [857, 405, 88])
1	0.7147285993135846	0.7185555416638372	([245, 136], [493, 245, 136])
1	0.6642065943813665	0.7190512442770903	([1194, 505], [1194, 505, 233])
1	0.6250311744657949	0.7190679916421286	([265, 50], [265, 50, 31])
1	0.6904718450771256	0.719139635198715	([1112, 71], [1112, 1057, 784])
1	0.7011538955636408	0.7193679078851204	([840, 590], [840, 590, 312])
1	0.7134900796565873	0.7194744239177613	([502, 123], [502, 323, 123])
1	0.6808694902595371	0.7201525458953549	([1193, 509], [1193, 583, 509])
1	0.7111620201375273	0.720417312147003	([1189, 668], [1189, 668, 223])
1	0.7089732638666212	0.7205328675676235	([843, 677], [1004, 843, 677])
1	0.7180023706497003	0.721080100757906	([451, 131], [451, 131, 51])
1	0.6817237129726258	0.721335240126381	([250, 19], [539, 250, 196])
1	0.7135686922300553	0.7214591608738067	([742, 156], [742, 201, 156])
1	0.6450262342268167	0.7215566168449024	([1193, 33], [1193, 520, 251])
1	0.7200517712042163	0.7217475751530339	([1185, 503], [1185, 698, 461])
1	0.7204762983446252	0.7219017923018436	([1198, 644], [1198, 1162, 644])
1	0.7176054746429257	0.722406332641595	([1132, 86], [1132, 86, 68])
1	0.5882819014150167	0.722985036434986	([843, 1], [843, 158, 45])
1	0.5811657747031711	0.7231218760304393	([740, 3], [740, 388, 12])
1	0.7222815213758309	0.7232239672105492	([1001, 685], [1010, 1001, 685])
1	0.7215370415212732	0.7232841073196717	([1205, 691], [1205, 1129, 691])
1	0.7093898936807602	0.7234753570557609	([1126, 750], [1126, 750, 652])
1	0.68987349127586	0.7236782670568873	([231, 123], [231, 175, 123])
1	0.5860565616468895	0.723779916483085	([1190, 238], [1190, 238, 0])
1	0.6541233437741676	0.7242977848937958	([538, 32], [538, 283, 188])
1	0.7151432804933375	0.7243317266470217	([519, 406], [519, 500, 406])
1	0.5095378850073214	0.7248941454230649	([1168, 3], [1168, 219, 17])
1	0.5172076679926558	0.7255969608738687	([340, 3], [369, 340, 16])
1	0.5223084325538885	0.7256103749166936	([248, 39], [667, 248, 54])
1	0.5202177690769294	0.7265403054932867	([708, 240], [708, 240, 236])
1	0.7206585552700363	0.7265448456045852	([989, 704], [989, 704, 56])
1	0.7221645115374906	0.727162299754	([723, 130], [1186, 723, 130])
1	0.4917692554459755	0.7273203782666401	([652, 39], [772, 652, 205])
1	0.7103734917837319	0.7276572574829746	([1201, 557], [1201, 966, 311])
1	0.49013653849839517	0.7279256830779334	([18, 16], [470, 100, 97])
1	0.5644490412074387	0.7280074326263581	([394, 228], [450, 394, 228])
1	0.5791242010625951	0.7282791164570325	([1002, 505], [1002, 505, 301])
1	0.7269065034909667	0.7284849252903418	([1190, 137], [1190, 137, 32])
1	0.49756942855628883	0.7298685990005805	([1067, 35], [1067, 366, 170])
1	0.7191691280479475	0.7304039139795727	([1196, 701], [1196, 1178, 701])
1	0.48878334738974505	0.7308044031419079	([396, 393], [562, 217, 40])
1	0.7289820089150688	0.7312362319007665	([1027, 507], [1027, 569, 507])
1	0.6946897061539764	0.7312832581537194	([851, 569], [851, 839, 569])
1	0.49217938352010393	0.7322585161523583	([14, 13], [100, 35, 13])
1	0.7236778794600215	0.7330715556717116	([519, 32], [768, 519, 32])
1	0.7266826076498494	0.7333144618887331	([1200, 279], [1200, 386, 321])
1	0.7205035683471269	0.7333144618887331	([1200, 504], [1200, 504, 321])
1	0.5787174486351719	0.7334458591885479	([1215, 508], [1215, 1153, 925])
1	0.627298854734865	0.733729293822187	([504, 14], [504, 190, 180])
1	0.49255812959643336	0.734663136267604	([56, 39], [248, 56, 39])
1	0.7133516210653966	0.7350401843141344	([279, 130], [279, 276, 130])
1	0.7191298078251276	0.7352874200468884	([1196, 750], [1196, 1181, 750])
1	0.48535625491754536	0.7354982285703269	([314, 313], [241, 240, 210])
1	0.5000141168967036	0.7359420832417274	([588, 240], [656, 588, 240])
1	0.47243647399724054	0.7369165130091471	([656, 240], [588, 241, 240])
1	0.7331535486602813	0.7373566848156147	([1137, 132], [1137, 1035, 132])
1	0.4875912546349981	0.7377969519357118	([752, 237], [752, 244, 237])
1	0.5029648726799948	0.7380232769625802	([219, 3], [340, 219, 9])
1	0.5287646009288766	0.7387565842796573	([112, 3], [202, 112, 3])
1	0.7391851497934017	0.743236566756484	([1202, 576], [1202, 1156, 576])
1	0.4768754922478946	0.7445109744138645	([315, 314], [366, 35, 13])
1	0.7317120651261317	0.7448855032955101	([817, 506], [817, 814, 506])
1	0.7330282282792315	0.7448855032955101	([934, 506], [934, 814, 506])
1	0.7372037298568695	0.7452082730131173	([755, 84], [1176, 755, 84])
1	0.727958194642488	0.7459021968444834	([511, 134], [511, 251, 141])
1	0.7234351928731979	0.7463863839426906	([513, 419], [546, 523, 513])
1	0.5757545907204579	0.7467180976662752	([134, 6], [134, 108, 45])
1	0.5236869395083293	0.7487049341484924	([168, 3], [340, 168, 16])
1	0.7400159616565969	0.7496793282151161	([507, 130], [507, 426, 130])
1	0.7412616693424264	0.750375205228904	([1147, 730], [1159, 1147, 730])
1	0.4784034669680776	0.7511986631635824	([242, 241], [244, 237, 224])
1	0.7213707431317756	0.7525195513698861	([509, 101], [509, 245, 101])
1	0.4924962343089561	0.7530544765751734	([21, 19], [108, 55, 12])
1	0.7209994604928144	0.7551628814206451	([1161, 517], [1161, 517, 160])
1	0.6320778289274104	0.755205897416846	([520, 33], [1193, 644, 125])
1	0.5135909755020142	0.7559179660239346	([1204, 237], [1204, 237, 193])
1	0.7154264780774207	0.758578964673704	([513, 136], [513, 193, 182])
1	0.559049606494414	0.7594543566083222	([1153, 508], [1215, 851, 508])
1	0.7343204895890231	0.7607092381334719	([511, 420], [584, 511, 420])
1	0.7605232442352798	0.7651007377591867	([515, 322], [591, 515, 444])
1	0.5123313532298585	0.7697709399984671	([505, 43], [521, 505, 43])
1	0.5143184768111976	0.7697709399984671	([508, 43], [521, 508, 43])
1	0.766389745851632	0.7723721880256595	([896, 513], [878, 858, 513])
1	0.5091189226018324	0.7725048203856594	([237, 158], [237, 193, 158])
1	0.7596451549167623	0.7741109054714977	([819, 509], [778, 768, 649])
1	0.4924862646330231	0.7775962112017516	([200, 35], [200, 100, 35])
1	0.4846849900845239	0.7789056950948142	([1119, 39], [1119, 1023, 39])
1	0.46847636148601424	0.7799984172384622	([1018, 40], [1018, 974, 42])
1	0.7444125775275935	0.7805425599450744	([516, 87], [516, 513, 93])
1	0.7204889850648681	0.7829124561219257	([1198, 516], [1198, 516, 504])
1	0.576606624143339	0.7837120418019806	([508, 132], [508, 285, 132])
1	0.7687083394537665	0.7841959641677118	([982, 507], [982, 632, 507])
1	0.7830484398304669	0.7920096219393061	([1212, 514], [1212, 514, 191])
1	0.48356772043249346	0.79369251525919	([772, 771], [1018, 314, 46])
1	0.780687175756113	0.7963070766316369	([1046, 515], [1151, 515, 79])
1	0.7867196420124898	0.800103466929233	([1066, 517], [1066, 803, 517])
1	0.7982654603010509	0.8009342085881082	([1063, 514], [1212, 829, 514])
1	0.48233218765771424	0.800939807124459	([784, 782], [1023, 772, 57])
1	0.756005992167859	0.8038246462850188	([512, 357], [1147, 512, 421])
1	0.5179807687356965	0.8116154503523773	([955, 954], [955, 783, 24])
1	0.4785989065355831	0.8394739368737641	([876, 237], [876, 237, 224])
1	0.4975636553303638	0.8397873539067947	([94, 39], [94, 56, 39])
1	0.5581365041571112	0.8674889951624601	([1097, 505], [1097, 505, 194])
1	0.5428584973962453	0.8729761576431656	([132, 35], [132, 100, 35])
0	0.0	0.9650689645303954	([3], [835, 834])
0	0.0	0.9760330585417472	([38], [713, 712])
0	0.0	1.0	([4], [4, 0])
0	0.0	1.0	([5], [5, 0])
0	0.0	1.0	([7], [7, 0])
0	0.0	1.0	([8], [8, 0])
0	0.0	1.0	([22], [22, 0])
0	0.0	1.0	([25], [25, 0])
0	0.0	1.0	([26], [26, 0])
0	0.0	1.0	([27], [27, 0])
0	0.0	1.0	([28], [28, 0])
0	0.0	1.0	([34], [34, 0])
0	0.0	1.0	([36], [36, 0])
0	0.0	1.0	([37], [37, 0])
0	0.0	1.0	([239], [239, 0])
0	0.0	inf	([23], [])
