0	0.0	0.23627969067209106	([930], [930, 929])
0	0.0	0.23838473001335678	([77], [77, 76])
0	0.0	0.2488101896006164	([530], [530, 529])
0	0.0	0.25301918957383124	([24], [24, 23])
0	0.0	0.2535502575982349	([468], [468, 467])
0	0.0	0.2539429114836425	([291], [291, 290])
0	0.0	0.25437547011047884	([329], [329, 328])
0	0.0	0.25471491621288433	([899], [899, 898])
0	0.0	0.2560106268864807	([898], [898, 897])
0	0.0	0.25621970856629367	([491], [491, 490])
0	0.0	0.25676953490437365	([296], [296, 295])
0	0.0	0.2575209441249741	([423], [423, 422])
0	0.0	0.25878405831931217	([212], [212, 211])
0	0.0	0.259466161427071	([202], [202, 201])
0	0.0	0.2608088887148992	([545], [545, 544])
0	0.0	0.26175512184638733	([918], [918, 917])
0	0.0	0.2626439012139224	([304], [304, 303])
0	0.0	0.2629655357528344	([931], [931, 929])
0	0.0	0.2634572361262355	([925], [925, 924])
0	0.0	0.263589609125805	([618], [618, 617])
0	0.0	0.2650649739102736	([933], [933, 932])
0	0.0	0.26671176141303815	([301], [301, 300])
0	0.0	0.2679572547934222	([203], [203, 202])
0	0.0	0.2680336749911961	([737], [737, 736])
0	0.0	0.2690055760942729	([929], [931, 928])
0	0.0	0.26915919850444914	([729], [729, 728])
0	0.0	0.269378921683474	([487], [487, 486])
0	0.0	0.27021532063035875	([211], [211, 210])
0	0.0	0.2702749746263435	([306], [306, 305])
0	0.0	0.2704332340899453	([307], [307, 306])
0	0.0	0.27322702799946436	([17], [17, 16])
0	0.0	0.2733111160356396	([407], [407, 406])
0	0.0	0.2738090954519522	([176], [176, 175])
0	0.0	0.27419153761751813	([733], [733, 732])
0	0.0	0.2742460646353649	([292], [292, 291])
0	0.0	0.27445741340583674	([430], [430, 429])
0	0.0	0.27453762356878425	([142], [142, 141])
0	0.0	0.27552659390321005	([213], [213, 212])
0	0.0	0.2755722856440507	([16], [16, 15])
0	0.0	0.27624249550647545	([420], [420, 417])
0	0.0	0.2764161130334693	([309], [309, 308])
0	0.0	0.2766476291269465	([730], [730, 729])
0	0.0	0.2767984496647412	([351], [351, 350])
0	0.0	0.2772072279932693	([886], [886, 885])
0	0.0	0.2773639305297939	([736], [736, 735])
0	0.0	0.2773668683595921	([299], [299, 298])
0	0.0	0.27754935451448803	([9], [9, 8])
0	0.0	0.2777796341951309	([413], [413, 412])
0	0.0	0.27861976427229546	([935], [935, 934])
0	0.0	0.2790022364082926	([18], [18, 17])
0	0.0	0.2791707253910292	([215], [215, 214])
0	0.0	0.2798609025191906	([908], [908, 907])
0	0.0	0.2801235446598095	([885], [885, 884])
0	0.0	0.28100138206389075	([901], [901, 900])
0	0.0	0.28148028884409243	([884], [884, 883])
0	0.0	0.2818475832063872	([916], [916, 915])
0	0.0	0.2818859603960923	([900], [900, 899])
0	0.0	0.28215367200927793	([728], [728, 727])
0	0.0	0.2835757546714798	([293], [293, 292])
0	0.0	0.2837727471494546	([294], [294, 293])
0	0.0	0.28384647788395745	([300], [300, 299])
0	0.0	0.2838936674537832	([217], [217, 216])
0	0.0	0.2839013419302945	([354], [354, 353])
0	0.0	0.2841634367720314	([526], [526, 525])
0	0.0	0.2841691054794334	([195], [195, 194])
0	0.0	0.2841807060333416	([214], [214, 213])
0	0.0	0.28474368958304397	([80], [80, 79])
0	0.0	0.28481215291061984	([755], [755, 754])
0	0.0	0.28489511674424556	([914], [914, 913])
0	0.0	0.28539993196508096	([917], [917, 916])
0	0.0	0.28540927220406526	([818], [818, 817])
0	0.0	0.28570086949382145	([78], [78, 77])
0	0.0	0.28596443193982407	([277], [277, 276])
0	0.0	0.2860225627820352	([417], [420, 419])
0	0.0	0.2869899161985344	([148], [148, 147])
0	0.0	0.28734346320996623	([282], [282, 281])
0	0.0	0.2880237062403356	([816], [816, 815])
0	0.0	0.28829733865856466	([913], [913, 911])
0	0.0	0.2883283482799013	([170], [170, 169])
0	0.0	0.28868076192843245	([15], [15, 14])
0	0.0	0.28868556182653554	([951], [951, 950])
0	0.0	0.2892148146482026	([890], [890, 889])
0	0.0	0.29118107333544924	([544], [544, 543])
0	0.0	0.2916289405303476	([952], [952, 951])
0	0.0	0.29192692412128585	([216], [216, 215])
0	0.0	0.29291423674190753	([489], [489, 488])
0	0.0	0.293160989104363	([81], [81, 80])
0	0.0	0.2940184788979946	([187], [187, 186])
0	0.0	0.2940802804355881	([290], [290, 289])
0	0.0	0.29416549212205184	([328], [328, 327])
0	0.0	0.2941756508458351	([357], [357, 356])
0	0.0	0.29422716910814695	([180], [180, 179])
0	0.0	0.2944204239070154	([531], [531, 530])
0	0.0	0.29460263769372963	([19], [19, 18])
0	0.0	0.29483353294939585	([14], [14, 13])
0	0.0	0.2952438868913826	([155], [155, 154])
0	0.0	0.295371912112994	([220], [220, 219])
0	0.0	0.2953888248155771	([469], [469, 468])
0	0.0	0.29545509847109547	([870], [870, 869])
0	0.0	0.29562592825742723	([527], [527, 526])
0	0.0	0.2959429719817607	([486], [486, 485])
0	0.0	0.29598469940930494	([847], [847, 846])
0	0.0	0.2960063458888964	([902], [902, 901])
0	0.0	0.29602138904484654	([528], [528, 527])
0	0.0	0.29620943006262607	([339], [339, 338])
0	0.0	0.29628755161014064	([735], [735, 734])
0	0.0	0.29635940879121686	([149], [149, 148])
0	0.0	0.2968310641102632	([305], [305, 304])
0	0.0	0.2973668848686416	([145], [145, 144])
0	0.0	0.29752556314716927	([280], [280, 279])
0	0.0	0.29827494267637394	([419], [419, 418])
0	0.0	0.29834232251467196	([424], [424, 423])
0	0.0	0.29875660318414093	([844], [844, 843])
0	0.0	0.29877568706354135	([57], [57, 56])
0	0.0	0.29885990670077717	([457], [457, 456])
0	0.0	0.2989693869734581	([753], [753, 752])
0	0.0	0.2996468359421184	([871], [871, 870])
0	0.0	0.29985767700288335	([12], [12, 11])
0	0.0	0.30009391069052127	([330], [330, 329])
0	0.0	0.30053176233104384	([140], [140, 139])
0	0.0	0.3007565397162391	([734], [734, 733])
0	0.0	0.3008556780431405	([894], [894, 893])
0	0.0	0.30115964392340316	([731], [731, 730])
0	0.0	0.30139164452748984	([295], [295, 294])
0	0.0	0.30140559208128853	([271], [271, 270])
0	0.0	0.3015201357661068	([911], [911, 910])
0	0.0	0.30192330686422514	([10], [10, 9])
0	0.0	0.30219492537934844	([892], [892, 891])
0	0.0	0.3026012778765765	([311], [311, 310])
0	0.0	0.3026053884151125	([880], [880, 879])
0	0.0	0.30311874128518573	([488], [488, 487])
0	0.0	0.3032509097531819	([308], [308, 307])
0	0.0	0.30356483907602533	([219], [219, 218])
0	0.0	0.3037385251181223	([337], [337, 336])
0	0.0	0.30422527094794105	([76], [78, 75])
0	0.0	0.3045654965797935	([218], [218, 217])
0	0.0	0.3047124857068586	([904], [904, 895])
0	0.0	0.30472912491577964	([882], [882, 881])
0	0.0	0.3048009603881617	([926], [926, 925])
0	0.0	0.30493341560465304	([108], [108, 107])
0	0.0	0.30511271510702687	([274], [274, 273])
0	0.0	0.3052402792962273	([275], [275, 273])
0	0.0	0.30538070193334527	([895], [904, 903])
0	0.0	0.30580345145212995	([302], [302, 301])
0	0.0	0.30589622673006106	([470], [470, 469])
0	0.0	0.30597289569618474	([891], [891, 890])
0	0.0	0.3060411280673865	([869], [871, 868])
0	0.0	0.30640499606572286	([336], [336, 335])
0	0.0	0.3064549098778114	([278], [278, 277])
0	0.0	0.3066259869579447	([948], [948, 947])
0	0.0	0.3068780145025189	([183], [183, 182])
0	0.0	0.30716309336930736	([410], [410, 409])
0	0.0	0.30764630899343526	([268], [268, 267])
0	0.0	0.30764962485154956	([406], [406, 405])
0	0.0	0.30770690074811274	([555], [555, 554])
0	0.0	0.3078421659888564	([474], [474, 473])
0	0.0	0.3079151386366474	([58], [58, 57])
0	0.0	0.3081823707596629	([543], [543, 542])
0	0.0	0.3082565929317191	([897], [897, 896])
0	0.0	0.3085587789940631	([151], [151, 150])
1	0.30774479092418777	0.3088570086366073	([869, 868], [871, 870, 869])
0	0.0	0.3090609834640079	([754], [754, 753])
0	0.0	0.30920804049007605	([756], [756, 755])
0	0.0	0.3098341963123735	([20], [20, 19])
0	0.0	0.30991600666437863	([817], [817, 816])
0	0.0	0.3103443541751029	([287], [287, 286])
0	0.0	0.310539313775246	([922], [922, 921])
0	0.0	0.3106450107010919	([168], [168, 167])
0	0.0	0.3110055240561411	([490], [490, 489])
0	0.0	0.31112140586262876	([429], [429, 428])
0	0.0	0.3113445102712029	([139], [139, 138])
0	0.0	0.3115399814702308	([905], [905, 904])
0	0.0	0.31156787294909427	([774], [774, 773])
0	0.0	0.3118431399705518	([283], [283, 282])
0	0.0	0.31202405594276267	([529], [529, 528])
0	0.0	0.3127302649336152	([269], [269, 268])
0	0.0	0.31291594331839173	([399], [399, 398])
0	0.0	0.3129653002916525	([356], [356, 355])
1	0.31150572964220025	0.31316290513654815	([914, 910], [914, 913, 910])
0	0.0	0.31338925244353166	([903], [903, 902])
0	0.0	0.31412653687690517	([79], [80, 78])
0	0.0	0.3141561774681702	([303], [303, 302])
0	0.0	0.3145256625035524	([556], [556, 555])
0	0.0	0.31452965006892764	([927], [927, 926])
0	0.0	0.31480101189279475	([915], [915, 914])
0	0.0	0.31497833446340184	([466], [466, 465])
0	0.0	0.3156759276392936	([606], [606, 605])
0	0.0	0.31581058514245886	([924], [924, 923])
0	0.0	0.3159110239159866	([416], [416, 415])
0	0.0	0.31596856146415514	([598], [598, 597])
0	0.0	0.31613727298300953	([475], [475, 474])
0	0.0	0.3163173560389619	([919], [919, 918])
0	0.0	0.31633636611303967	([177], [177, 176])
0	0.0	0.31642585577143933	([102], [102, 101])
0	0.0	0.316678087534535	([458], [458, 457])
0	0.0	0.31673794959151697	([279], [279, 278])
0	0.0	0.31676490577793	([288], [288, 287])
0	0.0	0.3169707782788173	([147], [147, 146])
0	0.0	0.3172981154617019	([619], [619, 618])
0	0.0	0.3173873195993075	([298], [298, 297])
0	0.0	0.3175105332379614	([909], [909, 908])
0	0.0	0.31789855577198434	([421], [421, 420])
0	0.0	0.3179249603597983	([82], [82, 81])
0	0.0	0.31795996108667296	([868], [868, 867])
0	0.0	0.3179895806225745	([428], [428, 427])
0	0.0	0.3180257104616411	([485], [485, 484])
0	0.0	0.31839385471502984	([732], [732, 731])
0	0.0	0.31839785118966907	([673], [673, 672])
0	0.0	0.3184136077118352	([83], [83, 82])
0	0.0	0.31849312263377316	([270], [270, 269])
0	0.0	0.3190347853362817	([484], [484, 483])
0	0.0	0.31927800846062737	([660], [660, 659])
0	0.0	0.3193552241046816	([565], [565, 564])
0	0.0	0.3194339191111288	([802], [802, 801])
0	0.0	0.3195646089922487	([175], [175, 174])
0	0.0	0.3195886533639546	([141], [141, 140])
0	0.0	0.3197162460902547	([907], [907, 906])
0	0.0	0.32031271987436727	([190], [190, 189])
0	0.0	0.32031917398464	([286], [286, 285])
0	0.0	0.32038588926627637	([146], [146, 145])
0	0.0	0.32076647118144896	([285], [285, 284])
0	0.0	0.32096752727782085	([441], [441, 440])
1	0.31829753913778547	0.3210236164522022	([545, 542], [545, 544, 543])
0	0.0	0.3210727524422084	([713], [713, 712])
0	0.0	0.3212107021144264	([949], [949, 948])
0	0.0	0.32152228696621965	([197], [197, 196])
0	0.0	0.32159084088840617	([557], [557, 556])
0	0.0	0.32204037253931955	([945], [945, 944])
0	0.0	0.32249844115808085	([674], [674, 673])
0	0.0	0.3225313283306403	([621], [621, 620])
0	0.0	0.322569826511712	([761], [761, 760])
0	0.0	0.3226835751176363	([833], [833, 832])
0	0.0	0.32276014871352054	([422], [422, 421])
0	0.0	0.32287913985665295	([103], [103, 102])
0	0.0	0.32291800534928833	([921], [921, 920])
0	0.0	0.3232012017134205	([611], [611, 610])
0	0.0	0.3232556691754511	([706], [706, 705])
0	0.0	0.32337335294276204	([194], [194, 193])
0	0.0	0.3234048311256063	([476], [476, 475])
0	0.0	0.3234048615263286	([741], [741, 740])
0	0.0	0.3234669928815955	([622], [622, 621])
0	0.0	0.3235952209839745	([473], [473, 472])
0	0.0	0.32395726107925105	([449], [449, 448])
0	0.0	0.3239722217920106	([846], [847, 845])
0	0.0	0.3240324888270798	([107], [107, 106])
0	0.0	0.32404062939806244	([516], [516, 515])
0	0.0	0.32425592786298	([738], [738, 737])
0	0.0	0.32428748581109135	([189], [189, 188])
0	0.0	0.3246628839547585	([839], [839, 838])
0	0.0	0.3248248587931474	([658], [658, 657])
0	0.0	0.32496147791890173	([805], [805, 804])
0	0.0	0.325065569582589	([272], [272, 271])
0	0.0	0.325112745946347	([156], [156, 155])
0	0.0	0.325308281115398	([426], [426, 425])
0	0.0	0.32536828046433464	([171], [171, 170])
0	0.0	0.32555012210260326	([496], [496, 495])
0	0.0	0.3257963098189871	([946], [946, 945])
0	0.0	0.3261242557915561	([154], [154, 153])
0	0.0	0.32614916524219884	([670], [670, 669])
0	0.0	0.32630813530063724	([498], [498, 497])
0	0.0	0.3264082654040676	([830], [830, 829])
0	0.0	0.32655642066034807	([787], [787, 786])
0	0.0	0.3266890089664805	([174], [174, 173])
0	0.0	0.3270033578468545	([442], [442, 441])
0	0.0	0.32755519271843825	([762], [762, 761])
0	0.0	0.32756439103568213	([852], [852, 851])
0	0.0	0.3277414659256432	([447], [447, 446])
0	0.0	0.32774498763023074	([400], [400, 399])
0	0.0	0.3277917341326351	([873], [873, 872])
0	0.0	0.3280289689071889	([687], [687, 686])
0	0.0	0.3280514908074564	([515], [515, 514])
0	0.0	0.3281368853960716	([910], [910, 909])
0	0.0	0.3284878971146487	([637], [637, 636])
0	0.0	0.32868429977996944	([671], [671, 670])
0	0.0	0.328843283376715	([425], [425, 424])
0	0.0	0.32901150133355256	([776], [776, 775])
0	0.0	0.32903409009117235	([938], [938, 937])
0	0.0	0.3290574317408089	([681], [681, 680])
0	0.0	0.32908621716646996	([467], [467, 466])
0	0.0	0.3290935438454749	([747], [747, 746])
0	0.0	0.3291410123270346	([788], [788, 787])
0	0.0	0.32930217887256147	([340], [340, 339])
1	0.31868928304250316	0.32952337532947323	([418, 417], [420, 419, 418])
0	0.0	0.32952564081106644	([56], [56, 55])
0	0.0	0.32964247525029067	([717], [717, 716])
0	0.0	0.32965875341136863	([612], [612, 611])
0	0.0	0.32973058012287776	([850], [850, 849])
0	0.0	0.3297393280023458	([143], [143, 142])
0	0.0	0.32977918325137867	([85], [85, 84])
0	0.0	0.32986048116701455	([55], [56, 54])
0	0.0	0.32994185046372515	([461], [461, 460])
0	0.0	0.32997274823214195	([875], [875, 874])
0	0.0	0.3299783907817813	([289], [289, 288])
0	0.0	0.32999535363821575	([444], [444, 443])
0	0.0	0.33000853350378456	([244], [244, 243])
0	0.0	0.33003131428714977	([838], [838, 837])
1	0.3130631702431347	0.3301571408797371	([731, 727], [731, 730, 727])
0	0.0	0.33020614043619545	([310], [310, 309])
0	0.0	0.33032464885234486	([566], [566, 564])
0	0.0	0.33042302774715177	([409], [409, 408])
0	0.0	0.33054069342222664	([521], [521, 520])
0	0.0	0.3307487624836383	([659], [659, 658])
0	0.0	0.33075238623205444	([355], [355, 354])
0	0.0	0.3309698831378693	([86], [86, 85])
0	0.0	0.3309871811922496	([665], [665, 664])
0	0.0	0.3310278341447537	([878], [878, 877])
0	0.0	0.33112065292444154	([944], [944, 943])
0	0.0	0.33114906571258634	([11], [11, 10])
0	0.0	0.3312002507789596	([888], [888, 887])
0	0.0	0.3312083467143938	([201], [201, 200])
0	0.0	0.33142853472288886	([928], [928, 927])
0	0.0	0.3314595849748015	([947], [947, 946])
0	0.0	0.3315101439459955	([415], [415, 414])
0	0.0	0.3315486855214946	([350], [350, 349])
0	0.0	0.33193674829218744	([943], [943, 942])
0	0.0	0.33201045928071565	([807], [807, 806])
0	0.0	0.3323190132524106	([836], [836, 835])
0	0.0	0.3323403095602092	([451], [451, 450])
0	0.0	0.3323570505987148	([591], [591, 590])
0	0.0	0.33268294563420203	([433], [433, 432])
0	0.0	0.3327899267690793	([191], [191, 190])
0	0.0	0.33287246135207177	([199], [199, 198])
0	0.0	0.33292262059420974	([13], [13, 12])
0	0.0	0.3330785652576755	([642], [642, 641])
0	0.0	0.3330930580300354	([208], [208, 207])
0	0.0	0.33312530661213047	([796], [796, 795])
0	0.0	0.3331392016393088	([813], [813, 812])
0	0.0	0.33317752411643164	([695], [695, 694])
0	0.0	0.3333315603761923	([668], [668, 667])
0	0.0	0.33339908169834076	([651], [651, 650])
0	0.0	0.3335053234887323	([497], [497, 496])
0	0.0	0.33361141747702516	([872], [872, 871])
0	0.0	0.33374558151980566	([587], [587, 586])
0	0.0	0.3338417769636922	([746], [746, 745])
0	0.0	0.33391962143198356	([666], [666, 665])
0	0.0	0.33397185251869366	([144], [144, 143])
0	0.0	0.3340095351213742	([222], [222, 221])
0	0.0	0.3340364230914655	([281], [281, 280])
0	0.0	0.3340425795769138	([711], [711, 710])
0	0.0	0.33421203110173914	([647], [647, 646])
0	0.0	0.33427781135576246	([887], [887, 886])
0	0.0	0.334491248641437	([640], [640, 639])
0	0.0	0.3346159465397071	([704], [704, 703])
0	0.0	0.3347166235430404	([740], [740, 739])
0	0.0	0.33483881438269963	([798], [798, 797])
0	0.0	0.33490181729452	([150], [150, 149])
0	0.0	0.3349331534101146	([314], [314, 313])
0	0.0	0.3349392235166462	([403], [403, 402])
0	0.0	0.33511128146738445	([188], [188, 187])
0	0.0	0.33525706488672213	([335], [335, 334])
0	0.0	0.33527726217990794	([312], [312, 311])
0	0.0	0.33528888487262465	([206], [206, 205])
0	0.0	0.33552361419207205	([800], [800, 799])
0	0.0	0.33552377412023787	([412], [412, 411])
0	0.0	0.3356107690784845	([795], [795, 794])
0	0.0	0.335642919051426	([495], [495, 494])
0	0.0	0.3358715372103886	([367], [367, 366])
0	0.0	0.33589633415774794	([863], [863, 862])
0	0.0	0.3359243281692017	([858], [858, 857])
0	0.0	0.3359615587649213	([401], [401, 400])
0	0.0	0.335965114809342	([860], [860, 859])
0	0.0	0.33599244512310505	([104], [104, 103])
0	0.0	0.3360009836929238	([87], [87, 86])
0	0.0	0.33602654140408683	([130], [130, 129])
0	0.0	0.3361812013155972	([766], [766, 765])
0	0.0	0.33620674955395574	([862], [862, 861])
0	0.0	0.3362973131998688	([675], [675, 674])
0	0.0	0.33631390893661134	([623], [623, 622])
0	0.0	0.33643603371789177	([404], [404, 403])
0	0.0	0.3364849741714176	([841], [841, 840])
0	0.0	0.33649635691786517	([720], [720, 719])
0	0.0	0.33654040592095535	([831], [831, 830])
0	0.0	0.336612501996868	([114], [114, 113])
0	0.0	0.3367439058837573	([857], [857, 856])
0	0.0	0.33695042972915507	([577], [577, 576])
0	0.0	0.336951341853211	([824], [824, 823])
0	0.0	0.3370852919805676	([297], [297, 296])
0	0.0	0.3371259989893394	([837], [837, 836])
0	0.0	0.33713847142157566	([652], [652, 651])
0	0.0	0.33731534933881835	([643], [643, 642])
0	0.0	0.3373761972850566	([522], [522, 521])
0	0.0	0.33740503628797397	([758], [758, 757])
0	0.0	0.3374964876845658	([663], [663, 662])
0	0.0	0.3375713739078291	([499], [499, 498])
0	0.0	0.33761392972309623	([923], [923, 922])
0	0.0	0.33771384478769123	([763], [763, 762])
0	0.0	0.33777925985415086	([768], [768, 767])
0	0.0	0.3378047393474466	([179], [179, 178])
0	0.0	0.33785703619089186	([579], [579, 578])
0	0.0	0.33789151902076153	([549], [549, 548])
0	0.0	0.33800764992691845	([615], [615, 614])
0	0.0	0.3380123780149719	([153], [153, 152])
0	0.0	0.3380288718081784	([582], [582, 581])
0	0.0	0.33815564863490727	([771], [771, 770])
0	0.0	0.33819742372923906	([683], [683, 682])
0	0.0	0.3382648252912615	([186], [186, 185])
0	0.0	0.33836278058524105	([655], [655, 654])
0	0.0	0.3383792224278214	([820], [820, 819])
0	0.0	0.33841677564888595	([349], [349, 348])
0	0.0	0.33846615523946005	([445], [445, 444])
0	0.0	0.3384866071047667	([770], [770, 769])
0	0.0	0.3386210096630527	([792], [792, 791])
0	0.0	0.33862894298742435	([828], [828, 827])
0	0.0	0.33866297422380454	([953], [953, 952])
0	0.0	0.33886632014602575	([826], [826, 825])
0	0.0	0.33886762052578173	([664], [664, 663])
0	0.0	0.3390221540031762	([854], [854, 853])
0	0.0	0.33931247245464347	([620], [620, 619])
0	0.0	0.3393311326842272	([690], [690, 689])
0	0.0	0.3393453625308175	([864], [864, 863])
0	0.0	0.3394335699947251	([514], [514, 513])
0	0.0	0.33948314302033983	([861], [861, 860])
0	0.0	0.3395229985951648	([5], [5, 4])
0	0.0	0.33957510537145985	([500], [500, 499])
0	0.0	0.33958373673881237	([456], [456, 455])
0	0.0	0.33959837652117164	([459], [459, 458])
0	0.0	0.3396089849589234	([313], [313, 312])
0	0.0	0.33961131128147365	([509], [509, 508])
0	0.0	0.33964091707106414	([825], [825, 824])
0	0.0	0.3396993379634612	([477], [477, 476])
0	0.0	0.33973591024137995	([226], [226, 225])
0	0.0	0.33977644465365053	([583], [583, 582])
0	0.0	0.339811199420574	([749], [749, 748])
0	0.0	0.3398618846683459	([561], [561, 560])
0	0.0	0.33986271427858106	([941], [941, 940])
0	0.0	0.3398632033620013	([580], [580, 579])
0	0.0	0.3398868146840843	([874], [874, 873])
0	0.0	0.3400373176027314	([821], [821, 820])
0	0.0	0.34026125668526724	([767], [767, 766])
0	0.0	0.3405655600696162	([511], [511, 510])
0	0.0	0.3405880469724265	([338], [338, 337])
0	0.0	0.3406781355637218	([835], [835, 834])
0	0.0	0.3407275164552327	([893], [893, 892])
0	0.0	0.3407677973872117	([346], [346, 345])
0	0.0	0.34080625896217576	([752], [752, 751])
0	0.0	0.3408609076761273	([710], [710, 709])
0	0.0	0.3409713773393871	([482], [482, 481])
0	0.0	0.3409842152933641	([604], [604, 603])
0	0.0	0.34102822394186927	([276], [280, 275])
0	0.0	0.34107624660636604	([851], [851, 850])
0	0.0	0.3411478407842111	([632], [632, 631])
0	0.0	0.3411749011225345	([639], [639, 638])
0	0.0	0.34118656423022514	([431], [431, 430])
0	0.0	0.3411896919155375	([709], [709, 708])
0	0.0	0.3412828438951324	([605], [605, 604])
0	0.0	0.341310116610353	([876], [876, 875])
0	0.0	0.3413134420764018	([243], [243, 242])
0	0.0	0.3414435431898159	([646], [646, 645])
0	0.0	0.3415233512465459	([607], [607, 606])
0	0.0	0.34157110879522723	([376], [376, 375])
0	0.0	0.3416862344632707	([806], [806, 805])
0	0.0	0.34168706831021245	([616], [616, 615])
0	0.0	0.3418496566601273	([865], [865, 864])
0	0.0	0.34187032159089115	([793], [793, 792])
0	0.0	0.3418924947664255	([634], [634, 633])
0	0.0	0.3419157314152742	([518], [518, 517])
0	0.0	0.3419307881236096	([823], [823, 822])
0	0.0	0.3419811943072738	([633], [633, 632])
0	0.0	0.34198995846562497	([575], [575, 574])
0	0.0	0.3420678851530515	([859], [859, 858])
0	0.0	0.3420994652554578	([227], [227, 226])
0	0.0	0.3424514689475775	([539], [539, 538])
0	0.0	0.3425182555636489	([434], [434, 433])
0	0.0	0.3425454295245729	([559], [559, 558])
0	0.0	0.34254550202843864	([703], [703, 702])
0	0.0	0.3425455577974561	([701], [701, 700])
0	0.0	0.34259802467963485	([667], [667, 666])
0	0.0	0.3428245763018781	([654], [654, 653])
0	0.0	0.3428573036742833	([680], [680, 679])
0	0.0	0.3428756762504489	([472], [472, 471])
0	0.0	0.3429479476358302	([832], [832, 831])
0	0.0	0.3430000418255093	([853], [853, 852])
0	0.0	0.34304091029201994	([88], [88, 87])
0	0.0	0.3430624463879639	([200], [200, 199])
0	0.0	0.3431194283568562	([810], [810, 809])
0	0.0	0.34313757766578534	([126], [126, 125])
0	0.0	0.34323361043219863	([402], [402, 401])
0	0.0	0.3432504814123492	([750], [750, 749])
1	0.33139116531412255	0.34334451254095133	([892, 889], [892, 891, 889])
0	0.0	0.3433816543076293	([89], [89, 88])
0	0.0	0.3434246218231651	([172], [172, 171])
0	0.0	0.34344124154913	([446], [446, 445])
0	0.0	0.34345613639473316	([152], [152, 151])
0	0.0	0.3434774774686229	([173], [173, 172])
0	0.0	0.3434924843999157	([508], [508, 507])
0	0.0	0.3434985004348104	([748], [748, 747])
0	0.0	0.3435412019056064	([834], [834, 833])
0	0.0	0.3435534022601981	([743], [743, 742])
0	0.0	0.34366279282098267	([769], [769, 768])
0	0.0	0.3439694594814865	([207], [207, 206])
0	0.0	0.3439850743651654	([624], [624, 623])
0	0.0	0.34398870337872506	([178], [178, 177])
0	0.0	0.34416706244671125	([855], [855, 854])
0	0.0	0.3442396559087505	([315], [315, 314])
0	0.0	0.3443927527730491	([797], [797, 796])
0	0.0	0.34449036535537564	([715], [715, 714])
0	0.0	0.3444910449334494	([210], [220, 209])
0	0.0	0.34449580234248295	([510], [510, 509])
0	0.0	0.3446103011444109	([322], [322, 321])
0	0.0	0.3446235102119912	([352], [352, 351])
0	0.0	0.3446262800720004	([453], [453, 452])
0	0.0	0.3446296557961169	([450], [450, 449])
0	0.0	0.34463441451122706	([377], [377, 376])
0	0.0	0.34478785595438655	([29], [29, 28])
0	0.0	0.34486597515178713	([614], [614, 613])
0	0.0	0.34492424202391386	([221], [221, 220])
0	0.0	0.3449731657395664	([719], [719, 718])
0	0.0	0.3450402379516848	([553], [553, 552])
0	0.0	0.3450434470210467	([697], [697, 696])
0	0.0	0.34505324341517096	([653], [653, 652])
0	0.0	0.3450957907844522	([502], [502, 501])
0	0.0	0.3451116327327379	([519], [519, 518])
0	0.0	0.3451383389817492	([726], [726, 725])
0	0.0	0.34518265972109846	([41], [41, 40])
0	0.0	0.34528807488962904	([448], [448, 447])
0	0.0	0.3453527068555649	([520], [520, 519])
0	0.0	0.3453781222961562	([785], [785, 784])
0	0.0	0.3453872070798634	([812], [812, 811])
0	0.0	0.34547419054515455	([133], [133, 132])
0	0.0	0.3455044713327475	([97], [97, 96])
0	0.0	0.34553027885177034	([595], [595, 594])
0	0.0	0.3455356374928032	([794], [794, 793])
0	0.0	0.34555275127845414	([436], [436, 435])
0	0.0	0.3455652244282423	([590], [590, 589])
0	0.0	0.3455973589565023	([799], [799, 798])
0	0.0	0.3456560464431466	([782], [782, 781])
0	0.0	0.34578663895197465	([856], [856, 855])
0	0.0	0.3458268347587324	([224], [224, 223])
0	0.0	0.3458866929458749	([718], [718, 717])
0	0.0	0.34593173981138603	([641], [641, 640])
0	0.0	0.34594240995136916	([610], [610, 609])
0	0.0	0.34598762416651396	([113], [113, 112])
0	0.0	0.3460158859548718	([775], [775, 774])
0	0.0	0.346071105606284	([405], [405, 404])
0	0.0	0.3462547954179375	([462], [462, 461])
0	0.0	0.34644582761243453	([781], [781, 780])
0	0.0	0.346478856784231	([411], [411, 410])
0	0.0	0.3467912695981545	([779], [779, 778])
0	0.0	0.34685562565898537	([494], [494, 493])
0	0.0	0.3468921488056715	([822], [822, 821])
0	0.0	0.3469180479433323	([809], [809, 808])
0	0.0	0.34692931806462896	([225], [225, 224])
0	0.0	0.34701559743525606	([157], [157, 156])
0	0.0	0.3471471071392539	([512], [512, 511])
0	0.0	0.34715884805344305	([571], [571, 570])
0	0.0	0.347231991702564	([119], [119, 118])
0	0.0	0.34736512921708723	([542], [542, 541])
0	0.0	0.34737632427472115	([576], [576, 575])
0	0.0	0.3474677594478433	([636], [636, 635])
0	0.0	0.3474925587506829	([333], [333, 332])
0	0.0	0.34753609710965977	([127], [127, 126])
0	0.0	0.3476199530541898	([727], [727, 726])
0	0.0	0.3476730465486267	([716], [716, 715])
0	0.0	0.34767749742962734	([251], [251, 250])
0	0.0	0.3477204041684081	([601], [601, 600])
0	0.0	0.34775391752019497	([169], [169, 168])
0	0.0	0.34792309895374424	([702], [702, 701])
0	0.0	0.34810475739896646	([783], [783, 782])
0	0.0	0.34819370424910473	([669], [669, 668])
0	0.0	0.3482973642559843	([507], [507, 506])
1	0.3471450694328134	0.34833135922293595	([279, 276], [279, 278, 276])
0	0.0	0.34834635756874416	([439], [439, 438])
0	0.0	0.3484576873536223	([724], [724, 723])
0	0.0	0.34883064382362944	([236], [236, 235])
0	0.0	0.3488539464113741	([395], [395, 394])
0	0.0	0.34892583297174234	([503], [503, 502])
0	0.0	0.3489326189853743	([942], [942, 941])
0	0.0	0.3489579637038851	([744], [744, 743])
0	0.0	0.34901532303739813	([672], [672, 671])
0	0.0	0.3490719223140811	([32], [32, 31])
0	0.0	0.3490722400845365	([435], [435, 434])
0	0.0	0.3491043355568602	([656], [656, 655])
1	0.34492265160868346	0.34915826991928767	([901, 896], [901, 899, 897])
0	0.0	0.3492047622049335	([464], [464, 463])
0	0.0	0.3492120331216506	([721], [721, 720])
0	0.0	0.3492181720549214	([8], [8, 7])
0	0.0	0.34925678545575156	([374], [374, 373])
0	0.0	0.3493366279822417	([765], [765, 764])
0	0.0	0.3493901615228319	([98], [98, 97])
0	0.0	0.3494059577625029	([879], [879, 878])
0	0.0	0.3494083119789558	([698], [698, 697])
0	0.0	0.34942876179050303	([321], [321, 320])
0	0.0	0.3495756426289895	([110], [110, 109])
0	0.0	0.34959968262163416	([388], [388, 387])
0	0.0	0.3496087065820106	([23], [23, 22])
0	0.0	0.3496575675857525	([463], [463, 462])
0	0.0	0.34974859250301943	([777], [777, 776])
0	0.0	0.3497525465927808	([63], [63, 62])
0	0.0	0.3498386268328859	([534], [534, 533])
0	0.0	0.34984270213014956	([325], [325, 324])
0	0.0	0.34997617867425007	([745], [745, 744])
0	0.0	0.35010614434151016	([638], [638, 637])
0	0.0	0.35012399167734765	([39], [39, 38])
0	0.0	0.35023815674973524	([341], [341, 340])
0	0.0	0.35027997619792034	([714], [714, 713])
0	0.0	0.3504206181992703	([739], [739, 738])
0	0.0	0.3505200056882545	([789], [789, 788])
0	0.0	0.35055044703308796	([266], [266, 265])
0	0.0	0.350589480887148	([772], [772, 771])
0	0.0	0.35059126613634056	([682], [682, 681])
0	0.0	0.3509574057094338	([408], [408, 407])
0	0.0	0.3511833034833303	([849], [849, 848])
0	0.0	0.35120910232266106	([185], [185, 184])
0	0.0	0.35121527248433715	([691], [691, 690])
0	0.0	0.35146500902127253	([609], [609, 608])
0	0.0	0.35146766912910177	([21], [21, 20])
0	0.0	0.35152254598457117	([33], [33, 32])
0	0.0	0.35161356351649703	([707], [707, 706])
0	0.0	0.35169705049784644	([588], [588, 587])
0	0.0	0.351743261481863	([358], [358, 357])
0	0.0	0.351866017878483	([348], [348, 347])
0	0.0	0.352024526068697	([262], [262, 261])
0	0.0	0.3520577258675105	([122], [122, 121])
0	0.0	0.35208925112854134	([722], [722, 721])
0	0.0	0.3521143958564873	([650], [650, 649])
0	0.0	0.3521927097002998	([585], [585, 584])
0	0.0	0.3522473353069806	([454], [454, 453])
0	0.0	0.35228982128888614	([158], [158, 157])
0	0.0	0.3523365013235221	([937], [937, 936])
0	0.0	0.3524147828404348	([205], [205, 204])
0	0.0	0.35242150273889206	([28], [28, 27])
0	0.0	0.3525542337137585	([592], [592, 591])
0	0.0	0.35266783194183376	([204], [204, 203])
0	0.0	0.3527906778604714	([437], [437, 436])
0	0.0	0.35283816534725393	([49], [49, 48])
0	0.0	0.3530069114470058	([159], [159, 158])
0	0.0	0.3530093429702253	([801], [801, 800])
0	0.0	0.3530857733934583	([560], [560, 559])
0	0.0	0.35315128426624015	([712], [712, 711])
0	0.0	0.35318968861788363	([504], [504, 503])
0	0.0	0.35331584331959165	([363], [363, 362])
0	0.0	0.3533827872611519	([578], [578, 577])
0	0.0	0.3533858737994369	([811], [811, 810])
0	0.0	0.35341157719520855	([34], [34, 33])
0	0.0	0.3535449393366918	([95], [95, 94])
0	0.0	0.35355555456102866	([829], [829, 828])
0	0.0	0.35359903732710174	([694], [694, 693])
0	0.0	0.35360768457208175	([693], [693, 692])
0	0.0	0.3536976786186053	([635], [635, 634])
0	0.0	0.3537040658613212	([42], [42, 41])
0	0.0	0.35370757199092734	([803], [803, 802])
0	0.0	0.3537472009202975	([603], [603, 602])
0	0.0	0.3537531220961549	([644], [644, 643])
0	0.0	0.3537589140919395	([120], [120, 119])
0	0.0	0.35391175457003143	([906], [906, 905])
0	0.0	0.3540591095328863	([786], [786, 785])
0	0.0	0.3540669238869887	([535], [535, 534])
0	0.0	0.35409433027270515	([866], [866, 865])
0	0.0	0.3541196725003698	([48], [48, 47])
0	0.0	0.3542031324852329	([699], [699, 698])
0	0.0	0.35420430770740524	([263], [263, 262])
0	0.0	0.35422101218841606	([318], [318, 317])
0	0.0	0.35424074840171615	([506], [506, 505])
0	0.0	0.35427821820948624	([394], [394, 393])
0	0.0	0.354306048686182	([383], [383, 382])
0	0.0	0.3543306160514339	([455], [455, 454])
0	0.0	0.35435414586773567	([686], [686, 685])
0	0.0	0.3544411801794944	([128], [128, 127])
0	0.0	0.35449147572599565	([889], [889, 888])
0	0.0	0.35458068326056036	([532], [532, 531])
0	0.0	0.354632078384401	([196], [196, 195])
0	0.0	0.35466257900156256	([657], [657, 656])
0	0.0	0.3547421083784353	([247], [247, 246])
0	0.0	0.35483338082964494	([366], [366, 365])
0	0.0	0.3549131772114414	([570], [570, 569])
0	0.0	0.35497065810082795	([808], [808, 807])
0	0.0	0.35497257892306316	([66], [66, 65])
0	0.0	0.3551411629690226	([692], [692, 691])
0	0.0	0.35514253054057426	([602], [602, 601])
0	0.0	0.35526900856128835	([840], [840, 839])
0	0.0	0.3553049585259092	([242], [242, 241])
0	0.0	0.3553099859333648	([896], [895, 894])
0	0.0	0.3553232155625952	([505], [505, 504])
0	0.0	0.35532766890943945	([31], [31, 30])
0	0.0	0.35536903176557005	([465], [465, 464])
0	0.0	0.3553831027578389	([608], [608, 607])
1	0.34427795452371696	0.3555524284057461	([272, 267], [272, 271, 267])
0	0.0	0.3555699762955255	([804], [804, 803])
0	0.0	0.3556427119427635	([517], [517, 516])
0	0.0	0.3557033357784896	([934], [934, 933])
0	0.0	0.3557082921360136	([129], [129, 128])
0	0.0	0.3557838723101373	([248], [248, 247])
0	0.0	0.3558771689045224	([784], [784, 783])
0	0.0	0.3559862746648226	([649], [649, 648])
0	0.0	0.35616116832067757	([460], [460, 459])
0	0.0	0.3561644127732437	([501], [501, 500])
0	0.0	0.35617261782337706	([284], [284, 283])
0	0.0	0.3562391007773304	([228], [228, 227])
0	0.0	0.35625008049249385	([46], [46, 45])
0	0.0	0.3563355269708408	([540], [540, 539])
0	0.0	0.35635091344049125	([37], [37, 36])
0	0.0	0.3563641243423681	([562], [562, 561])
0	0.0	0.3563745406298463	([584], [584, 583])
0	0.0	0.3563829733889884	([30], [30, 29])
0	0.0	0.35639389708344643	([273], [273, 272])
0	0.0	0.3564988635878371	([513], [513, 512])
0	0.0	0.35650815159205335	([317], [317, 316])
0	0.0	0.356600577550213	([6], [6, 5])
0	0.0	0.3569365811848025	([132], [132, 131])
0	0.0	0.35693826513988675	([43], [43, 42])
0	0.0	0.3569620106011226	([764], [764, 763])
0	0.0	0.3572039603230968	([240], [240, 239])
0	0.0	0.3572158107406069	([662], [662, 661])
0	0.0	0.3572643288126441	([184], [184, 183])
0	0.0	0.3574701495776386	([630], [630, 629])
0	0.0	0.35763788640437927	([574], [574, 573])
0	0.0	0.35769217485230603	([629], [629, 628])
0	0.0	0.357730036146367	([252], [252, 251])
0	0.0	0.3577707748981984	([438], [438, 437])
0	0.0	0.3577915506840483	([645], [645, 644])
0	0.0	0.3577963951495097	([121], [121, 120])
0	0.0	0.35789299587509693	([84], [84, 83])
0	0.0	0.3579883769750059	([237], [237, 236])
0	0.0	0.35802085407125944	([64], [64, 63])
0	0.0	0.3581347178105371	([165], [165, 164])
0	0.0	0.35813891035271106	([551], [551, 550])
0	0.0	0.3583230596779836	([443], [443, 442])
0	0.0	0.35834257351094506	([380], [380, 379])
0	0.0	0.35839786279206454	([233], [233, 232])
0	0.0	0.35856372996785346	([705], [705, 704])
0	0.0	0.3585965669961783	([790], [790, 789])
1	0.3185719321139368	0.35868442098981823	([896, 895], [902, 900, 896])
0	0.0	0.35877654556052924	([332], [332, 331])
0	0.0	0.3588625049136152	([440], [440, 439])
0	0.0	0.35888415371708426	([708], [708, 707])
0	0.0	0.3589657062621226	([397], [397, 396])
0	0.0	0.35905441688799616	([372], [372, 371])
0	0.0	0.35905605169515276	([759], [759, 758])
0	0.0	0.3591369747982801	([414], [414, 413])
0	0.0	0.3592529330840281	([387], [387, 386])
0	0.0	0.35926089994168575	([581], [581, 580])
0	0.0	0.35927883456448056	([238], [238, 237])
0	0.0	0.359361083241199	([131], [131, 130])
0	0.0	0.3595452950257826	([365], [365, 364])
0	0.0	0.3596011058290857	([760], [760, 759])
0	0.0	0.3596101740348189	([369], [369, 368])
0	0.0	0.35962383409283044	([628], [628, 627])
0	0.0	0.3596999637502059	([593], [593, 592])
0	0.0	0.3598796112002844	([936], [936, 935])
0	0.0	0.3599054690544655	([364], [364, 363])
0	0.0	0.3599534968308717	([689], [689, 688])
0	0.0	0.36017848085471826	([627], [627, 626])
0	0.0	0.36019123264416963	([47], [47, 46])
0	0.0	0.36024192648920056	([780], [780, 779])
0	0.0	0.3602779001431283	([116], [116, 115])
0	0.0	0.3602871335019614	([378], [378, 377])
0	0.0	0.36035841576581523	([73], [73, 72])
0	0.0	0.36036350083907337	([99], [99, 98])
0	0.0	0.36042273923006146	([572], [572, 571])
0	0.0	0.3605142038320507	([67], [67, 66])
0	0.0	0.36057938364465236	([323], [323, 322])
0	0.0	0.36066720922993173	([432], [432, 431])
0	0.0	0.3606870185612405	([193], [193, 192])
0	0.0	0.360691062869894	([757], [757, 756])
0	0.0	0.3606976933573613	([2], [2, 1])
0	0.0	0.3607155712666255	([725], [725, 724])
0	0.0	0.3607522638071295	([35], [35, 34])
0	0.0	0.36082598854545356	([26], [26, 25])
0	0.0	0.3609135618489736	([493], [493, 492])
0	0.0	0.361166112756476	([685], [685, 684])
0	0.0	0.3611741924302195	([678], [678, 677])
0	0.0	0.36131371665266515	([257], [257, 256])
0	0.0	0.3613747560809286	([573], [573, 572])
0	0.0	0.36148127019112075	([92], [92, 91])
0	0.0	0.36158462169202193	([62], [62, 61])
0	0.0	0.36167782860875036	([427], [427, 426])
0	0.0	0.36169043249512367	([379], [379, 378])
0	0.0	0.3620803349452208	([883], [883, 882])
0	0.0	0.3621332761904402	([594], [594, 593])
0	0.0	0.3622015211144327	([50], [50, 49])
0	0.0	0.362206403609202	([326], [326, 325])
0	0.0	0.3622449285973649	([384], [384, 383])
0	0.0	0.3622556701667023	([381], [381, 380])
0	0.0	0.3622812206721937	([452], [452, 451])
0	0.0	0.3625150173213894	([492], [492, 491])
0	0.0	0.36271574974656856	([536], [536, 535])
0	0.0	0.3627727538454203	([814], [814, 813])
0	0.0	0.36278683450300636	([181], [181, 180])
0	0.0	0.36283407381327565	([396], [396, 395])
0	0.0	0.3628641635052251	([105], [105, 104])
0	0.0	0.36290930035026286	([94], [94, 93])
0	0.0	0.36298416258400745	([827], [827, 826])
0	0.0	0.3632362986764078	([353], [353, 352])
0	0.0	0.36326495603039405	([773], [773, 772])
0	0.0	0.3633107982972808	([163], [163, 162])
0	0.0	0.363441316136646	([586], [586, 585])
0	0.0	0.3635889133948544	([91], [91, 90])
0	0.0	0.36370944726013804	([182], [182, 181])
0	0.0	0.36382978740844596	([359], [359, 358])
0	0.0	0.3638723322959036	([40], [40, 39])
0	0.0	0.36387730133449264	([162], [162, 161])
0	0.0	0.3641271672009815	([589], [589, 588])
0	0.0	0.3643472463020234	([192], [192, 191])
0	0.0	0.3644565011842403	([548], [548, 547])
0	0.0	0.36474578839377336	([96], [96, 95])
0	0.0	0.3648488189207261	([117], [117, 116])
0	0.0	0.36486266876897316	([370], [370, 369])
0	0.0	0.3648928151715246	([382], [382, 381])
0	0.0	0.3649535619722147	([688], [688, 687])
0	0.0	0.3650988785171895	([320], [320, 319])
0	0.0	0.3654307574052313	([791], [791, 790])
0	0.0	0.3654693411867395	([661], [661, 660])
0	0.0	0.3655323409736904	([751], [751, 750])
0	0.0	0.3655587214366382	([38], [38, 37])
0	0.0	0.36562452613893526	([93], [93, 92])
0	0.0	0.3658042899747058	([700], [700, 699])
0	0.0	0.3658882626392162	([53], [53, 52])
0	0.0	0.36597593657752603	([631], [631, 630])
0	0.0	0.366045722804797	([778], [778, 777])
0	0.0	0.36604961384677304	([106], [106, 105])
0	0.0	0.3663523813158472	([877], [877, 876])
0	0.0	0.36656428285171333	([939], [939, 938])
0	0.0	0.3666665566935341	([867], [867, 866])
0	0.0	0.3667316455812157	([471], [471, 470])
0	0.0	0.3667339528957681	([164], [164, 163])
0	0.0	0.36715802700341293	([22], [22, 21])
0	0.0	0.3672291629504164	([68], [68, 67])
0	0.0	0.3672395911051144	([259], [259, 258])
0	0.0	0.36732389993995995	([723], [723, 722])
0	0.0	0.3673977629228406	([261], [261, 260])
0	0.0	0.36741132749563804	([74], [74, 73])
0	0.0	0.36744094123731036	([483], [483, 482])
0	0.0	0.367532643081391	([418], [417, 416])
0	0.0	0.36754163236773985	([625], [625, 624])
0	0.0	0.36755452662598503	([198], [198, 197])
0	0.0	0.36763154503786116	([267], [267, 266])
0	0.0	0.3676513157433498	([375], [375, 374])
0	0.0	0.3677204336338982	([223], [223, 222])
0	0.0	0.367921855750422	([250], [250, 249])
0	0.0	0.36799748279347033	([347], [347, 346])
1	0.3562479994481246	0.3683684629657389	([491, 483], [488, 485, 483])
0	0.0	0.36839773207016735	([260], [260, 259])
0	0.0	0.36843247178968613	([568], [568, 567])
0	0.0	0.3684872393239579	([229], [229, 228])
0	0.0	0.36863748715452443	([319], [319, 318])
0	0.0	0.3686692932627922	([241], [241, 240])
0	0.0	0.36868713529798297	([613], [613, 612])
0	0.0	0.3687219411980077	([550], [550, 549])
0	0.0	0.36877175241146504	([253], [253, 252])
0	0.0	0.3690175847413631	([525], [525, 524])
0	0.0	0.3690945781349906	([254], [254, 253])
0	0.0	0.3691602824962401	([932], [932, 931])
0	0.0	0.3691807881627972	([385], [385, 384])
0	0.0	0.3697173137172735	([950], [950, 949])
0	0.0	0.369717944400267	([481], [481, 480])
0	0.0	0.3699475751196145	([389], [389, 388])
0	0.0	0.3700053867956614	([230], [230, 229])
0	0.0	0.37013084937561425	([137], [137, 136])
0	0.0	0.37019621712466017	([239], [239, 238])
0	0.0	0.3708772314071513	([940], [940, 939])
0	0.0	0.37108427753628725	([552], [552, 551])
0	0.0	0.3711275023442981	([118], [118, 117])
0	0.0	0.3712138932067821	([334], [334, 333])
0	0.0	0.3712349117456543	([100], [100, 99])
0	0.0	0.3712778008172779	([390], [390, 389])
0	0.0	0.371541001277027	([480], [480, 479])
0	0.0	0.37157765390802244	([231], [231, 230])
0	0.0	0.371698362393311	([881], [883, 880])
0	0.0	0.3717623021668194	([479], [479, 478])
0	0.0	0.3718328655843132	([742], [742, 741])
0	0.0	0.37190860762701855	([232], [232, 231])
0	0.0	0.37211083471561507	([373], [373, 372])
0	0.0	0.37217466018660456	([684], [684, 683])
0	0.0	0.3725361159296397	([70], [70, 69])
0	0.0	0.37257383084026224	([324], [324, 323])
0	0.0	0.37285950888608305	([845], [845, 844])
0	0.0	0.3729828549978793	([386], [386, 385])
0	0.0	0.3730206489975132	([679], [679, 678])
0	0.0	0.37364706454922214	([344], [344, 343])
0	0.0	0.37368909437466113	([546], [546, 542])
0	0.0	0.3738341388649343	([677], [677, 676])
0	0.0	0.3743182306334864	([523], [523, 522])
0	0.0	0.374365695424551	([617], [617, 616])
0	0.0	0.3746015206081943	([45], [45, 44])
0	0.0	0.3748669460124369	([112], [112, 111])
0	0.0	0.3749148391567405	([75], [75, 74])
0	0.0	0.3751587154055962	([343], [343, 342])
0	0.0	0.3752684170778919	([90], [90, 89])
1	0.3673452979984545	0.3752947951660071	([477, 472], [477, 474, 473])
0	0.0	0.37559690653478284	([815], [815, 814])
0	0.0	0.37560578044637083	([368], [368, 367])
0	0.0	0.37560878730894764	([537], [537, 536])
0	0.0	0.3758340442094327	([342], [342, 341])
0	0.0	0.37603201642505246	([600], [600, 599])
0	0.0	0.3760594362940223	([245], [245, 244])
0	0.0	0.3763517213224472	([109], [109, 108])
0	0.0	0.37647879055246286	([392], [392, 391])
0	0.0	0.37655202956609096	([124], [124, 123])
0	0.0	0.376994198391365	([258], [258, 257])
0	0.0	0.3770032283642687	([563], [563, 562])
0	0.0	0.3771015779461032	([256], [256, 255])
0	0.0	0.3774706756868634	([371], [371, 370])
0	0.0	0.37751340639712855	([360], [360, 359])
0	0.0	0.3776021332637191	([648], [648, 647])
0	0.0	0.37807505901708144	([234], [234, 233])
0	0.0	0.37816223076073446	([393], [393, 392])
0	0.0	0.378204695227837	([345], [345, 344])
0	0.0	0.3785489130435376	([316], [316, 315])
0	0.0	0.3786695573732962	([676], [676, 675])
0	0.0	0.37955595055972596	([161], [161, 160])
0	0.0	0.37982567941149065	([36], [36, 35])
0	0.0	0.38020899620339504	([69], [69, 68])
0	0.0	0.3802326443622856	([52], [52, 51])
0	0.0	0.3807762482505976	([111], [111, 108])
0	0.0	0.3808105276488832	([71], [71, 70])
0	0.0	0.3808200618351589	([115], [115, 114])
0	0.0	0.38085376744488164	([558], [558, 557])
0	0.0	0.38113602650181305	([819], [819, 818])
0	0.0	0.38131362187412987	([25], [25, 24])
0	0.0	0.3813596115087403	([249], [249, 248])
1	0.3812186938387052	0.3813907125941042	([470, 465], [470, 467, 466])
0	0.0	0.3818172255161024	([362], [362, 361])
0	0.0	0.3819108178516522	([842], [842, 841])
0	0.0	0.38194428323898827	([3], [3, 2])
0	0.0	0.38230825436763366	([54], [54, 53])
0	0.0	0.38314758190805653	([255], [255, 254])
1	0.3754572084986686	0.3832335850317106	([738, 726], [738, 731, 726])
0	0.0	0.38336152708456256	([123], [123, 122])
0	0.0	0.3852871164337601	([696], [696, 695])
0	0.0	0.3854595664027739	([160], [160, 159])
0	0.0	0.38588451345307445	([538], [538, 537])
0	0.0	0.3859377973965047	([533], [533, 532])
0	0.0	0.38598366946551377	([72], [72, 71])
0	0.0	0.3862552723153299	([60], [60, 59])
0	0.0	0.3866434642961012	([569], [569, 568])
0	0.0	0.3867199201340401	([136], [136, 135])
0	0.0	0.3871610744021009	([167], [167, 166])
0	0.0	0.38729587580715913	([209], [209, 208])
0	0.0	0.38745839986904274	([138], [138, 137])
0	0.0	0.3875439304988033	([920], [920, 919])
0	0.0	0.3875721826553322	([264], [264, 263])
0	0.0	0.38816500350441735	([61], [61, 60])
0	0.0	0.3884502287105755	([626], [626, 625])
0	0.0	0.3890676029320566	([135], [135, 134])
0	0.0	0.3894438858271938	([596], [596, 595])
0	0.0	0.390238745308762	([235], [235, 234])
0	0.0	0.3903996646637555	([65], [65, 64])
0	0.0	0.39119035462288154	([848], [848, 847])
0	0.0	0.3915670283593575	([843], [843, 842])
1	0.384056856001074	0.3926638832256988	([222, 209], [222, 221, 220])
0	0.0	0.3928938521724071	([44], [44, 43])
0	0.0	0.3938343374333361	([398], [398, 397])
0	0.0	0.39391300605493845	([27], [27, 26])
0	0.0	0.39447604916639084	([361], [361, 360])
0	0.0	0.394820049024158	([541], [541, 540])
0	0.0	0.3948772792381432	([7], [7, 6])
0	0.0	0.39506635206793494	([265], [265, 264])
0	0.0	0.39579839924216864	([246], [246, 245])
0	0.0	0.395903608793227	([524], [524, 523])
1	0.37436321314926047	0.3972410074034358	([210, 209], [220, 217, 210])
0	0.0	0.3973189150146697	([51], [51, 50])
0	0.0	0.3973667108647347	([327], [327, 326])
0	0.0	0.4005373388942451	([554], [554, 553])
0	0.0	0.40194274565224836	([599], [599, 598])
0	0.0	0.40287803168841085	([597], [597, 596])
1	0.3665374731964587	0.4033946626699466	([208, 205], [208, 207, 205])
0	0.0	0.4042680770241407	([101], [101, 100])
0	0.0	0.405152537620046	([567], [567, 566])
0	0.0	0.40576820499545196	([166], [166, 165])
1	0.3901175217610649	0.4066370796061438	([881, 880], [883, 882, 881])
1	0.40127886832364706	0.4072825280661794	([198, 195], [198, 197, 195])
0	0.0	0.4073900013580272	([547], [547, 546])
0	0.0	0.4087900880629131	([331], [331, 330])
1	0.38894378932632434	0.4140967670950304	([624, 619], [624, 623, 621])
0	0.0	0.41619318081446016	([134], [134, 133])
0	0.0	0.4165370704949153	([391], [391, 390])
0	0.0	0.42138759064328773	([564], [564, 563])
0	0.0	0.421819517020525	([478], [478, 477])
1	0.41552260784853157	0.4220000809583226	([131, 128], [131, 130, 129])
0	0.0	0.4233213708596103	([125], [125, 124])
1	0.3885484936068837	0.42888763827092813	([111, 110], [111, 110, 109])
1	0.40855665400571073	0.44225599643699914	([541, 537], [541, 540, 537])
1	0.4407108591061472	0.4456454637844849	([449, 444], [449, 447, 444])
0	0.0	0.446507834559852	([59], [59, 58])
1	0.44528876396401185	0.4496895713823657	([623, 616], [623, 620, 619])
1	0.4557942357838444	0.4603368435607688	([536, 532], [536, 535, 533])
1	0.4312228528940013	0.46530823943006716	([877, 873], [877, 876, 874])
0	0.0	0.46647528773057123	([4], [4, 3])
1	0.454193560309074	0.46672682969383283	([635, 632], [635, 634, 632])
1	0.46528694442533386	0.4680143287138289	([444, 438], [444, 442, 440])
1	0.4650133065208332	0.4703689494136814	([238, 234], [238, 237, 234])
1	0.4673913362579918	0.47053276438325264	([599, 596], [599, 598, 597])
1	0.4605519831142451	0.4748511112931585	([819, 814], [819, 817, 815])
1	0.4658002432019484	0.4753179971135609	([20, 11], [20, 16, 15])
1	0.4803870299135566	0.48581934231673474	([611, 604], [611, 608, 607])
1	0.4843166454339498	0.4884093089364302	([239, 233], [239, 237, 234])
1	0.48661189982983055	0.48899376583819937	([59, 53], [59, 58, 55])
1	0.4825017799978299	0.48988215641195804	([503, 496], [503, 501, 496])
1	0.48581645474165885	0.49040115642803755	([502, 481], [502, 499, 497])
1	0.4902647051766194	0.4905168664386817	([500, 482], [500, 495, 482])
1	0.483322703100841	0.4906749009833657	([698, 694], [698, 696, 694])
1	0.48943088876266133	0.49399234655595925	([558, 553], [558, 557, 556])
1	0.47545475712283236	0.49478204029925904	([848, 842], [848, 845, 843])
1	0.47283582538065133	0.49518650663190367	([532, 524], [532, 531, 524])
1	0.4812922453053345	0.4954532509018208	([742, 725], [742, 741, 725])
1	0.4937707319598715	0.49969668954861884	([537, 531], [537, 536, 532])
1	0.4947754901658755	0.5054440663344913	([651, 645], [651, 648, 645])
1	0.5026054766071694	0.5058107337741377	([51, 41], [51, 49, 41])
1	0.49773041379059946	0.508091407676754	([346, 340], [346, 344, 341])
1	0.44753065685620735	0.5081257449441438	([338, 330], [337, 333, 331])
1	0.4837608046585985	0.5083756170506958	([891, 881], [891, 888, 881])
1	0.49250556968764275	0.510291628862678	([331, 326], [331, 330, 326])
1	0.5103837934546626	0.5110582349697771	([800, 792], [800, 797, 792])
1	0.5100268695848529	0.5114423205360493	([22, 7], [22, 21, 7])
1	0.5136646813583411	0.5150908572856682	([68, 61], [68, 65, 61])
1	0.5076146574249117	0.515663571514799	([453, 433], [455, 453, 432])
1	0.5134832645488802	0.5189896470841014	([743, 722], [743, 725, 722])
1	0.51984545677756	0.5201507022007482	([652, 642], [652, 648, 646])
1	0.5166344861747527	0.5209344616600154	([879, 872], [879, 877, 872])
1	0.5143561204047224	0.5238019078695716	([678, 657], [678, 676, 657])
1	0.480706276769491	0.525550534417296	([457, 431], [453, 450, 433])
1	0.49550768108817056	0.5260290109657173	([564, 554], [564, 563, 557])
1	0.5221302567084567	0.5263635125093318	([788, 780], [788, 784, 780])
1	0.5144415996470463	0.5278932303906897	([586, 579], [586, 584, 580])
1	0.5190839928169996	0.5296867759376087	([600, 594], [600, 599, 596])
1	0.5233852986870436	0.5301563189344941	([166, 160], [166, 164, 160])
1	0.5259797716245113	0.5301863948016438	([839, 827], [839, 834, 830])
1	0.49353555590921183	0.530922549468356	([342, 333], [342, 340, 331])
1	0.522744268619887	0.5325240368844654	([523, 506], [523, 514, 510])
1	0.5335649042988805	0.5336774676180677	([719, 709], [719, 715, 714])
1	0.5330338740527606	0.5353391415862586	([599, 592], [599, 596, 595])
1	0.5269171532667319	0.5357632660903333	([138, 133], [138, 137, 136])
1	0.5356233977675473	0.5381267470339122	([627, 612], [627, 624, 613])
1	0.5313381187140427	0.5386380321925768	([534, 522], [534, 533, 523])
1	0.5356274066584368	0.5389701346076021	([936, 920], [936, 934, 927])
1	0.505664729239309	0.5389950804369062	([823, 813], [823, 821, 813])
1	0.5092038779343437	0.5396788080785303	([937, 922], [937, 936, 921])
1	0.5369931121886872	0.5416111284091669	([243, 236], [244, 243, 236])
1	0.5412178247312743	0.541617767616408	([587, 576], [587, 576, 570])
1	0.5255912501698186	0.5425496022757937	([211, 201], [212, 209, 203])
1	0.5394034347404912	0.5427629115120552	([587, 570], [587, 582, 581])
1	0.5331282331594528	0.543213323182622	([748, 721], [746, 742, 724])
1	0.5098840487556509	0.5448134234216057	([932, 916], [932, 924, 919])
1	0.537488432903516	0.5450679875260002	([359, 347], [359, 358, 347])
1	0.544172586849735	0.545618142935934	([825, 812], [825, 820, 812])
1	0.5371166500834045	0.5462682468388225	([932, 886], [932, 916, 886])
1	0.5314960120022586	0.546739586218892	([812, 797], [812, 805, 801])
1	0.5283066183101268	0.5478405188202905	([615, 599], [615, 609, 599])
1	0.5463529235516635	0.547978336784126	([214, 202], [219, 214, 202])
1	0.5460860084815916	0.5486360113450992	([26, 4], [31, 27, 4])
1	0.5388124275099316	0.549617668692289	([555, 546], [553, 552, 546])
1	0.5369178292151364	0.5498944605424229	([378, 365], [378, 375, 365])
1	0.5468526985725407	0.5500355170342544	([842, 821], [842, 827, 821])
1	0.5441275206979338	0.5504650835302937	([850, 836], [850, 848, 842])
1	0.547178827786964	0.5507313454125636	([535, 520], [535, 533, 520])
1	0.5441529011483576	0.550884746163893	([653, 641], [653, 649, 641])
1	0.5496567669101842	0.5511832742829204	([382, 368], [382, 380, 368])
1	0.5509037025713671	0.5518380572981673	([381, 366], [381, 380, 368])
1	0.549839363219659	0.5520002810129597	([707, 694], [707, 701, 700])
1	0.5166611297138167	0.5520507102947287	([908, 886], [908, 894, 890])
1	0.5469178531369531	0.5524542026313701	([638, 628], [638, 633, 628])
1	0.5319975758546557	0.552553586092584	([61, 50], [61, 59, 52])
1	0.5320586422907336	0.5548976476506814	([781, 768], [781, 775, 768])
1	0.5541067497682904	0.5551621913575737	([798, 782], [798, 793, 792])
1	0.5529127430138584	0.5565251153386689	([494, 474], [494, 492, 474])
1	0.5502835366531046	0.556959398593429	([90, 70], [90, 88, 72])
1	0.5280452334086645	0.5577625015393086	([625, 598], [625, 615, 599])
1	0.5542484488215165	0.558985115419376	([856, 838], [856, 850, 838])
1	0.5489643535383747	0.5590821374898365	([933, 917], [933, 925, 917])
1	0.5589932940306566	0.5606451432298667	([832, 812], [832, 830, 812])
1	0.5477081346114949	0.5607034932534413	([751, 741], [751, 746, 745])
1	0.5558350341380844	0.5617887501155732	([467, 457], [467, 464, 461])
1	0.5466910728170191	0.5618280801322756	([628, 609], [628, 624, 612])
1	0.5450196465817544	0.5638395209650957	([920, 881], [920, 910, 891])
1	0.5425392836612479	0.5639532413260087	([70, 59], [70, 65, 60])
1	0.5580667490376956	0.5639655258527716	([434, 415], [434, 428, 415])
1	0.5499995976370677	0.5643700981840531	([125, 112], [126, 125, 112])
1	0.5507978071298163	0.5644099961288974	([520, 478], [520, 504, 502])
1	0.5570681121509437	0.5649783978427756	([36, 3], [50, 41, 3])
1	0.5463147105954306	0.5649898601838137	([101, 88], [101, 99, 89])
1	0.5450685704400783	0.5653698028117567	([31, 4], [26, 25, 5])
1	0.5635778401820651	0.5656585656385945	([64, 49], [64, 61, 49])
1	0.5610173156818461	0.5663111732733657	([94, 71], [94, 91, 90])
1	0.5494488440889795	0.5673957340475873	([50, 3], [36, 35, 3])
1	0.5586858174105109	0.5677985447865893	([93, 69], [93, 90, 71])
1	0.5057678698154375	0.568384165656366	([524, 493], [524, 518, 504])
1	0.5475075619973142	0.5686010902042509	([617, 597], [617, 615, 599])
1	0.5571860426737112	0.5695158760678316	([389, 377], [389, 385, 384])
1	0.5621391289114844	0.5700149368433287	([249, 3], [261, 257, 3])
1	0.5627914829108158	0.5704032995353793	([808, 790], [808, 804, 790])
1	0.5460366499779968	0.5713428494097404	([528, 491], [529, 528, 491])
1	0.5579336526201208	0.5719068320960559	([519, 495], [519, 504, 495])
1	0.5366694343621156	0.5723131792914389	([529, 490], [528, 524, 492])
1	0.5696651359907337	0.5728540682763476	([868, 846], [871, 868, 846])
1	0.5628964700975143	0.573131157646992	([937, 882], [923, 921, 882])
1	0.5392089243206424	0.5740114474214946	([867, 848], [867, 865, 848])
1	0.5652478464622908	0.5746043688383923	([311, 285], [311, 308, 285])
1	0.5310132238111608	0.5749560335451294	([869, 847], [872, 871, 845])
1	0.5748147680479597	0.5754469622514036	([826, 803], [826, 814, 810])
1	0.5712423590223684	0.57580616823421	([683, 650], [683, 658, 653])
1	0.5737882653123372	0.5759024285836921	([192, 175], [192, 184, 183])
1	0.566934203166447	0.5766401516243583	([752, 739], [755, 752, 740])
1	0.550262019024056	0.5767275587092405	([690, 655], [690, 682, 655])
1	0.574271998406473	0.577335250717941	([489, 466], [492, 489, 477])
1	0.5745243306451837	0.5775015767101996	([66, 38], [66, 50, 38])
1	0.5664178844826792	0.5777018127474347	([780, 759], [780, 773, 767])
1	0.5562734826317082	0.5778141362129545	([708, 690], [706, 699, 694])
1	0.5717767132271209	0.5778294408296651	([62, 27], [62, 50, 41])
1	0.5741366433927196	0.5780019554636819	([491, 468], [491, 490, 468])
1	0.5763303783126914	0.57842870556365	([822, 796], [822, 812, 807])
1	0.5779903398286231	0.5798155078877419	([51, 29], [51, 38, 33])
1	0.564730707374454	0.5801269352286446	([789, 766], [789, 778, 773])
1	0.5508878478154765	0.5801664251229445	([389, 368], [389, 382, 375])
1	0.5786550406159392	0.5805356431305717	([572, 550], [572, 563, 562])
1	0.505654613408629	0.5806436817672547	([844, 818], [843, 841, 819])
1	0.5739816975369857	0.5807558123645461	([926, 896], [926, 914, 896])
1	0.5441067722509781	0.5809796862689045	([755, 740], [756, 752, 739])
1	0.5665648705821976	0.5816801562244271	([157, 135], [160, 157, 135])
1	0.5574375845104319	0.5817009030314134	([602, 584], [602, 590, 582])
1	0.5571408964513528	0.5821590570747535	([714, 691], [714, 708, 707])
1	0.5568471689302342	0.5827553203670248	([784, 760], [784, 775, 771])
1	0.540411892161604	0.5844836024202452	([929, 898], [930, 915, 898])
1	0.5791528878503986	0.5845422223178938	([115, 94], [115, 110, 99])
1	0.5564797245678822	0.5845422223178938	([116, 98], [116, 115, 99])
1	0.579329055363583	0.5846142925632749	([688, 649], [688, 686, 649])
1	0.5802116859518762	0.584615639471375	([469, 430], [469, 468, 430])
1	0.5077055309588769	0.5846308479622891	([872, 844], [868, 867, 848])
1	0.584237454474807	0.5851517257742852	([682, 641], [682, 655, 641])
1	0.5814264119585785	0.585158147444288	([64, 37], [64, 49, 41])
1	0.5778862549862884	0.5851933411281048	([569, 551], [569, 558, 551])
1	0.5732700129012035	0.585194127579101	([526, 495], [526, 524, 494])
1	0.5590685484294207	0.5855006934693361	([490, 467], [492, 490, 467])
1	0.5793519458853058	0.5855213321117453	([426, 402], [426, 412, 408])
1	0.5741146158440099	0.585671695347994	([525, 486], [525, 524, 492])
1	0.583137296343049	0.5856950221017949	([772, 750], [772, 763, 750])
1	0.5847683025589208	0.5861901190588424	([792, 768], [792, 781, 777])
1	0.5760333175655421	0.5864824177777664	([702, 681], [702, 694, 687])
1	0.5803889128427093	0.5866369642045389	([858, 824], [858, 835, 824])
1	0.585202793097262	0.5871413135635739	([312, 266], [313, 312, 266])
1	0.5710649275544256	0.5877116387666256	([486, 469], [491, 486, 469])
1	0.5871970141467089	0.5883149153236658	([96, 65], [96, 91, 68])
1	0.5851836578154954	0.5887747225528503	([634, 604], [634, 628, 604])
1	0.580943696811071	0.5890007129588568	([73, 55], [73, 70, 53])
1	0.5878843712220343	0.5893299426532834	([793, 764], [793, 784, 764])
1	0.5709420484771823	0.5901554887117558	([762, 711], [762, 760, 719])
1	0.5901901616193979	0.5906092616116397	([102, 87], [102, 100, 87])
1	0.5803437281352801	0.5912397770819481	([549, 517], [549, 538, 523])
1	0.5786418596768879	0.5912866642484295	([390, 3], [390, 385, 380])
1	0.5768194097845214	0.5913183714909114	([787, 709], [779, 766, 709])
1	0.5638639266730854	0.5917498892376171	([160, 137], [157, 151, 137])
0	0.0	0.5918128100851386	([1], [523, 0])
1	0.5877899654534277	0.5919698249034291	([833, 800], [833, 823, 800])
1	0.5801659690087031	0.5921581186523152	([548, 511], [548, 534, 511])
1	0.5751019943107594	0.5923300016126014	([98, 60], [98, 90, 71])
1	0.5718240849812893	0.5934394879427187	([122, 93], [121, 115, 97])
1	0.5910620137522873	0.5934952707688801	([71, 27], [71, 69, 4])
1	0.5734241421965139	0.5936561324063118	([810, 776], [810, 799, 776])
1	0.5912328440298111	0.5941158459791643	([529, 473], [529, 490, 468])
1	0.5873316719266893	0.5942815307645825	([709, 689], [709, 701, 689])
1	0.5554407974934168	0.5945767482252172	([317, 265], [312, 278, 266])
1	0.5679882347076453	0.594750326300753	([207, 181], [207, 191, 181])
1	0.5515354062252619	0.5949048803654374	([766, 715], [760, 747, 746])
1	0.5912013163048215	0.5951959735537282	([119, 96], [117, 110, 98])
1	0.5900497077284902	0.5952197977938662	([111, 75], [111, 106, 82])
1	0.5913742831396386	0.5954990629534908	([117, 70], [117, 96, 94])
1	0.5755623033901985	0.5963195044532629	([315, 264], [314, 313, 264])
1	0.583887176386867	0.5965089331103874	([108, 81], [106, 101, 82])
1	0.5817927912927725	0.5971289581362169	([551, 515], [550, 539, 521])
1	0.5666839029824997	0.5973714596582668	([118, 68], [118, 117, 68])
1	0.5462447565623639	0.5973935452856253	([176, 158], [172, 168, 159])
1	0.5742321469681905	0.5976163436796594	([748, 706], [748, 722, 706])
1	0.5960828018067125	0.5980494667037999	([636, 606], [636, 630, 627])
1	0.5859170247524444	0.5981001326118647	([710, 686], [710, 702, 686])
1	0.5785650542290757	0.5983209273797888	([763, 718], [763, 746, 718])
1	0.5628488756218686	0.5983391048260713	([69, 4], [71, 66, 33])
1	0.5857463425557352	0.5987915806442647	([238, 3], [249, 239, 3])
1	0.5854073818211759	0.5990997193400348	([81, 57], [81, 73, 57])
1	0.5777718946059077	0.5992203107977261	([105, 73], [105, 100, 73])
1	0.5863763059816425	0.5992721545405605	([687, 643], [687, 678, 643])
1	0.5920505204841298	0.5993741357250945	([371, 247], [371, 367, 248])
1	0.598401036175048	0.5993762093454265	([56, 22], [111, 57, 56])
1	0.5799989185530632	0.5993762093454265	([108, 58], [111, 108, 56])
1	0.5801415865481295	0.5995929492328708	([260, 4], [260, 258, 4])
1	0.599287234178956	0.5996067836239122	([152, 7], [152, 138, 7])
1	0.5957795994697745	0.5996080442347222	([798, 762], [798, 789, 762])
1	0.5796647623679178	0.5998920299906183	([876, 842], [876, 867, 842])
1	0.5881186714459182	0.600497307224159	([785, 713], [785, 779, 713])
1	0.5867446641415327	0.6010475889831817	([369, 249], [389, 373, 249])
1	0.5884486289112583	0.6015402926077078	([136, 123], [136, 127, 124])
1	0.5984323159914232	0.6018794059797454	([53, 26], [53, 45, 26])
1	0.5941190417295272	0.6019720031264075	([368, 3], [385, 370, 3])
1	0.5976111690025594	0.6020154500413835	([96, 49], [96, 70, 65])
1	0.574214362848903	0.6021451437557184	([111, 57], [111, 81, 75])
1	0.5924260896191322	0.602322638543129	([825, 790], [825, 811, 790])
1	0.5943856057183122	0.602462610806803	([834, 794], [834, 825, 794])
1	0.564990137200961	0.6026038512671542	([685, 640], [685, 658, 640])
1	0.5984679214220381	0.6035539526124095	([796, 770], [796, 780, 774])
1	0.5837099435149005	0.6041768095453448	([830, 788], [830, 806, 802])
1	0.5950760130524718	0.6042787217521602	([499, 448], [499, 478, 448])
1	0.5845834485692989	0.6045573904840306	([776, 715], [776, 769, 718])
1	0.5953345293454914	0.6045573904840306	([786, 718], [786, 776, 718])
1	0.5928546916994535	0.6046154056076946	([138, 20], [143, 138, 20])
1	0.5939321187818499	0.6047046542076971	([145, 19], [145, 138, 20])
1	0.5952713159224775	0.6048698724096845	([140, 18], [144, 140, 17])
1	0.5019824879841283	0.6058122085899491	([126, 111], [125, 119, 114])
1	0.5923918763658708	0.6058652649336331	([764, 717], [764, 748, 714])
1	0.6014694152058205	0.6061205854100356	([640, 605], [640, 631, 605])
1	0.5992310911497502	0.6066607555969329	([778, 702], [779, 778, 713])
1	0.5905370674611878	0.6072932812497963	([792, 717], [790, 778, 717])
1	0.5660040944932704	0.6078101918325536	([118, 3], [123, 116, 3])
1	0.5908917470482973	0.6079504409656717	([309, 268], [309, 284, 274])
1	0.6057868978028111	0.6082644958925679	([827, 764], [827, 800, 793])
1	0.5977188510413727	0.6088718591222071	([800, 694], [800, 790, 694])
1	0.604659945772613	0.6090560646619828	([131, 105], [131, 125, 113])
1	0.59689528648245	0.6092743383220736	([531, 476], [531, 525, 476])
1	0.5744141659957496	0.6096127262414429	([603, 574], [603, 590, 574])
1	0.58888576520185	0.6097621234843408	([360, 258], [379, 365, 362])
1	0.5905053649464855	0.6097891284742819	([367, 248], [378, 371, 248])
1	0.6079743961721906	0.6098317414168523	([365, 253], [365, 364, 253])
1	0.5949580498094025	0.6102747747942882	([837, 785], [837, 805, 785])
1	0.5897923690708462	0.6103159765864806	([320, 266], [320, 317, 266])
1	0.6028956180759857	0.6106076184673029	([256, 36], [261, 256, 36])
1	0.5959008110820501	0.6106591835733807	([683, 589], [683, 640, 589])
1	0.5817400276273178	0.6106600184682047	([120, 92], [120, 117, 96])
1	0.5895479575185765	0.6108387308334984	([375, 251], [379, 375, 251])
1	0.5814733462883123	0.6109991062699143	([775, 693], [785, 775, 693])
1	0.610319946649138	0.6110491363318524	([174, 147], [174, 158, 145])
1	0.5787772212064486	0.6110578532879305	([378, 250], [368, 362, 257])
1	0.5859161638382675	0.6110882772501679	([389, 249], [378, 364, 249])
1	0.5909096205949818	0.6112324987127634	([329, 11], [330, 329, 20])
1	0.5906406329166946	0.6112347597298543	([703, 657], [703, 685, 657])
1	0.6011531753389642	0.6114471677734206	([262, 238], [262, 253, 249])
1	0.6026329590641941	0.6115079383226059	([231, 163], [246, 231, 163])
1	0.6009744864890488	0.6115562534696961	([628, 583], [628, 596, 587])
1	0.608847964569923	0.6115562534696961	([637, 587], [637, 628, 587])
1	0.6100653585723302	0.6115752063983279	([226, 161], [231, 226, 161])
1	0.6045585757828342	0.6121639330127816	([122, 34], [122, 70, 61])
1	0.6077291349164029	0.612388379982404	([771, 712], [771, 748, 720])
1	0.6001615625058392	0.612407269259348	([70, 5], [70, 35, 29])
1	0.6117451426656334	0.6126887548252121	([599, 563], [599, 585, 563])
1	0.61074002797689	0.612717045801818	([121, 37], [121, 97, 37])
1	0.6069802000729867	0.6130024804676235	([54, 24], [57, 56, 22])
1	0.5970534732677604	0.6130615543899739	([607, 577], [607, 590, 585])
1	0.611505653410411	0.6130814629441242	([161, 68], [161, 119, 68])
1	0.6128614788817054	0.613172720412133	([758, 700], [765, 758, 700])
1	0.6071737814157915	0.6138347907445907	([714, 644], [714, 683, 644])
1	0.5937108645737647	0.6140479950308779	([144, 17], [145, 140, 18])
1	0.5971231895387028	0.6141723237900754	([799, 711], [799, 790, 711])
1	0.6001105839829842	0.6142050888357894	([940, 867], [946, 936, 875])
1	0.608619208354234	0.6144431193093745	([259, 163], [261, 259, 163])
1	0.6019591209268139	0.6147156479880418	([454, 403], [454, 427, 403])
1	0.6072425693489559	0.6148168012779883	([588, 388], [588, 389, 388])
1	0.6095694199403185	0.6151798871785626	([377, 252], [388, 377, 252])
1	0.6120636009644873	0.6152718115743157	([631, 581], [636, 631, 581])
1	0.5960493733881458	0.6154177947466477	([781, 694], [790, 711, 707])
1	0.6047095214526665	0.6154824552288828	([863, 791], [863, 859, 809])
1	0.6111757976973774	0.6155944432801459	([163, 118], [163, 162, 122])
1	0.6152199664857403	0.6157201330709179	([134, 3], [134, 120, 119])
1	0.6016828362740667	0.6160768189150072	([794, 691], [789, 762, 714])
1	0.6135038240682508	0.6163826951051151	([142, 10], [142, 139, 10])
1	0.61211814003082	0.6164814514155732	([698, 650], [698, 685, 650])
1	0.5894237246533524	0.6165446472709071	([798, 710], [798, 762, 711])
1	0.6021720759651424	0.6167407593405543	([500, 441], [501, 500, 443])
1	0.6098043916420787	0.6167817296161487	([862, 804], [862, 836, 826])
1	0.616340267225087	0.6169800044117424	([146, 12], [146, 139, 10])
1	0.541398716369135	0.6171527757426031	([598, 564], [599, 597, 564])
1	0.5971657979455588	0.617174010016706	([649, 587], [649, 637, 632])
1	0.590822617165362	0.6174316932959206	([143, 11], [152, 145, 111])
1	0.6161694101024179	0.6175685364162132	([178, 156], [178, 172, 156])
1	0.6133573707413165	0.6176460041863787	([251, 163], [259, 251, 247])
1	0.5862940771758186	0.6177439263766185	([640, 590], [640, 636, 579])
1	0.6154128501734759	0.618090206581593	([813, 769], [813, 788, 760])
1	0.6133154638133134	0.6181022049136429	([805, 709], [810, 805, 709])
1	0.5918470883879884	0.6181318892926468	([802, 760], [813, 802, 792])
1	0.6118540799329828	0.6181542423894449	([704, 646], [704, 688, 684])
1	0.6035789332278003	0.6183226624036076	([371, 33], [371, 260, 33])
1	0.5941767783910807	0.6184548860956602	([641, 586], [641, 628, 587])
1	0.6175844584301778	0.6184928842409654	([263, 34], [263, 34, 5])
1	0.6112488271342625	0.6185114108933362	([139, 22], [142, 138, 20])
1	0.6167079167705847	0.618523670925916	([95, 44], [95, 66, 44])
1	0.5994831448717324	0.6185855287185421	([567, 522], [567, 553, 522])
1	0.6103240676028715	0.6186430928564087	([629, 574], [629, 595, 574])
1	0.5894349427234489	0.6189019006984768	([950, 844], [950, 946, 933])
1	0.6092484091748085	0.6189060791267942	([114, 54], [114, 104, 54])
1	0.6185024902779539	0.6189085337134492	([159, 6], [159, 138, 7])
1	0.6100522707950508	0.6193246251808256	([161, 119], [161, 135, 119])
1	0.6105579169823975	0.6194348796724352	([176, 20], [176, 144, 20])
1	0.6163665223759001	0.6195199985997374	([140, 81], [140, 139, 82])
1	0.6135047668356531	0.6195699512989703	([530, 430], [530, 529, 430])
1	0.5944266846909901	0.6196619517781818	([797, 708], [797, 769, 710])
1	0.6036779779886577	0.6198677732186472	([361, 263], [362, 361, 255])
1	0.5982425754375608	0.6199059767895697	([264, 229], [264, 254, 253])
1	0.6101235109030848	0.6200742802466886	([262, 61], [262, 249, 65])
1	0.6163897269344705	0.6201278657738328	([360, 241], [362, 360, 239])
1	0.6085888023875923	0.6201652315986346	([230, 117], [230, 165, 117])
1	0.5973559189672039	0.620351078333041	([791, 681], [791, 777, 681])
1	0.6025571979772246	0.6204091259731803	([951, 847], [951, 950, 844])
1	0.5960643983202515	0.620470959609501	([639, 578], [639, 604, 600])
1	0.6022571201947164	0.6205312441007135	([320, 22], [329, 327, 9])
1	0.5995206866840779	0.6205816873925283	([574, 247], [581, 574, 371])
1	0.6104672407876562	0.6208310749052173	([229, 164], [248, 246, 162])
1	0.6066467408403882	0.6208359041116713	([320, 158], [320, 158, 22])
1	0.6122942578355002	0.621069987075489	([794, 748], [794, 764, 762])
1	0.619594741302912	0.6212336473824123	([171, 82], [171, 152, 111])
1	0.6172758623671327	0.6213717572110444	([257, 32], [257, 40, 32])
1	0.6139456924944284	0.6214548678911139	([505, 445], [505, 499, 445])
1	0.6175982379322111	0.621478200712971	([481, 434], [481, 464, 462])
1	0.6139965591573313	0.6214795954948116	([327, 106], [330, 327, 106])
1	0.6045791649366705	0.6215454060920258	([225, 166], [225, 185, 182])
1	0.6129507459561678	0.6217624811748843	([811, 767], [811, 790, 767])
1	0.6130462995328356	0.6218860618825187	([120, 38], [120, 116, 3])
1	0.6147876573009968	0.622042635333393	([258, 93], [258, 117, 37])
1	0.6145104426789021	0.6222240139827361	([507, 447], [507, 498, 451])
1	0.5950976511537783	0.6222663101430884	([230, 165], [230, 228, 165])
1	0.6191129098395175	0.622266776268551	([641, 367], [641, 582, 580])
1	0.6095731245222266	0.6223170528288571	([139, 82], [171, 140, 126])
1	0.614084501186329	0.6223615697670142	([372, 120], [372, 365, 3])
1	0.6193237990676029	0.6224952051991524	([808, 759], [808, 775, 769])
1	0.6118856329751554	0.6224999944905786	([630, 568], [630, 628, 568])
1	0.6127016852120512	0.6225033669051984	([770, 692], [770, 712, 707])
1	0.622032541068276	0.6225040022599445	([151, 21], [151, 139, 21])
1	0.5854378801448673	0.6225661848048187	([593, 378], [588, 585, 388])
1	0.6170490129623094	0.6226146441290257	([360, 116], [360, 116, 4])
1	0.6075665499673578	0.6226344040039958	([506, 446], [506, 479, 463])
1	0.6094855454407052	0.6227084162021891	([693, 634], [696, 693, 634])
1	0.6185384478468354	0.6228730037882872	([259, 63], [262, 259, 63])
1	0.5970553296073594	0.6228839378871304	([261, 162], [230, 229, 162])
1	0.6038940969193539	0.6230215050316641	([479, 438], [479, 462, 445])
1	0.6183938523421552	0.6231273075308358	([396, 261], [396, 390, 3])
1	0.6045628250212796	0.6232917560001314	([570, 506], [570, 561, 506])
1	0.6184229480842813	0.6234360089118933	([147, 14], [147, 138, 14])
1	0.6205566195173042	0.6234398118432541	([593, 362], [593, 378, 362])
1	0.547423734600588	0.623501515241913	([261, 3], [261, 161, 68])
1	0.6191077711191815	0.6235847682937768	([575, 510], [575, 570, 510])
1	0.6009682129623815	0.6236162601178619	([164, 95], [164, 121, 66])
1	0.6128704046182	0.6237751314657498	([858, 764], [858, 827, 822])
1	0.612951450139879	0.6238026138828306	([262, 97], [262, 99, 97])
1	0.6135606629477083	0.6238869933149143	([656, 604], [656, 635, 604])
1	0.6156206853684497	0.6239431754124464	([796, 698], [796, 708, 698])
1	0.6184169621906828	0.6240286699663374	([810, 687], [810, 709, 700])
1	0.5865521518049278	0.6240318976512992	([504, 443], [500, 480, 443])
1	0.6200854415121939	0.6241390220448605	([124, 49], [124, 66, 62])
1	0.6219771129658356	0.6242613064279056	([161, 41], [161, 68, 41])
1	0.6123563207625202	0.6243530274418323	([255, 95], [255, 247, 231])
1	0.618790353051803	0.6247155276718594	([575, 372], [579, 575, 372])
1	0.616768287497243	0.6247488283888026	([260, 92], [260, 258, 92])
1	0.605907561102065	0.6248248372100086	([438, 394], [438, 437, 393])
1	0.605527492069033	0.6249238698109048	([165, 30], [165, 161, 5])
1	0.5864306185513072	0.6249354455546848	([437, 389], [440, 438, 394])
1	0.6229630105342074	0.625002244390659	([808, 692], [808, 790, 692])
1	0.6238436426168694	0.6254783295737595	([363, 238], [363, 360, 239])
1	0.6082985762283055	0.6255290512025357	([252, 164], [252, 251, 164])
1	0.6110405250073268	0.6257018752683455	([247, 95], [255, 250, 68])
1	0.5986107155541908	0.6257018752683455	([251, 68], [261, 255, 68])
1	0.6173616046134254	0.6257313551990459	([250, 51], [256, 253, 33])
1	0.6083070914706452	0.6257549638842422	([590, 374], [590, 583, 374])
1	0.607072196256853	0.6258591614551943	([684, 583], [684, 633, 590])
1	0.6205062372912428	0.6258941903435947	([589, 383], [589, 580, 380])
1	0.6043212960302152	0.6260196665759747	([691, 383], [688, 648, 3])
1	0.6154596842207463	0.6260196665759747	([697, 3], [697, 688, 3])
1	0.5947026383614494	0.626028670657687	([136, 6], [159, 137, 127])
1	0.5932588605197108	0.626175447340642	([328, 126], [330, 328, 126])
1	0.6255787163437001	0.626175447340642	([355, 126], [355, 330, 126])
1	0.6229452230591233	0.6262538743072517	([586, 384], [586, 581, 384])
1	0.6130852972261195	0.6262884600350632	([818, 753], [817, 816, 755])
1	0.5975239243825244	0.6263516106710644	([433, 397], [440, 433, 397])
1	0.605228103642545	0.6263598656099749	([232, 4], [258, 246, 231])
1	0.6112228668982076	0.6263984427707243	([579, 370], [575, 571, 368])
1	0.6215249552449575	0.6264368646822103	([363, 256], [363, 256, 67])
1	0.6002718865467986	0.6264439527979802	([164, 121], [164, 160, 121])
1	0.6255509168858306	0.6267092890894189	([328, 273], [328, 320, 266])
1	0.6063900394576494	0.6267920894318056	([318, 3], [318, 264, 263])
1	0.5766795839260309	0.6268592130202397	([385, 3], [593, 561, 3])
1	0.6050877036421081	0.6269335195548209	([580, 380], [580, 380, 247])
1	0.6145846607218179	0.6271914318165669	([771, 685], [759, 711, 709])
1	0.622163668914323	0.6272089713666048	([361, 122], [363, 361, 92])
1	0.6060458526088259	0.6273493514318081	([364, 39], [362, 257, 63])
1	0.6268328614473913	0.6275811720552482	([806, 699], [806, 795, 699])
1	0.62448461927336	0.6277881195083665	([650, 378], [650, 632, 378])
1	0.6012703221960928	0.6279941200367724	([72, 6], [136, 90, 6])
1	0.6240539074769831	0.6282377738976389	([505, 379], [550, 509, 505])
1	0.5835724663786548	0.6282441763936527	([111, 20], [72, 53, 26])
1	0.6183863266198125	0.6283153516216975	([707, 378], [707, 702, 378])
1	0.6074248123418347	0.62836083565298	([719, 641], [719, 701, 689])
1	0.6196193208234037	0.6284039002042728	([160, 71], [160, 136, 99])
1	0.6109325648925975	0.6285572214746932	([342, 262], [342, 262, 3])
1	0.6108947386560363	0.6285977940204104	([314, 4], [325, 314, 25])
1	0.6151778920972928	0.6286320519129706	([73, 25], [73, 55, 25])
1	0.6043310495739503	0.628645892108574	([162, 37], [258, 162, 37])
1	0.6057660842953723	0.6286465809739131	([498, 451], [503, 480, 450])
1	0.6122723736550219	0.6286814448674944	([932, 20], [932, 844, 20])
1	0.6194117928736761	0.6287352055073269	([694, 585], [694, 680, 585])
1	0.6270118370339953	0.6288739514285981	([782, 687], [786, 782, 687])
1	0.6234211624116999	0.6289344182685097	([809, 719], [809, 806, 719])
1	0.5975201012464273	0.6289489651480338	([570, 381], [580, 576, 380])
1	0.6151419019786624	0.6289977385149966	([254, 165], [254, 247, 165])
1	0.6148373896061937	0.6290885532041355	([363, 67], [364, 363, 256])
1	0.608817382802379	0.6291365074256865	([710, 590], [710, 706, 590])
1	0.6283943030900204	0.6291679290314272	([544, 411], [544, 541, 411])
1	0.6145972302733271	0.6292199405330303	([232, 115], [232, 115, 4])
1	0.6195279144558127	0.629240422420511	([166, 62], [166, 164, 62])
1	0.6248867139157285	0.629241435498373	([953, 816], [953, 950, 844])
1	0.6188049800925369	0.6294087426334535	([441, 396], [442, 441, 396])
1	0.6228498546822373	0.6294888635691839	([796, 683], [796, 698, 681])
1	0.62612288239964	0.6294959258679632	([242, 93], [256, 248, 93])
1	0.6175450752076996	0.6295221278717328	([361, 40], [361, 257, 253])
1	0.6186922180045618	0.6295566374252147	([521, 437], [521, 509, 437])
1	0.6106110774715106	0.6296285777755168	([572, 514], [579, 552, 514])
1	0.6187622076744274	0.6296953333600842	([679, 608], [679, 630, 608])
1	0.6175650334742727	0.6297292913708624	([661, 3], [661, 644, 643])
1	0.6294415220509195	0.6297949496925361	([605, 368], [634, 605, 386])
1	0.6220877060737702	0.6298850090823966	([581, 519], [581, 577, 508])
1	0.6186504279152515	0.6301045587664733	([921, 313], [938, 936, 314])
1	0.5841907035940819	0.6301478900179646	([448, 395], [432, 408, 400])
1	0.6119404138179718	0.630385444107509	([947, 870], [951, 947, 870])
1	0.5912906213695399	0.6305754358305345	([644, 583], [644, 632, 594])
1	0.6280611630154607	0.6306305495617425	([783, 695], [783, 774, 695])
1	0.599045612509228	0.6307051262679166	([325, 25], [314, 262, 29])
1	0.5953676750347133	0.6308838636642444	([576, 369], [585, 581, 384])
1	0.6181826608254426	0.6309354852999014	([815, 783], [815, 813, 783])
1	0.6232798214610894	0.6309595790103957	([550, 379], [572, 550, 379])
1	0.6230303321635001	0.6310075331809047	([141, 80], [141, 81, 80])
1	0.629017576440178	0.6310749070193437	([312, 21], [312, 274, 265])
1	0.6286852178584339	0.631140266137926	([643, 377], [643, 386, 377])
1	0.6149682543797331	0.6315073557484079	([572, 377], [579, 571, 379])
1	0.6220438412616435	0.6315206985837797	([264, 72], [325, 313, 264])
1	0.621594852277664	0.6316453340617638	([382, 122], [262, 254, 122])
1	0.6221073229590485	0.6321809692545993	([795, 703], [795, 699, 650])
1	0.6147809123983017	0.632214712848737	([634, 386], [587, 550, 379])
1	0.6263647579586032	0.6322547993672347	([743, 699], [745, 743, 699])
1	0.600074070471263	0.6323170506305611	([816, 755], [844, 816, 740])
1	0.6198251112180322	0.6323388929359124	([510, 444], [510, 507, 444])
1	0.6122061453629594	0.6324880084946827	([779, 647], [779, 707, 689])
1	0.6150225406229143	0.6325219098513891	([585, 509], [585, 570, 510])
1	0.6028582840764938	0.6325460956333105	([720, 656], [720, 706, 656])
1	0.6117947631616228	0.6325460956333105	([802, 650], [797, 706, 656])
1	0.6272743198408904	0.6326627579231192	([860, 803], [860, 833, 803])
1	0.6216142608142617	0.6326627579231192	([860, 682], [860, 833, 823])
1	0.6235052581365422	0.6327280372573655	([859, 775], [859, 809, 775])
1	0.6255320665251267	0.6327395048742919	([446, 390], [446, 441, 390])
1	0.624380556911469	0.6328071214492562	([464, 402], [464, 455, 427])
1	0.6042018751681287	0.6328395432625663	([703, 385], [703, 643, 370])
1	0.6315116334540604	0.6328793919893823	([680, 628], [680, 651, 628])
1	0.6244818235072919	0.6329429096128768	([707, 367], [707, 382, 378])
1	0.5966115361764406	0.6329429096128768	([648, 3], [707, 703, 382])
1	0.6254059158513872	0.6330277719115688	([694, 604], [694, 640, 628])
1	0.6192577450931304	0.6330814872455964	([577, 363], [587, 577, 386])
1	0.6327515492721697	0.6331000356601155	([812, 657], [812, 767, 657])
1	0.615395795794171	0.6331233533217657	([240, 96], [240, 165, 96])
1	0.6259940531534598	0.6331296475581099	([387, 256], [387, 367, 260])
1	0.6155214658298902	0.6332968127504607	([450, 388], [442, 396, 387])
1	0.6192264470646656	0.633297587096806	([861, 786], [861, 838, 787])
1	0.6250223480102901	0.633297587096806	([864, 783], [864, 861, 787])
1	0.6211589355654016	0.6333159375275887	([709, 583], [709, 684, 680])
1	0.6099070264660967	0.6334014053021909	([636, 365], [636, 579, 372])
1	0.6245270967054751	0.6334571237389575	([686, 366], [690, 686, 366])
1	0.6286024596258443	0.6338154871268875	([792, 644], [791, 681, 680])
1	0.6119513885002674	0.6338154871268875	([804, 680], [804, 791, 680])
1	0.6161207699351176	0.6339081005213805	([582, 367], [707, 644, 641])
1	0.6269484528721002	0.6339498619168246	([778, 658], [778, 709, 658])
1	0.6127570028685363	0.6339544436035895	([264, 137], [314, 264, 137])
1	0.6303227330561902	0.6340595718621905	([583, 4], [587, 583, 4])
1	0.6264669766256661	0.6340633876417747	([658, 582], [658, 611, 601])
1	0.6170162696152844	0.6340633876417747	([658, 611], [658, 646, 601])
1	0.6311501639406668	0.6341147564781321	([700, 375], [700, 689, 636])
1	0.5791138364125226	0.6342697822509679	([651, 585], [652, 651, 585])
1	0.6295981924391926	0.6343461329270852	([638, 570], [649, 638, 575])
1	0.6319703278374411	0.6343746008237547	([709, 388], [710, 709, 379])
1	0.6248614880999289	0.6346140477501551	([244, 166], [244, 229, 166])
1	0.6206368636341882	0.6346390616686468	([514, 386], [514, 439, 386])
1	0.6007578224286488	0.6346690636294845	([825, 695], [829, 791, 695])
1	0.6241364852570359	0.634841428696709	([645, 571], [645, 631, 571])
1	0.606369409339148	0.6348581811205047	([712, 639], [712, 695, 639])
1	0.6143150177298469	0.6349484163252329	([769, 682], [797, 769, 650])
1	0.6072116895757825	0.6349524370511415	([799, 685], [799, 711, 707])
1	0.6302587524827217	0.6349621890303642	([227, 68], [227, 226, 161])
1	0.625029746247217	0.6349638066541794	([717, 637], [717, 687, 642])
1	0.6302469804685976	0.634975720292888	([373, 121], [373, 367, 121])
1	0.632218694486201	0.635007428687163	([516, 377], [571, 516, 513])
1	0.6143000454622268	0.6350229726058239	([567, 249], [572, 567, 249])
1	0.6340646507670009	0.6350229726058239	([578, 249], [578, 572, 249])
1	0.6264534327388981	0.6354054321432495	([314, 91], [314, 263, 91])
1	0.6330467182254543	0.6354218212807596	([865, 3], [865, 835, 824])
1	0.6202430406255807	0.6354228235908146	([318, 90], [325, 313, 90])
1	0.630395468087519	0.6354905274429195	([548, 377], [548, 516, 478])
1	0.6342027364200846	0.6355444185077764	([596, 516], [596, 575, 516])
1	0.6154961439575685	0.6355830416793133	([705, 573], [706, 705, 590])
1	0.6279084715327208	0.6357287774039727	([803, 640], [803, 797, 640])
1	0.6351141736442022	0.6357665891893185	([235, 109], [235, 232, 115])
1	0.6328241644934122	0.635780203177098	([515, 387], [513, 512, 387])
1	0.6352252653964228	0.6359317877123304	([299, 9], [299, 297, 9])
1	0.633813669387332	0.6360033435198638	([285, 143], [288, 285, 143])
1	0.6343762488262538	0.6360410809592756	([718, 664], [718, 687, 677])
1	0.6307854269296994	0.6360799527332456	([320, 83], [320, 101, 83])
1	0.6324206013507058	0.6361258309240047	([851, 782], [851, 824, 782])
1	0.6339529653258354	0.6362093149575332	([302, 81], [302, 81, 10])
1	0.6271055143901807	0.6362291222054876	([163, 69], [163, 162, 69])
1	0.5997735172240838	0.6362950747734522	([637, 380], [637, 632, 380])
1	0.6341567476521744	0.6363849585378613	([787, 586], [787, 709, 583])
1	0.6331998800161057	0.6364154481467262	([359, 99], [359, 122, 99])
1	0.6228962441415542	0.6364247101776533	([315, 99], [318, 315, 99])
1	0.6323991037864535	0.6365278355623073	([505, 1], [505, 379, 1])
1	0.6242890654755956	0.6365562897501521	([234, 35], [261, 234, 35])
1	0.6279898487627141	0.6365966783238669	([861, 759], [861, 854, 759])
1	0.6342389042659633	0.6367925746712646	([791, 371], [791, 643, 377])
1	0.634505875210951	0.6367925746712646	([772, 377], [791, 772, 377])
1	0.6265942639740477	0.6367925746712646	([784, 377], [791, 784, 377])
1	0.6269969801664801	0.6368791936353773	([772, 3], [790, 772, 692])
1	0.6253844861767124	0.6369067873275343	([386, 96], [386, 252, 96])
1	0.5753806749131755	0.6369816465070585	([588, 376], [518, 516, 389])
1	0.6283943224193913	0.6371412417500568	([387, 39], [387, 362, 260])
1	0.6276457113868197	0.6374430089678113	([500, 3], [561, 506, 500])
1	0.6346714575321013	0.6375699726506179	([325, 242], [325, 242, 27])
1	0.6280731594130894	0.637631582226372	([300, 144], [300, 289, 144])
1	0.622933195323102	0.6376321121405158	([576, 511], [576, 571, 516])
1	0.6348628730743267	0.6377671885678583	([332, 51], [332, 51, 27])
1	0.6323033027218942	0.6377671885678583	([332, 5], [332, 325, 27])
1	0.6127690866513839	0.6377720313203482	([770, 635], [772, 770, 642])
1	0.6069188829415944	0.6377980945422265	([806, 651], [806, 778, 658])
1	0.6333190377699912	0.6378229277809839	([312, 136], [313, 312, 136])
1	0.6321358093195656	0.6378424461101755	([290, 20], [290, 289, 11])
1	0.6355427695703275	0.6378785408371861	([639, 250], [682, 641, 250])
1	0.6379087327219118	0.637954199494898	([362, 2], [364, 362, 2])
1	0.6127510885656212	0.6379606455093557	([569, 366], [584, 569, 383])
1	0.6298508122947707	0.637995566414568	([302, 10], [302, 290, 10])
1	0.6117386220132778	0.6381174537720066	([685, 371], [685, 643, 370])
1	0.6320561481982461	0.6381174537720066	([658, 370], [685, 658, 370])
1	0.6228026141837494	0.6381590608183595	([273, 139], [329, 265, 139])
1	0.62933388436716	0.6381813190997739	([780, 374], [780, 686, 366])
1	0.6356787796148539	0.638417009485832	([646, 373], [646, 373, 251])
1	0.6374185181679737	0.6385342583538022	([115, 25], [115, 90, 25])
1	0.6241308237665999	0.6386018253468052	([710, 379], [709, 707, 379])
1	0.6285974619551212	0.6386818614609732	([481, 397], [481, 452, 397])
1	0.6290985877782508	0.6388526244336179	([359, 228], [342, 325, 228])
1	0.626035978391155	0.6388530968129292	([869, 755], [869, 847, 755])
1	0.6331283507050295	0.6389088109231132	([705, 381], [705, 693, 381])
1	0.6228997208320696	0.6389206908718131	([266, 20], [328, 266, 20])
1	0.6365874526348886	0.6390301157943631	([857, 777], [864, 857, 777])
1	0.6125060853643286	0.6390403012641578	([811, 712], [811, 794, 703])
1	0.6376940106726463	0.6391815618345489	([573, 248], [593, 573, 248])
1	0.6377928369366945	0.6393055790840452	([519, 390], [552, 519, 390])
1	0.6331634658049579	0.6393055790840452	([552, 378], [576, 552, 390])
1	0.6261659328538048	0.639338284241963	([713, 580], [713, 703, 390])
1	0.6014619314685608	0.6393402076393698	([342, 3], [360, 342, 3])
1	0.6318710634841569	0.6394464487330701	([390, 30], [390, 366, 30])
1	0.6180619151664909	0.6394547509305104	([925, 873], [925, 887, 873])
1	0.6257702362709614	0.6394824188800415	([297, 18], [297, 289, 18])
1	0.6166550451662046	0.6396104358766448	([788, 575], [788, 635, 575])
1	0.6283714373921918	0.6396354838013347	([132, 53], [161, 135, 53])
1	0.6381483550519532	0.6397374250267367	([796, 636], [803, 796, 636])
1	0.6153359173074178	0.6398489310644006	([684, 377], [684, 583, 377])
1	0.6345340759629098	0.6398625402754234	([560, 385], [560, 385, 374])
1	0.6388728985853973	0.6399466253503927	([807, 663], [807, 791, 643])
1	0.6393874724814099	0.6399466253503927	([840, 643], [840, 807, 643])
1	0.6360070870098944	0.6400453801105014	([394, 262], [394, 262, 4])
1	0.6264941103892373	0.6401086689877735	([679, 253], [679, 636, 630])
1	0.6258873024720442	0.6401533168625817	([774, 657], [826, 812, 649])
1	0.6336044942492326	0.6402095684932029	([377, 118], [377, 252, 118])
1	0.6369754585794257	0.6402756964222106	([359, 31], [359, 31, 26])
1	0.6298494469751404	0.6402756964222106	([333, 6], [360, 359, 26])
1	0.6346530052131444	0.6402807491939577	([794, 584], [801, 645, 642])
1	0.6282793558099193	0.6404091240141898	([321, 160], [325, 160, 90])
1	0.6302217936780137	0.6404821200536164	([694, 373], [694, 685, 373])
1	0.6184178314128432	0.6405969974751097	([607, 251], [607, 577, 251])
1	0.6387430396845534	0.640706833339982	([596, 390], [596, 576, 516])
1	0.5682256202122776	0.6407515272508533	([571, 3], [359, 317, 26])
1	0.6357198504026441	0.6408083501058038	([849, 750], [849, 838, 750])
1	0.6261688377417217	0.640924788187403	([686, 584], [686, 652, 584])
1	0.623367816622211	0.640924788187403	([801, 645], [781, 652, 584])
1	0.6401245033828136	0.6409409833698051	([308, 13], [308, 297, 13])
1	0.6228109219088181	0.6410075838550668	([326, 110], [326, 324, 110])
1	0.6161438632897636	0.6410982085165845	([265, 110], [315, 265, 110])
1	0.6364139300139606	0.6411195976019061	([777, 380], [781, 777, 584])
1	0.6350650340808423	0.6412255901142531	([602, 365], [602, 583, 374])
1	0.5746173550625101	0.6412994134778922	([330, 111], [265, 139, 108])
1	0.6214518301103926	0.6413132135620077	([651, 365], [651, 576, 381])
1	0.6375269980777023	0.6414092875323534	([323, 104], [323, 316, 7])
1	0.6333986956729794	0.6414584255025025	([558, 389], [558, 549, 389])
1	0.636916684198594	0.6414765756294935	([315, 161], [315, 181, 161])
1	0.6357414725350439	0.6415890240630725	([592, 254], [592, 575, 254])
1	0.6341021348283964	0.6416974266055754	([518, 452], [518, 496, 452])
1	0.6195133004139279	0.6419942842156392	([719, 383], [719, 709, 383])
1	0.6383625062014364	0.6421237500126149	([627, 389], [636, 627, 375])
1	0.6369569079899597	0.6423044884114201	([298, 16], [302, 298, 16])
1	0.6125874873470731	0.6423722451320563	([832, 691], [832, 825, 690])
1	0.6319621561597186	0.6424074234515049	([715, 375], [792, 715, 701])
1	0.6358582244153709	0.6424142881033801	([559, 362], [594, 562, 559])
1	0.6306712522478459	0.6424205439547775	([704, 364], [704, 684, 377])
1	0.630520943054208	0.6425503887879709	([322, 129], [331, 321, 160])
1	0.625698309703494	0.6426716545393908	([561, 395], [553, 395, 390])
1	0.6284359986807173	0.6428989889013998	([344, 263], [344, 324, 263])
1	0.6394314567413208	0.6430032207045457	([541, 339], [541, 355, 339])
1	0.6280056340263298	0.643033985889043	([638, 508], [638, 560, 508])
1	0.6303505239060874	0.6431040677430336	([772, 587], [772, 642, 587])
1	0.6344714772368614	0.6431112224469031	([773, 660], [773, 699, 660])
1	0.6215393514049297	0.643113665870784	([682, 246], [641, 382, 367])
1	0.6316575540313566	0.643155284978803	([860, 765], [860, 803, 795])
1	0.6405518437707614	0.6432702348145647	([292, 12], [292, 289, 11])
1	0.6125190471031936	0.6433429363341397	([689, 591], [689, 646, 636])
1	0.6321454275646051	0.6434319952255695	([315, 181], [315, 263, 226])
1	0.63419775295246	0.6434319952255695	([312, 207], [315, 312, 226])
1	0.6321863134265352	0.6434345445431315	([275, 140], [302, 275, 140])
1	0.6354776570073135	0.6435264887547884	([810, 3], [810, 779, 3])
1	0.6329145048407626	0.6435336947561965	([288, 151], [289, 285, 143])
1	0.638829591089344	0.6438922735345157	([571, 122], [571, 250, 246])
1	0.6437051477526538	0.6439526017145899	([330, 186], [330, 186, 171])
1	0.6350604798260194	0.6440147613807421	([805, 679], [805, 706, 694])
1	0.6261492672476213	0.6440336659992366	([274, 21], [297, 274, 21])
1	0.6402399953981126	0.6441834954755722	([765, 661], [765, 691, 688])
1	0.6418745684416247	0.6442215234809356	([319, 109], [319, 109, 25])
1	0.6257865531423185	0.6442215234809356	([319, 89], [319, 314, 25])
1	0.636775545882301	0.6442556492923708	([333, 229], [333, 317, 264])
1	0.6273190573786384	0.6442587820272463	([668, 614], [668, 648, 614])
1	0.6431577547641266	0.6442665777684348	([356, 24], [356, 323, 320])
1	0.6400377338235018	0.6442795458967159	([842, 725], [842, 825, 757])
1	0.6403291134744651	0.6443076627911971	([776, 594], [776, 649, 644])
1	0.6053107202452854	0.644350850380593	([504, 384], [504, 443, 439])
1	0.6098671252700861	0.6446037655696607	([646, 251], [646, 602, 251])
1	0.6214834070120568	0.6446507678703223	([645, 249], [645, 386, 252])
1	0.6354620791871106	0.6446527181309307	([489, 406], [489, 470, 406])
1	0.6161616168718429	0.6447011338950838	([541, 355], [541, 530, 108])
1	0.6369323799692005	0.6449766355031459	([553, 451], [553, 513, 451])
1	0.6337219032586647	0.6450192481977595	([499, 396], [499, 448, 396])
1	0.642056929167449	0.6450296694811343	([319, 159], [319, 159, 21])
1	0.6224362849237568	0.6450296694811343	([289, 11], [319, 312, 21])
1	0.6223236540085678	0.6451760164945828	([693, 374], [704, 693, 381])
1	0.6393429914264984	0.6451839036220782	([815, 759], [817, 815, 753])
1	0.6137315156975315	0.645237830301822	([687, 249], [687, 386, 372])
1	0.631401511525646	0.6453037177622026	([790, 591], [790, 707, 591])
1	0.6284642947111126	0.6453466907713455	([827, 684], [827, 798, 684])
1	0.633035361473882	0.6453728880530685	([603, 513], [603, 570, 506])
1	0.6376320621634837	0.6453939803607177	([286, 147], [289, 286, 147])
1	0.6406738137859442	0.6454645564484729	([355, 8], [355, 107, 58])
1	0.6288763352031602	0.6458349821086046	([808, 369], [808, 775, 576])
1	0.6384461822790928	0.646029936908406	([721, 1], [721, 701, 693])
1	0.6291805429100671	0.6460379908143516	([792, 372], [792, 578, 575])
1	0.6169512341792752	0.6460379908143516	([792, 578], [792, 788, 575])
1	0.6449950659428544	0.646120765037948	([551, 232], [551, 396, 232])
1	0.6431197431576979	0.6461362731441028	([580, 119], [580, 247, 119])
1	0.6417140061714091	0.6461686255562814	([396, 232], [396, 261, 231])
1	0.6366289404497861	0.6464863330574087	([380, 32], [380, 247, 246])
1	0.638399817697488	0.6465324098198072	([707, 36], [707, 693, 36])
1	0.6442715923706324	0.6465821763257245	([811, 678], [811, 703, 678])
1	0.646314454401372	0.6465841823262659	([341, 243], [341, 333, 243])
1	0.639909993458725	0.6466385944882567	([678, 371], [678, 634, 380])
1	0.6308509304999206	0.6466621356767013	([231, 0], [231, 60, 29])
1	0.6340655723779843	0.646698519664431	([823, 638], [829, 823, 638])
1	0.6354558007586125	0.6467346928640785	([503, 363], [503, 388, 379])
1	0.6370149762211827	0.6468174878420703	([937, 26], [937, 325, 312])
1	0.6449706492782716	0.6468174878420703	([937, 343], [937, 343, 325])
1	0.6392487938259802	0.6469374367440894	([747, 577], [747, 705, 577])
1	0.640437567167644	0.6469932591800979	([803, 614], [803, 642, 636])
1	0.6442025570741815	0.6471191718258594	([545, 413], [545, 467, 430])
1	0.6272810524220745	0.6472515196101993	([278, 197], [312, 278, 207])
1	0.6450359852214707	0.6472917476654088	([448, 382], [448, 442, 382])
1	0.6435320174425818	0.6473494181263532	([585, 260], [585, 384, 260])
1	0.6318612328550289	0.6473965000257647	([795, 386], [795, 701, 689])
1	0.6329519170753474	0.6475307013281684	([567, 37], [575, 567, 37])
1	0.6423047750848426	0.6476174384634584	([633, 381], [704, 633, 585])
1	0.6393024571858009	0.6476534533193343	([273, 192], [273, 192, 152])
1	0.6431617565384652	0.6477315147864677	([718, 601], [718, 684, 664])
1	0.6388571338703967	0.6478101659525326	([801, 385], [835, 801, 373])
1	0.632870632729796	0.6480595455175466	([542, 405], [542, 467, 406])
1	0.645317515632708	0.6481042825129386	([695, 253], [695, 679, 653])
1	0.6362573085539786	0.6481811831170757	([555, 431], [555, 494, 472])
1	0.6303611866042116	0.6483419996624361	([769, 385], [769, 703, 688])
1	0.6399072451767578	0.6483791250181941	([579, 36], [579, 365, 261])
1	0.6417160155094976	0.6484111564053209	([692, 365], [692, 581, 365])
1	0.5594398018152043	0.6484378752320247	([844, 740], [815, 809, 759])
1	0.6445085617885561	0.6484512142185238	([861, 580], [861, 787, 580])
1	0.6362261704140347	0.6484718879646976	([656, 1], [693, 656, 635])
1	0.6335153352956803	0.6487252045671704	([570, 61], [570, 551, 61])
1	0.637639085521392	0.6488135430297524	([333, 88], [333, 88, 87])
1	0.6486003191577869	0.6488550620786726	([697, 600], [697, 658, 600])
1	0.6346445327658164	0.6489790860715652	([851, 696], [851, 823, 747])
1	0.6394178948820424	0.6490002554277664	([496, 392], [496, 452, 392])
1	0.646585566860768	0.649186482264458	([445, 377], [445, 394, 390])
1	0.6471550996711576	0.6492957144965781	([865, 766], [865, 766, 719])
1	0.6378399811536805	0.6493130371368344	([630, 257], [630, 568, 361])
1	0.647658663603592	0.6493393609035608	([785, 638], [785, 773, 638])
1	0.6490221975671132	0.649500253441768	([704, 33], [704, 364, 33])
1	0.6374240646370761	0.6496613110870381	([346, 55], [346, 323, 54])
1	0.6402256518269762	0.6497872384206477	([353, 56], [353, 345, 56])
1	0.6118470315783966	0.6498138399023213	([833, 682], [860, 765, 682])
1	0.6438875799147501	0.6498347091627409	([568, 39], [568, 362, 361])
1	0.6455060980431131	0.6498702193298334	([920, 315], [920, 315, 313])
1	0.6421410671556297	0.6498702193298334	([920, 285], [921, 920, 313])
1	0.643515835517706	0.6499420067476166	([834, 631], [834, 823, 631])
1	0.647749731204295	0.649997435985218	([629, 36], [629, 248, 36])
1	0.6256227093039344	0.650029680335327	([782, 577], [782, 689, 577])
1	0.637552759961988	0.6500446639553924	([236, 181], [236, 234, 100])
1	0.6430038622862057	0.6502911640643138	([597, 101], [844, 673, 618])
1	0.6499473929578727	0.6504421857159883	([284, 146], [301, 284, 146])
1	0.6232339141403196	0.6505033416049394	([790, 3], [835, 810, 789])
1	0.6428634725884965	0.6505072253098428	([802, 383], [802, 579, 383])
1	0.6341763963697963	0.6505103695167124	([601, 448], [562, 515, 448])
1	0.6467092497595867	0.6505106730655585	([316, 173], [316, 266, 173])
1	0.6320341075813009	0.6505244620520095	([569, 245], [569, 567, 245])
1	0.6492309288260101	0.6506177151837801	([805, 364], [805, 694, 364])
1	0.6339005188101136	0.6508120298509968	([438, 1], [395, 388, 378])
1	0.6294532473831775	0.6508660270503829	([800, 376], [800, 770, 376])
1	0.6432443186956178	0.650877693406286	([716, 595], [716, 692, 640])
1	0.6487913135973594	0.6509291670760129	([173, 55], [173, 55, 21])
1	0.6454749273975318	0.6509291670760129	([180, 21], [180, 173, 21])
1	0.6476513003537302	0.6509291670760129	([197, 21], [197, 173, 21])
1	0.6460834841465927	0.651029889732455	([560, 64], [560, 248, 64])
1	0.6509277052706419	0.6511519397779902	([565, 125], [565, 125, 3])
1	0.6339714623517761	0.6511889246281464	([835, 373], [801, 584, 373])
1	0.6244232126244393	0.651216559319764	([810, 607], [810, 637, 632])
1	0.6499351118571713	0.6513199115295235	([821, 758], [821, 804, 758])
1	0.6093288374255988	0.6513749221612003	([810, 637], [811, 712, 637])
1	0.6482056177798922	0.651424284634146	([834, 578], [834, 631, 578])
1	0.650837061924303	0.6514595990093565	([755, 618], [847, 844, 618])
1	0.6282726585238119	0.6515544596576974	([740, 531], [844, 740, 531])
1	0.6356835384094748	0.651579189616054	([691, 1], [693, 371, 248])
1	0.6336652127627288	0.6515849806735949	([572, 449], [572, 449, 389])
1	0.598557366642157	0.6518075015031438	([835, 3], [790, 631, 385])
1	0.642033219443749	0.651933187858259	([825, 589], [825, 787, 766])
1	0.6360032180882627	0.6520459026155159	([677, 443], [677, 600, 443])
1	0.6480922815816695	0.6520520636809438	([803, 511], [803, 793, 511])
1	0.6473634625707254	0.6521304915072572	([390, 121], [390, 121, 30])
1	0.6496726026315855	0.6521594170684554	([608, 382], [608, 592, 382])
1	0.6477760525569051	0.6523604429765036	([563, 391], [598, 563, 554])
1	0.5943201291510145	0.6523761083072471	([60, 0], [135, 60, 25])
1	0.6442909025770954	0.6523947470254748	([310, 138], [310, 273, 138])
1	0.6333199372155167	0.6525120085898144	([443, 379], [443, 440, 379])
1	0.6433454488254068	0.652593231087033	([717, 384], [717, 701, 368])
1	0.6441874193542646	0.6526668190336704	([838, 702], [838, 810, 787])
1	0.6491832760260163	0.6527374640136128	([839, 679], [859, 828, 662])
1	0.6487855439102178	0.6528645154104067	([812, 50], [823, 812, 50])
1	0.6404669756167459	0.6529284036977001	([939, 319], [939, 319, 135])
1	0.6466111630255399	0.65294436911569	([344, 136], [344, 136, 70])
1	0.6511443333265249	0.6529584837794996	([837, 389], [837, 799, 389])
1	0.6510866862705541	0.6530525153351895	([750, 646], [775, 750, 646])
1	0.6523398881256074	0.6530894913418389	([573, 42], [573, 257, 42])
1	0.6433241380758888	0.6531356508035749	([510, 369], [575, 510, 369])
1	0.6531064192961124	0.6532146726977847	([180, 112], [180, 112, 21])
1	0.6471813747907121	0.65324856776225	([397, 254], [397, 394, 262])
1	0.6395030661767765	0.6533585997314304	([720, 248], [778, 720, 365])
1	0.6458038523199681	0.6534991071902551	([827, 720], [832, 827, 720])
1	0.6445980912356192	0.653511714535194	([773, 578], [773, 704, 578])
1	0.6395235268551764	0.6536788273789195	([673, 624], [843, 673, 597])
1	0.6534967572689583	0.6536972634810462	([767, 253], [767, 705, 253])
1	0.6278574505982489	0.6537886449813209	([826, 379], [826, 649, 368])
1	0.6488643229420391	0.6538457135118658	([628, 517], [628, 593, 517])
1	0.6509096729741843	0.6538745680262923	([389, 43], [389, 259, 240])
1	0.6086471562272359	0.6538994326085037	([862, 641], [862, 804, 799])
1	0.6428959707687321	0.6539075525093971	([76, 17], [81, 76, 9])
1	0.6407743416988161	0.6541468487441642	([561, 93], [561, 560, 93])
1	0.6502729574880899	0.6541597540523196	([823, 378], [823, 799, 378])
1	0.6525648196903737	0.6541648963387647	([563, 164], [563, 164, 123])
1	0.6484148858647757	0.654200629861497	([941, 6], [936, 875, 6])
1	0.6533482959328302	0.6543311384536213	([777, 362], [777, 380, 362])
1	0.6464715911643956	0.6543752843603651	([634, 255], [634, 384, 67])
1	0.6510189610072177	0.6543785923319555	([332, 230], [332, 230, 135])
1	0.6323492847729677	0.6544193913040696	([522, 393], [551, 522, 393])
1	0.6217692250573031	0.6544210623223373	([715, 562], [715, 694, 562])
1	0.6362266419168479	0.6544997296726071	([341, 125], [346, 341, 125])
1	0.6510731331965226	0.6546105767934439	([700, 255], [700, 375, 256])
1	0.6407950237556544	0.6547469083823445	([311, 191], [322, 311, 191])
1	0.6531403152523878	0.6549308287390608	([879, 21], [879, 143, 111])
1	0.6338547500087917	0.6550105984988179	([201, 76], [214, 201, 76])
1	0.6187276919467865	0.6550526614127483	([699, 361], [699, 695, 361])
1	0.6465016387832782	0.6550547687952448	([598, 391], [598, 541, 391])
1	0.6487528478588271	0.6550730956749989	([782, 252], [782, 687, 249])
1	0.639880931100547	0.655131529708653	([311, 155], [311, 155, 21])
1	0.6456095056379979	0.6551978489566215	([527, 412], [527, 457, 429])
1	0.6544354544834589	0.6554016105037459	([933, 151], [933, 151, 20])
1	0.6534370887221714	0.6554082843164643	([542, 111], [542, 541, 111])
1	0.6432550626151592	0.6554101835611651	([819, 723], [842, 819, 723])
1	0.6508713779911391	0.6555183023965989	([864, 581], [864, 777, 375])
1	0.6503113576371515	0.6555239840449333	([678, 510], [678, 570, 560])
1	0.6437308416808535	0.6556644324248171	([778, 161], [778, 365, 246])
1	0.6200285237698886	0.655704947379848	([828, 662], [839, 835, 686])
1	0.6441506928163359	0.655783239675769	([628, 363], [628, 601, 363])
1	0.6484727333920524	0.6558184278692302	([78, 14], [78, 77, 14])
1	0.6486565723065725	0.6558383414451755	([591, 95], [569, 383, 95])
1	0.6516218420579812	0.6558663981883988	([597, 345], [597, 345, 58])
1	0.6480064712465476	0.6559534131687843	([635, 444], [651, 444, 387])
1	0.65323236767687	0.6560973278929302	([611, 377], [611, 593, 377])
1	0.6299444645379246	0.6561356644868968	([776, 370], [776, 719, 689])
1	0.6536544892521083	0.6563088667351431	([951, 617], [951, 868, 818])
1	0.6436816585837287	0.6563333531247538	([800, 613], [800, 643, 613])
1	0.6160453208589703	0.6564068559490691	([938, 314], [939, 936, 319])
1	0.655138933510158	0.6565704693049219	([528, 329], [529, 528, 329])
1	0.6524139450760528	0.6566058339153337	([188, 114], [188, 172, 114])
1	0.6523460682328843	0.6566408309805769	([861, 249], [861, 789, 249])
1	0.6436285051886472	0.656683020192634	([695, 30], [695, 361, 30])
1	0.652725632296422	0.6568855178583072	([603, 39], [603, 584, 569])
1	0.6471775576431855	0.6568927644466295	([338, 192], [338, 192, 7])
1	0.6319576326975044	0.6569091165887956	([696, 259], [696, 695, 32])
1	0.6542279616815555	0.6569590134851595	([716, 503], [716, 710, 503])
1	0.655795218851046	0.6569660754863436	([539, 119], [539, 245, 232])
1	0.6457101850594705	0.6572122434386163	([750, 671], [750, 685, 671])
1	0.6567013743970309	0.6572387405847088	([798, 726], [798, 726, 716])
1	0.6508984107781827	0.6573473197635833	([338, 287], [338, 330, 287])
1	0.6335697739679363	0.6574846006843663	([831, 663], [831, 771, 663])
1	0.6234226209994483	0.6575184891430393	([937, 312], [938, 937, 325])
1	0.6355452362676699	0.6575555116853669	([316, 88], [326, 316, 88])
1	0.65339920981602	0.6576310938536235	([336, 154], [336, 320, 22])
1	0.6309350466411185	0.6578819963637809	([344, 235], [344, 325, 234])
1	0.6363587577613319	0.6579553579120379	([856, 700], [856, 822, 700])
1	0.6556368165412385	0.6580161723705297	([745, 672], [745, 715, 664])
1	0.6525019359264116	0.6580191289855475	([550, 229], [550, 382, 229])
1	0.645122564654293	0.6580463216730313	([595, 120], [595, 384, 364])
1	0.6402125145782948	0.658057954847907	([850, 744], [850, 821, 758])
1	0.6540844308642684	0.6582447613009732	([919, 289], [919, 881, 297])
1	0.6461411852291682	0.658253055065659	([861, 388], [861, 680, 647])
1	0.6443965696169097	0.6584218028222739	([829, 550], [829, 632, 550])
1	0.6520762034652539	0.6584387856678385	([776, 66], [776, 381, 370])
1	0.6576428815195245	0.6585624608298477	([566, 392], [566, 541, 391])
1	0.6457339251444614	0.6587425841659829	([664, 516], [664, 645, 250])
1	0.6504854348266282	0.6587631180702296	([79, 12], [139, 79, 12])
1	0.6459823357567095	0.6588199532468488	([195, 86], [177, 86, 54])
1	0.6301486253546431	0.6589062370284108	([349, 74], [349, 345, 74])
1	0.6565813423712294	0.6589232010995536	([323, 222], [323, 313, 223])
1	0.6532127231490711	0.6591062138464595	([538, 234], [563, 538, 234])
1	0.6460850325406767	0.6591397287263381	([266, 87], [313, 266, 87])
1	0.653879547375429	0.6591631112334135	([518, 231], [559, 518, 231])
1	0.6454611819566519	0.6592784023631233	([555, 113], [625, 566, 113])
1	0.6427884141601747	0.6594002494099477	([761, 389], [791, 761, 249])
1	0.6581196375460755	0.6594050628303402	([395, 233], [395, 364, 239])
1	0.6368591901457017	0.6594940616132967	([843, 597], [598, 597, 346])
1	0.6546733461870939	0.659576225984004	([391, 320], [598, 391, 346])
1	0.6414146791437877	0.6596414528524644	([197, 87], [236, 168, 87])
1	0.6494513703769822	0.6598754495315955	([658, 509], [658, 585, 582])
1	0.6413200405833699	0.6598900198548137	([760, 589], [760, 683, 666])
1	0.6578739179350092	0.6598993948928374	([837, 571], [837, 801, 605])
1	0.6123505756424044	0.6599429557653537	([598, 346], [597, 565, 125])
1	0.6564193925341839	0.6599755021903598	([610, 118], [610, 595, 578])
1	0.6331953788206278	0.6600418733551541	([605, 447], [600, 567, 447])
1	0.65419327720301	0.6601297029400246	([285, 221], [313, 285, 205])
1	0.6515397910969031	0.6601422534546209	([934, 286], [934, 924, 310])
1	0.6279074985764684	0.6601451637754274	([214, 77], [201, 140, 81])
1	0.6507305560766227	0.6601594306014111	([530, 356], [530, 356, 158])
1	0.6517269814193061	0.660166749002872	([529, 57], [844, 530, 529])
1	0.6016540450398092	0.660167894423809	([392, 0], [523, 475, 392])
1	0.6566452766907998	0.6602778111769021	([537, 133], [598, 537, 236])
1	0.635657378485798	0.6604204920259404	([712, 570], [712, 590, 570])
1	0.6321253149161133	0.6604722016327674	([564, 409], [564, 541, 409])
1	0.6484087748929889	0.6605000386827273	([494, 419], [494, 457, 454])
1	0.6416531866315864	0.6605058087568983	([850, 697], [850, 837, 697])
1	0.6592909057978386	0.6605565635817897	([917, 301], [932, 917, 290])
1	0.6531454043567186	0.6606014988304787	([953, 11], [953, 890, 872])
1	0.6291524971812751	0.6606028562644286	([568, 1], [568, 369, 361])
1	0.6483329596984797	0.6607326940001053	([623, 452], [635, 623, 601])
1	0.6482453937262312	0.6608078786926669	([324, 206], [324, 225, 206])
1	0.6531693557008037	0.6608859793863675	([702, 549], [702, 549, 380])
1	0.6494079688305606	0.660944206410366	([352, 83], [352, 327, 83])
1	0.6522264712416227	0.6610788805305079	([875, 120], [937, 875, 262])
1	0.6595751246977656	0.6611155305153372	([938, 5], [938, 325, 160])
1	0.654086005725683	0.6611517497606753	([742, 395], [768, 742, 711])
1	0.6380618958640273	0.6611909285936942	([628, 262], [628, 363, 262])
1	0.6144995351387037	0.6612104804875649	([530, 108], [844, 618, 541])
1	0.6586301699109814	0.661292224127318	([932, 147], [932, 147, 140])
1	0.6593419414293341	0.6613800906746391	([557, 354], [557, 541, 126])
1	0.656010561758724	0.6614670828306254	([310, 184], [310, 208, 205])
1	0.6611690576743192	0.6617360468075038	([887, 299], [887, 298, 286])
1	0.6576846005218532	0.6617360468075038	([916, 273], [916, 887, 298])
1	0.6596611254607301	0.6617599861222411	([553, 115], [553, 551, 332])
1	0.6475146250554105	0.6618500449013396	([744, 3], [764, 748, 3])
1	0.637564298415504	0.6618731008263302	([903, 297], [922, 881, 297])
1	0.6553460418202957	0.6619339659227879	([552, 118], [580, 552, 118])
1	0.6591212686998087	0.661934345197002	([715, 164], [715, 374, 370])
1	0.6253465702911586	0.6619672926777255	([814, 668], [814, 800, 664])
1	0.6484917776334918	0.6619826978918805	([874, 134], [874, 264, 136])
1	0.6402475818787486	0.6620914931373538	([625, 113], [618, 555, 113])
1	0.6458297436291992	0.6621935789357981	([868, 617], [951, 673, 617])
1	0.6488387391145629	0.6622104505183716	([547, 60], [562, 547, 4])
1	0.6591602492739134	0.6623131540490629	([940, 318], [940, 875, 6])
1	0.6350814703921979	0.6623952528411045	([828, 584], [828, 788, 584])
1	0.6463656561751927	0.6625184326292387	([741, 410], [740, 541, 411])
1	0.6623688495738477	0.6628136136656976	([747, 507], [810, 766, 507])
1	0.6607941719999499	0.6628312220080194	([789, 552], [789, 552, 380])
1	0.6460400668103892	0.6628905762676934	([617, 411], [618, 617, 417])
1	0.6581776561703409	0.662899892021852	([661, 441], [661, 441, 385])
1	0.6226054072667552	0.6630717974016866	([509, 381], [509, 440, 379])
1	0.6623027313611907	0.6630797821455787	([590, 45], [590, 376, 45])
1	0.6485853767298169	0.6631064902141902	([850, 628], [850, 833, 627])
1	0.6620858331903724	0.6632585459553935	([830, 256], [830, 642, 365])
1	0.6600476189438895	0.6632734482079118	([544, 76], [545, 544, 77])
1	0.6463057962380154	0.6633622395908464	([598, 236], [537, 530, 133])
1	0.6302240624840968	0.663385069196165	([267, 156], [309, 156, 149])
1	0.6568588034635908	0.6633939611481706	([243, 104], [243, 229, 160])
1	0.6562795410876441	0.6634774444358194	([752, 625], [752, 725, 673])
1	0.655689419574394	0.6635616060097665	([357, 271], [357, 328, 271])
1	0.6573238711117846	0.6635747654109216	([695, 513], [707, 695, 513])
1	0.6440149375134091	0.6635820318847524	([224, 72], [238, 226, 224])
1	0.6522850986852822	0.6637945498739685	([690, 28], [690, 366, 28])
1	0.6361410320988095	0.6638099291737655	([632, 62], [812, 806, 252])
1	0.6588620895035826	0.6638252722990471	([679, 68], [679, 631, 31])
1	0.6508412696304486	0.6638735834571763	([336, 184], [346, 336, 184])
1	0.6291828036747714	0.6639589996970289	([750, 611], [750, 646, 635])
1	0.6456207182304134	0.6641268133760991	([788, 120], [788, 707, 370])
1	0.6555069980335946	0.6641322585163973	([748, 37], [748, 719, 37])
1	0.6387618731700516	0.6642520179889677	([689, 512], [686, 512, 387])
1	0.6508860920762519	0.6642886577937722	([808, 560], [808, 585, 560])
1	0.6585909522254699	0.664298446437518	([242, 73], [242, 160, 73])
1	0.6462141162492088	0.6643382524214886	([574, 49], [574, 49, 38])
1	0.6394668953256808	0.6643816688320766	([856, 596], [864, 856, 596])
1	0.640500869259643	0.664439126996839	([673, 172], [673, 125, 107])
1	0.6562515386695905	0.6644392637391776	([824, 603], [824, 770, 603])
1	0.6451384921558772	0.6644980562291037	([886, 11], [916, 273, 143])
1	0.6613353818310872	0.6646700493926987	([829, 66], [829, 632, 383])
1	0.6468245896728431	0.6649647826705584	([701, 121], [701, 377, 246])
1	0.6470311226843241	0.6649948151787657	([596, 163], [596, 247, 163])
1	0.6595856296803949	0.6650043081750334	([824, 94], [824, 363, 94])
1	0.6521457619302519	0.6650043081750334	([824, 36], [824, 699, 363])
1	0.6057356772534057	0.6650827213022363	([939, 0], [919, 288, 280])
1	0.629181736509416	0.6650827213022363	([893, 288], [919, 893, 288])
1	0.6464420690890055	0.6651003542079784	([783, 610], [783, 748, 610])
1	0.6483901665419474	0.6652174349605046	([627, 96], [700, 627, 375])
1	0.6543467170000621	0.6652968874282995	([814, 595], [809, 646, 595])
1	0.6328794457072112	0.6658232541120602	([650, 518], [650, 592, 518])
1	0.6558086537298292	0.6658853182736416	([678, 95], [678, 380, 94])
1	0.6292619188949635	0.6659726334781686	([847, 357], [847, 357, 58])
1	0.6514286506911896	0.6660118002007613	([738, 673], [755, 738, 673])
1	0.6427924159255884	0.6661523666283744	([840, 594], [840, 837, 594])
1	0.6471153978966122	0.666218288364032	([927, 311], [927, 922, 311])
1	0.6481499393037884	0.6662716966387844	([552, 242], [552, 375, 370])
1	0.6570210249879193	0.6662950867074313	([554, 403], [554, 455, 404])
1	0.6496767290998744	0.6663842771985626	([946, 72], [946, 941, 72])
1	0.6579592403527796	0.6664779675204244	([512, 165], [512, 371, 50])
1	0.6652441946456491	0.6664818788934177	([811, 384], [838, 811, 384])
1	0.6516182702135936	0.6665490286813305	([682, 509], [682, 592, 509])
1	0.6547294049542984	0.666558324073256	([545, 81], [545, 530, 81])
1	0.6591971670873291	0.6665953900656566	([805, 122], [805, 388, 364])
1	0.6430039769034841	0.6666170017186746	([681, 445], [681, 445, 383])
1	0.6642516543148307	0.6666246837465358	([835, 503], [835, 503, 383])
1	0.6612338691791668	0.6666437176261052	([614, 68], [614, 253, 59])
1	0.6599513205472234	0.666662481832588	([358, 224], [359, 352, 224])
1	0.6649055525362202	0.6668332763657857	([821, 61], [875, 821, 99])
1	0.6592547602342806	0.6668631906158425	([777, 508], [777, 702, 508])
1	0.6521217403588846	0.6669457106732221	([351, 282], [351, 323, 282])
1	0.6627863415376103	0.6669696433215521	([799, 438], [799, 438, 389])
1	0.6641340994206916	0.6670151798969888	([867, 625], [867, 815, 625])
1	0.6640632134992237	0.6671245489792498	([673, 458], [756, 725, 673])
1	0.6652636675654039	0.6671738420207054	([866, 718], [866, 852, 718])
1	0.623625916571548	0.6671963482793865	([810, 507], [810, 708, 387])
1	0.659237852981521	0.6672588887267146	([684, 65], [684, 377, 65])
1	0.6620036806908759	0.6672903345788409	([866, 629], [866, 865, 629])
1	0.6579783776402577	0.6672960169514309	([814, 606], [814, 778, 707])
1	0.6584650075314057	0.6673245349100932	([450, 118], [450, 396, 118])
1	0.6591098893067074	0.6673718992267025	([822, 667], [837, 822, 667])
1	0.6651845665139632	0.6674218148678266	([911, 207], [922, 911, 207])
1	0.640038827606662	0.6674557863485838	([539, 333], [539, 360, 333])
1	0.6420100133960175	0.6675035445626177	([924, 310], [934, 894, 286])
1	0.6567959031746208	0.6675659037310863	([768, 572], [768, 633, 589])
1	0.6664678566595631	0.6676558433526762	([884, 142], [884, 142, 80])
1	0.6644464533154627	0.6677252629059045	([834, 382], [834, 631, 385])
1	0.6576423142847809	0.6677411639968416	([758, 4], [758, 685, 3])
1	0.6555097252290834	0.6680260938443624	([131, 1], [131, 54, 7])
1	0.6588633844207094	0.6681139858540788	([817, 430], [817, 740, 430])
1	0.6567003577376117	0.6681499092996239	([896, 300], [918, 917, 290])
1	0.6681527413131825	0.6682093930507558	([531, 351], [541, 531, 351])
1	0.6602653581216308	0.6684067946780935	([756, 458], [673, 618, 467])
1	0.6491030435435238	0.6684285228550334	([392, 166], [539, 392, 166])
1	0.6651789445711787	0.6687383473075542	([953, 703], [953, 783, 748])
1	0.6613181572171771	0.6687405842706307	([913, 295], [913, 894, 286])
1	0.6589888126711767	0.6688500795614932	([816, 554], [817, 816, 554])
1	0.6685579120546716	0.668912551494521	([280, 23], [280, 265, 20])
1	0.6420021516864182	0.6689169313486127	([609, 117], [609, 374, 117])
1	0.6610040796414953	0.6689202256373858	([566, 464], [566, 475, 464])
1	0.665509891135017	0.6690163996604229	([714, 447], [714, 562, 447])
1	0.652685691221507	0.6692128303360413	([544, 203], [544, 210, 203])
1	0.6567156756404982	0.6692199664917534	([839, 364], [839, 823, 364])
1	0.6667595115590282	0.6692261439123185	([881, 137], [938, 881, 137])
1	0.6474840515106958	0.6693631099190182	([547, 100], [547, 100, 99])
1	0.6681139136407445	0.6693773082178559	([927, 185], [927, 312, 310])
1	0.6606523219229158	0.6694385288957645	([268, 8], [313, 268, 24])
1	0.6640128667906944	0.6694871569440067	([755, 420], [755, 740, 411])
1	0.6687925342641547	0.669535007637191	([519, 68], [706, 581, 519])
1	0.6606381843799252	0.6696578187696023	([820, 676], [820, 700, 691])
1	0.6417087864622615	0.6697376930548705	([768, 395], [768, 395, 231])
1	0.6620248485684125	0.6698284979577167	([858, 4], [858, 840, 95])
1	0.6671696745041555	0.6698399738636546	([711, 510], [711, 510, 507])
1	0.6618198228541161	0.6699136939900419	([880, 153], [880, 175, 153])
1	0.6695932394990616	0.6700227230596164	([351, 181], [351, 346, 181])
1	0.6674801512630696	0.6700755143375143	([855, 40], [855, 574, 3])
1	0.6449830602481865	0.6703700569512598	([555, 357], [555, 531, 357])
1	0.6605714942477323	0.6704151557730083	([270, 206], [270, 267, 195])
1	0.6702725699044697	0.6704417935000426	([825, 33], [825, 799, 382])
1	0.6619241261589582	0.6704522876530055	([546, 74], [546, 159, 108])
1	0.6598959104866445	0.670496626975419	([280, 198], [280, 198, 192])
1	0.6570580460170498	0.6705291994619402	([821, 516], [833, 821, 516])
1	0.6570188378211123	0.6705827008281808	([619, 431], [619, 564, 555])
1	0.6520240734665349	0.6707470788682686	([771, 506], [771, 603, 577])
1	0.6662012980723275	0.6709612641830592	([447, 31], [447, 385, 374])
1	0.6660227480163209	0.6710239945648399	([911, 282], [927, 911, 282])
1	0.6671511103305373	0.6710326807806151	([610, 479], [610, 511, 479])
1	0.6348351213678656	0.6710624895902916	([767, 512], [767, 575, 512])
1	0.6620270324466684	0.6710650757477954	([843, 273], [879, 843, 273])
1	0.6697369307100206	0.6711232519686747	([823, 245], [823, 702, 370])
1	0.6624041322070436	0.6711632116460425	([633, 123], [633, 602, 123])
1	0.6512910089490371	0.6711808104842274	([387, 136], [394, 387, 136])
1	0.6575094017625412	0.6711886821738084	([551, 332], [553, 115, 33])
1	0.6567241102891629	0.6713486003159285	([554, 235], [557, 554, 235])
1	0.6681700904474097	0.6715057389068284	([291, 77], [291, 77, 15])
1	0.6672407467594856	0.6716514902701398	([554, 340], [554, 340, 113])
1	0.6554982029186733	0.6717715350579971	([307, 201], [307, 290, 201])
1	0.6641113678485497	0.6718071895653381	([884, 80], [933, 884, 19])
1	0.652541250833445	0.6719200043734437	([841, 49], [714, 647, 570])
1	0.6643178632520086	0.6720037399913097	([820, 599], [839, 820, 592])
1	0.6631318168208735	0.6721424023485203	([869, 598], [877, 869, 598])
1	0.6579071306014395	0.6721962108150651	([268, 76], [268, 80, 76])
1	0.6590271880158776	0.6722074107440192	([558, 41], [558, 549, 41])
1	0.6709991505700096	0.6722261480547077	([543, 78], [544, 543, 77])
1	0.64221160001034	0.6723369622361861	([479, 228], [479, 390, 228])
1	0.6546714826587022	0.6723446507574294	([771, 65], [771, 690, 65])
1	0.6525068944243329	0.6724252568331726	([553, 33], [553, 233, 161])
1	0.6433327391526708	0.672440621659395	([558, 243], [567, 558, 160])
1	0.6652405498493675	0.672586693023446	([719, 443], [719, 443, 438])
1	0.6281924047515036	0.6725888565585639	([844, 673], [675, 673, 624])
1	0.6545254352593426	0.6726049855415505	([910, 294], [910, 893, 288])
1	0.6706000743546057	0.6726183577845041	([713, 48], [713, 256, 62])
1	0.6502653273697134	0.6726357928010528	([742, 627], [742, 627, 395])
1	0.6536769744904066	0.6726898476826131	([907, 287], [908, 907, 289])
1	0.6656491096458985	0.6726983078411246	([538, 359], [559, 538, 359])
1	0.6624727237150054	0.6727073279700659	([619, 491], [619, 555, 544])
1	0.660292740086943	0.6727464831690372	([672, 621], [672, 649, 631])
1	0.6623942252057378	0.6727825798509981	([722, 361], [722, 361, 65])
1	0.6586428330722607	0.6728121990992749	([750, 535], [750, 611, 535])
1	0.6718271229948973	0.6728193011538178	([652, 121], [701, 659, 121])
1	0.6576748007884539	0.6728942706187634	([794, 509], [759, 685, 682])
1	0.6585675566656125	0.6729353881461019	([733, 490], [755, 733, 490])
1	0.6618806157531336	0.6729487677933074	([565, 320], [565, 358, 320])
1	0.6557428645038915	0.6730193109219865	([271, 179], [273, 271, 194])
1	0.6647858826592081	0.6730263207091516	([823, 563], [823, 608, 568])
1	0.6694374645315212	0.67313148415648	([926, 74], [926, 879, 869])
1	0.6652785707250162	0.6731703386508295	([535, 135], [553, 535, 264])
1	0.6467783591519234	0.6731820934789854	([540, 72], [547, 540, 72])
1	0.6625693563681472	0.6732771556212195	([203, 78], [203, 201, 77])
1	0.6503715171938843	0.6732929127275045	([857, 253], [857, 826, 592])
1	0.6623318271644708	0.6733779468156891	([820, 4], [820, 599, 394])
1	0.637729708867783	0.6734310196074975	([676, 520], [676, 549, 520])
1	0.6533562737794889	0.6735394345852457	([667, 567], [667, 631, 567])
1	0.5865230697936117	0.673762936184286	([844, 111], [938, 876, 316])
1	0.6707116544328394	0.6738882629818395	([880, 275], [880, 275, 11])
1	0.6669130955432175	0.6739843370388661	([831, 573], [831, 772, 583])
1	0.6528379498725307	0.67419260698964	([860, 551], [860, 824, 551])
1	0.6565050516809134	0.6741951707795759	([842, 672], [845, 725, 673])
1	0.6646544159432215	0.6742204157599886	([849, 626], [849, 695, 678])
1	0.6619185009609726	0.674227399085982	([920, 7], [920, 919, 151])
1	0.6736172712380122	0.6743056452967618	([538, 101], [538, 531, 101])
1	0.6487695198964382	0.6743250961865506	([831, 505], [831, 692, 505])
1	0.665967191311943	0.6743926562425996	([743, 263], [759, 743, 263])
1	0.6660543994611823	0.6744317977749633	([691, 446], [722, 691, 446])
1	0.6562785926119575	0.6744370018934293	([949, 756], [949, 815, 756])
1	0.6740307472561514	0.6744456016105118	([244, 22], [244, 112, 22])
1	0.6741224028791594	0.6745382874832826	([946, 23], [953, 946, 23])
1	0.670291098900699	0.6746259259788685	([915, 296], [917, 915, 301])
1	0.6664749260651737	0.6746314780108368	([834, 121], [864, 834, 121])
1	0.6712555980854171	0.6746475791353581	([850, 122], [850, 835, 122])
1	0.665300998803219	0.6747113656127393	([857, 752], [869, 857, 752])
1	0.6554941675943254	0.6747340999130542	([402, 222], [402, 400, 222])
1	0.671127534357678	0.6747640458324021	([594, 442], [594, 551, 442])
1	0.6726045341018737	0.6747716324591467	([872, 545], [872, 755, 545])
1	0.6650140345851713	0.6747833552732283	([864, 70], [834, 809, 121])
1	0.6719597515934652	0.6748116497221675	([891, 284], [891, 881, 297])
1	0.661989777927382	0.6748232160295544	([625, 235], [625, 597, 235])
1	0.6659448179341535	0.6748922674951733	([863, 666], [863, 773, 666])
1	0.6744939551486744	0.6750016861118511	([748, 521], [748, 521, 447])
1	0.6724993752338088	0.6751558651856069	([878, 150], [878, 150, 147])
1	0.672394934202744	0.6752876849615423	([357, 200], [357, 200, 57])
1	0.6726633515932254	0.6753196278772757	([616, 247], [616, 610, 247])
1	0.6694173196923336	0.6753370172987561	([795, 501], [795, 775, 511])
1	0.6663061055286627	0.6754228588363757	([758, 163], [758, 361, 163])
1	0.6300171464945714	0.6754316296937559	([617, 351], [617, 351, 58])
1	0.6514074870940219	0.675582207879207	([822, 395], [811, 780, 552])
1	0.6738073826209828	0.6756223828879061	([657, 229], [657, 378, 246])
1	0.6122244223334605	0.675646791299859	([316, 0], [316, 135, 6])
1	0.6736756918134374	0.6757459665992835	([842, 342], [842, 342, 63])
1	0.6687602411887074	0.6757659677933383	([718, 50], [718, 368, 248])
1	0.6739117691940553	0.6757863028256953	([624, 432], [624, 556, 547])
1	0.6672685663675717	0.675807864933709	([881, 172], [881, 172, 137])
1	0.6602026877253011	0.675948495502073	([206, 3], [206, 168, 3])
1	0.6749449947758016	0.6760098098733415	([565, 86], [565, 335, 320])
1	0.6730494910775474	0.6760661177258165	([873, 73], [873, 131, 54])
1	0.6647884090898435	0.6760661177258165	([873, 131], [873, 872, 54])
1	0.6581946096603717	0.6760691833205601	([866, 562], [866, 858, 4])
1	0.6595021619383101	0.6761408686788768	([885, 291], [885, 291, 15])
1	0.6653766081462714	0.6764535897289206	([538, 116], [511, 389, 366])
1	0.6623961118433433	0.6765216355097897	([612, 441], [612, 518, 441])
1	0.6577982886514121	0.6765652391224377	([392, 348], [392, 359, 348])
1	0.6731945496520609	0.6766261185584657	([599, 33], [599, 385, 248])
1	0.6710200733252978	0.6767263239582001	([520, 343], [534, 520, 343])
1	0.6699400640690572	0.6767277871917361	([721, 511], [721, 511, 451])
1	0.6589969446794117	0.6767945361909086	([482, 234], [538, 478, 234])
1	0.6714648331189966	0.6769139967357942	([722, 559], [745, 722, 509])
1	0.676396317963609	0.6769746639872223	([855, 612], [855, 612, 3])
1	0.6663943051779914	0.677018813272047	([392, 42], [392, 99, 70])
1	0.6701844399669257	0.6770320244368139	([722, 615], [722, 684, 632])
1	0.6724354109265341	0.6771045858106334	([676, 259], [865, 676, 629])
1	0.6626732547329334	0.6773237798756986	([274, 86], [274, 86, 13])
1	0.6639132532833452	0.6774973395512963	([743, 616], [748, 743, 613])
1	0.6747490542242628	0.6776975726845357	([534, 110], [534, 230, 117])
1	0.6683191162907667	0.6776975726845357	([534, 230], [534, 390, 117])
1	0.6663126695546603	0.6777808952505061	([463, 236], [463, 236, 3])
1	0.6684709975662263	0.677784077440181	([949, 326], [949, 876, 347])
1	0.6567974234780838	0.6778227277433027	([863, 165], [863, 814, 165])
1	0.6666240755444305	0.6780923373040323	([439, 261], [439, 386, 262])
1	0.6730498930478139	0.6781555895829422	([529, 174], [529, 330, 174])
1	0.6743229700353551	0.6782309404735493	([909, 145], [909, 886, 145])
1	0.620277543911755	0.6782909272554657	([671, 620], [671, 641, 631])
1	0.6773698607385005	0.6784240146207612	([755, 128], [755, 541, 128])
1	0.6572483611384428	0.6785213317540074	([815, 598], [842, 815, 672])
1	0.6725146133989768	0.6786691495422716	([745, 165], [745, 687, 262])
1	0.6738819676105575	0.6787056095923034	([423, 351], [528, 423, 351])
1	0.6747928739591356	0.6787368937455246	([749, 563], [749, 563, 550])
1	0.6735101061120857	0.6788419293411551	([730, 402], [753, 739, 402])
1	0.6510530286034402	0.6789835034370879	([195, 14], [286, 206, 195])
1	0.649836057871742	0.6790864149290902	([495, 347], [553, 495, 347])
1	0.6711354011587928	0.6791109651206515	([757, 669], [757, 749, 669])
1	0.6738868964734224	0.6793713116681608	([643, 237], [643, 237, 116])
1	0.6611770974484629	0.6795472477566267	([404, 208], [425, 396, 228])
1	0.6601129098106697	0.6796136298677764	([926, 271], [926, 913, 283])
1	0.6687468416161922	0.679747787659698	([744, 479], [744, 720, 436])
1	0.6742530566787934	0.6798020765300414	([401, 223], [401, 398, 224])
1	0.6560702203496631	0.6798532583852835	([765, 442], [765, 743, 442])
1	0.6572963282173426	0.6800560834385562	([721, 451], [721, 561, 511])
1	0.6646055750396047	0.6802111295526515	([750, 245], [750, 710, 394])
1	0.6692739798506914	0.6803373732189358	([854, 48], [865, 854, 48])
1	0.6775229176732853	0.6803386215963175	([275, 102], [275, 138, 102])
1	0.669598588658598	0.6803982187002039	([672, 234], [672, 390, 234])
1	0.6777973580519847	0.6804258089257272	([529, 201], [529, 201, 81])
1	0.6779016857384424	0.6805560884667926	([757, 27], [757, 227, 27])
1	0.673050878677341	0.6807297984623464	([597, 26], [597, 132, 26])
1	0.6563963498469948	0.680785390171824	([753, 597], [753, 725, 673])
1	0.679300459803733	0.680975436785373	([403, 316], [403, 391, 316])
1	0.6745986706377908	0.6810380556741368	([918, 202], [918, 290, 202])
1	0.6530948695708007	0.6810890254235329	([745, 435], [745, 435, 397])
1	0.651438493103464	0.6810890254235329	([743, 397], [745, 724, 397])
1	0.6718553311123581	0.681159877535491	([434, 163], [434, 393, 391])
1	0.6716082254380084	0.6811702202928732	([841, 610], [841, 812, 610])
1	0.6793075439350784	0.6812536569163999	([849, 124], [852, 849, 124])
1	0.6723928480472621	0.6812752289007449	([753, 402], [756, 730, 402])
1	0.6705380192328965	0.6812911338851255	([749, 396], [749, 724, 396])
1	0.6734792385137797	0.6813130780633438	([813, 521], [813, 801, 514])
1	0.676222651149928	0.6813261341242262	([842, 615], [842, 811, 607])
1	0.6661649747013934	0.681399550641024	([622, 534], [622, 534, 393])
1	0.673434865355421	0.6814786095382329	([900, 268], [933, 889, 268])
1	0.6613459113527443	0.6815017632108545	([930, 201], [933, 930, 201])
1	0.6645883167680019	0.6816929848086226	([666, 439], [666, 613, 520])
1	0.6678143606400909	0.6817380040877471	([406, 211], [423, 407, 218])
1	0.6478547834985486	0.6817385240280535	([953, 458], [953, 755, 458])
1	0.6576285658391166	0.6817829184478048	([398, 224], [404, 401, 223])
1	0.6724900898149534	0.6818020772252309	([619, 352], [619, 564, 352])
1	0.677992602872477	0.6819302904108309	([925, 270], [926, 925, 270])
1	0.6681341736036513	0.6819396088811466	([672, 555], [672, 598, 557])
1	0.6708926775567648	0.6819515577043127	([427, 194], [427, 398, 196])
1	0.6762270084641872	0.6821337895535802	([856, 71], [856, 635, 32])
1	0.6792169113319749	0.6821337895535802	([853, 115], [856, 853, 32])
1	0.6819153327790061	0.6821591705809763	([427, 82], [430, 427, 82])
1	0.679468817163688	0.6821591705809763	([430, 266], [542, 430, 82])
1	0.6669170615740919	0.6824018979724422	([641, 435], [641, 435, 376])
1	0.6760380141334306	0.6825093719248767	([649, 451], [649, 580, 451])
1	0.6614524470930281	0.6826183265927267	([616, 392], [616, 392, 234])
1	0.6821367166883457	0.6827368826990395	([620, 421], [620, 421, 407])
1	0.6703756408025785	0.6828268477339818	([502, 124], [538, 502, 124])
1	0.6664750815439361	0.6829007036673267	([708, 124], [708, 645, 124])
1	0.6810381180183984	0.6829412974029857	([350, 205], [350, 326, 205])
1	0.6546384062194724	0.6829896673076075	([837, 260], [837, 594, 260])
1	0.6794882103021121	0.6832783249419658	([949, 68], [949, 319, 28])
1	0.6798899329706237	0.6832928967159068	([809, 439], [809, 719, 443])
1	0.6745222293400153	0.6834548614792376	([842, 103], [842, 818, 103])
1	0.6787991566174701	0.6834877192452117	([435, 342], [435, 392, 234])
1	0.6765163974347588	0.6835303982192449	([724, 439], [724, 439, 436])
1	0.671521740983641	0.6835364283416177	([814, 522], [814, 606, 510])
1	0.6569075124648822	0.6835364283416177	([852, 510], [852, 814, 510])
1	0.6743769687338065	0.6835409761394242	([845, 358], [845, 617, 598])
1	0.6692786421162416	0.6835816469165658	([741, 452], [741, 452, 392])
1	0.6700332886722158	0.6836178378903912	([852, 586], [852, 840, 586])
1	0.681871382965688	0.683904913936961	([409, 9], [409, 191, 169])
1	0.6699961983569197	0.683904913936961	([409, 191], [409, 320, 169])
1	0.6549883953508093	0.6839942103362059	([408, 199], [401, 400, 199])
1	0.6750438517960886	0.6844088197072485	([891, 199], [891, 269, 21])
1	0.6798187350845856	0.6845524245555745	([501, 238], [501, 380, 238])
1	0.6694243326474808	0.684664081041259	([669, 504], [669, 504, 394])
1	0.6566241645491985	0.6847425138325083	([940, 742], [940, 865, 724])
1	0.6749109976583527	0.6848172979900107	([949, 747], [949, 826, 815])
1	0.674044816139111	0.6848536393266488	([449, 343], [449, 384, 343])
1	0.6708159740855235	0.6848889202440913	([819, 41], [866, 858, 41])
1	0.6654153557356545	0.6849944098110016	([545, 194], [545, 217, 194])
1	0.66142070838563	0.6849944098110016	([422, 202], [545, 468, 217])
1	0.6578412082289923	0.6850294349430922	([723, 162], [794, 723, 162])
1	0.6624360423808723	0.6850720013421354	([860, 119], [860, 776, 119])
1	0.6799513407821288	0.6850906730348714	([306, 203], [306, 203, 77])
1	0.679830790077997	0.6850929940248428	([556, 25], [556, 157, 133])
1	0.6683641637939804	0.685203925297409	([781, 42], [781, 390, 42])
1	0.667255547476802	0.6852512187803912	([670, 231], [670, 569, 253])
1	0.678597623843012	0.6852546335064023	([757, 501], [769, 757, 501])
1	0.6768288882122673	0.6853293951543881	([672, 4], [672, 396, 4])
1	0.6781247136068592	0.6853366843139888	([432, 71], [432, 395, 263])
1	0.6796496450260379	0.6854362580798044	([566, 353], [566, 355, 353])
1	0.6828371202678842	0.6856032131802994	([753, 353], [753, 328, 126])
1	0.6817829152522751	0.6856032131802994	([753, 102], [753, 597, 126])
1	0.6769786118561172	0.685984735705345	([942, 258], [942, 258, 136])
1	0.6726408330154564	0.6860035472509772	([774, 522], [774, 522, 368])
1	0.6779035335663655	0.6860135759493479	([413, 214], [544, 413, 214])
1	0.6846362406597106	0.6860816158499307	([526, 173], [529, 526, 56])
1	0.6851994674103614	0.6864309922083528	([753, 468], [753, 468, 409])
1	0.6823320860125122	0.6865768634415661	([452, 235], [452, 435, 235])
1	0.6797111962566688	0.6866199082859593	([816, 336], [816, 336, 111])
1	0.6838998919131564	0.6866661852073075	([755, 184], [755, 545, 194])
1	0.6816885904050207	0.6868221395749343	([694, 499], [694, 513, 499])
1	0.6571849368636818	0.6868781006975478	([953, 792], [953, 848, 844])
1	0.670721719443172	0.6868957777974181	([751, 546], [768, 751, 551])
1	0.6589807663759825	0.6869579957985535	([272, 219], [272, 267, 223])
1	0.6582239923173082	0.6871054585685709	([616, 481], [616, 481, 234])
1	0.6871024657542517	0.687108410284565	([833, 43], [833, 824, 43])
1	0.6867906394414313	0.6872308596888393	([678, 225], [678, 560, 225])
1	0.6842959351058029	0.6872574455967309	([816, 201], [816, 201, 82])
1	0.6701733241262295	0.6872852288457482	([757, 227], [757, 724, 227])
1	0.6736453103186589	0.6873046288301554	([672, 335], [672, 335, 333])
1	0.6872111437417779	0.6874373458888141	([734, 488], [734, 618, 470])
1	0.6791767316013643	0.6877763910143334	([746, 46], [758, 746, 46])
1	0.687076418867245	0.687815469297419	([923, 183], [923, 312, 199])
1	0.6595442349676325	0.6878564217949706	([889, 18], [890, 889, 18])
1	0.6846449657411398	0.6879020182500712	([626, 181], [626, 347, 341])
1	0.6823618564493098	0.6879020182500712	([626, 341], [626, 597, 347])
1	0.6721205913907797	0.6879691858973156	([399, 358], [399, 395, 224])
1	0.6513742177268693	0.6879992238945436	([938, 393], [938, 393, 160])
1	0.67233036011722	0.6881316729573554	([743, 503], [743, 719, 503])
1	0.6619543684171058	0.6882602957911369	([848, 110], [848, 826, 121])
1	0.6882465911218636	0.6883038860087747	([870, 184], [870, 816, 184])
1	0.6770471012070342	0.6883451380925288	([613, 332], [613, 553, 506])
1	0.6804298984790978	0.6883571542445313	([871, 104], [871, 816, 113])
1	0.686718158055214	0.6886259310860129	([859, 228], [859, 696, 228])
1	0.6659072424490176	0.6886982698942277	([816, 487], [816, 529, 487])
1	0.6875019075423486	0.6887148640209025	([726, 428], [734, 726, 428])
1	0.6511155370601276	0.6889347254412702	([741, 110], [741, 397, 392])
1	0.6644173075098535	0.6889434406257233	([421, 286], [411, 286, 158])
1	0.6826673686718137	0.6890474287676855	([764, 91], [764, 120, 91])
1	0.6802648019760902	0.6890765281051338	([418, 204], [418, 407, 204])
1	0.683619558599102	0.6891858655939826	([619, 155], [619, 352, 155])
1	0.6707284249893034	0.6893330560459912	([305, 213], [305, 219, 213])
1	0.6819749006404598	0.6897985879397555	([398, 349], [398, 349, 224])
1	0.6794033858748905	0.6899289915267109	([723, 480], [723, 562, 480])
1	0.6866725199122344	0.6899864855658955	([415, 87], [415, 206, 87])
1	0.6880823082180213	0.6900143052121211	([671, 342], [671, 612, 594])
1	0.6662830469213809	0.6900381580181587	([610, 440], [610, 479, 440])
1	0.6786512857564034	0.6902635693420546	([819, 621], [819, 626, 621])
1	0.6751978676923246	0.6902707352208761	([406, 270], [543, 270, 75])
1	0.6801629352233993	0.6903607439778794	([416, 312], [416, 411, 286])
1	0.6867937375709646	0.6903737106960305	([939, 790], [939, 839, 790])
1	0.6685107107595267	0.69058038526347	([945, 47], [945, 866, 47])
1	0.6817162377190443	0.6906405524397273	([929, 76], [929, 202, 77])
1	0.6894354123495593	0.6906405524397273	([900, 77], [929, 900, 77])
1	0.6732456255197363	0.6906569026554426	([916, 740], [933, 916, 740])
1	0.6885073741176467	0.690726900258423	([728, 489], [728, 727, 491])
1	0.6900624951347331	0.6907616793685795	([546, 44], [546, 359, 110])
1	0.677322191403359	0.6912165194749378	([424, 217], [468, 424, 398])
1	0.6894849780321228	0.6912829619134861	([674, 361], [674, 600, 360])
1	0.6881354700045619	0.6913682283353829	([872, 417], [872, 545, 417])
1	0.6858318067072983	0.6914039671854156	([597, 269], [875, 597, 269])
1	0.6886418176089808	0.691557350553738	([950, 566], [950, 566, 126])
1	0.6914466010230469	0.6915627503091198	([942, 739], [942, 867, 739])
1	0.68188453092746	0.691790738230888	([787, 332], [787, 332, 35])
1	0.6896854775396841	0.6923307742943513	([923, 146], [923, 309, 285])
1	0.6575741005173874	0.692373442850555	([941, 1], [941, 6, 5])
1	0.6862631053530757	0.6925713906525263	([431, 73], [431, 392, 73])
1	0.6918804859129072	0.6926120582073884	([417, 353], [417, 412, 353])
1	0.6805692479230561	0.6927914210045308	([499, 120], [567, 478, 120])
1	0.6857890676466964	0.6930647653642961	([744, 226], [744, 239, 226])
1	0.6865953458545482	0.6930709503398457	([533, 334], [533, 334, 109])
1	0.6618044468700792	0.6934116380352148	([671, 116], [671, 332, 116])
1	0.6910061204058776	0.6934572268253487	([913, 217], [913, 217, 205])
1	0.6925325281363944	0.6934655694518058	([757, 315], [757, 315, 124])
1	0.6888894051665632	0.6935550794040516	([941, 621], [941, 842, 597])
1	0.6753094706402673	0.6937423772802338	([434, 124], [434, 163, 124])
1	0.6930060243234976	0.6939799910950007	([751, 237], [751, 718, 230])
1	0.677715086702457	0.6940568395267214	([854, 539], [854, 782, 691])
1	0.6867772697349256	0.694076425809712	([413, 23], [543, 407, 86])
1	0.6776706311600855	0.6941104483758925	([906, 204], [906, 893, 204])
1	0.689050230909422	0.6943448017994689	([472, 79], [543, 472, 79])
1	0.6825801126278644	0.6944275541149754	([415, 206], [415, 402, 206])
1	0.6898810868566478	0.6945348229436933	([945, 397], [945, 397, 47])
1	0.6801770296361539	0.6945583024012038	([429, 102], [429, 392, 391])
1	0.674469813702462	0.6947189085877912	([848, 229], [848, 229, 70])
1	0.6867211188364045	0.6948775477036276	([948, 191], [948, 207, 191])
1	0.6819607698852609	0.6948896186029517	([726, 493], [726, 493, 425])
1	0.6863673246364917	0.6952748071750676	([662, 438], [662, 608, 438])
1	0.6800809265810807	0.6953630389818525	([671, 495], [726, 671, 425])
1	0.6930324227907707	0.6955995113427774	([459, 171], [459, 411, 171])
1	0.6859797229589071	0.6958615075845682	([675, 114], [675, 390, 91])
1	0.691277972242492	0.6959588674303301	([871, 341], [871, 341, 339])
1	0.6743921397086898	0.6959806538942028	([939, 622], [622, 393, 6])
1	0.6787611270869559	0.696098038834456	([850, 501], [850, 501, 122])
1	0.6735140713832266	0.6963787469124304	([466, 243], [466, 434, 243])
1	0.6874173627014446	0.6964096554108727	([741, 205], [741, 205, 113])
1	0.683032287639075	0.6964389916071757	([420, 76], [420, 202, 76])
1	0.6959989024464491	0.696561529372345	([851, 540], [851, 540, 361])
1	0.6718893068109536	0.6966734374641436	([754, 620], [754, 725, 622])
1	0.6800594553717776	0.6967391574868413	([674, 410], [740, 674, 410])
1	0.6915518666387751	0.6967479535153012	([423, 275], [423, 275, 201])
1	0.6908729109024405	0.697049777533683	([900, 212], [900, 212, 77])
1	0.6895639261899515	0.6971165483865118	([482, 5], [482, 234, 5])
1	0.6956196350500605	0.6978563175759358	([647, 434], [647, 444, 434])
1	0.6958417696208821	0.6979473860415795	([490, 354], [490, 430, 354])
1	0.6567506169946287	0.698517564819262	([953, 4], [953, 131, 23])
1	0.6902240275270415	0.6988716737117748	([737, 487], [739, 736, 404])
1	0.6904896905671999	0.6990655837836305	([899, 203], [899, 884, 203])
1	0.663627303845445	0.6992990916396279	([742, 166], [742, 717, 166])
1	0.6857040328082458	0.6993279826505818	([624, 264], [624, 596, 264])
1	0.6862212133318175	0.6994948494210811	([415, 309], [401, 309, 265])
1	0.6985075651652305	0.6995950798603991	([732, 483], [732, 483, 468])
1	0.6987222903743245	0.6998816530065286	([400, 155], [400, 357, 356])
1	0.6837979695084565	0.6998816530065286	([847, 400], [847, 400, 357])
1	0.6494723770339352	0.7000838975930945	([417, 268], [417, 268, 192])
1	0.6855766883263213	0.7000908650861245	([737, 407], [737, 732, 407])
1	0.6955406923437065	0.7004227554320847	([404, 282], [404, 391, 355])
1	0.6838418938984163	0.7004593625714299	([849, 450], [864, 849, 450])
1	0.6996165174349689	0.7005594018493781	([752, 181], [844, 752, 104])
1	0.695162118253097	0.7006232806777032	([754, 492], [754, 542, 492])
1	0.6933138766401722	0.700712681679817	([494, 168], [494, 463, 168])
1	0.689189186048265	0.7012526367309111	([731, 485], [739, 731, 543])
1	0.681184053943081	0.7013356426502964	([949, 616], [949, 756, 616])
1	0.6937427443008213	0.7014946899490472	([889, 756], [889, 847, 756])
1	0.6814342097789031	0.7019561793690027	([727, 491], [734, 728, 526])
1	0.6975266192305357	0.7020482868498208	([732, 77], [732, 527, 411])
1	0.7015816085422532	0.7020482868498208	([752, 527], [752, 732, 527])
1	0.6843087062377788	0.7021792978895649	([819, 392], [819, 558, 392])
1	0.699683470753358	0.702333940553701	([470, 268], [470, 426, 268])
1	0.6957614054864618	0.7023954074116496	([400, 272], [420, 400, 272])
1	0.7023759175377523	0.7034504054484619	([819, 167], [819, 566, 392])
1	0.7027462056828059	0.7034546774897039	([816, 244], [816, 565, 244])
1	0.6989732535449901	0.7036137892588046	([846, 215], [846, 544, 356])
1	0.6977620704199964	0.7036985452949257	([752, 539], [752, 539, 392])
1	0.7018552537712357	0.7039655187844749	([528, 206], [528, 206, 169])
1	0.6996677172271988	0.7041594495669056	([737, 215], [737, 407, 215])
1	0.704161781604117	0.7042026641288457	([464, 136], [464, 324, 224])
1	0.704430796995923	0.7046217856561559	([405, 350], [405, 399, 350])
1	0.6829195272716041	0.7053860368309153	([726, 138], [740, 726, 338])
1	0.6878259256631691	0.705434936057421	([622, 151], [622, 242, 235])
1	0.6955120708602684	0.7054650441957617	([930, 430], [930, 430, 202])
1	0.7008454327203322	0.7055551447298348	([754, 225], [760, 754, 225])
1	0.6927771123320506	0.7064195900103255	([885, 733], [885, 872, 733])
1	0.7028847136089411	0.7067893948646656	([885, 1], [885, 82, 8])
1	0.7060799648678758	0.7077047883012165	([426, 149], [426, 345, 265])
1	0.7039192811887635	0.7086864230424278	([881, 566], [881, 566, 347])
1	0.6918793756782536	0.7087709202370197	([911, 421], [911, 421, 286])
1	0.6935261187961363	0.7088346613960862	([734, 212], [734, 428, 406])
1	0.7067574168910733	0.7093248590999326	([848, 473], [848, 473, 236])
1	0.7062960352820796	0.7111873868134911	([952, 538], [952, 936, 538])
1	0.7107155067011471	0.7114423498155865	([762, 318], [762, 318, 117])
1	0.6957640188251653	0.7116870864350442	([924, 218], [929, 924, 218])
1	0.7118314588061427	0.7129188997697735	([525, 300], [525, 300, 198])
1	0.7106752501232594	0.7131750013746363	([418, 144], [418, 199, 179])
1	0.7125221926444074	0.7134776491707139	([923, 396], [923, 396, 315])
1	0.7080222396117501	0.7138749003094	([928, 735], [928, 735, 217])
1	0.6845951560504411	0.7140808815005136	([735, 211], [735, 728, 217])
1	0.6999683417966678	0.7149505876492203	([797, 155], [797, 162, 155])
1	0.7046612354289361	0.7149572465421016	([727, 178], [741, 727, 178])
1	0.7056045111737671	0.7152154432643805	([460, 220], [473, 460, 220])
1	0.7084213582272799	0.7157782253310843	([730, 268], [755, 730, 268])
1	0.711345648018265	0.7160070161344831	([828, 453], [828, 558, 453])
1	0.7131135537758099	0.7176747894032527	([921, 496], [921, 496, 129])
1	0.7072890118639082	0.7184041738323886	([660, 418], [660, 436, 418])
1	0.6897722310565848	0.7184503185350891	([897, 729], [898, 897, 729])
1	0.7165121524526975	0.7190731064014634	([892, 413], [947, 892, 413])
1	0.7155144601441776	0.7191923148763135	([943, 431], [943, 933, 411])
1	0.7139802922512329	0.7192589561142474	([752, 267], [752, 267, 236])
1	0.7027923997151087	0.7201740710765941	([902, 620], [927, 902, 620])
1	0.7162837110025344	0.7203752508813667	([943, 481], [943, 481, 227])
1	0.7196890128182621	0.7208018806182585	([925, 730], [925, 847, 730])
1	0.7170557480482729	0.7213859918035999	([736, 216], [736, 489, 216])
1	0.711386381811466	0.7222785240332587	([735, 84], [735, 399, 84])
1	0.713619624031708	0.7225602502384088	([738, 213], [953, 738, 213])
1	0.7183479496686993	0.7246233690801142	([733, 13], [733, 406, 356])
1	0.7218095896806562	0.7250127682263902	([819, 286], [819, 319, 286])
1	0.5928248995292533	0.72600930409677	([135, 0], [392, 231, 3])
1	0.7240419428652771	0.7264212768629077	([911, 463], [920, 911, 463])
1	0.715810938876048	0.7269502996625542	([939, 459], [939, 459, 401])
1	0.7275142261380195	0.7300908669382931	([901, 489], [901, 870, 869])
1	0.7512997537058582	0.7532801673991281	([911, 614], [911, 614, 159])
1	0.7499934884764601	0.7566143687423275	([905, 667], [905, 847, 667])
1	0.7692087201053868	0.7793890934035345	([606, 303], [606, 303, 266])
1	0.6242212412985126	0.785970997692894	([888, 0], [888, 316, 7])
1	0.7950042355634825	0.7955267307409469	([589, 212], [589, 475, 212])
0	0.0	1.0	([912], [912, 0])
0	0.0	inf	([0], [])
