0	0.0	0.03275808266191078	([862], [862, 198])
0	0.0	0.24683219818658383	([1312], [1312, 1311])
0	0.0	0.25417429778452283	([1183], [1183, 1182])
0	0.0	0.25436235195377943	([1313], [1313, 1312])
0	0.0	0.25534425271296524	([777], [777, 776])
0	0.0	0.2554657071218349	([846], [846, 845])
0	0.0	0.2559117928731099	([1265], [1265, 1264])
0	0.0	0.2559979560824882	([1320], [1320, 1319])
0	0.0	0.25789410904734866	([1053], [1053, 1052])
0	0.0	0.258395464014724	([494], [494, 493])
0	0.0	0.2588993379160793	([1323], [1323, 1322])
0	0.0	0.25985063650863965	([266], [266, 265])
0	0.0	0.2601125024380027	([1065], [1065, 1064])
0	0.0	0.26179395251423937	([1466], [1466, 1465])
0	0.0	0.2618384808483941	([1027], [1027, 1026])
0	0.0	0.2629381351361528	([1453], [1453, 1452])
0	0.0	0.26305607372159356	([1311], [1311, 1310])
0	0.0	0.2639286166983035	([1297], [1297, 1296])
0	0.0	0.26467058791986	([848], [848, 847])
0	0.0	0.26499932779091745	([798], [798, 797])
0	0.0	0.26505460692843935	([849], [849, 848])
0	0.0	0.2655144528409412	([1305], [1305, 1304])
0	0.0	0.26601283550791843	([1037], [1037, 1036])
0	0.0	0.26605032897439584	([1455], [1455, 1454])
0	0.0	0.2661768334556631	([1308], [1308, 1307])
0	0.0	0.2662674889691499	([1452], [1452, 1451])
0	0.0	0.26735963778861077	([1316], [1316, 1315])
0	0.0	0.26783293291118176	([1057], [1057, 1056])
0	0.0	0.2678785743366358	([716], [716, 715])
0	0.0	0.26882574464557696	([1310], [1310, 1309])
0	0.0	0.26927666674422573	([270], [270, 269])
0	0.0	0.2692798658745076	([1055], [1055, 1054])
0	0.0	0.26960572822873596	([681], [681, 680])
0	0.0	0.2697809527734652	([1307], [1307, 1306])
0	0.0	0.2700423039193404	([1040], [1040, 1039])
0	0.0	0.27090628802480116	([263], [263, 262])
0	0.0	0.27142977370821386	([227], [227, 226])
0	0.0	0.2715224918249076	([847], [847, 846])
0	0.0	0.27250427170770913	([1479], [1479, 1478])
0	0.0	0.27286072263036415	([1306], [1306, 1305])
0	0.0	0.2743830674927131	([1059], [1059, 1058])
0	0.0	0.2743966834218355	([495], [495, 494])
0	0.0	0.27478543326422517	([496], [496, 495])
0	0.0	0.2751554620838424	([17], [17, 16])
0	0.0	0.2751767086412774	([1370], [1370, 1369])
0	0.0	0.27612080736766387	([1309], [1309, 1308])
0	0.0	0.2774308230736098	([1315], [1315, 1314])
0	0.0	0.2776233810354982	([851], [851, 850])
0	0.0	0.27798540859907284	([498], [498, 497])
0	0.0	0.2780887503320859	([1322], [1322, 1321])
0	0.0	0.27834521019079855	([724], [724, 723])
0	0.0	0.27990940007567544	([279], [279, 278])
0	0.0	0.2799988541865964	([942], [942, 941])
0	0.0	0.2802802885457002	([1327], [1327, 1326])
0	0.0	0.2808052711132977	([1142], [1142, 1141])
0	0.0	0.2808833140151432	([1492], [1492, 1491])
0	0.0	0.28114101336599456	([286], [286, 285])
0	0.0	0.28137897066605694	([715], [715, 714])
0	0.0	0.28283483772467255	([723], [723, 722])
0	0.0	0.2831801426322143	([1319], [1319, 1318])
0	0.0	0.28341420992336847	([1326], [1326, 1325])
0	0.0	0.28389107140173375	([1056], [1056, 1055])
0	0.0	0.28414214963964857	([282], [282, 281])
0	0.0	0.28440224703361133	([1064], [1064, 1063])
0	0.0	0.28446908536401233	([844], [844, 843])
0	0.0	0.28473427510756893	([1223], [1223, 1222])
0	0.0	0.2856612383772841	([1314], [1314, 1313])
0	0.0	0.28578338886536064	([850], [850, 849])
0	0.0	0.28579417037937377	([1039], [1039, 1038])
0	0.0	0.285803812722398	([860], [860, 859])
0	0.0	0.2859645427781592	([501], [501, 500])
0	0.0	0.2863313497901982	([1478], [1478, 1477])
0	0.0	0.2869432024905808	([1365], [1365, 1364])
0	0.0	0.28696264932387017	([287], [287, 286])
0	0.0	0.2872332187043697	([1049], [1049, 1048])
0	0.0	0.28745973997958746	([842], [842, 841])
0	0.0	0.2874773045415696	([1350], [1350, 1349])
0	0.0	0.28844425254115785	([500], [500, 499])
0	0.0	0.28886122955420196	([231], [231, 230])
0	0.0	0.28887012647282684	([1467], [1467, 1466])
0	0.0	0.28894816071614965	([1051], [1051, 1050])
0	0.0	0.28943911018106616	([1028], [1028, 1027])
0	0.0	0.28997233382049786	([1325], [1325, 1324])
0	0.0	0.2900860658121647	([1050], [1050, 1049])
0	0.0	0.29010284034342937	([1062], [1062, 1061])
0	0.0	0.2901546070137641	([16], [16, 15])
0	0.0	0.29037695708365435	([854], [854, 853])
0	0.0	0.29038476333208785	([1304], [1304, 1303])
0	0.0	0.291033019295388	([1456], [1456, 1455])
0	0.0	0.2911187358149569	([1318], [1318, 1317])
0	0.0	0.2914297445526438	([1398], [1398, 1397])
0	0.0	0.2919848697003926	([1046], [1046, 1045])
0	0.0	0.29230741256203	([224], [224, 223])
0	0.0	0.29250420214577383	([1369], [1369, 1368])
0	0.0	0.2929838860893679	([1443], [1443, 1442])
0	0.0	0.2937200078074857	([1032], [1032, 1031])
0	0.0	0.29427732739239804	([788], [788, 787])
0	0.0	0.2944887981370238	([1018], [1018, 1017])
0	0.0	0.2946368429188462	([1186], [1186, 1184])
0	0.0	0.294910017935951	([1185], [1185, 1184])
0	0.0	0.295064758889957	([1457], [1457, 1456])
0	0.0	0.29519253550973756	([843], [843, 842])
0	0.0	0.2952573232193972	([261], [261, 260])
0	0.0	0.29542788988895896	([1164], [1164, 1163])
0	0.0	0.295485430219049	([1063], [1063, 1062])
0	0.0	0.29616873942914157	([1366], [1366, 1364])
0	0.0	0.29624142444187046	([171], [171, 170])
0	0.0	0.2966420340557221	([1052], [1052, 1051])
0	0.0	0.2969752827184919	([1454], [1454, 1453])
0	0.0	0.2971446981259077	([499], [499, 498])
0	0.0	0.2972613709083239	([1487], [1487, 1486])
0	0.0	0.2977226342271706	([136], [136, 135])
0	0.0	0.2979116417428452	([1041], [1041, 1040])
0	0.0	0.29830070774331824	([1328], [1328, 1327])
0	0.0	0.29852940350674256	([682], [682, 681])
0	0.0	0.2988013767858012	([943], [943, 941])
0	0.0	0.2989913842956776	([968], [968, 967])
0	0.0	0.2991642097598584	([830], [830, 829])
0	0.0	0.2995860990356916	([1317], [1317, 1316])
0	0.0	0.2996634876601116	([1067], [1067, 1066])
0	0.0	0.2996964703650687	([1024], [1024, 1023])
0	0.0	0.3003001120552575	([1020], [1020, 1019])
0	0.0	0.30030836815468853	([1031], [1031, 1030])
0	0.0	0.3003606210259261	([1016], [1016, 1015])
0	0.0	0.300495893863174	([1321], [1321, 1320])
0	0.0	0.3006373631465112	([1036], [1036, 1035])
0	0.0	0.3006580860506897	([1054], [1054, 1053])
0	0.0	0.30162158268868267	([1451], [1451, 1450])
0	0.0	0.30174527500309456	([497], [497, 496])
0	0.0	0.30183441980794856	([703], [703, 702])
0	0.0	0.30223910644880647	([1436], [1436, 1435])
0	0.0	0.3029117699253108	([1017], [1017, 1016])
0	0.0	0.3031930984280635	([269], [269, 268])
0	0.0	0.3032404869431166	([18], [18, 17])
0	0.0	0.3038483950322082	([1472], [1472, 1471])
0	0.0	0.30398475055370244	([1249], [1249, 1248])
0	0.0	0.30442653338461484	([1230], [1230, 1229])
0	0.0	0.3046161467056552	([1442], [1442, 1441])
0	0.0	0.3049611760461496	([1224], [1224, 1223])
0	0.0	0.30513234634320197	([1021], [1021, 1020])
0	0.0	0.30533040287796914	([630], [630, 629])
0	0.0	0.30561205354250554	([840], [840, 839])
0	0.0	0.3061526010703873	([1324], [1324, 1323])
0	0.0	0.30628056046963903	([1216], [1216, 1215])
0	0.0	0.30639518139762323	([1151], [1151, 1150])
0	0.0	0.3064564020804818	([722], [722, 721])
0	0.0	0.30682046145224806	([629], [629, 628])
0	0.0	0.3070185095464335	([845], [845, 844])
0	0.0	0.30771405811864544	([1145], [1145, 1144])
0	0.0	0.30803136696124733	([230], [230, 229])
0	0.0	0.30817534046552836	([262], [262, 261])
0	0.0	0.3082564627300053	([233], [233, 232])
0	0.0	0.3083768699977119	([172], [172, 171])
0	0.0	0.30849091919116617	([490], [490, 489])
0	0.0	0.30851577064667063	([1035], [1035, 1034])
0	0.0	0.3089465682744314	([513], [513, 512])
0	0.0	0.3093996057043164	([1061], [1061, 1060])
0	0.0	0.30980510962896973	([683], [683, 682])
0	0.0	0.3099443043173761	([1033], [1033, 1032])
0	0.0	0.310109932818793	([145], [145, 144])
0	0.0	0.3101972294325472	([1205], [1205, 1204])
0	0.0	0.3102825955601356	([720], [720, 719])
0	0.0	0.3105632742787086	([945], [945, 944])
0	0.0	0.31081026384758037	([223], [223, 222])
0	0.0	0.31096069220294187	([1399], [1399, 1398])
0	0.0	0.31157122925409236	([1371], [1371, 1370])
0	0.0	0.31189172929185077	([627], [627, 626])
0	0.0	0.31198127954556787	([1303], [1303, 1302])
0	0.0	0.3121356755170976	([1379], [1379, 1378])
0	0.0	0.31249907503923186	([1493], [1493, 1492])
0	0.0	0.31362396285416444	([1099], [1099, 1098])
0	0.0	0.3137633152872545	([680], [680, 679])
0	0.0	0.3139222290084122	([170], [170, 169])
0	0.0	0.3140800456475748	([837], [837, 836])
0	0.0	0.3143524760441712	([250], [250, 249])
0	0.0	0.3145961077243686	([1043], [1043, 1042])
0	0.0	0.3147073250522339	([229], [229, 228])
0	0.0	0.31493935722675886	([1019], [1019, 1018])
0	0.0	0.3150828107962396	([1023], [1023, 1022])
0	0.0	0.315144323312167	([797], [797, 796])
0	0.0	0.3153625083673389	([714], [714, 713])
0	0.0	0.31548349870243514	([222], [222, 221])
0	0.0	0.31625188235739154	([169], [169, 167])
0	0.0	0.31639749669095807	([174], [174, 173])
0	0.0	0.31641172501246073	([254], [254, 253])
0	0.0	0.3164120787937322	([137], [137, 136])
0	0.0	0.31657467705478765	([776], [776, 775])
0	0.0	0.31671739212128636	([838], [838, 837])
0	0.0	0.31678200851989796	([1447], [1447, 1446])
0	0.0	0.3168754416664625	([1189], [1189, 1188])
0	0.0	0.3174022384856773	([828], [828, 827])
0	0.0	0.3176542483440395	([508], [508, 506])
0	0.0	0.31776372172173495	([1264], [1264, 1263])
0	0.0	0.3178632146996001	([625], [625, 624])
0	0.0	0.31813904924380704	([1434], [1434, 1433])
0	0.0	0.3184724034668123	([1273], [1273, 1272])
0	0.0	0.3184809427042443	([1458], [1458, 1457])
0	0.0	0.31902486115765755	([1058], [1058, 1057])
0	0.0	0.319095503869832	([251], [251, 250])
0	0.0	0.3191468559562283	([861], [861, 860])
0	0.0	0.3192332464248728	([285], [285, 284])
0	0.0	0.3193344655620382	([684], [684, 683])
1	0.3192115209787665	0.3195521953508152	([1328, 1325], [1328, 1327, 1325])
0	0.0	0.31964986674435447	([253], [253, 252])
0	0.0	0.31981379501235113	([1267], [1267, 1266])
0	0.0	0.31990783331261935	([1184], [1184, 1183])
0	0.0	0.31996183109819765	([841], [841, 840])
0	0.0	0.3199714328227549	([138], [138, 137])
0	0.0	0.320048517804781	([857], [857, 856])
0	0.0	0.320074247564968	([1038], [1038, 1037])
0	0.0	0.32008581134722525	([232], [232, 231])
0	0.0	0.32010256419268296	([1251], [1251, 1250])
0	0.0	0.3203475682920162	([1109], [1109, 1108])
0	0.0	0.32042791932413917	([1150], [1150, 1149])
0	0.0	0.32045165976896034	([1348], [1348, 1347])
0	0.0	0.32045716727755374	([283], [283, 282])
0	0.0	0.3206024015577498	([260], [260, 259])
0	0.0	0.320604106489651	([796], [796, 795])
0	0.0	0.3206140536294936	([628], [628, 627])
0	0.0	0.3209885713241857	([321], [321, 320])
0	0.0	0.3210978316149704	([19], [19, 18])
0	0.0	0.3211085799771272	([1449], [1449, 1448])
0	0.0	0.32135727625948046	([1047], [1047, 1046])
0	0.0	0.32150603082866264	([1042], [1042, 1041])
0	0.0	0.32180924534970656	([226], [226, 225])
0	0.0	0.32196774445119636	([1435], [1435, 1434])
0	0.0	0.32198522009245883	([1176], [1176, 1175])
0	0.0	0.322709555702865	([255], [255, 254])
0	0.0	0.32275799555590556	([1263], [1263, 1262])
0	0.0	0.3229356083375455	([794], [794, 793])
0	0.0	0.32293641110001836	([802], [802, 801])
0	0.0	0.32327637669112314	([836], [836, 835])
0	0.0	0.32355789830587706	([834], [834, 833])
0	0.0	0.3235947472297632	([1060], [1060, 1059])
0	0.0	0.3238246093062333	([721], [721, 720])
0	0.0	0.3238457998737016	([1476], [1476, 1473])
0	0.0	0.32414367763937096	([273], [273, 272])
0	0.0	0.3242367972037477	([1149], [1149, 1148])
0	0.0	0.3242472503426866	([284], [284, 283])
0	0.0	0.32426309943015985	([502], [502, 501])
0	0.0	0.3243393790031109	([1029], [1029, 1028])
0	0.0	0.324406580064314	([1204], [1204, 1203])
0	0.0	0.3247484651807317	([1495], [1495, 1494])
0	0.0	0.3247781571077063	([1146], [1146, 1145])
0	0.0	0.3248909927931789	([264], [264, 263])
0	0.0	0.3252160988733781	([1206], [1206, 1205])
0	0.0	0.3252819673819997	([1485], [1485, 1484])
0	0.0	0.3256023689906023	([1022], [1022, 1021])
0	0.0	0.325624791969542	([320], [320, 319])
0	0.0	0.32581860315663885	([265], [265, 264])
0	0.0	0.32590966804347193	([280], [280, 279])
0	0.0	0.3259564292641198	([228], [228, 227])
0	0.0	0.32629602476643954	([1231], [1231, 1230])
0	0.0	0.3264211576505295	([1177], [1177, 1176])
0	0.0	0.3265024765323559	([829], [829, 828])
0	0.0	0.32650809651604856	([1262], [1262, 1261])
0	0.0	0.32659321134557395	([1240], [1240, 1239])
0	0.0	0.32682561590466774	([1225], [1225, 1224])
0	0.0	0.32682637134501513	([1461], [1461, 1460])
0	0.0	0.32706684234113576	([1448], [1448, 1447])
0	0.0	0.3272375150675688	([1480], [1480, 1479])
0	0.0	0.327298246517592	([173], [173, 172])
0	0.0	0.3274847092944667	([252], [252, 251])
0	0.0	0.32753148098597545	([883], [883, 882])
0	0.0	0.3275423823578429	([787], [787, 786])
0	0.0	0.32754669059554326	([804], [804, 803])
0	0.0	0.32769586195943035	([1272], [1272, 1271])
0	0.0	0.32771345118566436	([835], [835, 834])
0	0.0	0.3278033916080282	([1118], [1118, 1117])
0	0.0	0.3278255572973963	([852], [852, 851])
0	0.0	0.32787633693091806	([1107], [1107, 1105])
0	0.0	0.32868702943715616	([1473], [1476, 1475])
0	0.0	0.3287433144342643	([1034], [1034, 1033])
0	0.0	0.32909067999972436	([1347], [1347, 1346])
0	0.0	0.3293573611470018	([1339], [1339, 1338])
0	0.0	0.3294976810945192	([506], [506, 505])
0	0.0	0.32967498097932746	([493], [493, 492])
0	0.0	0.32985470463977284	([1489], [1489, 1488])
0	0.0	0.3300747559377906	([1340], [1340, 1339])
0	0.0	0.330134149701637	([1239], [1239, 1238])
0	0.0	0.33018652946962224	([864], [864, 863])
0	0.0	0.3304265450682868	([925], [925, 924])
0	0.0	0.3304931574609649	([281], [281, 280])
0	0.0	0.3305490622125004	([786], [786, 785])
0	0.0	0.33071413458116744	([1194], [1194, 1193])
0	0.0	0.33071524895697946	([278], [278, 277])
0	0.0	0.3312056546615214	([236], [236, 235])
0	0.0	0.33138208860226914	([1098], [1098, 1097])
0	0.0	0.3314408263785789	([1048], [1048, 1047])
0	0.0	0.3315170094427654	([277], [277, 276])
0	0.0	0.33195395762049756	([6], [6, 5])
0	0.0	0.33231136077380624	([1030], [1030, 1029])
0	0.0	0.3323828252067458	([167], [167, 166])
0	0.0	0.33260448974921036	([790], [790, 789])
0	0.0	0.3328870889373712	([1250], [1250, 1249])
0	0.0	0.3329979611193471	([1475], [1475, 1474])
0	0.0	0.33309775558542537	([289], [289, 288])
0	0.0	0.33310096982542325	([1349], [1349, 1348])
0	0.0	0.33328493989204694	([946], [946, 945])
0	0.0	0.33350621044874507	([142], [142, 140])
0	0.0	0.33382623108607845	([1266], [1266, 1265])
0	0.0	0.3339131782392393	([259], [259, 258])
0	0.0	0.33391777279996326	([288], [288, 287])
0	0.0	0.334038338123749	([878], [878, 877])
0	0.0	0.33427676630827274	([1068], [1068, 1067])
0	0.0	0.33434913639024805	([511], [511, 510])
0	0.0	0.33440907541139003	([1188], [1188, 1187])
0	0.0	0.33458958810761424	([491], [491, 490])
0	0.0	0.33486096164797824	([1207], [1207, 1206])
0	0.0	0.33490254332983294	([268], [268, 267])
0	0.0	0.3354506469899831	([1105], [1107, 1106])
0	0.0	0.3357183633095124	([139], [139, 138])
0	0.0	0.33580422834759044	([626], [626, 625])
0	0.0	0.3358717137664795	([140], [140, 139])
0	0.0	0.33633213746224805	([1444], [1444, 1443])
0	0.0	0.33666446470940786	([1187], [1187, 1186])
0	0.0	0.33667698202383356	([1490], [1490, 1489])
0	0.0	0.3366878096516542	([803], [803, 802])
0	0.0	0.3370649618924513	([1465], [1465, 1464])
0	0.0	0.33723588610542854	([719], [719, 718])
0	0.0	0.33780918912729563	([717], [717, 713])
0	0.0	0.33806174331714206	([926], [926, 925])
0	0.0	0.3389014771509034	([15], [15, 14])
0	0.0	0.3391208257564581	([1411], [1411, 1410])
0	0.0	0.3391220301089722	([712], [712, 711])
0	0.0	0.3392951579495871	([531], [531, 530])
0	0.0	0.33942808553095233	([1494], [1494, 1493])
0	0.0	0.3394803393056633	([602], [602, 601])
0	0.0	0.3396286120314953	([1198], [1198, 1197])
0	0.0	0.3396310828744649	([1026], [1026, 1025])
0	0.0	0.3396940962179207	([1468], [1468, 1467])
0	0.0	0.3397096232542965	([276], [276, 275])
0	0.0	0.33999810954792525	([267], [267, 266])
0	0.0	0.340308347750094	([1252], [1252, 1251])
0	0.0	0.340357332927201	([1045], [1045, 1044])
0	0.0	0.340901989005328	([360], [360, 359])
0	0.0	0.3409583775027384	([1025], [1025, 1024])
0	0.0	0.34106096717437334	([779], [779, 778])
0	0.0	0.34124877949735655	([1152], [1152, 1151])
0	0.0	0.3412619180186695	([833], [833, 832])
0	0.0	0.3419983825358392	([1147], [1147, 1146])
0	0.0	0.3420435729235088	([709], [709, 708])
0	0.0	0.3422097395028495	([1227], [1227, 1226])
0	0.0	0.3422361649064472	([486], [486, 485])
0	0.0	0.34252459628863247	([492], [492, 491])
0	0.0	0.3427212710894905	([1143], [1143, 1142])
0	0.0	0.34303726940890056	([1341], [1341, 1340])
0	0.0	0.34304936663275803	([1144], [1144, 1143])
0	0.0	0.34355794490926467	([924], [924, 923])
0	0.0	0.34360513032367085	([856], [856, 855])
0	0.0	0.343646433918024	([272], [272, 271])
0	0.0	0.3436852132641816	([1481], [1481, 1480])
0	0.0	0.34394605068835504	([1440], [1440, 1439])
0	0.0	0.34401476174983575	([789], [789, 788])
0	0.0	0.3440535905440962	([726], [726, 725])
0	0.0	0.34413976412139075	([839], [839, 838])
0	0.0	0.3441635271811029	([944], [944, 943])
0	0.0	0.3442946353625668	([1274], [1274, 1273])
0	0.0	0.3443367166120543	([1268], [1268, 1267])
0	0.0	0.34435304208756917	([1241], [1241, 1240])
0	0.0	0.34453166537365304	([1482], [1482, 1481])
0	0.0	0.34454601155963266	([1445], [1445, 1444])
0	0.0	0.34459474907804655	([711], [711, 710])
0	0.0	0.34480418719453604	([764], [764, 763])
0	0.0	0.3450337925899906	([359], [359, 358])
0	0.0	0.34513450929864875	([144], [144, 143])
0	0.0	0.3452671554874982	([799], [799, 798])
0	0.0	0.34541697632507384	([783], [783, 782])
0	0.0	0.3454672938112385	([704], [704, 702])
0	0.0	0.34547203445503777	([1141], [1141, 1140])
0	0.0	0.3454754021328326	([1460], [1460, 1459])
0	0.0	0.345542618435349	([1199], [1199, 1198])
0	0.0	0.34561962082173725	([935], [935, 933])
0	0.0	0.3456670540585236	([1392], [1392, 1391])
0	0.0	0.34582458019199064	([532], [532, 531])
0	0.0	0.3459738875734913	([853], [853, 852])
0	0.0	0.3459918674313635	([1293], [1293, 1292])
0	0.0	0.3460557348438421	([1346], [1346, 1345])
0	0.0	0.3464266835422193	([146], [146, 145])
0	0.0	0.34644034971286514	([1135], [1135, 1134])
0	0.0	0.34661257937623485	([710], [710, 709])
0	0.0	0.3468428919398308	([889], [889, 888])
0	0.0	0.34697810575359084	([1044], [1044, 1043])
0	0.0	0.3474742933280154	([880], [880, 879])
0	0.0	0.3474744468692927	([1162], [1162, 1161])
0	0.0	0.3476336218998373	([1269], [1269, 1268])
0	0.0	0.3478967219409371	([1450], [1450, 1449])
0	0.0	0.34805087352567005	([225], [225, 224])
1	0.33858136446336357	0.34807556627805264	([717, 716], [717, 716, 714])
0	0.0	0.34810766283638117	([1221], [1221, 1220])
0	0.0	0.34823267447926315	([1197], [1197, 1196])
0	0.0	0.34828132628121544	([888], [888, 887])
0	0.0	0.3483471164929249	([1215], [1215, 1214])
0	0.0	0.3486237995970943	([813], [813, 812])
0	0.0	0.3487165795212766	([505], [505, 504])
0	0.0	0.34885859205093833	([1368], [1368, 1367])
0	0.0	0.34894173138360884	([800], [800, 799])
0	0.0	0.3493017109578204	([331], [331, 330])
0	0.0	0.3495258656545047	([1446], [1446, 1445])
0	0.0	0.34961778729922066	([871], [871, 870])
0	0.0	0.3498100133856055	([533], [533, 532])
0	0.0	0.35007794953227683	([480], [480, 479])
0	0.0	0.35013164269492286	([815], [815, 814])
0	0.0	0.3501994362337409	([603], [603, 602])
0	0.0	0.3502219465181443	([1275], [1275, 1274])
0	0.0	0.35028858025372883	([12], [12, 11])
0	0.0	0.3503449918952524	([1477], [1477, 1476])
0	0.0	0.35051910069897546	([1173], [1173, 1172])
0	0.0	0.3506313680771364	([1131], [1131, 1130])
0	0.0	0.35071272994034675	([143], [143, 142])
0	0.0	0.35072383524798567	([1464], [1464, 1463])
0	0.0	0.3507373815128528	([1180], [1180, 1179])
0	0.0	0.35086643363984255	([879], [879, 878])
0	0.0	0.3513478086522367	([814], [814, 813])
0	0.0	0.3514325091976364	([905], [905, 904])
0	0.0	0.35144979954780436	([457], [457, 456])
0	0.0	0.3514526395643217	([678], [678, 677])
0	0.0	0.35164321366743945	([1342], [1342, 1341])
0	0.0	0.351756348738575	([832], [832, 831])
0	0.0	0.3517645374614882	([927], [927, 926])
0	0.0	0.35176980329178303	([934], [934, 933])
0	0.0	0.35222636723317646	([1437], [1437, 1436])
0	0.0	0.3522817703893173	([1343], [1343, 1342])
0	0.0	0.35238129789739336	([1085], [1085, 1084])
0	0.0	0.3525944701069694	([1163], [1163, 1162])
0	0.0	0.3529213722945254	([865], [865, 864])
0	0.0	0.3530525175690161	([1367], [1367, 1366])
0	0.0	0.35325797234379985	([1015], [1015, 1014])
0	0.0	0.35334323990461247	([713], [713, 712])
0	0.0	0.3533580972567454	([1491], [1491, 1490])
0	0.0	0.35339691244930543	([1363], [1363, 1362])
0	0.0	0.35342669531860277	([872], [872, 871])
0	0.0	0.3534738279054901	([1087], [1087, 1086])
0	0.0	0.3536114392180907	([1356], [1356, 1355])
0	0.0	0.35370142289006823	([1195], [1195, 1194])
0	0.0	0.3538200342414903	([1286], [1286, 1285])
0	0.0	0.3538983245780037	([623], [623, 622])
0	0.0	0.35409930254946104	([1139], [1139, 1138])
0	0.0	0.3541504321536717	([604], [604, 603])
0	0.0	0.3541822351787704	([708], [708, 707])
0	0.0	0.3542691250593588	([793], [793, 792])
0	0.0	0.3545037567770211	([725], [725, 724])
0	0.0	0.35460880684052143	([1148], [1148, 1147])
0	0.0	0.35468787362929827	([1474], [1473, 1472])
0	0.0	0.354857586931473	([806], [806, 805])
0	0.0	0.355214603805568	([1404], [1404, 1403])
0	0.0	0.35525678237754355	([1459], [1459, 1458])
0	0.0	0.35529258713465595	([906], [906, 905])
0	0.0	0.3553543481112193	([1191], [1191, 1190])
0	0.0	0.35537411657596296	([784], [784, 783])
0	0.0	0.35551691208636493	([537], [537, 536])
0	0.0	0.35556757310797865	([538], [538, 537])
0	0.0	0.3556324554091466	([507], [507, 506])
0	0.0	0.35563584917861346	([877], [877, 876])
0	0.0	0.35568483771335174	([358], [358, 357])
0	0.0	0.35575513297145683	([685], [685, 684])
0	0.0	0.35581716481559844	([1433], [1433, 1432])
0	0.0	0.35594542594684275	([816], [816, 815])
0	0.0	0.3560938794652943	([1178], [1178, 1177])
0	0.0	0.356110792270503	([1226], [1226, 1225])
0	0.0	0.3562468659707029	([1344], [1344, 1343])
0	0.0	0.35627034407938707	([166], [166, 165])
0	0.0	0.3563051117165458	([1192], [1192, 1191])
0	0.0	0.35632790631969063	([763], [763, 762])
0	0.0	0.356388062824953	([1488], [1488, 1487])
0	0.0	0.35666175813988094	([874], [874, 873])
0	0.0	0.35672914365843195	([1261], [1261, 1260])
0	0.0	0.35706413545295673	([855], [855, 854])
1	0.3539277287199567	0.35753773230283825	([1147, 1144], [1147, 1146, 1144])
0	0.0	0.35762146467956524	([324], [324, 323])
0	0.0	0.35776849693778606	([1196], [1196, 1195])
0	0.0	0.35779370127393734	([11], [11, 10])
1	0.33638014769466335	0.3578791299629011	([1474, 1473], [1476, 1475, 1473])
0	0.0	0.35797335772083394	([1219], [1219, 1218])
0	0.0	0.35804190469613933	([256], [256, 255])
0	0.0	0.35823945569051163	([1359], [1359, 1358])
0	0.0	0.3582774970096023	([1245], [1245, 1244])
0	0.0	0.3584288174377385	([1181], [1181, 1180])
0	0.0	0.3585863549772265	([1271], [1271, 1270])
0	0.0	0.35867192905089634	([691], [691, 690])
0	0.0	0.35878625053355323	([1182], [1182, 1181])
0	0.0	0.35931881004517163	([1396], [1396, 1395])
0	0.0	0.3593908602595504	([1157], [1157, 1156])
0	0.0	0.35940614934233855	([805], [805, 804])
0	0.0	0.35953076118484983	([822], [822, 821])
0	0.0	0.35962995160918687	([1172], [1172, 1171])
0	0.0	0.3597695805755569	([966], [966, 965])
0	0.0	0.36012046429294353	([1179], [1179, 1178])
0	0.0	0.36034168125465244	([1244], [1244, 1243])
0	0.0	0.36057685114172927	([1190], [1190, 1189])
0	0.0	0.36066480806875617	([978], [978, 977])
0	0.0	0.3611194777935986	([1402], [1402, 1401])
0	0.0	0.3612380914921592	([1014], [1014, 1013])
0	0.0	0.3613674150567801	([801], [801, 800])
0	0.0	0.3616080639981631	([1008], [1008, 1007])
0	0.0	0.36163381547573853	([1408], [1408, 1407])
0	0.0	0.36220155716884406	([1260], [1260, 1259])
0	0.0	0.36228978027409103	([1174], [1174, 1173])
0	0.0	0.3625160199171764	([1441], [1441, 1440])
0	0.0	0.3626866496029689	([488], [488, 487])
0	0.0	0.36271049661738125	([1200], [1200, 1199])
0	0.0	0.3627912014562235	([1084], [1084, 1083])
0	0.0	0.36290320074906995	([481], [481, 480])
0	0.0	0.3629429243200077	([718], [718, 717])
0	0.0	0.3630515021613331	([863], [863, 861])
0	0.0	0.3631558499865844	([825], [825, 824])
0	0.0	0.3632257499717649	([679], [679, 678])
0	0.0	0.3632403651635676	([1212], [1212, 1211])
0	0.0	0.36349013299636007	([810], [810, 809])
0	0.0	0.36353519816626845	([1338], [1338, 1337])
0	0.0	0.3638111725530804	([1140], [1140, 1139])
0	0.0	0.36383132669190027	([327], [327, 326])
0	0.0	0.3638502132605108	([487], [487, 486])
0	0.0	0.3638575941858566	([489], [489, 488])
0	0.0	0.3639068847434618	([831], [831, 830])
0	0.0	0.3639205723300676	([941], [941, 940])
0	0.0	0.36403567935004894	([1357], [1357, 1356])
0	0.0	0.36404451728680365	([13], [13, 12])
0	0.0	0.36408401432803406	([923], [923, 922])
0	0.0	0.36422475185976316	([773], [773, 772])
0	0.0	0.3643098838490087	([1393], [1393, 1392])
0	0.0	0.364407133627708	([1486], [1486, 1485])
0	0.0	0.3644217562318734	([765], [765, 764])
0	0.0	0.3644404684106657	([1373], [1373, 1372])
0	0.0	0.36446465188573224	([1193], [1193, 1192])
0	0.0	0.36452935713760154	([1394], [1394, 1393])
0	0.0	0.3645421777817875	([922], [922, 921])
0	0.0	0.3646589989680997	([1299], [1299, 1298])
0	0.0	0.36473960018641777	([1355], [1355, 1354])
0	0.0	0.36478876534421606	([1071], [1071, 1070])
0	0.0	0.364836776928869	([1288], [1288, 1287])
0	0.0	0.3649053209467013	([937], [937, 936])
0	0.0	0.36498873376027025	([1397], [1397, 1396])
0	0.0	0.3650694113671609	([332], [332, 331])
0	0.0	0.3650775400974972	([1013], [1013, 1012])
0	0.0	0.3653966636787721	([624], [624, 623])
0	0.0	0.36572499699727207	([1108], [1109, 1107])
0	0.0	0.3659169539706375	([785], [785, 784])
0	0.0	0.3659468538536428	([698], [698, 697])
0	0.0	0.3659666128279147	([619], [619, 618])
0	0.0	0.3660681518381997	([1066], [1066, 1065])
0	0.0	0.36609616000586515	([1285], [1285, 1284])
0	0.0	0.3662315515566015	([355], [355, 354])
0	0.0	0.36626677802474833	([823], [823, 822])
0	0.0	0.36666368255829235	([826], [826, 825])
0	0.0	0.36669595301689345	([858], [858, 857])
0	0.0	0.36669788246313234	([1364], [1364, 1363])
0	0.0	0.36684745871910196	([1298], [1298, 1297])
0	0.0	0.36689616247119633	([622], [622, 621])
0	0.0	0.3669731092539676	([458], [458, 457])
0	0.0	0.3669908972999307	([509], [509, 508])
0	0.0	0.36718628754824173	([329], [329, 328])
0	0.0	0.3671986988357109	([1234], [1234, 1233])
0	0.0	0.36753907029902416	([41], [41, 40])
0	0.0	0.3677070552318681	([1405], [1405, 1404])
0	0.0	0.36776206051217725	([870], [871, 869])
0	0.0	0.3677903574393194	([755], [755, 754])
0	0.0	0.3679336422497034	([1294], [1294, 1293])
0	0.0	0.3681393202474534	([705], [705, 704])
0	0.0	0.368230831077584	([476], [476, 475])
0	0.0	0.36823282629835385	([701], [701, 700])
0	0.0	0.36833373656268664	([746], [746, 745])
0	0.0	0.36835584401157934	([938], [938, 937])
0	0.0	0.3684806883983536	([1391], [1391, 1390])
0	0.0	0.3685144028176877	([1385], [1385, 1384])
0	0.0	0.3685365383565292	([14], [14, 13])
0	0.0	0.36858170366200704	([328], [328, 327])
0	0.0	0.3685895906792362	([539], [539, 538])
0	0.0	0.3685927397625542	([330], [330, 329])
0	0.0	0.36860903237471165	([165], [169, 168])
0	0.0	0.36863480593374265	([1292], [1292, 1291])
0	0.0	0.3686468975527392	([1211], [1211, 1210])
0	0.0	0.36864896250932433	([1132], [1132, 1131])
0	0.0	0.36890380794338684	([1291], [1291, 1290])
0	0.0	0.36900571803156634	([1214], [1214, 1213])
0	0.0	0.3690424587284959	([993], [993, 992])
0	0.0	0.3693800104039003	([1283], [1283, 1282])
0	0.0	0.36954213323324714	([1284], [1284, 1283])
0	0.0	0.3695600922334902	([792], [792, 791])
0	0.0	0.36963950295348647	([536], [536, 535])
0	0.0	0.3697509684138887	([869], [869, 868])
0	0.0	0.36980411612972547	([791], [791, 790])
0	0.0	0.369824885207712	([1418], [1418, 1417])
0	0.0	0.36992642489171595	([1242], [1242, 1241])
0	0.0	0.3699477375242335	([958], [958, 957])
0	0.0	0.3699752735671287	([1345], [1345, 1344])
0	0.0	0.3701901779899857	([1354], [1354, 1353])
0	0.0	0.37032635209434195	([727], [727, 726])
0	0.0	0.3704223865852079	([1351], [1351, 1350])
0	0.0	0.3704902796924997	([356], [356, 355])
0	0.0	0.370684301095215	([109], [109, 108])
0	0.0	0.3707023324789379	([947], [947, 946])
0	0.0	0.3708029788552566	([274], [274, 273])
0	0.0	0.37088700354208276	([1213], [1213, 1212])
0	0.0	0.3709100315906453	([1012], [1012, 1011])
0	0.0	0.3709948658001471	([1006], [1006, 1005])
0	0.0	0.3710856848443697	([271], [271, 270])
0	0.0	0.3712238191783552	([970], [970, 967])
0	0.0	0.3712618555536505	([824], [824, 823])
0	0.0	0.37129633219395003	([479], [479, 478])
0	0.0	0.3713674998786288	([1417], [1417, 1416])
0	0.0	0.37148923580648824	([1158], [1158, 1157])
0	0.0	0.37160527640888946	([1201], [1201, 1200])
0	0.0	0.3716590683529628	([1235], [1235, 1234])
0	0.0	0.37182922349370845	([795], [795, 794])
0	0.0	0.37183077876576975	([939], [939, 938])
0	0.0	0.37184285308123677	([747], [747, 746])
0	0.0	0.3718676808362704	([1217], [1217, 1216])
0	0.0	0.3721426102859811	([504], [504, 503])
0	0.0	0.3721648590537061	([168], [165, 164])
0	0.0	0.37230940804287116	([659], [659, 658])
0	0.0	0.3725030305056403	([141], [141, 140])
0	0.0	0.3725105052667253	([1403], [1403, 1402])
0	0.0	0.3726542298261517	([620], [620, 619])
0	0.0	0.3727495582080486	([920], [920, 919])
0	0.0	0.3727661067604017	([1259], [1259, 1258])
0	0.0	0.37282313650162147	([1106], [1105, 1104])
0	0.0	0.37286790796818586	([1175], [1175, 1174])
0	0.0	0.3729361240426103	([1334], [1334, 1333])
0	0.0	0.3730369778251306	([1372], [1372, 1371])
0	0.0	0.37311567738019885	([1165], [1165, 1164])
0	0.0	0.37311901965840927	([1425], [1425, 1424])
0	0.0	0.3731387294339958	([972], [972, 971])
0	0.0	0.3732100979371964	([921], [921, 920])
0	0.0	0.3732196395961963	([275], [275, 274])
0	0.0	0.3733979251642727	([1073], [1073, 1072])
0	0.0	0.3735141231558719	([1086], [1086, 1084])
0	0.0	0.3736305968696247	([1243], [1243, 1242])
0	0.0	0.3736497526860443	([1136], [1136, 1135])
0	0.0	0.3738583007325382	([868], [868, 867])
0	0.0	0.37386241814761495	([1233], [1233, 1232])
0	0.0	0.37392552348841385	([1154], [1154, 1153])
0	0.0	0.3739370913381624	([1358], [1358, 1357])
0	0.0	0.3739687242690967	([1167], [1167, 1166])
0	0.0	0.37408784769697734	([1390], [1390, 1389])
0	0.0	0.374119959444492	([782], [782, 781])
0	0.0	0.37427148519668446	([1424], [1424, 1423])
0	0.0	0.37427713233127613	([1395], [1395, 1394])
0	0.0	0.37429584274174205	([1270], [1270, 1269])
0	0.0	0.3744532603777724	([632], [632, 631])
0	0.0	0.3744717077761392	([817], [817, 816])
0	0.0	0.37450875505565395	([827], [827, 826])
0	0.0	0.3745821305405315	([1412], [1412, 1411])
0	0.0	0.37461543433272854	([729], [729, 728])
0	0.0	0.3746261710641295	([333], [333, 332])
0	0.0	0.37464924135751204	([1423], [1423, 1422])
0	0.0	0.3746791559921508	([1248], [1248, 1247])
1	0.37319243403999014	0.3747259651926704	([926, 922], [926, 925, 922])
0	0.0	0.37481112671470296	([1331], [1331, 1330])
0	0.0	0.37482244501219036	([1335], [1335, 1334])
0	0.0	0.3748452488178047	([957], [957, 956])
0	0.0	0.3748786982652339	([1081], [1081, 1080])
0	0.0	0.3749123702124183	([886], [886, 885])
0	0.0	0.3750237138765374	([807], [807, 806])
0	0.0	0.3751898730270727	([956], [956, 955])
0	0.0	0.3752367062992514	([742], [742, 741])
0	0.0	0.37543222154790923	([1439], [1439, 1438])
0	0.0	0.3754620071180808	([690], [690, 689])
0	0.0	0.3755762801314691	([534], [534, 533])
0	0.0	0.37564518813228504	([1375], [1375, 1374])
0	0.0	0.37574388514271734	([901], [901, 900])
0	0.0	0.375797839216625	([940], [940, 939])
0	0.0	0.3759631240371383	([745], [745, 744])
0	0.0	0.3759997343923748	([339], [339, 338])
0	0.0	0.37605509394790665	([911], [911, 910])
0	0.0	0.37612707246821203	([1166], [1166, 1165])
0	0.0	0.3762505703365614	([512], [512, 511])
0	0.0	0.3764201971416235	([650], [650, 649])
0	0.0	0.3764434312518131	([485], [485, 484])
0	0.0	0.3764834098454695	([1409], [1409, 1408])
0	0.0	0.37654388837966	([1389], [1389, 1388])
0	0.0	0.3768003554485314	([559], [559, 558])
0	0.0	0.37685898360193276	([952], [952, 951])
0	0.0	0.3768627769620672	([621], [621, 620])
0	0.0	0.3768745563308796	([1119], [1119, 1118])
0	0.0	0.37702315756471694	([477], [477, 476])
0	0.0	0.37704035981046247	([894], [894, 893])
0	0.0	0.3770752296781095	([728], [728, 727])
0	0.0	0.3771321596660283	([992], [992, 991])
0	0.0	0.3773018708448108	([770], [770, 769])
1	0.3730003908899376	0.37730718324516016	([1449, 1443], [1449, 1446, 1444])
0	0.0	0.37733490159056055	([478], [478, 477])
0	0.0	0.3776885031171418	([357], [357, 356])
0	0.0	0.3777028860563652	([1376], [1376, 1375])
0	0.0	0.37777918088243845	([884], [884, 882])
0	0.0	0.3778338950076669	([1258], [1258, 1257])
0	0.0	0.3778916227758803	([636], [636, 635])
0	0.0	0.37800573195382187	([1114], [1114, 1113])
0	0.0	0.37815704932670263	([1153], [1153, 1152])
0	0.0	0.3781788946857013	([40], [40, 39])
0	0.0	0.37825739503213246	([235], [235, 234])
0	0.0	0.3782694948834393	([873], [873, 869])
1	0.37812150860811766	0.37833805183170943	([795, 792], [795, 794, 792])
0	0.0	0.3785420575390686	([10], [10, 9])
0	0.0	0.3786338135870559	([967], [967, 966])
0	0.0	0.3786496908796816	([1080], [1080, 1079])
0	0.0	0.37947682449859993	([821], [821, 820])
0	0.0	0.37967091876462855	([818], [818, 817])
0	0.0	0.3796750329417344	([1388], [1388, 1387])
0	0.0	0.3797007588229216	([1382], [1382, 1381])
0	0.0	0.37971505986101933	([809], [809, 808])
0	0.0	0.37990393588660065	([1333], [1333, 1332])
0	0.0	0.37990705533412344	([635], [635, 634])
0	0.0	0.3800344555553638	([1246], [1246, 1245])
0	0.0	0.38014142603983647	([731], [731, 730])
0	0.0	0.3802680829889653	([1302], [1302, 1301])
0	0.0	0.38031543534105605	([651], [651, 650])
0	0.0	0.38042506512481733	([631], [631, 630])
0	0.0	0.38048446741662606	([1428], [1428, 1427])
0	0.0	0.38083167995603373	([774], [774, 773])
1	0.37590546344367937	0.381442151440418	([14, 10], [14, 13, 10])
0	0.0	0.38145236544030164	([1203], [1203, 1202])
0	0.0	0.3814717512126941	([1117], [1117, 1116])
0	0.0	0.3815224616372857	([707], [707, 705])
0	0.0	0.38155263961058045	([1010], [1010, 1009])
0	0.0	0.38172878624569667	([325], [325, 324])
0	0.0	0.38177354952491366	([336], [336, 335])
0	0.0	0.3817934656879449	([955], [955, 954])
0	0.0	0.38192232676663446	([997], [997, 996])
0	0.0	0.38192289057886836	([1253], [1253, 1252])
0	0.0	0.38196277202209644	([1130], [1130, 1129])
0	0.0	0.38203189343417837	([702], [702, 701])
0	0.0	0.3820392974168516	([1374], [1374, 1373])
0	0.0	0.38222024009225236	([1280], [1280, 1279])
1	0.378713309729291	0.38238051391020567	([873, 872], [873, 872, 869])
0	0.0	0.38247029989446935	([1072], [1072, 1071])
0	0.0	0.3829743473621988	([971], [971, 970])
0	0.0	0.3829785594729059	([909], [909, 908])
0	0.0	0.38298432880523964	([335], [335, 334])
0	0.0	0.3832395303235739	([1125], [1125, 1124])
0	0.0	0.3833038965498435	([518], [518, 517])
0	0.0	0.38331460588755045	([258], [258, 257])
0	0.0	0.38339892821671956	([662], [662, 661])
0	0.0	0.3834118570944587	([819], [819, 818])
0	0.0	0.38346210862866464	([257], [257, 256])
0	0.0	0.3834880422358042	([951], [951, 950])
0	0.0	0.3835895140726704	([9], [9, 8])
0	0.0	0.3837789961759429	([1276], [1276, 1275])
0	0.0	0.3838022615217428	([1247], [1247, 1246])
0	0.0	0.3838876146768706	([964], [964, 963])
0	0.0	0.38392187007340217	([820], [820, 819])
0	0.0	0.3840346768283962	([1336], [1336, 1335])
0	0.0	0.38405986453410335	([1287], [1287, 1286])
0	0.0	0.3840664295546394	([106], [106, 105])
0	0.0	0.38409163724587153	([867], [867, 866])
0	0.0	0.38409991307049174	([775], [775, 774])
0	0.0	0.3842035416716152	([535], [535, 534])
0	0.0	0.38451936571081746	([1097], [1097, 1096])
0	0.0	0.3845253615199718	([953], [953, 952])
0	0.0	0.3845584162719301	([866], [866, 865])
0	0.0	0.3845784818634664	([3], [3, 2])
0	0.0	0.38465899207857995	([1471], [1471, 1470])
0	0.0	0.384722316291071	([441], [441, 440])
0	0.0	0.3847395120680502	([1222], [1222, 1221])
0	0.0	0.384792567146966	([528], [528, 527])
0	0.0	0.3851813987754638	([1155], [1155, 1154])
0	0.0	0.3856317288916664	([988], [988, 987])
0	0.0	0.3856848084409556	([859], [859, 858])
0	0.0	0.38572047445296315	([1000], [1000, 999])
0	0.0	0.38576305840497516	([514], [514, 513])
0	0.0	0.38588680296741606	([234], [234, 233])
0	0.0	0.3860126761611652	([1110], [1110, 1109])
0	0.0	0.38602583957226705	([1169], [1169, 1168])
0	0.0	0.38608101333116385	([104], [104, 103])
0	0.0	0.38627730108935193	([1429], [1429, 1428])
1	0.3601273703614918	0.38634458519798387	([713, 709], [713, 712, 709])
0	0.0	0.3863968204530989	([965], [965, 964])
0	0.0	0.38643055021891737	([995], [995, 994])
0	0.0	0.38669471691902607	([503], [503, 502])
0	0.0	0.38678088238249214	([1228], [1228, 1227])
0	0.0	0.38700400004767394	([581], [581, 580])
0	0.0	0.38702466823132664	([996], [996, 995])
0	0.0	0.38714742941076363	([1089], [1089, 1088])
0	0.0	0.3871775602207073	([560], [560, 559])
0	0.0	0.387341558779354	([994], [994, 993])
0	0.0	0.3873642256646012	([808], [808, 807])
0	0.0	0.3874421149736097	([1082], [1082, 1081])
0	0.0	0.3874635606859415	([1438], [1438, 1437])
0	0.0	0.3876083584201457	([769], [769, 768])
0	0.0	0.3879032233932616	([326], [326, 325])
0	0.0	0.3879720522968402	([354], [354, 353])
0	0.0	0.38808134189639504	([1381], [1381, 1380])
0	0.0	0.388092177504653	([611], [611, 610])
0	0.0	0.38846328036895683	([1220], [1220, 1219])
0	0.0	0.38855187443709466	([730], [730, 729])
0	0.0	0.38863005787330634	([928], [928, 927])
0	0.0	0.3886669711093889	([648], [648, 647])
0	0.0	0.3888320887634617	([442], [442, 441])
0	0.0	0.38900059787147273	([1229], [1229, 1228])
0	0.0	0.38919026044788596	([1422], [1422, 1421])
0	0.0	0.3892081275185392	([991], [991, 990])
0	0.0	0.38952791103973633	([740], [740, 739])
0	0.0	0.3895766799751322	([1410], [1410, 1409])
0	0.0	0.38963507206697373	([963], [963, 962])
0	0.0	0.38965363136156933	([334], [334, 333])
0	0.0	0.3899749069972941	([954], [954, 953])
0	0.0	0.39013687371760336	([558], [558, 557])
0	0.0	0.3902655853275528	([1156], [1156, 1155])
0	0.0	0.3904490213022719	([876], [876, 874])
0	0.0	0.39047704500655855	([1171], [1171, 1170])
0	0.0	0.3906476029921601	([692], [692, 691])
0	0.0	0.39067401353471637	([1332], [1332, 1331])
0	0.0	0.39070432234398117	([612], [612, 611])
0	0.0	0.39105732074787186	([1281], [1281, 1280])
0	0.0	0.3911031556304556	([748], [748, 747])
0	0.0	0.3911248567353598	([244], [244, 243])
0	0.0	0.3911292169159963	([1088], [1088, 1087])
0	0.0	0.3915028964412123	([910], [910, 909])
0	0.0	0.39158883416053425	([1416], [1416, 1415])
0	0.0	0.39162403494407644	([1134], [1134, 1133])
0	0.0	0.3917874897108204	([1431], [1431, 1430])
0	0.0	0.3918109932536881	([1420], [1420, 1419])
0	0.0	0.39187353579447654	([1168], [1168, 1167])
0	0.0	0.3922180548691116	([695], [695, 694])
0	0.0	0.39221967750469516	([969], [969, 968])
0	0.0	0.3923023542128359	([1380], [1380, 1379])
0	0.0	0.3924843917883172	([929], [929, 928])
0	0.0	0.39258019817433454	([1386], [1386, 1385])
0	0.0	0.39296982640208084	([484], [484, 483])
0	0.0	0.39311618094683937	([438], [438, 437])
0	0.0	0.39313572058268953	([1079], [1079, 1078])
0	0.0	0.3931618476815666	([1129], [1129, 1128])
0	0.0	0.3931937727181433	([1413], [1413, 1412])
0	0.0	0.39338260341300224	([771], [771, 770])
0	0.0	0.3934204048516465	([1419], [1419, 1418])
0	0.0	0.3937802389888811	([1462], [1462, 1461])
0	0.0	0.39392558223246665	([573], [573, 572])
0	0.0	0.3940161557305389	([575], [575, 574])
0	0.0	0.3940895465320134	([649], [649, 648])
0	0.0	0.3941278741802057	([1257], [1257, 1256])
0	0.0	0.39419452677000755	([694], [694, 693])
0	0.0	0.39419568917629466	([1002], [1002, 1001])
0	0.0	0.3944239303252277	([105], [105, 104])
0	0.0	0.3945134092796139	([919], [919, 918])
0	0.0	0.3945441069573433	([510], [510, 509])
0	0.0	0.3945727363199557	([1463], [1463, 1461])
1	0.392010787665633	0.3947415091960543	([725, 719], [725, 724, 719])
0	0.0	0.3948725881672725	([895], [895, 894])
0	0.0	0.3951506516062698	([734], [734, 733])
0	0.0	0.3951581996722097	([1133], [1133, 1132])
0	0.0	0.395242756852829	([754], [754, 753])
0	0.0	0.3952709060994078	([974], [974, 973])
0	0.0	0.3952940648436093	([1421], [1421, 1420])
0	0.0	0.3953332171651757	([639], [639, 638])
0	0.0	0.3955293578756795	([893], [893, 892])
0	0.0	0.39553114288668717	([885], [885, 884])
0	0.0	0.39559044352769546	([453], [453, 452])
0	0.0	0.39561477501839415	([618], [618, 617])
0	0.0	0.3956317763466573	([1138], [1138, 1136])
0	0.0	0.39577190207503904	([448], [448, 447])
0	0.0	0.39603446666017983	([237], [237, 236])
0	0.0	0.3961392545988495	([445], [445, 444])
0	0.0	0.3962094720593706	([658], [658, 657])
0	0.0	0.39627766287627625	([915], [915, 914])
0	0.0	0.39630009898079865	([973], [973, 972])
0	0.0	0.3964055767760131	([741], [741, 740])
0	0.0	0.39642331472226944	([1092], [1092, 1091])
0	0.0	0.3965030985964278	([930], [930, 929])
0	0.0	0.39652694767742386	([744], [744, 743])
0	0.0	0.39666281521716723	([147], [147, 146])
0	0.0	0.3967107680497559	([887], [887, 886])
0	0.0	0.39674437807175483	([516], [516, 515])
0	0.0	0.3971374129886293	([778], [778, 775])
0	0.0	0.3972283626624752	([1426], [1426, 1425])
0	0.0	0.397234223752859	([1121], [1121, 1120])
0	0.0	0.39734668512729215	([1069], [1069, 1068])
0	0.0	0.39746023291273375	([936], [936, 935])
0	0.0	0.3974957666957638	([93], [93, 92])
0	0.0	0.39772724386309477	([42], [42, 41])
0	0.0	0.3978295422125067	([984], [984, 983])
0	0.0	0.39787848196555814	([148], [148, 147])
0	0.0	0.39790630552673023	([525], [525, 524])
0	0.0	0.3979953288615953	([92], [92, 91])
0	0.0	0.39799603982128684	([1236], [1236, 1235])
0	0.0	0.39800805865561445	([1414], [1414, 1413])
0	0.0	0.39821007394646046	([975], [975, 974])
0	0.0	0.39828512188467835	([29], [29, 28])
0	0.0	0.39832461054832047	([1469], [1469, 1468])
0	0.0	0.398352795498678	([657], [657, 656])
1	0.39560154066095293	0.3984718368830908	([874, 868], [874, 873, 869])
0	0.0	0.3985335156996007	([1170], [1170, 1169])
0	0.0	0.3986022091581315	([999], [999, 998])
0	0.0	0.3986681122172865	([989], [989, 988])
0	0.0	0.3987227240464463	([1427], [1427, 1426])
0	0.0	0.3987982368009216	([987], [987, 986])
0	0.0	0.39886802667659843	([1094], [1094, 1093])
0	0.0	0.3988871142123896	([1415], [1415, 1414])
0	0.0	0.39888950763011294	([598], [598, 597])
0	0.0	0.3989680871196951	([561], [561, 560])
0	0.0	0.3990069517485036	([1337], [1337, 1336])
0	0.0	0.3991701481730094	([933], [933, 932])
0	0.0	0.39917596614435874	([1096], [1096, 1095])
0	0.0	0.39918851176625125	([353], [353, 352])
0	0.0	0.39921829231694855	([352], [352, 351])
0	0.0	0.39953326722288696	([918], [918, 917])
0	0.0	0.3995701258842135	([1362], [1362, 1361])
0	0.0	0.39964435794756153	([548], [548, 547])
0	0.0	0.3996991219297186	([902], [902, 901])
0	0.0	0.3998439898862125	([1090], [1090, 1089])
0	0.0	0.3998753569932926	([566], [566, 565])
0	0.0	0.3998847243276394	([743], [743, 742])
0	0.0	0.3999084270987192	([670], [670, 669])
0	0.0	0.40011938197709657	([572], [572, 571])
0	0.0	0.4001676815383289	([1430], [1430, 1429])
0	0.0	0.40021093203866426	([772], [772, 771])
0	0.0	0.4004179641572507	([515], [515, 514])
0	0.0	0.40080912405336616	([1011], [1011, 1010])
0	0.0	0.40086349316575914	([642], [642, 641])
0	0.0	0.4010983131700726	([663], [663, 662])
0	0.0	0.40112063655390573	([672], [672, 671])
0	0.0	0.40114498283547234	([596], [596, 595])
0	0.0	0.40115906778314064	([449], [449, 448])
0	0.0	0.4012063038861765	([643], [643, 642])
0	0.0	0.40142944126518465	([998], [998, 997])
0	0.0	0.4015958085405445	([931], [931, 930])
0	0.0	0.40179598084586843	([1093], [1093, 1092])
0	0.0	0.40187331486428435	([116], [116, 115])
0	0.0	0.4019422938904881	([31], [31, 30])
0	0.0	0.4020350035418556	([323], [323, 322])
0	0.0	0.40214829805986213	([341], [341, 340])
0	0.0	0.40216581628071546	([28], [28, 27])
0	0.0	0.40223032940032927	([1406], [1406, 1405])
0	0.0	0.4023064638918076	([983], [983, 982])
0	0.0	0.40243269407470666	([1128], [1128, 1127])
0	0.0	0.4026231640535274	([443], [443, 442])
0	0.0	0.4026734585919633	([108], [108, 107])
0	0.0	0.4027460753325273	([981], [981, 980])
0	0.0	0.402827540454072	([338], [338, 337])
0	0.0	0.40285979410451117	([444], [444, 443])
0	0.0	0.40289382649189814	([950], [950, 949])
0	0.0	0.4029497434587809	([1330], [1330, 1329])
0	0.0	0.40296529955492383	([948], [948, 947])
0	0.0	0.4030566059449781	([1387], [1387, 1386])
0	0.0	0.40329171646473194	([22], [22, 21])
0	0.0	0.4034317693916179	([1070], [1070, 1069])
0	0.0	0.40350881885598333	([33], [33, 32])
0	0.0	0.40351843416449124	([152], [152, 151])
0	0.0	0.403550840026004	([107], [108, 106])
0	0.0	0.4035922344544863	([1202], [1202, 1201])
0	0.0	0.4037978847489779	([1208], [1208, 1207])
0	0.0	0.4038248327402029	([556], [556, 555])
0	0.0	0.40399752622197055	([221], [221, 220])
0	0.0	0.404229636244659	([1126], [1126, 1125])
0	0.0	0.40464936704868176	([1074], [1074, 1073])
0	0.0	0.4046531827885364	([1329], [1329, 1328])
0	0.0	0.4047046533426691	([1407], [1407, 1406])
0	0.0	0.4047651900524033	([641], [641, 640])
0	0.0	0.4050155432963993	([1075], [1075, 1074])
0	0.0	0.4050331110415337	([768], [768, 767])
0	0.0	0.4052403337186279	([914], [914, 913])
0	0.0	0.40538291032647317	([245], [245, 244])
0	0.0	0.40553130772507345	([904], [904, 903])
0	0.0	0.4055836536406037	([440], [440, 439])
0	0.0	0.40571901595696075	([1137], [1137, 1136])
0	0.0	0.40578863202423343	([123], [123, 122])
0	0.0	0.40578977225497104	([1360], [1360, 1359])
0	0.0	0.4058529437456372	([661], [661, 660])
0	0.0	0.405933590101421	([1470], [1470, 1469])
0	0.0	0.4060665006949182	([738], [738, 737])
0	0.0	0.4061384642262382	([617], [617, 616])
0	0.0	0.406225956469825	([610], [610, 609])
0	0.0	0.4063201359651871	([39], [42, 33])
0	0.0	0.4068049072809771	([890], [890, 889])
0	0.0	0.4070331528074511	([461], [461, 460])
0	0.0	0.4070730115791444	([1277], [1277, 1276])
0	0.0	0.40709426534365645	([562], [562, 561])
0	0.0	0.40711700319819544	([574], [574, 573])
0	0.0	0.407430103726734	([669], [669, 668])
0	0.0	0.40746287210688753	([555], [555, 554])
0	0.0	0.40749320964174557	([1091], [1091, 1090])
0	0.0	0.4076336086431525	([671], [671, 670])
0	0.0	0.4077082187791657	([750], [750, 749])
0	0.0	0.40777140655484506	([452], [452, 451])
0	0.0	0.4078048920045144	([982], [982, 981])
0	0.0	0.4078889853533673	([990], [990, 989])
0	0.0	0.4079370627940066	([597], [597, 596])
0	0.0	0.4083257998332332	([1210], [1210, 1209])
0	0.0	0.4085428445848283	([882], [882, 880])
0	0.0	0.4087383203893244	([1111], [1111, 1110])
0	0.0	0.4087608515784536	([767], [767, 766])
0	0.0	0.40878208202529565	([464], [464, 463])
0	0.0	0.40878709215247566	([1124], [1124, 1123])
0	0.0	0.4089186021119551	([693], [693, 692])
0	0.0	0.4089741985642142	([1161], [1161, 1160])
0	0.0	0.4089804525094169	([1296], [1296, 1295])
0	0.0	0.4091220006551311	([549], [549, 548])
0	0.0	0.4092876529022174	([557], [557, 556])
0	0.0	0.4093480932517198	([601], [601, 600])
0	0.0	0.40939941490694703	([1282], [1282, 1281])
0	0.0	0.40945676376084267	([454], [454, 453])
0	0.0	0.40977154382372777	([124], [124, 123])
0	0.0	0.4097749423701882	([322], [322, 321])
0	0.0	0.4098568767339746	([1377], [1377, 1376])
0	0.0	0.4099720768816985	([465], [465, 464])
0	0.0	0.4100415113944283	([1301], [1301, 1299])
0	0.0	0.410207039772455	([523], [523, 522])
0	0.0	0.41043723955984884	([949], [949, 948])
0	0.0	0.4105676114238829	([751], [751, 750])
0	0.0	0.4105786378728345	([766], [766, 765])
0	0.0	0.4106008422127396	([761], [761, 760])
0	0.0	0.41061194654948524	([660], [660, 659])
0	0.0	0.410682638206931	([753], [753, 752])
0	0.0	0.4107137061933418	([749], [749, 748])
0	0.0	0.4107262563135986	([110], [110, 109])
0	0.0	0.41081535752991677	([735], [735, 734])
0	0.0	0.41106364443482746	([666], [666, 665])
0	0.0	0.41107111345661274	([1083], [1083, 1082])
0	0.0	0.4110712979510364	([5], [5, 4])
0	0.0	0.4111271092797693	([1218], [1218, 1217])
0	0.0	0.41121205336076805	([1432], [1432, 1431])
0	0.0	0.41122292687739803	([316], [316, 315])
0	0.0	0.41133558706288637	([811], [811, 810])
0	0.0	0.4113711521426825	([522], [522, 521])
0	0.0	0.41149504921828606	([293], [293, 292])
0	0.0	0.4115088326610284	([337], [337, 336])
0	0.0	0.41153870332661324	([595], [595, 594])
0	0.0	0.41158636037679625	([1077], [1077, 1076])
0	0.0	0.41171865084090414	([164], [164, 163])
0	0.0	0.41192604813620975	([656], [656, 655])
0	0.0	0.4121123365248544	([688], [688, 687])
0	0.0	0.4123044719671519	([689], [689, 688])
0	0.0	0.41243049615580424	([1007], [1007, 1006])
0	0.0	0.41248140514114834	([668], [668, 667])
0	0.0	0.4126261648916813	([23], [23, 22])
0	0.0	0.4126645467168309	([959], [959, 958])
0	0.0	0.41267171896043736	([875], [875, 874])
1	0.40402576204410934	0.41269278225949596	([877, 868], [877, 876, 868])
0	0.0	0.4128274152495249	([315], [315, 314])
0	0.0	0.41314317176371756	([1295], [1301, 1300])
0	0.0	0.4131479824794356	([586], [586, 585])
0	0.0	0.4133180530601461	([589], [589, 588])
0	0.0	0.4134482110213799	([760], [760, 759])
0	0.0	0.4135078091637343	([564], [564, 563])
0	0.0	0.4135716868600205	([593], [593, 592])
0	0.0	0.41357521531384284	([638], [639, 637])
0	0.0	0.4136661577002808	([439], [439, 438])
0	0.0	0.41374151716866614	([122], [122, 121])
0	0.0	0.41376356593612285	([547], [547, 546])
0	0.0	0.41404486635530263	([892], [892, 891])
0	0.0	0.41415200086552034	([95], [95, 94])
0	0.0	0.4142259601839924	([644], [644, 643])
0	0.0	0.41441239612849884	([912], [912, 911])
0	0.0	0.4145601460227162	([4], [4, 3])
0	0.0	0.4145820792606744	([1120], [1120, 1119])
0	0.0	0.41473518766570894	([243], [243, 242])
0	0.0	0.41483816357709846	([1232], [1232, 1231])
0	0.0	0.41484164136077306	([645], [645, 644])
0	0.0	0.41488866488697707	([616], [616, 615])
0	0.0	0.41490503454151434	([960], [960, 959])
0	0.0	0.4151275545107399	([1127], [1127, 1126])
0	0.0	0.41514796288624295	([932], [932, 931])
0	0.0	0.4154524895117209	([654], [654, 653])
0	0.0	0.41557957281228564	([587], [587, 586])
0	0.0	0.41621119864785844	([361], [361, 360])
0	0.0	0.41626399441709877	([524], [524, 523])
0	0.0	0.4163404992080777	([550], [550, 549])
0	0.0	0.41645724366265213	([700], [707, 706])
0	0.0	0.4165252997219446	([294], [294, 293])
0	0.0	0.4166602551813403	([977], [977, 976])
0	0.0	0.41672930324645363	([1401], [1401, 1400])
0	0.0	0.4167543657088428	([340], [340, 339])
0	0.0	0.41685600079383783	([462], [462, 461])
0	0.0	0.41704198441300705	([1001], [1001, 1000])
0	0.0	0.41724510104915996	([290], [290, 289])
0	0.0	0.4172478780403341	([8], [8, 5])
1	0.41721903972791236	0.41735309388615827	([1187, 1181], [1187, 1184, 1183])
0	0.0	0.4175394240676501	([551], [551, 550])
0	0.0	0.4175428790831925	([1361], [1361, 1360])
0	0.0	0.4179296668765318	([891], [891, 890])
0	0.0	0.41804227817960843	([903], [903, 902])
0	0.0	0.41810001952418674	([962], [962, 961])
0	0.0	0.41816137183455077	([160], [160, 159])
1	0.41629098836058465	0.4181729090559558	([966, 962], [966, 964, 963])
0	0.0	0.4182015280170498	([1078], [1078, 1077])
0	0.0	0.4183504112175933	([1104], [1104, 1103])
0	0.0	0.41848406271187444	([216], [216, 215])
0	0.0	0.41857518277112477	([159], [159, 158])
0	0.0	0.41869604729682314	([456], [456, 455])
0	0.0	0.41891961952278917	([24], [24, 23])
0	0.0	0.4191214290699952	([1009], [1009, 1008])
0	0.0	0.4191860932183469	([150], [150, 149])
0	0.0	0.4192138165615225	([594], [594, 593])
0	0.0	0.41922059264666417	([103], [103, 101])
0	0.0	0.4195139677174132	([97], [97, 96])
0	0.0	0.4198170835007141	([135], [135, 134])
0	0.0	0.41983344924027904	([667], [667, 666])
0	0.0	0.4200953509892093	([653], [653, 652])
0	0.0	0.42014557871191943	([1112], [1112, 1111])
0	0.0	0.4202196239969073	([652], [652, 651])
0	0.0	0.42039114769658353	([1256], [1256, 1255])
0	0.0	0.42040105866636773	([519], [519, 518])
0	0.0	0.4204208755232372	([752], [752, 751])
0	0.0	0.42047171098422703	([897], [897, 896])
1	0.4188588999243406	0.4204825777452481	([1014, 1011], [1014, 1013, 1011])
0	0.0	0.42058092929893703	([1209], [1209, 1208])
1	0.39867095511560946	0.42059570531874496	([792, 785], [792, 791, 785])
0	0.0	0.4206977331665529	([25], [25, 24])
0	0.0	0.4207551538148088	([112], [112, 111])
0	0.0	0.42078296536679277	([980], [980, 978])
0	0.0	0.42088644992820606	([474], [474, 473])
0	0.0	0.4209852311290239	([344], [344, 343])
0	0.0	0.4209908072084377	([20], [20, 19])
0	0.0	0.4209951124809847	([1], [1, 0])
0	0.0	0.4211763995166564	([567], [567, 566])
0	0.0	0.4212040485117156	([986], [986, 985])
0	0.0	0.42130320948110844	([563], [563, 562])
0	0.0	0.4216968867319683	([101], [103, 102])
0	0.0	0.4217253513848347	([475], [475, 474])
0	0.0	0.4218341813686376	([1005], [1005, 1004])
0	0.0	0.42205776330310163	([1095], [1096, 1094])
0	0.0	0.4222395391465746	([217], [217, 216])
0	0.0	0.4223519252961809	([633], [633, 632])
0	0.0	0.4223591787228914	([540], [540, 539])
0	0.0	0.42244811048695396	([94], [94, 93])
0	0.0	0.42247418826793715	([149], [149, 148])
0	0.0	0.42253707599973633	([1159], [1159, 1158])
0	0.0	0.42273689898738465	([96], [96, 95])
0	0.0	0.42277162627296244	([781], [781, 780])
0	0.0	0.422882126595944	([1237], [1237, 1236])
0	0.0	0.42298955165142416	([577], [577, 576])
0	0.0	0.42303751397823425	([913], [913, 912])
0	0.0	0.42304597711518366	([634], [634, 632])
0	0.0	0.42306067853454377	([26], [26, 25])
0	0.0	0.42321673589542447	([812], [812, 811])
0	0.0	0.42339184578578426	([2], [8, 7])
0	0.0	0.42345384590916424	([1300], [1295, 1294])
0	0.0	0.42371031938022746	([696], [696, 695])
0	0.0	0.4237896870492177	([568], [568, 567])
0	0.0	0.42395001523850984	([896], [896, 895])
0	0.0	0.42401927803452305	([469], [469, 468])
0	0.0	0.42403203049836014	([121], [121, 120])
0	0.0	0.4240593741423803	([482], [482, 481])
0	0.0	0.42412365600486995	([908], [908, 907])
0	0.0	0.42419117049621224	([571], [571, 570])
0	0.0	0.424343959975436	([1115], [1115, 1114])
0	0.0	0.4244158403779748	([565], [565, 564])
0	0.0	0.42449989499780677	([1160], [1160, 1159])
0	0.0	0.42471309466673207	([345], [345, 344])
0	0.0	0.4247289293451189	([605], [605, 604])
0	0.0	0.42477325486063106	([346], [346, 345])
0	0.0	0.4249868120573887	([576], [576, 575])
0	0.0	0.42501903932773627	([114], [114, 113])
0	0.0	0.4250806964194227	([529], [529, 528])
0	0.0	0.4252310971361782	([1378], [1378, 1377])
0	0.0	0.42533257798691315	([351], [351, 350])
0	0.0	0.42536708208404744	([546], [546, 545])
0	0.0	0.4255054565947709	([697], [697, 696])
0	0.0	0.42567472309420734	([615], [615, 614])
0	0.0	0.4258808493233848	([292], [292, 291])
1	0.40718255290273725	0.42594215881774683	([1270, 1266], [1270, 1269, 1268])
0	0.0	0.42603480423261075	([976], [976, 975])
0	0.0	0.4260840977941795	([1352], [1352, 1351])
0	0.0	0.42652487760001506	([120], [120, 119])
0	0.0	0.42661804848896195	([582], [582, 581])
0	0.0	0.42691232553318637	([961], [961, 960])
0	0.0	0.4269238853802128	([736], [736, 735])
0	0.0	0.42718487150449586	([527], [527, 526])
0	0.0	0.42742104114304	([1122], [1122, 1121])
0	0.0	0.4279120055597007	([758], [758, 757])
0	0.0	0.42801907327913064	([111], [111, 110])
0	0.0	0.4281075576818979	([917], [980, 979])
0	0.0	0.42824915935620783	([1076], [1076, 1075])
1	0.4277847020553134	0.42825204689537844	([635, 628], [635, 634, 628])
0	0.0	0.4282531963943413	([655], [655, 654])
0	0.0	0.4283651712921252	([543], [543, 542])
0	0.0	0.42865007058778243	([530], [530, 529])
0	0.0	0.42883888248787544	([588], [588, 587])
0	0.0	0.4289401289651852	([762], [762, 761])
0	0.0	0.42897677775062765	([463], [464, 462])
0	0.0	0.4291677916695487	([455], [455, 454])
0	0.0	0.4294252298413714	([220], [220, 219])
0	0.0	0.42963547088986864	([451], [451, 449])
0	0.0	0.42974384445816427	([35], [35, 34])
0	0.0	0.4300456619024307	([218], [218, 217])
0	0.0	0.4301111744949107	([907], [907, 906])
0	0.0	0.4301588432528502	([1113], [1113, 1112])
0	0.0	0.43019735085759464	([780], [780, 779])
0	0.0	0.43024358381340694	([517], [517, 516])
0	0.0	0.4302736839451787	([916], [916, 915])
0	0.0	0.4303057826508595	([1400], [1400, 1399])
0	0.0	0.43032762759425025	([239], [239, 238])
0	0.0	0.43045725101050186	([483], [483, 482])
0	0.0	0.4305725190646345	([153], [153, 152])
0	0.0	0.43096273264439133	([79], [79, 78])
0	0.0	0.4313056702486435	([1384], [1384, 1382])
0	0.0	0.4314831685096916	([898], [898, 897])
0	0.0	0.43179121460955816	([979], [917, 916])
0	0.0	0.43199440040219966	([900], [900, 899])
0	0.0	0.4320211678355861	([569], [569, 568])
0	0.0	0.4320684173896607	([1290], [1290, 1288])
0	0.0	0.43207315683807074	([1103], [1104, 1102])
0	0.0	0.4320893690251531	([590], [590, 589])
0	0.0	0.4323915386594357	([673], [673, 672])
0	0.0	0.4324447873938902	([175], [175, 174])
0	0.0	0.4325392758603512	([247], [247, 246])
0	0.0	0.43263201650845085	([36], [36, 35])
0	0.0	0.4330658397103376	([242], [242, 241])
1	0.43127617244083527	0.43306765877377507	([880, 877], [880, 879, 878])
0	0.0	0.4331906331681458	([985], [985, 984])
0	0.0	0.43324905664954283	([1123], [1123, 1122])
0	0.0	0.4336861477433236	([520], [520, 519])
0	0.0	0.43370830028473945	([219], [220, 218])
0	0.0	0.4337534188605597	([312], [312, 311])
1	0.4336440536738251	0.4339218582229429	([562, 558], [562, 560, 559])
0	0.0	0.43399231277168904	([100], [100, 99])
0	0.0	0.43426038894027114	([647], [647, 646])
0	0.0	0.4343273959086348	([646], [647, 645])
0	0.0	0.4343736400726422	([246], [246, 245])
0	0.0	0.4344267410312795	([1116], [1116, 1115])
0	0.0	0.43449293835157143	([1353], [1384, 1383])
0	0.0	0.43449430992775767	([317], [317, 316])
0	0.0	0.4344989948673147	([675], [675, 674])
0	0.0	0.43466723132633966	([447], [447, 445])
0	0.0	0.4350155279654263	([119], [119, 118])
0	0.0	0.43503038872373917	([343], [343, 342])
0	0.0	0.43544908828384715	([526], [526, 525])
0	0.0	0.4354613192851601	([570], [570, 569])
0	0.0	0.4357481408212447	([291], [291, 290])
0	0.0	0.43594031270619893	([347], [347, 346])
0	0.0	0.4359818500363531	([553], [553, 552])
0	0.0	0.4366979055695592	([342], [342, 341])
0	0.0	0.4368509169649518	([80], [80, 79])
0	0.0	0.43704087967965183	([637], [638, 636])
0	0.0	0.4370929194254608	([437], [447, 446])
0	0.0	0.4375878048908522	([470], [470, 469])
0	0.0	0.43767775507043283	([98], [98, 97])
0	0.0	0.43781198043084957	([295], [295, 294])
0	0.0	0.43783776901393545	([102], [101, 100])
0	0.0	0.43799588953901525	([521], [521, 520])
0	0.0	0.43810357455679544	([687], [687, 686])
0	0.0	0.43814452578337854	([32], [39, 38])
0	0.0	0.43828182217620226	([37], [37, 36])
0	0.0	0.43842197500495844	([158], [158, 157])
0	0.0	0.43849324693676045	([676], [676, 675])
1	0.4191686986965533	0.4386174327995852	([1344, 1337], [1344, 1343, 1338])
0	0.0	0.43866014117877583	([471], [471, 470])
0	0.0	0.43866526283165574	([1484], [1485, 1482])
0	0.0	0.43886157101117573	([467], [467, 466])
0	0.0	0.43897098467204027	([38], [32, 31])
0	0.0	0.43903071101384167	([1289], [1289, 1288])
0	0.0	0.43909213999204605	([609], [609, 607])
0	0.0	0.4396185475810501	([211], [211, 210])
0	0.0	0.4398379015877931	([552], [552, 551])
0	0.0	0.43989744905419476	([739], [739, 738])
0	0.0	0.4399008816310397	([301], [301, 71])
0	0.0	0.4402181213454189	([1383], [1353, 1352])
0	0.0	0.4403984674789477	([311], [311, 310])
0	0.0	0.44055268194519115	([177], [177, 176])
0	0.0	0.44083361980135505	([608], [608, 607])
0	0.0	0.44115788358944424	([134], [134, 133])
0	0.0	0.4412659803694058	([215], [215, 214])
0	0.0	0.4412806892829032	([30], [30, 29])
0	0.0	0.4413311724789745	([21], [21, 20])
0	0.0	0.44146772499824716	([154], [154, 153])
0	0.0	0.4417227362660261	([554], [554, 553])
0	0.0	0.441776180624372	([459], [459, 458])
0	0.0	0.44216000852845855	([34], [34, 33])
0	0.0	0.4423013627317232	([706], [701, 698])
0	0.0	0.4423625826983064	([613], [613, 612])
0	0.0	0.44245270697520406	([450], [450, 54])
0	0.0	0.44265203737737463	([686], [700, 699])
0	0.0	0.4428775057887867	([583], [583, 582])
0	0.0	0.44302057925245636	([665], [665, 663])
0	0.0	0.44320318105220324	([677], [677, 676])
0	0.0	0.4433925027181053	([1238], [1238, 1237])
0	0.0	0.44377800797539946	([248], [248, 247])
0	0.0	0.44384939868804146	([466], [466, 465])
0	0.0	0.4438745384792527	([434], [434, 433])
1	0.4436144700873604	0.4439861341025541	([1211, 1208], [1211, 1210, 1209])
0	0.0	0.4440098092441284	([435], [435, 434])
1	0.4248340525724831	0.44436761602947117	([10, 6], [10, 8, 5])
0	0.0	0.4444877266907637	([759], [882, 881])
0	0.0	0.4447734513962911	([99], [99, 98])
0	0.0	0.4448486017368618	([460], [460, 459])
0	0.0	0.4449275251759295	([117], [117, 116])
0	0.0	0.44532111982019795	([585], [585, 584])
0	0.0	0.44547600348469285	([27], [28, 25])
0	0.0	0.4457894599037387	([468], [468, 467])
0	0.0	0.44618750158943543	([318], [318, 317])
0	0.0	0.4466625311837046	([599], [599, 598])
0	0.0	0.4467747986928032	([238], [239, 237])
0	0.0	0.4470099448416441	([607], [607, 606])
0	0.0	0.4472253268062672	([1278], [1278, 1277])
0	0.0	0.44740224847619864	([614], [614, 612])
0	0.0	0.447631901051916	([191], [191, 190])
0	0.0	0.44779998494389384	([78], [78, 77])
1	0.4406208939613714	0.4478965747311651	([104, 100], [104, 103, 100])
0	0.0	0.4481671439133982	([314], [314, 312])
0	0.0	0.4485724889664359	([1254], [1254, 1253])
0	0.0	0.4487298032190089	([7], [2, 1])
0	0.0	0.44890835155021314	([81], [81, 80])
0	0.0	0.44892793270033626	([240], [240, 239])
0	0.0	0.4490110051996737	([881], [759, 758])
0	0.0	0.4490477495540261	([44], [44, 43])
0	0.0	0.44930517256446856	([1279], [1279, 1278])
0	0.0	0.4497858649189456	([310], [314, 313])
0	0.0	0.44982280896854826	([303], [303, 302])
0	0.0	0.44998280622485887	([133], [133, 132])
0	0.0	0.45044590261723905	([737], [737, 736])
0	0.0	0.4505530745545497	([151], [152, 149])
0	0.0	0.45109870667244795	([1100], [1100, 1098])
0	0.0	0.4513484708417452	([1483], [1483, 54])
0	0.0	0.4517699462264385	([1003], [1003, 1002])
0	0.0	0.45196852520178743	([156], [156, 155])
0	0.0	0.4520258088684821	([88], [88, 87])
0	0.0	0.45210616500859885	([699], [688, 678])
0	0.0	0.4521272421227787	([472], [472, 471])
0	0.0	0.45233711670257454	([43], [43, 42])
0	0.0	0.4524624266082729	([541], [541, 540])
0	0.0	0.45247495109607105	([606], [607, 605])
0	0.0	0.45266438106356494	([161], [161, 160])
0	0.0	0.45298114346628005	([348], [348, 347])
0	0.0	0.45314692078515467	([674], [674, 673])
0	0.0	0.4531672411045523	([125], [125, 124])
0	0.0	0.4535168382816425	([296], [296, 295])
0	0.0	0.4535742776373844	([473], [473, 472])
0	0.0	0.45368398283373707	([115], [115, 114])
0	0.0	0.45394329417658313	([1255], [1255, 1254])
0	0.0	0.45407667611245806	([189], [189, 188])
0	0.0	0.45444162586314446	([350], [350, 349])
0	0.0	0.4548884697942588	([155], [155, 154])
0	0.0	0.4554150343853656	([45], [45, 44])
0	0.0	0.4559031647308706	([118], [118, 117])
0	0.0	0.4559940499857033	([732], [732, 51])
0	0.0	0.4561232167904887	([299], [299, 298])
1	0.45162754750456957	0.4561576012877216	([7, 6], [8, 7, 6])
0	0.0	0.4562186733404086	([313], [310, 309])
0	0.0	0.4562851235196616	([899], [899, 898])
0	0.0	0.4564400118113548	([126], [126, 124])
0	0.0	0.4566341772948591	([178], [178, 113])
0	0.0	0.45679974665757733	([757], [757, 756])
0	0.0	0.4569934435206269	([579], [579, 71])
0	0.0	0.45715905802095036	([349], [349, 348])
0	0.0	0.45724141944713365	([113], [115, 112])
0	0.0	0.4572696965109818	([83], [83, 82])
0	0.0	0.45740356856390796	([1004], [1004, 1003])
0	0.0	0.457466032720445	([300], [300, 299])
0	0.0	0.45808082609102574	([87], [87, 85])
0	0.0	0.4581102464999024	([127], [127, 126])
0	0.0	0.4581653245434873	([664], [664, 71])
0	0.0	0.4582797418955758	([304], [304, 303])
0	0.0	0.45837760109727016	([584], [584, 583])
0	0.0	0.4585959347514134	([77], [77, 76])
0	0.0	0.4586826184132635	([733], [733, 731])
0	0.0	0.4586889924823858	([545], [545, 543])
0	0.0	0.45885601043597285	([85], [85, 83])
0	0.0	0.4588684226461148	([241], [241, 239])
0	0.0	0.4594046615064908	([1101], [1101, 1096])
0	0.0	0.45941245035459316	([71], [664, 663])
1	0.45790714602951443	0.45942092824175296	([119, 115], [119, 118, 116])
1	0.458854747204047	0.4597227238824709	([99, 96], [99, 98, 97])
0	0.0	0.45980732243976347	([157], [157, 156])
0	0.0	0.45980752680119186	([214], [214, 211])
0	0.0	0.46033474929621854	([446], [437, 436])
0	0.0	0.46062371941023433	([89], [89, 88])
0	0.0	0.4606354485583401	([210], [214, 213])
1	0.45783294377482947	0.4606540452908477	([900, 897], [900, 899, 898])
0	0.0	0.4606958485489906	([578], [578, 577])
0	0.0	0.4611589606291705	([84], [84, 83])
0	0.0	0.4614670943083071	([249], [249, 248])
0	0.0	0.4614978573481672	([433], [435, 363])
0	0.0	0.4624038322899063	([756], [756, 755])
0	0.0	0.46242497266602534	([319], [319, 318])
0	0.0	0.4626049600161141	([591], [591, 51])
1	0.45661222951484354	0.4626664430193471	([1169, 1165], [1169, 1167, 1165])
0	0.0	0.46296325986423537	([363], [363, 362])
0	0.0	0.4630249161778161	([640], [640, 637])
0	0.0	0.46306160203492147	([55], [55, 50])
0	0.0	0.4633722863387693	([185], [185, 180])
0	0.0	0.46354622147232477	([580], [580, 579])
0	0.0	0.463611112589111	([46], [46, 45])
0	0.0	0.46405801938078833	([188], [189, 186])
0	0.0	0.46414641938321555	([76], [77, 74])
0	0.0	0.4641987033026328	([186], [188, 180])
0	0.0	0.46436011143324407	([82], [82, 81])
0	0.0	0.4645414759716347	([542], [542, 541])
0	0.0	0.46461322154879436	([362], [362, 361])
0	0.0	0.4648240362138074	([309], [309, 308])
0	0.0	0.46512026367826836	([75], [75, 74])
1	0.4438442088561096	0.46549833315619393	([1271, 1262], [1271, 1270, 1263])
0	0.0	0.4657411773674693	([90], [90, 89])
1	0.46532264707457294	0.4657798318917226	([1346, 1337], [1346, 1345, 1344])
0	0.0	0.46605812061227325	([67], [67, 66])
0	0.0	0.46611778175293517	([132], [132, 130])
0	0.0	0.4661857347163207	([600], [733, 732])
0	0.0	0.46660832945429837	([47], [47, 45])
0	0.0	0.4666287019499465	([1102], [1103, 1101])
0	0.0	0.4666837727668112	([436], [545, 544])
0	0.0	0.4668411893484027	([544], [544, 179])
0	0.0	0.46699426281562223	([91], [92, 85])
0	0.0	0.46703737368286685	([70], [70, 69])
1	0.453425861342232	0.46757559519535774	([38, 33], [40, 39, 38])
0	0.0	0.46763457801640357	([51], [606, 179])
0	0.0	0.4678593464110894	([199], [199, 75])
1	0.44937925052724553	0.4682623380324792	([39, 36], [39, 38, 34])
0	0.0	0.46853458914109564	([205], [205, 203])
0	0.0	0.4686001317660744	([86], [86, 85])
0	0.0	0.4686154068486748	([212], [212, 211])
0	0.0	0.46887654811740503	([181], [181, 131])
1	0.4543316661824794	0.46888622076994313	([1225, 1221], [1225, 1224, 1221])
1	0.44642516611910943	0.4692728359028251	([38, 37], [38, 37, 34])
0	0.0	0.4693724566368964	([298], [299, 295])
0	0.0	0.4694781600510641	([592], [592, 590])
1	0.46579705104351404	0.4696512410504077	([1152, 1142], [1152, 1148, 1142])
0	0.0	0.4698675079683401	([130], [132, 131])
0	0.0	0.4707001994231234	([65], [65, 62])
0	0.0	0.47079631952319134	([179], [436, 433])
0	0.0	0.47089117563200267	([54], [1483, 1482])
0	0.0	0.47096182168127704	([201], [201, 129])
1	0.45159800740029554	0.47136592952036194	([699, 698], [701, 700, 698])
0	0.0	0.4718996209093601	([66], [67, 65])
0	0.0	0.47302864593255073	([206], [206, 205])
0	0.0	0.4737940067909931	([297], [297, 296])
0	0.0	0.4738330695503474	([59], [59, 58])
0	0.0	0.4742809529247758	([308], [471, 177])
0	0.0	0.4743134755972744	([176], [177, 161])
0	0.0	0.4745736521535964	([131], [578, 200])
0	0.0	0.4746929258552758	([68], [68, 67])
0	0.0	0.47488645960722	([162], [162, 161])
0	0.0	0.4759016151805683	([200], [737, 201])
1	0.4751963555105541	0.4765440973144934	([811, 805], [811, 809, 807])
0	0.0	0.4768441415402861	([74], [178, 162])
0	0.0	0.4770841760129601	([60], [60, 59])
0	0.0	0.4776675334810332	([192], [192, 190])
0	0.0	0.4776723259226639	([129], [79, 58])
0	0.0	0.47771666127426965	([58], [301, 300])
0	0.0	0.478072062671813	([203], [203, 2])
0	0.0	0.4780786738105902	([209], [209, 205])
1	0.4743889292934947	0.4781581834997934	([932, 928], [932, 931, 928])
0	0.0	0.47841829302053074	([63], [63, 60])
1	0.46980286136539656	0.4785796158248047	([158, 155], [158, 157, 155])
0	0.0	0.47865294406875847	([62], [68, 63])
1	0.4742286997196866	0.4786688710400602	([632, 620], [632, 624, 620])
0	0.0	0.47876698482163815	([213], [176, 175])
0	0.0	0.47877588824356826	([163], [199, 188])
0	0.0	0.47928771826018685	([180], [180, 128])
0	0.0	0.4793628527855655	([190], [191, 187])
1	0.4780098634360385	0.4793647974586045	([553, 550], [553, 552, 551])
1	0.4650916777594555	0.4810860215541864	([107, 101], [107, 106, 101])
1	0.48091636027160106	0.4813590587444245	([76, 75], [77, 76, 75])
0	0.0	0.48173928415478556	([187], [190, 189])
1	0.47238389958456695	0.4830804392525267	([686, 685], [688, 686, 685])
0	0.0	0.48314902384597136	([128], [187, 50])
0	0.0	0.4836051523957922	([69], [69, 66])
0	0.0	0.48391290188357766	([50], [599, 203])
0	0.0	0.4852092718931267	([0], [206, 202])
1	0.481022769130985	0.48542964428782814	([687, 677], [687, 685, 678])
1	0.4650672774981415	0.4855520063838611	([460, 453], [460, 457, 455])
0	0.0	0.48662512920777123	([302], [302, 300])
1	0.4848769613872394	0.48702442176598737	([361, 356], [361, 360, 356])
1	0.4836724329334034	0.4871079680345655	([213, 212], [214, 213, 211])
1	0.4631910638971354	0.4875479004243664	([1247, 1238], [1247, 1245, 1243])
0	0.0	0.48846516174410276	([61], [61, 60])
1	0.4731369324128398	0.49082465632125793	([1214, 1208], [1214, 1212, 1210])
1	0.47337250697954625	0.4910221449450303	([91, 90], [92, 89, 85])
1	0.48172774822092307	0.49112506687418217	([85, 80], [85, 83, 80])
1	0.48577278912362176	0.49150934351788433	([154, 150], [154, 152, 151])
1	0.48065609805237497	0.49199531614663494	([440, 433], [440, 437, 436])
1	0.4852191534156132	0.4939201238338807	([579, 578], [580, 579, 578])
1	0.48151127138193495	0.49546085854731164	([1276, 1269], [1276, 1271, 1269])
1	0.478557005705933	0.4976212335040138	([636, 621], [636, 628, 627])
1	0.4900132607105126	0.5003008653549947	([70, 67], [70, 69, 66])
1	0.4960412390345482	0.5010720648783316	([1269, 1260], [1268, 1267, 1260])
1	0.49499295422262013	0.5033275562535849	([443, 435], [442, 439, 436])
1	0.49240625762184986	0.5034376949502466	([855, 840], [855, 852, 841])
1	0.5016592352693374	0.5037750324794302	([888, 883], [888, 886, 885])
1	0.47563846287991823	0.5038703699446151	([21, 12], [21, 18, 13])
1	0.4990108602452677	0.5040023800577267	([1402, 1394], [1402, 1400, 1394])
1	0.5010724024405113	0.5040051147981366	([323, 318], [323, 322, 318])
1	0.5013894778727643	0.5042457834058527	([1303, 1296], [1303, 1301, 1298])
1	0.4915000587481707	0.5049492584750045	([521, 515], [521, 518, 515])
1	0.48008648192379993	0.5058126938957486	([298, 297], [299, 298, 296])
1	0.498122386988098	0.5074751510543992	([191, 186], [191, 190, 189])
1	0.5027624061882574	0.5079428409847323	([331, 320], [331, 328, 321])
1	0.5088417463836075	0.5099634766431914	([773, 767], [773, 771, 767])
1	0.5043016827743937	0.5105684358405065	([84, 58], [84, 79, 78])
1	0.511048557780478	0.5111989962499102	([66, 45], [67, 66, 45])
1	0.5061038813839049	0.5122281057936934	([77, 59], [77, 74, 60])
1	0.4940296793643258	0.5122281057936934	([85, 60], [80, 77, 60])
1	0.5104486290629875	0.5123777314958062	([75, 58], [75, 74, 60])
1	0.492464745241278	0.5127246997459104	([303, 297], [303, 299, 295])
1	0.468334637133661	0.5131319190123127	([775, 765], [774, 771, 766])
1	0.5115065780324278	0.5136569318629768	([1182, 1174], [1182, 1181, 1174])
1	0.48289973295330996	0.5139566263173633	([74, 60], [84, 78, 75])
1	0.5043249052283604	0.5144858787057138	([247, 238], [247, 243, 239])
1	0.5052617664287045	0.5148108249749824	([86, 74], [86, 83, 74])
1	0.5127027971690137	0.5155026302617091	([273, 258], [273, 271, 258])
1	0.4954715617931078	0.5158167595841151	([315, 304], [316, 315, 304])
1	0.5118117765356052	0.5161714279520437	([911, 903], [911, 908, 903])
1	0.513718407564924	0.5168189848907654	([473, 466], [473, 471, 469])
1	0.513812858147967	0.5171264872396243	([85, 65], [85, 76, 65])
1	0.5157121773838869	0.5172038885184486	([1367, 1357], [1367, 1362, 1361])
1	0.5156089606484964	0.51730044862726	([595, 588], [595, 592, 589])
1	0.5159153614508	0.5175245890979239	([350, 338], [351, 350, 336])
1	0.47737069279104916	0.5176454818186168	([351, 336], [350, 344, 343])
1	0.5096924911284064	0.5177418273154403	([160, 149], [160, 156, 149])
1	0.5121468177804408	0.5183774698525568	([575, 567], [575, 572, 571])
1	0.5039234568107911	0.5190114337867432	([826, 805], [827, 826, 800])
1	0.5176987528899483	0.51919855638453	([1381, 1376], [1381, 1380, 1376])
1	0.5128709870278773	0.5203167272157284	([76, 66], [85, 76, 70])
1	0.49198037027398206	0.5213649394469644	([502, 489], [502, 495, 489])
1	0.5190726809075267	0.5214927987215685	([248, 237], [248, 247, 237])
1	0.4768274696213203	0.5227629985613854	([93, 84], [90, 87, 86])
1	0.5023110033793476	0.5227629985613854	([180, 90], [180, 90, 86])
1	0.513246353297586	0.5228375448247786	([87, 59], [87, 79, 58])
1	0.515639948910479	0.5245959429978689	([668, 662], [668, 666, 665])
1	0.5047026652250091	0.5245975908023516	([472, 464], [472, 470, 464])
1	0.5168547124176431	0.5246498734975669	([68, 46], [68, 65, 44])
1	0.5180141041859184	0.5247780872851519	([192, 126], [192, 132, 130])
1	0.5170158409758482	0.5250602837240522	([1378, 1371], [1378, 1377, 1372])
1	0.5004839397327894	0.5251555767180497	([1459, 1440], [1459, 1458, 1449])
1	0.509683338491354	0.5257690787242929	([91, 65], [93, 91, 58])
1	0.5214410494522375	0.5257830129339742	([312, 295], [312, 310, 303])
1	0.5162092927676669	0.5259238987121245	([36, 29], [36, 34, 29])
1	0.501414331653697	0.5259337306805263	([310, 303], [310, 309, 302])
1	0.46609858968090234	0.525996876876409	([186, 185], [188, 186, 185])
1	0.4915162853774325	0.525996876876409	([187, 185], [188, 187, 185])
1	0.5198803118195923	0.5263205651731762	([983, 974], [983, 980, 977])
1	0.5188342286131886	0.5267050200904553	([581, 573], [581, 578, 576])
1	0.5281132779229781	0.5305287998640207	([1115, 1102], [1115, 1111, 1102])
1	0.5134595655745415	0.5306875293060055	([1216, 1207], [1215, 1214, 1207])
1	0.45918554380357085	0.5309431882771667	([827, 800], [826, 822, 813])
1	0.5173801670223319	0.5309994649268204	([150, 130], [149, 148, 130])
1	0.5232470159731426	0.5319149814182028	([81, 55], [81, 76, 75])
1	0.5033055631148882	0.532557731313244	([458, 438], [458, 457, 437])
1	0.52483961471838	0.5328377012708573	([130, 121], [130, 128, 126])
1	0.5042794937310004	0.5328377012708573	([132, 126], [132, 130, 126])
1	0.5319468738381377	0.5335010771397452	([77, 45], [67, 60, 58])
1	0.4887935618129443	0.5335010771397452	([74, 68], [74, 67, 60])
1	0.5038881021251849	0.5335010771397452	([89, 68], [89, 67, 60])
1	0.5212024169136281	0.5341478483924289	([132, 61], [132, 129, 126])
1	0.534051734445368	0.5351713932998835	([933, 924], [934, 933, 923])
1	0.5265796583586084	0.5356344858309113	([81, 69], [88, 78, 69])
1	0.5251448721445423	0.5359843759496234	([1095, 1085], [1096, 1095, 1085])
1	0.5081845785327259	0.5359973978679036	([1352, 1344], [1352, 1347, 1345])
1	0.5359072151464939	0.5361239491597464	([281, 264], [281, 277, 269])
1	0.5246331371530334	0.5361273276546621	([798, 776], [797, 786, 777])
1	0.5194273428499143	0.5367473284437937	([934, 923], [933, 932, 923])
1	0.5189896199302405	0.53725167329126	([157, 55], [187, 155, 50])
1	0.5064788022496624	0.5373754575161371	([85, 46], [88, 65, 58])
1	0.5038914117547934	0.5373896307032785	([44, 26], [37, 34, 29])
1	0.5344663553504698	0.5375324402227666	([129, 45], [129, 127, 45])
1	0.5285376189066769	0.5379148309731857	([180, 98], [180, 98, 86])
1	0.5011910715840883	0.5383433691020034	([1079, 1068], [1079, 1075, 1069])
1	0.5345318808480766	0.5385873271560415	([166, 144], [166, 165, 145])
1	0.5265548023029732	0.5391688013742864	([165, 145], [165, 164, 146])
1	0.5320629297081104	0.5393362771997403	([584, 570], [584, 578, 576])
1	0.4989367255550032	0.5395414698372202	([67, 44], [70, 67, 46])
1	0.5311092134189147	0.539682849273768	([485, 478], [485, 482, 481])
1	0.5278737227474998	0.5396955902212293	([89, 37], [89, 44, 37])
1	0.5171723119963887	0.5401415824910889	([116, 59], [127, 119, 59])
1	0.5015778673381888	0.5403743200556879	([1102, 1098], [1103, 1102, 1098])
1	0.5375881735569044	0.5406541704924668	([1328, 1303], [1328, 1323, 1303])
1	0.49931728355800986	0.5408110064195624	([164, 146], [164, 163, 147])
1	0.4927412022021542	0.540856616315534	([1112, 1100], [1103, 1101, 1098])
1	0.5271605452896186	0.5410214108410929	([97, 65], [97, 91, 90])
1	0.526190151046852	0.5411633600367038	([76, 61], [80, 76, 61])
1	0.5257426154803309	0.5415279621687212	([665, 647], [665, 663, 648])
1	0.5105974314104086	0.5422522357907055	([241, 203], [248, 241, 237])
1	0.5202578406348056	0.5426724796504478	([276, 257], [276, 271, 259])
1	0.5143314250962724	0.5427867871876317	([1096, 1086], [1095, 1093, 1087])
1	0.5324286304220149	0.5432727055737102	([190, 89], [190, 187, 185])
1	0.5062304747886976	0.5434918322356818	([90, 47], [90, 89, 44])
1	0.5292941042849654	0.5435584940782764	([1122, 1100], [1122, 1119, 1115])
1	0.5296320727625655	0.5435867134959952	([341, 69], [349, 340, 339])
1	0.5198115043531396	0.5438213564174952	([167, 143], [167, 165, 145])
1	0.5255759241633311	0.5438542175462745	([283, 267], [283, 278, 267])
1	0.5370440462291102	0.5438890296838063	([275, 255], [275, 268, 258])
1	0.5134506219314201	0.5442186027797246	([777, 764], [776, 775, 764])
1	0.48342161815420454	0.5448169047209603	([65, 58], [66, 63, 60])
1	0.5426219682668617	0.5462399417235159	([1414, 1400], [1414, 1407, 1406])
1	0.5430493415696274	0.546292526751297	([997, 986], [997, 995, 986])
1	0.4959118281192856	0.5466089187152401	([457, 437], [458, 455, 439])
1	0.5457104040333525	0.5467514355757683	([1357, 1345], [1357, 1354, 1352])
1	0.5460704188353732	0.5470556286434398	([1089, 1074], [1089, 1082, 1081])
1	0.5349576583091121	0.5470866745207347	([311, 202], [311, 303, 302])
1	0.5390485065032826	0.5477281423541024	([96, 63], [96, 94, 63])
1	0.5470501697510586	0.5478074477081737	([1258, 1249], [1258, 1257, 1252])
1	0.5461021266615871	0.5487981596609001	([633, 69], [633, 616, 614])
1	0.5464955035945092	0.5493313323928791	([214, 205], [214, 213, 205])
1	0.5442932918719264	0.5496808507671964	([241, 191], [241, 191, 190])
1	0.5381067501963308	0.5496832296629037	([362, 348], [362, 361, 348])
1	0.5401873995954715	0.5499821162789622	([352, 334], [352, 350, 336])
1	0.525666173974949	0.5500304554197856	([1294, 1276], [1294, 1290, 1277])
1	0.5484038888746376	0.5515247492544559	([910, 895], [910, 903, 897])
1	0.5434000276345309	0.5516600343389292	([115, 96], [115, 96, 89])
1	0.5337770504844823	0.551855629506354	([473, 433], [466, 455, 433])
1	0.5261232417938502	0.5518700827350522	([300, 58], [300, 75, 74])
1	0.5003572714913221	0.5519357403433224	([31, 19], [31, 30, 20])
1	0.5427283042517955	0.5524243845500099	([1208, 1200], [1208, 1206, 1203])
1	0.5499555255366048	0.5528214815577205	([130, 99], [130, 115, 111])
1	0.5480124832452455	0.5528814882748841	([1100, 1091], [1100, 1095, 1091])
1	0.5394529811458745	0.5530911662898668	([309, 45], [299, 296, 45])
1	0.541542727449014	0.5531022689215855	([913, 180], [913, 905, 902])
1	0.5524305861969198	0.5531433754509572	([98, 59], [116, 112, 98])
1	0.5131493164293714	0.5533227977918939	([127, 59], [98, 90, 86])
1	0.5205402864350606	0.5538159126233205	([115, 89], [116, 115, 96])
1	0.5442740748179177	0.5546821204737408	([236, 220], [236, 231, 225])
1	0.5412622042595906	0.5548476792895397	([434, 192], [436, 434, 192])
1	0.5454838473885054	0.554915456614629	([251, 234], [251, 250, 234])
1	0.5392005816659587	0.5551825197512299	([91, 45], [91, 65, 44])
1	0.5299597190500711	0.5553608536147804	([297, 188], [297, 188, 185])
1	0.5522859179192291	0.5554437428302732	([504, 486], [504, 500, 489])
1	0.5429818876741326	0.555911400868612	([1261, 1251], [1261, 1258, 1251])
1	0.5553689471721379	0.5560754762525396	([110, 55], [120, 110, 107])
1	0.5457430543544425	0.5562805677838494	([1100, 1083], [1100, 1095, 1085])
1	0.5485343954737459	0.5563806976776521	([1153, 1135], [1153, 1145, 1140])
1	0.5256413741833946	0.5566426850245253	([472, 192], [472, 463, 192])
1	0.5340725464615265	0.5567183281764707	([454, 180], [454, 442, 434])
1	0.49219828649352326	0.5569760541968122	([467, 458], [469, 467, 457])
1	0.5472390128005142	0.5570362913755681	([213, 192], [213, 211, 192])
1	0.5294706088313474	0.5570400572498432	([185, 89], [186, 185, 44])
1	0.5321565126946927	0.5571821563401376	([202, 112], [202, 125, 112])
1	0.5545224869183508	0.5575481445246309	([246, 216], [246, 244, 216])
1	0.5525810076707823	0.5576839922937977	([120, 61], [129, 122, 120])
1	0.5477440956678383	0.5577561201753509	([433, 313], [433, 313, 311])
1	0.5459383581988929	0.5579018161080533	([63, 36], [63, 60, 36])
1	0.5259893190628808	0.5579740745573486	([118, 50], [125, 121, 50])
1	0.5321377463507669	0.5584554706823055	([118, 58], [118, 93, 89])
1	0.5493145797608602	0.5584680398187465	([81, 47], [81, 78, 47])
1	0.5061908463519169	0.5585086032310776	([148, 133], [147, 146, 134])
1	0.5486460911342272	0.558770801879089	([284, 253], [284, 280, 253])
1	0.5510530145135637	0.5589754714650612	([565, 433], [573, 572, 433])
1	0.549585531969139	0.5591353216125927	([104, 33], [105, 104, 42])
1	0.5517076283897212	0.5595089712371204	([170, 139], [170, 166, 144])
1	0.5483557947209441	0.5595885900908713	([47, 29], [47, 44, 25])
1	0.5051230974652772	0.5596595271334022	([299, 192], [300, 297, 296])
1	0.54041896864314	0.5599107921356955	([640, 610], [640, 636, 616])
1	0.5441783386992213	0.5599747420814438	([309, 189], [309, 296, 189])
1	0.5042194999169347	0.5604525487857311	([68, 61], [68, 63, 60])
1	0.5266694486583317	0.5606758274195508	([308, 205], [308, 301, 300])
1	0.5277219776195723	0.5610090934342175	([303, 186], [300, 297, 185])
1	0.5236936046117656	0.5610090934342175	([308, 185], [308, 300, 185])
1	0.5118980463618789	0.5611371781445353	([88, 69], [78, 76, 70])
1	0.5061764680260655	0.5612225534884229	([1289, 181], [1289, 1279, 1278])
1	0.5150325702830896	0.5616558229741929	([202, 86], [202, 86, 77])
1	0.5600938680333604	0.5616842697952686	([1470, 1439], [1470, 1460, 1459])
1	0.5544365724304638	0.5618006392621913	([1415, 1100], [1415, 1402, 1400])
1	0.5465999480845108	0.5620602077246972	([176, 163], [177, 176, 162])
1	0.5567446647861506	0.5621161613991009	([149, 62], [156, 149, 65])
1	0.5384541102426055	0.5629840615293851	([736, 69], [736, 732, 731])
1	0.5566635503799824	0.563193487247441	([750, 734], [750, 742, 741])
1	0.5615021585408464	0.5632080562805319	([192, 162], [192, 190, 160])
1	0.549211890677605	0.5633157597919778	([296, 206], [296, 206, 89])
1	0.5592326049257557	0.5637137334644565	([576, 46], [584, 576, 46])
1	0.5568937330994761	0.5637137334644565	([593, 46], [590, 584, 46])
1	0.5620248488745682	0.5638680220360685	([189, 131], [297, 189, 84])
1	0.5485251240415574	0.5644776929975648	([190, 157], [192, 160, 153])
1	0.5606225567880047	0.5646028957249672	([1101, 1090], [1101, 1096, 1090])
1	0.5381382142594304	0.5646088530670735	([95, 61], [95, 87, 61])
1	0.5556381494179357	0.5646088530670735	([295, 87], [297, 87, 61])
1	0.564734585336615	0.5650509250390797	([1329, 1302], [1329, 1326, 1302])
1	0.5443070519409582	0.5653245224103115	([567, 554], [567, 565, 554])
1	0.549088187488501	0.5654103113099556	([126, 58], [128, 126, 70])
1	0.5542309893378854	0.5654953979365374	([1000, 982], [1000, 993, 991])
1	0.5213879726258599	0.5656661330583042	([180, 155], [180, 162, 155])
1	0.5087766448883907	0.5658939366246291	([129, 61], [120, 96, 95])
1	0.527390526220965	0.5666328220634176	([186, 44], [190, 187, 66])
1	0.5645486444382695	0.5666328220634176	([310, 66], [310, 190, 66])
1	0.5570205305374063	0.5670184777916217	([1162, 1152], [1162, 1161, 1152])
1	0.5612438956099635	0.5671533767058738	([1407, 1391], [1407, 1401, 1400])
1	0.5384037823206403	0.5672810708078597	([213, 206], [211, 210, 209])
1	0.5385814447078183	0.5675638026833899	([475, 467], [475, 473, 469])
1	0.5438362551984649	0.5676812207860643	([240, 74], [244, 240, 216])
1	0.5149069944268365	0.5681042408783151	([45, 27], [45, 35, 29])
1	0.5518447407015848	0.568171977459675	([192, 113], [192, 130, 111])
1	0.5677119104733211	0.5683703644755072	([46, 24], [46, 37, 35])
1	0.531603205984617	0.5683703644755072	([70, 38], [70, 46, 37])
1	0.5606026349145505	0.5686646934600909	([642, 613], [642, 638, 621])
1	0.5541135262481826	0.5688460820589891	([769, 756], [769, 766, 760])
1	0.5669551859201436	0.5689467410896196	([1118, 1104], [1118, 1117, 1104])
1	0.5548670131319189	0.5691375059734706	([243, 187], [295, 245, 243])
1	0.537187289428556	0.5691887381011685	([124, 91], [121, 107, 93])
1	0.5612186435214386	0.5694364871689314	([529, 202], [529, 523, 202])
1	0.5371896177910993	0.5695238656504757	([112, 85], [112, 98, 92])
1	0.5683846535571615	0.5695238656504757	([119, 92], [119, 112, 92])
1	0.5528528385616468	0.5695979419869149	([1431, 1100], [1431, 1430, 1415])
1	0.5325428855185615	0.5698704114753239	([468, 180], [468, 454, 453])
1	0.5564803410096378	0.5698746818950878	([127, 94], [127, 115, 112])
1	0.5383792336572092	0.5699160818267498	([206, 190], [206, 205, 190])
1	0.5682687016153434	0.5699769379202309	([1232, 1212], [1232, 1225, 1220])
1	0.5605829523285641	0.5700343833849281	([451, 74], [451, 436, 434])
1	0.49357065722859284	0.5701728956256108	([84, 63], [86, 74, 60])
1	0.5675625712119503	0.5702988386971091	([1092, 1072], [1092, 1082, 1076])
1	0.5236175825602336	0.5704797868693046	([296, 85], [310, 296, 206])
1	0.5622039409425108	0.5707368263015922	([192, 96], [192, 96, 94])
1	0.5702096508157505	0.5708477614845088	([317, 186], [317, 312, 186])
1	0.5668039266765031	0.570979818842429	([1295, 1275], [1295, 1292, 1276])
1	0.5688918472633124	0.571045810976832	([291, 192], [297, 291, 290])
1	0.5433388588041361	0.571045810976832	([304, 291], [304, 297, 291])
1	0.5234699364003942	0.5710939874910461	([128, 70], [126, 124, 58])
1	0.5178104807364774	0.5713702711089036	([249, 235], [249, 245, 236])
1	0.5704434890788731	0.5714784671469392	([1100, 104], [1100, 104, 31])
1	0.5653696002406373	0.5715056703558319	([114, 75], [130, 114, 111])
1	0.5686435037014498	0.5718567833794389	([1112, 1094], [1112, 1104, 1103])
1	0.5461799438313044	0.571991621246958	([239, 217], [240, 239, 216])
1	0.5585611916631	0.572039569905602	([61, 25], [61, 25, 0])
1	0.5559521855675374	0.5720573735194536	([82, 68], [86, 82, 68])
1	0.5615927466800754	0.5725484519202944	([127, 84], [127, 126, 84])
1	0.5192456699616893	0.5725484519202944	([130, 60], [130, 126, 84])
1	0.550275162918402	0.5726118184003397	([1116, 1101], [1116, 1111, 1110])
1	0.5607742992977731	0.5729303452680963	([101, 46], [101, 86, 46])
1	0.5607720377466847	0.5729312368132066	([607, 597], [607, 605, 598])
1	0.5660729903658532	0.5729843253762958	([343, 62], [363, 350, 62])
1	0.5169586354962801	0.5734894755697773	([205, 187], [206, 89, 60])
1	0.5526888626590837	0.5738983018261837	([359, 335], [358, 352, 335])
1	0.5627123458658897	0.5739554433551488	([562, 69], [565, 562, 557])
1	0.5703756860022431	0.5739574835763971	([349, 190], [349, 347, 192])
1	0.555252513758387	0.5740611552906633	([1255, 1236], [1255, 1252, 1246])
1	0.5648886880752361	0.5740946358643898	([161, 131], [161, 150, 131])
1	0.5540916987510764	0.5741050166966861	([751, 63], [751, 737, 735])
1	0.5720497747391777	0.574165686796287	([640, 605], [640, 610, 605])
1	0.49921762960122656	0.5742309290526382	([187, 155], [187, 155, 148])
1	0.5679311268578041	0.5744016331360938	([639, 606], [639, 632, 612])
1	0.5698968452032745	0.5745297520877221	([1277, 1256], [1277, 1269, 1257])
1	0.5258963537180489	0.574664810409593	([298, 209], [300, 209, 84])
1	0.5085253745944063	0.574664810409593	([300, 74], [300, 297, 84])
1	0.5544644770670377	0.575086872891616	([27, 0], [297, 192, 25])
1	0.49528366357492837	0.575107437046068	([177, 117], [177, 125, 117])
1	0.5469562654132144	0.5752568348482265	([192, 83], [192, 111, 100])
1	0.5690176089879021	0.5752665232471449	([896, 192], [907, 897, 896])
1	0.5288869016154785	0.5755998956948779	([299, 27], [296, 68, 45])
1	0.510764260164062	0.575790519782625	([128, 65], [128, 91, 86])
1	0.49934228521296403	0.575790519782625	([180, 86], [128, 95, 91])
1	0.5619591664945484	0.5759059582070964	([653, 74], [671, 666, 656])
1	0.49689803382106484	0.575984845746824	([181, 156], [181, 156, 131])
1	0.5725929381752257	0.5761390611514313	([1296, 1272], [1296, 1295, 1275])
1	0.5733017380922786	0.5762578557081445	([643, 62], [652, 645, 643])
1	0.5669667970202994	0.5763760718714611	([100, 41], [100, 94, 46])
1	0.5760050240899783	0.576497275072772	([455, 186], [473, 461, 186])
1	0.5735388450554454	0.5768332708627351	([1083, 1066], [1083, 1080, 1066])
1	0.5578216635873758	0.5769465259430917	([212, 189], [213, 212, 186])
1	0.5742909376460914	0.5772324761605896	([210, 44], [213, 210, 44])
1	0.5421350026352487	0.5772552305846889	([471, 61], [472, 471, 185])
1	0.5573173820171674	0.577320937633328	([931, 69], [931, 912, 911])
1	0.5642971111636751	0.5773739109265253	([1101, 1077], [1101, 1090, 1082])
1	0.5595906965664342	0.5774485777052278	([100, 74], [100, 92, 74])
1	0.5290028707856069	0.5774485777052278	([112, 74], [112, 92, 74])
1	0.5563810567602935	0.5774891699194213	([316, 293], [316, 311, 293])
1	0.5602972359290573	0.5776159650311825	([160, 129], [160, 150, 131])
1	0.567513755395503	0.5777991820660047	([744, 730], [744, 739, 730])
1	0.537906313847301	0.5779982912878806	([99, 69], [94, 88, 77])
1	0.5255048887638331	0.5782989521828481	([568, 69], [582, 569, 566])
1	0.5489523363209183	0.5784867726208479	([105, 42], [105, 100, 41])
1	0.5439038695357105	0.5787403466407397	([59, 36], [67, 59, 37])
1	0.5553997683841139	0.5789869625788062	([342, 74], [362, 342, 338])
1	0.5442412408483899	0.5792783269994554	([304, 151], [304, 161, 154])
1	0.5768301527135324	0.579314082347164	([1100, 9], [1100, 30, 9])
1	0.5520132071640284	0.5793479728839448	([127, 0], [112, 95, 61])
1	0.5437922620416393	0.5794152946823771	([244, 214], [241, 216, 215])
1	0.48433103265374877	0.5794572768711597	([1430, 1416], [1431, 1429, 1417])
1	0.5729185611302821	0.5794666130997039	([185, 114], [185, 114, 61])
1	0.5587828161209456	0.5795132616217009	([62, 35], [67, 62, 36])
1	0.5264695786418296	0.5796774545234811	([206, 186], [213, 185, 180])
1	0.5444614751330066	0.5799733798391066	([180, 23], [180, 31, 23])
1	0.5594088494997347	0.5802086141821239	([312, 46], [315, 312, 46])
1	0.5287940473870487	0.5802296412923288	([298, 191], [310, 298, 190])
1	0.5701030085862719	0.580302293372079	([610, 593], [610, 605, 595])
1	0.5498091204162647	0.5805074485442347	([154, 89], [154, 89, 44])
1	0.5527817595202893	0.5807300220151767	([46, 0], [47, 46, 4])
1	0.577317103595159	0.5807551610956648	([546, 65], [550, 546, 65])
1	0.5631626615260761	0.5808530931997802	([637, 599], [637, 610, 605])
1	0.5750057996646774	0.5809137038906442	([117, 86], [117, 95, 91])
1	0.5145640114483866	0.5814582172106287	([209, 84], [209, 126, 84])
1	0.5783058745550472	0.5814582172106287	([209, 121], [209, 126, 121])
1	0.49774388499697014	0.5814647816607005	([128, 50], [187, 130, 124])
1	0.5511827427960913	0.5816625049640649	([544, 192], [564, 556, 192])
1	0.5358201993016781	0.5816855054790064	([191, 75], [191, 189, 75])
1	0.5151708133878113	0.5819582860332456	([206, 58], [300, 297, 205])
1	0.5033426346962301	0.5822971075959577	([185, 61], [296, 189, 84])
1	0.5652315045020152	0.5823850899890273	([299, 117], [299, 127, 117])
1	0.567929405758775	0.5825808744653385	([186, 133], [206, 159, 155])
1	0.5632121475989393	0.5828956105782569	([465, 363], [465, 447, 363])
1	0.5400838639266281	0.5830208543194692	([470, 295], [470, 447, 363])
1	0.5738085197031653	0.5830993310929232	([1297, 1271], [1297, 1296, 1271])
1	0.5413859490307745	0.5831100764320227	([314, 61], [311, 293, 61])
1	0.5827368044831	0.5831825371129226	([304, 95], [304, 122, 113])
1	0.5270964270994024	0.5832195101974416	([206, 46], [212, 206, 186])
1	0.551521303824703	0.5833403872369786	([186, 96], [186, 120, 119])
1	0.5433712623686913	0.5833493266079497	([154, 74], [161, 133, 131])
1	0.4843320078746068	0.5837194602785822	([163, 162], [176, 172, 165])
1	0.5460055723070457	0.5838027802949362	([192, 24], [46, 24, 0])
1	0.5352336405527992	0.5838027802949362	([66, 24], [66, 24, 0])
1	0.5637156339738922	0.58382994068767	([582, 302], [582, 578, 304])
1	0.5658041987960019	0.5839807735959059	([566, 552], [566, 559, 555])
1	0.5584060139858231	0.5841191122444565	([948, 69], [948, 931, 930])
1	0.5812968922182526	0.584218936698764	([361, 186], [434, 362, 361])
1	0.5832993300967184	0.5845014638755087	([189, 153], [296, 189, 158])
1	0.5773927666851163	0.5845679332104246	([293, 85], [296, 293, 290])
1	0.5711258780110449	0.5845857419207721	([473, 186], [455, 451, 186])
1	0.5824004622675263	0.58467535169401	([260, 229], [260, 254, 225])
1	0.5814065452654767	0.584770634940976	([259, 228], [259, 252, 228])
1	0.5678448326141241	0.5848230035286016	([1113, 1091], [1113, 1103, 1094])
1	0.5349609087808217	0.5848558499083352	([191, 90], [191, 87, 67])
1	0.5809238564386143	0.5849927276121484	([668, 209], [668, 662, 659])
1	0.5836665238162888	0.5851019367748144	([654, 61], [654, 646, 61])
1	0.5776857310589851	0.5852969808765708	([1217, 1100], [1217, 1204, 1202])
1	0.5369043176022429	0.5854922723842931	([1100, 1075], [1100, 1095, 1075])
1	0.497158601168666	0.5855037280032759	([608, 203], [608, 599, 597])
1	0.5769613150347651	0.5855742945964384	([116, 65], [116, 93, 88])
1	0.5526117837372626	0.5856049434325146	([303, 211], [308, 303, 211])
1	0.5691809007000912	0.5856636101108192	([859, 834], [859, 843, 838])
1	0.5856985810316919	0.5857993956146649	([574, 65], [584, 574, 566])
1	0.5849474804812277	0.5858012985867217	([981, 958], [981, 972, 958])
1	0.5571646582715443	0.5860372549450077	([348, 192], [434, 361, 350])
1	0.5583179896212676	0.5863397350828826	([588, 567], [588, 585, 567])
1	0.5844868990005742	0.5865208290554761	([257, 224], [257, 254, 224])
1	0.5820242650595384	0.5865791243793665	([593, 58], [593, 592, 58])
1	0.5170938815878448	0.5867706012780842	([186, 127], [189, 186, 120])
1	0.5752262380364391	0.586801133245971	([89, 2], [89, 27, 0])
1	0.5795102629135186	0.5868208047913459	([322, 61], [322, 317, 61])
1	0.5819024586820158	0.5869480416580993	([1130, 1119], [1130, 1128, 1119])
1	0.5835408910889619	0.5874853968442767	([298, 215], [298, 215, 191])
1	0.5841403503398367	0.5876318298636669	([1368, 1347], [1368, 1356, 1347])
1	0.5636996069871834	0.587889169288294	([667, 202], [667, 652, 647])
1	0.5809854084140076	0.5879969164937938	([596, 192], [596, 577, 564])
1	0.5378093890528368	0.5880037219001524	([155, 46], [186, 133, 126])
1	0.5824154704455586	0.5880267700539804	([296, 158], [188, 187, 158])
1	0.5810877713050929	0.5880711067589064	([641, 192], [661, 655, 192])
1	0.5818230867281484	0.5880711067589064	([664, 192], [664, 661, 192])
1	0.5693478334047042	0.5883055656443791	([433, 294], [433, 311, 293])
1	0.5264878679142484	0.5884285306042633	([202, 125], [202, 112, 86])
1	0.5545395830135486	0.5885155269335269	([1416, 1399], [1416, 1414, 1399])
1	0.5635663225346014	0.5885256072806823	([433, 120], [433, 120, 112])
1	0.5742506539721999	0.5885461592215863	([283, 226], [283, 260, 229])
1	0.5642133277714741	0.5886269046074288	([543, 528], [543, 542, 528])
1	0.5847965085160253	0.5886755323276972	([562, 542], [562, 557, 542])
1	0.5821551074221796	0.5892918378854838	([459, 191], [459, 453, 191])
1	0.5772825980031479	0.5896190087960728	([190, 123], [309, 190, 123])
1	0.5651286327821595	0.5896190087960728	([294, 123], [309, 294, 123])
1	0.5878607408351365	0.5896285299104744	([989, 304], [989, 975, 304])
1	0.5660794479830427	0.5896984832077571	([254, 225], [260, 251, 228])
1	0.5824260571687946	0.5897239057038218	([1299, 1273], [1299, 1292, 1276])
1	0.5799532299400081	0.5898057316313334	([551, 297], [567, 554, 297])
1	0.5535084337652801	0.5898517827947559	([74, 35], [74, 67, 35])
1	0.5695978682408867	0.5898632085868207	([903, 74], [903, 891, 890])
1	0.5881200441120396	0.5898935643595351	([1340, 1329], [1340, 1336, 1329])
1	0.5888348028241924	0.589925003825975	([303, 88], [304, 303, 78])
1	0.588360041396512	0.5901720861357	([675, 304], [675, 666, 304])
1	0.5391103420145497	0.5906065441405648	([304, 161], [297, 188, 153])
1	0.5022464297415544	0.5906065441405648	([297, 84], [297, 192, 153])
1	0.5884242592997901	0.5907101388947519	([1204, 1176], [1204, 1202, 1176])
1	0.5766868809919016	0.5907261872460591	([291, 209], [298, 292, 291])
1	0.5425686022612473	0.5907665102552918	([434, 186], [472, 455, 186])
1	0.5747988552018823	0.5907817777964904	([445, 205], [362, 349, 190])
1	0.5545317691385243	0.5907830373146203	([1398, 1379], [1397, 1396, 1379])
1	0.5163175116112535	0.5909234032498064	([309, 59], [190, 123, 44])
1	0.530032048309955	0.5910892016819052	([120, 55], [133, 126, 120])
1	0.5554979829314128	0.5914320609007432	([187, 94], [187, 119, 86])
1	0.5915520195388386	0.5916387210022926	([641, 308], [641, 611, 303])
1	0.5764886589730924	0.5918785198775406	([303, 160], [303, 299, 160])
1	0.5433252443467955	0.5920630367836298	([471, 74], [471, 453, 451])
1	0.5864616581395534	0.5923845858279366	([573, 551], [573, 551, 546])
1	0.5774558974318017	0.592505433300434	([363, 316], [363, 316, 302])
1	0.5904016504740881	0.5925233290256057	([1101, 461], [1101, 474, 466])
1	0.5826738467312065	0.592574274611883	([338, 318], [338, 336, 323])
1	0.5874919792340602	0.5928324922275281	([151, 97], [151, 150, 123])
1	0.5004243267502999	0.5928324922275281	([187, 66], [190, 151, 123])
1	0.5403822417474108	0.5928324922275281	([209, 151], [209, 151, 123])
1	0.5876283380421102	0.5928880320948647	([363, 95], [363, 191, 87])
1	0.557245084740746	0.5929145416963321	([212, 187], [212, 205, 189])
1	0.5016284579584293	0.5929145416963321	([213, 180], [212, 205, 203])
1	0.4986453732547776	0.5929145416963321	([210, 209], [212, 206, 205])
1	0.5758377170443228	0.5929236977221164	([339, 317], [339, 317, 316])
1	0.5856213099085144	0.5929236977221164	([337, 316], [339, 337, 316])
1	0.4953115396617114	0.5929531912428646	([187, 130], [189, 153, 131])
1	0.534563467622941	0.5930003548133063	([472, 185], [363, 361, 191])
1	0.5420715832382671	0.593019769967339	([241, 89], [237, 232, 220])
1	0.5605910432440174	0.5930318510203517	([434, 58], [434, 300, 186])
1	0.5525930559303727	0.5930363347483418	([433, 91], [433, 210, 112])
1	0.5870987291023796	0.5930492792354632	([256, 226], [259, 256, 226])
1	0.533149293504515	0.5931643863281906	([363, 303], [337, 324, 323])
1	0.5807901695146648	0.5932617041009551	([44, 1], [44, 25, 1])
1	0.5780512129199039	0.5932617041009551	([85, 1], [85, 25, 1])
1	0.5782858624247537	0.5932617041009551	([304, 1], [304, 25, 1])
1	0.5921683702482958	0.5935501443949106	([301, 85], [301, 295, 293])
1	0.5698811300921504	0.5935501443949106	([433, 301], [433, 301, 293])
1	0.5289392806429569	0.5935651348999256	([89, 27], [89, 37, 27])
1	0.5198948230339591	0.5935875401824666	([544, 69], [565, 544, 192])
1	0.5822161177907905	0.5936819778627337	([1400, 1374], [1400, 1392, 1374])
1	0.5850190255868268	0.5937396656637418	([959, 304], [975, 959, 957])
1	0.5919706094618787	0.5940340126255387	([1234, 1210], [1234, 1232, 1219])
1	0.580971459866956	0.5942603215760651	([1250, 1223], [1250, 1240, 1230])
1	0.592384395085698	0.5945163635819289	([447, 296], [452, 447, 85])
1	0.5733405454086	0.5946188447552503	([304, 77], [309, 303, 68])
1	0.5014724710902995	0.5947391573538097	([297, 61], [185, 68, 61])
1	0.566810877850721	0.5948338514336018	([462, 58], [462, 442, 435])
1	0.5624560697411952	0.5950673244064035	([291, 62], [293, 85, 66])
1	0.5800754814157657	0.5953860153955043	([585, 186], [585, 576, 568])
1	0.5454989491186243	0.595403484773303	([1100, 660], [1100, 673, 660])
1	0.5831975972322845	0.5954135450954811	([153, 127], [186, 156, 127])
1	0.5929977748809561	0.5954450162922196	([188, 79], [190, 188, 79])
1	0.5369746696159732	0.5954871580527521	([61, 0], [61, 60, 36])
1	0.537680013642135	0.5955574886115023	([311, 210], [433, 293, 213])
1	0.5756738728163393	0.5956637959630953	([434, 85], [434, 300, 85])
1	0.5694866864472193	0.5957345110492915	([438, 360], [438, 434, 362])
1	0.5787090695899462	0.5957548958640295	([75, 24], [127, 75, 0])
1	0.5914747070887406	0.5958391855583053	([206, 129], [206, 129, 128])
1	0.5648578010838634	0.5958960780431802	([341, 191], [341, 304, 303])
1	0.5713955355431681	0.5959333993604277	([299, 244], [299, 297, 244])
1	0.5876862453140617	0.5959425488041845	([310, 150], [310, 309, 150])
1	0.5893659906647557	0.5961895588017325	([907, 58], [907, 902, 58])
1	0.5753123013366599	0.5962861749645673	([1422, 1385], [1422, 1406, 1389])
1	0.5570240889361197	0.5964580258681176	([517, 202], [543, 529, 527])
1	0.5875204519937367	0.5966272772971625	([461, 85], [447, 434, 362])
1	0.576339005725888	0.5966625876802157	([975, 192], [987, 975, 973])
1	0.5962629372331346	0.5966866650811397	([1420, 1386], [1420, 1407, 1388])
1	0.559094751098991	0.5966966778139549	([546, 304], [567, 549, 546])
1	0.58455037759495	0.5969084026786987	([446, 190], [446, 436, 191])
1	0.592173280036602	0.5969165734159357	([242, 188], [242, 192, 191])
1	0.5851175802567481	0.5969369300242247	([1262, 1223], [1262, 1251, 1250])
1	0.5745754551425843	0.5970224014474661	([951, 929], [951, 948, 918])
1	0.5924988231548898	0.5971660418380399	([522, 304], [546, 527, 522])
1	0.5964558370477535	0.5971766804268294	([954, 920], [954, 948, 918])
1	0.5971687900509366	0.5972878208185466	([761, 731], [761, 757, 731])
1	0.568825664300635	0.5973034965064549	([749, 433], [749, 737, 731])
1	0.5923771604405823	0.5973960768166784	([582, 548], [582, 568, 548])
1	0.5137581785641487	0.5974182977003897	([90, 50], [118, 90, 84])
1	0.5843754683890542	0.5974224127210918	([444, 46], [472, 444, 363])
1	0.5974303692476074	0.5974515283981214	([281, 227], [283, 281, 227])
1	0.5940422380438221	0.5974515283981214	([491, 227], [491, 283, 227])
1	0.5848351123840695	0.5976817679362243	([296, 114], [296, 295, 114])
1	0.552476655985752	0.5976817679362243	([303, 114], [303, 295, 114])
1	0.5960723121168119	0.5978452108026208	([285, 232], [285, 254, 224])
1	0.5939646913156651	0.5978588330289175	([598, 61], [598, 584, 583])
1	0.5810512665528073	0.5981642714800786	([1126, 1101], [1128, 1126, 1101])
1	0.5818490887532988	0.598169583508418	([671, 192], [737, 671, 192])
1	0.5951468703456704	0.598376313998717	([148, 110], [148, 133, 110])
1	0.5319597915597999	0.5983909722548904	([582, 61], [582, 566, 61])
1	0.5679527549890415	0.5985694889758298	([304, 238], [304, 297, 238])
1	0.58152958726825	0.598626843677743	([149, 0], [149, 66, 62])
1	0.5438545455480356	0.598626843677743	([157, 65], [158, 149, 66])
1	0.5746406461617675	0.5987393737791844	([190, 29], [190, 89, 21])
1	0.5028379705160352	0.5987929696840244	([131, 55], [157, 147, 133])
1	0.5910859581153909	0.5988454510057319	([612, 594], [612, 607, 594])
1	0.5912487476156849	0.5989727123463383	([570, 206], [570, 206, 127])
1	0.5743713461158351	0.5991700895998094	([563, 62], [563, 553, 547])
1	0.5413920282282748	0.5992017244163544	([210, 85], [210, 112, 44])
1	0.5291315125098467	0.5992911200139971	([210, 191], [303, 211, 188])
1	0.5879110566945521	0.599419359865327	([571, 547], [571, 569, 547])
1	0.5719928492136017	0.5994215466463816	([1228, 1100], [1228, 1217, 1215])
1	0.5203368296137846	0.5995970829544873	([706, 203], [706, 696, 694])
1	0.5991935228911932	0.599598160670455	([1391, 1361], [1391, 1380, 1374])
1	0.5348049556628462	0.5996263193482408	([347, 304], [347, 315, 300])
1	0.5895609244273186	0.5997704724223449	([611, 303], [641, 616, 607])
1	0.5477430428582728	0.5999919797773468	([584, 47], [593, 588, 70])
1	0.580989598629671	0.6000354447516222	([577, 66], [592, 577, 566])
1	0.5170944979927968	0.6000442909713071	([363, 191], [363, 312, 303])
1	0.5106698822096104	0.6000442909713071	([433, 212], [433, 363, 312])
1	0.5515636194414574	0.6002325657329152	([294, 47], [301, 294, 293])
1	0.5235303251160781	0.6002507227039935	([295, 187], [295, 187, 124])
1	0.5977141211884518	0.6003188351581858	([740, 309], [740, 737, 304])
1	0.600170941814172	0.6003197664773632	([1465, 1435], [1465, 1456, 1435])
1	0.5723826129462689	0.6004131045398607	([304, 214], [304, 240, 214])
1	0.5648345426332628	0.6005354288905612	([433, 344], [433, 363, 344])
1	0.582568980782147	0.6007418169621442	([586, 60], [586, 579, 58])
1	0.5712378993741258	0.600768047604801	([293, 130], [300, 293, 130])
1	0.5939487523599805	0.600768047604801	([315, 130], [315, 300, 130])
1	0.49823983876190625	0.6008173253712037	([75, 55], [120, 84, 79])
1	0.5937251692608154	0.600919159491882	([435, 59], [435, 361, 350])
1	0.5229345921983336	0.6010716368771529	([69, 35], [69, 66, 35])
1	0.58951503453161	0.6010716368771529	([82, 35], [82, 66, 35])
1	0.5753348237587463	0.6011038427799963	([242, 59], [242, 239, 59])
1	0.5713220039974334	0.6011148320691506	([50, 4], [50, 24, 4])
1	0.5833082312820351	0.6011313087436679	([341, 296], [341, 313, 303])
1	0.5966473660960432	0.6011313087436679	([344, 308], [342, 341, 313])
1	0.5865135632308898	0.6011973313964611	([639, 586], [639, 607, 606])
1	0.5782541055214198	0.6012091839062338	([637, 189], [646, 641, 189])
1	0.5651430911707817	0.6012708303178478	([304, 113], [304, 133, 118])
1	0.5907869294970336	0.6012923478159965	([1256, 1210], [1256, 1233, 1210])
1	0.5326615134948808	0.6013042686637637	([151, 58], [154, 151, 58])
1	0.5958734382376879	0.6013602637134162	([544, 521], [544, 542, 528])
1	0.5983397038136379	0.6014380230163195	([1101, 998], [1101, 998, 994])
1	0.5945913089340611	0.6014943604867696	([1156, 1131], [1156, 1154, 1132])
1	0.5260628091628683	0.6016042033653335	([66, 0], [66, 35, 24])
1	0.5965176579422118	0.6017136027484551	([1419, 1375], [1419, 1406, 1386])
1	0.5965217624408846	0.6018236896265436	([724, 681], [703, 702, 681])
1	0.5809048963651002	0.6019249245975078	([191, 110], [191, 126, 110])
1	0.5587169135035521	0.6019655977493349	([552, 433], [565, 554, 433])
1	0.5716716717900893	0.6020021615125444	([209, 24], [302, 205, 24])
1	0.5866446497228271	0.6020506362143859	([1423, 1383], [1423, 1408, 1388])
1	0.593059646779953	0.6020580573507515	([513, 480], [513, 503, 485])
1	0.5369391575855488	0.602118263151361	([592, 63], [582, 577, 66])
1	0.5675296405321889	0.6021634223761113	([290, 274], [290, 285, 274])
1	0.5848309155876362	0.6022874509891314	([292, 247], [295, 292, 237])
1	0.5887951404036054	0.6023760369168261	([598, 565], [598, 583, 565])
1	0.5978756602365447	0.6024271006036545	([361, 61], [361, 337, 61])
1	0.5971893851688845	0.6024506337077947	([122, 27], [303, 122, 114])
1	0.5182081825467206	0.6026046110501412	([696, 203], [696, 678, 676])
1	0.5171872155401592	0.60271732541019	([434, 180], [434, 189, 186])
1	0.5996956187243218	0.6028030028966895	([548, 58], [573, 565, 58])
1	0.599300207394815	0.6028030028966895	([565, 58], [579, 573, 58])
1	0.6019216370273424	0.6029190093026203	([610, 569], [610, 597, 593])
1	0.5480033672211997	0.602923914401851	([98, 26], [98, 97, 26])
1	0.5239988194293643	0.6029967642095923	([130, 27], [130, 43, 27])
1	0.5998678353926533	0.6033234984270114	([161, 124], [297, 161, 124])
1	0.5966964473449153	0.6033531943204861	([281, 167], [283, 278, 167])
1	0.526520698888552	0.603387166663149	([180, 1], [180, 23, 1])
1	0.5798399097698317	0.6035332744904163	([737, 192], [671, 661, 656])
1	0.6009381507074487	0.6036127101576906	([1255, 1102], [1280, 1278, 1102])
1	0.5792198009956958	0.6038155585290012	([290, 248], [292, 290, 248])
1	0.6026742976701249	0.603903994264804	([165, 6], [165, 106, 6])
1	0.5844384926322655	0.604043409738047	([1101, 586], [1101, 599, 591])
1	0.6023408564676324	0.60410231489575	([286, 225], [286, 251, 233])
1	0.5984068191959884	0.6041306673272998	([973, 58], [984, 973, 907])
1	0.5873712055135979	0.604315915491943	([176, 85], [134, 131, 85])
1	0.5484417579643158	0.604315915491943	([210, 131], [210, 131, 85])
1	0.6017100113757831	0.6043495212839511	([1373, 1330], [1373, 1344, 1330])
1	0.5893804094743053	0.6044627752179609	([549, 295], [582, 549, 295])
1	0.5642355119412693	0.6045135849072406	([695, 69], [692, 675, 674])
1	0.5864089019571473	0.6047019504027273	([135, 105], [165, 135, 106])
1	0.6001841885616297	0.6048398605719477	([291, 217], [291, 247, 217])
1	0.6006598485840021	0.6048517805450877	([1093, 304], [1128, 1116, 304])
1	0.5859614812090127	0.6048930940589465	([1279, 1234], [1279, 1255, 1236])
1	0.5999827218134549	0.6050506204960293	([485, 249], [485, 249, 165])
1	0.5961599706076696	0.6050506204960293	([486, 165], [486, 485, 165])
1	0.49059708362692594	0.6051335486168828	([541, 179], [544, 542, 541])
1	0.4860764889666567	0.6051499235535606	([1278, 181], [1289, 1277, 1254])
1	0.5820672760005712	0.6051772623661629	([1301, 1269], [1301, 1299, 1269])
1	0.591691619631096	0.6053019119078641	([134, 108], [135, 134, 106])
1	0.6002658038061142	0.6053405573729786	([247, 58], [241, 215, 58])
1	0.5864479354860037	0.6054182221893597	([189, 102], [189, 119, 102])
1	0.5971010330929841	0.6055127188674603	([1480, 1434], [1480, 1457, 1441])
1	0.5974208396325628	0.6056171720470004	([768, 730], [768, 760, 730])
1	0.593066667259148	0.6057058843947027	([490, 252], [490, 283, 252])
1	0.5991705349293103	0.6057058843947027	([490, 282], [490, 283, 282])
1	0.5930624569760795	0.6057058843947027	([490, 226], [491, 490, 283])
1	0.5527300321186696	0.605902363022057	([295, 245], [303, 240, 214])
1	0.5829107544508965	0.60594868088593	([363, 123], [363, 123, 95])
1	0.5984981577236826	0.6060876249731393	([83, 42], [80, 42, 40])
1	0.5853501159176041	0.6061318891991672	([617, 62], [643, 617, 610])
1	0.5794958585233683	0.6063362350665683	([929, 202], [932, 918, 912])
1	0.5758824684061347	0.6064480181076142	([350, 187], [350, 192, 130])
1	0.6023212489905723	0.6064513441472905	([237, 61], [297, 245, 61])
1	0.5962574178136278	0.6064577238679496	([1300, 1268], [1300, 1294, 1268])
1	0.5939358060698001	0.6064800628673864	([464, 299], [464, 299, 297])
1	0.5949642366738283	0.6064893517796959	([1332, 1290], [1335, 1332, 1281])
1	0.49377374057589385	0.6065185396909406	([130, 129], [189, 180, 128])
1	0.6012861418962429	0.6065382959612614	([296, 8], [296, 89, 2])
1	0.6041409828409504	0.6065398891773132	([1336, 1291], [1336, 1332, 1291])
1	0.6054569673247074	0.6066216715150976	([1330, 1293], [1330, 1329, 1300])
1	0.6067497385333043	0.6069602900039859	([308, 147], [308, 303, 147])
1	0.5289320083549297	0.6070203108206257	([308, 126], [308, 147, 132])
1	0.6023222480247461	0.6072311354111735	([957, 914], [957, 951, 917])
1	0.5612949993286604	0.6073888986161188	([594, 50], [608, 597, 594])
1	0.5720307669337332	0.6075194618589227	([472, 46], [474, 447, 85])
1	0.5945171997490453	0.6075512440728706	([1333, 1284], [1333, 1332, 1281])
1	0.5739433823015351	0.6076047742341523	([292, 46], [312, 295, 292])
1	0.6037595068791519	0.6076133278343417	([1377, 304], [1377, 1361, 1356])
1	0.5655561236581246	0.6076423095863785	([761, 74], [761, 752, 751])
1	0.5795283461401526	0.6076494866694222	([663, 46], [663, 644, 46])
1	0.605634337431565	0.6077037062467613	([665, 206], [665, 655, 296])
1	0.5910170278110032	0.6077428572449887	([362, 314], [362, 314, 58])
1	0.6000659455957349	0.6078018958492306	([206, 97], [206, 97, 60])
1	0.4979801426137568	0.6078601317597346	([297, 192], [290, 274, 248])
1	0.5248287176516708	0.6079750647934021	([180, 31], [180, 105, 98])
1	0.599111808950145	0.6080889543300184	([1132, 1117], [1132, 1130, 1117])
1	0.5891689865203977	0.6081041903336836	([1335, 1283], [1336, 1331, 1277])
1	0.6074891559156451	0.6081041903336836	([1343, 1277], [1343, 1336, 1277])
1	0.5675703783145304	0.6083840612859156	([111, 70], [128, 114, 70])
1	0.5855991035035977	0.6084037998344397	([293, 242], [309, 293, 59])
1	0.6052155965789812	0.608516392542486	([653, 303], [653, 646, 303])
1	0.5791043049682119	0.608516392542486	([654, 304], [665, 646, 303])
1	0.5336714530604573	0.6085542858579261	([553, 55], [569, 553, 544])
1	0.5972115256212824	0.6085878978618843	([538, 514], [535, 527, 518])
1	0.580468631237163	0.6085942980817993	([703, 682], [702, 698, 685])
1	0.5158599097912737	0.6087367034696044	([211, 59], [309, 303, 211])
1	0.6036180115449362	0.6088671559531902	([343, 299], [343, 339, 189])
1	0.5867146470900995	0.6088783137538063	([453, 295], [470, 453, 444])
1	0.5535143690503723	0.6089557296536613	([245, 209], [244, 214, 211])
1	0.6024838138930773	0.6091467250265411	([1223, 1142], [1223, 1222, 1152])
1	0.6063886584120157	0.6091538020501008	([296, 239], [296, 293, 242])
1	0.5924431973394533	0.6091998644866413	([643, 433], [643, 610, 609])
1	0.5292898801247174	0.6092916661019883	([212, 61], [245, 215, 214])
1	0.5636121074715137	0.6093955813444641	([561, 540], [562, 561, 540])
1	0.5376624408734825	0.609551107319954	([433, 76], [433, 210, 76])
1	0.609117034738769	0.6097468731424636	([1207, 1175], [1207, 1193, 1175])
1	0.6095718759690592	0.6097767229266832	([1335, 304], [1428, 1335, 1334])
1	0.6032820489276776	0.6098887927227761	([959, 915], [959, 950, 915])
1	0.5952122849799324	0.6099403798924813	([166, 19], [166, 135, 6])
1	0.543859094652286	0.6100474648138944	([314, 69], [341, 314, 304])
1	0.560353633604895	0.6100756274887189	([582, 59], [576, 60, 59])
1	0.5999693969994911	0.6100756274887189	([576, 89], [576, 89, 60])
1	0.5549628392844872	0.6100756274887189	([579, 58], [586, 576, 60])
1	0.5594407389216816	0.6101045737567978	([343, 59], [343, 311, 61])
1	0.5456980819380309	0.6101045737567978	([343, 61], [343, 311, 202])
1	0.5384014537889493	0.6101045737567978	([348, 202], [343, 311, 299])
1	0.5743641668663088	0.6103248995200232	([734, 202], [749, 734, 731])
1	0.5536194261198603	0.610333764600825	([635, 604], [634, 633, 604])
1	0.5934386294034835	0.6104802840908331	([435, 70], [473, 470, 70])
1	0.5299582932087954	0.6106695907585089	([362, 74], [471, 300, 185])
1	0.6011542041890102	0.6107510479805602	([1361, 304], [1422, 1414, 304])
1	0.605345639002992	0.6107510479805602	([1428, 304], [1428, 1422, 304])
1	0.55642834396605	0.6107657976225827	([470, 59], [473, 470, 59])
1	0.5303484207727175	0.6108825175798765	([433, 43], [433, 91, 43])
1	0.5763358261313397	0.6110028808478561	([242, 46], [472, 242, 59])
1	0.5047649177575441	0.6110353370739395	([202, 76], [302, 202, 86])
1	0.5268500674207248	0.6110396765763024	([212, 46], [206, 87, 58])
1	0.6054159914381461	0.6111089201154589	([490, 136], [491, 490, 136])
1	0.5979532041120446	0.6111184975308763	([499, 280], [499, 491, 280])
1	0.5473339356828557	0.611150021852058	([317, 74], [342, 317, 311])
1	0.6089893175037235	0.611151197968119	([1381, 1126], [1383, 1381, 1101])
1	0.5730465188687665	0.6112466781115962	([165, 106], [134, 127, 107])
1	0.5602181668803374	0.6112842173630938	([1331, 1277], [1331, 1330, 1294])
1	0.6066833436747587	0.6113103215159921	([1065, 1018], [1063, 1044, 1027])
1	0.5716606905503183	0.6114349601126231	([176, 58], [176, 162, 58])
1	0.5036024380047108	0.6114388579813524	([308, 46], [293, 292, 46])
1	0.5142171443708774	0.6114712662757411	([363, 62], [363, 95, 45])
1	0.6014407002552964	0.6114712662757411	([452, 45], [452, 363, 45])
1	0.6085066425002349	0.6115016368170603	([169, 17], [169, 135, 6])
1	0.6008649613750513	0.6115734689990836	([1101, 771], [1101, 771, 744])
1	0.607554758217739	0.6116592517837754	([1375, 1332], [1375, 1353, 1342])
1	0.6055383615061084	0.6116901853341123	([759, 61], [759, 737, 731])
1	0.6077851862551911	0.611901806842053	([611, 555], [611, 555, 59])
1	0.5978831295869911	0.6119040450879043	([535, 74], [535, 523, 514])
1	0.5415852868269462	0.6120852246529934	([245, 180], [245, 213, 212])
1	0.5026258494874504	0.6121215943084086	([199, 117], [199, 117, 77])
1	0.5729043596547425	0.6121992085804008	([552, 59], [555, 61, 60])
1	0.6107333231450848	0.6121992085804008	([555, 85], [555, 85, 60])
1	0.5879916970184231	0.6121992085804008	([549, 206], [555, 549, 60])
1	0.6108175493789687	0.6122062577591069	([1247, 1226], [1247, 1238, 1228])
1	0.5747516070390977	0.6123213233597452	([641, 58], [616, 610, 58])
1	0.5755077465736327	0.6123443282895238	([612, 46], [644, 612, 609])
1	0.6024702037083373	0.6124216567642172	([547, 89], [576, 554, 89])
1	0.5718074714904807	0.6125490780335843	([638, 46], [612, 592, 580])
1	0.6087493344865322	0.612652128073358	([1434, 1397], [1434, 1430, 1416])
1	0.556318055859532	0.6128523275276074	([470, 70], [470, 303, 300])
1	0.5951355727766445	0.6128749587906839	([485, 166], [490, 485, 166])
1	0.5963802554869935	0.612880076184932	([1102, 733], [1102, 757, 742])
1	0.6123291754911883	0.6129669719558523	([248, 134], [248, 134, 61])
1	0.6101668535939276	0.6131582357473353	([624, 61], [639, 624, 615])
1	0.5756223763555619	0.6131786911654343	([561, 202], [561, 557, 556])
1	0.585299502439937	0.6132460100831703	([515, 484], [515, 513, 484])
1	0.6120007001853778	0.6132982070163753	([1440, 1400], [1440, 1431, 1400])
1	0.6122636142304941	0.6133873268056147	([1385, 61], [1420, 1388, 61])
1	0.613258394480597	0.613420157448604	([1401, 1102], [1401, 1387, 1374])
1	0.5427241568693814	0.6134281484669053	([543, 202], [543, 302, 295])
1	0.6103474318880358	0.6134281484669053	([543, 363], [543, 363, 302])
1	0.6076970783594738	0.6136149987158172	([464, 316], [464, 316, 297])
1	0.5904585935229127	0.6137066941357664	([451, 308], [453, 451, 295])
1	0.5489929771557261	0.6137268791179281	([215, 50], [215, 89, 68])
1	0.541692501376365	0.6137268791179281	([215, 27], [215, 116, 89])
1	0.5535918624159641	0.6137461208158651	([433, 153], [433, 247, 162])
1	0.5429502628588581	0.6137749064464679	([247, 50], [247, 215, 58])
1	0.5992601861627544	0.6137945885353089	([1121, 988], [1127, 1121, 993])
1	0.5801848046345566	0.6139740118907052	([653, 191], [666, 653, 645])
1	0.5575907904009675	0.6139885815083729	([609, 202], [652, 612, 609])
1	0.49124501692715744	0.6140016041961582	([309, 302], [471, 300, 298])
1	0.6081576538813999	0.6140894903821966	([205, 176], [205, 189, 176])
1	0.5882072387537061	0.6141132195716947	([239, 150], [296, 239, 150])
1	0.49786186322088755	0.6141796357414943	([302, 202], [206, 202, 86])
1	0.5795522245371885	0.6141798712924481	([1100, 884], [1100, 884, 870])
1	0.6121798273728236	0.6142078687929957	([640, 580], [640, 609, 580])
1	0.598292638595832	0.6143244569311119	([246, 70], [246, 70, 66])
1	0.5743993187845555	0.6143244569311119	([246, 45], [246, 187, 66])
1	0.5635077023523739	0.6143423350569467	([148, 91], [148, 110, 101])
1	0.6084077876618904	0.614399882571111	([477, 192], [477, 458, 456])
1	0.5759835158490034	0.6144225813656151	([643, 295], [653, 643, 187])
1	0.5842731876949044	0.6144482161348651	([439, 89], [461, 439, 89])
1	0.5772157261963434	0.6144482161348651	([463, 89], [463, 461, 89])
1	0.6124456345154767	0.6144495906065892	([348, 309], [435, 348, 343])
1	0.5194481191013028	0.6144876839683926	([568, 304], [580, 568, 46])
1	0.557910972543908	0.6146063857450142	([467, 62], [464, 297, 188])
1	0.5484710622521185	0.6146403586857798	([528, 61], [545, 543, 527])
1	0.6078967930071545	0.6146804061649127	([1383, 1101], [1412, 1394, 1101])
1	0.5393521410675659	0.6146946281463908	([550, 180], [576, 550, 548])
1	0.5708089341742015	0.6148899431302666	([584, 65], [584, 66, 65])
1	0.5678142774385387	0.6149344120955932	([546, 47], [555, 85, 46])
1	0.5554395337091335	0.6149420541393161	([553, 62], [550, 548, 58])
1	0.5939628441046795	0.6149455257806263	([234, 171], [492, 234, 171])
1	0.6096799598092054	0.6149716545355506	([1393, 1331], [1401, 1393, 1331])
1	0.5631463628172217	0.6149842912386898	([666, 59], [666, 645, 643])
1	0.6024369196246435	0.6150304470094216	([244, 130], [300, 244, 209])
1	0.5238858563121652	0.6150811786776387	([218, 199], [218, 214, 213])
1	0.6140246224351636	0.6152908521888351	([1126, 958], [1126, 992, 958])
1	0.5512377654061962	0.6155235238481922	([652, 69], [652, 644, 609])
1	0.6142169779407685	0.615626628393423	([551, 70], [593, 551, 549])
1	0.5969966753521143	0.6156532688732801	([914, 61], [957, 953, 61])
1	0.6022597384936158	0.6158234227307958	([639, 130], [653, 644, 130])
1	0.5867383409575666	0.6158234227307958	([668, 130], [668, 653, 130])
1	0.6067553432005427	0.6158819757970441	([534, 187], [543, 534, 187])
1	0.545428151815955	0.6159385728584997	([644, 69], [644, 614, 609])
1	0.5179686311969528	0.6159647697472592	([213, 55], [213, 158, 58])
1	0.5734668324214545	0.6159995354888391	([191, 163], [191, 190, 163])
1	0.603209038106362	0.6160209418524725	([452, 347], [452, 435, 347])
1	0.5424217804792908	0.6160347543821894	([133, 74], [133, 125, 60])
1	0.5409800856845466	0.6160910697970429	([584, 202], [584, 554, 551])
1	0.6123047487902632	0.6162939314701604	([214, 70], [238, 216, 70])
1	0.5449800121241426	0.6163370003891063	([599, 47], [599, 587, 585])
1	0.6145583020576282	0.6163708167864954	([1437, 1399], [1437, 1433, 1399])
1	0.5558754213785162	0.616515543893905	([571, 63], [592, 571, 566])
1	0.6096643638605664	0.6165905088908283	([1421, 433], [1421, 1413, 433])
1	0.612655071267825	0.6165929465978432	([599, 26], [599, 595, 26])
1	0.6126081122679549	0.6166259061465847	([634, 433], [634, 621, 433])
1	0.6077754301580557	0.6166347136911752	([465, 190], [465, 363, 362])
1	0.5556685768891368	0.6166407306689549	([99, 62], [110, 62, 35])
1	0.6087221171128949	0.6166849443287871	([749, 297], [749, 302, 297])
1	0.6114103504363424	0.6168708112113048	([953, 896], [953, 910, 896])
1	0.5790870974419741	0.6169002417457975	([449, 187], [464, 449, 187])
1	0.6053248878123945	0.6169936522940741	([221, 169], [234, 221, 169])
1	0.6154630059179819	0.6170184796091689	([704, 69], [704, 697, 695])
1	0.5755759716188663	0.6170188619499701	([563, 187], [563, 551, 187])
1	0.6032268902893817	0.6170432298186077	([810, 761], [810, 782, 761])
1	0.6122073359603636	0.6170801215585862	([1203, 1164], [1203, 1175, 1164])
1	0.6031689402075957	0.6171009877020613	([616, 299], [646, 616, 202])
1	0.5402184689696838	0.6172835435623764	([572, 433], [573, 551, 70])
1	0.6140366022064486	0.6173274837474215	([488, 232], [489, 488, 232])
1	0.5888256877523407	0.6173433016950901	([334, 304], [334, 319, 318])
1	0.6151278196634463	0.6175922536438684	([1282, 1101], [1333, 1284, 1101])
1	0.6127740791685548	0.6177032691052081	([329, 62], [352, 329, 328])
1	0.5735722652765857	0.6177870311379756	([553, 309], [558, 553, 309])
1	0.6135554705904385	0.6179847104438457	([955, 916], [955, 916, 914])
1	0.6154231778360336	0.6180689901628127	([977, 916], [977, 975, 916])
1	0.6156089393127465	0.6181604380814051	([556, 124], [556, 297, 192])
1	0.52940330070534	0.6181604380814051	([584, 192], [556, 551, 297])
1	0.6096662036064452	0.6181640817988239	([833, 784], [833, 823, 803])
1	0.49700133094070137	0.6182940462506682	([128, 127], [346, 339, 189])
1	0.6158067674173616	0.6184838857991041	([291, 163], [291, 209, 148])
1	0.5263087387888759	0.618490014178965	([349, 69], [314, 206, 69])
1	0.6017400940275245	0.6185342862648071	([221, 105], [221, 166, 105])
1	0.6077156387836669	0.6186727871359599	([1123, 980], [1123, 992, 980])
1	0.5737891817327893	0.6187322002183084	([599, 563], [599, 598, 563])
1	0.6140393852638591	0.6189022354399452	([655, 572], [655, 645, 595])
1	0.5850330140085666	0.6190545920392418	([984, 907], [991, 85, 65])
1	0.5907529465987646	0.6190740597818596	([470, 43], [470, 300, 130])
1	0.5958973686687885	0.6191100086973278	([1127, 992], [1126, 989, 958])
1	0.5090813119582533	0.6191279556582198	([180, 162], [180, 155, 128])
1	0.5866662944627746	0.6191309967442468	([531, 513], [532, 531, 513])
1	0.6100654624187067	0.6191349050407945	([487, 250], [488, 250, 231])
1	0.5874743442907447	0.6191349050407945	([489, 258], [488, 282, 231])
1	0.614150547459855	0.6191701848467763	([310, 91], [310, 127, 124])
1	0.5520649134533863	0.6191951312328178	([1360, 1100], [1377, 1360, 1100])
1	0.5806123427794738	0.6191987977372355	([587, 191], [588, 587, 187])
1	0.6098765747874679	0.6193163976899959	([1427, 1279], [1427, 1333, 1280])
1	0.5401794129960402	0.6194196059770058	([961, 180], [985, 961, 959])
1	0.6092802363962051	0.619420306293823	([1139, 1101], [1155, 1137, 1131])
1	0.6056715720123609	0.619436001577041	([596, 309], [596, 580, 553])
1	0.6014718942900971	0.6194722949475711	([1428, 1334], [1333, 1291, 304])
1	0.6144863904774941	0.6194736089149167	([985, 59], [990, 985, 59])
1	0.6097800333087959	0.6196156309000469	([915, 59], [915, 914, 59])
1	0.5694788544346007	0.6196235487251834	([588, 187], [587, 572, 187])
1	0.5343943957887457	0.6197126291116468	([587, 74], [587, 565, 46])
1	0.5833619289876977	0.6197736368041888	([570, 127], [570, 206, 190])
1	0.5780413075711203	0.6197736368041888	([594, 190], [594, 570, 190])
1	0.5925640823156415	0.6199977220068633	([668, 45], [668, 647, 46])
1	0.6168645849909543	0.6200181471929936	([1414, 1362], [1414, 1393, 1380])
1	0.6192107450328026	0.6200480082977863	([1121, 1074], [1122, 1121, 1074])
1	0.613771692311697	0.6201997488157722	([484, 290], [484, 483, 248])
1	0.6174539938254004	0.6202901681242785	([569, 44], [593, 569, 551])
1	0.6086141896548765	0.6203405314480283	([598, 205], [598, 563, 187])
1	0.5840850980200466	0.6204193448802592	([345, 209], [345, 300, 209])
1	0.6082837132421928	0.6204291608619539	([1131, 1118], [1131, 1127, 1119])
1	0.5413343046976932	0.6204922165604255	([240, 202], [240, 214, 206])
1	0.6060131519447821	0.6204922165604255	([243, 206], [243, 240, 206])
1	0.5646604728739792	0.620679402312376	([666, 191], [654, 653, 578])
1	0.5909771260449096	0.6208297951292241	([989, 61], [1125, 998, 993])
1	0.5143735380639131	0.6208992064148557	([590, 69], [640, 583, 580])
1	0.5669711663648935	0.6209819008947018	([159, 47], [152, 47, 46])
1	0.6137366194425659	0.6209843228827213	([545, 26], [565, 545, 544])
1	0.5948353189653104	0.6210190291804057	([552, 186], [552, 433, 312])
1	0.6186184749907797	0.6210254611686726	([343, 26], [343, 340, 26])
1	0.6069108066636121	0.6211126148138935	([997, 908], [997, 977, 916])
1	0.6128141362933248	0.6211661464877043	([915, 46], [982, 975, 46])
1	0.612186497611992	0.6211730615435324	([595, 89], [649, 595, 590])
1	0.5875546170587949	0.6211730615435324	([649, 590], [649, 645, 595])
1	0.5127677370981836	0.621213327273821	([177, 102], [177, 117, 102])
1	0.6179326950512982	0.6212456644266722	([159, 70], [159, 70, 46])
1	0.6077143053522551	0.6213445598981687	([1423, 1281], [1427, 1390, 1336])
1	0.5951398896787409	0.6214079088708111	([571, 191], [587, 571, 565])
1	0.6212586633926428	0.6214149766762597	([960, 70], [982, 959, 70])
1	0.5502039230778635	0.6214153740511532	([688, 202], [688, 670, 667])
1	0.5854466153916696	0.62148222310587	([548, 130], [573, 548, 130])
1	0.6153291847080206	0.62148222310587	([580, 130], [580, 573, 130])
1	0.6116353892071885	0.6215107634089312	([1388, 1334], [1425, 1405, 1334])
1	0.5956219347567001	0.6215370753064816	([976, 45], [976, 60, 58])
1	0.6055146470920272	0.6215499545892681	([1472, 1430], [1472, 1460, 1430])
1	0.6085837037595054	0.6215789935968172	([636, 84], [636, 611, 130])
1	0.6177344028286387	0.6217994206017338	([517, 295], [526, 517, 308])
1	0.6160869560462049	0.6218073859041826	([109, 7], [109, 106, 7])
1	0.6013589831165123	0.6218338578607088	([655, 296], [655, 641, 189])
1	0.6163548098005606	0.6218528522416713	([1210, 1101], [1282, 1244, 1233])
1	0.6120379483520166	0.6219411474033415	([994, 26], [994, 959, 304])
1	0.5793269312523892	0.6219444420630893	([295, 154], [295, 187, 154])
1	0.5745618529125042	0.6221037432604416	([949, 74], [961, 953, 952])
1	0.6160483404700081	0.6221128437010498	([187, 25], [187, 86, 25])
1	0.5810884660354368	0.6221696342375558	([472, 65], [472, 185, 149])
1	0.6001194528545853	0.6221918722873836	([1414, 304], [1388, 1375, 1332])
1	0.6204883794726901	0.6222134692856881	([478, 360], [478, 458, 438])
1	0.5996595781376491	0.6222606040656581	([107, 4], [110, 107, 4])
1	0.6103781505304112	0.6224774237858246	([1432, 1373], [1432, 1396, 1394])
1	0.6220311545736581	0.6226042547603713	([656, 575], [656, 580, 575])
1	0.6192842524258261	0.6227785295238014	([547, 517], [547, 526, 517])
1	0.5862389373467768	0.6228267027279132	([492, 283], [249, 221, 172])
1	0.568763060875902	0.6229919694058934	([348, 65], [348, 300, 192])
1	0.6146512063980144	0.6230315044733326	([223, 6], [223, 171, 169])
1	0.6030724851970024	0.623047767897997	([440, 304], [440, 304, 297])
1	0.5999135423490329	0.6231300866693996	([646, 127], [646, 310, 303])
1	0.6197614137322203	0.6231300866693996	([640, 310], [646, 640, 310])
1	0.6155251495752726	0.6231481663118118	([224, 173], [235, 224, 173])
1	0.6191551836118014	0.6231504960210519	([936, 304], [936, 922, 304])
1	0.5965221784451006	0.6232023218129661	([1331, 1102], [1393, 1373, 1331])
1	0.5917638158993789	0.6232218272540835	([609, 433], [749, 654, 433])
1	0.6229686354950285	0.6232502661679057	([972, 921], [972, 953, 931])
1	0.5482774603832177	0.623259076350446	([433, 241], [433, 311, 153])
1	0.6029153426716831	0.6233275734090166	([661, 569], [661, 610, 592])
1	0.6086028709180177	0.6234602215204799	([981, 911], [981, 977, 911])
1	0.500198947274846	0.6235089473910715	([68, 50], [215, 211, 128])
1	0.5830323985309203	0.6235809341779331	([659, 60], [659, 657, 60])
1	0.6176064952488433	0.6236126351407029	([667, 608], [667, 646, 608])
1	0.6136277114760724	0.6236463401029434	([1333, 1236], [1333, 1280, 1234])
1	0.6028407307759299	0.62367545481542	([1126, 46], [1126, 997, 46])
1	0.5871370523515596	0.6237009639976563	([352, 74], [352, 345, 336])
1	0.5936204738697183	0.6238112954356247	([487, 69], [487, 482, 477])
1	0.5631546881128604	0.6239593539268496	([609, 308], [651, 590, 59])
1	0.6210642073964109	0.6239830586192384	([739, 669], [739, 671, 669])
1	0.6223871110378822	0.6240439375219218	([1422, 1282], [1422, 1335, 1282])
1	0.6125860070292769	0.6240999676578032	([317, 26], [444, 362, 340])
1	0.5846119518533247	0.6241273016013225	([348, 60], [348, 85, 60])
1	0.560919317862786	0.6241273016013225	([348, 46], [348, 85, 65])
1	0.6227516641578364	0.6241421754958666	([957, 89], [957, 89, 60])
1	0.5915056631460097	0.6241421754958666	([960, 61], [976, 957, 60])
1	0.511171512598524	0.624151798015895	([637, 61], [515, 481, 61])
1	0.5955486147464009	0.6241760287601704	([605, 304], [605, 593, 589])
1	0.6024728943201978	0.624200102618091	([1421, 1101], [1431, 1412, 1395])
1	0.618899016756303	0.6242001256412099	([111, 8], [111, 109, 8])
1	0.6151461296573737	0.6242118406183641	([959, 185], [978, 959, 187])
1	0.6147598300835535	0.6243077418316895	([930, 891], [930, 912, 906])
1	0.6199960171190402	0.6243324806709278	([957, 893], [957, 914, 911])
1	0.5350207725596271	0.6243753291442823	([214, 74], [214, 206, 86])
1	0.6185746119905043	0.6244600704865999	([1101, 940], [1101, 940, 931])
1	0.6222390799246885	0.6245012242511369	([900, 70], [900, 770, 70])
1	0.6205074364925685	0.6245204732583388	([461, 75], [461, 75, 60])
1	0.55715639689907	0.6245204732583388	([461, 63], [461, 85, 60])
1	0.4930352791193796	0.6246785356314871	([346, 180], [199, 188, 75])
1	0.6121174914571037	0.6248537792093222	([564, 470], [564, 551, 70])
1	0.6132855654810073	0.6249985983609996	([574, 205], [574, 563, 187])
1	0.624595048032099	0.6251371866363171	([339, 243], [339, 303, 243])
1	0.5804368096577668	0.6251644507455324	([1387, 1102], [1331, 1277, 1255])
1	0.6109546992910133	0.6251674159200541	([1435, 1398], [1435, 1430, 1416])
1	0.6137284344420081	0.6252571780678997	([487, 174], [487, 250, 221])
1	0.6203163215525297	0.6252671146174951	([525, 310], [525, 310, 129])
1	0.5104137648554687	0.6252996581266445	([310, 55], [310, 131, 55])
1	0.6087656844212618	0.6252996581266445	([317, 131], [317, 310, 131])
1	0.6158360062570933	0.6253156144651595	([147, 4], [147, 110, 108])
1	0.61240913353359	0.6253188402077601	([575, 309], [575, 572, 302])
1	0.6101457729650273	0.6253552242749616	([545, 348], [545, 348, 302])
1	0.6228159729498368	0.6255116642035696	([638, 574], [638, 574, 46])
1	0.6164358010455522	0.6255269809733915	([549, 520], [549, 542, 528])
1	0.5918286169283042	0.6255739782072709	([151, 76], [151, 76, 60])
1	0.6225863723021741	0.6256154587890593	([487, 135], [487, 174, 135])
1	0.6165864092275899	0.6256488316261299	([608, 185], [608, 187, 185])
1	0.5405988686173888	0.6256488316261299	([608, 50], [608, 572, 187])
1	0.6148853071708192	0.625700587607995	([988, 892], [988, 982, 905])
1	0.6225170428950432	0.625756413547984	([1120, 999], [1122, 1120, 999])
1	0.6229123232302931	0.625801029751686	([1152, 1103], [1152, 1136, 1130])
1	0.5106596538339356	0.6258815234963298	([188, 62], [464, 362, 62])
1	0.5881302995510302	0.6258962590086368	([748, 308], [748, 733, 46])
1	0.610978803991325	0.6258962590086368	([915, 748], [915, 748, 46])
1	0.6101798290767825	0.6260078387831209	([687, 433], [700, 687, 678])
1	0.600210047274143	0.6260852014838129	([631, 187], [631, 616, 187])
1	0.6165089966413019	0.6262535070036845	([613, 189], [641, 613, 607])
1	0.6108581903999415	0.6263083870764714	([649, 70], [657, 206, 46])
1	0.5499764033094019	0.6263083870764714	([646, 189], [657, 587, 46])
1	0.6255826384836956	0.6263765727592796	([867, 831], [867, 855, 836])
1	0.6188189185821394	0.6263978894742245	([1484, 1393], [1484, 1432, 1373])
1	0.6040357984445001	0.6264084086450337	([320, 105], [320, 319, 42])
1	0.6240263343530917	0.6264423210851291	([465, 88], [465, 434, 85])
1	0.5650360120599517	0.626568197081763	([1202, 1100], [1237, 1228, 1220])
1	0.6017347444337524	0.6267000158146344	([636, 185], [636, 185, 150])
1	0.6171597945137742	0.6267109129794963	([134, 12], [134, 110, 85])
1	0.623707986726991	0.6267338774440107	([1470, 1329], [1470, 1459, 1329])
1	0.6047650175728015	0.6268816958895373	([648, 596], [648, 647, 596])
1	0.6117548445579399	0.6269001508446669	([1253, 1101], [1253, 1233, 1213])
1	0.5790456731545756	0.6269283073193096	([667, 186], [669, 644, 186])
1	0.6193097249663102	0.6269480002596474	([1335, 1254], [1335, 1279, 1254])
1	0.5803553100737574	0.626969051061933	([247, 44], [247, 245, 44])
1	0.6043423551026363	0.6270685925315791	([339, 129], [339, 189, 128])
1	0.5517681225634664	0.6270730602213677	([672, 74], [739, 672, 433])
1	0.622820504561081	0.6270730602213677	([741, 672], [741, 739, 672])
1	0.6210542544645369	0.6271102938200206	([1420, 1256], [1420, 1409, 1256])
1	0.6128459871396723	0.6271115328899602	([1375, 191], [1423, 1375, 1333])
1	0.5788460426965413	0.6271156875244371	([986, 70], [984, 951, 907])
1	0.6170035210551587	0.6272450360700155	([172, 14], [172, 135, 105])
1	0.6224683913154714	0.6272778014905716	([321, 249], [321, 319, 289])
1	0.6267521113831579	0.6274191764671809	([217, 151], [243, 217, 151])
1	0.5639890835520377	0.6274243820728646	([915, 74], [949, 915, 433])
1	0.6005087717545022	0.6275202502553502	([638, 298], [642, 638, 309])
1	0.6003769300365961	0.6275238368274948	([1409, 62], [1409, 1383, 1380])
1	0.6028181767210478	0.6275352887071908	([868, 74], [887, 872, 868])
1	0.5659093000108245	0.6275372014784157	([749, 202], [672, 659, 646])
1	0.5626475842024193	0.6275523575081288	([655, 192], [641, 596, 192])
1	0.6234798103859972	0.6275787400765852	([1387, 1288], [1387, 1381, 1288])
1	0.6167982828800549	0.6275878729607948	([1357, 1101], [1354, 1351, 1101])
1	0.60907381737128	0.6276391944437574	([911, 84], [953, 911, 896])
1	0.6187510584649223	0.6276737545256099	([893, 187], [959, 957, 187])
1	0.6083952425666035	0.6276940468507998	([693, 58], [693, 670, 59])
1	0.586548117672729	0.6277293480810898	([517, 85], [521, 519, 70])
1	0.6208584552291031	0.6278479196554476	([978, 652], [978, 668, 652])
1	0.6247882382606809	0.6278924736147603	([733, 187], [766, 743, 733])
1	0.5823765632206842	0.6279617426348653	([256, 180], [256, 223, 220])
1	0.6017341681447999	0.6279629605168338	([577, 189], [591, 309, 304])
1	0.6222263468221372	0.6279971443547256	([1423, 58], [1423, 1281, 1235])
1	0.6242145313740537	0.6279971443547256	([1384, 1235], [1423, 1384, 1235])
1	0.62338989567424	0.6279971443547256	([1428, 1235], [1428, 1423, 1235])
1	0.6260235554951497	0.6280098581374342	([525, 46], [547, 525, 59])
1	0.622999304696205	0.6280098581374342	([525, 59], [547, 525, 517])
1	0.6277067103298897	0.6281568129049112	([1420, 1157], [1420, 1386, 1129])
1	0.6097906688225351	0.6281756921350597	([285, 142], [285, 283, 166])
1	0.6221182930857462	0.6282039996030649	([516, 130], [548, 528, 130])
1	0.6220315687603322	0.6283412383548699	([767, 70], [918, 910, 46])
1	0.6104350693707508	0.6283655532903167	([1378, 1271], [1378, 1271, 1222])
1	0.6238628525670364	0.6283798631884644	([1355, 1261], [1378, 1355, 1222])
1	0.61771406833939	0.6284224689045954	([456, 42], [458, 456, 40])
1	0.5924103484289106	0.6284330112143239	([973, 191], [983, 915, 910])
1	0.5967355722536025	0.6284657144286828	([326, 74], [326, 317, 74])
1	0.5366767726523934	0.6285636114254972	([312, 209], [312, 212, 209])
1	0.612120504903399	0.6285861977186851	([336, 297], [338, 336, 297])
1	0.6107568728308107	0.6286188160237608	([319, 289], [334, 319, 165])
1	0.6210550903497635	0.6286338320267292	([814, 754], [814, 810, 761])
1	0.5914007946982022	0.6286409025967338	([520, 296], [545, 520, 302])
1	0.6252795951524284	0.6286490841186659	([214, 65], [300, 214, 74])
1	0.598797037196262	0.6286954757103022	([1248, 1102], [1255, 1249, 1237])
1	0.5911118380961956	0.6287020490724777	([648, 89], [595, 579, 89])
1	0.6250143426840835	0.6288270655996203	([722, 680], [722, 702, 680])
1	0.5498511368865063	0.6288431298078331	([570, 74], [593, 570, 566])
1	0.5910611928077956	0.628878829686895	([1222, 1152], [1223, 1205, 1162])
1	0.6270559610514177	0.6289122461611611	([538, 304], [538, 532, 304])
1	0.5890963251180341	0.6289322818901852	([640, 65], [640, 584, 566])
1	0.6224782195384523	0.6289536009453062	([915, 65], [991, 911, 65])
1	0.6185799330300198	0.6290163971257353	([298, 152], [298, 292, 152])
1	0.546540256140943	0.6291159614333853	([214, 47], [214, 65, 43])
1	0.6246332674880217	0.6291311013351031	([1456, 1321], [1456, 1454, 1304])
1	0.6107919598207647	0.6291808489670573	([1485, 1363], [1489, 1485, 1400])
1	0.543753699137375	0.6291847587640306	([646, 202], [656, 652, 575])
1	0.6073103040564231	0.6293285857208442	([1290, 1232], [1290, 1277, 1254])
1	0.6209263895908991	0.6293592574080982	([648, 545], [656, 648, 581])
1	0.6282716311433411	0.6294196842292301	([292, 29], [292, 46, 29])
1	0.5741841988110944	0.6294853074664251	([521, 70], [546, 527, 70])
1	0.6263711930976981	0.6295532516291185	([481, 247], [483, 481, 433])
1	0.6189126800516513	0.6295785317086381	([163, 103], [163, 133, 103])
1	0.6025782947949138	0.629678419794691	([552, 298], [582, 552, 298])
1	0.5714200438711706	0.6297680887012925	([548, 74], [653, 548, 130])
1	0.6218575976481442	0.6297775113577072	([483, 433], [483, 474, 472])
1	0.6078135986212285	0.6298092920254231	([480, 163], [482, 477, 163])
1	0.6198788615234078	0.6299244468124121	([555, 341], [595, 555, 341])
1	0.6194063083332106	0.629941994098804	([972, 433], [990, 972, 959])
1	0.4915613205178925	0.6299495857332579	([209, 70], [206, 69, 66])
1	0.580104584552771	0.6300206577231595	([928, 433], [1001, 974, 961])
1	0.623196335340941	0.630181902533444	([731, 667], [750, 733, 667])
1	0.5767698117837334	0.6302897957215225	([563, 209], [563, 551, 209])
1	0.6297632116214886	0.6302909603251906	([986, 655], [986, 655, 303])
1	0.582968179884044	0.6302949987818997	([1126, 61], [1126, 960, 958])
1	0.6080743988802718	0.6304117024997496	([617, 190], [617, 608, 187])
1	0.608623338560614	0.6305084698278168	([1457, 1302], [1457, 1455, 1303])
1	0.6302345761746199	0.6305583096519454	([666, 128], [666, 643, 638])
1	0.5457431344259911	0.6305625066024748	([737, 433], [609, 580, 566])
1	0.5406905520777986	0.6305677293738937	([342, 55], [337, 310, 190])
1	0.592477831379964	0.6306652320353919	([219, 192], [219, 216, 215])
1	0.6255327104342183	0.6307144844247945	([743, 670], [743, 670, 46])
1	0.6203884838066441	0.630759985280836	([502, 274], [502, 489, 225])
1	0.5841444272043679	0.6307957134010804	([550, 190], [576, 550, 190])
1	0.5971101076279681	0.6309038343297838	([1282, 1244], [1270, 1260, 1101])
1	0.6263312592939771	0.6309071985626721	([1128, 59], [1128, 1113, 1111])
1	0.6225010694894165	0.6309225002124049	([335, 146], [335, 320, 146])
1	0.6216958519753527	0.6309240664758805	([487, 288], [487, 288, 234])
1	0.5733000841236239	0.6309534196659479	([586, 297], [586, 567, 297])
1	0.6174752393373594	0.6309567604853109	([900, 89], [983, 910, 900])
1	0.6201476871210233	0.6309567604853109	([985, 900], [985, 983, 900])
1	0.6254316951898773	0.6309741695646649	([1072, 993], [1124, 1091, 1072])
1	0.5831469831855607	0.6310480332387377	([216, 176], [216, 215, 176])
1	0.6239599916701563	0.6310480332387377	([1102, 176], [1102, 215, 176])
1	0.5714826986234458	0.6311196997220087	([652, 62], [668, 656, 65])
1	0.6142983923042002	0.631279135275833	([658, 190], [658, 645, 190])
1	0.6068221574778839	0.6313707066786843	([1482, 1403], [1489, 1482, 1403])
1	0.6169112291536961	0.6313766567461606	([1374, 1256], [1419, 1374, 1256])
1	0.5902952875552864	0.6313766567461606	([1256, 62], [1419, 1409, 1256])
1	0.6310123691173546	0.631435105259245	([448, 122], [448, 186, 122])
1	0.5354659074527344	0.6314990244096764	([542, 55], [553, 543, 542])
1	0.6220733660983329	0.631605473607266	([769, 26], [769, 755, 26])
1	0.6189648358640243	0.6316582366885555	([1389, 1289], [1389, 1375, 1333])
1	0.6264920384973535	0.6316974473207038	([635, 59], [644, 635, 618])
1	0.4908064885154471	0.631697946709594	([206, 69], [298, 177, 102])
1	0.6276527143584385	0.6318499898127968	([615, 570], [615, 590, 570])
1	0.5341041722939053	0.631874475936832	([301, 47], [301, 90, 85])
1	0.6017771876891039	0.6318848321713897	([982, 905], [988, 914, 905])
1	0.630725707899405	0.6319389544903107	([736, 658], [743, 736, 658])
1	0.6287730729010094	0.6319750880117347	([1121, 955], [1121, 977, 973])
1	0.6314418468692256	0.6320401975721592	([753, 59], [753, 733, 731])
1	0.627360827676929	0.6320563227740601	([333, 5], [333, 320, 5])
1	0.5906549511859194	0.6320785169665751	([187, 175], [187, 175, 162])
1	0.5779187387374227	0.6320810859794073	([1406, 74], [1374, 1330, 1256])
1	0.6290860082587841	0.6321373654828721	([1126, 295], [1126, 297, 295])
1	0.6125015114311885	0.6321373654828721	([1091, 297], [1126, 1091, 297])
1	0.617595141192869	0.6321446937470744	([525, 26], [545, 542, 26])
1	0.6220358279797512	0.6321840950916665	([1232, 1159], [1256, 1211, 1210])
1	0.5866491992598931	0.6322034436868444	([1101, 436], [1101, 461, 436])
1	0.5772372091325628	0.6322349450536705	([1413, 50], [1413, 1375, 1361])
1	0.5313070375103727	0.6322712255056148	([739, 74], [672, 74, 60])
1	0.6319551621165536	0.6323083938404572	([1159, 1007], [1159, 1007, 58])
1	0.6263226159738491	0.6323194477752069	([437, 100], [437, 360, 33])
1	0.6038896124647535	0.6323194477752069	([360, 42], [458, 437, 33])
1	0.6195783112773816	0.6323478887894105	([1138, 1102], [1138, 1131, 1118])
1	0.6205435326390909	0.632409011069215	([762, 728], [774, 762, 727])
1	0.5817423467099353	0.6324834361374332	([526, 308], [526, 525, 474])
1	0.6102765644617449	0.6325263855756355	([1336, 1101], [1421, 1333, 1281])
1	0.6236396585488073	0.6325296414837078	([674, 297], [738, 674, 298])
1	0.6284885827390452	0.6325840902709905	([1486, 1416], [1486, 1432, 1430])
1	0.587499853888125	0.6326239826219777	([1168, 1101], [1137, 1131, 1118])
1	0.5893772430959286	0.6326921694059815	([554, 308], [570, 554, 308])
1	0.6091136450839733	0.6327304778291691	([650, 589], [650, 643, 589])
1	0.6242853922427317	0.6327434764570936	([542, 66], [548, 542, 66])
1	0.5975065582297683	0.6328017968626998	([658, 584], [658, 653, 584])
1	0.5906923447238869	0.6328155914259737	([1438, 1101], [1213, 1210, 1155])
1	0.6232934666790534	0.632815880112093	([189, 34], [189, 102, 34])
1	0.5717778481101081	0.6328448583407096	([658, 209], [653, 548, 209])
1	0.6222765099746017	0.6328503167599396	([733, 59], [918, 733, 59])
1	0.6164137735367696	0.6328503167599396	([906, 733], [918, 906, 733])
1	0.6172279552385412	0.632862545092804	([138, 42], [138, 135, 105])
1	0.6304257526804131	0.6328818774112321	([880, 830], [880, 830, 764])
1	0.5684625461471544	0.6329160522228402	([757, 46], [743, 740, 670])
1	0.6148104772518169	0.6329178039060236	([823, 758], [823, 816, 758])
1	0.5568665021126785	0.6329418615601137	([50, 24], [106, 50, 13])
1	0.5777779556268501	0.6329426758884317	([766, 187], [734, 669, 650])
1	0.6254159299876779	0.6329716549087565	([362, 132], [362, 310, 186])
1	0.5822441695811437	0.6330292012571014	([639, 295], [639, 611, 295])
1	0.6295330654029103	0.6331083788966057	([809, 187], [809, 783, 766])
1	0.6218377504902742	0.6331181428059199	([126, 30], [126, 93, 0])
1	0.5792265904815612	0.6332150840617599	([439, 47], [439, 361, 46])
1	0.5405053162773036	0.6332456569537892	([614, 69], [614, 595, 581])
1	0.5577680706872539	0.6332461237726404	([162, 26], [162, 157, 26])
1	0.6286889088008767	0.6333347622929829	([1421, 59], [1421, 1128, 1101])
1	0.6214381375270356	0.6333347622929829	([1421, 1115], [1421, 1128, 1115])
1	0.6238861597507086	0.633439649036792	([995, 913], [987, 980, 895])
1	0.6282368464550704	0.633443562207551	([331, 164], [330, 165, 164])
1	0.6255252566557514	0.633443562207551	([330, 106], [330, 319, 165])
1	0.6127467047150725	0.6335353172996456	([518, 209], [526, 518, 209])
1	0.6303779450233613	0.6336118480671163	([1407, 1253], [1407, 1389, 1233])
1	0.6316017584326185	0.6336425175637861	([1101, 1014], [1101, 1014, 1006])
1	0.5563024060823947	0.6336756070191685	([907, 192], [975, 916, 907])
1	0.5311360251558255	0.6337077607230074	([811, 199], [811, 780, 766])
1	0.6139721296837622	0.6337622473610603	([1183, 1141], [1183, 1163, 1152])
1	0.6108797772385334	0.6338710658332112	([900, 770], [741, 660, 46])
1	0.6210714378612628	0.633882824863183	([737, 651], [737, 733, 187])
1	0.6058188603409312	0.6339052699202259	([750, 58], [743, 731, 667])
1	0.6292129322690124	0.6339943680163049	([1382, 1278], [1427, 1382, 1279])
1	0.6249643826615325	0.634003761897377	([1390, 1290], [1428, 1390, 1290])
1	0.6199180454320231	0.6340212593798242	([774, 727], [766, 762, 727])
1	0.6258479270517032	0.6340302175738545	([163, 11], [163, 134, 11])
1	0.6319124948061489	0.6340518116613889	([1378, 1249], [1378, 1249, 1223])
1	0.5845586242829861	0.6341180268901699	([603, 561], [602, 599, 562])
1	0.6029685435344759	0.6341191288784876	([641, 66], [656, 641, 66])
1	0.5724929654399075	0.6341802840831909	([607, 186], [653, 643, 186])
1	0.6002790782132448	0.634232495230889	([458, 41], [331, 320, 6])
1	0.6179856296714594	0.6342370476696246	([666, 566], [666, 661, 566])
1	0.623146195989086	0.6342642122778066	([993, 912], [993, 977, 916])
1	0.6176380402634647	0.6342642122778066	([1127, 916], [1127, 993, 916])
1	0.6021376667908506	0.6344397330897468	([358, 165], [320, 289, 249])
1	0.5992597531719516	0.6344485848577991	([738, 61], [989, 737, 74])
1	0.5885262414481479	0.6344485848577991	([750, 304], [989, 737, 304])
1	0.6251249840951726	0.6344485848577991	([977, 737], [989, 977, 737])
1	0.6222557750734392	0.6345860302896003	([880, 764], [880, 863, 830])
1	0.5866652264674689	0.634654820345195	([917, 304], [976, 917, 915])
1	0.6234631736268738	0.6346914808294981	([888, 827], [888, 880, 829])
1	0.630592909465545	0.6347121707401088	([614, 567], [649, 614, 567])
1	0.6341756844822323	0.6347124963115024	([485, 359], [485, 476, 352])
1	0.6287124950133347	0.6347826213733841	([619, 571], [619, 608, 571])
1	0.5975849135925652	0.6347905988867241	([1128, 304], [1333, 1116, 1101])
1	0.6070232867544798	0.6348548919291187	([509, 192], [509, 477, 476])
1	0.6095611411995242	0.6349622956759137	([474, 304], [474, 440, 304])
1	0.5865391460836538	0.6349646506461751	([322, 192], [325, 297, 290])
1	0.5712483677173853	0.6349853820393945	([576, 186], [585, 302, 206])
1	0.629193375263745	0.6350113884551444	([776, 703], [777, 776, 703])
1	0.5924809631446155	0.6350438561332442	([1102, 620], [1102, 645, 619])
1	0.6303691204816012	0.6350509789651626	([317, 217], [317, 303, 243])
1	0.6207001015428351	0.6351511371013123	([503, 272], [503, 489, 272])
1	0.6050682108743991	0.6352206860225355	([1066, 1016], [1066, 1064, 1022])
1	0.5879946287152142	0.6352598201930109	([751, 191], [751, 653, 191])
1	0.6345168484214881	0.6355491631217479	([1488, 1372], [1488, 1437, 1372])
1	0.6142541604372265	0.635570884408333	([989, 130], [989, 130, 75])
1	0.6298383890157336	0.6356695761254019	([161, 7], [161, 147, 7])
1	0.6172289358341029	0.6357077552029378	([1346, 1262], [1355, 1346, 1262])
1	0.6316991083291966	0.6357197447051722	([1279, 981], [1279, 1124, 981])
1	0.6178235951828095	0.6357757366487972	([1089, 46], [1126, 1115, 46])
1	0.6290994133775323	0.6358174878087477	([603, 531], [603, 561, 530])
1	0.6061766741039882	0.635837677197926	([483, 308], [518, 514, 483])
1	0.6319084655478929	0.6358383741219584	([499, 141], [499, 280, 168])
1	0.6336849618342176	0.6358415747212646	([543, 473], [543, 528, 473])
1	0.5644074923807858	0.6358454377480801	([472, 26], [444, 46, 43])
1	0.6186656370187534	0.6358699231784737	([525, 129], [526, 525, 129])
1	0.63524522570457	0.6359330043672263	([1121, 901], [1123, 1121, 906])
1	0.5822213524670463	0.6360052941312132	([976, 304], [989, 907, 309])
1	0.5748033705774525	0.6360052941312132	([890, 58], [989, 909, 907])
1	0.6283648317642235	0.6360249866728341	([1389, 1233], [1427, 1280, 1235])
1	0.5999686722638071	0.6360357834941869	([893, 304], [893, 737, 304])
1	0.6275119340859564	0.6360658718623059	([1109, 1069], [1109, 1093, 1089])
1	0.6233091412987608	0.6360696141017965	([1348, 1296], [1348, 1347, 1296])
1	0.5425286359360072	0.6361585982131845	([545, 50], [594, 553, 545])
1	0.6226466048012249	0.6361964222660187	([659, 342], [659, 342, 46])
1	0.6185515755149855	0.636231237019371	([1102, 149], [1102, 215, 149])
1	0.6032666801035144	0.636327761391989	([729, 59], [746, 730, 729])
1	0.570299091789251	0.636335534736206	([519, 192], [515, 510, 504])
1	0.5730158086119498	0.6363387969239429	([1236, 74], [1287, 1279, 1236])
1	0.6230599825448757	0.6363535903858415	([771, 670], [771, 755, 59])
1	0.6353918532310033	0.636444147032328	([1469, 1353], [1482, 1469, 1353])
1	0.630119283151238	0.6364726103473815	([1413, 1158], [1413, 1392, 1158])
1	0.6291707073343731	0.6365379663298439	([730, 675], [730, 700, 687])
1	0.6281862573763418	0.6366769242816958	([251, 137], [251, 221, 167])
1	0.6360476960095768	0.6366851237493559	([340, 150], [340, 339, 150])
1	0.5947287266985496	0.6367832871122164	([331, 10], [485, 359, 289])
1	0.6228866015099659	0.6368240600038196	([335, 236], [335, 319, 289])
1	0.6345467367138317	0.6368532930828367	([1259, 1192], [1330, 1259, 1192])
1	0.6293406402054161	0.6370892031864407	([1388, 1284], [1388, 1382, 1284])
1	0.6208938251741183	0.6371311648409811	([901, 736], [901, 736, 658])
1	0.6247469334053888	0.6371311648409811	([905, 658], [905, 901, 658])
1	0.5516614249434957	0.6371326796359558	([912, 69], [912, 891, 890])
1	0.6197449618522052	0.637189802566983	([998, 902], [998, 917, 902])
1	0.6305786647761883	0.637258138202236	([902, 190], [911, 902, 190])
1	0.5755693049571458	0.6373019948394738	([524, 433], [520, 464, 433])
1	0.5571091460462455	0.6373115600532901	([241, 26], [241, 58, 43])
1	0.6006558896035364	0.6373115600532901	([238, 43], [241, 238, 43])
1	0.631268475198577	0.6373335117302916	([1286, 1071], [1287, 1123, 1090])
1	0.6348680483951625	0.637335703270348	([896, 45], [896, 668, 58])
1	0.620277239144179	0.637335703270348	([978, 668], [978, 896, 668])
1	0.6344828154590377	0.637339934931908	([908, 661], [997, 986, 908])
1	0.6266950529495968	0.6374441293201711	([288, 16], [226, 171, 16])
1	0.604273230184811	0.637510080468622	([1459, 1301], [1484, 1469, 1353])
1	0.6267472385855941	0.6375561492443973	([1386, 1129], [1420, 1167, 1157])
1	0.628095484310853	0.6375561492443973	([1428, 1167], [1420, 1401, 1167])
1	0.633765768824523	0.6376047258651248	([1330, 1212], [1385, 1336, 1212])
1	0.6227028067772533	0.6376597606363363	([743, 639], [743, 667, 639])
1	0.6262079810641277	0.6376936428435558	([1123, 906], [1121, 987, 901])
1	0.5654331839392613	0.637694589673797	([1125, 69], [1122, 981, 980])
1	0.6291400620771773	0.6377835368115159	([553, 91], [553, 528, 91])
1	0.6090059213226545	0.637788620123557	([483, 237], [481, 290, 9])
1	0.6376075518762598	0.6378014403476271	([734, 577], [734, 577, 572])
1	0.6208964018606075	0.637804649889665	([450, 47], [450, 439, 202])
1	0.6299402062514717	0.6378709333222728	([1233, 1129], [1235, 1233, 1129])
1	0.625176203908712	0.6379210705023248	([1370, 1297], [1370, 1346, 1262])
1	0.6245933449429715	0.638012073902311	([772, 295], [772, 737, 187])
1	0.6353829035390697	0.6380124345337242	([337, 149], [348, 337, 149])
1	0.6361191374709247	0.6380220684111887	([476, 320], [476, 320, 165])
1	0.6313712882219197	0.6380319970408926	([957, 299], [957, 299, 45])
1	0.6153155123003687	0.6380972819652146	([1279, 1127], [1280, 1279, 1114])
1	0.635449212299955	0.6381371410775172	([739, 580], [917, 905, 739])
1	0.6197993032917535	0.6381456696530743	([1452, 1328], [1456, 1452, 1328])
1	0.6233488527393316	0.6381527841769123	([903, 580], [739, 669, 580])
1	0.6047923365954659	0.6382106081541727	([1420, 61], [1419, 1385, 1236])
1	0.6232578650962295	0.6382462676708606	([299, 1], [299, 27, 1])
1	0.6269206048219682	0.6383165950392362	([1389, 1158], [1389, 1374, 1169])
1	0.6041550783333075	0.6383505109963213	([1453, 1308], [1455, 1453, 1303])
1	0.5973050194754426	0.638353995179121	([1000, 186], [1000, 987, 902])
1	0.6356577392903637	0.6383644854381803	([735, 693], [735, 730, 693])
1	0.6203001300519619	0.6383686252095409	([483, 148], [483, 291, 248])
1	0.6134173844533716	0.6383718410792627	([662, 205], [662, 209, 205])
1	0.6088420109529726	0.6383718410792627	([662, 123], [662, 551, 209])
1	0.6238828995244095	0.6383718410792627	([992, 662], [992, 662, 209])
1	0.6333210652668626	0.6385168992930096	([1430, 1263], [1430, 1378, 1274])
1	0.629155120602031	0.6387244071153211	([335, 32], [335, 320, 5])
1	0.6269347870642793	0.6387275536613063	([1358, 1301], [1358, 1301, 1291])
1	0.6250849715497537	0.6387323121394964	([735, 299], [752, 735, 186])
1	0.6316539853229975	0.63875393844811	([1234, 1113], [1333, 1234, 1113])
1	0.6332553122392754	0.6387622660532626	([977, 296], [977, 952, 296])
1	0.6364237405348607	0.6388445029951135	([542, 474], [542, 525, 474])
1	0.6112289607234395	0.6388640654268231	([1346, 1328], [1346, 1328, 1302])
1	0.5698670099471123	0.6388695927250414	([752, 186], [749, 735, 186])
1	0.6345558807794835	0.6390658185482262	([1375, 1160], [1420, 1375, 1167])
1	0.5981805474875312	0.6390720636025353	([581, 67], [581, 570, 295])
1	0.5050083957639561	0.6391616942829136	([203, 154], [205, 203, 154])
1	0.6376321293240419	0.6393830981175997	([519, 150], [527, 519, 150])
1	0.5787895844178826	0.6393855623101394	([491, 169], [475, 469, 26])
1	0.6367671003461625	0.6393855623101394	([481, 26], [481, 475, 26])
1	0.5807841465639682	0.6393879120075738	([586, 27], [586, 580, 27])
1	0.5256124581926618	0.6394097079920158	([472, 202], [517, 483, 472])
1	0.6261370481448261	0.6394444054947823	([731, 130], [731, 672, 667])
1	0.6230281036161083	0.6394535774493553	([1353, 1257], [1353, 1330, 1256])
1	0.6186798823591986	0.6394798460648968	([1368, 1298], [1347, 1337, 1329])
1	0.5774260478428348	0.6394962788196392	([249, 165], [218, 215, 176])
1	0.6378541588776138	0.6395463887243046	([919, 731], [919, 893, 737])
1	0.5765570132392219	0.6395475899172524	([1123, 209], [1280, 1279, 209])
1	0.5903231396024723	0.6396753881798346	([981, 637], [985, 958, 189])
1	0.635178239908172	0.6397326367178895	([161, 36], [161, 36, 1])
1	0.5644163849047383	0.6397507834811306	([1278, 1102], [1280, 1234, 1125])
1	0.6331715385589255	0.6397701337168141	([1136, 1099], [1136, 1130, 1099])
1	0.6306700516301034	0.6397896043095938	([1385, 1285], [1385, 1335, 1284])
1	0.6375914987653514	0.6398028518401562	([332, 13], [332, 26, 13])
1	0.6310686761970392	0.6398584540469155	([633, 209], [651, 642, 209])
1	0.6386162226526455	0.6399371195520328	([976, 749], [976, 954, 749])
1	0.6208885561652419	0.6399924693429984	([1122, 187], [1122, 980, 978])
1	0.603512446860331	0.6400203607061313	([985, 295], [985, 643, 295])
1	0.6172308859383453	0.6400367868366484	([1167, 61], [1419, 1386, 1129])
1	0.5736070439068774	0.640066931806223	([1004, 187], [978, 656, 652])
1	0.6347913270048291	0.640066931806223	([974, 656], [978, 974, 656])
1	0.5935100494515404	0.6400922802654976	([996, 62], [996, 910, 903])
1	0.5697510211576908	0.6401631111126667	([989, 74], [949, 751, 74])
1	0.6386873749368097	0.6401708632421257	([1078, 1013], [1078, 1068, 1013])
1	0.639604529272005	0.6401716859750907	([469, 132], [469, 452, 45])
1	0.6340400061857863	0.640201441740384	([334, 41], [334, 41, 19])
1	0.6182455454907249	0.6402762963010626	([674, 66], [674, 660, 647])
1	0.637443726330508	0.6404990258605027	([1422, 1125], [1422, 1128, 1122])
1	0.5610573930248678	0.6405445143570916	([981, 63], [1123, 985, 209])
1	0.631179528971024	0.6405551045404501	([575, 465], [575, 465, 363])
1	0.5769054040929725	0.6405663498359118	([617, 74], [653, 617, 187])
1	0.6098423658682466	0.6406583100759107	([1385, 1212], [1385, 1284, 1280])
1	0.6262582199283088	0.6407347810702687	([1111, 59], [1128, 984, 973])
1	0.6346677051568894	0.6407629075599915	([518, 90], [518, 209, 84])
1	0.6346154053985834	0.6407694474038468	([994, 891], [994, 953, 910])
1	0.4936268930721837	0.6407931383940849	([201, 98], [201, 129, 98])
1	0.5612171512842407	0.6408280404462254	([738, 298], [749, 674, 297])
1	0.6267517649982506	0.6408503606740886	([1434, 1261], [1434, 1430, 1274])
1	0.6248833513524635	0.6409317614371429	([1287, 433], [1421, 1283, 1235])
1	0.6313642807278738	0.6409491514379587	([454, 206], [454, 442, 206])
1	0.590384038535472	0.6409887519919129	([1101, 982], [1127, 1092, 1001])
1	0.6163526602237455	0.6410019538047242	([1454, 1304], [1455, 1452, 1328])
1	0.6034464313958965	0.6410026319654152	([1101, 901], [1101, 901, 574])
1	0.6169110172294864	0.6410349986094446	([639, 190], [639, 607, 190])
1	0.6281914432248332	0.6410689164753495	([1481, 1395], [1481, 1432, 1429])
1	0.6120428979635056	0.6411770087929659	([1269, 1225], [1260, 1247, 1238])
1	0.6114476394481992	0.6411898960969518	([1331, 1158], [1420, 1331, 1158])
1	0.6219666039958849	0.6411898960969518	([1374, 1169], [1420, 1389, 1158])
1	0.6372585080081989	0.6412452483532843	([545, 242], [545, 242, 214])
1	0.5634956835568159	0.6412747612374231	([308, 38], [308, 46, 38])
1	0.6306041169591199	0.6413052897362174	([1408, 1276], [1408, 1335, 1278])
1	0.6357317682039194	0.641315783945343	([996, 733], [996, 993, 733])
1	0.6080589132514482	0.641372569732151	([983, 89], [983, 957, 910])
1	0.6344386323778589	0.641393513356251	([987, 551], [987, 901, 186])
1	0.5866023577766194	0.6414302632873202	([968, 946], [967, 966, 940])
1	0.6286079087708304	0.6414503345462015	([1220, 1153], [1220, 1210, 1155])
1	0.6381711947253964	0.6414912545104963	([1074, 296], [1074, 299, 296])
1	0.629251150487332	0.6415435524599213	([290, 176], [290, 248, 163])
1	0.534814577298229	0.6415435524599213	([482, 180], [479, 290, 163])
1	0.6376405152545	0.6415952148105506	([993, 650], [993, 733, 650])
1	0.5914062053003544	0.6416084542056961	([322, 65], [361, 347, 65])
1	0.6308803656941013	0.6418695063852026	([798, 724], [798, 777, 724])
1	0.6070986993871266	0.6419118907526458	([953, 84], [911, 190, 189])
1	0.6244942362728333	0.6419310188251949	([524, 303], [546, 524, 433])
1	0.637839843593284	0.6419799589724904	([1283, 130], [1333, 1283, 130])
1	0.6262538916422709	0.6419799589724904	([1113, 130], [1333, 1331, 130])
1	0.6037864460287531	0.642025206487908	([217, 7], [217, 185, 7])
1	0.6348955112970354	0.6420675038675577	([1429, 1253], [1429, 1353, 1256])
1	0.6371905659767517	0.6420890299315173	([1285, 59], [1421, 1285, 1235])
1	0.626877166887326	0.6421002629786637	([1280, 989], [1280, 1126, 989])
1	0.6268230993567108	0.6421002629786637	([1280, 46], [1280, 1126, 1091])
1	0.6163304152550032	0.642199369084554	([615, 363], [740, 640, 363])
1	0.6382539304823625	0.6422978195993229	([589, 313], [589, 566, 313])
1	0.6287047549186503	0.6423547255538257	([323, 237], [323, 322, 237])
1	0.6286743802463499	0.642362672163191	([1128, 929], [1128, 973, 907])
1	0.6386237488912961	0.6423798588734907	([478, 173], [485, 478, 173])
1	0.627675053486553	0.6423887910463109	([903, 298], [903, 580, 209])
1	0.6407985567966574	0.6423887910463109	([910, 209], [910, 903, 209])
1	0.6088447966469231	0.6424141462776494	([191, 3], [191, 67, 21])
1	0.6402438774767533	0.6424578273711403	([354, 21], [354, 308, 21])
1	0.6422811969925305	0.6424961657652299	([954, 205], [957, 954, 205])
1	0.6135788320845137	0.6424971435906583	([1256, 1159], [1420, 1256, 1159])
1	0.6333773376355998	0.6424971435906583	([1406, 1159], [1420, 1406, 1159])
1	0.6294311679078888	0.6425460642307759	([465, 215], [465, 211, 190])
1	0.5755120558886114	0.6425602177328793	([202, 31], [202, 109, 31])
1	0.5889509540517482	0.642641188614954	([748, 209], [748, 740, 209])
1	0.6242379808032089	0.6427451889709074	([323, 27], [335, 334, 19])
1	0.5403287758776423	0.6427525600078594	([465, 55], [463, 436, 65])
1	0.6369219869673872	0.6427784876678524	([1141, 1062], [1141, 1084, 1066])
1	0.635454285987347	0.6428357598298303	([904, 206], [984, 904, 901])
1	0.48999853396824133	0.6428882448660889	([436, 179], [436, 349, 192])
1	0.6111519403115904	0.6429564883423601	([565, 26], [519, 516, 343])
1	0.6310700931095026	0.6430239059862485	([512, 357], [512, 476, 357])
1	0.6069933299191689	0.6430437626399368	([1235, 1122], [1211, 1208, 1159])
1	0.6309481437553073	0.6430627004712812	([531, 320], [531, 512, 476])
1	0.5944862871419301	0.6430693732650653	([1378, 1222], [1370, 1348, 1297])
1	0.6276297985183718	0.6431280876398351	([736, 573], [975, 974, 736])
1	0.6394380166875635	0.6431543071972289	([1399, 1299], [1399, 1366, 1350])
1	0.6338076504332834	0.6431570263067331	([1210, 1073], [1279, 1234, 1210])
1	0.6357926144800117	0.6431925992968008	([359, 104], [359, 319, 104])
1	0.5963853993845452	0.643221729344456	([969, 192], [975, 969, 956])
1	0.6224604766123183	0.6432224174134238	([908, 749], [908, 734, 655])
1	0.630749698540236	0.6432906010011994	([686, 65], [687, 671, 670])
1	0.5813912345125728	0.6432996057564309	([766, 65], [766, 757, 65])
1	0.48230629260185653	0.6433484030388112	([201, 76], [201, 129, 76])
1	0.62474564710568	0.6433908096850985	([448, 151], [448, 211, 151])
1	0.6369408908931693	0.6433967119897362	([768, 665], [768, 671, 665])
1	0.5865153091028474	0.6433967119897362	([768, 192], [768, 732, 671])
1	0.6088859045227275	0.6434938530086005	([974, 303], [974, 907, 309])
1	0.6036733345897229	0.6434938530086005	([1123, 309], [1123, 974, 309])
1	0.6240696695447023	0.6435292881895902	([992, 741], [990, 741, 737])
1	0.5752851159336435	0.6435292881895902	([1001, 433], [990, 977, 737])
1	0.633858624656405	0.6435964996408609	([446, 133], [455, 446, 133])
1	0.6431499776561901	0.6436059231266446	([988, 748], [988, 748, 737])
1	0.5899260279118911	0.6436059231266446	([1277, 304], [1128, 988, 737])
1	0.6243180240660209	0.6436394190703526	([1430, 1250], [1430, 1399, 1250])
1	0.626058318981222	0.6436407884688478	([128, 2], [128, 28, 25])
1	0.6346713353994552	0.6436963217332282	([1464, 1268], [1464, 1439, 1268])
1	0.6290454071046508	0.6437407612944622	([511, 331], [511, 333, 331])
1	0.5768081469716613	0.6437466588766279	([892, 186], [901, 736, 735])
1	0.6254956257521446	0.6437466588766279	([911, 735], [911, 901, 735])
1	0.639666370854258	0.6437628605196399	([1434, 1365], [1434, 1398, 1397])
1	0.5324147075231294	0.6437777348281368	([985, 180], [1004, 985, 980])
1	0.622839837355252	0.6437782222242748	([1461, 1299], [1461, 1451, 1302])
1	0.6263528265557833	0.6438310684909377	([1067, 1012], [1067, 1043, 1042])
1	0.5717377280767828	0.6438940780295793	([918, 50], [983, 918, 898])
1	0.6226014078000255	0.6439204078526757	([1232, 433], [1283, 1244, 1235])
1	0.6280546386096343	0.6439359939523662	([1234, 1132], [1234, 1132, 1120])
1	0.6250597467372796	0.6439953256649602	([1093, 189], [1122, 1093, 189])
1	0.5981165443796552	0.6440051721165715	([521, 300], [521, 519, 300])
1	0.6371357455108754	0.6440613305925257	([1282, 1089], [1282, 1279, 1089])
1	0.629762628977116	0.644181225792783	([1287, 1123], [1285, 1279, 1124])
1	0.6330956837960552	0.6441936153812808	([1330, 1191], [1259, 1232, 1213])
1	0.6376017388979736	0.6442030924819764	([749, 190], [749, 739, 190])
1	0.6185290693427058	0.6442057149712921	([322, 7], [325, 192, 162])
1	0.6364365445129683	0.6442247039864349	([991, 308], [991, 989, 308])
1	0.6376399999769927	0.6442462377158549	([1400, 1293], [1400, 1361, 1293])
1	0.62789345243608	0.6442644081062281	([1284, 58], [1284, 1235, 1232])
1	0.6411359930220865	0.6442737826256574	([902, 568], [902, 568, 186])
1	0.6408232616942127	0.644325822321114	([1425, 1156], [1425, 1390, 1334])
1	0.569028521092432	0.644332674532136	([293, 26], [340, 293, 213])
1	0.6408518302356891	0.6443954727242421	([1005, 85], [1005, 995, 986])
1	0.6348053147919274	0.644429656243746	([649, 347], [649, 347, 296])
1	0.6274864362953669	0.644429656243746	([731, 296], [736, 649, 296])
1	0.6094820260628959	0.6444699294951591	([529, 43], [529, 519, 43])
1	0.6209627950105208	0.6444978698964191	([1255, 1157], [1279, 1157, 1129])
1	0.5109739475488425	0.6445156473590731	([553, 199], [584, 553, 545])
1	0.6198344305812832	0.6445405261473395	([797, 714], [797, 777, 724])
1	0.6389176230364668	0.6445726056042047	([735, 128], [735, 186, 132])
1	0.6410666272751263	0.6445956107123556	([479, 218], [486, 479, 218])
1	0.6260256646742821	0.6445967290235832	([812, 755], [812, 780, 755])
1	0.6335691099836589	0.6445982261438329	([482, 318], [482, 318, 290])
1	0.6436927524771816	0.6446053671889218	([819, 750], [819, 772, 750])
1	0.5584824090628986	0.6446062439622083	([961, 74], [992, 912, 910])
1	0.5947905070449532	0.6446572239086249	([1455, 1303], [1458, 1451, 1302])
1	0.643180328481436	0.6446681563023255	([1396, 1292], [1401, 1396, 1292])
1	0.6181575231014168	0.6447478601415242	([686, 70], [692, 686, 70])
1	0.6388252531210507	0.644832274203285	([982, 734], [982, 734, 669])
1	0.6445859222395621	0.6449454764228532	([1487, 1378], [1487, 1434, 1378])
1	0.6174413394823378	0.6449479867155091	([637, 524], [637, 527, 524])
1	0.5365390834524404	0.6450311321031574	([897, 180], [985, 913, 900])
1	0.5492933582363493	0.6450866678232069	([1281, 209], [990, 958, 189])
1	0.6443970010184529	0.6451237922612428	([1324, 1063], [1324, 1303, 1060])
1	0.6316783765797985	0.6451870954743898	([1126, 919], [1126, 960, 919])
1	0.6390803458531886	0.645199035216903	([1245, 1158], [1245, 1209, 1158])
1	0.644805780509447	0.6452045814071257	([1105, 924], [1105, 1098, 924])
1	0.6338619615017775	0.645278722290266	([1432, 1169], [1432, 1394, 1169])
1	0.5641032021231333	0.6453876462133069	([891, 74], [952, 903, 892])
1	0.568400058688741	0.645567791241412	([503, 180], [503, 225, 220])
1	0.6325495532847614	0.6456948784300458	([807, 70], [807, 782, 70])
1	0.5237643358631562	0.6457465032411781	([436, 55], [463, 348, 342])
1	0.6432071791061857	0.6457875790672412	([1284, 1075], [1284, 1125, 1072])
1	0.6425375063711336	0.6457875790672412	([1284, 296], [1284, 1234, 1125])
1	0.6383271093422724	0.6458775006945847	([938, 209], [938, 930, 209])
1	0.6394191182089366	0.6459091071015703	([1127, 186], [1127, 1000, 985])
1	0.6444315095718738	0.6459455503139898	([165, 46], [165, 160, 58])
1	0.6419760597795462	0.6459524066371416	([1475, 1415], [1490, 1475, 1415])
1	0.6156132256342922	0.6459584724571288	([923, 74], [923, 922, 887])
1	0.6197780557107816	0.6460117786167714	([482, 356], [482, 356, 318])
1	0.6330288093821614	0.6460710383916807	([1354, 1276], [1404, 1354, 1276])
1	0.635830946670877	0.6461968459616109	([329, 31], [335, 329, 31])
1	0.615166344206194	0.646197822116893	([540, 319], [540, 512, 319])
1	0.560174101814969	0.6463256747192703	([673, 308], [673, 651, 648])
1	0.6370011148789614	0.6463278645346773	([995, 593], [995, 989, 577])
1	0.6301489330694527	0.6463337871606077	([747, 593], [747, 593, 296])
1	0.6350013955834642	0.6465588643151406	([1472, 1369], [1472, 1434, 1369])
1	0.6156510836741783	0.6465799270966985	([1125, 908], [1125, 1123, 908])
1	0.6450747404298827	0.6465862961255315	([1187, 1145], [1187, 1163, 1145])
1	0.5793102799445652	0.6465917389021972	([186, 2], [186, 35, 29])
1	0.6148959097667497	0.646593000399625	([528, 89], [553, 190, 44])
1	0.6434503415540286	0.6465961860383973	([1418, 1212], [1418, 1391, 1167])
1	0.6236354224838976	0.646724672500762	([979, 592], [979, 954, 908])
1	0.6435081305577457	0.646819364149911	([900, 671], [900, 896, 668])
1	0.4854829540813302	0.6468385974865525	([699, 179], [699, 686, 675])
1	0.6178612791391301	0.6469475910177055	([520, 190], [520, 190, 21])
1	0.621910051937566	0.6469763490718259	([1424, 996], [1425, 1382, 996])
1	0.6301535926046168	0.6469816798647425	([1439, 1269], [1439, 1330, 1300])
1	0.6211318516391958	0.6469908237094123	([1154, 304], [1154, 1119, 1116])
1	0.6452500948189025	0.647001301975443	([243, 91], [243, 91, 45])
1	0.6433995212213908	0.647063925667829	([742, 641], [742, 737, 653])
1	0.6444376996698683	0.6471138344268312	([1274, 433], [1274, 1252, 1251])
1	0.5165648619990033	0.6471204760814864	([976, 199], [976, 898, 199])
1	0.6358049492191389	0.6472019662206379	([539, 357], [540, 539, 357])
1	0.6430142577368233	0.6472025419131109	([1127, 655], [1127, 916, 908])
1	0.6468645366596976	0.6472128251999881	([600, 320], [603, 600, 321])
1	0.542201595111703	0.6472440240236143	([1377, 1100], [1400, 1377, 1361])
1	0.6436789826877322	0.6472934071565476	([1131, 1077], [1131, 1096, 1077])
1	0.6411373852086237	0.6473072213428738	([1379, 1162], [1379, 1228, 1222])
1	0.642689052704564	0.6473205105064815	([1374, 1134], [1401, 1374, 1134])
1	0.643421765944231	0.647373579016532	([1363, 1268], [1363, 1330, 1268])
1	0.6268989447568903	0.6474383985092242	([1233, 1002], [1424, 1233, 1122])
1	0.6140958682202825	0.6474626506539392	([750, 89], [741, 651, 187])
1	0.6398034669031543	0.6474903275204938	([1159, 1114], [1159, 1132, 1129])
1	0.5356311764069258	0.6475191621732749	([519, 180], [519, 347, 192])
1	0.6259224319292135	0.6475597976565965	([530, 358], [530, 512, 358])
1	0.6377676995521784	0.6475835868652174	([1389, 1007], [1389, 1158, 1007])
1	0.6275682553307554	0.6476748187336353	([318, 23], [318, 297, 23])
1	0.6400831448519713	0.6477243249643126	([1377, 1209], [1407, 1377, 1209])
1	0.6405782238613277	0.647853319691279	([1073, 997], [1122, 1073, 1072])
1	0.6451433101801646	0.6478539238111792	([599, 318], [599, 581, 295])
1	0.6456962289032848	0.6479003619896004	([867, 786], [867, 831, 786])
1	0.5536561170996687	0.6479131502005122	([220, 180], [503, 482, 480])
1	0.6229257265136697	0.6479742807879035	([1332, 1072], [1332, 1289, 1072])
1	0.637187035028199	0.648051840328686	([958, 671], [994, 958, 910])
1	0.6333372139340238	0.6481015670810755	([1102, 935], [1102, 951, 917])
1	0.6411212548723717	0.6481015670810755	([1120, 917], [1120, 1102, 917])
1	0.6376606539759089	0.6481238747094403	([959, 646], [959, 909, 668])
1	0.6111552675417509	0.6481312180144091	([808, 433], [808, 756, 750])
1	0.5754692490285492	0.6481602696116135	([990, 202], [990, 734, 655])
1	0.6422701998847874	0.6481967563794722	([809, 186], [809, 743, 186])
1	0.5789490801536036	0.6482199814389655	([1102, 953], [1121, 1120, 951])
1	0.6289306249521206	0.6482275410166841	([1347, 1174], [1379, 1347, 1174])
1	0.6481717048813762	0.6482275410166841	([1371, 1174], [1379, 1371, 1174])
1	0.5923253861004908	0.6482561686918373	([1426, 192], [1426, 1001, 433])
1	0.54380759124364	0.6482799345106672	([1462, 1100], [1462, 1434, 1431])
1	0.5736594683681002	0.6482950246691639	([915, 191], [985, 973, 191])
1	0.6434692562075817	0.6483032269011546	([959, 547], [959, 668, 547])
1	0.5702646392162422	0.6483201781358948	([1401, 433], [1283, 1127, 1001])
1	0.6352925618142818	0.6483269699599503	([556, 315], [587, 556, 315])
1	0.5688254191515143	0.6483482345686582	([669, 50], [669, 666, 128])
1	0.6272159587008326	0.6484061890917845	([1239, 1130], [1239, 1226, 1130])
1	0.6343874643396316	0.6484763165276964	([780, 726], [780, 760, 755])
1	0.6260650762118488	0.6486035015298381	([1074, 308], [1089, 1074, 308])
1	0.6335291537657719	0.6486151013292998	([1328, 1142], [1328, 1296, 1262])
1	0.6319522560383485	0.6486164832626443	([671, 528], [671, 589, 528])
1	0.510004490721263	0.6486539130956004	([203, 37], [203, 81, 37])
1	0.6337228885149412	0.648669100022303	([1320, 1060], [1328, 1303, 1061])
1	0.592200703897927	0.6486981393227335	([1090, 295], [1091, 1090, 295])
1	0.6480604940271812	0.6486994527760451	([731, 564], [748, 731, 564])
1	0.6416414944204858	0.6487511959405262	([1358, 1171], [1391, 1344, 1166])
1	0.6167483275556199	0.6487807594979477	([994, 648], [994, 982, 648])
1	0.6415908258572558	0.6488109708273215	([983, 644], [983, 653, 644])
1	0.6279806025791358	0.6488201485343069	([984, 206], [984, 973, 206])
1	0.6262330861223758	0.6488962755533624	([995, 738], [995, 983, 738])
1	0.6072465522216829	0.6489508165538109	([218, 42], [479, 477, 218])
1	0.6340344400402851	0.648987071636695	([1245, 1114], [1280, 1245, 1232])
1	0.6169454389111664	0.6490681907478736	([1165, 1102], [1165, 1138, 1130])
1	0.5703700727183889	0.6490751735103613	([1074, 192], [1074, 1073, 896])
1	0.6349791549984161	0.6490811553638848	([528, 239], [528, 515, 239])
1	0.6354603837269125	0.649098969675679	([1277, 1170], [1392, 1343, 1170])
1	0.6363855945541272	0.6491019685540544	([951, 666], [951, 908, 896])
1	0.6432146563432684	0.6491359610981873	([968, 685], [968, 967, 685])
1	0.6466832362261342	0.649143555925613	([907, 757], [907, 901, 757])
1	0.6326226756129371	0.6491537885522662	([890, 813], [901, 814, 186])
1	0.5390981290746972	0.6492387321419548	([1001, 192], [909, 908, 655])
1	0.6328040115306303	0.6492853138577193	([473, 161], [473, 161, 150])
1	0.6320440456980377	0.6493820719636924	([1083, 433], [1084, 1083, 970])
1	0.6466344601837052	0.6493820719636924	([1118, 970], [1118, 1083, 970])
1	0.6429017475728845	0.6493992999114884	([259, 15], [259, 223, 15])
1	0.6401787191053876	0.6495043032600974	([537, 58], [537, 524, 59])
1	0.6387021394363129	0.649534287642165	([274, 191], [274, 191, 133])
1	0.644247937716532	0.6495372083184279	([603, 321], [600, 540, 531])
1	0.6221947767847773	0.6496060654584548	([1076, 996], [1126, 1076, 996])
1	0.6382309014449729	0.6496134193791681	([903, 752], [903, 752, 733])
1	0.6459524793158913	0.6497032807385357	([988, 663], [988, 737, 663])
1	0.5955168888158768	0.649747106522275	([556, 150], [556, 150, 124])
1	0.629458399033461	0.6497580798446728	([895, 672], [895, 734, 669])
1	0.6451079046955129	0.6497822187261678	([1304, 497], [1315, 1304, 496])
1	0.6444707942702089	0.649826798716558	([886, 816], [890, 886, 816])
1	0.625682554383117	0.6498811218730932	([1484, 1167], [1484, 1403, 1373])
1	0.6334113014151976	0.6499546562961996	([808, 65], [818, 757, 743])
1	0.6476743907167272	0.6500032965357659	([1235, 993], [1235, 997, 993])
1	0.6493311856302314	0.6500112499033215	([479, 187], [486, 479, 187])
1	0.6379709070258277	0.650021556918273	([1387, 997], [1421, 1387, 997])
1	0.6440303921215751	0.6500357293164417	([868, 776], [877, 868, 776])
1	0.6473884924999526	0.6500363729178612	([751, 642], [751, 735, 642])
1	0.5703514932451915	0.6500488543330598	([753, 50], [753, 733, 669])
1	0.6413736866950983	0.6500975435231571	([1395, 1168], [1395, 1390, 1168])
1	0.6413575375651052	0.6501244261166319	([742, 84], [742, 653, 209])
1	0.646471319624061	0.6501310595454269	([357, 103], [357, 320, 5])
1	0.645409119136688	0.6501490884627582	([1364, 1295], [1364, 1295, 1266])
1	0.6240336600772521	0.6501774018920645	([609, 151], [621, 609, 151])
1	0.633793176970361	0.6503105231083492	([913, 588], [913, 892, 588])
1	0.641999375299899	0.6503354947831935	([892, 818], [892, 818, 809])
1	0.6389902384605718	0.650395143498832	([1495, 1411], [1495, 1435, 1416])
1	0.6342482639129866	0.6503975289814816	([1408, 1113], [1424, 1408, 1113])
1	0.6449936063154559	0.6504158916477455	([910, 746], [910, 746, 209])
1	0.6478197317705835	0.6504220774891166	([1293, 1241], [1293, 1258, 1254])
1	0.549047336020037	0.6504273249527072	([895, 69], [912, 736, 657])
1	0.6366131484830597	0.6505079981075158	([981, 581], [998, 976, 581])
1	0.6325373960050442	0.6505606241976251	([1402, 1200], [1402, 1359, 1167])
1	0.6488454537040294	0.6506582634115899	([1438, 1346], [1472, 1438, 1430])
1	0.6499600710857131	0.6507043864030342	([1025, 58], [1025, 1012, 1010])
1	0.6473462184291467	0.6508218448622287	([541, 361], [541, 514, 361])
1	0.6436814458707472	0.6508598524282603	([1382, 186], [1421, 1382, 186])
1	0.600812955622789	0.6508617082582784	([333, 47], [333, 327, 46])
1	0.6279734121368162	0.6509633605223567	([998, 594], [998, 656, 581])
1	0.6454861854416475	0.6511011346394298	([1412, 1132], [1419, 1412, 1132])
1	0.6438217733592067	0.6511463687595882	([482, 238], [482, 238, 217])
1	0.6452356613044511	0.6511624262840209	([997, 750], [997, 981, 750])
1	0.6471631246518602	0.65117712440678	([1385, 1119], [1385, 1335, 1128])
1	0.641910425387584	0.6512187345387106	([915, 662], [915, 671, 662])
1	0.6453082871336043	0.6512451966101103	([1228, 59], [1228, 1152, 59])
1	0.6310879008132326	0.6513186809026141	([906, 299], [912, 663, 657])
1	0.6313703912118341	0.6513186809026141	([973, 663], [973, 912, 663])
1	0.6067257373208266	0.6513745719389676	([328, 202], [333, 328, 220])
1	0.6454362156252504	0.6513829370484803	([518, 113], [518, 210, 113])
1	0.6452434808484114	0.6514218073949257	([1090, 900], [1121, 1090, 983])
1	0.6513840048481746	0.6514998452180386	([1373, 1193], [1402, 1373, 1195])
1	0.6424942071631183	0.6516185313423127	([1494, 1371], [1494, 1465, 1398])
1	0.5917458958029642	0.651685571723364	([996, 302], [996, 653, 592])
1	0.6497941259248309	0.6516982248861776	([1075, 995], [1075, 1071, 990])
1	0.6417842307941578	0.6517245304422747	([731, 609], [731, 667, 609])
1	0.6342321094725923	0.651729277651287	([764, 702], [764, 727, 723])
1	0.6110731450728025	0.651729277651287	([777, 723], [776, 764, 723])
1	0.6515386183965238	0.6517904388496404	([1494, 1101], [1494, 1439, 1438])
1	0.6496459541707046	0.6518096396917478	([1279, 900], [1279, 981, 954])
1	0.6487333375082309	0.6518132053829068	([1071, 980], [1092, 1075, 1001])
1	0.637355073335901	0.6518338327928271	([906, 570], [909, 895, 570])
1	0.6477000889453813	0.6518725837962377	([604, 541], [604, 600, 540])
1	0.5984857186712896	0.6519094262903167	([1102, 693], [1102, 735, 733])
1	0.5963727324110315	0.6519094262903167	([1102, 757], [1102, 953, 735])
1	0.6425089844005887	0.651910274203694	([1259, 1132], [1259, 1192, 1157])
1	0.6473062673018675	0.651910274203694	([1403, 1259], [1403, 1259, 1157])
1	0.6426958621178573	0.6519147247498324	([597, 149], [597, 571, 191])
1	0.6467401762541845	0.6519690544501685	([1008, 59], [1156, 1155, 1008])
1	0.6498573382610946	0.6519837243192678	([1426, 1124], [1426, 1124, 1074])
1	0.6272368854059861	0.652013981651515	([991, 672], [991, 672, 660])
1	0.650232483669062	0.6520474989755803	([928, 811], [928, 920, 817])
1	0.6480147105526572	0.6520675575418471	([488, 70], [488, 476, 70])
1	0.6100314519485099	0.6520722234725272	([1072, 191], [1072, 993, 191])
1	0.6338147963253481	0.6521205977405069	([449, 84], [449, 303, 88])
1	0.6518386661072835	0.6521851035885289	([1297, 1186], [1297, 1262, 1223])
1	0.6203985246109256	0.6521928846283774	([1308, 493], [1317, 1308, 493])
1	0.6160634811364624	0.6522457940917522	([776, 604], [766, 764, 187])
1	0.6405653951125833	0.6523028118592996	([1332, 1156], [1332, 1254, 1156])
1	0.6377260283055852	0.6523047682327583	([1234, 958], [1234, 1120, 997])
1	0.6458898322768016	0.6523715900159271	([1407, 1072], [1407, 1332, 1209])
1	0.6463024811452296	0.6524032538017857	([321, 134], [328, 320, 175])
1	0.6426778038914576	0.6524138264594569	([915, 297], [915, 896, 297])
1	0.5476494089156264	0.6524451028534469	([1100, 438], [1100, 438, 31])
1	0.6403708055308289	0.6524917895420665	([589, 472], [589, 552, 472])
1	0.6507944651116516	0.6525153455870127	([1321, 1050], [1321, 1303, 1060])
1	0.5300845311072581	0.6525378329038474	([576, 180], [550, 347, 180])
1	0.5225956098627803	0.6525804314760797	([199, 34], [199, 77, 34])
1	0.6364701454420042	0.652601941803136	([1416, 1227], [1416, 1346, 1239])
1	0.6333832327410966	0.6526363797412793	([1223, 776], [968, 880, 764])
1	0.6405717586536455	0.6526513755625482	([931, 637], [981, 931, 895])
1	0.6417991734495558	0.652675840449112	([928, 295], [1126, 919, 295])
1	0.6520102779304222	0.6526797509090333	([1334, 1211], [1334, 1277, 1235])
1	0.6243490644216689	0.6526931041253861	([1200, 304], [1200, 1159, 1154])
1	0.6523589756797028	0.6527032524687088	([649, 210], [649, 570, 210])
1	0.6360561289193487	0.6527246745693522	([741, 585], [741, 661, 647])
1	0.6503207583135442	0.6528015725963716	([1300, 1166], [1395, 1300, 1166])
1	0.6509575251765116	0.6528293433854802	([1211, 1119], [1385, 1212, 1211])
1	0.6473849770559783	0.6528497224425476	([693, 190], [693, 668, 190])
1	0.5646459388362209	0.6529174854170164	([771, 55], [771, 654, 649])
1	0.6257932184803282	0.6529479064032047	([1277, 1007], [1344, 1277, 1269])
1	0.6325339334957293	0.6529701221374141	([993, 552], [995, 993, 575])
1	0.5911325796595533	0.6529772706045461	([924, 887], [923, 919, 889])
1	0.6471229816732649	0.6530023851319736	([1418, 1245], [1429, 1418, 1245])
1	0.6490489380391694	0.6531032556977552	([1215, 1118], [1239, 1215, 1118])
1	0.634889642765866	0.6531032556977552	([1251, 1118], [1251, 1239, 1118])
1	0.6119653264580273	0.6531239290814733	([966, 26], [994, 569, 545])
1	0.6050858458791504	0.6531424055428872	([1242, 186], [1280, 1234, 186])
1	0.6310017418538789	0.6532790980772857	([542, 185], [545, 542, 185])
1	0.617613799290405	0.6533100582381549	([1236, 58], [1423, 988, 191])
1	0.6500127187163673	0.6533763420955366	([1378, 1084], [1378, 1251, 1084])
1	0.6479708572601011	0.6533830198223467	([1007, 971], [1007, 996, 971])
1	0.645816864493232	0.6533853970697435	([980, 670], [953, 911, 670])
1	0.6435935550082498	0.6535279581752297	([1091, 948], [1091, 978, 948])
1	0.646270733317073	0.6535796618013615	([1305, 494], [1305, 1304, 496])
1	0.5689932087156377	0.6536010792621854	([1386, 63], [1386, 1159, 1129])
1	0.5869619384733249	0.653628969290463	([766, 304], [766, 750, 727])
1	0.5306059908582399	0.653630501803147	([732, 63], [735, 597, 191])
1	0.6281959704059289	0.6536380868552286	([317, 34], [317, 34, 30])
1	0.6475463581207179	0.6536974725013378	([897, 750], [904, 897, 750])
1	0.6110706394628265	0.6537326460801264	([735, 26], [959, 737, 187])
1	0.6506567531235066	0.6537846958667175	([902, 613], [902, 613, 186])
1	0.6506339338118233	0.6537878829004707	([1435, 1275], [1435, 1430, 1275])
1	0.6459903173306005	0.6538246463758102	([468, 246], [468, 246, 189])
1	0.6400082990451444	0.6538286596242134	([607, 301], [607, 301, 191])
1	0.6490713086410906	0.6538286596242134	([988, 607], [988, 607, 191])
1	0.6447357626008486	0.6538414891464208	([1142, 1065], [1328, 1142, 1065])
1	0.6456612806416765	0.6538414891464208	([1262, 1066], [1328, 1262, 1065])
1	0.6476495018418581	0.6538414891464208	([1326, 1065], [1328, 1326, 1065])
1	0.6046736090039858	0.6539025214491795	([1236, 61], [1425, 1120, 1001])
1	0.5763839794583377	0.6539025214491795	([1383, 62], [1425, 1383, 1120])
1	0.6212293060769302	0.6539471310576812	([901, 60], [901, 567, 186])
1	0.6437144853206483	0.6539602424821691	([983, 564], [983, 657, 572])
1	0.6452278648453235	0.6541334860259447	([1156, 59], [1209, 1158, 1156])
1	0.6464337593893231	0.6541640667381936	([1386, 1003], [1386, 1129, 1003])
1	0.6539274712521479	0.6541893220094592	([913, 654], [913, 659, 654])
1	0.6490707346570685	0.6542190198960823	([950, 770], [950, 901, 900])
1	0.6508128465227582	0.6542619198542434	([1282, 913], [1282, 1280, 913])
1	0.6512713495284652	0.6542916722557746	([1176, 1084], [1176, 1141, 1136])
1	0.6513553787705737	0.6543054280771616	([485, 59], [485, 352, 59])
1	0.6259805658070186	0.6543111305303672	([561, 475], [603, 561, 334])
1	0.6406445462006704	0.654377804285629	([939, 885], [939, 927, 885])
1	0.6502506452332438	0.6544402196725311	([1116, 1002], [1122, 1116, 1002])
1	0.5589853177772038	0.6544662738845182	([903, 62], [996, 653, 550])
1	0.6164043284040581	0.6545372278964705	([1098, 968], [1118, 970, 935])
1	0.6522482742682295	0.6545507294415481	([1456, 1365], [1456, 1443, 1365])
1	0.645173939688813	0.6545732035847942	([1437, 1294], [1437, 1432, 1294])
1	0.6468986595470475	0.6546371879484404	([1391, 1237], [1391, 1386, 1237])
1	0.5657215132796494	0.654683042707447	([1100, 969], [1100, 969, 959])
1	0.6231893442586112	0.6547486144853973	([1485, 1190], [1485, 1362, 1171])
1	0.6546059166780053	0.6547486144853973	([1481, 1171], [1485, 1481, 1171])
1	0.6539438541086308	0.6547745160488796	([1133, 1080], [1133, 1119, 1080])
1	0.6478607138568846	0.6548728900231189	([752, 559], [752, 638, 559])
1	0.6399269323063448	0.6548750457625585	([656, 313], [656, 581, 313])
1	0.6127734226867361	0.654877253272816	([519, 127], [521, 519, 127])
1	0.6547416231115207	0.6549177442321219	([1103, 1008], [1103, 1071, 1069])
1	0.4927783787002571	0.6549854702707575	([192, 130], [177, 161, 125])
1	0.6520692905535771	0.6550235815235127	([979, 638], [979, 958, 638])
1	0.6317545104443636	0.6550575878181466	([816, 297], [816, 733, 297])
1	0.6338656439578934	0.6550623927954566	([895, 443], [895, 735, 443])
1	0.6522727021969074	0.6550671284718539	([769, 127], [771, 769, 127])
1	0.6407816599637152	0.6550977900944666	([1279, 190], [1375, 1286, 191])
1	0.6543531342562532	0.6551175949181268	([864, 789], [864, 831, 828])
1	0.5947178514306435	0.655118103382146	([1074, 70], [1074, 960, 949])
1	0.6356785125140061	0.655140634637721	([1284, 955], [1284, 1127, 1125])
1	0.6499552371167034	0.655258762018652	([883, 785], [883, 830, 829])
1	0.650666387592647	0.6552816484794871	([273, 21], [273, 248, 21])
1	0.6475148156160856	0.6553261396463804	([960, 612], [960, 917, 308])
1	0.6530089368131988	0.6553297384306291	([1226, 1095], [1226, 1130, 1095])
1	0.6085135664330293	0.6553458597738037	([954, 296], [954, 297, 296])
1	0.6406503939999498	0.655362694954713	([1432, 1252], [1432, 1294, 1255])
1	0.6447402331241997	0.6553883406000535	([980, 576], [980, 978, 580])
1	0.6187736122973864	0.6554029133129352	([977, 596], [977, 596, 551])
1	0.6488348136841511	0.655449257817499	([1261, 1176], [1347, 1261, 1174])
1	0.6506917133750663	0.655550427345941	([555, 466], [555, 552, 451])
1	0.6278320760613089	0.6555638813471659	([898, 26], [959, 909, 898])
1	0.6407987766255577	0.6555921822981745	([534, 134], [534, 187, 109])
1	0.6428027437433608	0.6556065442712953	([1430, 1130], [1430, 1239, 1222])
1	0.6475577706581479	0.6556170144980198	([530, 42], [530, 456, 358])
1	0.6445452519563598	0.6556450629930416	([770, 645], [744, 735, 597])
1	0.605027719549966	0.6556682963211311	([781, 192], [781, 768, 754])
1	0.4899154096844028	0.6556782569844088	([362, 199], [362, 213, 199])
1	0.6116890604890755	0.6557218475125367	([1423, 191], [1423, 1285, 186])
1	0.6494979742920673	0.6558068759801097	([468, 116], [468, 445, 116])
1	0.6422715410017367	0.6559071331562204	([1322, 1058], [1326, 1322, 1058])
1	0.6425920762560177	0.6559145187373251	([903, 646], [903, 646, 645])
1	0.6360401802310651	0.6559205682738004	([1141, 1084], [1262, 1152, 1141])
1	0.638913248596924	0.6559205682738004	([1298, 1141], [1298, 1262, 1141])
1	0.53255357096478	0.6559234778258317	([568, 55], [542, 337, 55])
1	0.6277878189913866	0.6559955783743756	([1298, 1204], [1298, 1249, 1204])
1	0.6119884324510078	0.6559955783743756	([1298, 1102], [1298, 1251, 1249])
1	0.5895923345923413	0.6560050675683976	([817, 304], [920, 911, 808])
1	0.6310243177762281	0.656129310604179	([1222, 968], [1222, 1141, 1084])
1	0.6110134686645909	0.656129310604179	([1328, 1061], [1251, 1222, 1084])
1	0.640832184252056	0.6562541926953653	([1380, 1131], [1429, 1380, 1131])
1	0.5650616469455304	0.6562813830324412	([912, 202], [912, 667, 650])
1	0.6438924168200298	0.6562813830324412	([956, 667], [956, 912, 667])
1	0.648182679120284	0.6563799071487989	([768, 27], [671, 308, 303])
1	0.6553707861883492	0.6564944501488932	([1342, 190], [1342, 1286, 1276])
1	0.6423706965004498	0.6565004035362993	([1325, 1046], [1327, 1325, 1046])
1	0.565333853147662	0.6565398216248352	([1090, 202], [1088, 1074, 308])
1	0.5373727314882543	0.6566137897888156	([1123, 180], [1122, 1100, 1003])
1	0.6562823539200285	0.6567926391346072	([534, 352], [534, 352, 187])
1	0.6285205981666228	0.6568208090036107	([1125, 296], [1125, 1074, 959])
1	0.6537472035409579	0.6569230661855672	([1127, 573], [1127, 900, 573])
1	0.649256254064063	0.6569711014798554	([885, 782], [894, 885, 810])
1	0.6453834722996976	0.6569831706924384	([935, 764], [935, 887, 778])
1	0.5369088875062199	0.6572325167547532	([675, 69], [745, 694, 674])
1	0.6330825790446393	0.657296775907327	([325, 44], [340, 325, 44])
1	0.551787392705305	0.6574343254782716	([1137, 1100], [1137, 1101, 1098])
1	0.6343779608031496	0.6574503618449519	([975, 674], [975, 674, 660])
1	0.6265181353470524	0.6575248465470199	([1337, 433], [1417, 1359, 1337])
1	0.6110737664324102	0.6575341500122122	([1002, 210], [1002, 586, 44])
1	0.5957384401042314	0.6575589541052222	([1331, 308], [1286, 1280, 308])
1	0.6543962584813863	0.657578138249937	([1329, 1153], [1344, 1329, 1171])
1	0.6449520166161881	0.6575899959443785	([752, 638], [752, 749, 638])
1	0.6333701511395269	0.6576175234242608	([762, 58], [762, 750, 727])
1	0.6435786638198481	0.6576311913997289	([750, 205], [750, 739, 308])
1	0.6543312647026601	0.6576311913997289	([1074, 808], [808, 750, 308])
1	0.6394687623149481	0.6576789216300623	([698, 603], [764, 702, 698])
1	0.6571341902709997	0.6576789216300623	([778, 698], [778, 764, 698])
1	0.6553503580284532	0.6576789216300623	([828, 698], [828, 764, 698])
1	0.6571132798148968	0.6576789738787878	([605, 361], [605, 563, 186])
1	0.6381332909900118	0.6577185241044339	([1482, 1194], [1482, 1481, 1171])
1	0.6451534235198325	0.6577759836576822	([1254, 1071], [1286, 1246, 1071])
1	0.5388324865323114	0.6578335963189897	([1100, 959], [1127, 1100, 959])
1	0.5652151178114546	0.6578567123233177	([1112, 192], [1112, 1090, 191])
1	0.6546977918670333	0.6578812378380596	([1335, 128], [1335, 1285, 189])
1	0.6562198090001157	0.657891554244473	([891, 639], [908, 891, 639])
1	0.6427243191116419	0.6579414810392794	([780, 692], [780, 762, 692])
1	0.6503047565870088	0.6579433579769821	([549, 468], [549, 468, 362])
1	0.657419624917003	0.6580512545897977	([866, 823], [866, 823, 812])
1	0.6514378207633156	0.6580876523259513	([1462, 1347], [1462, 1430, 1349])
1	0.6373252240157455	0.6581775416522622	([1331, 247], [1331, 308, 246])
1	0.5891483175102409	0.6581775416522622	([1102, 215], [1331, 1102, 246])
1	0.6500421346773406	0.6582031556825596	([491, 58], [491, 58, 19])
1	0.6128159046030572	0.6582439962471052	([820, 58], [920, 820, 808])
1	0.6522212569866307	0.65825122954622	([1224, 1066], [1262, 1224, 1152])
1	0.6400970723133651	0.65825122954622	([1329, 1224], [1329, 1262, 1224])
1	0.6555600132720462	0.6582990884320196	([950, 302], [975, 950, 302])
1	0.6418433079447062	0.6584466351464734	([1418, 1073], [1418, 1278, 1167])
1	0.4902068259649395	0.6584927780933197	([177, 125], [213, 199, 77])
1	0.6582257414843172	0.6585289658906209	([1135, 1069], [1190, 1169, 1069])
1	0.6554854076495769	0.6587079062391343	([260, 11], [274, 260, 11])
1	0.6493071816675485	0.6587651747710445	([1439, 1159], [1439, 1330, 1191])
1	0.640693852768003	0.6588289806684662	([752, 592], [752, 638, 608])
1	0.6531069949184269	0.6588476369293259	([777, 602], [777, 763, 602])
1	0.6453649143288461	0.6588529430840534	([1466, 1296], [1466, 1465, 1297])
1	0.6451677059988112	0.6589311699959239	([1113, 930], [1126, 1113, 930])
1	0.6563099680677343	0.6589505787417529	([1415, 1135], [1415, 1396, 1171])
1	0.6557722499111859	0.659111818927322	([1269, 1169], [1362, 1269, 1169])
1	0.5366510945710959	0.6591674385877941	([1100, 615], [1100, 660, 615])
1	0.6478089734697531	0.6592937143043709	([770, 687], [770, 755, 687])
1	0.6565173285816158	0.6593122751813315	([1491, 1366], [1491, 1440, 1366])
1	0.6483105473956784	0.6594048521483626	([1270, 1216], [1270, 1251, 1216])
1	0.6555890615128479	0.6594208818173243	([999, 544], [999, 580, 544])
1	0.6535200934567467	0.6594236161204419	([1397, 1215], [1397, 1379, 1173])
1	0.6589531101322169	0.6594549630888985	([1470, 1148], [1470, 1329, 1153])
1	0.6576326201951685	0.659602350571728	([1470, 1198], [1470, 1293, 1276])
1	0.659063296276785	0.6596237244915585	([1345, 1238], [1345, 1272, 1257])
1	0.6397157457597551	0.6596246944577072	([1420, 999], [1422, 1420, 1002])
1	0.655480186636334	0.6596454385650719	([1094, 971], [1094, 1081, 1007])
1	0.6479365494046725	0.6596740825671289	([1240, 1099], [1247, 1217, 1099])
1	0.6539497122588551	0.6596827917741865	([1338, 1131], [1380, 1338, 1276])
1	0.640096458467231	0.6598872224767005	([1122, 747], [1122, 751, 747])
1	0.5422618158227882	0.6598872224767005	([1122, 63], [1122, 904, 751])
1	0.6487419129617119	0.6598872506483142	([1350, 1099], [1350, 1346, 1099])
1	0.532902337833973	0.6598872506483142	([1237, 1100], [1416, 1346, 1099])
1	0.648654389344211	0.6599543622691117	([808, 27], [808, 768, 756])
1	0.6522786807961145	0.660083439217061	([1306, 843], [1323, 1306, 843])
1	0.6555790058632971	0.6601245786484795	([1323, 1059], [1323, 1303, 1060])
1	0.6600578078737633	0.6602096165457457	([889, 805], [889, 886, 805])
1	0.6465556845085637	0.6602736240226397	([775, 696], [775, 702, 697])
1	0.6557529773137661	0.6602828685846043	([1429, 1008], [1429, 1156, 1131])
1	0.6572156496985361	0.6603416969030627	([1240, 942], [1240, 1223, 942])
1	0.5299166159645816	0.6603632848876894	([732, 69], [732, 675, 668])
1	0.6534470499424657	0.6603632848876894	([758, 675], [758, 732, 675])
1	0.6544201418094483	0.6603783120317707	([1084, 799], [1084, 968, 888])
1	0.6431170556874399	0.6604060479756697	([1388, 973], [1388, 1113, 973])
1	0.6561997306716288	0.6604373640999833	([1159, 1078], [1159, 1114, 1078])
1	0.6403965236716942	0.6604497590202663	([1282, 978], [1282, 1124, 1073])
1	0.6351368844570233	0.6605548305760233	([1441, 1370], [1441, 1430, 1398])
1	0.6564248005569081	0.6605668041453855	([1229, 1164], [1229, 1164, 1136])
1	0.6444658302558527	0.6606133618651385	([603, 6], [603, 334, 6])
1	0.6546230921085985	0.6606876920459613	([1345, 209], [1390, 1373, 209])
1	0.6534594145946192	0.6608123515343226	([1245, 988], [1246, 1245, 191])
1	0.6428206279467871	0.6608152001783448	([602, 104], [602, 530, 42])
1	0.6444948993003112	0.660823863901481	([1378, 1136], [1229, 1223, 1136])
1	0.6607451278950811	0.6609809329487977	([1205, 1098], [1205, 1162, 1152])
1	0.5581633283539462	0.660988994151288	([516, 50], [516, 482, 4])
1	0.6479510432397898	0.661001806413189	([630, 42], [630, 602, 600])
1	0.6528088112034921	0.6610921128961097	([943, 775], [943, 941, 776])
1	0.6507501803281728	0.6613556622703994	([1376, 1069], [1417, 1376, 1008])
1	0.6555619642451391	0.6614740065205235	([318, 103], [318, 107, 103])
1	0.6505354519505346	0.6615034207309254	([1211, 1072], [1334, 1211, 1074])
1	0.530914571038846	0.6615159231183878	([1004, 180], [885, 878, 826])
1	0.6445053875748692	0.6615461087000519	([921, 127], [921, 898, 892])
1	0.6580169575232633	0.6616028506566674	([1409, 205], [1409, 1210, 1156])
1	0.6498710974867485	0.661652473971543	([1161, 967], [1136, 1099, 1097])
1	0.6588530979374733	0.661652473971543	([1150, 1097], [1150, 1136, 1097])
1	0.6243158716848859	0.661663646379501	([673, 26], [737, 673, 651])
1	0.6552415466628885	0.6616675771877785	([1211, 983], [1211, 983, 191])
1	0.6336509099988074	0.6616675771877785	([1211, 187], [1211, 1072, 191])
1	0.5826862844755862	0.6616783162168762	([1170, 202], [1218, 1170, 1166])
1	0.6554743744176452	0.6617004194144969	([566, 339], [566, 339, 303])
1	0.6304545328960177	0.6617480567221878	([1092, 912], [1126, 1092, 912])
1	0.626310517151995	0.661784516450362	([814, 302], [814, 749, 302])
1	0.6475932107607167	0.6618100983579472	([1304, 1062], [1304, 1302, 1061])
1	0.626896564369316	0.6618140317081581	([1315, 496], [1320, 1304, 496])
1	0.6556315660451463	0.6618290884962132	([1075, 909], [1075, 990, 909])
1	0.6521014636263556	0.6618884494652271	([1285, 739], [1285, 1128, 308])
1	0.6531449874020905	0.661972800174331	([1277, 952], [1277, 1092, 952])
1	0.6405268837449793	0.6619872455228609	([1230, 1097], [1355, 1346, 1097])
1	0.6474987476286196	0.6619917219706218	([1298, 1018], [1328, 1298, 1018])
1	0.6399107915712108	0.6621143074913162	([685, 602], [777, 685, 679])
1	0.6255128688629618	0.6621597921738984	([1012, 58], [1167, 1157, 1006])
1	0.6515596514169937	0.662163819545642	([1481, 70], [1481, 1405, 1373])
1	0.6499317250151115	0.662225095448608	([967, 600], [967, 685, 600])
1	0.6399904873792761	0.6622259947327817	([991, 639], [991, 640, 639])
1	0.6408596079020261	0.6622259947327817	([950, 640], [991, 916, 640])
1	0.581290281198161	0.662259900581188	([1101, 599], [1101, 994, 901])
1	0.6449932437835612	0.6622686727478606	([1293, 1198], [1330, 1293, 1214])
1	0.651553145376848	0.6622756766720016	([1299, 1162], [1379, 1372, 1162])
1	0.6606920869230111	0.6623162757229818	([1431, 1204], [1431, 1259, 1258])
1	0.6473932354235868	0.6623370035168513	([763, 297], [771, 763, 297])
1	0.6614420052493232	0.6624879439723621	([1203, 1117], [1203, 1190, 1117])
1	0.6591343107575159	0.6624920526198037	([891, 821], [897, 891, 821])
1	0.6547061429871729	0.6624996700076908	([1418, 297], [1418, 1236, 1126])
1	0.6378845957311226	0.6625425310945307	([889, 697], [889, 765, 762])
1	0.5774893152890832	0.6625664115561066	([1069, 74], [1095, 1069, 1066])
1	0.6578596498764401	0.6625806513818763	([884, 794], [884, 857, 831])
1	0.6505368350309835	0.6625919000238711	([902, 812], [902, 818, 812])
1	0.6612858308246776	0.6626526882479151	([1277, 895], [1277, 1128, 895])
1	0.6622295104951944	0.6627569585941153	([529, 351], [529, 351, 338])
1	0.6476144616399789	0.6627593759712571	([258, 42], [275, 258, 42])
1	0.6458975708109599	0.6627642318633239	([1005, 130], [1417, 1333, 1005])
1	0.49643237964322223	0.6627676010142596	([70, 46], [248, 203, 3])
1	0.6610701973052556	0.6628003842177542	([1066, 840], [1066, 1037, 840])
1	0.6500270078303689	0.6628154866051862	([1283, 909], [1283, 988, 909])
1	0.6552911738386078	0.6628165064260126	([955, 819], [955, 819, 750])
1	0.6390953307633281	0.6628805563107618	([1077, 1004], [1115, 1077, 1003])
1	0.6372434939117284	0.6629119955443514	([1102, 102], [1102, 465, 215])
1	0.6439491024519812	0.6629119955443514	([1102, 453], [1102, 465, 453])
1	0.5701494553344656	0.6629329453253734	([1426, 63], [1426, 1386, 1236])
1	0.6607103779638289	0.6629668176585832	([1202, 1010], [1231, 1202, 1012])
1	0.6549198683262867	0.6630390807107224	([1129, 928], [1129, 1000, 902])
1	0.6142214114404301	0.663087975107612	([1075, 298], [1075, 1001, 303])
1	0.5946398131925792	0.6631458399362768	([1101, 743], [1101, 744, 668])
1	0.6544295432707025	0.6631466623563398	([768, 470], [768, 595, 543])
1	0.662782755749563	0.6631785886252786	([1279, 552], [1279, 552, 190])
1	0.5162785136479743	0.6631928465462327	([1100, 1003], [1072, 1069, 1005])
1	0.6556665042561004	0.6632058835688744	([1219, 1128], [1277, 1219, 1209])
1	0.6587877051636504	0.6632058835688744	([1376, 1219], [1376, 1277, 1219])
1	0.6617956731309549	0.6633465839132467	([883, 698], [883, 785, 764])
1	0.6577886167684167	0.6633549570334065	([942, 796], [942, 941, 776])
1	0.6491773115459538	0.6634043968688446	([1156, 972], [1156, 1126, 1116])
1	0.6402596089977335	0.6634108473531469	([924, 788], [924, 887, 799])
1	0.6561768176887199	0.6634220468409825	([693, 295], [1102, 693, 599])
1	0.6617797908839527	0.6634955308153669	([1362, 1009], [1362, 1170, 1169])
1	0.6488997557839862	0.6635454301554896	([866, 779], [886, 866, 823])
1	0.6306454661410139	0.6635461859409826	([1209, 59], [1292, 1253, 1209])
1	0.6574449380418695	0.6635596546419701	([935, 602], [935, 764, 603])
1	0.618825881000984	0.6635824015547104	([1131, 1006], [1158, 1127, 1004])
1	0.6466020140299357	0.6636400842866859	([1268, 1200], [1268, 1256, 1199])
1	0.4873657036919315	0.6636612723614108	([318, 177], [318, 177, 161])
1	0.6589105858118993	0.6637378554302222	([952, 643], [978, 952, 643])
1	0.6375530777372932	0.6639150029593857	([1307, 491], [1307, 1305, 494])
1	0.4904156486636252	0.6639457114729005	([676, 203], [674, 614, 608])
1	0.6510596342969324	0.6639913037744606	([815, 676], [782, 754, 727])
1	0.6592761724026145	0.6640856328832381	([1005, 749], [1005, 986, 186])
1	0.6532381347273648	0.664097492846163	([1102, 598], [1102, 623, 598])
1	0.6561819475100376	0.6641046896061354	([534, 323], [534, 483, 323])
1	0.5934645913048524	0.6641265385826961	([1101, 931], [1118, 1101, 945])
1	0.6592891089833909	0.6641323265865965	([1381, 928], [1381, 1103, 1101])
1	0.6594629880635664	0.6641380417501996	([540, 172], [540, 320, 319])
1	0.652894482529927	0.6641451871008422	([351, 112], [351, 190, 189])
1	0.6581262007242898	0.664164807451848	([1204, 941], [1204, 1097, 941])
1	0.6550429950555565	0.664166791579803	([1226, 970], [1226, 1095, 970])
1	0.6609374425653138	0.664171233735856	([562, 159], [562, 544, 186])
1	0.6640217838795845	0.6641958101098655	([1415, 1270], [1415, 1367, 1347])
1	0.6614120530653198	0.6642174227618193	([530, 8], [530, 480, 8])
1	0.6630129604268821	0.6642182864761447	([1354, 1220], [1377, 1354, 1220])
1	0.617280518576246	0.6642649706557506	([1102, 8], [1102, 361, 176])
1	0.6518540157524662	0.6643192025286222	([1303, 1183], [1303, 1297, 1183])
1	0.6202217144977759	0.6643273466335482	([1159, 58], [1007, 988, 971])
1	0.6577203850592752	0.6643304550673107	([1327, 841], [1327, 1041, 841])
1	0.6442263630028531	0.6644503922774115	([1387, 296], [1427, 1387, 189])
1	0.644263404337358	0.6645088346277782	([1155, 1008], [1376, 1332, 1069])
1	0.6573573485679924	0.6646479274827457	([1473, 1189], [1473, 1437, 1189])
1	0.6232154374208557	0.6646963056237332	([1336, 58], [1336, 1212, 1159])
1	0.5708718245909069	0.6647285556010307	([523, 74], [523, 471, 192])
1	0.6590908556951675	0.6647299712950694	([1445, 1265], [1454, 1445, 1265])
1	0.6640536252153056	0.6648495602931815	([993, 449], [993, 548, 449])
1	0.6371573408709544	0.664858435195787	([1114, 891], [1114, 1089, 1073])
1	0.657278303662805	0.6648790960114903	([1399, 1161], [1399, 1222, 1152])
1	0.5311376467286621	0.6648832779455315	([1289, 1100], [1289, 1237, 1210])
1	0.5804859840569639	0.6648893236774829	([1102, 645], [1102, 735, 586])
1	0.6601301492150122	0.6649101520258509	([1242, 209], [1420, 1213, 209])
1	0.6633289584999452	0.6649126592186063	([897, 525], [897, 525, 303])
1	0.66192380439293	0.6649126592186063	([897, 68], [897, 661, 303])
1	0.6609581748154945	0.664918062606046	([524, 176], [524, 517, 176])
1	0.6576098336365527	0.6651110745345147	([1233, 961], [1233, 1101, 974])
1	0.6611449355531089	0.6651393434842652	([1419, 957], [1426, 1001, 998])
1	0.6086575368848915	0.6652314738982084	([1101, 631], [1101, 631, 599])
1	0.5116302396056788	0.6652809355753211	([907, 203], [907, 758, 746])
1	0.6594525836563229	0.6652847751692761	([934, 702], [967, 934, 888])
1	0.6503180797790448	0.6653520016070716	([1081, 1007], [1081, 1069, 1007])
1	0.6631730435968216	0.6653541806708828	([1256, 693], [1256, 1235, 1210])
1	0.6628701817388397	0.6654269953662414	([1269, 1188], [1274, 1269, 1188])
1	0.658094490599198	0.6654490376951886	([1346, 1183], [1346, 1222, 1183])
1	0.657557088322485	0.6654986849468364	([1366, 1165], [1372, 1366, 1165])
1	0.6598115395969595	0.665525967458395	([523, 318], [523, 318, 297])
1	0.6236081549818825	0.6655342836411637	([1331, 130], [1074, 1005, 130])
1	0.661223255109921	0.6655505360346338	([510, 65], [510, 288, 65])
1	0.6337248707678209	0.6656395500851958	([956, 300], [956, 581, 295])
1	0.6390371289543698	0.6656479596714526	([667, 524], [667, 553, 524])
1	0.6471762838092284	0.6656841846119366	([1301, 1181], [1301, 1269, 1181])
1	0.6495850054602944	0.6657205791956077	([767, 598], [767, 747, 598])
1	0.6572556807677593	0.66572275496889	([1162, 1067], [1202, 1162, 1012])
1	0.6035054849184477	0.6657601867625554	([1246, 304], [1333, 1246, 1209])
1	0.6562590771604172	0.6658109619026477	([958, 807], [958, 807, 767])
1	0.6509716833055987	0.6658109619026477	([956, 767], [958, 956, 767])
1	0.6511585924159348	0.6658109619026477	([1126, 767], [1126, 958, 767])
1	0.6085210704097831	0.6658610185748904	([902, 85], [986, 919, 186])
1	0.5629398239030411	0.6658964842225011	([998, 69], [998, 737, 736])
1	0.6397195611762165	0.665903769990028	([459, 34], [459, 452, 34])
1	0.6590267132588432	0.6659124190075841	([1321, 500], [1321, 1304, 500])
1	0.6588513113479187	0.6659160736047002	([1209, 246], [1246, 1209, 1102])
1	0.6593441769333015	0.6661373658756199	([1283, 127], [1426, 1283, 127])
1	0.6089207292709553	0.6661373658756199	([1385, 127], [1426, 1385, 127])
1	0.6644313902965269	0.666186561175817	([1069, 1034], [1069, 1034, 1012])
1	0.6547894558502892	0.6662034855865306	([1190, 1069], [1373, 1332, 1069])
1	0.6633147400891765	0.6662540292376486	([1102, 519], [1102, 519, 361])
1	0.6525723844684865	0.6662908195464816	([689, 636], [689, 687, 636])
1	0.6569824157388505	0.6663590606472214	([1428, 185], [1335, 1277, 185])
1	0.6636037964790936	0.6664247640747181	([957, 760], [957, 760, 736])
1	0.6496882378495923	0.6664459155015878	([1453, 1063], [1453, 1302, 1296])
1	0.6621199035177683	0.6664582435298263	([1477, 1182], [1477, 1365, 1182])
1	0.6379794806980588	0.6664665822464899	([1170, 1009], [1135, 1134, 1069])
1	0.6633186080963341	0.6665143445585678	([1346, 934], [1379, 1084, 970])
1	0.6510207972537959	0.6665228993524337	([930, 815], [930, 891, 759])
1	0.5659303677949228	0.6665321642761362	([664, 47], [664, 585, 65])
1	0.6340200115457955	0.6665963985473712	([1265, 1151], [1297, 1265, 1151])
1	0.6651044102340645	0.6665963985473712	([1339, 1151], [1339, 1297, 1151])
1	0.6410794398445656	0.6666290222144984	([1459, 46], [1438, 1172, 1153])
1	0.6535383315363408	0.6666755132948666	([515, 457], [540, 515, 457])
1	0.6501846542195457	0.6666952128965817	([1142, 946], [1142, 946, 941])
1	0.628157026859915	0.6666952128965817	([1097, 967], [1142, 1136, 941])
1	0.661744135286337	0.6667304462220562	([769, 652], [769, 733, 652])
1	0.6613727115049415	0.6667320857521414	([1171, 209], [1213, 1171, 1134])
1	0.6601200992986684	0.6668335912735913	([933, 763], [933, 883, 764])
1	0.6580128015875728	0.6668391073407427	([1112, 964], [1115, 1112, 964])
1	0.6369835995472831	0.6668509188786227	([967, 702], [967, 888, 685])
1	0.6019703503227618	0.6668546729553596	([1102, 313], [1102, 313, 239])
1	0.6658999335446297	0.6668652508333629	([599, 455], [599, 455, 444])
1	0.6420432114257943	0.6668673715446044	([1401, 26], [1401, 1336, 1292])
1	0.635263627557273	0.6668779174785217	([809, 637], [809, 734, 637])
1	0.6413085497411617	0.6669216547761057	([967, 42], [967, 685, 42])
1	0.6617351139755343	0.6669318610450976	([888, 358], [888, 698, 358])
1	0.5315467184474538	0.6669476174198808	([1100, 569], [1100, 660, 569])
1	0.6647905795426129	0.666990252370247	([1144, 1104], [1144, 1130, 1104])
1	0.6519911562661704	0.6671345390180675	([1397, 1139], [1397, 1173, 1164])
1	0.6558501769355068	0.667195469313927	([1292, 1094], [1292, 1288, 1094])
1	0.6592367709229419	0.6672617711383018	([560, 42], [561, 560, 456])
1	0.6635262411411854	0.6673656839830094	([1369, 1139], [1369, 1329, 1139])
1	0.6664910682043431	0.6673851169673183	([1063, 850], [1063, 1055, 845])
1	0.6399200227261435	0.6674079245818383	([875, 793], [879, 875, 793])
1	0.6666574824595733	0.66741254059979	([635, 333], [635, 467, 438])
1	0.6535674622850823	0.6675565435570036	([271, 46], [271, 249, 46])
1	0.6387907850427562	0.6676394432755016	([1102, 711], [1102, 711, 693])
1	0.5867221517809382	0.6676445753585293	([1101, 668], [1101, 998, 668])
1	0.621733119242738	0.6676636843854666	([1246, 26], [1246, 959, 191])
1	0.6675406778113907	0.6676795423508967	([295, 277], [295, 290, 277])
1	0.6613951871514898	0.6678548683773186	([1153, 1013], [1169, 1071, 1069])
1	0.6632600246986926	0.6678629523397983	([887, 42], [887, 869, 827])
1	0.6639262958465549	0.6679351292339714	([1301, 1034], [1302, 1301, 1049])
1	0.6629020613011873	0.6680162127599745	([1163, 970], [1163, 1130, 1118])
1	0.6165607009517808	0.6680975254908966	([1128, 89], [1128, 992, 657])
1	0.6559682273718851	0.6681203947044775	([1370, 1176], [1370, 1329, 1262])
1	0.6284975858024734	0.6681374792596116	([1213, 1103], [1213, 1134, 1128])
1	0.668053483734575	0.6681917134049113	([1269, 1134], [1269, 1169, 1134])
1	0.5554090563185144	0.6681972489354515	([1288, 74], [1236, 1121, 962])
1	0.6583551945551392	0.668217051348058	([786, 721], [786, 776, 703])
1	0.6529774571191552	0.6682370627441222	([1416, 1150], [1416, 1150, 1099])
1	0.6051492912479833	0.6682629962057794	([1089, 58], [1089, 986, 308])
1	0.665247921750434	0.6683321166696782	([1433, 1164], [1471, 1433, 1164])
1	0.6664985098523462	0.6684334848889257	([1329, 1067], [1329, 1162, 1139])
1	0.6523022701285791	0.6684618209701509	([1041, 839], [1053, 1044, 842])
1	0.6658328477103295	0.6684738442216998	([867, 186], [892, 885, 186])
1	0.6462168768797545	0.6684883436585831	([934, 797], [934, 797, 764])
1	0.6372397866359889	0.6685407623268691	([1079, 1010], [1079, 1070, 1010])
1	0.6512715039097149	0.6685642406323582	([1053, 842], [1061, 1044, 842])
1	0.662810418428228	0.6686865154026925	([1406, 309], [1406, 1389, 308])
1	0.6569347830154122	0.6687252031529559	([763, 536], [763, 603, 536])
1	0.5806389392829139	0.668815109213327	([334, 63], [334, 100, 63])
1	0.6545063330692644	0.6688432103933529	([1256, 1070], [1256, 1156, 1070])
1	0.6680990465269135	0.6689026921199354	([1264, 1150], [1265, 1264, 1151])
1	0.6299191179805274	0.6689357537226119	([1283, 26], [1336, 1246, 1159])
1	0.6330554190239084	0.6689573651928086	([1115, 60], [1126, 1115, 60])
1	0.6565703600980973	0.6691029495290249	([951, 615], [951, 666, 640])
1	0.6603457160563319	0.669156782487422	([1384, 769], [1332, 769, 303])
1	0.6667614598745868	0.6691859974961957	([730, 605], [754, 605, 308])
1	0.6066887750368762	0.6691904009727675	([1100, 139], [1100, 139, 104])
1	0.6595524468254442	0.6692045237479555	([1123, 552], [1128, 1123, 552])
1	0.5713043311202297	0.669248858772217	([351, 50], [351, 325, 4])
1	0.664269688491917	0.6692538412661003	([1237, 1110], [1237, 1219, 1116])
1	0.6628344310981092	0.6693255218173342	([1284, 912], [1284, 957, 955])
1	0.6581092039877376	0.6694139517631561	([692, 534], [692, 534, 186])
1	0.6679174632617729	0.6694150086071403	([1102, 866], [1102, 939, 930])
1	0.6690867598437281	0.6694331046146828	([1216, 1011], [1258, 1204, 1011])
1	0.6424266824284863	0.6694430954545999	([1272, 946], [1251, 1084, 888])
1	0.6655407815813227	0.6694643272224613	([772, 542], [772, 542, 185])
1	0.6606254448073555	0.6694703181813211	([1055, 845], [1063, 1033, 840])
1	0.6508119226486834	0.66956188191727	([1241, 65], [1277, 1241, 1218])
1	0.669095216506065	0.669592037776858	([1304, 849], [1306, 1304, 843])
1	0.6644551748352091	0.6696645400301796	([1472, 1295], [1493, 1472, 1295])
1	0.666539832941947	0.6696909599837996	([1355, 969], [1355, 1097, 967])
1	0.6650785331423483	0.6696909599837996	([1258, 967], [1355, 1258, 967])
1	0.6222252623720735	0.6696909599837996	([1416, 967], [1416, 1355, 967])
1	0.6590520858322266	0.6697335589412791	([1244, 895], [1244, 1233, 974])
1	0.5645998783364083	0.6699742907894389	([1112, 62], [1120, 909, 902])
1	0.6463618525388393	0.670019669430651	([817, 209], [930, 817, 815])
1	0.6620398450285704	0.6701514213573342	([1239, 603], [1239, 1222, 603])
1	0.6360647408393497	0.6701841047621495	([1389, 187], [1389, 1256, 1233])
1	0.6654859194061468	0.6703677134222018	([1422, 295], [1426, 1282, 295])
1	0.6123751757284384	0.6704220767628728	([1075, 85], [1075, 991, 909])
1	0.6630382545691473	0.670538469906162	([1305, 850], [1306, 1303, 848])
1	0.6563711944211212	0.6705950207390751	([601, 330], [601, 530, 360])
1	0.6495470900311763	0.670603265501817	([698, 326], [698, 603, 321])
1	0.6681326545046292	0.6706231172902437	([1290, 953], [1332, 1290, 953])
1	0.6695015353328194	0.6706936150822911	([757, 588], [757, 588, 570])
1	0.6225983661935235	0.6707328448649003	([1004, 730], [1004, 972, 730])
1	0.6537224874127692	0.6707875312790559	([1229, 1096], [1230, 1229, 1096])
1	0.6291904569364893	0.6708287749933423	([1179, 186], [1179, 1178, 186])
1	0.6621538570517114	0.6708498888498529	([1357, 1010], [1357, 1275, 1228])
1	0.6674144860643821	0.670864959033719	([1274, 1067], [1329, 1298, 1067])
1	0.5855958821838321	0.6708814315172609	([950, 62], [950, 903, 733])
1	0.6406553317947147	0.6709014929235264	([690, 26], [763, 698, 690])
1	0.5247234772989706	0.6709543636541413	([1100, 673], [1100, 959, 660])
1	0.6552245203687226	0.6710745816069719	([1210, 971], [1210, 1093, 959])
1	0.6666269143148379	0.6710919333969319	([538, 328], [600, 538, 530])
1	0.5425788826255701	0.6711019429621808	([985, 55], [985, 569, 191])
1	0.647488156498316	0.6711136802501377	([923, 187], [923, 911, 889])
1	0.6604824232205327	0.6711466088695822	([1275, 1068], [1275, 1271, 1068])
1	0.6572458801534025	0.6712587809813342	([1492, 1267], [1492, 1398, 1267])
1	0.6711154668301409	0.6714035030535881	([682, 629], [702, 681, 629])
1	0.4835950092155033	0.6714234062103621	([298, 177], [212, 181, 131])
1	0.6593079630291203	0.6714253911992948	([1335, 752], [1335, 1102, 768])
1	0.6675210682747191	0.6714495938811798	([1296, 1149], [1329, 1296, 1139])
1	0.6684178890128302	0.6714705978299106	([1435, 1021], [1435, 1275, 1068])
1	0.6560179004277011	0.6714705978299106	([1474, 1068], [1474, 1435, 1068])
1	0.657482680256555	0.6715012352840886	([1474, 1178], [1459, 1437, 1178])
1	0.5472602996390997	0.671503465092327	([468, 50], [468, 50, 24])
1	0.6646504220311923	0.6715076875223929	([1258, 1011], [1258, 1163, 1118])
1	0.6619769054344663	0.6715076875223929	([1495, 1118], [1337, 1258, 1118])
1	0.6507167807803624	0.6715282207466747	([1324, 495], [1324, 1303, 492])
1	0.664461979536033	0.6715456292211942	([951, 816], [951, 950, 816])
1	0.6336432219496124	0.6715510892435257	([1158, 127], [1426, 1159, 127])
1	0.65445422425328	0.6716030454596732	([1275, 1010], [1357, 1343, 1013])
1	0.6698537015982701	0.6716797719980511	([1342, 1133], [1342, 1213, 1169])
1	0.6168492887976095	0.6716918552987341	([820, 303], [815, 769, 749])
1	0.6678377214031197	0.6717219306934011	([1386, 893], [1386, 1384, 893])
1	0.5103751480474753	0.6717466536457256	([201, 7], [201, 98, 7])
1	0.6622689565215113	0.6718762552257598	([1414, 1201], [1414, 1201, 1008])
1	0.6691484046019958	0.6719326212121114	([1067, 837], [1067, 1042, 837])
1	0.6629140764703504	0.6719992363349776	([858, 709], [860, 858, 709])
1	0.6475525599135639	0.6720068211121828	([871, 46], [871, 828, 46])
1	0.6030162531854946	0.6720151844857851	([807, 299], [807, 754, 299])
1	0.6302131690034753	0.6720785810038371	([1133, 433], [1413, 1133, 1129])
1	0.5418899468820993	0.6720785810038371	([1400, 1100], [1431, 1413, 1133])
1	0.6681767920518424	0.6721456277666141	([1418, 963], [1427, 1418, 963])
1	0.6707762514284282	0.672226918181568	([1112, 637], [1123, 1112, 637])
1	0.5911643035373912	0.6722481419535622	([819, 74], [891, 819, 759])
1	0.6529860963308209	0.6722481419535622	([898, 819], [898, 891, 819])
1	0.6668364403649331	0.6723557980683196	([706, 308], [706, 688, 308])
1	0.6633022900978996	0.6723955023252506	([819, 576], [898, 819, 576])
1	0.6472674668379597	0.6724012186323275	([1014, 836], [1042, 1014, 836])
1	0.6637744568775146	0.6724050738628556	([1465, 1184], [1465, 1184, 1152])
1	0.6668662500345305	0.6724332230293958	([1377, 1077], [1377, 1336, 1077])
1	0.6670630415304803	0.6724355964433261	([1011, 965], [1204, 1011, 968])
1	0.6657031036659938	0.6724460705668721	([1121, 557], [1121, 891, 657])
1	0.6422278449095065	0.6724905908529651	([921, 761], [921, 896, 756])
1	0.6603161402552651	0.6725939860656571	([888, 629], [888, 685, 603])
1	0.6631308245713365	0.6726350104207465	([1301, 1009], [1301, 1179, 1170])
1	0.6464274437631194	0.672635648984516	([838, 510], [776, 603, 511])
1	0.663033228667234	0.672635648984516	([1262, 511], [1262, 776, 511])
1	0.6580705553565157	0.6726965726048334	([939, 765], [939, 866, 790])
1	0.6545651735793125	0.6727286682264259	([1253, 939], [1253, 1210, 939])
1	0.4937338835206833	0.6727637409888134	([1003, 181], [1005, 1003, 756])
1	0.5121152326431114	0.6727637409888134	([1100, 756], [1100, 1003, 756])
1	0.5196708160315883	0.6728345321493421	([1100, 347], [1100, 569, 347])
1	0.6601704608073243	0.6728927796916897	([1430, 1011], [1430, 1136, 1011])
1	0.6716713352158882	0.6728935969668791	([686, 560], [891, 686, 560])
1	0.5017659400173173	0.672909371444696	([584, 199], [584, 213, 199])
1	0.5489369837509421	0.6729124403900038	([482, 69], [482, 351, 69])
1	0.6581384821740051	0.6729865890301447	([1385, 303], [1385, 1232, 303])
1	0.6720754997939535	0.6729984844091546	([1395, 693], [1395, 1375, 693])
1	0.6562757186744198	0.6730822586540096	([731, 346], [731, 346, 316])
1	0.6680068067861942	0.673086229749548	([1224, 967], [1262, 1258, 967])
1	0.6488107217544263	0.6731274532033937	([676, 296], [676, 640, 295])
1	0.662191875172949	0.6731333205477111	([1477, 1151], [1477, 1182, 1151])
1	0.6714968541502071	0.6731802375913755	([1084, 925], [1084, 925, 888])
1	0.6476232728204186	0.6732172136677036	([1396, 1225], [1398, 1396, 1206])
1	0.6588741322376886	0.6732454910323675	([886, 727], [886, 885, 727])
1	0.638766581773814	0.6732617057711179	([1323, 844], [1303, 1063, 1043])
1	0.6605327932767285	0.6732892640127928	([1252, 1079], [1252, 1241, 1079])
1	0.6622018124522953	0.673290117736489	([1081, 962], [1102, 1082, 964])
1	0.6514929029989337	0.673308881677522	([560, 7], [560, 528, 7])
1	0.6383989610231826	0.6733797452311562	([867, 26], [865, 789, 780])
1	0.6727022419099586	0.673392751197618	([1161, 887], [1161, 967, 942])
1	0.663427505235839	0.673392751197618	([1173, 942], [1173, 1161, 942])
1	0.6565279543197381	0.6734389385325467	([881, 728], [881, 782, 779])
1	0.6480474583076599	0.6734503148385532	([893, 636], [916, 893, 636])
1	0.6634533894989926	0.6734610214468928	([1479, 1163], [1479, 1434, 1163])
1	0.6653915884590683	0.6736558226778367	([1477, 1016], [1370, 1176, 1016])
1	0.6736549297878729	0.673747783876814	([539, 3], [539, 528, 297])
1	0.6717126649062836	0.6738344020553876	([1233, 733], [1233, 961, 950])
1	0.6686428420979786	0.6738506679770899	([1236, 310], [1236, 310, 300])
1	0.668902036562531	0.6738692602940315	([1318, 261], [1318, 1314, 261])
1	0.6706000502810834	0.6739710794472384	([1407, 938], [1407, 1209, 1102])
1	0.6732022280863145	0.6739934874021029	([1308, 846], [1315, 1308, 847])
1	0.6623415493683595	0.6740178318921266	([1116, 886], [1116, 1102, 886])
1	0.6595853737845573	0.6741036214034963	([889, 27], [889, 885, 27])
1	0.6628827121404499	0.6741379272499758	([1162, 933], [1162, 942, 933])
1	0.6659705439746662	0.6741825826490697	([891, 686], [891, 686, 669])
1	0.6725736550640778	0.6742244589110097	([933, 635], [934, 933, 635])
1	0.6724027041399049	0.6742541834509074	([539, 237], [539, 481, 237])
1	0.6480445706877477	0.6743058820071718	([1297, 859], [1262, 859, 776])
1	0.6160073565805096	0.67432730606695	([1127, 85], [1127, 991, 658])
1	0.6535151857048686	0.6743295515212389	([1343, 1013], [1357, 1097, 1012])
1	0.649739889850629	0.6743997325500615	([936, 884], [936, 900, 886])
1	0.653439234742882	0.674422179017421	([1013, 706], [1013, 1012, 720])
1	0.6563929056288864	0.6744491682861725	([1143, 1063], [1143, 1141, 1063])
1	0.6683151718876114	0.6744491682861725	([1186, 1063], [1186, 1141, 1063])
1	0.6711588491549728	0.6745084941593145	([1279, 773], [1234, 773, 736])
1	0.6723073358507275	0.6745560288789593	([1302, 840], [1302, 1066, 1044])
1	0.6609757510706314	0.674595478653413	([933, 679], [933, 679, 186])
1	0.6602376419800594	0.6746031564008572	([683, 635], [685, 683, 635])
1	0.6724190489764941	0.6746357272733249	([1403, 1077], [1403, 1381, 1074])
1	0.6693718270126414	0.6746684926170996	([803, 191], [803, 762, 191])
1	0.6689508961364219	0.6747690586940132	([937, 677], [937, 920, 730])
1	0.6733883081341241	0.6747723900676608	([1354, 1146], [1354, 1293, 1146])
1	0.6710929999613054	0.6747809940796731	([866, 710], [889, 866, 707])
1	0.6711540200567548	0.6748317882477036	([1459, 1146], [1459, 1178, 1146])
1	0.6737851342497896	0.6748470544507574	([636, 33], [636, 97, 33])
1	0.6503460767903498	0.6748501330520111	([1061, 835], [1034, 1027, 839])
1	0.6713924530989958	0.6748870828467808	([1098, 65], [1116, 1098, 1070])
1	0.6515138521488699	0.6749367413407671	([1231, 1012], [1162, 1153, 1067])
1	0.6659086713197672	0.674954023066455	([831, 720], [831, 779, 726])
1	0.6496013671590736	0.6750169026414787	([1034, 856], [1304, 1061, 849])
1	0.6644641749556309	0.6750487795499441	([1378, 604], [1378, 1136, 967])
1	0.6634578186367104	0.6751359407241563	([1406, 951], [1406, 1286, 951])
1	0.6459715447224523	0.6751958839343217	([869, 42], [888, 869, 42])
1	0.649847005221295	0.6752699143191032	([1495, 1337], [1495, 1397, 1118])
1	0.6721424119554378	0.6753439852659584	([1348, 1014], [1348, 1272, 1258])
1	0.6609893415695379	0.6754034010534308	([1007, 935], [1118, 1010, 935])
1	0.6739490541292363	0.6754432045302948	([1302, 1145], [1302, 1223, 1149])
1	0.6715813381488187	0.6754476758111053	([1259, 886], [1259, 1192, 1102])
1	0.6461764016416197	0.6755311958987478	([964, 65], [964, 928, 917])
1	0.6605193173920678	0.6756161106843213	([1281, 44], [1281, 749, 296])
1	0.6701326823625416	0.6756161106843213	([1279, 674], [1281, 749, 674])
1	0.6663657232293729	0.6757011628632279	([818, 525], [818, 547, 525])
1	0.6212770763846291	0.6757011628632279	([818, 309], [818, 662, 547])
1	0.6451994173600495	0.6757692481097386	([1010, 303], [1010, 1005, 303])
1	0.6491655088439809	0.6758372209975401	([1264, 1017], [1264, 1262, 1065])
1	0.6396529604779903	0.6760140225306596	([1277, 65], [1241, 1102, 964])
1	0.6593771973692425	0.6760165376320758	([1075, 749], [1075, 979, 914])
1	0.6683605192709174	0.6761100832230227	([1430, 887], [1430, 970, 943])
1	0.6735579449789382	0.6761301847719615	([730, 516], [730, 692, 674])
1	0.6575472325509644	0.6761674078423122	([963, 808], [963, 923, 920])
1	0.6738332511545945	0.6762019448182843	([1369, 1015], [1369, 1303, 1062])
1	0.6005196873680695	0.6762113885428336	([1155, 62], [1155, 1120, 1110])
1	0.6717363416435026	0.6763410830682446	([1209, 767], [1332, 1209, 767])
1	0.6706300982951167	0.6763971261303057	([939, 728], [939, 765, 727])
1	0.6730072057129255	0.6764975400900589	([1395, 1117], [1395, 1154, 1116])
1	0.6697763047306564	0.6765002814928818	([926, 810], [926, 915, 810])
1	0.6732836321963971	0.6765488691371191	([1237, 894], [1237, 938, 928])
1	0.6609764286096504	0.6765488691371191	([1237, 938], [1237, 1001, 928])
1	0.6461366424196648	0.6765638330135784	([1012, 209], [1171, 1069, 1012])
1	0.6614899966352938	0.6766844256093257	([1154, 937], [1255, 1169, 957])
1	0.5260927970561002	0.6766873209601219	([1255, 180], [1335, 1255, 1102])
1	0.6492979200745722	0.6767290142584005	([947, 729], [1102, 947, 729])
1	0.6728180416099426	0.6767290142584005	([1407, 729], [1407, 1102, 729])
1	0.6615649594614732	0.6767698990532994	([1047, 497], [1324, 1051, 1041])
1	0.6730678413243936	0.6767744260472492	([1119, 806], [1121, 962, 806])
1	0.6617804382416895	0.6768259041563521	([1467, 1186], [1467, 1301, 1179])
1	0.6634570241751137	0.6768398222609177	([1086, 923], [1107, 1086, 923])
1	0.6749620348663234	0.6768548220395179	([1449, 1020], [1449, 1302, 1044])
1	0.6536846904699029	0.6768986698610202	([836, 719], [836, 775, 727])
1	0.6459039838645424	0.6769158085474922	([1101, 883], [1101, 883, 855])
1	0.6758326417608969	0.6769977576917358	([1060, 838], [1323, 1060, 844])
1	0.6672883542543689	0.677000070693055	([695, 43], [695, 672, 43])
1	0.6505424432758924	0.677022403063841	([1155, 187], [1155, 1004, 972])
1	0.6685374905676631	0.6771497296961099	([538, 148], [543, 538, 515])
1	0.6715253787311127	0.6772284380468092	([1487, 1188], [1487, 1188, 1173])
1	0.6572087820948445	0.677229164581682	([844, 498], [1320, 1060, 844])
1	0.6765689163750764	0.6772783890295032	([992, 316], [992, 731, 648])
1	0.6698731014321169	0.6772803213867431	([1259, 295], [1292, 1282, 295])
1	0.6730814572261683	0.6774171963863228	([857, 718], [857, 837, 705])
1	0.5019289781058052	0.6774657935373019	([203, 81], [203, 37, 3])
1	0.659807233180183	0.6774871223459022	([1243, 905], [1243, 1234, 905])
1	0.6751372980638901	0.6775359118892297	([875, 725], [875, 793, 725])
1	0.6618502451424673	0.6775615338975777	([786, 635], [786, 764, 630])
1	0.6662318615643469	0.677685132533597	([1417, 935], [1417, 1170, 1102])
1	0.6653914981540303	0.6776974364231086	([1008, 964], [1082, 1069, 1008])
1	0.6668782069407738	0.6777056495251511	([1359, 1070], [1359, 1168, 1070])
1	0.6667120742037292	0.6778194901436413	([1008, 727], [1008, 1004, 730])
1	0.6746913134251248	0.6778243873424828	([876, 295], [1259, 886, 876])
1	0.6637238240234922	0.6778500028071837	([702, 357], [702, 635, 319])
1	0.6727484829299903	0.6778520673484102	([1111, 890], [1111, 1072, 890])
1	0.6606359332553237	0.6779590760848414	([904, 823], [904, 886, 823])
1	0.6666548056941486	0.6780030915997349	([1114, 675], [1114, 821, 675])
1	0.6472560199194562	0.6780376532929333	([601, 85], [601, 322, 176])
1	0.6724987787776731	0.6781006613882455	([1014, 967], [1095, 1066, 967])
1	0.6673466611640932	0.6781251412294237	([1458, 1033], [1458, 1302, 1043])
1	0.6772061930362875	0.6782024664739719	([889, 538], [889, 888, 538])
1	0.6630828283072392	0.6782684432604239	([1101, 1060], [1101, 1060, 1014])
1	0.6749120566848044	0.6782983578557915	([968, 437], [968, 685, 600])
1	0.6539584038551475	0.6783377540026322	([1124, 90], [1124, 643, 572])
1	0.6516768795168486	0.6784409782068132	([947, 771], [988, 947, 771])
1	0.6766783018556873	0.6784529715895784	([1413, 694], [1413, 1405, 694])
1	0.662567708638189	0.6784598780507421	([937, 781], [937, 781, 773])
1	0.6753480523222604	0.6785129985513857	([852, 721], [852, 840, 721])
1	0.6750560606502658	0.6785637364888054	([1013, 774], [1013, 774, 727])
1	0.6510443792006696	0.6785637364888054	([1012, 709], [1013, 1008, 727])
1	0.5471236827856244	0.6785938549006729	([1278, 202], [1278, 929, 906])
1	0.6750682289211984	0.6786068883616629	([1397, 724], [1397, 1161, 942])
1	0.6773477086949838	0.6787005128975716	([1076, 809], [1076, 995, 809])
1	0.49293233558551264	0.6787427292453242	([248, 203], [212, 203, 37])
1	0.6567188107749379	0.678824466967296	([1017, 854], [1060, 1051, 851])
1	0.6421430948757223	0.6788569766577741	([1408, 299], [1408, 1102, 981])
1	0.650704543094454	0.6789436271439344	([1272, 1015], [1348, 1338, 1068])
1	0.6746013719224704	0.6789518856572434	([878, 679], [871, 827, 763])
1	0.6646894850807376	0.6790060699024765	([1077, 185], [1166, 1116, 1096])
1	0.6782096194042398	0.6790546157512722	([1223, 883], [1229, 1223, 883])
1	0.6527783850124157	0.6790620786665793	([1301, 854], [1301, 1296, 854])
1	0.6692777666768122	0.6790923080905513	([923, 787], [934, 923, 787])
1	0.6610587339796432	0.6790940648135986	([891, 454], [891, 454, 128])
1	0.6532825487179154	0.679143399540822	([1101, 795], [1101, 855, 795])
1	0.6454621217633855	0.6792789261245588	([820, 189], [890, 820, 640])
1	0.6715132056163434	0.6792922512916558	([679, 604], [878, 776, 604])
1	0.6697606554771931	0.67931804701437	([1470, 1023], [1329, 1067, 1023])
1	0.6792175468023793	0.6793362757323812	([1117, 937], [1411, 1395, 1117])
1	0.6776086976610701	0.6793412068352196	([1228, 926], [1228, 946, 924])
1	0.6791445999712994	0.6794202812187431	([1457, 1029], [1457, 1065, 1017])
1	0.6101721468013858	0.6794208516030446	([1101, 819], [1101, 974, 819])
1	0.6432085517208551	0.6795086118176143	([1411, 937], [1117, 967, 933])
1	0.6793471191258296	0.6795345362562627	([820, 89], [820, 809, 89])
1	0.6471223205011524	0.6795827011283787	([1077, 43], [1077, 185, 7])
1	0.6714456029081196	0.6795827011283787	([1096, 7], [1096, 1077, 7])
1	0.6702323544963494	0.6796123882356327	([1396, 1080], [1396, 1080, 1009])
1	0.6435817354213843	0.6796288506734998	([1116, 65], [1250, 1204, 1098])
1	0.6448431523847599	0.6796333358841058	([1239, 941], [1239, 970, 941])
1	0.6549445644617227	0.6796587858758089	([971, 687], [971, 955, 687])
1	0.6550385303369531	0.6796828997425711	([687, 343], [694, 687, 356])
1	0.6256724953719963	0.6797464536150938	([938, 26], [966, 938, 925])
1	0.6777306944285708	0.6797606134805013	([1386, 638], [1386, 986, 973])
1	0.6362366247065329	0.6798002514135533	([1030, 840], [1301, 1032, 1024])
1	0.5991643503494124	0.6798096847988155	([620, 47], [620, 555, 61])
1	0.6791213546617595	0.6798150276683351	([848, 714], [848, 837, 835])
1	0.6559135751785165	0.6799596714595941	([1460, 1041], [1460, 1301, 1034])
1	0.6684457827493622	0.6799596714595941	([1446, 1034], [1460, 1446, 1034])
1	0.6536758965175219	0.6799978619930587	([1299, 839], [1458, 1043, 839])
1	0.6733224740873517	0.6799994641538356	([1182, 703], [1297, 1182, 703])
1	0.6227574878146878	0.6801296296970525	([1351, 61], [1385, 1351, 1331])
1	0.6767614842826317	0.6801424250724761	([1027, 776], [1084, 1027, 1018])
1	0.652010967616567	0.6801943888362749	([886, 210], [903, 886, 210])
1	0.6544364658267824	0.6802091512328544	([964, 190], [1000, 964, 948])
1	0.6721770335658398	0.6804079485847225	([1339, 1106], [1339, 1131, 1103])
1	0.5067284065087899	0.6804094942817386	([758, 203], [758, 675, 674])
1	0.6718675676673053	0.6804607151882741	([623, 99], [623, 298, 99])
1	0.6609105816313113	0.6805095876569323	([636, 469], [636, 551, 469])
1	0.6683597493777274	0.6805285543984567	([1263, 1016], [1272, 1263, 1016])
1	0.5705606749427771	0.6806579086547119	([220, 202], [220, 202, 31])
1	0.6239101650995759	0.6806875607626994	([1428, 298], [1428, 1073, 298])
1	0.6688496268975019	0.6806893335411658	([802, 636], [823, 820, 640])
1	0.6622886363154279	0.6807110298626726	([860, 702], [863, 860, 702])
1	0.6619507760800579	0.6807858987464868	([1459, 1025], [1459, 1458, 1033])
1	0.6705781745494979	0.6808796854292211	([1102, 1021], [1102, 1082, 1034])
1	0.66648595760978	0.6809092777357852	([882, 536], [882, 833, 538])
1	0.6655816300296435	0.6809092777357852	([830, 538], [888, 882, 538])
1	0.664858453189235	0.6809133533432553	([1214, 1082], [1336, 1200, 1082])
1	0.5433954886148434	0.6809190991911994	([1209, 180], [1209, 996, 913])
1	0.677885675520699	0.6809396997147541	([1129, 560], [1129, 973, 566])
1	0.6702002995477827	0.6810518142470512	([1484, 1238], [1484, 1255, 1238])
1	0.6754772677076307	0.6810578428281764	([1193, 1086], [1193, 1166, 1080])
1	0.6769973599069988	0.681062028026476	([1263, 1184], [1455, 1445, 1184])
1	0.6410733613352871	0.6810840297466517	([1180, 433], [1212, 1180, 1159])
1	0.6699721851301432	0.68114495433015	([864, 708], [864, 832, 708])
1	0.6629402582586679	0.6811502839721533	([1178, 1011], [1178, 1176, 1011])
1	0.6794194232947488	0.6812357803721669	([1204, 540], [1204, 934, 540])
1	0.6679184221391923	0.6813154472209677	([1170, 726], [1170, 1102, 726])
1	0.6691176967145899	0.6813171683156344	([816, 606], [816, 736, 733])
1	0.6779070362086641	0.6813988130171438	([1016, 934], [1016, 1010, 934])
1	0.5997374298283945	0.6814468537883962	([1101, 237], [1101, 474, 237])
1	0.6643515920968234	0.681529729579594	([1467, 1040], [1261, 1202, 1014])
1	0.6790450561205774	0.6817364361570775	([1328, 498], [1328, 1304, 497])
1	0.6720143425217783	0.681872093595471	([1299, 1025], [1459, 1299, 1146])
1	0.6654966232762629	0.6818984564701108	([850, 497], [1308, 847, 493])
1	0.5045029323291305	0.681937892290095	([526, 203], [608, 526, 203])
1	0.6797265076726421	0.681985645020756	([1350, 1184], [1350, 1329, 1184])
1	0.6087581854387615	0.6820572908490831	([686, 89], [686, 662, 89])
1	0.6097054999148692	0.6820681868176569	([1153, 46], [1153, 1137, 308])
1	0.6597021455792597	0.68209286607744	([1046, 280], [1328, 1046, 499])
1	0.5726922084317143	0.6821184556749189	([1160, 74], [1288, 1160, 1156])
1	0.6408172072693706	0.6821909391148163	([1319, 847], [1308, 1307, 847])
1	0.643088802620477	0.6822118778298545	([694, 339], [687, 343, 337])
1	0.6753223539647941	0.6822175469207671	([686, 354], [686, 560, 354])
1	0.6667552611529012	0.6822852046925644	([939, 600], [939, 933, 600])
1	0.6716440641810257	0.6823094439770422	([1211, 206], [1334, 1211, 206])
1	0.5646977320732476	0.6823124032758223	([257, 199], [257, 218, 199])
1	0.48500430690502244	0.6823688539344421	([212, 203], [526, 203, 37])
1	0.6538513304954351	0.6825391808366243	([1358, 151], [1332, 297, 84])
1	0.6824446945011524	0.6825969667118923	([1181, 308], [1181, 1177, 308])
1	0.6785247362090152	0.682627894092647	([965, 43], [956, 300, 43])
1	0.662415665928334	0.682638780532273	([1040, 852], [1040, 1029, 856])
1	0.6693352495222478	0.6826498565658783	([837, 714], [837, 775, 705])
1	0.6554412524109076	0.6826848171868851	([1438, 1012], [1438, 1355, 1012])
1	0.6797450196715149	0.6827265019610359	([923, 626], [933, 923, 600])
1	0.6721360998666254	0.6827295119218535	([1079, 938], [1110, 1079, 1070])
1	0.5465218420174228	0.682821153424623	([654, 55], [985, 654, 567])
1	0.6411421820144698	0.682861981967621	([1461, 1042], [1461, 1302, 1042])
1	0.675045047913591	0.6828787299046418	([970, 476], [970, 603, 321])
1	0.679195249381964	0.6828787299046418	([1095, 321], [1095, 970, 321])
1	0.6768711682311033	0.6829198489624503	([1440, 1030], [1440, 1068, 1030])
1	0.6793485418682301	0.6829298440229684	([1167, 774], [1403, 1009, 1006])
1	0.6759661330863705	0.6829411753147269	([856, 711], [856, 840, 711])
1	0.6784512034770476	0.6829507885976475	([699, 309], [699, 687, 356])
1	0.680219185333756	0.6829789408933703	([1476, 1013], [1482, 1476, 1013])
1	0.6794586990591841	0.6829861677191527	([1013, 938], [1013, 938, 727])
1	0.6761867597089961	0.6830650324683725	([1092, 472], [1092, 919, 901])
1	0.6821475734396313	0.6830697409655027	([469, 326], [469, 361, 326])
1	0.649301448252535	0.6831304423832786	([1427, 772], [1427, 772, 747])
1	0.5895312573640819	0.6831582884385157	([1470, 47], [1470, 1406, 1276])
1	0.6830454943379775	0.683170845507626	([352, 233], [485, 352, 233])
1	0.6577139282045056	0.6832540122257333	([1210, 205], [1210, 1125, 205])
1	0.6770458526795574	0.6832586826245194	([1301, 507], [1301, 1300, 504])
1	0.5851980888606897	0.6832842055644279	([1101, 538], [1101, 934, 538])
1	0.673216034161499	0.6833929679231102	([1273, 1020], [1460, 1273, 1020])
1	0.6623819016206814	0.6834546958325578	([834, 26], [834, 764, 763])
1	0.6830741907907365	0.6835098750206315	([1013, 881], [1013, 881, 774])
1	0.6651654524743829	0.6835255562580771	([1052, 493], [1307, 1052, 493])
1	0.683177136435485	0.6835412263488423	([1184, 722], [1184, 942, 777])
1	0.6807978759227337	0.6835452026091177	([1165, 775], [1165, 1102, 775])
1	0.6719189307507345	0.6836151996689112	([770, 526], [770, 598, 563])
1	0.6701080750675136	0.6836470593843135	([689, 325], [689, 687, 356])
1	0.6537765076134661	0.6836688299024695	([691, 7], [691, 689, 7])
1	0.6757198413390348	0.6837537635103851	([1150, 940], [1150, 1118, 1096])
1	0.6832448357613893	0.6837877776214102	([1248, 703], [1297, 1248, 1215])
1	0.6816586161861872	0.6838424648223702	([1255, 730], [1421, 1255, 730])
1	0.6472288878090144	0.6838459533451873	([1178, 866], [1178, 1132, 1102])
1	0.67150546225135	0.6838949339471558	([536, 27], [536, 356, 329])
1	0.6691930221109414	0.6839436180076117	([691, 360], [763, 540, 536])
1	0.6837696236478176	0.6839830710346845	([692, 148], [766, 692, 686])
1	0.6541684801537557	0.6840451368101648	([1075, 595], [1075, 1074, 595])
1	0.6816763485113417	0.6840758702800428	([1135, 700], [1167, 1135, 700])
1	0.6620025841628725	0.6841280329683279	([1265, 943], [1265, 1182, 777])
1	0.6793558838396127	0.6841367839268458	([1184, 1064], [1304, 1263, 1184])
1	0.6829606138126796	0.6842351510604613	([1415, 936], [1415, 936, 888])
1	0.6537904910326287	0.6842435246631795	([1191, 939], [1210, 1191, 1155])
1	0.4946409563572035	0.6842720031376247	([238, 201], [238, 201, 7])
1	0.6692187453895798	0.6842792243150502	([1097, 877], [1097, 941, 888])
1	0.6601120917454268	0.6843121665271046	([1329, 856], [1329, 1034, 1023])
1	0.664244586361356	0.684459900047938	([1174, 1085], [1205, 1174, 1085])
1	0.6656169502300796	0.6844704550553103	([1369, 797], [1369, 1296, 854])
1	0.6731833331925668	0.684483456639468	([858, 484], [858, 839, 505])
1	0.6744613735164147	0.684525447583757	([690, 477], [691, 690, 360])
1	0.6820835780132987	0.6846730795861194	([944, 714], [944, 877, 721])
1	0.6845815418517792	0.684684769107517	([1392, 482], [1392, 514, 482])
1	0.6768279955899853	0.684684769107517	([1292, 514], [1392, 1292, 514])
1	0.6832149271049835	0.6847023889652489	([962, 866], [962, 939, 921])
1	0.6720197617235942	0.6847023889652489	([1069, 939], [1077, 962, 939])
1	0.6840202659449838	0.6847090657978587	([1269, 866], [1269, 1178, 1132])
1	0.469569709283612	0.6847247218121673	([600, 599], [664, 579, 71])
1	0.6833130740226995	0.6847708390897447	([697, 476], [701, 697, 533])
1	0.6822255670128119	0.68481823608207	([1068, 829], [1068, 1061, 835])
1	0.6759522461484719	0.6848503807676581	([1117, 698], [1117, 1097, 698])
1	0.5289084150407724	0.6849103283991148	([633, 199], [646, 633, 605])
1	0.6682028132546424	0.6849153370462457	([1268, 865], [1268, 1155, 1102])
1	0.6638558522899691	0.684972080925218	([1260, 209], [1260, 1242, 1133])
1	0.5480723564251592	0.6850329183800179	([896, 55], [896, 75, 55])
1	0.6411647170876033	0.6850385494813181	([1166, 185], [1093, 1077, 43])
1	0.6420857382113293	0.6850464124214692	([1466, 1185], [1466, 1452, 1185])
1	0.6651086877193856	0.6850832278133668	([816, 149], [816, 297, 149])
1	0.6807862912421228	0.6850985225120474	([1106, 787], [1106, 1101, 795])
1	0.5038454603899415	0.6852402396446894	([646, 199], [646, 553, 199])
1	0.6753199250793916	0.6852673141182726	([1069, 726], [1168, 1102, 726])
1	0.6815007847253411	0.6853345413332608	([833, 710], [833, 775, 705])
1	0.6824930399247914	0.6853402944796	([794, 701], [794, 764, 701])
1	0.4967297271345858	0.685429685987686	([51, 20], [219, 51, 20])
1	0.6806897677151876	0.6854413067016554	([1152, 860], [1152, 860, 777])
1	0.6761121946310337	0.6854470205686564	([1109, 635], [1109, 1085, 635])
1	0.6786090578220771	0.6855116651611036	([1044, 284], [1061, 1044, 284])
1	0.6779842322844339	0.6855908217910978	([1369, 943], [1369, 1265, 1183])
1	0.6722225736967931	0.6856854911562107	([1300, 504], [1301, 858, 505])
1	0.6822312779775658	0.6856854911562107	([1329, 505], [1329, 1301, 505])
1	0.6824186426393479	0.6856951569265576	([729, 243], [736, 729, 243])
1	0.5370641254285315	0.6857675994756401	([1100, 521], [1100, 569, 521])
1	0.6809339896481745	0.6858590430123539	([1401, 706], [1401, 1102, 699])
1	0.6767471805584354	0.6859435712789369	([1147, 1022], [1173, 1138, 1064])
1	0.681223721471363	0.6860000597564435	([882, 690], [882, 880, 690])
1	0.6451767187834897	0.6860486869203684	([1417, 1079], [1417, 1337, 1079])
1	0.6767362418653413	0.6860792660487748	([254, 44], [254, 247, 219])
1	0.684852386407312	0.6861740939764992	([1225, 969], [1355, 1225, 1204])
1	0.669709923672435	0.6861777086332863	([1214, 963], [1233, 1214, 963])
1	0.6836184953685115	0.6861786457888667	([1204, 775], [1204, 941, 776])
1	0.6669843416388608	0.6863701245743288	([841, 716], [841, 777, 724])
1	0.6857624699811051	0.6864539753099397	([869, 714], [869, 837, 827])
1	0.6742465133408135	0.6864934696094076	([229, 46], [271, 229, 137])
1	0.6848630004854259	0.686494919126761	([1045, 500], [1304, 1060, 500])
1	0.6803650501870502	0.6865906087255438	([1420, 612], [1420, 612, 564])
1	0.6605257934745713	0.68661179759795	([969, 601], [969, 934, 601])
1	0.6710312512717211	0.686684592906174	([1021, 831], [1025, 1021, 858])
1	0.6771070508993022	0.6867435246646536	([1183, 798], [1183, 798, 703])
1	0.6500537172454339	0.6867656257095027	([280, 61], [280, 220, 61])
1	0.674549032523113	0.6867739302884921	([1259, 705], [1259, 1102, 726])
1	0.6862602515240107	0.6867903992852088	([1071, 927], [1076, 1071, 927])
1	0.6774584734213849	0.6867969768822525	([1474, 863], [1434, 1262, 859])
1	0.6828749268362592	0.6867969768822525	([1460, 859], [1460, 1434, 859])
1	0.6786365700523802	0.6868521489054538	([1383, 895], [1383, 1120, 895])
1	0.6788205155440393	0.6868553618826115	([1084, 682], [1084, 888, 682])
1	0.6652402557283549	0.6869013429769489	([1173, 880], [1229, 1173, 883])
1	0.6801095859700458	0.6869130346580459	([1404, 773], [1422, 1404, 773])
1	0.6827819712923257	0.6869152185142292	([1020, 834], [1020, 1013, 855])
1	0.6711718017714216	0.686915829327428	([1495, 1024], [1495, 1118, 1010])
1	0.680540946448413	0.6869908741236811	([1376, 483], [1423, 483, 210])
1	0.6561257643892636	0.6870038425416476	([991, 343], [991, 568, 343])
1	0.6780780855167953	0.6870397527271556	([1255, 529], [1385, 1255, 529])
1	0.5713235109161725	0.6872015276356466	([1218, 202], [1278, 1219, 1102])
1	0.6698152744918412	0.6872333916734299	([691, 633], [691, 665, 648])
1	0.6687536111803349	0.6873620627434512	([696, 329], [696, 677, 535])
1	0.6374137581534902	0.6873949693981024	([1101, 855], [1106, 934, 887])
1	0.6844623255216051	0.6874318334024048	([1480, 857], [1480, 1458, 857])
1	0.6831025534395705	0.6875324540470654	([1119, 692], [1119, 964, 692])
1	0.49240839201293096	0.6875611154303958	([446, 200], [446, 313, 200])
1	0.6812119504266196	0.6876393121291479	([1006, 755], [1006, 989, 755])
1	0.661705203997596	0.6877285094724659	([694, 68], [735, 694, 68])
1	0.6685542268773085	0.6877985156734128	([1447, 209], [1447, 1427, 1335])
1	0.6694575919873827	0.687862464520909	([1073, 526], [1073, 526, 298])
1	0.5892031761677842	0.6878946931953127	([476, 55], [476, 110, 55])
1	0.6794839040127779	0.6878950201067788	([1176, 764], [1176, 967, 935])
1	0.6622028268119738	0.6878950201067788	([1195, 935], [1195, 1176, 935])
1	0.6845299967870248	0.6879004859609991	([788, 678], [788, 703, 681])
1	0.6878617182943675	0.6879335849311012	([1198, 954], [1212, 1198, 954])
1	0.687725408578847	0.6879427712777949	([1349, 860], [1349, 860, 776])
1	0.6808921706880569	0.6880373966184234	([880, 297], [880, 763, 690])
1	0.6203653212394968	0.6880860094384859	([1298, 192], [1469, 1275, 1268])
1	0.6853034077215271	0.6881627427148382	([899, 444], [899, 733, 444])
1	0.6839589767180803	0.6881702343888884	([630, 537], [630, 537, 512])
1	0.6809213635496016	0.6882017218470294	([1141, 835], [1141, 1015, 835])
1	0.648917985904239	0.6882263684391006	([839, 489], [1329, 776, 511])
1	0.6073519870807086	0.6883053600076644	([875, 304], [893, 884, 875])
1	0.6877065126888975	0.6885707067419964	([1076, 558], [1115, 1076, 599])
1	0.6493441312501372	0.6886376412475983	([703, 359], [703, 698, 321])
1	0.6826142847918176	0.6887332486688135	([1246, 885], [1280, 1246, 885])
1	0.6286957922809766	0.6887346643946917	([874, 433], [878, 604, 531])
1	0.584829957962632	0.6887759540422644	([964, 50], [1413, 964, 954])
1	0.6877031788570269	0.6888470174152572	([707, 150], [707, 699, 150])
1	0.6817983211280709	0.688854864184384	([1261, 786], [1261, 1239, 702])
1	0.6794726924662331	0.6888841223216652	([1211, 807], [1277, 1211, 807])
1	0.6532014643388442	0.6888990886584492	([1087, 636], [1116, 1087, 636])
1	0.6830225687273266	0.6889334163060019	([1444, 1031], [1456, 1444, 1031])
1	0.48855096182365926	0.6889614893370875	([200, 82], [313, 200, 82])
1	0.6738741745562639	0.6890148969117068	([1346, 1017], [1346, 1068, 1017])
1	0.5820431484604448	0.6890424720478308	([1421, 202], [1421, 990, 202])
1	0.6858763592734859	0.6890547111277633	([1011, 827], [1011, 968, 880])
1	0.5671580814570863	0.6890606690352213	([983, 50], [983, 68, 50])
1	0.6743207959683571	0.6891092463860111	([691, 514], [700, 677, 482])
1	0.5373520805261404	0.6892316161458263	([1100, 510], [1100, 510, 438])
1	0.6803007184331265	0.6892360688946905	([1453, 852], [1453, 1327, 852])
1	0.5509702881028142	0.6892816249416063	([455, 69], [455, 349, 69])
1	0.6712191218389367	0.689312892554317	([945, 684], [945, 684, 680])
1	0.6752847081401236	0.6893755664266096	([848, 494], [848, 847, 494])
1	0.6874430151102549	0.6894344294551369	([1018, 796], [1152, 1018, 796])
1	0.6810068943396165	0.6894565776078346	([1469, 1070], [1469, 1171, 1012])
1	0.6855645883780253	0.6894940526188936	([1359, 517], [1359, 1131, 517])
1	0.6647595264452366	0.6895790027387618	([1061, 279], [1325, 1304, 498])
1	0.6776132567670838	0.6895848999449138	([1252, 966], [1252, 1096, 1079])
1	0.6882100640719601	0.6895963666621934	([835, 506], [835, 776, 510])
1	0.6623733505663459	0.6895965961126203	([1266, 853], [1266, 1059, 853])
1	0.6181762426822051	0.6896609121687025	([1320, 492], [1223, 1062, 511])
1	0.6800712734949061	0.6896817638021181	([1384, 688], [1384, 688, 299])
1	0.6858743829919198	0.6897093510889402	([1036, 860], [1036, 1029, 838])
1	0.6848138160140752	0.6897294052384108	([1235, 470], [1235, 895, 470])
1	0.6771759712307766	0.6897373457403401	([679, 475], [679, 604, 475])
1	0.6843740943523248	0.6898868666309494	([1430, 697], [1430, 1377, 1339])
1	0.667810378393864	0.6899708494319206	([1347, 46], [1438, 1347, 1177])
1	0.6716804298072763	0.6899933881927512	([855, 717], [855, 795, 717])
1	0.6817521867036834	0.690076190760403	([1428, 760], [1428, 1121, 752])
1	0.6889413735932225	0.6904044355784474	([714, 531], [714, 635, 531])
1	0.6887751656952951	0.6904379231842821	([1494, 858], [1494, 1439, 858])
1	0.5456961014613784	0.6904737405894353	([1076, 69], [1076, 588, 69])
1	0.6815682514031332	0.6905477409403068	([757, 349], [757, 349, 299])
1	0.4792981815336109	0.6905962568062501	([212, 181], [664, 301, 71])
1	0.6852412004054044	0.6906465557670203	([1279, 75], [1279, 1123, 209])
1	0.6544585003938193	0.6909013908887498	([869, 187], [869, 764, 763])
1	0.6815927819067725	0.6910737628602343	([629, 437], [629, 600, 319])
1	0.6773853825451038	0.6911871259854595	([1104, 778], [1104, 1097, 879])
1	0.6835645839649208	0.691255943111706	([841, 495], [848, 841, 495])
1	0.6769560934126265	0.6913720206130378	([626, 41], [626, 335, 333])
1	0.6804189580155708	0.6914848458495345	([1264, 842], [1304, 1264, 842])
1	0.6873143293491321	0.691506566257623	([1028, 777], [1028, 851, 841])
1	0.6666063092371374	0.6915531461915667	([467, 255], [467, 255, 248])
1	0.6715911133656732	0.6915799326177762	([857, 487], [1301, 857, 504])
1	0.689333948413928	0.6916028641536819	([1131, 706], [1131, 1103, 696])
1	0.6868902907596048	0.6916099489542916	([1170, 889], [1170, 889, 695])
1	0.684809529790647	0.6916099489542916	([1380, 695], [1380, 889, 695])
1	0.6852027909291935	0.6917058711162781	([1265, 1026], [1265, 1063, 1026])
1	0.6790117731035817	0.6917206164752178	([1038, 504], [1301, 1038, 1024])
1	0.6828415796433324	0.6917448875809357	([1094, 694], [1094, 962, 694])
1	0.6877981649208513	0.691761257814904	([1214, 782], [1237, 1214, 782])
1	0.6752917584510119	0.6918505405161494	([693, 480], [693, 480, 110])
1	0.6904135325086619	0.6919662490787598	([971, 521], [971, 964, 521])
1	0.6849862313126124	0.6920214590440873	([1118, 536], [1118, 882, 873])
1	0.6920988809071719	0.6921098026500883	([1371, 1060], [1371, 1060, 1016])
1	0.6839529720585166	0.6921122770411275	([1116, 728], [1116, 766, 728])
1	0.6907421952807972	0.6921861395331239	([1239, 835], [1239, 1068, 941])
1	0.6593994772476284	0.6922012487542087	([1441, 837], [1468, 1441, 837])
1	0.670092252215504	0.6923058279742883	([856, 503], [834, 776, 510])
1	0.6747958209866386	0.6923687599761502	([883, 360], [883, 561, 531])
1	0.6903232633107709	0.6924401018928327	([870, 540], [870, 703, 682])
1	0.688281464404543	0.6924583587837774	([1099, 530], [1099, 764, 530])
1	0.6877820524464583	0.6925097722123722	([1158, 688], [1158, 688, 676])
1	0.5697460237417438	0.6925678002966229	([1361, 50], [964, 521, 516])
1	0.6843966020083622	0.6926604369740824	([1159, 782], [1214, 1160, 782])
1	0.6791024230356563	0.6926972430136864	([1173, 682], [1173, 883, 698])
1	0.6785339615248162	0.6927211714256285	([1457, 506], [1457, 1456, 501])
1	0.6800307387197257	0.6927749690651617	([1203, 679], [1203, 945, 933])
1	0.6853683044019124	0.6928278211552775	([923, 694], [951, 923, 908])
1	0.6809969503918617	0.6928744577810325	([874, 533], [888, 874, 539])
1	0.6800203641971551	0.6930408620888339	([940, 701], [940, 938, 699])
1	0.6846001794065819	0.693054591362893	([1373, 761], [1389, 1373, 761])
1	0.6854811968495351	0.6932584265509724	([233, 89], [244, 233, 130])
1	0.6565297592670297	0.6932801601551803	([1160, 932], [1160, 932, 885])
1	0.688144075471572	0.6933792620570876	([682, 540], [684, 682, 540])
1	0.5678008624398238	0.6934050023739393	([1101, 474], [1101, 994, 474])
1	0.6461981228134088	0.6934669199247792	([1408, 65], [1408, 1116, 1004])
1	0.6785722909516839	0.6934906196186837	([881, 209], [881, 541, 209])
1	0.6766028803400028	0.6938177714633051	([1069, 822], [1069, 824, 726])
1	0.6913963069952587	0.6938791949285147	([1463, 274], [1488, 1463, 274])
1	0.6885244444427346	0.6939746224068881	([1113, 348], [1113, 985, 348])
1	0.5199110228315089	0.6940438657208768	([520, 199], [553, 520, 199])
1	0.6871931248956795	0.6940581862884698	([922, 720], [924, 922, 720])
1	0.6708536038530003	0.6941694321340055	([1017, 702], [1017, 968, 888])
1	0.6871835341531468	0.6941729171416362	([1172, 707], [1172, 1167, 866])
1	0.6912784180778322	0.6941771741058944	([1391, 542], [1157, 1120, 542])
1	0.6882841436779319	0.6942822872125183	([1245, 756], [1245, 1209, 756])
1	0.6864717087415859	0.6942827972024003	([1032, 717], [1032, 1022, 717])
1	0.6594457378810858	0.6943055419485725	([1106, 626], [1106, 1102, 621])
1	0.6867723247602397	0.6943630638893874	([1186, 716], [1186, 1182, 720])
1	0.6804829015119273	0.694418003400902	([1435, 861], [1435, 1097, 877])
1	0.6817051607444808	0.694418003400902	([1365, 877], [1435, 1365, 877])
1	0.6849947056106465	0.6944339502002955	([829, 512], [829, 777, 512])
1	0.6804443242255424	0.6944650826803775	([1370, 680], [1370, 1369, 680])
1	0.6722435659251366	0.6944902882852936	([1410, 880], [1416, 1410, 880])
1	0.6833073538514959	0.6945500186508855	([864, 191], [864, 830, 191])
1	0.6848175455859102	0.6945620502132834	([840, 263], [840, 274, 263])
1	0.6859870596932479	0.6945620502132834	([865, 274], [865, 840, 274])
1	0.6553910042074593	0.6949075286840042	([1245, 44], [1281, 1245, 296])
1	0.4872305592656382	0.695009818409203	([213, 199], [240, 178, 113])
1	0.6839849832628254	0.6950277793536535	([1218, 834], [1250, 1218, 834])
1	0.6882769419393596	0.6951007301436213	([1264, 715], [1185, 942, 941])
1	0.6566464236107409	0.6951145889492738	([779, 130], [779, 767, 130])
1	0.6759766330107023	0.6951583400229603	([1437, 885], [1437, 885, 727])
1	0.6656789236459358	0.6952238146802998	([1465, 1027], [1465, 1450, 1027])
1	0.5758926320988849	0.6952971580554731	([1095, 74], [1419, 1069, 1004])
1	0.6948065295740617	0.6953618083663103	([708, 539], [708, 701, 539])
1	0.6177311345594192	0.6954185405098584	([1101, 352], [1101, 436, 352])
1	0.6933788828594906	0.6954746148138441	([1064, 491], [1304, 1064, 491])
1	0.6747768514332672	0.6954962522909657	([1015, 508], [1015, 835, 510])
1	0.6910036475111104	0.6955645443846448	([969, 779], [969, 932, 885])
1	0.6817253523921744	0.6955976282935027	([806, 340], [806, 340, 60])
1	0.6469794362108815	0.6957402364623019	([1405, 70], [1361, 1102, 697])
1	0.6816444182397337	0.6957402364623019	([1377, 765], [1377, 1361, 697])
1	0.6841957171804847	0.6958645383368502	([969, 689], [1008, 969, 937])
1	0.6897117791334836	0.6959783228146588	([299, 229], [299, 236, 229])
1	0.6933373683194011	0.6960149726883477	([722, 538], [722, 698, 538])
1	0.6734367676139373	0.6960637459302952	([840, 224], [840, 837, 489])
1	0.680908746359581	0.6960755532103178	([1244, 542], [1281, 1244, 542])
1	0.6676546644824134	0.6960859075054578	([1456, 835], [1456, 1062, 842])
1	0.6906563352182138	0.6961748062865982	([1202, 721], [1202, 1014, 721])
1	0.6642471621215097	0.696211133235013	([680, 145], [690, 680, 288])
1	0.6865437187677326	0.6962791693722892	([1198, 694], [1198, 1170, 694])
1	0.6880581366649351	0.6963155867753441	([1247, 927], [1247, 1119, 927])
1	0.4811979987821652	0.6963160887291723	([129, 128], [738, 201, 76])
1	0.680030508573274	0.696346598645203	([1493, 191], [1493, 1191, 1171])
1	0.5527139646140808	0.6964198416071199	([1159, 63], [1426, 66, 63])
1	0.6964598284318486	0.6964930426881925	([810, 455], [810, 769, 89])
1	0.6948647135082326	0.6968819168171625	([1016, 870], [1016, 870, 777])
1	0.6788846401446526	0.6968912472684804	([678, 479], [678, 479, 333])
1	0.6867257494204427	0.6969654698195035	([815, 562], [815, 730, 562])
1	0.6877913892269166	0.696979557145082	([1067, 716], [1067, 836, 716])
1	0.6692403205870182	0.6970862419857834	([859, 500], [1308, 846, 500])
1	0.6799783836054695	0.6970934283796081	([1135, 831], [1135, 831, 727])
1	0.6742853989998975	0.6971408761793009	([1106, 684], [1106, 934, 684])
1	0.6954339835536771	0.6971468384063758	([963, 621], [963, 647, 621])
1	0.696801429261722	0.6973661790663707	([1137, 838], [1178, 1173, 838])
1	0.6864099931086999	0.6973709133031039	([1066, 788], [1066, 840, 832])
1	0.6173652087641576	0.6973806681367707	([1088, 26], [1283, 1088, 896])
1	0.6675136361725464	0.6975917249112676	([809, 84], [1121, 809, 747])
1	0.6956232442282736	0.6977034654566683	([802, 529], [774, 765, 529])
1	0.6849142683640008	0.6977871305163834	([1087, 821], [1087, 1071, 821])
1	0.654000920792996	0.697802616939479	([712, 26], [712, 690, 677])
1	0.6947511070033746	0.6978117289196434	([855, 258], [855, 506, 505])
1	0.6977942267223217	0.697823735285546	([852, 501], [854, 852, 501])
1	0.6914104770537663	0.6979846906586864	([1049, 494], [1308, 1049, 846])
1	0.6823855337928985	0.6979871521589724	([1011, 511], [1011, 888, 827])
1	0.6806680637101161	0.6979883523262853	([1181, 872], [1181, 1141, 835])
1	0.6830908918139552	0.6980733747567428	([1007, 825], [1007, 825, 700])
1	0.5265858446129217	0.6981243986608363	([1100, 291], [1100, 347, 291])
1	0.6868034740558295	0.6981505122980308	([1494, 969], [1494, 1355, 1016])
1	0.6945308671824167	0.698348133401106	([828, 627], [873, 787, 627])
1	0.6948122962399516	0.6983672458849296	([1133, 712], [1133, 1013, 712])
1	0.6940301154550097	0.6983793344404411	([873, 627], [888, 787, 627])
1	0.6804012484629572	0.698396939595946	([1417, 0], [1417, 1277, 1004])
1	0.6796384415106044	0.6984269712992909	([1092, 154], [1092, 472, 154])
1	0.6959373725689116	0.6984982644594054	([807, 632], [1113, 664, 632])
1	0.6899485944097319	0.6985232592636874	([774, 325], [774, 689, 605])
1	0.6839249411694343	0.6986297807723193	([1166, 686], [1166, 698, 695])
1	0.6628279297544044	0.6986661331667109	([1244, 0], [1335, 1244, 0])
1	0.6956580962589638	0.6987240197627483	([1269, 602], [1269, 1080, 602])
1	0.6841284352707361	0.6987599804044975	([1068, 783], [1068, 879, 783])
1	0.678869764798669	0.6991435342660044	([1137, 44], [1137, 966, 698])
1	0.6895966391701702	0.6992328490066179	([1399, 708], [1399, 1161, 708])
1	0.696764998468328	0.6994721761075172	([713, 299], [713, 695, 299])
1	0.6745583713203879	0.6994786494681053	([1014, 503], [1300, 1014, 503])
1	0.6990367454063704	0.6996191616497776	([1465, 799], [1465, 1264, 841])
1	0.6967914970926956	0.6996665750868057	([780, 7], [780, 767, 7])
1	0.6958803033537578	0.6997256982702896	([1194, 793], [1194, 879, 793])
1	0.668916527714065	0.6997256982702896	([1169, 879], [1194, 1169, 879])
1	0.6888637152482304	0.6997425871226937	([1043, 255], [1046, 1043, 499])
1	0.6922086952595732	0.699853097256365	([834, 140], [1061, 851, 140])
1	0.6986397022992722	0.6999901027304791	([625, 324], [633, 625, 324])
1	0.678966658461547	0.7001272025805928	([1355, 485], [1299, 1136, 504])
1	0.6800079721538028	0.7001772322087413	([681, 221], [683, 681, 327])
1	0.7001287875902599	0.7002186400570002	([766, 458], [766, 623, 458])
1	0.6885387277771987	0.7002349842788184	([1136, 703], [1136, 941, 934])
1	0.6940560283318533	0.7002859973861099	([1069, 560], [1069, 726, 686])
1	0.6980710213962368	0.7003753735907965	([1198, 794], [1216, 888, 827])
1	0.699637054264908	0.7004077793558913	([1432, 689], [1432, 1135, 700])
1	0.6216716135450816	0.7004112094814169	([1101, 105], [1101, 218, 105])
1	0.697804653354746	0.7004276569433701	([853, 508], [853, 850, 490])
1	0.6647737982341587	0.7004301462307638	([796, 58], [796, 774, 764])
1	0.6926822253312804	0.7004746773450727	([1057, 264], [1057, 1047, 494])
1	0.6945682999914263	0.7005182616315412	([1346, 796], [1397, 1346, 800])
1	0.6853442383391254	0.7005538280396876	([1419, 825], [1419, 1286, 825])
1	0.6838960507256766	0.7005808042391457	([1380, 889], [1384, 1380, 695])
1	0.6867559137723233	0.7006633735438015	([1487, 1028], [1487, 1303, 1141])
1	0.6962674382592533	0.700743013594443	([1131, 539], [1131, 1010, 539])
1	0.6909870290733422	0.7007627393339362	([1250, 1029], [1250, 1066, 1029])
1	0.6912864558797567	0.7007892272185956	([1495, 725], [1495, 1437, 725])
1	0.6945432655674922	0.7008273746254176	([1207, 690], [1207, 970, 965])
1	0.7010700825657523	0.7012529157195468	([1042, 501], [1060, 1042, 501])
1	0.6711678714729188	0.7012734045866763	([1300, 701], [1300, 858, 705])
1	0.6748643945075637	0.7015548491104419	([506, 309], [518, 506, 477])
1	0.7002695264605983	0.7015573342796473	([834, 333], [834, 358, 333])
1	0.6847034307996914	0.7015657059847462	([1192, 781], [1218, 1192, 825])
1	0.6808608591374108	0.7016286137043348	([1363, 823], [1382, 1360, 823])
1	0.6381102392614332	0.7016646293270612	([872, 58], [872, 792, 774])
1	0.6963622453962405	0.701669090762124	([1154, 638], [1386, 1154, 1076])
1	0.696749163741153	0.7016697758909889	([1455, 269], [1455, 1060, 500])
1	0.6987604647714029	0.7016864602220875	([1253, 484], [1253, 1210, 205])
1	0.6998068115398539	0.7017636116717261	([1257, 879], [1258, 1257, 879])
1	0.699729121157539	0.7017642449524956	([1462, 290], [1462, 1301, 290])
1	0.6948002189165758	0.7018079881086591	([1476, 833], [1476, 1435, 861])
1	0.6992731741978375	0.7019679702546465	([721, 506], [877, 835, 506])
1	0.6356833676267555	0.7019794566483306	([706, 187], [831, 709, 706])
1	0.6830639749662937	0.7020062446031076	([1189, 867], [1189, 1013, 881])
1	0.6970422912733597	0.70205385641399	([1175, 725], [1191, 1175, 725])
1	0.6719594505948846	0.7021523418812833	([1412, 534], [1412, 1170, 534])
1	0.6733204927451221	0.7021533567170006	([1323, 233], [1323, 842, 841])
1	0.6973116827897426	0.7023991840795321	([845, 139], [845, 844, 139])
1	0.6949749439792282	0.7024090868029228	([637, 486], [637, 486, 327])
1	0.5255398654099905	0.7024607098818466	([177, 32], [177, 176, 32])
1	0.6994398057772835	0.7024761879556688	([1260, 833], [1296, 1260, 856])
1	0.6977221637192044	0.7025415832986414	([1470, 864], [1470, 1267, 1165])
1	0.7012954996297328	0.7026319578357435	([1012, 778], [1012, 1009, 778])
1	0.49972746139347585	0.7026343968931633	([181, 175], [181, 175, 156])
1	0.6994769906947557	0.7026645857946239	([705, 351], [705, 677, 351])
1	0.6982308774107845	0.7027027245669152	([1196, 637], [1196, 1166, 637])
1	0.6897218636383966	0.7027078984845786	([1056, 281], [1056, 1047, 494])
1	0.6985793142735954	0.7027164990757183	([1134, 482], [1220, 1134, 1012])
1	0.6948748369061776	0.7028754553771387	([1339, 601], [1339, 968, 601])
1	0.6813142395547965	0.7029693598831666	([1103, 802], [1103, 959, 814])
1	0.6926433033639313	0.7030031573978189	([1002, 323], [1284, 1002, 323])
1	0.6809730913023082	0.7031187615670661	([1440, 485], [1440, 1329, 485])
1	0.7029444722311866	0.7031256276136021	([724, 501], [724, 501, 136])
1	0.6981858916177845	0.7033471691739891	([1328, 721], [1328, 1174, 721])
1	0.6882634113284322	0.7034106949653387	([1433, 707], [1433, 1011, 1009])
1	0.698026497650014	0.703454914496069	([630, 470], [630, 561, 470])
1	0.5068476847628312	0.7035266332164962	([1100, 30], [1100, 521, 511])
1	0.5677239369745373	0.7035751299865395	([1100, 872], [1100, 870, 507])
1	0.6652530060418698	0.7036369901749185	([967, 298], [967, 298, 42])
1	0.6928171435991701	0.7036468656332743	([1232, 560], [1232, 1129, 998])
1	0.6786176593125424	0.7037320246468748	([1104, 627], [1104, 879, 600])
1	0.6967759770127135	0.7037881238243112	([1337, 794], [1337, 1216, 1084])
1	0.68764263509118	0.7039206870159875	([1191, 916], [1191, 939, 925])
1	0.7036051261114713	0.7039548207102826	([825, 625], [825, 772, 639])
1	0.7016530656811508	0.7039981292625058	([1033, 269], [1033, 502, 269])
1	0.6996893285364792	0.7040640160827732	([836, 488], [839, 836, 488])
1	0.6952824167472903	0.7041207984518943	([1041, 502], [1025, 858, 502])
1	0.6991396040375562	0.7041518392681341	([1410, 537], [1410, 697, 537])
1	0.5136973299861115	0.704187786106867	([898, 199], [976, 199, 77])
1	0.6882928405509685	0.7042797604581932	([1176, 506], [1457, 1298, 776])
1	0.684544827189273	0.7043718805944073	([1130, 562], [1130, 1007, 562])
1	0.6996571449086474	0.7045193719327746	([948, 339], [948, 554, 130])
1	0.7022140966254911	0.7046655344845894	([1031, 704], [1031, 856, 838])
1	0.7003983921398345	0.704966674208596	([1209, 133], [1209, 820, 133])
1	0.5090804306707146	0.7050992319415516	([178, 38], [178, 113, 38])
1	0.6994357433802358	0.705128058002697	([1339, 873], [1339, 883, 873])
1	0.6555219344174614	0.7051720983970109	([725, 85], [725, 694, 684])
1	0.6945539222490169	0.7051720983970109	([1495, 694], [1495, 725, 694])
1	0.6995218221754358	0.7052644085279808	([1451, 489], [1451, 1329, 489])
1	0.688147662758304	0.7053823342576574	([1139, 716], [1186, 1141, 1139])
1	0.7031146620167489	0.7055269910104262	([1175, 512], [1229, 1175, 512])
1	0.7054123972044566	0.7055640320842652	([1175, 784], [1175, 784, 764])
1	0.6987963116783873	0.7055822052431654	([695, 162], [695, 534, 162])
1	0.6843779941006	0.7056595613275319	([1255, 291], [1330, 1255, 292])
1	0.6884502170865233	0.7056881311519088	([789, 537], [933, 789, 537])
1	0.7039792932505949	0.7058469531630575	([950, 95], [950, 589, 95])
1	0.5068204460583271	0.7058769540302698	([466, 201], [466, 201, 98])
1	0.6854763974097096	0.7060305139924593	([1022, 629], [1022, 1010, 968])
1	0.5933916854911476	0.7060746823433544	([1469, 192], [1298, 510, 506])
1	0.6944029440659184	0.7062751560775427	([1196, 802], [1196, 819, 802])
1	0.696774970815529	0.7063542537765609	([1267, 864], [1166, 864, 781])
1	0.6795480881632793	0.7063566637997327	([1145, 719], [1177, 942, 724])
1	0.7004056809101649	0.7063595234109624	([1063, 252], [1063, 497, 252])
1	0.7059962683430594	0.706405598620444	([720, 518], [728, 720, 518])
1	0.7018762928514893	0.7064739801044884	([1030, 703], [1030, 1015, 703])
1	0.7039885779352872	0.7065172642109053	([1187, 854], [1187, 1183, 854])
1	0.6989023172336651	0.706521631720954	([1032, 254], [1062, 1032, 840])
1	0.5196567123986239	0.70659029218	([875, 179], [875, 700, 699])
1	0.6880560748404088	0.7066477719371946	([1199, 779], [1199, 1166, 779])
1	0.7008901824690721	0.706674403532259	([872, 634], [872, 682, 634])
1	0.6984117887582468	0.7069066244107461	([1040, 287], [1045, 1040, 260])
1	0.6800963930317085	0.7069179357864248	([1196, 514], [1259, 1225, 514])
1	0.695011103245406	0.7072870497697414	([1020, 713], [1020, 855, 717])
1	0.7062371353735406	0.7073081525163122	([1471, 874], [1471, 874, 857])
1	0.700993652919081	0.707318475039865	([1181, 717], [1181, 872, 717])
1	0.7051208418926488	0.7075638473569654	([506, 0], [506, 290, 146])
1	0.6908235823320107	0.7075847039437666	([1297, 144], [1317, 1297, 1057])
1	0.7070978932277011	0.7075991561720162	([1495, 275], [1495, 1021, 275])
1	0.6908743707602111	0.7076886212714476	([1065, 282], [1453, 1065, 852])
1	0.6962960634245977	0.7078736741616485	([939, 536], [939, 790, 536])
1	0.6985032424746355	0.7078894537813162	([1379, 475], [1379, 540, 530])
1	0.7045321628010213	0.7078900028692345	([1087, 437], [1087, 636, 130])
1	0.7002386159672388	0.7080177537250743	([1013, 487], [1013, 677, 290])
1	0.7070527848697198	0.7081259686201068	([1466, 845], [1466, 1327, 1065])
1	0.7047126883117227	0.7081473071224462	([1239, 41], [1239, 970, 41])
1	0.5975689716375481	0.7081904760799461	([1174, 69], [1174, 1159, 1130])
1	0.6976224294628818	0.7082156083061125	([1340, 790], [1340, 1256, 790])
1	0.6067895521718742	0.7083590921984265	([271, 55], [476, 271, 55])
1	0.5787513658982473	0.708721135433927	([1011, 69], [1011, 704, 511])
1	0.6727096159010415	0.7087806189072186	([1481, 295], [1481, 1282, 1171])
1	0.6811034298799528	0.7089108802259583	([836, 308], [1137, 836, 698])
1	0.6927903046045488	0.7095139008137863	([1460, 488], [1460, 859, 839])
1	0.6241088876756767	0.7096053833179894	([705, 304], [705, 538, 353])
1	0.7035620952166904	0.7097251248842268	([1030, 232], [1030, 1019, 507])
1	0.6943440236605359	0.7097251248842268	([1019, 507], [1061, 1030, 507])
1	0.6993939511167774	0.7097733586794428	([1086, 712], [1086, 881, 762])
1	0.6972370225594666	0.7101696476447102	([1416, 164], [1416, 1099, 477])
1	0.6917289001181698	0.710215960976154	([1489, 711], [1489, 1009, 726])
1	0.6314914862920699	0.710405335571218	([288, 74], [288, 164, 74])
1	0.6929761759295829	0.7105517441971599	([1292, 873], [1339, 1292, 1080])
1	0.6894280699928677	0.7106965808873204	([1495, 175], [1495, 275, 236])
1	0.7089684212286176	0.7108551314489246	([1198, 532], [1198, 700, 694])
1	0.6631906826422016	0.7108725747651321	([1424, 27], [1424, 985, 27])
1	0.6661672247938218	0.7111235579885743	([277, 189], [277, 189, 176])
1	0.6767466621207574	0.7111469846177129	([697, 44], [736, 697, 669])
1	0.7024895394608253	0.711223279762343	([1495, 354], [1495, 354, 175])
1	0.7094855200392683	0.7112624951052391	([1237, 91], [1237, 612, 91])
1	0.4757271769536115	0.71155236712955	([349, 179], [606, 349, 179])
1	0.7084566900498231	0.7118794076140661	([878, 326], [878, 778, 604])
1	0.7061958199700328	0.711933853266989	([1448, 1104], [1448, 1401, 1104])
1	0.4685976343609953	0.712076662698583	([580, 577], [606, 544, 179])
1	0.7092500698286887	0.7120977350795346	([1103, 1030], [1103, 1099, 1030])
1	0.550870323566805	0.7121042570490342	([1078, 180], [1078, 961, 605])
1	0.6708566651396202	0.7121286107353992	([1146, 189], [1331, 1146, 189])
1	0.7110751246203579	0.712267052817942	([709, 60], [709, 676, 60])
1	0.6708337610991891	0.7122904159843371	([1197, 790], [1256, 1197, 1007])
1	0.710760268386614	0.7125700991995043	([814, 532], [814, 779, 532])
1	0.7120480610326886	0.7126973901759377	([1103, 151], [1212, 1103, 1069])
1	0.4878264490659904	0.7130804730772042	([200, 157], [200, 157, 82])
1	0.6986891982027448	0.7131314821781503	([1024, 267], [1024, 840, 836])
1	0.6833572045901951	0.7132203718229129	([1043, 191], [1043, 498, 255])
1	0.7114411823070416	0.7133266408920285	([1315, 1102], [1315, 1102, 851])
1	0.7123652141434319	0.7133384086913328	([691, 447], [691, 617, 596])
1	0.490099257349618	0.7136467793919141	([756, 181], [1278, 1003, 746])
1	0.7035826116164084	0.7138480692096667	([1009, 477], [1095, 1009, 477])
1	0.7090342914363792	0.7139793870967328	([690, 91], [690, 327, 60])
1	0.7105327336214453	0.7139977726960131	([500, 85], [500, 174, 85])
1	0.7078483499812737	0.7142352868860588	([1485, 7], [1485, 1374, 7])
1	0.6997067255352063	0.7142605392175078	([1356, 486], [1356, 1295, 1152])
1	0.705243670113471	0.7143421519910474	([1226, 359], [1226, 708, 678])
1	0.708512472232027	0.714467786852323	([1377, 480], [1377, 678, 480])
1	0.5039731106243843	0.7145963394878158	([1352, 181], [1352, 1254, 1131])
1	0.7122085719269974	0.7147325199765273	([1218, 600], [1417, 1218, 600])
1	0.7027894384995214	0.7147968688436237	([1424, 449], [1424, 989, 659])
1	0.7076003601213343	0.7149325736181109	([1149, 491], [1303, 1149, 491])
1	0.7140714730150427	0.7149636027832464	([1410, 352], [1410, 1117, 352])
1	0.5496629229264026	0.7150953848134531	([1159, 69], [1159, 1125, 773])
1	0.7088140827176306	0.7154347217740158	([1143, 42], [1143, 924, 888])
1	0.7150562821460299	0.715454284302733	([814, 80], [814, 190, 188])
1	0.49209699493206943	0.7154680824562559	([613, 201], [738, 613, 201])
1	0.713263461156737	0.7155467019117969	([1145, 992], [1145, 1120, 992])
1	0.6876789715649358	0.7156525906931585	([1345, 356], [1345, 775, 601])
1	0.7049262443304289	0.7156818990292333	([860, 220], [860, 683, 220])
1	0.7121505990845819	0.7159451889918129	([1320, 681], [1320, 843, 681])
1	0.7105029616551233	0.7161379069195855	([723, 223], [723, 680, 223])
1	0.7008386376199245	0.7162987874415063	([1493, 484], [1468, 837, 503])
1	0.7112160666542584	0.7163025830720811	([1445, 89], [1445, 1427, 1396])
1	0.7066044360645187	0.7164296298270113	([885, 481], [885, 874, 481])
1	0.7162186157594466	0.716445551577995	([1241, 132], [1241, 964, 132])
1	0.7014344367446181	0.7166010487234201	([1446, 717], [1465, 1446, 717])
1	0.6757990676140316	0.7168064919903258	([1145, 486], [1145, 1135, 486])
1	0.7136954961118543	0.7170550968293979	([1343, 523], [1343, 1256, 523])
1	0.7164746316285197	0.7172040903437756	([1169, 237], [1169, 773, 532])
1	0.7135656737129062	0.7178826089051779	([1357, 713], [1368, 1357, 713])
1	0.7104441483977363	0.7179088734546332	([1038, 85], [1468, 1038, 837])
1	0.7125797964623761	0.7182264913049549	([760, 134], [760, 697, 134])
1	0.7152116573495786	0.7183436641401145	([1103, 360], [1103, 1008, 481])
1	0.683512036750641	0.7187810679653869	([866, 128], [866, 730, 518])
1	0.716598144191622	0.7189757819033306	([1357, 33], [1357, 1152, 512])
1	0.6977138590498008	0.7191194211837547	([1472, 84], [1472, 861, 835])
1	0.7120936195793408	0.7192249267107746	([775, 91], [775, 332, 147])
1	0.7136457956003867	0.7193664952917022	([1257, 336], [1257, 1004, 336])
1	0.6437631591549796	0.7196054400842231	([832, 61], [1351, 832, 700])
1	0.6619971462435115	0.7200938644464524	([874, 309], [874, 636, 309])
1	0.5906427556633389	0.720188235677876	([808, 47], [808, 294, 47])
1	0.7071827473240567	0.7205968817449648	([1442, 487], [1442, 857, 856])
1	0.7055451847363609	0.7206417443141799	([1293, 789], [1293, 1199, 789])
1	0.7187003304045213	0.7208370202419685	([801, 163], [889, 801, 163])
1	0.7167340705981671	0.7208603566364769	([1466, 512], [1466, 838, 834])
1	0.6704918510394369	0.7210325011398849	([1025, 186], [1258, 1025, 855])
1	0.7171757059222826	0.7213950369166907	([1021, 530], [1021, 530, 509])
1	0.48568237517286633	0.7214111741427671	([1254, 181], [1254, 181, 131])
1	0.5819445948592996	0.721851211297898	([1406, 47], [1406, 599, 309])
1	0.7035255965676819	0.721934006537743	([1097, 220], [1097, 360, 220])
1	0.7174570322272013	0.7220900574163318	([1132, 332], [1132, 533, 529])
1	0.696802492862277	0.7221754346295519	([1260, 299], [1260, 1157, 1007])
1	0.716829681714361	0.7222899312072777	([1492, 794], [1492, 940, 828])
1	0.715818247021721	0.7226348924395636	([1472, 289], [1472, 1066, 487])
1	0.6898289406702852	0.7229206485486597	([705, 185], [740, 705, 304])
1	0.702648762729999	0.7230628649166035	([1370, 143], [1370, 1303, 143])
1	0.7194720919840782	0.7231098225655976	([1490, 761], [1490, 761, 718])
1	0.7194304966795739	0.7231772989171509	([1197, 486], [1197, 1145, 1010])
1	0.47752742831012207	0.7234820756176809	([686, 179], [686, 541, 179])
1	0.5881405264922573	0.7235300034519074	([866, 202], [1219, 866, 699])
1	0.644904938264404	0.7235998058972852	([1139, 26], [1139, 934, 922])
1	0.6872976010811714	0.7236998363894122	([861, 84], [861, 696, 687])
1	0.5666010726719107	0.724484705073963	([1009, 55], [1009, 985, 130])
1	0.7218447019305658	0.7244936522141636	([1150, 487], [1303, 1150, 487])
1	0.7154998756999067	0.7244955694258838	([714, 137], [714, 506, 287])
1	0.7201305969417953	0.7245569039586195	([1475, 481], [1475, 1009, 1008])
1	0.4900014326580132	0.7255457908143057	([979, 200], [979, 578, 200])
1	0.47880065734518396	0.7259952445909013	([240, 178], [240, 178, 162])
1	0.722538268665202	0.7262033604402294	([1495, 921], [1495, 921, 766])
1	0.6484060598514996	0.7263045941101124	([1367, 26], [1401, 1367, 1165])
1	0.7262953824106513	0.7266322683932043	([1433, 329], [1433, 940, 329])
1	0.638790575031822	0.7267103423309296	([717, 47], [717, 603, 537])
1	0.7200619822475968	0.7270232995301351	([1441, 232], [1441, 837, 503])
1	0.5216626153278124	0.7274674730457564	([780, 199], [780, 362, 354])
1	0.6641517207635521	0.7277181868761925	([1474, 65], [1474, 1250, 1066])
1	0.72643400969072	0.7279296548198396	([1340, 134], [1412, 1340, 1005])
1	0.6850709854481871	0.7280709440169723	([719, 295], [761, 719, 295])
1	0.4828856296383072	0.728155203744383	([313, 200], [578, 313, 200])
1	0.7181160996386242	0.7283291917172999	([1487, 41], [1487, 320, 222])
1	0.7199375018167873	0.7290141252144383	([1199, 90], [1210, 1199, 90])
1	0.7275500255861476	0.7293296811163842	([1436, 136], [1454, 1436, 136])
1	0.7228599658302645	0.7293723537027953	([716, 268], [716, 537, 236])
1	0.7189239484706423	0.7300553391278577	([1495, 83], [1495, 449, 354])
1	0.7238184811472136	0.7307695443161908	([1148, 439], [1155, 1148, 439])
1	0.7248922978193157	0.7311733553573273	([1031, 45], [1031, 140, 45])
1	0.64719579380923	0.7318415110286933	([711, 61], [711, 634, 625])
1	0.7302112702043221	0.7323225783098358	([1494, 327], [1494, 601, 327])
1	0.7201895439566991	0.7329384535477086	([1242, 163], [1242, 610, 190])
1	0.7237421446393647	0.7336245110940129	([1349, 251], [1349, 1296, 251])
1	0.6542933763079527	0.7336511222996105	([1029, 433], [1029, 878, 679])
1	0.7334792234066384	0.7337541588584793	([1273, 219], [1273, 698, 604])
1	0.6226751680169099	0.7338033069952311	([1044, 47], [1044, 836, 603])
1	0.4984706541057928	0.7345460312658035	([583, 181], [583, 181, 131])
1	0.6953173536136737	0.7351089815372861	([1397, 185], [1397, 1380, 185])
1	0.7134466172460767	0.7360100405092552	([1270, 638], [1270, 1013, 638])
1	0.5095737141390425	0.7366967192955752	([201, 175], [201, 175, 100])
1	0.5350475874561422	0.7367804472755296	([881, 180], [913, 881, 180])
1	0.737564606612283	0.7379768242271507	([871, 454], [871, 454, 437])
1	0.7349161062686188	0.7396777936068006	([1029, 309], [1029, 860, 309])
1	0.5030190256444984	0.7409475847090289	([916, 181], [916, 181, 156])
1	0.7370691685813812	0.7417133827931849	([1316, 27], [1316, 1057, 27])
1	0.7405592428517176	0.7417933750373871	([1005, 6], [1005, 46, 22])
1	0.6469514734508506	0.742208149077003	([1444, 433], [1444, 1389, 1169])
1	0.7404635420595131	0.742312809410163	([1105, 273], [1474, 1105, 273])
1	0.7212340594816621	0.7438089557290125	([1443, 130], [1443, 858, 502])
1	0.5825148374113	0.7447604726279422	([199, 143], [257, 199, 143])
1	0.6925061096655398	0.7450169381976041	([843, 187], [843, 831, 795])
1	0.6038214192242837	0.7453492819879027	([799, 180], [881, 799, 708])
1	0.7199289161380917	0.7468940986408263	([837, 68], [837, 691, 295])
1	0.6198137516440201	0.7480392336409871	([492, 55], [492, 271, 55])
1	0.6065864415121747	0.7485777347481231	([858, 62], [858, 352, 286])
1	0.7051907050397102	0.7491710024100007	([1477, 296], [1477, 478, 276])
1	0.5721303793038849	0.7520819263795071	([1137, 50], [1413, 1137, 481])
1	0.7442668971716043	0.7521170474159531	([1313, 309], [1451, 1313, 309])
1	0.6147964578191062	0.752596325663941	([1445, 69], [1445, 1011, 511])
1	0.5243865981830619	0.7594292354983109	([600, 181], [600, 583, 181])
1	0.6195723916572153	0.7621036668715192	([1181, 74], [1181, 1160, 698])
1	0.556029346563027	0.7625254010904455	([234, 177], [234, 177, 32])
1	0.6806548662977144	0.7681115263909731	([1317, 26], [1317, 222, 144])
1	0.48914740562233655	0.780667307813128	([459, 71], [459, 301, 71])
1	0.49568959033054993	0.7825742290126816	([1383, 200], [1383, 446, 200])
1	0.6279051446685742	0.7879700949966014	([1047, 63], [1047, 222, 68])
1	0.5101699083755235	0.789708340645132	([881, 200], [1383, 881, 243])
1	0.4950052548495243	0.7956980957961896	([899, 178], [899, 178, 113])
1	0.5267809814130722	0.7970811181723576	([1295, 178], [1295, 540, 178])
1	0.7942286278434707	0.7992328035237649	([1312, 544], [1312, 544, 540])
1	0.6324749562513442	0.8030712291292221	([852, 50], [1137, 852, 165])
1	0.5145562128512217	0.8100572078990614	([540, 178], [540, 240, 178])
1	0.5208679095167	0.8125259232902	([1300, 177], [1300, 177, 176])
1	0.541882800527303	0.8319282234062318	([179, 168], [541, 179, 168])
1	0.5516510266271052	0.8326183597763457	([200, 141], [1383, 200, 141])
1	0.47161203999350526	0.8557941137238875	([591, 590], [732, 591, 51])
1	0.4838573982374908	0.8938011778169492	([450, 449], [1483, 450, 54])
1	0.4845397995330683	0.9047891603987606	([219, 51], [591, 51, 20])
0	0.0	0.9547390521153064	([198], [862, 861])
0	0.0	1.0	([48], [48, 0])
0	0.0	1.0	([49], [49, 0])
0	0.0	1.0	([52], [52, 0])
0	0.0	1.0	([53], [53, 0])
0	0.0	1.0	([56], [56, 0])
0	0.0	1.0	([57], [57, 0])
0	0.0	1.0	([64], [64, 0])
0	0.0	1.0	([72], [72, 0])
0	0.0	1.0	([73], [73, 0])
0	0.0	1.0	([182], [182, 0])
0	0.0	1.0	([183], [183, 0])
0	0.0	1.0	([184], [184, 0])
0	0.0	1.0	([193], [193, 0])
0	0.0	1.0	([194], [194, 0])
0	0.0	1.0	([195], [195, 0])
0	0.0	1.0	([196], [196, 0])
0	0.0	1.0	([197], [197, 0])
0	0.0	1.0	([204], [204, 0])
0	0.0	1.0	([207], [207, 0])
0	0.0	1.0	([208], [208, 0])
0	0.0	1.0	([305], [305, 0])
0	0.0	1.0	([306], [306, 0])
0	0.0	1.0	([307], [307, 0])
0	0.0	1.0	([364], [364, 0])
0	0.0	1.0	([365], [365, 0])
0	0.0	1.0	([366], [366, 0])
0	0.0	1.0	([367], [367, 0])
0	0.0	1.0	([368], [368, 0])
0	0.0	1.0	([369], [369, 0])
0	0.0	1.0	([370], [370, 0])
0	0.0	1.0	([371], [371, 0])
0	0.0	1.0	([372], [372, 0])
0	0.0	1.0	([373], [373, 0])
0	0.0	1.0	([374], [374, 0])
0	0.0	1.0	([375], [375, 0])
0	0.0	1.0	([376], [376, 0])
0	0.0	1.0	([377], [377, 0])
0	0.0	1.0	([378], [378, 0])
0	0.0	1.0	([379], [379, 0])
0	0.0	1.0	([380], [380, 0])
0	0.0	1.0	([381], [381, 0])
0	0.0	1.0	([382], [382, 0])
0	0.0	1.0	([383], [383, 0])
0	0.0	1.0	([384], [384, 0])
0	0.0	1.0	([385], [385, 0])
0	0.0	1.0	([386], [386, 0])
0	0.0	1.0	([387], [387, 0])
0	0.0	1.0	([388], [388, 0])
0	0.0	1.0	([389], [389, 0])
0	0.0	1.0	([390], [390, 0])
0	0.0	1.0	([391], [391, 0])
0	0.0	1.0	([392], [392, 0])
0	0.0	1.0	([393], [393, 0])
0	0.0	1.0	([394], [394, 0])
0	0.0	1.0	([395], [395, 0])
0	0.0	1.0	([396], [396, 0])
0	0.0	1.0	([397], [397, 0])
0	0.0	1.0	([398], [398, 0])
0	0.0	1.0	([399], [399, 0])
0	0.0	1.0	([400], [400, 0])
0	0.0	1.0	([401], [401, 0])
0	0.0	1.0	([402], [402, 0])
0	0.0	1.0	([403], [403, 0])
0	0.0	1.0	([404], [404, 0])
0	0.0	1.0	([405], [405, 0])
0	0.0	1.0	([406], [406, 0])
0	0.0	1.0	([407], [407, 0])
0	0.0	1.0	([408], [408, 0])
0	0.0	1.0	([409], [409, 0])
0	0.0	1.0	([410], [410, 0])
0	0.0	1.0	([411], [411, 0])
0	0.0	1.0	([412], [412, 0])
0	0.0	1.0	([413], [413, 0])
0	0.0	1.0	([414], [414, 0])
0	0.0	1.0	([415], [415, 0])
0	0.0	1.0	([416], [416, 0])
0	0.0	1.0	([417], [417, 0])
0	0.0	1.0	([418], [418, 0])
0	0.0	1.0	([419], [419, 0])
0	0.0	1.0	([420], [420, 0])
0	0.0	1.0	([421], [421, 0])
0	0.0	1.0	([422], [422, 0])
0	0.0	1.0	([423], [423, 0])
0	0.0	1.0	([424], [424, 0])
0	0.0	1.0	([425], [425, 0])
0	0.0	1.0	([426], [426, 0])
0	0.0	1.0	([427], [427, 0])
0	0.0	1.0	([428], [428, 0])
0	0.0	1.0	([429], [429, 0])
0	0.0	1.0	([430], [430, 0])
0	0.0	1.0	([431], [431, 0])
0	0.0	1.0	([432], [432, 0])
0	0.0	inf	([202], [])
